open_time,open,high,low,close,volume,close_time,quote_asset_volume,number_of_trades,taker_buy_base_asset_volume,taker_buy_quote_asset_volume,ignore,rsi_14,macd,macd_signal,macd_hist,bb_upper,bb_middle,bb_lower,atr_14,volume_ma_20,roc_12,close_ma_5,close_std_5
2025-10-06 00:00:00,285.57,287.29,283.23,283.66,7535.2,2025-10-06 00:59:59.999,2148470.6940,3011,4524.4,1292830.0460,0,30.510752688172033,-1.015937747644955,-0.7589994564608858,-0.2569382911840691,294.4955324295065,288.25100000000003,282.00646757049356,2.6985714285714346,4718.745,-1.2463445202617964,284.902,0.729122760582922
2025-10-06 01:00:00,283.63,287.05,283.0,285.68,2187.1,2025-10-06 01:59:59.999,624106.4590,2467,1200.7,342786.5310,0,38.97801544860366,-0.9521211259460074,-0.7979833533422938,-0.15413777260371364,294.2909355491753,288.02149999999995,281.7520644508246,2.787857142857149,4755.8099999999995,-0.601927559931811,285.054,0.8086902991875276
2025-10-06 02:00:00,285.64,287.66,284.56,287.04,1659.4,2025-10-06 02:59:59.999,474894.3070,2365,470.1,134967.4970,0,49.376558603491304,-0.800145001638441,-0.7984188967445933,-0.0017261048938477241,294.10945678548586,287.8835,281.6575432145142,2.81928571428572,4782.55,-0.5612138848472267,285.44,1.2054044964242814
2025-10-06 03:00:00,286.98,288.14,286.64,287.84,1106.5,2025-10-06 03:59:59.999,318008.6910,2270,171.2,49285.9280,0,51.28974205158954,-0.6184441121616828,-0.762210201416504,0.14376608925482115,293.2677326713742,287.606,281.9442673286258,2.8471428571428623,4765.785,-0.7961399276236437,285.94800000000004,1.601724071118261
2025-10-06 04:00:00,287.84,288.14,285.9,286.01,1483.6,2025-10-06 04:59:59.999,425609.1200,2307,146.5,42136.2970,0,42.31884057970997,-0.5958282539201605,-0.7287759230014692,0.13294766908130873,291.60802237161244,287.151,282.6939776283876,2.844285714285718,4458.3949999999995,-1.2941744892324683,286.046,1.5838813086843395
2025-10-06 05:00:00,286.02,287.62,285.52,287.49,1591.9,2025-10-06 05:59:59.999,455549.6850,2770,371.1,106363.4190,0,42.285382830626496,-0.4683671601534911,-0.6764966649792067,0.20812950482571557,290.68866411101095,286.9145,283.140335888989,2.758571428571433,4266.2,0.3455497382198985,286.812,0.9344891652658852
2025-10-06 06:00:00,287.49,290.82,287.44,289.95,4530.3,2025-10-06 06:59:59.999,1314032.2550,2856,3741.7,1085890.6620,0,50.491973070947694,-0.1909236241567669,-0.5790876561501274,0.38816403199336047,290.7883520985938,286.93899999999996,283.0896479014061,2.7842857142857156,3911.225,1.0701338538761829,287.666,1.450182747104267
2025-10-06 07:00:00,290.0,291.23,287.43,288.57,3352.0,2025-10-06 07:59:59.999,968464.2370,2385,212.2,61666.2950,0,55.938037865748726,-0.07034227460536613,-0.4770919694027787,0.4067496947974126,290.65376244974954,286.898,283.1422375502505,2.6778571428571474,3901.41,1.512646427691987,287.97200000000004,1.4464853957087562
2025-10-06 08:00:00,288.57,290.4,287.43,290.2,2149.5,2025-10-06 08:59:59.999,622893.5160,2319,1109.3,321751.9890,0,58.88650963597434,0.14105110557835587,-0.35322375844101395,0.4942748640193698,291.0813824575805,287.046,283.0106175424195,2.7464285714285706,3944.05,1.8531517618980669,288.44399999999996,1.7465623378506792
2025-10-06 09:00:00,290.29,290.88,289.4,290.4,1064.9,2025-10-06 09:59:59.999,309008.9220,1867,137.9,40085.4500,0,68.83835279655823,0.3187641176549505,-0.2186178907303689,0.5373820083853194,291.50021699662744,287.1955,282.8907830033725,2.6042857142857128,3944.1100000000006,1.855424222230004,289.322,1.2499079966133038
2025-10-06 10:00:00,290.36,290.88,289.31,290.58,1910.7,2025-10-06 10:59:59.999,553646.2810,2021,1.4,407.2320,0,67.91139240506337,0.46687164342250753,-0.08135005454927903,0.5482216979717865,291.8138667534414,287.2915,282.76913324655857,2.5364285714285706,3972.4700000000003,1.8506834910620305,289.93999999999994,0.8009057372734419
2025-10-06 11:00:00,290.58,291.78,289.5,290.25,3420.9,2025-10-06 11:59:59.999,996677.6910,2196,2594.8,756573.3200,0,66.12296110414066,0.5530034891223181,0.045646425406949256,0.5073570637153688,291.83237466177906,287.2965,282.7606253382209,2.5621428571428573,3493.97,1.6566265060241028,290.0,0.8129883147976247
2025-10-06 12:00:00,290.25,293.97,290.17,293.32,10642.6,2025-10-06 12:59:59.999,3112784.6800,2465,9831.8,2875797.4890,0,71.3071200850161,0.8398885393953037,0.20462080068101826,0.6352677387142854,292.65151997190225,287.47450000000003,282.2974800280978,2.7257142857142873,3715.0099999999998,3.40548544031586,290.94999999999993,1.3331166490584836
2025-10-06 13:00:00,293.32,296.02,292.68,296.02,3708.3,2025-10-06 13:59:59.999,1092381.3390,2613,2839.7,837035.4080,0,74.64788732394385,1.2543579378698837,0.4147013825066151,0.8396565553632687,294.35529581826654,287.95050000000003,281.5457041817335,2.8335714285714295,3452.79,3.6194343321198454,292.114,2.5237234396811905
2025-10-06 14:00:00,296.02,298.22,294.79,294.98,15867.3,2025-10-06 14:59:59.999,4699896.4840,3053,9924.7,2942213.6410,0,77.63671875000018,1.4864964892773287,0.6291691519394181,0.8573273373379106,295.4613033361916,288.3555,281.24969666380844,2.78857142857143,4184.245000000001,2.766164994425863,293.03,2.5767033201352074
2025-10-06 15:00:00,295.03,298.11,294.77,296.27,2366.0,2025-10-06 15:59:59.999,702157.2920,2360,1495.4,444305.9470,0,76.81012658227866,1.7474568172782483,0.8529174480990007,0.8945393691792476,296.6138232327214,288.9555,281.29717676727853,2.7378571428571457,3915.1,2.928710394663705,294.168,2.4787839760647046
2025-10-06 16:00:00,296.26,299.22,295.74,299.22,2356.6,2025-10-06 16:59:59.999,702411.8230,2303,1549.6,462355.5140,0,78.53795688847255,2.153305999202246,1.1130795857602802,1.0402264134419656,298.3451732988686,289.6705,280.9958267011314,2.765000000000003,3507.1999999999994,4.618719625187944,295.962,2.159703683377471
2025-10-06 17:00:00,299.22,301.09,297.95,299.78,16996.2,2025-10-06 17:59:59.999,5102256.0210,2844,16084.0,4828856.6400,0,78.29383886255944,2.4883565260053615,1.3882064008141717,1.1001501251911898,299.8972738515778,290.404,280.9107261484222,2.882142857142859,4298.660000000001,4.274931301958316,297.254,2.1158875206384256
2025-10-06 18:00:00,299.76,301.09,298.62,300.07,1112.2,2025-10-06 18:59:59.999,333229.7640,2056,251.1,75353.8660,0,85.94069529652373,2.743923934715383,1.6594062335960056,1.0845177011193774,301.24256539843327,291.1425,281.0424346015667,2.8985714285714272,4302.08,3.490256940851873,298.064,2.29317029459063
2025-10-06 19:00:00,300.05,301.09,298.62,300.33,910.2,2025-10-06 19:59:59.999,272542.4890,1879,169.5,50812.1840,0,85.00545256270466,2.9322088025105586,1.9140090505279252,1.0181997519826333,302.41000407223436,291.883,281.3559959277656,2.924999999999995,4297.57,4.075267699345043,299.134,1.653308803579121
2025-10-06 20:00:00,300.33,301.42,298.62,299.31,2274.9,2025-10-06 20:59:59.999,684206.5260,2301,1393.4,419656.0610,0,77.69230769230796,2.9680039574796524,2.124836055634016,0.8431679018456366,302.9425167184633,292.66549999999995,282.3884832815366,2.883571428571425,4034.5549999999994,3.1392143349414243,299.742,0.4779853554156496
2025-10-06 21:00:00,299.29,299.42,298.34,299.35,4896.5,2025-10-06 21:59:59.999,1462338.3210,2452,364.8,109103.8270,0,84.64010282776384,2.9650404713814282,2.2928948098555826,0.6721456615258457,303.4872338335212,293.34900000000005,283.2107661664789,2.6892857142857127,4170.025,3.0819559228650295,299.76800000000003,0.44488200681957624
2025-10-06 22:00:00,299.3,299.82,297.83,299.02,1027.8,2025-10-06 22:59:59.999,307094.0530,1883,97.8,29300.4990,0,80.9256661991586,2.9033573967276993,2.414997714596364,0.4883596821313354,303.9311829119087,293.948,283.96481708809125,2.6192857142857155,4138.445,2.904535756074058,299.616,0.5557697364843832
2025-10-06 23:00:00,299.02,299.82,297.21,297.21,1618.4,2025-10-06 23:59:59.999,481799.8120,1765,0.5,149.9100,0,71.45557655954639,2.682276131961032,2.468457036322204,0.2138190956388284,304.06666340194323,294.4165,284.76633659805674,2.7000000000000006,4164.04,2.3979328165374607,299.044,1.1382354765128033
2025-10-07 00:00:00,297.21,297.79,296.4,297.13,2331.4,2025-10-07 00:59:59.999,692811.8410,2240,43.0,12796.1590,0,70.76727964489551,2.4722632612544544,2.4692183227570297,0.0030449384974247096,303.8323203023237,294.97249999999997,286.11267969767624,2.6871428571428617,4206.43,1.2989226783035601,298.404,1.134010581958007
2025-10-07 01:00:00,297.12,297.79,295.78,296.65,967.8,2025-10-07 01:59:59.999,287275.3600,1812,32.3,9574.3530,0,70.1005025125628,2.242324886284166,2.4238376588557724,-0.18151277257160636,303.5802677719574,295.4305,287.2807322280426,2.6678571428571525,4175.225,0.21282345787446644,297.87199999999996,1.2231598423726409
2025-10-07 02:00:00,296.65,296.76,295.28,295.51,970.1,2025-10-07 02:59:59.999,287208.6290,1916,59.4,17598.0790,0,57.82701929949965,1.9480990184976577,2.3286866152541825,-0.38058759675652487,303.43968980425825,295.7085,287.9773101957418,2.5021428571428674,3997.2149999999992,0.17967319818291838,297.1039999999999,1.267864346053428
2025-10-07 03:00:00,295.51,296.66,294.87,295.31,2989.4,2025-10-07 03:59:59.999,882294.9150,2038,209.6,61941.3610,0,46.91035683202793,1.679835185389038,2.1989127117127083,-0.5190775263236702,303.0167627414636,296.0455,289.0742372585364,2.391428571428585,3979.085,-0.3240287575522259,296.36199999999997,0.8978418568957038
2025-10-07 04:00:00,295.22,296.92,293.68,296.76,5202.5,2025-10-07 04:59:59.999,1539517.1000,2531,4347.8,1287407.2010,0,57.47899159663856,1.5635304400518066,2.0718334234177,-0.5083029833658932,302.7812560732856,296.3735,289.96574392671437,2.3778571428571564,4131.735,-0.8221375576499018,296.27200000000005,0.809827142045749
2025-10-07 05:00:00,296.76,297.91,295.69,296.89,3477.0,2025-10-07 05:59:59.999,1034405.2740,2146,2566.7,764274.3070,0,52.88640595903167,1.464710944690296,1.9504067613481784,-0.4856958166578824,302.45647055717797,296.698,290.939529442822,2.2978571428571564,4252.34,-0.9640402962172214,296.224,0.7512522878461112
2025-10-07 06:00:00,296.94,297.92,292.33,292.33,14832.7,2025-10-07 06:59:59.999,4361138.5610,2979,136.8,40131.5580,0,22.105263157894484,1.0140011316879622,1.763122962412436,-0.7491218307244738,302.1951657159094,296.7855,291.3758342840906,2.448571428571443,4898.4400000000005,-2.5793981404339017,295.36,1.8375799302328777
2025-10-07 07:00:00,292.33,292.79,291.23,292.17,1206.4,2025-10-07 07:59:59.999,352429.2780,2309,191.0,55884.5260,0,18.15899581589973,0.6368673483327711,1.5378692676539742,-0.9010019193212031,301.85325294724225,296.8815,291.9097470527578,2.335714285714301,4787.714999999999,-2.7170112875836474,294.692,2.3145885163447844
2025-10-07 08:00:00,292.2,292.79,288.28,289.73,2079.6,2025-10-07 08:59:59.999,602980.8780,2295,163.5,47436.7310,0,13.333333333333329,0.14285319490517168,1.2588635045580914,-1.1160103096529197,302.4185930228996,296.70199999999994,290.9854069771003,2.481428571428592,4359.5650000000005,-3.2006949316761832,293.576,3.1401242013646433
2025-10-07 09:00:00,289.73,290.49,288.27,290.11,974.8,2025-10-07 09:59:59.999,282595.1690,1847,11.1,3224.2980,0,14.064697609001428,-0.21589395410137513,0.9639098574500071,-1.1798038115513823,302.83784192430784,296.4065,289.97515807569215,2.4635714285714534,4222.89,-3.0866878236178414,292.246,2.8492244558821533
2025-10-07 10:00:00,290.08,292.06,289.33,290.71,4222.9,2025-10-07 10:59:59.999,1227609.4290,2571,3158.9,918474.0520,0,18.840579710144738,-0.44726732571979255,0.6816727708561906,-1.1289400965759833,303.0903499106153,296.193,289.29565008938465,2.458571428571454,3640.6699999999996,-2.7790783225202333,291.01,1.1860016863385783
2025-10-07 11:00:00,290.71,292.09,290.05,291.13,1131.8,2025-10-07 11:59:59.999,329305.2600,1959,82.5,24095.3850,0,21.01551480959077,-0.5903445510598431,0.4272681166719642,-1.0176126677318074,303.1948367924165,295.93600000000004,288.6771632075836,2.527142857142877,3578.96,-2.0456915985330184,290.77000000000004,0.9500526301201052
2025-10-07 12:00:00,291.03,292.09,288.94,291.94,9376.8,2025-10-07 12:59:59.999,2724159.9420,3199,5758.9,1676977.7410,0,25.852660300136336,-0.6318709294943119,0.21543951489381727,-0.8473104443881292,302.86748266863907,295.572,288.27651733136094,2.6100000000000176,3929.9700000000003,-1.746710194191094,290.724,0.8672831140972151
2025-10-07 13:00:00,291.94,292.33,287.04,288.65,20963.8,2025-10-07 13:59:59.999,6054542.7940,2927,253.0,73331.4420,0,23.482032218091575,-0.9166032328090523,-0.010969712324747062,-0.9056335204843052,302.6495965756472,295.0155,287.38140342435275,2.8014285714285854,4128.35,-2.6967807180178665,290.508,1.2337828009817227
2025-10-07 14:00:00,288.54,288.77,281.85,281.85,17499.3,2025-10-07 14:59:59.999,4978976.8740,3174,141.1,40316.4940,0,16.57917760279956,-1.6658305509535012,-0.341942672573288,-1.3238878783802133,303.372569633793,294.10450000000003,284.8364303662071,3.1964285714285796,4947.705,-4.622517004500683,288.85599999999994,4.100180483832276
2025-10-07 15:00:00,281.86,282.58,277.82,278.93,17535.8,2025-10-07 15:59:59.999,4918891.2030,3897,2731.8,766505.7750,0,14.980237154150117,-2.4643596587355887,-0.7664268829559476,-1.6979327757796412,304.05239830947306,293.03450000000004,282.016601690527,3.392857142857147,5778.985000000001,-5.546713622972468,286.5,5.800439638510203
2025-10-07 16:00:00,278.93,281.53,277.07,279.97,8008.0,2025-10-07 16:59:59.999,2233523.2520,3246,5160.6,1442823.5370,0,19.166666666666657,-2.9795784304251924,-1.2090578707798114,-1.770520559645381,304.1131969823032,292.0675,280.0218030176968,3.605714285714287,6065.639999999999,-5.657770589028159,284.268,5.7200367131690415
2025-10-07 17:00:00,279.96,281.53,278.99,279.2,1262.3,2025-10-07 17:59:59.999,352948.1580,2584,218.3,61072.8570,0,18.74272409778807,-3.4100919369019493,-1.6492652236968837,-1.7608267132050657,303.88642010194485,291.06,278.23357989805515,3.6592857142857116,5883.929999999999,-5.958435784297214,281.72,4.0385269591774815
2025-10-07 18:00:00,279.25,279.25,276.88,276.88,2029.2,2025-10-07 18:59:59.999,565054.2160,2161,48.1,13410.7230,0,12.687687687687685,-3.892055883497619,-2.097823795601998,-1.794232087895621,303.6770305572685,289.95300000000003,276.22896944273157,3.597142857142854,5934.0,-5.28512297745698,279.366,1.798118461060011
2025-10-07 19:00:00,276.85,278.84,276.38,276.77,1145.7,2025-10-07 19:59:59.999,317594.9250,2363,4.3,1199.0120,0,12.20886551465064,-4.233929586373677,-2.5250452889704307,-1.7088842974032459,303.4034462705041,288.931,274.45855372949586,3.6142857142857077,5910.365,-5.270903925796637,278.35,1.4440048476391285
2025-10-07 20:00:00,276.8,278.88,276.62,277.81,1190.0,2025-10-07 20:59:59.999,331209.4490,1891,206.7,57638.5800,0,18.571428571428655,-4.371048702482085,-2.894246203423932,-1.4768024990581532,302.70974393416884,287.96500000000003,273.2202560658312,3.376428571428562,5853.295,-4.114175266627555,278.12600000000003,1.4181784090887208
2025-10-07 21:00:00,277.81,278.88,276.62,277.47,1045.3,2025-10-07 21:59:59.999,290344.4220,1899,0.2,55.7760,0,18.427835051546452,-4.455559493180203,-3.206509018183622,-1.2490504749965812,301.8668116233691,287.006,272.14518837663087,3.4264285714285614,5857.17,-4.356968046603008,277.62600000000003,0.9778701345299567
2025-10-07 22:00:00,277.53,278.88,276.52,277.37,1004.9,2025-10-07 22:59:59.999,278815.8470,1818,2.3,641.4240,0,20.48710601719202,-4.478874636324406,-3.460982244042456,-1.0178923922819498,300.98869392778636,286.09900000000005,271.20930607221374,3.2728571428571303,5858.91,-4.588765436345491,277.26,0.43104524125180615
2025-10-07 23:00:00,277.42,278.88,275.66,275.99,1598.0,2025-10-07 23:59:59.999,441698.9410,2040,115.1,31817.0530,0,17.82133090246134,-4.555550810085549,-3.6798960276072523,-0.8756547824782968,300.0134033618221,285.133,270.25259663817786,3.3442857142856974,5789.34,-5.200425926562012,277.082,0.7164635371084243
2025-10-08 00:00:00,275.99,278.54,275.26,277.91,4221.6,2025-10-08 00:59:59.999,1171076.7770,2480,3400.2,943783.5710,0,22.484952708512694,-4.411261230581999,-3.8261691058104854,-0.585092124771514,298.34003147820215,284.19050000000004,270.04096852179794,3.3835714285714125,5740.295,-4.805782010002046,277.31,0.7716216689581653
2025-10-08 01:00:00,277.92,278.87,277.07,278.42,1062.3,2025-10-08 01:59:59.999,295342.4170,1952,43.2,12039.5710,0,22.783725910064376,-4.20741597052978,-3.902418494437934,-0.30499747609184613,296.29295158661523,283.267,270.24104841338476,3.366428571428559,5619.5599999999995,-3.544084531439447,277.432,0.9068186147216645
2025-10-08 02:00:00,278.45,279.47,277.07,278.36,1581.6,2025-10-08 02:59:59.999,441217.5800,2408,704.0,196634.2080,0,19.955752212389527,-4.004502707765084,-3.9228353404629654,-0.08166736730211888,295.03437641270534,282.5685,270.1026235872946,3.3128571428571343,4957.005,-1.2382472946602834,277.61,0.9988243088780013
2025-10-08 03:00:00,278.36,279.47,274.91,275.46,3787.4,2025-10-08 03:59:59.999,1046436.0990,2566,143.8,39840.9080,0,20.306168392616073,-4.030297648346789,-3.9443278048690056,-0.08596984347778314,293.72002473949505,281.733,269.74597526050496,3.26071428571428,5086.054999999999,-1.2440397232280598,277.228,1.3987387175615984
2025-10-08 04:00:00,275.54,277.44,274.57,277.15,5149.8,2025-10-08 04:59:59.999,1417407.7180,2342,326.5,90387.0840,0,36.25730994152045,-3.8702265938743494,-3.92950756110932,0.05928096723497056,292.63574729993155,281.10400000000004,269.57225270006853,2.971428571428569,5239.5650000000005,-1.007250776868968,277.46000000000004,1.2278232771884308
2025-10-08 05:00:00,277.14,277.44,275.19,276.62,1050.3,2025-10-08 05:59:59.999,289917.8060,1944,3.6,996.9720,0,42.14819850441881,-3.7428278441659018,-3.8921716145750893,0.14934377040918756,291.3025462975874,280.4295,269.5564537024126,2.7921428571428555,5243.34,-0.9240687679083037,277.202,1.2450381520282374
2025-10-08 06:00:00,276.62,277.58,275.19,276.77,1221.2,2025-10-08 06:59:59.999,338058.4690,2330,140.5,38987.5920,0,38.422575976845025,-3.588414934534285,-3.8314202744722956,0.24300533993801077,289.5684916418708,279.73249999999996,269.8965083581291,2.644285714285713,5093.254999999999,-0.03972840219590207,276.87199999999996,1.0439204950598764
2025-10-08 07:00:00,276.79,278.37,276.15,278.37,1196.5,2025-10-08 07:59:59.999,331497.5220,2233,278.4,77371.8800,0,47.16723549488061,-3.2992620195851146,-3.724988617756076,0.42572659817096126,287.34529894058153,279.0945,270.84370105941844,2.6214285714285745,5096.49,0.578097337139149,276.87399999999997,1.0474874700950099
2025-10-08 08:00:00,278.38,279.56,277.74,278.16,2545.6,2025-10-08 08:59:59.999,708923.5660,2549,1502.2,418513.9650,0,55.1036682615631,-3.051818345966012,-3.5903545575904996,0.5385362116244874,284.01998305723754,278.4055,272.7910169427625,2.5821428571428595,4754.93,0.12598538569526752,277.414,0.803946515637557
2025-10-08 09:00:00,278.15,279.56,277.14,278.84,1125.2,2025-10-08 09:59:59.999,312853.9000,2059,1.1,307.5160,0,57.89473684210526,-2.76905562149625,-3.4260947647032522,0.6570391432070024,280.82265595590377,277.915,275.00734404409627,2.5792857142857195,3763.0,0.4937470717554862,277.75200000000007,0.9972311667841054
2025-10-08 10:00:00,278.91,280.9,277.14,280.74,6527.6,2025-10-08 10:59:59.999,1830263.7850,2776,5547.1,1555842.6840,0,60.48675733715109,-2.364737803712785,-3.213823366644985,0.8490855629322,280.4790015596599,277.8595,275.2399984403402,2.6864285714285763,3214.415,1.2149835959188104,278.576,1.4343744281063036
2025-10-08 11:00:00,280.8,280.97,279.19,279.86,1371.5,2025-10-08 11:59:59.999,384250.5350,2232,138.8,38990.5920,0,58.23569951757405,-2.0910658119286722,-2.9892718507423703,0.8982060388136981,280.63619297563713,277.906,275.1758070243629,2.652142857142865,2406.2,1.402224718286896,279.194,1.0847949114948312
2025-10-08 12:00:00,279.86,280.97,279.19,280.56,849.6,2025-10-08 12:59:59.999,237967.8730,1571,7.6,2135.3720,0,60.55592322964926,-1.7970880788388968,-2.7508350921488627,0.9537470133099659,280.77033945521606,277.9355,275.1006605447839,2.6107142857142946,2048.2799999999997,0.9535461120506556,279.63199999999995,1.1107294900221876
2025-10-08 13:00:00,280.56,280.99,278.29,280.7,5386.2,2025-10-08 13:59:59.999,1505210.8720,2486,1986.3,557220.0290,0,66.97909156452775,-1.5351357647615487,-2.507695223234672,0.9725594584731234,281.05762098804706,278.0105,274.9633790119529,2.5735714285714386,2254.475,0.8189066877379401,280.14,0.8090735442497402
2025-10-08 14:00:00,280.7,283.82,279.72,279.95,25279.4,2025-10-08 14:59:59.999,7126309.2810,3935,20111.4,5672245.7590,0,58.03149606299203,-1.3721359100705968,-2.2805833580337165,0.9084474479631197,281.27986365487914,278.164,275.04813634512084,2.632142857142863,3416.9850000000006,0.5712027590170912,280.362,0.42369800566531507
2025-10-08 15:00:00,279.93,281.28,277.9,278.07,1872.6,2025-10-08 15:59:59.999,522604.8240,2246,15.4,4306.7540,0,48.75621890547255,-1.3785284165852545,-2.10017236811198,0.7216439515267257,281.27589591828297,278.229,275.182104081717,2.7450000000000045,3453.3300000000004,0.9475059899804015,279.82800000000003,1.0491282095172871
2025-10-08 16:00:00,278.1,280.99,277.65,280.99,3671.4,2025-10-08 16:59:59.999,1025941.9050,2667,2876.6,804709.9440,0,57.767277023036044,-1.1352258415657843,-1.9071830614060763,0.771957219840292,281.6659621397266,278.38800000000003,275.11003786027345,2.8121428571428617,3577.4,1.3855313007396832,280.054,1.1722329120123165
2025-10-08 17:00:00,280.99,285.73,279.9,285.43,14150.7,2025-10-08 17:59:59.999,4005387.7230,3541,13480.6,3815265.9750,0,76.98971304818645,-0.5779541228197331,-1.6413372721496657,1.0633831493299326,283.29605613222236,278.786,274.27594386777764,2.90285714285715,4232.67,3.1848745571542194,281.028,2.7110182588843914
2025-10-08 18:00:00,285.44,285.99,283.09,283.69,6348.6,2025-10-08 18:59:59.999,1809776.4110,2751,4216.6,1204601.6110,0,67.65658747300228,-0.2733958800965297,-1.3677489924718642,1.0943531123753345,284.0579091788975,279.102,274.14609082110246,2.905000000000009,4499.8550000000005,2.50027098312679,281.62600000000003,2.940625783741334
2025-10-08 19:00:00,283.32,284.45,282.44,283.98,1403.6,2025-10-08 19:59:59.999,397633.4010,2323,32.4,9204.1630,0,70.13129102844646,-0.008561927816003845,-1.0959115785334403,1.0873496507174365,284.68412796577036,279.50149999999996,274.31887203422957,2.8878571428571513,4490.135,2.015303373208325,282.43199999999996,2.9186161104201505
2025-10-08 20:00:00,283.9,285.57,283.71,284.01,2248.1,2025-10-08 20:59:59.999,639991.3210,2399,1242.0,353752.3730,0,69.93392070484587,0.20141437597516187,-0.8364463868625932,1.037860762837755,285.30322543668706,279.8065,274.309774563313,2.8500000000000107,4391.460000000001,2.103106125970652,283.62,1.6186105152270756
2025-10-08 21:00:00,283.98,286.48,283.97,285.68,2092.2,2025-10-08 21:59:59.999,598049.2940,2777,1243.8,356013.3130,0,70.04936917169506,0.4967161208306834,-0.5698138846916397,1.0665300055223232,286.2124462141719,280.1695,274.12655378582815,2.8707142857142935,4442.955,2.4530196528475225,284.558,0.9229138638049632
2025-10-08 22:00:00,285.62,287.04,285.1,285.48,1162.9,2025-10-08 22:59:59.999,332901.6870,2291,221.0,63369.9050,0,70.08781558726676,0.7064738350348989,-0.3145563402620734,1.0210301752969724,286.9466672164069,280.5255,274.1043327835931,2.8792857142857224,4422.02,1.688394956187223,284.568,0.9349171086269691
2025-10-08 23:00:00,285.45,287.04,285.08,285.39,974.1,2025-10-08 23:59:59.999,278375.0250,1831,28.0,8004.9190,0,68.5762904140669,0.8555865955486865,-0.08052775274473391,0.9361143482934204,287.32860338976496,281.02200000000005,274.71539661023513,2.8464285714285813,4281.3550000000005,1.9759879939969887,284.908,0.8401011843839493
2025-10-09 00:00:00,285.4,287.04,284.36,284.7,2836.0,2025-10-09 00:59:59.999,807778.4700,2735,267.5,76390.0860,0,62.05846528623622,0.9076604109471305,0.11710988023360423,0.7905505307135262,287.63366891857027,281.3995,275.1653310814297,2.7692857142857252,4165.665,1.4756201881950335,285.05199999999996,0.6894708115673069
2025-10-09 01:00:00,284.7,286.57,283.02,283.87,2070.8,2025-10-09 01:59:59.999,588180.5360,2284,20.1,5716.7840,0,62.24801466096515,0.8719507622068932,0.2680780567749026,0.6038727054319906,287.66007676057956,281.762,275.86392323942044,2.8957142857142952,4216.6900000000005,1.1293195582472448,285.024,0.7431217935192554
2025-10-09 02:00:00,283.81,284.63,278.85,279.28,10333.8,2025-10-09 02:59:59.999,2901134.9110,3309,241.9,68235.0630,0,46.841066140177624,0.46812701438290105,0.30808784832759256,0.1600391660553085,287.434713145735,281.8875,276.340286854265,3.181428571428577,4672.32,-0.23932845150920373,283.744,2.5777955698626775
2025-10-09 03:00:00,279.28,282.28,278.85,282.09,1336.1,2025-10-09 03:59:59.999,376027.8400,2359,498.4,140350.3730,0,53.03096380287828,0.3704286075750929,0.3205560001848435,0.0498726073902494,287.36781184335996,282.0735,276.7791881566401,3.233571428571431,4679.3,1.4456791455388867,283.066,2.449679570883464
2025-10-09 04:00:00,282.09,283.68,281.09,282.76,2005.0,2025-10-09 04:59:59.999,567435.3210,2246,1104.7,313050.9610,0,56.14879649890589,0.34307963449145973,0.32506072704840705,0.01801890744305268,287.27158879910513,282.3035,277.33541120089484,3.125714285714293,4652.27,0.6299156553613943,282.53999999999996,2.0804446640090997
2025-10-09 05:00:00,282.76,283.68,280.94,281.43,1703.5,2025-10-09 05:59:59.999,479760.1080,2314,182.3,51422.7670,0,57.53363228699553,0.21170201264709476,0.30238898415912446,-0.0906869715120297,287.14961832471704,282.433,277.71638167528295,3.0800000000000085,4681.185,-1.4013943874154784,281.886,1.7132512950539645
2025-10-09 06:00:00,281.47,281.94,280.02,280.07,1065.6,2025-10-09 06:59:59.999,299339.8880,2038,0.4,112.7760,0,47.78206364513016,-0.002077862044586709,0.24149561489900068,-0.24357347694358739,287.17588698511577,282.3995,277.6231130148842,2.9785714285714358,4408.085,-1.2760407487045735,281.126,1.4330491966447774
2025-10-09 07:00:00,280.03,281.94,278.9,279.56,2331.8,2025-10-09 07:59:59.999,651815.1850,2302,235.1,65764.2710,0,32.540154669839424,-0.21020974784607915,0.15115454232698122,-0.3613642901730604,287.1962202307441,282.3845,277.57277976925593,2.77928571428572,4456.1,-1.5564476371575517,281.18199999999996,1.3456856988183352
2025-10-09 08:00:00,279.52,280.51,273.26,273.26,9441.7,2025-10-09 08:59:59.999,2610023.5940,2997,189.8,52308.8400,0,25.596630790828314,-0.8732313398715519,-0.05372263415445958,-0.8195087057170923,288.2979224468458,282.0195,275.7410775531542,3.0900000000000034,4885.705,-3.7850779902116125,279.416,3.660031420630775
2025-10-09 09:00:00,273.26,275.75,273.25,275.16,1448.0,2025-10-09 09:59:59.999,398115.7290,2106,359.8,99139.9670,0,30.809399477806863,-1.231230363603629,-0.2892241800826714,-0.9420061835209577,288.7163666311794,281.74249999999995,274.7686333688205,3.125000000000004,4688.795,-3.6824418930271565,277.896,3.498661172506512
2025-10-09 10:00:00,275.16,276.14,273.75,275.07,1187.0,2025-10-09 10:59:59.999,326480.7390,2245,82.2,22682.8260,0,30.598958333333456,-1.5048575509250668,-0.5323508542828469,-0.9725066966422199,289.05368441726955,281.49850000000004,273.9433155827305,3.162857142857145,3484.175,-3.6464901218999666,276.62399999999997,3.01536564947018
2025-10-09 11:00:00,275.02,276.28,273.74,274.84,1716.5,2025-10-09 11:59:59.999,473352.7490,2634,475.9,131437.6070,0,24.90740740740749,-1.720428008210206,-0.7699662850931009,-0.950461723117105,289.32637742123575,281.337,273.34762257876423,3.165,3476.37,-3.6966957496758863,275.57800000000003,2.356208819269808
2025-10-09 12:00:00,274.84,276.28,272.8,275.3,8662.9,2025-10-09 12:59:59.999,2375829.1030,2576,5417.9,1486376.0740,0,26.715462031107222,-1.8330307803925052,-0.9825791841707215,-0.8504515962217837,289.4867581491392,281.0525,272.61824185086084,3.2749999999999977,3725.9450000000006,-3.30172110994028,274.726,0.8364089908680346
2025-10-09 13:00:00,275.34,276.2,273.4,273.4,5678.6,2025-10-09 13:59:59.999,1555078.1770,2756,131.7,36075.2360,0,24.672581326573905,-2.05188517953718,-1.1964403832582884,-0.8554447962788918,289.27753392066427,280.451,271.6244660793358,3.334999999999996,3302.3399999999992,-3.6883080283228336,274.754,0.7751644986742477
2025-10-09 14:00:00,273.4,274.65,270.39,272.79,13661.1,2025-10-09 14:59:59.999,3721533.7040,3538,3525.8,961795.9270,0,24.75625264942795,-2.248615409102115,-1.4068753884382907,-0.8417400206638241,289.2228876664623,279.906,270.5891123335377,3.4478571428571376,3667.965,-2.323832712689757,274.28000000000003,1.114966367207983
2025-10-09 15:00:00,272.94,273.88,270.3,270.97,6947.5,2025-10-09 15:59:59.999,1886701.5930,2641,601.4,163935.3760,0,23.759153783564088,-2.522271430563819,-1.629954596872926,-0.8923168336908931,289.1721260709771,279.2555,269.3388739290229,3.4499999999999926,3945.1600000000008,-3.942004324860842,273.46,1.7279033537802697
2025-10-09 16:00:00,270.92,271.66,268.73,268.73,7813.7,2025-10-09 16:59:59.999,2105045.6300,2321,39.7,10709.4470,0,26.270805218173876,-2.8865774586138855,-1.8812791692297073,-1.0052982893841782,289.1894531244362,278.4915,267.7935468755637,3.2464285714285666,4223.4400000000005,-4.96180506436553,272.238,2.4972324681545772
2025-10-09 17:00:00,268.73,271.8,268.73,271.8,7771.6,2025-10-09 17:59:59.999,2104571.9450,3137,6911.8,1872220.2200,0,27.12316585148976,-2.8942564579011787,-2.083874626969541,-0.8103818309316377,288.33153881159615,277.7975,267.2634611884039,3.220714285714284,4507.41,-3.421810041573391,271.538,1.8241902313096565
2025-10-09 18:00:00,271.8,273.23,270.9,271.2,1178.8,2025-10-09 18:59:59.999,320663.3140,2184,132.3,36082.6570,0,24.219446922390873,-2.9151426109660292,-2.250128223772475,-0.6650143871935543,287.3576233971055,277.0835,266.80937660289453,3.202142857142856,4508.205,-3.167065376513016,271.098,1.4991564294648312
2025-10-09 19:00:00,271.2,273.23,271.19,271.79,1238.9,2025-10-09 19:59:59.999,336788.8930,2000,68.9,18825.3490,0,27.767527675276966,-2.8512273839686486,-2.370348055813813,-0.4808793281548356,286.1494719614663,276.4035,266.6575280385337,3.1521428571428567,4521.445000000001,-2.779367577621971,270.898,1.2654919991867972
2025-10-09 20:00:00,271.85,273.23,271.19,271.92,1022.9,2025-10-09 20:59:59.999,278080.4600,1970,51.9,14106.3900,0,30.07334963325205,-2.7582893220775873,-2.447936309067654,-0.31035301300993323,284.8752489437363,275.7645,266.6537510562637,3.1607142857142856,4430.79,-0.4903754665885878,271.088,1.3476535163037047
2025-10-09 21:00:00,271.92,273.34,271.19,272.71,1033.2,2025-10-09 21:59:59.999,281383.4180,1939,86.4,23586.8800,0,33.47805113362281,-2.5910302967038206,-2.476555106595208,-0.11447519010861251,283.562787957045,275.2065,266.85021204295504,3.097142857142854,4378.91,-0.8903910452100761,271.884,0.5402129209908606
2025-10-09 22:00:00,272.76,275.39,271.19,274.96,2993.6,2025-10-09 22:59:59.999,820322.6170,2703,2207.2,605048.0030,0,55.095923261390816,-2.2509976622317254,-2.4314436177221075,0.18044595549038212,283.1237986122355,274.9905,266.8572013877645,2.8792857142857105,4011.9,-0.039989820772899136,272.51599999999996,1.468410705492593
2025-10-09 23:00:00,274.94,275.39,272.99,273.52,1084.6,2025-10-09 23:59:59.999,296615.3190,2258,0.4,110.1560,0,44.944512946978925,-2.073794346388979,-2.359913763454969,0.28611941706599,281.9931197711135,274.562,267.1308802288865,2.8721428571428516,3999.325,-0.48027943530781303,272.97999999999996,1.3061967692522818
2025-10-10 00:00:00,273.52,275.39,272.99,274.01,1090.2,2025-10-10 00:59:59.999,298551.8460,2193,161.3,44205.4260,0,46.81107099879664,-1.8722431018376255,-2.2623796311309414,0.3901365292933159,280.4751600568679,274.1245,267.77383994313215,2.8728571428571366,3953.5850000000005,-0.46857973120233215,273.424,1.1708671999868212
2025-10-10 01:00:00,274.02,275.45,272.99,274.96,1194.9,2025-10-10 01:59:59.999,328511.4660,2124,223.0,61399.2000,0,50.3460207612457,-1.6172214879497346,-2.1333480024941083,0.5161265145443736,279.16768828588886,273.801,268.4343117141111,2.867142857142852,3928.155,0.5705925384052679,274.032,0.966007246352135
2025-10-10 02:00:00,274.96,275.69,273.59,274.11,1113.8,2025-10-10 02:59:59.999,305966.5760,2027,81.7,22513.4120,0,46.64410603496898,-1.4667874173372866,-2.0000358854622546,0.5332484681249681,277.99452230669965,273.503,269.0114776933003,2.768571428571428,3930.565,0.48388870559770997,274.312,0.6322736749262544
2025-10-10 03:00:00,274.11,279.25,273.05,276.67,15996.0,2025-10-10 03:59:59.999,4425406.8310,3528,8989.2,2489816.6240,0,58.89070146818937,-1.1280137754444013,-1.825631463458172,0.6976176880137708,277.16294214044603,273.3585,269.55405785955395,3.0114285714285693,4613.775,2.1035538989555995,274.654,1.2404152530522519
2025-10-10 04:00:00,276.67,278.02,275.35,276.04,3669.9,2025-10-10 04:59:59.999,1012703.3230,2450,326.1,90124.0830,0,58.82672460619231,-0.899989955424644,-1.6405031618510313,0.7405132064263873,277.4855024019422,273.4975,269.5094975980578,2.8978571428571382,4325.1849999999995,2.720202433669483,275.158,1.1746786794713542
2025-10-10 05:00:00,276.0,277.61,274.54,277.45,3204.2,2025-10-10 05:59:59.999,885883.1160,2334,2286.8,633021.2720,0,67.99999999999994,-0.5986133740144055,-1.4321252042833146,0.8335118302689091,277.919665627448,273.612,269.30433437255203,2.8614285714285677,4412.995,2.078734363502567,275.846,1.3311761716633972
2025-10-10 06:00:00,277.51,277.86,273.81,274.51,3605.4,2025-10-10 06:59:59.999,993446.1990,2326,194.0,53722.7770,0,65.45454545454544,-0.5901821721847114,-1.2637365978633408,0.6735544256786294,277.85891778929897,273.58399999999995,269.3090822107009,2.9414285714285677,4533.915,1.2205014749262546,275.756,1.4184075577930488
2025-10-10 07:00:00,274.49,275.13,273.5,273.65,1129.6,2025-10-10 07:59:59.999,309826.7030,2058,0.9,247.6030,0,55.60946027895685,-0.6454497905028234,-1.1400792363910885,0.4946294458882652,277.758743734128,273.52450000000005,269.2902562658721,2.838571428571425,4504.57,0.6843518893263022,275.66400000000004,1.559737157345593
2025-10-10 08:00:00,273.75,275.98,273.44,275.92,3258.0,2025-10-10 08:59:59.999,897104.2100,2206,2097.4,578407.2230,0,62.99559471365649,-0.500324394335621,-1.012128267979872,0.511803873644251,277.85308059230664,273.55550000000005,269.25791940769346,2.8535714285714238,4234.325,1.4710208884966165,275.514,1.4724231728699948
2025-10-10 09:00:00,275.92,276.64,274.27,275.16,1971.4,2025-10-10 09:59:59.999,543604.8330,2117,818.2,226181.7880,0,59.19258046917627,-0.4415435360952529,-0.8980113216028602,0.45646778550760736,277.9993564327994,273.6435,269.28764356720063,2.877142857142851,4048.965,0.8983902313813374,275.338,1.4461915502465745
2025-10-10 10:00:00,275.08,277.29,274.27,277.11,5316.4,2025-10-10 10:59:59.999,1471180.3760,2430,4357.5,1206055.2430,0,62.87841191067002,-0.23491163205699195,-0.7653913836936049,0.530479751636613,278.4587927373904,273.85949999999997,269.2602072626095,2.9471428571428526,3631.7299999999996,0.7819319173698116,275.27000000000004,1.3249716978126862
2025-10-10 11:00:00,277.11,277.44,275.9,277.16,1416.1,2025-10-10 11:59:59.999,391984.9970,2015,311.5,86385.4060,0,61.46316331787752,-0.06635517884456021,-0.6255841427237272,0.559228963879167,278.78264977111706,274.169,269.5553502288829,2.903571428571427,3355.16,1.3307984790874683,275.8,1.4673275026402335
2025-10-10 12:00:00,277.16,277.99,275.9,277.99,1189.4,2025-10-10 12:59:59.999,329741.0730,1873,271.7,75473.5060,0,58.42134519177332,0.1326684129254545,-0.4739336315938311,0.6066020445192857,278.7827721539114,274.632,270.4812278460886,2.7528571428571444,3023.9449999999997,1.452501733513382,276.668,1.1201205292306855
2025-10-10 13:00:00,277.99,279.27,277.3,278.66,5876.9,2025-10-10 13:59:59.999,1635916.5670,2410,4893.0,1362201.3820,0,64.92450638792117,0.34053145526877415,-0.3110406142212588,0.6515720694900329,279.2716057595076,274.975,270.6783942404924,2.7221428571428583,2929.21,1.3456502764038571,277.216,1.315838135943704
2025-10-10 14:00:00,278.7,279.28,273.92,273.92,17560.8,2025-10-10 14:59:59.999,4840375.5920,2618,128.0,35436.2720,0,49.79040521658134,0.12140250349023063,-0.22455199067893913,0.3459544941691698,279.0628517977755,275.111,271.15914820222446,2.9335714285714283,3748.3100000000004,-0.06931523840793759,276.968,1.8203488676635389
2025-10-10 15:00:00,273.92,273.92,262.79,264.24,81179.2,2025-10-10 15:59:59.999,21693310.9360,4458,4033.9,1073978.8270,0,32.25165562913911,-0.8238268875057315,-0.34440697004432175,-0.4794199174614098,280.8633382394732,274.7335,268.6036617605268,3.5528571428571434,7745.325,-4.49271695521741,274.394,5.9604764910202475
2025-10-10 16:00:00,264.17,267.32,263.35,264.8,10023.5,2025-10-10 16:59:59.999,2654465.0670,3354,3498.3,929461.4370,0,34.436643263122704,-1.5103317240975684,-0.5775919208550087,-0.9327398032425598,281.8707218493925,274.3775,266.8842781506075,3.6864285714285683,8195.355,-4.071873641501235,271.92199999999997,6.999094227112968
2025-10-10 17:00:00,264.8,265.1,261.87,262.16,9127.9,2025-10-10 17:59:59.999,2403583.3980,2800,239.0,63078.6930,0,25.808602867622554,-2.2415708314963467,-0.9103877029833193,-1.3311831285130276,283.1136971134925,273.85,264.58630288650755,3.4742857142857133,8600.09,-5.510902865381137,268.756,7.146809078183602
2025-10-10 18:00:00,262.22,262.96,260.33,260.53,4008.1,2025-10-10 18:59:59.999,1047153.4390,2667,363.8,95560.4210,0,24.97579864472408,-2.9189581190968283,-1.3121017862060624,-1.606856332890766,284.11562600704747,273.1285,262.1413739929525,3.471428571428573,8650.814999999999,-5.09271064806383,265.13,5.19966345064845
2025-10-10 19:00:00,260.68,261.22,255.99,257.89,27099.6,2025-10-10 19:59:59.999,6992845.7150,3368,6308.3,1627753.8950,0,19.64618249534459,-3.6270021003433612,-1.7750818490335603,-1.851920251309801,285.2698416298227,272.34700000000004,259.4241583701774,3.625714285714289,9951.564999999999,-5.759181436141053,261.924,2.8243282387164377
2025-10-10 20:00:00,257.89,259.92,243.25,244.82,96531.0,2025-10-10 20:59:59.999,24273394.0120,3416,8593.3,2137239.2300,0,14.946871310507746,-5.182997206652374,-2.4566649205573676,-2.726332286095006,288.6912049662793,270.8875,253.08379503372066,4.527142857142861,14723.605,-11.271383009567998,258.04,7.804854258729823
2025-10-10 21:00:00,244.82,247.89,82.05,220.13,2000156.6,2025-10-10 21:59:59.999,353462083.5020,12103,1153739.8,200301426.2750,0,9.56482320942888,-8.312540010649627,-3.627839938575881,-4.684700072073746,296.8552087921923,268.146,239.43679120780774,16.256428571428575,114671.68999999999,-19.999273150167184,249.106,17.578763608400266
2025-10-10 22:00:00,220.13,221.48,206.83,220.89,574041.6,2025-10-10 22:59:59.999,123141728.1620,8840,288330.1,62108987.2000,0,7.453224060615412,-10.609104728700657,-5.024092896600894,-5.585011832099763,300.93988014809526,265.485,230.0301198519048,17.12142857142857,143318.08000000002,-20.28797228537405,240.852,19.500928695834492
2025-10-10 23:00:00,220.86,232.88,219.08,223.79,287818.1,2025-10-10 23:59:59.999,65180705.6080,8230,195839.2,44344065.5550,0,11.55515641371052,-12.056171009268752,-6.430508519134513,-5.625662490134239,302.42976656192695,262.841,223.25223343807306,17.93785714285714,156909.185,-19.2560254004907,233.504,16.993142146172524
2025-10-11 00:00:00,223.53,230.43,221.29,228.11,243272.9,2025-10-11 00:59:59.999,54991130.2580,6886,156071.1,35365752.4840,0,14.585140213934693,-12.707910723909606,-7.685988960089566,-5.02192176382004,302.40111692999733,260.4445,218.4878830700027,18.374999999999996,168889.335,-17.94309147811072,227.548,10.150321177185875
2025-10-11 01:00:00,228.07,228.07,216.74,218.86,139135.7,2025-10-11 01:59:59.999,30897411.5690,6252,36848.4,8168945.9550,0,12.809390150548623,-13.811591429336175,-8.911109453938915,-4.900481975397261,302.54164310687275,257.515,212.4883568931272,19.077142857142853,175685.91,-21.459843536926723,222.356,3.6909050380673096
2025-10-11 02:00:00,218.86,234.44,218.83,233.27,205622.9,2025-10-11 02:59:59.999,46392302.2830,7993,204928.5,46232757.5070,0,25.68508046976949,-13.369404346143227,-9.802768432379793,-3.5666359137634345,300.9770744175976,255.45300000000003,209.92892558240248,20.042857142857137,185786.785,-14.84009929906542,224.984,5.790499114932094
2025-10-11 03:00:00,233.38,234.44,225.37,227.69,58969.7,2025-10-11 03:59:59.999,13498534.9340,4827,5811.4,1320412.7230,0,23.691545370083617,-13.31572461598148,-10.50535966910014,-2.810364946881341,299.44500960762156,253.15499999999997,206.86499039237842,20.549999999999994,188678.79,-13.832122313048748,226.344,5.371990320172644
2025-10-11 04:00:00,227.68,233.26,226.82,233.26,25663.1,2025-10-11 04:59:59.999,5908402.3130,4036,18909.2,4356243.3210,0,29.19140225179119,-12.677597214057158,-10.939807178091547,-1.7377900359656113,296.8241045712739,251.022,205.21989542872612,20.627142857142854,189799.04499999998,-11.91087613293052,228.238,5.890778386599474
2025-10-11 05:00:00,233.26,233.87,229.09,232.15,42121.8,2025-10-11 05:59:59.999,9757263.6480,4051,20825.4,4847757.3990,0,31.998204869292053,-12.121711417836593,-11.176188026040558,-0.9455233917960353,293.93454835858796,248.87150000000003,203.8084516414121,20.173571428571424,191806.565,-11.447207812023198,229.046,6.140605019053666
2025-10-11 06:00:00,232.14,235.81,231.5,233.51,18168.6,2025-10-11 06:59:59.999,4253382.5700,3446,12403.9,2906292.0440,0,32.60313577226731,-11.439560290367268,-11.228862478905901,-0.21069781146136712,290.1940391999377,246.6915,203.18896080006226,20.197857142857142,192449.175,-10.371166468352968,231.97599999999997,2.453381340115229
2025-10-11 07:00:00,233.56,234.85,231.15,231.57,13334.9,2025-10-11 07:59:59.999,3119500.4840,3446,10729.0,2513337.9070,0,32.85890395606857,-10.92950196007871,-11.168990375140464,0.23948841506175356,285.92457189410425,244.41200000000003,202.89942810589582,20.23142857142857,193045.11500000002,-10.205901741052385,231.63600000000002,2.344606576811078
2025-10-11 08:00:00,231.57,238.35,230.86,238.2,69176.1,2025-10-11 08:59:59.999,16218029.4830,4675,65503.0,15366246.2090,0,38.151331847606926,-9.876447386106065,-10.910481777333581,1.0340343912275163,280.8592953508369,242.42249999999999,203.98570464916307,20.578571428571422,196444.45,-2.7040274487378504,233.73799999999997,2.617817793511376
2025-10-11 09:00:00,238.13,241.5,237.82,239.44,26531.8,2025-10-11 09:59:59.999,6366105.5730,3560,20685.9,4965905.3360,0,40.062479801788214,-8.839936030567344,-10.496372627980332,1.6564365974129878,274.9087681828787,240.46149999999997,206.01423181712124,20.467857142857138,197477.195,8.772089220006361,234.974,3.607551801433244
2025-10-11 10:00:00,239.36,243.71,239.11,241.28,38673.3,2025-10-11 10:59:59.999,9353148.0380,3877,29037.6,7024699.5530,0,47.83088235294118,-7.780335114245446,-9.953165125233353,2.172830010987907,269.486681162692,238.8295,208.172318837308,19.605714285714278,198532.82,9.230838879080093,236.8,4.098078818180969
2025-10-11 11:00:00,241.26,241.8,237.16,241.59,31112.8,2025-10-11 11:59:59.999,7429706.9200,3552,6290.5,1507806.1900,0,68.75218455085636,-6.8367694996518935,-9.32988600011706,2.4931165004651668,265.9835927698322,237.69699999999997,209.41040723016772,8.091428571428567,196029.5,7.953885338933827,238.416,4.069389389088106
2025-10-11 12:00:00,241.59,243.6,236.31,236.96,24642.4,2025-10-11 12:59:59.999,5905300.0680,4468,3335.1,809519.8570,0,63.152725486986434,-6.388938643134168,-8.741696528720482,2.352757885586314,261.5525787270573,236.30499999999998,211.05742127294263,7.565714285714283,196760.445,3.879707158826879,239.494,1.9799949494941556
2025-10-11 13:00:00,236.94,237.17,233.46,235.73,33914.9,2025-10-11 13:59:59.999,7970092.5530,3918,13562.3,3192903.1390,0,60.04712218108381,-6.0633844993364505,-8.206034122843674,2.142649623507223,257.10642668846435,234.9835,212.86057331153563,6.844999999999997,197999.79499999998,7.708123914831387,239.0,2.595890983847856
2025-10-11 14:00:00,235.76,236.24,232.67,235.28,21745.2,2025-10-11 14:59:59.999,5084690.1960,3863,5697.2,1337008.1810,0,56.45364536453644,-5.7751194584999155,-7.719851189974921,1.9447317314750059,252.30423851443072,233.721,215.13776148556929,6.447142857142855,198886.65,0.8616624512367603,238.16800000000003,3.04705923802327
2025-10-11 15:00:00,235.25,239.3,235.22,238.76,14637.1,2025-10-11 15:59:59.999,3469319.4320,2761,13669.7,3238833.2640,0,69.98794696665327,-5.205852267778454,-7.217051405535627,2.011199137757173,247.72622446435832,232.7645,217.80277553564167,5.926428571428569,198263.525,4.861873600070268,237.66400000000004,2.575564015904704
2025-10-11 16:00:00,238.76,241.27,237.59,240.59,17007.0,2025-10-11 16:59:59.999,4078233.7910,3247,8892.0,2136499.2170,0,59.83870967741935,-4.554537157867969,-6.684548556002095,2.130011398134126,246.9043169760611,232.55300000000003,218.20168302393895,5.074285714285714,194287.325,3.142416187944788,237.464,2.2069277287721123
2025-10-11 17:00:00,240.43,241.27,237.76,239.09,3710.2,2025-10-11 17:59:59.999,887151.6330,2402,41.6,9943.2460,0,67.21014492753625,-4.112001466265923,-6.170039138054861,2.058037671788938,246.8681929895945,233.50100000000003,220.13380701040558,4.677142857142859,94465.00499999999,2.989446478569889,237.89000000000001,2.2893558045928697
2025-10-11 18:00:00,239.09,239.11,236.98,237.39,2267.8,2025-10-11 18:59:59.999,538171.6950,2487,170.0,40362.4800,0,57.05982905982905,-3.854036914029507,-5.70683869324979,1.8528017792202833,246.38910844115924,234.32599999999996,222.2628915588407,4.369285714285717,65876.315,1.6615990749860803,238.22199999999998,1.9998674956163784
2025-10-11 19:00:00,237.39,237.45,229.49,231.29,57740.5,2025-10-11 19:59:59.999,13435242.3030,4587,367.0,85205.4170,0,48.74415887850465,-4.094614761108943,-5.384393906821622,1.2897791457126786,245.81392069241022,234.70099999999996,223.5880793075897,4.596428571428573,54372.435,-0.12091376257719098,237.42399999999998,3.612863130541101
2025-10-11 20:00:00,231.19,231.79,225.33,226.14,62274.9,2025-10-11 20:59:59.999,14164478.4810,3867,25284.7,5736676.7270,0,40.310281356823566,-4.647263858038599,-5.236967897065018,0.5897040390264188,245.99285764883754,234.60250000000002,223.2121423511625,4.75,45322.534999999996,-5.062972292191437,234.9,6.039495012004257
2025-10-11 21:00:00,226.14,229.91,223.01,229.69,116101.0,2025-10-11 21:59:59.999,26268416.2420,5458,89659.9,20329057.0510,0,47.628657921291634,-4.74410092515356,-5.1383945026827265,0.39429357752916605,244.16687245661998,235.144,226.12112754338003,4.9785714285714295,44170.8,-4.072001336451721,232.71999999999997,5.406200144281111
2025-10-11 22:00:00,229.7,232.17,229.46,231.91,7918.9,2025-10-11 22:59:59.999,1831741.9080,2741,7059.9,1633393.4420,0,41.072949191030396,-4.588813174786054,-5.028478237103393,0.4396650623173386,244.17848641566567,235.07599999999996,225.97351358433426,4.637142857142858,34285.6,-3.8834549071618056,231.28400000000002,4.0827907122488645
2025-10-11 23:00:00,231.86,234.17,231.26,234.11,4005.0,2025-10-11 23:59:59.999,933859.7060,2571,3119.7,727777.5460,0,42.636087316938415,-4.239356797989984,-4.870653949280712,0.6312971512907275,243.8310390523671,235.39700000000002,226.96296094763295,4.582142857142857,31537.365,-3.096154642162337,230.628,2.9676623797234556
2025-10-12 00:00:00,234.05,234.22,228.03,228.17,35746.4,2025-10-12 00:59:59.999,8263553.3870,3683,6873.0,1599348.7580,0,33.73045420699927,-4.3910991196868565,-4.774742983361941,0.3836438636750845,244.13664049022503,235.1425,226.148359509775,4.695714285714287,32041.53,-3.7094868332208057,230.004,3.1178806904732705
2025-10-12 01:00:00,228.14,229.56,226.56,226.64,9209.4,2025-10-12 01:59:59.999,2094215.5620,2959,1468.9,335525.5820,0,31.99229101421345,-4.58199544666445,-4.736193476022443,0.15419802935799254,244.5576750620328,234.86699999999996,225.1763249379671,4.578571428571428,30395.910000000003,-3.856106562592798,230.10399999999998,2.9673523552193872
2025-10-12 02:00:00,226.64,228.59,225.37,226.55,26344.2,2025-10-12 02:59:59.999,5985299.2480,3006,12245.7,2792047.6210,0,35.92101704084395,-4.686521064502045,-4.726258993718363,0.0397379292163178,244.89079962053026,234.519,224.14720037946975,4.287857142857143,30804.690000000002,-3.710472628357697,229.47600000000003,3.3803964264603925
2025-10-12 03:00:00,226.46,231.06,226.06,229.27,42286.6,2025-10-12 03:59:59.999,9683524.6090,3718,40056.2,9171947.0890,0,41.6016640665627,-4.498027154407083,-4.680612625856107,0.18258547144902426,244.9627925944514,234.404,223.8452074055486,4.380000000000002,32252.275,-3.9747026302563166,228.948,3.099696759366366
2025-10-12 04:00:00,229.27,233.7,229.02,231.96,20621.4,2025-10-12 04:59:59.999,4791335.6940,3786,15497.0,3602367.2850,0,45.92137592137593,-4.0845007460420675,-4.561390249893299,0.47688950385123174,244.54676592403325,234.092,223.63723407596677,4.459285714285713,29824.54,-3.587015254166838,228.51800000000003,2.2323686971525243
2025-10-12 05:00:00,231.95,232.9,231.46,231.77,4013.7,2025-10-12 05:59:59.999,930024.9110,2387,281.9,65458.8120,0,40.6575781876504,-3.7291224587443708,-4.3949366916635135,0.6658142329191428,243.8965658254238,233.70850000000002,223.52043417457622,4.270714285714283,28698.635,-3.0616085992722377,229.238,2.636108874843047
2025-10-12 06:00:00,231.75,233.67,231.45,233.1,16698.4,2025-10-12 06:59:59.999,3895719.2750,2605,15608.8,3642182.4900,0,39.85369818477377,-3.3020983870425766,-4.176369030739326,0.8742706436967493,242.84420142346886,233.2995,223.75479857653113,4.166428571428568,27599.889999999996,-1.807152786553769,230.53000000000003,2.6275178400965915
2025-10-12 07:00:00,233.1,233.67,231.68,233.55,6427.8,2025-10-12 07:59:59.999,1493192.1690,2754,1571.8,366734.6700,0,42.27551589514782,-2.8940072421706304,-3.919896673025587,1.0258894308549564,241.61323984539712,232.89750000000004,224.18176015460296,4.057857142857137,26365.640000000003,0.9771282805136493,231.93,1.665487916505395
2025-10-12 08:00:00,233.49,234.64,230.69,230.69,6014.7,2025-10-12 08:59:59.999,1399247.2820,2689,307.1,71800.9600,0,40.95083738519722,-2.769445341650595,-3.6898064067505882,0.9203610650999932,241.13395327780464,232.584,224.03404672219537,4.187857142857134,25434.255,2.012027947289295,232.21400000000003,1.1351343532927776
2025-10-12 09:00:00,230.69,231.49,228.79,231.49,17106.0,2025-10-12 09:59:59.999,3943213.7630,2973,11697.5,2697898.1110,0,50.315258511979856,-2.576475906444415,-3.4671403066893536,0.8906644002449386,240.8029420089279,232.37199999999999,223.94105799107209,3.8121428571428515,24593.81,0.7836649397013414,232.12000000000003,1.1800000000107789
2025-10-12 10:00:00,231.49,232.4,228.71,228.71,20559.8,2025-10-12 10:59:59.999,4754768.7830,2916,14117.9,3272093.0030,0,54.378194207836486,-2.617693541228931,-3.2972509535972687,0.6795574123683377,240.50927325718777,232.0435,223.57772674281222,3.61428571428571,24534.54,-1.3798456297701645,231.50799999999998,1.9495178891268516
2025-10-12 11:00:00,228.71,230.42,228.64,229.2,1224.5,2025-10-12 11:59:59.999,280689.0470,1899,12.2,2810.7750,0,49.06808672499047,-2.58106701984201,-3.1540141668462174,0.5729471470042076,239.4972310117096,231.5655,223.63376898829037,3.248571428571424,23863.91,-2.0973046858314572,230.728,1.933447697773558
2025-10-12 12:00:00,229.16,233.78,229.12,232.14,18042.7,2025-10-12 12:59:59.999,4180019.6910,3123,17124.3,3966687.6480,0,50.42576823398739,-2.2884275236055203,-2.9808968381980785,0.6924693145925582,237.85750934838012,231.14299999999997,224.42849065161982,3.3878571428571393,23915.695,1.739930753385633,230.446,1.465035835748031
2025-10-12 13:00:00,232.18,232.88,227.7,228.6,32918.3,2025-10-12 13:59:59.999,7548569.0340,3351,1079.3,248323.9570,0,40.28218694885358,-2.315465461674961,-2.8478105628934554,0.5323451012184943,236.2746481220843,230.61849999999998,224.96235187791567,3.549999999999997,25376.1,0.8648076244264067,230.02800000000002,1.6628198940432628
2025-10-12 14:00:00,228.6,241.35,227.7,238.04,154702.4,2025-10-12 14:59:59.999,36581900.7520,4365,138642.0,32746371.5890,0,65.49450549450552,-1.5572143083889216,-2.589691311992549,1.0324770036036273,236.4759261120238,230.651,224.8260738879762,4.082857142857141,32997.83,5.0717280953431825,231.33800000000002,4.016655325021759
2025-10-12 15:00:00,238.04,244.8,238.0,244.8,35389.6,2025-10-12 15:59:59.999,8599357.7160,3881,30475.0,7407999.0690,0,74.48759439050706,-0.4061381263321948,-2.152980674860478,1.7468425485282832,239.93281659092142,231.32650000000004,222.72018340907866,4.354285714285713,31880.284999999996,6.773672962009858,234.55599999999998,6.8387776685621935
2025-10-12 16:00:00,244.81,250.67,244.66,249.38,88683.8,2025-10-12 16:59:59.999,21989845.0720,5208,66649.2,16539680.1670,0,77.45970651912435,0.8656863306885896,-1.5492472737506644,2.4149336044392538,243.94873289007458,232.4885,221.0282671099254,4.553571428571426,33200.729999999996,7.509915502672869,238.592,8.612393395568034
2025-10-12 17:00:00,249.45,252.03,248.04,251.17,19484.3,2025-10-12 17:59:59.999,4881755.2310,3665,7923.5,1994011.2700,0,76.94389763779526,1.9950565147454995,-0.8403865160514316,2.835443030796931,247.64457352405367,233.5625,219.48042647594633,4.48142857142857,28369.894999999997,8.370367174353875,242.398,9.230965279970606
2025-10-12 18:00:00,251.17,252.67,250.58,251.99,1626.0,2025-10-12 18:59:59.999,409501.2260,2742,482.6,121773.2010,0,75.83182873355688,2.9225680613141947,-0.08779560057830607,3.0103636618925007,250.84454110159686,234.56650000000005,218.28845889840323,4.29642857142857,28055.249999999993,8.10381810381811,247.07600000000002,5.767280988474681
2025-10-12 19:00:00,251.99,255.51,251.99,254.47,5162.7,2025-10-12 19:59:59.999,1310643.2610,2819,4428.1,1123703.0210,0,77.64247442766681,3.8137798847938598,0.6925194964961273,3.1212603882977326,254.1308510100905,235.5845,217.03814898990947,4.444999999999998,28113.135,8.957396703061438,250.362,3.608291839641095
2025-10-12 20:00:00,254.56,255.51,250.99,252.22,31583.7,2025-10-12 20:59:59.999,7992712.4140,3710,13213.4,3342542.2040,0,72.77274892806098,4.289073815272019,1.411830360251306,2.8772434550207127,256.3973561254872,236.78699999999998,217.17664387451276,4.60928571428571,27905.0,9.332870952360311,251.846,1.8428320596354244
2025-10-12 21:00:00,252.17,253.72,248.83,252.34,32702.7,2025-10-12 21:59:59.999,8203298.5490,3436,5046.2,1276678.4830,0,72.55702280912364,4.622149401693662,2.0538941685397774,2.5682552331538844,258.2428414875484,238.07200000000003,217.90115851245167,4.816428571428568,29079.665,9.00686854723746,252.43800000000002,1.2242017807616354
2025-10-12 22:00:00,252.39,253.65,251.02,253.04,18323.3,2025-10-12 22:59:59.999,4629812.0650,3325,15639.8,3954782.7330,0,78.29830336794126,4.886272408072756,2.6203698164463733,2.2659025916263826,259.85851644125324,239.3965,218.93448355874676,4.722142857142854,28678.619999999995,10.637925757509503,252.81199999999998,1.0062156826544828
2025-10-12 23:00:00,253.04,253.05,250.53,250.87,4455.3,2025-10-12 23:59:59.999,1118326.9170,2584,325.1,81858.4310,0,73.71512481644642,4.864417042470592,3.0691792616512172,1.7952377808193747,260.9681632856032,240.4765,219.98483671439675,4.709285714285711,26787.055,9.45462478184992,252.58800000000002,1.3128861336840687
2025-10-13 00:00:00,250.82,252.57,247.43,248.2,39645.6,2025-10-13 00:59:59.999,9919840.6220,3667,17906.6,4496431.6500,0,73.91411042944785,4.578867586402254,3.371116926601425,1.2077506598008285,261.6458292375062,241.28849999999997,220.9311707624938,4.812857142857139,27738.264999999996,6.918238993710693,251.334,1.9199427074838373
2025-10-13 01:00:00,248.2,251.44,247.11,251.44,28296.6,2025-10-13 01:59:59.999,7080430.7010,3690,27302.4,6832951.4460,0,75.56321839080461,4.561427095709007,3.6091789604229416,0.9522481352860654,262.5936489177639,242.27200000000002,221.9503510822361,4.994999999999995,28952.410000000003,9.9912510936133,251.17799999999997,1.8607310391403764
2025-10-13 02:00:00,251.44,251.7,249.03,249.39,3683.4,2025-10-13 02:59:59.999,919037.6370,2514,207.4,51884.0720,0,70.24172729406243,4.332248119212835,3.7537927921809207,0.5784553270319144,263.16464656470305,243.08649999999997,223.0083534352969,4.852857142857137,28301.659999999996,4.768106200638546,250.58800000000002,1.867851707181442
2025-10-13 03:00:00,249.39,250.32,247.42,248.17,6356.8,2025-10-13 03:59:59.999,1577731.5030,2615,116.2,28824.7740,0,74.28642343013152,4.0059996899303485,3.804234171730806,0.20176551819954236,263.49429250177496,243.81749999999997,224.14070749822497,4.689999999999993,28298.109999999997,1.3766339869280948,249.61399999999998,1.5038716700639607
2025-10-13 04:00:00,248.17,249.25,246.71,249.13,6264.2,2025-10-13 04:59:59.999,1557977.0990,2632,5206.4,1295987.4190,0,67.43162527507073,3.781320695992463,3.7996514765831377,-0.018330780590674944,263.53466452371987,244.7395,225.94433547628012,3.8964285714285642,28310.585,-0.10024861656909134,249.266,1.3320773250908031
2025-10-13 05:00:00,249.22,249.57,247.69,248.09,1231.3,2025-10-13 05:59:59.999,305973.9670,2366,41.0,10226.6220,0,56.30509773859715,3.479235234208545,3.7355682281082196,-0.25633299389967457,263.33922644400445,245.5695,227.79977355599556,3.5449999999999915,27516.85,-1.226261098061068,249.244,1.3547988780704945
2025-10-13 06:00:00,248.09,252.4,246.96,252.02,21538.2,2025-10-13 06:59:59.999,5377528.3400,3163,10762.7,2704030.4030,0,55.18867924528303,3.5164133629915852,3.691737255084893,-0.1753238920933078,262.8273224584047,246.73499999999999,230.64267754159525,3.5042857142857065,27565.769999999997,0.011905234334696271,249.35999999999999,1.5936122489555173
2025-10-13 07:00:00,252.03,255.32,250.47,252.64,33971.9,2025-10-13 07:59:59.999,8611169.5220,4199,21254.6,5392994.6850,0,53.02843016069221,3.5549271133740206,3.664375226742719,-0.10944811336869842,261.89943870998354,247.907,233.91456129001645,3.5657142857142765,29203.139999999996,-0.7191417455888759,250.01,2.1681443678917756
2025-10-13 08:00:00,252.64,254.93,251.92,254.14,6757.9,2025-10-13 08:59:59.999,1716112.1380,2373,5921.6,1504204.5710,0,54.30861723446889,3.664247800824768,3.664349741559129,-0.0001019407343609835,261.1122108831829,249.007,236.90178911681707,3.6314285714285655,28638.9,0.7612401871382077,251.204,2.517266374466636
2025-10-13 09:00:00,254.1,254.94,251.71,253.87,10519.3,2025-10-13 09:59:59.999,2662086.0000,2600,3568.3,905334.7560,0,48.68073878627969,3.6866016441311444,3.6688001220735322,0.017801522057612207,257.8282927019951,250.2705,242.7127072980049,3.6107142857142804,27518.95,0.6063247998731874,252.152,2.432030016266275
2025-10-13 10:00:00,253.87,254.05,252.06,253.15,4141.5,2025-10-13 10:59:59.999,1045997.2190,2265,286.8,72821.1470,0,52.19236209335221,3.604666898515376,3.655973477361901,-0.05130657884652523,256.02309136451174,251.02599999999998,246.0289086354882,3.4299999999999966,19990.905,0.04347138792286344,253.164,0.8709936854075836
2025-10-13 11:00:00,253.23,253.25,243.96,247.72,80858.2,2025-10-13 11:59:59.999,20090590.9700,4637,17738.3,4399490.1120,0,41.28959276018098,3.0662318798403305,3.538025157857587,-0.4717932780172567,255.53336434471868,251.17199999999997,246.81063565528126,3.7442857142857116,22264.335,-1.2556304061864734,252.304,2.6298726204932694
2025-10-13 12:00:00,247.72,249.68,246.48,246.9,17351.9,2025-10-13 12:59:59.999,4299433.9850,3878,8967.9,2227634.5970,0,38.475975975976,2.5440251753895495,3.33922516136398,-0.7951999859744303,255.75148851497923,251.048,246.34451148502077,3.784999999999999,18697.74,-0.5237711522965283,251.156,3.541388145914037
2025-10-13 13:00:00,246.71,253.5,246.48,252.71,86346.5,2025-10-13 13:59:59.999,21666336.3960,4642,68875.3,17288664.6580,0,53.03830911492735,2.5693728298265626,3.1852546950564964,-0.6158818652299338,255.88695669646023,251.125,246.36304330353977,4.10642857142857,22040.85,0.5050906776964724,250.86999999999998,3.2888979917322723
2025-10-13 14:00:00,252.71,253.5,246.37,247.08,43330.2,2025-10-13 14:59:59.999,10766740.7060,4195,1364.4,340532.4300,0,48.315282791817125,2.110834765139913,2.97037070907318,-0.8595359439332673,255.94996130985646,250.87949999999995,245.80903869014344,4.248571428571428,24126.059999999998,-0.9262600745819696,249.512,3.1388963028461045
2025-10-13 15:00:00,247.1,252.6,246.72,252.25,45767.6,2025-10-13 15:59:59.999,11466721.1950,3893,44574.5,11167701.8130,0,51.15154961615014,2.1399477883301756,2.8042861249245794,-0.6643383365944038,255.59955426001125,250.7685,245.93744573998873,4.359285714285714,26156.305,1.6440343313051589,249.33200000000002,2.8944032200128906
2025-10-13 16:00:00,252.25,253.81,250.91,253.09,25732.6,2025-10-13 16:59:59.999,6490698.9750,4165,11330.2,2865009.1620,0,55.44758539458189,2.2053788045549823,2.6845046608506604,-0.47912585629567817,255.7132419478734,250.81199999999998,245.91075805212657,4.375714285714287,25863.75,1.5895315698631267,250.406,3.13316613029388
2025-10-13 17:00:00,253.09,257.16,252.56,257.16,47832.5,2025-10-13 17:59:59.999,12206693.5620,4133,43913.7,11215875.0720,0,62.21135560988868,2.5561822209134846,2.6588401728632256,-0.10265795194974103,256.6894606288936,251.05299999999997,245.41653937110635,4.49714285714286,26620.24,3.655931315248507,252.458,3.589494393368006
2025-10-13 18:00:00,257.16,258.13,255.67,257.81,9303.2,2025-10-13 18:59:59.999,2397645.1430,3242,8198.5,2113882.5330,0,61.89041095890414,2.853749765244629,2.6978220913395066,0.15592767390512252,257.64059450651405,251.29149999999998,244.94240549348595,4.4914285714285755,26169.235,2.29743671137211,253.478,4.327709555875969
2025-10-13 19:00:00,257.84,261.0,256.8,260.33,16137.0,2025-10-13 19:59:59.999,4177305.7570,3880,15163.4,3924840.3620,0,66.11374407582939,3.255390982912928,2.8093358696541912,0.4460551132587369,259.28317142519313,251.7645,244.2458285748069,4.65714285714286,26753.319999999996,3.043856871437618,256.128,3.3844970084223456
2025-10-13 20:00:00,260.31,262.36,259.61,262.36,4741.1,2025-10-13 20:59:59.999,1240087.8710,2875,3632.6,951344.5560,0,64.32926829268294,3.6949059819576746,2.986449892114888,0.7084560898427865,261.1546435020097,252.4725,243.7903564979903,4.465000000000003,25008.094999999998,3.2344377114976104,258.15,3.506272950016798
2025-10-13 21:00:00,262.36,262.69,259.75,260.29,7387.0,2025-10-13 21:59:59.999,1924766.1370,2876,560.5,146089.3120,0,60.19184652278183,3.832019959138961,3.155563905519703,0.6764560536192579,262.2529170448691,252.91499999999996,243.5770829551308,4.328571428571432,23962.614999999998,2.5288533501398414,259.59000000000003,2.1085421504013535
2025-10-13 22:00:00,260.29,261.97,260.23,261.89,4321.7,2025-10-13 22:59:59.999,1126662.9330,3014,3415.6,890175.5080,0,60.297634865798585,4.0234110122453615,3.3291333268648358,0.6942776853805257,263.53470175432517,253.54000000000002,243.54529824567484,4.237857142857146,23994.53,3.452498518664816,260.536,1.7814544619548927
2025-10-13 23:00:00,261.87,262.13,260.28,260.99,1128.5,2025-10-13 23:59:59.999,294939.3590,2598,54.8,14359.2970,0,59.3047569262938,4.055715563119264,3.4744497741157216,0.5812657890035426,264.36814132723543,254.18099999999998,243.99385867276453,4.13928571428572,23733.114999999998,5.356854513160023,261.172,0.9282887481914766
2025-10-14 00:00:00,260.93,262.22,259.44,260.43,7255.2,2025-10-14 00:59:59.999,1886522.0740,2787,223.1,58027.0470,0,59.553805774278224,3.990134053781105,3.577586630048799,0.41254742373230613,265.0067856475652,254.746,244.48521435243484,4.195714285714293,23782.665,5.479951397326854,261.192,0.9064325678277891
2025-10-14 01:00:00,260.44,262.98,259.47,261.31,4188.8,2025-10-14 01:59:59.999,1095691.9090,3064,3255.0,851762.5580,0,70.25335320417292,3.963480340992561,3.6547653722375513,0.3087149687550097,265.5651496450162,255.407,245.2488503549838,3.7828571428571496,23930.54,3.403110284515846,260.982,0.6549198424379161
2025-10-14 02:00:00,261.31,261.42,256.7,256.99,22067.0,2025-10-14 02:59:59.999,5705701.9970,3495,237.2,61429.8390,0,63.61673414304996,3.552814572785195,3.6343752123470807,-0.08156063956188575,265.7073874373248,255.65550000000002,245.6036125626752,3.891428571428579,23956.98,4.010846689331389,260.322,1.9361611503227196
2025-10-14 03:00:00,257.05,257.28,253.4,254.21,15893.3,2025-10-14 03:59:59.999,4050705.5860,3325,345.7,88027.3970,0,52.20458553791888,2.968813604436349,3.5012628907649344,-0.5324492863285855,265.71097433303913,255.734,245.75702566696086,3.6671428571428613,23053.049999999996,0.7770069375619457,258.786,3.086110821085205
2025-10-14 04:00:00,254.23,255.34,249.5,250.57,19163.6,2025-10-14 04:59:59.999,4814309.7040,3502,392.8,98847.9050,0,55.44801748360909,2.1870600004590983,3.238422312703767,-1.0513623122446685,265.77729194301725,255.5555,245.33370805698274,3.575000000000005,23673.335,-0.9956932316567269,256.702,4.444830705439691
2025-10-14 05:00:00,250.58,253.17,247.66,248.44,22818.0,2025-10-14 05:59:59.999,5695743.7060,3590,343.9,86237.1250,0,43.42876854087615,1.3797367015104385,2.8666851904651014,-1.486948488954663,265.97210534142937,255.28400000000002,244.5958946585707,3.548571428571433,24288.27,-3.390885052107648,254.304,5.114604579048104
2025-10-14 06:00:00,248.45,249.73,240.51,243.84,81232.4,2025-10-14 06:59:59.999,19820710.8950,4451,23423.2,5721540.8530,0,35.87786259541981,0.364543403117608,2.3662568329956026,-2.0017134298779946,266.64795881219806,254.8185,242.98904118780194,4.000000000000004,28142.815000000002,-5.41871921182266,250.81000000000003,5.099210723241421
2025-10-14 07:00:00,243.77,244.86,241.92,242.9,24968.8,2025-10-14 07:59:59.999,6073493.6280,3314,9836.2,2399686.3270,0,25.92842673868998,-0.5099760537165707,1.791010255653168,-2.3009863093697387,267.18657588750494,254.57750000000001,241.9684241124951,3.8814285714285757,25348.344999999998,-6.695348211884908,247.99200000000002,4.708446665304879
2025-10-14 08:00:00,242.84,244.62,241.46,243.49,15450.2,2025-10-14 08:59:59.999,3763085.4520,2804,14400.7,3508511.3810,0,25.77807848443841,-1.1422636518699107,1.204355474148552,-2.346619126018463,267.5347449861379,254.407,241.27925501386213,3.931428571428575,25253.26,-7.192407379173655,245.848,3.4387017899231744
2025-10-14 09:00:00,243.49,245.57,243.06,245.26,6422.0,2025-10-14 09:59:59.999,1574038.2740,2570,5388.7,1321330.8380,0,23.84588684484551,-1.4834318474798636,0.6667980098228689,-2.1502298573027323,267.77354689102197,254.03450000000004,240.29545310897808,3.8107142857142895,21257.034999999996,-5.77432863344732,244.786,2.219680157144485
2025-10-14 10:00:00,245.14,245.57,238.83,242.09,32526.2,2025-10-14 10:59:59.999,7842327.4410,3788,4048.7,976433.2580,0,16.16026711185296,-1.9867011443245133,0.1360981789933923,-2.1227993233179054,268.2194449148561,253.78500000000003,239.35055508514392,4.095714285714288,20716.835,-7.560426133109314,243.516,1.1789953350293838
2025-10-14 11:00:00,242.09,245.23,240.77,244.66,18997.3,2025-10-14 11:59:59.999,4626137.8280,2751,18192.8,4429724.6230,0,24.334975369458007,-2.1533457434853176,-0.32179060550234984,-1.8315551379829678,268.3981767737493,253.40550000000002,238.41282322625077,4.2042857142857155,19378.32,-6.256944710525312,243.68,1.2873810624756885
2025-10-14 12:00:00,244.7,244.88,241.4,241.5,3965.9,2025-10-14 12:59:59.999,962473.7360,2742,257.1,62413.4100,0,18.15057794439234,-2.5114479630212827,-0.7597220770061366,-1.7517258860151461,268.7378074662221,252.82600000000002,236.91419253377796,4.328571428571428,18289.985,-7.2687478401105885,243.4,1.6110090006021265
2025-10-14 13:00:00,241.41,243.11,239.1,242.45,36878.8,2025-10-14 13:59:59.999,8884264.4620,2869,15311.7,3702850.4590,0,21.085464753586947,-2.687608416536193,-1.145299344912148,-1.542309071624045,268.51057946003,252.09050000000002,235.67042053997005,4.482857142857142,17742.3,-7.217481152653941,243.192,1.6627898243677963
2025-10-14 14:00:00,242.42,246.54,241.82,243.46,55962.9,2025-10-14 14:59:59.999,13693086.6850,3066,48385.8,11843500.2140,0,23.900338357428453,-2.7144280510726446,-1.4591250861442475,-1.255302964928397,267.99364043354126,251.373,234.75235956645875,4.621428571428568,20075.284999999996,-5.264796295575704,242.83200000000002,1.2456604673911482
2025-10-14 15:00:00,243.46,250.78,242.88,250.78,56413.9,2025-10-14 15:59:59.999,13986421.9710,3529,55661.0,13800925.0710,0,36.48267008985878,-2.120575322218201,-1.5914151333590385,-0.5291601888591626,266.9724903899957,250.8955,234.81850961000433,4.934999999999998,22089.129999999997,-1.349278155855398,244.57,3.664819231561227
2025-10-14 16:00:00,250.78,253.77,249.32,250.81,49503.0,2025-10-14 16:59:59.999,12479761.2550,2927,36015.8,9088137.6620,0,41.08482400461626,-1.6287468273790466,-1.5988814721630404,-0.029865355216006195,265.4638392410524,250.31800000000004,235.17216075894765,4.915714285714283,24327.225,0.09578161791116618,245.8,4.612174107730648
2025-10-14 17:00:00,250.82,253.45,247.98,252.23,43368.0,2025-10-14 17:59:59.999,10871631.8140,3093,24235.4,6103049.9800,0,47.027027027026996,-1.1115735437410308,-1.5014198864786388,0.389846342737608,264.3561684904108,249.91500000000002,235.47383150958922,5.029285714285714,26126.275,1.5255192400579585,247.946,4.607518855091204
2025-10-14 18:00:00,252.23,254.54,251.85,253.31,11454.3,2025-10-14 18:59:59.999,2898362.1110,2325,3368.7,855330.9520,0,54.45673389720236,-0.6075594509285906,-1.3226477993686292,0.7150883484400385,262.90275684398205,249.48600000000002,236.069243156018,4.804285714285713,26482.905,3.8836942257217846,250.118,3.869608507332615
2025-10-14 19:00:00,253.39,255.0,249.33,251.42,44584.8,2025-10-14 19:59:59.999,11216355.3690,3400,14221.6,3588063.2140,0,54.88524590163934,-0.35652208843103494,-1.1294226571811103,0.7729005687500754,261.33516315841655,249.00750000000002,236.6798368415835,4.815714285714285,28655.72,3.5076163030053444,251.70999999999998,1.0711442479988373
2025-10-14 20:00:00,251.51,253.07,250.48,253.05,5702.8,2025-10-14 20:59:59.999,1439475.0230,2354,4494.2,1135444.4130,0,66.72720668361788,-0.025748976512403488,-0.908687921047369,0.8829389445349655,259.9243425984907,248.63850000000002,237.35265740150936,4.342142857142856,28578.1,3.9262392706065965,252.164,1.059424372015768
2025-10-14 21:00:00,253.05,253.54,251.44,253.54,3614.0,2025-10-14 21:59:59.999,915110.3030,1807,2867.0,726529.7770,0,69.64549483013292,0.27278550057667417,-0.6723932367225604,0.9451787372992345,258.14893986881054,248.25,238.35106013118946,4.282142857142854,28549.359999999997,3.3760091331648057,252.70999999999998,0.8744998570731769
2025-10-14 22:00:00,253.54,255.04,253.05,253.63,3238.2,2025-10-14 22:59:59.999,821862.9140,2054,2521.9,639913.8810,0,69.07449209932278,0.5107508542643302,-0.4357644185251822,0.9465152727895124,257.4565469504572,248.08199999999997,238.70745304954275,4.198571428571425,27607.920000000002,4.766822256185713,252.99,0.9059525373997226
2025-10-14 23:00:00,253.63,256.34,253.05,255.26,3455.1,2025-10-14 23:59:59.999,882068.5920,1858,2729.2,696803.7190,0,68.910741301059,0.8213989119260532,-0.18433175243493508,1.0057306643609882,257.66402525464713,248.13449999999997,238.6049747453528,4.254285714285708,26986.01,4.332543121065966,253.38000000000002,1.3759542143621506
2025-10-15 00:00:00,255.13,256.34,252.73,254.03,9580.7,2025-10-15 00:59:59.999,2434466.6130,1991,66.3,16832.2320,0,74.36734693877551,0.9573038139298262,0.04399536083801724,0.913308453091809,258.14387690037984,248.30749999999998,238.47112309962012,4.03071428571428,26506.864999999998,5.188405797101449,253.902,0.8353861382743413
2025-10-15 01:00:00,253.94,254.08,251.25,253.37,13236.4,2025-10-15 01:59:59.999,3338805.5630,2896,4770.3,1205688.4440,0,69.27844178840196,1.0002229962335036,0.23524088791711462,0.764982108316389,258.64807413444095,248.554,238.45992586555903,3.914285714285711,26027.784999999996,4.504021447721186,253.96599999999998,0.7629089067647052
2025-10-15 02:00:00,253.38,256.2,253.11,254.58,8195.3,2025-10-15 02:59:59.999,2088469.0050,2220,7553.8,1924940.1440,0,81.68604651162792,1.1189747990574404,0.41198767014517984,0.7069871289122605,259.27150334811915,249.09100000000004,238.91049665188095,3.886428571428567,22375.93,4.56748541854925,254.17400000000004,0.7594932521233566
2025-10-15 03:00:00,254.58,256.2,251.46,252.19,12415.7,2025-10-15 03:59:59.999,3138810.8160,2388,172.8,43635.4550,0,72.05615942028983,1.0086068423842676,0.5313115045929975,0.4772953377912701,259.38844885362,249.5555,239.72255114638,3.9385714285714215,21748.275,0.5622457931254472,253.88599999999997,1.176107988248065
2025-10-15 04:00:00,252.31,255.6,251.46,255.18,1760.0,2025-10-15 04:59:59.999,447034.8130,1944,1073.6,272953.0580,0,74.35577722360762,1.1491606423943495,0.6548813321532679,0.4942793102410815,259.84376595370185,250.14000000000001,240.43623404629818,3.8971428571428492,21063.765,1.742354770543441,253.86999999999998,1.1530611432274174
2025-10-15 05:00:00,255.54,256.24,254.62,255.15,4680.0,2025-10-15 05:59:59.999,1196673.4160,2044,3853.2,985522.0270,0,63.029218843172316,1.2437921307983117,0.7726634918822768,0.47112863891603496,260.2990820559299,250.63449999999997,240.96991794407006,3.4485714285714204,20976.665,1.1576735519169075,254.094,1.2922964056364592
2025-10-15 06:00:00,255.14,256.24,252.84,255.27,23946.1,2025-10-15 06:59:59.999,6100859.7510,2485,19978.9,5093195.1350,0,63.22657176749703,1.313331990495584,0.8807971916049384,0.4325347988906456,260.27844009000984,251.2935,242.30855990999015,3.37357142857142,20547.66,0.7737554774781918,254.474,1.3054616041925156
2025-10-15 07:00:00,255.22,256.15,254.71,256.15,3654.1,2025-10-15 07:59:59.999,934970.2660,1814,3148.7,805914.8550,0,62.00980392156857,1.4230474699093634,0.9892472472658234,0.43380022264354,260.530620485986,251.868,243.205379514014,3.0857142857142748,19780.5,1.8813141357091678,254.788,1.5101059565543298
2025-10-15 08:00:00,256.15,261.92,256.13,258.68,61704.7,2025-10-15 08:59:59.999,15991955.4840,3711,58361.5,15124131.8160,0,65.10973550928529,1.6946131864069116,1.1303204350940412,0.5642927513128704,260.4128724806939,252.727,245.04112751930606,3.3071428571428476,22667.44,2.2248567476783223,256.086,1.507955569644164
2025-10-15 09:00:00,258.62,259.36,255.61,256.42,11696.8,2025-10-15 09:59:59.999,3011392.7640,2224,27.8,7149.1940,0,63.781697905181986,1.7077816184841481,1.2458126717720628,0.4619689467120853,259.561819743952,253.4255,247.28918025604798,3.1699999999999915,21408.34,1.1359154374063358,256.334,1.4211720515197503
2025-10-15 10:00:00,256.38,257.5,254.71,254.71,5262.6,2025-10-15 10:59:59.999,1343408.9630,1993,202.2,51699.6220,0,54.55543358946212,1.5622266116674837,1.309095459751147,0.2531311519163366,257.9581284613997,253.988,250.01787153860028,3.184285714285705,18873.325,0.42581713519694536,256.246,1.522803335963263
2025-10-15 11:00:00,254.71,255.3,252.61,253.55,17840.3,2025-10-15 11:59:59.999,4525284.7230,2448,1723.0,438583.6770,0,50.02646903123351,1.3378490243272836,1.3148461726663745,0.023002851660909096,257.8082059832889,254.12650000000002,250.4447940167112,3.2264285714285625,16944.645,-0.6699051947034317,255.90200000000004,1.9364839271268923
2025-10-15 12:00:00,253.55,254.74,249.52,250.96,14311.0,2025-10-15 12:59:59.999,3591528.7890,2532,261.2,65444.7230,0,43.75876577840116,0.9401987899395294,1.2399166961210055,-0.2997179061814761,257.7877646051012,254.13400000000001,250.48023539489884,3.4571428571428493,15185.045000000002,-1.2085186788961908,254.86400000000003,2.914383296689139
2025-10-15 13:00:00,250.9,251.16,245.48,248.26,35409.0,2025-10-15 13:59:59.999,8765478.0020,2715,5581.4,1381470.6310,0,34.416740872662544,0.4025503304559095,1.0724434229879864,-0.669893092532077,258.3722625703072,253.9355,249.49873742969277,3.6278571428571382,14787.095000000001,-2.0168133559616424,252.78000000000003,3.21365057217184
2025-10-15 14:00:00,248.26,250.86,245.14,245.8,32079.6,2025-10-15 14:59:59.999,7972247.7840,3191,18342.8,4576731.2440,0,32.62980160405239,-0.21951100114290512,0.8140525381618081,-1.0335635393047133,259.29958003231803,253.56,247.82041996768197,3.778571428571427,15818.36,-3.448817660460366,250.656,3.6818514364406423
2025-10-15 15:00:00,245.86,246.59,242.07,243.0,18915.3,2025-10-15 15:59:59.999,4611666.7940,2893,365.1,89507.9900,0,29.926442121564094,-0.9277412629066646,0.46569377794811356,-1.3934350408547782,260.5355479857348,253.13899999999998,245.74245201426513,3.8992857142857127,14534.885,-3.644077877790554,248.314,4.1526714293355385
2025-10-15 16:00:00,243.02,244.53,242.07,243.15,7628.7,2025-10-15 16:59:59.999,1861314.0920,2320,6770.4,1652330.4760,0,26.927735163504252,-1.460084160163376,0.08053819032581554,-1.5406223504891916,261.28586968074393,252.64399999999995,244.002130319256,3.854285714285715,14631.179999999998,-4.714319304020691,246.234,3.4131334576923966
2025-10-15 17:00:00,243.15,244.53,239.27,241.81,27506.6,2025-10-15 17:59:59.999,6636190.7760,2953,3129.8,755527.6990,0,28.119730185497517,-1.9674173794619207,-0.3290529236317319,-1.6383644558301889,261.94563403716063,252.05749999999998,242.1693659628393,3.891428571428573,15825.809999999998,-5.228297080148933,244.404,2.6024084998360375
2025-10-15 18:00:00,241.76,242.85,240.6,242.84,1550.5,2025-10-15 18:59:59.999,374659.1810,1931,490.2,118799.5200,0,21.64522058823532,-2.2603147181133636,-0.7153052825280584,-1.5450094355853052,262.19113913276607,251.51800000000003,240.84486086723402,3.756428571428574,15741.425,-4.869354017315002,243.32,1.4825822068332764
2025-10-15 19:00:00,242.84,242.86,240.35,240.65,6581.0,2025-10-15 19:59:59.999,1584909.6590,2063,325.1,78595.6890,0,19.69063545150503,-2.638734971899396,-1.099991220402326,-1.5387437514970699,262.3454890347036,250.7875,239.22951096529644,3.8200000000000034,15897.719999999998,-6.051141909037662,242.29000000000002,1.0566692954838608
2025-10-15 20:00:00,240.68,241.61,237.78,239.74,34146.5,2025-10-15 20:59:59.999,8165085.7590,2242,5794.3,1388570.3850,0,18.57547551598543,-2.977739615289522,-1.4755408993797654,-1.5021987159097567,262.5196188179767,250.07300000000004,237.62638118202335,3.8507142857142895,17126.01,-7.3217875367249095,241.638,1.4438732631426534
2025-10-15 21:00:00,239.74,241.62,238.7,239.27,23498.5,2025-10-15 21:59:59.999,5639617.9430,2838,11610.0,2793731.7120,0,15.267489711934289,-3.246900066663244,-1.8298127328364615,-1.4170873338267824,262.60078321363113,249.368,236.1352167863689,3.9564285714285785,17639.114999999998,-6.6882458466578285,240.862,1.4704999150010376
2025-10-15 22:00:00,239.27,241.53,238.88,240.56,11016.8,2025-10-15 22:59:59.999,2654136.9020,2350,10428.0,2512415.8300,0,10.711188204683438,-3.3178730693246052,-2.1274248001340905,-1.1904482691905147,262.21880329814405,248.667,235.11519670185592,3.7321428571428634,17780.190000000002,-5.555337442581762,240.612,1.371994897956263
2025-10-15 23:00:00,240.53,242.47,240.29,242.12,3143.2,2025-10-15 23:59:59.999,761052.0010,1876,2384.8,577781.3510,0,18.023255813953483,-3.2112237346779864,-2.3441845870428697,-0.8670391476351167,261.9110391482108,248.16350000000003,234.41596085178924,3.6200000000000068,17316.565,-4.507986590416094,240.46800000000002,1.0881038553456175
2025-10-16 00:00:00,242.1,242.47,240.35,240.51,2793.0,2025-10-16 00:59:59.999,672199.2990,1997,73.2,17671.7540,0,18.104222821203948,-3.2195044695634465,-2.5192485635469852,-0.7002559060164613,261.1666953813502,247.43,233.6933046186498,3.5721428571428646,17368.215,-4.164010200828824,240.44,1.0840433570747947
2025-10-16 01:00:00,240.51,243.27,240.35,243.12,5231.6,2025-10-16 01:59:59.999,1268653.9730,1954,4572.3,1109009.1920,0,28.005061155630557,-2.9810975873404573,-2.6116183683056797,-0.36947921903477754,260.19027938827986,246.82850000000002,233.46672061172018,3.5885714285714374,17395.795000000002,-2.070410053975665,241.11599999999999,1.508983101303038
2025-10-16 02:00:00,243.17,243.43,241.55,242.86,2629.2,2025-10-16 02:59:59.999,639166.3890,1701,1757.5,427713.0700,0,31.057062675397603,-2.781079687128795,-2.645510632070303,-0.13556905505849182,259.0621708979495,246.208,233.35382910205053,3.3500000000000085,16329.95,-1.1960943856794133,241.834,1.241402432742216
2025-10-16 03:00:00,242.91,243.43,239.79,239.79,7127.9,2025-10-16 03:59:59.999,1720021.4020,1825,52.0,12561.9980,0,30.52873563218394,-2.837577574770762,-2.683924020610395,-0.1536535541603672,257.64866825427737,245.39000000000001,233.13133174572266,3.2042857142857235,16503.64,-1.320987654320991,241.68,1.4663389785510959
2025-10-16 04:00:00,239.81,241.64,238.75,239.09,12777.9,2025-10-16 04:59:59.999,3064973.0080,1744,96.2,23076.9500,0,33.21660830415209,-2.9053456909311137,-2.728208354674539,-0.17713733625657468,255.24595345516065,244.4105,233.57504654483938,3.0021428571428634,14057.3,-1.6697511823976978,241.07399999999998,1.8220126234519216
2025-10-16 05:00:00,239.09,241.36,238.71,240.0,17453.7,2025-10-16 05:59:59.999,4195520.0030,2245,14698.0,3535650.3450,0,41.71270718232046,-2.8527384237245315,-2.7531143684845376,-0.09962405523999385,252.98633143685336,243.5895,234.1926685631466,2.8685714285714345,14345.145,-0.7485215665191689,240.97200000000004,1.8749853332808053
2025-10-16 06:00:00,240.0,242.7,240.0,242.57,7610.4,2025-10-16 06:59:59.999,1840844.1140,2083,7001.5,1693944.1980,0,48.58674463937619,-2.5739978194716002,-2.7172910586819503,0.1432932392103501,250.78846229611855,242.9825,235.17653770388142,2.88571428571429,14462.535,-0.11118431889310255,240.862,1.7278223288342192
2025-10-16 07:00:00,242.52,242.7,240.3,241.15,7187.6,2025-10-16 07:59:59.999,1730167.8140,1977,267.7,64486.4070,0,48.39805825242719,-2.439554350832992,-2.661743717112159,0.22218936627916674,248.4049807558,242.3625,236.3200192442,2.681428571428575,13929.9,0.2077706212341575,240.51999999999998,1.3645145657038678
2025-10-16 08:00:00,241.17,241.33,239.01,239.6,9500.6,2025-10-16 08:59:59.999,2274579.1740,1885,79.7,19162.4830,0,42.329545454545446,-2.430066683241762,-2.6154083103380796,0.18534162709631774,246.39866047550615,241.79450000000003,237.1903395244939,2.6864285714285763,13689.38,-0.05839659631267822,240.48200000000003,1.3922894814003315
2025-10-16 09:00:00,239.57,243.3,234.26,242.39,88015.9,2025-10-16 09:59:59.999,21138639.3590,3529,68297.8,16437261.5140,0,54.005524861878406,-2.172376155469806,-2.526801879364425,0.35442572389461935,244.98089655018683,241.50100000000003,238.02110344981324,3.152857142857148,16319.725,1.3039662306181201,241.142,1.3489514446480777
2025-10-16 10:00:00,242.28,245.05,241.7,243.68,20881.4,2025-10-16 10:59:59.999,5093800.4030,2146,19981.9,4874652.3500,0,58.91402714932126,-1.842819461088311,-2.3900053957092027,0.5471859346208916,244.42338848929708,241.39499999999998,238.36661151070288,3.1185714285714345,15759.815000000002,1.2969737279680764,241.878,1.5578414553536222
2025-10-16 11:00:00,243.6,245.05,242.84,243.82,6568.0,2025-10-16 11:59:59.999,1596714.1900,2151,222.1,54059.2420,0,60.450160771704134,-1.552450889019667,-2.2224944943712956,0.6700436053516285,244.57602614806441,241.436,238.2959738519356,3.067857142857148,15142.45,0.7021311746241485,242.12800000000001,1.7809744523766555
2025-10-16 12:00:00,243.82,245.33,242.84,243.53,23913.4,2025-10-16 12:59:59.999,5845310.9300,2382,19927.0,4875668.8930,0,57.14973519499277,-1.3303962996149892,-2.0440748554200345,0.7136785558050454,244.64292788665747,241.455,238.26707211334255,3.056428571428577,15956.685000000001,1.2556650451124736,242.60399999999998,1.7722669099259327
2025-10-16 13:00:00,243.52,245.34,242.18,242.31,4846.4,2025-10-16 13:59:59.999,1178981.8470,2954,1777.6,433600.7180,0,50.465002447381295,-1.2385826320691251,-1.8829764107498526,0.6443937786807274,244.68743215869543,241.48000000000002,238.2725678413046,3.126428571428576,14823.675,-0.33316880552813516,243.14600000000002,0.7343909040957033
2025-10-16 14:00:00,242.36,243.46,238.77,241.04,73272.5,2025-10-16 14:59:59.999,17675480.2000,3915,49417.8,11944545.0170,0,51.31906421105028,-1.253844486409207,-1.7571500258817236,0.5033055394725165,244.53720260080732,241.39000000000001,238.2427973991927,3.3100000000000045,18409.775,-0.7494029482006183,242.87599999999998,1.1891719808414898
2025-10-16 15:00:00,241.04,241.4,235.65,235.7,40934.1,2025-10-16 15:59:59.999,9756877.3830,2595,260.9,62538.7530,0,33.74233128834351,-1.6774958593665588,-1.7412191925786906,0.06372333321213186,245.1857289076927,241.1425,237.09927109230733,3.51214285714286,20127.43,-1.705659118395264,241.28000000000003,3.3079071933804727
2025-10-16 16:00:00,235.7,238.96,233.9,238.96,80067.7,2025-10-16 16:59:59.999,18920299.6460,4583,59901.0,14187503.4700,0,42.44771494965143,-1.7302427088675643,-1.7390238958364654,0.008781186968901178,245.21810697106267,241.1035,236.98889302893733,3.739285714285718,22423.489999999998,-0.054372830314942264,240.308,3.0812286510446016
2025-10-16 17:00:00,238.96,239.19,236.31,236.53,12224.6,2025-10-16 17:59:59.999,2900612.5130,2605,1840.2,439541.6440,0,43.52660841938049,-1.94569687622311,-1.7803584919137947,-0.16533838430931524,245.49935677319695,240.9665,236.43364322680304,3.6850000000000023,21859.795,-1.4458333333333329,238.908,2.8314254360688884
2025-10-16 18:00:00,236.6,236.71,233.9,236.35,16838.4,2025-10-16 18:59:59.999,3967169.9970,2504,11424.4,2696852.1040,0,44.444444444444436,-2.1066857893698625,-1.8456239514050081,-0.2610618379648544,245.7371831188142,240.756,235.7748168811858,3.679285714285718,22150.875,-2.5642082697777955,237.71599999999998,2.2323373401029
2025-10-16 19:00:00,236.37,236.68,230.9,232.55,46215.2,2025-10-16 19:59:59.999,10782892.8470,3468,8827.1,2057175.5010,0,36.47912885662435,-2.5119427919632926,-1.9788877195166652,-0.5330550724466274,246.4120711470237,240.2775,234.1429288529763,3.902857142857146,24304.475,-3.566245075679036,236.01800000000003,2.299776076059874
2025-10-16 20:00:00,232.55,233.8,228.55,228.64,22455.9,2025-10-16 20:59:59.999,5161736.4900,3065,209.0,48255.8590,0,25.891311872620307,-3.112734542674332,-2.2056570841481986,-0.9070774585261332,247.7245430557631,239.68400000000003,231.64345694423696,4.0850000000000035,25287.62,-4.574290484140238,234.606,4.047249683429126
2025-10-16 21:00:00,228.64,229.35,228.29,228.97,1026.6,2025-10-16 21:59:59.999,234929.2480,1750,214.7,49208.5650,0,28.093525179856158,-3.521642785627961,-2.468854224444151,-1.0527885611838097,248.15383655892543,238.9765,229.79916344107454,3.98928571428572,25077.370000000003,-5.5365320351499605,232.608,3.819950261458499
2025-10-16 22:00:00,229.03,229.35,223.04,223.04,22003.6,2025-10-16 22:59:59.999,4972837.8110,3229,182.1,41000.4840,0,24.269732753262943,-4.2749282432078815,-2.8300690281968977,-1.4448592150109838,249.40395685029745,237.9855,226.56704314970256,4.2742857142857185,26046.09,-8.47012475377545,229.91,4.9531959379794905
2025-10-16 23:00:00,223.04,225.08,222.74,223.04,2625.3,2025-10-16 23:59:59.999,588615.0920,2498,1610.5,361870.0330,0,17.080639673358377,-4.816392026284461,-3.2273336278144114,-1.58905839847005,250.33007810468035,237.148,223.96592189531964,3.795714285714289,25820.96,-8.522680666065131,227.248,4.136081478889912
2025-10-17 00:00:00,223.0,224.13,222.45,223.48,1123.4,2025-10-17 00:59:59.999,250751.4900,1705,288.6,64551.4620,0,14.611072179397368,-5.1506284144414,-3.6119925851398094,-1.5386358293015903,250.84981862070353,236.36749999999998,221.88518137929643,3.6764285714285734,25238.235,-8.233071900792515,225.43400000000003,3.084733375839116
2025-10-17 01:00:00,224.13,226.73,224.13,225.02,44084.6,2025-10-17 01:59:59.999,9927569.9980,2630,34601.6,7795509.5460,0,18.603874415497785,-5.230948907592563,-3.93578384963036,-1.2951650579622025,250.8403959673919,235.61849999999998,220.39660403260805,3.750714285714287,26569.78,-7.135487598530804,224.70999999999998,2.5166644591632896
2025-10-17 02:00:00,225.02,226.73,222.79,223.78,13719.1,2025-10-17 02:59:59.999,3065841.7890,2915,374.1,83876.0680,0,18.031725477500913,-5.333183494419785,-4.215263778588246,-1.1179197158315395,250.40546164238702,234.679,218.95253835761298,3.854285714285715,26875.214999999997,-7.160637238632589,223.67199999999997,0.8161617486842794
2025-10-17 03:00:00,223.83,224.32,222.09,222.74,9725.1,2025-10-17 03:59:59.999,2169076.1170,2646,3933.4,881115.2280,0,18.13741452295679,-5.43546776049385,-4.459304574969367,-0.9761631855244834,250.03568490467708,233.75849999999997,217.48131509532286,3.787857142857143,27002.090000000004,-5.498515061518871,223.612,0.8825644452476907
2025-10-17 04:00:00,222.81,222.89,221.18,221.81,944.2,2025-10-17 04:59:59.999,209816.7280,1878,103.0,22908.2330,0,18.340467566677745,-5.52785038762147,-4.6730137374997875,-0.8548366501216824,249.735761957986,232.869,216.002238042014,3.574999999999999,26574.27,-7.176933377971211,223.36600000000004,1.1971967256951959
2025-10-17 05:00:00,221.87,222.89,220.49,220.86,6415.3,2025-10-17 05:59:59.999,1417237.9950,2064,101.9,22525.5490,0,21.439568899153315,-5.6130179685428345,-4.861014583708397,-0.7520033848344374,248.84786479882638,231.79249999999996,214.73713520117354,3.3357142857142827,22494.239999999998,-6.624952437322956,222.842,1.629975459942617
2025-10-17 06:00:00,220.9,221.44,215.37,215.45,51194.6,2025-10-17 06:59:59.999,11134164.4120,2381,251.3,54892.4910,0,8.211873444721022,-6.047345640479932,-5.0982807950627045,-0.9490648454172277,247.95864118059302,230.38100000000003,212.80335881940704,3.4078571428571394,24009.9,-8.842817854876245,220.92800000000003,3.248394988300323
2025-10-17 07:00:00,215.45,215.81,208.7,208.7,61830.9,2025-10-17 07:59:59.999,13156491.3540,2724,315.0,67038.6450,0,7.118644067796694,-6.857176772066424,-5.450059990463449,-1.4071167816029755,247.51756216777255,228.625,209.73243783222745,3.7099999999999977,26773.045000000002,-10.255858955063436,217.91199999999998,5.876161161848259
2025-10-17 08:00:00,208.7,209.83,202.99,204.73,92835.7,2025-10-17 08:59:59.999,19098232.6660,2647,28417.4,5828990.8880,0,6.374172185430538,-7.730210544370948,-5.906090101244949,-1.8241204431259987,247.04467273028237,226.685,206.32532726971763,3.9978571428571406,30219.159999999996,-10.457487753673897,214.31,7.478311975306523
2025-10-17 09:00:00,204.73,210.23,204.49,207.67,101850.8,2025-10-17 09:59:59.999,21204997.1280,3470,96631.9,20121942.5840,0,14.838892029395197,-8.09158788117253,-6.343189657230466,-1.748398223942063,245.60747788839254,224.95299999999997,204.2985221116074,3.9949999999999966,35069.38,-9.30252871555226,211.48200000000003,6.548898380644807
2025-10-17 10:00:00,207.67,208.43,204.38,206.75,31730.1,2025-10-17 10:59:59.999,6531117.0450,2530,453.1,93674.9110,0,16.208706390861437,-8.35589675892544,-6.745731077569462,-1.6101656813559773,243.96302325653156,223.2385,202.51397674346842,3.9092857142857116,32992.259999999995,-7.3036226685796235,208.66,4.067517670522313
2025-10-17 11:00:00,206.75,212.01,206.66,209.98,97044.6,2025-10-17 11:59:59.999,20310930.3620,3170,86247.3,18040321.0650,0,23.09436100878436,-8.210088651680763,-7.038602592391722,-1.171486059289041,242.61304350434006,221.95250000000001,201.29195649565997,4.215714285714283,35797.784999999996,-5.855451936872312,207.56599999999997,1.9895300952765145
2025-10-17 12:00:00,209.99,211.19,207.58,207.6,13899.7,2025-10-17 12:59:59.999,2907267.0590,2819,2025.1,427268.0720,0,25.677378701953373,-8.192146816616656,-7.269311437236709,-0.9228353793799471,240.35891782301576,220.38449999999997,200.4100821769842,4.022857142857139,32489.385000000002,-7.105781277966707,207.346,1.8911715945442182
2025-10-17 13:00:00,207.96,208.57,204.86,206.54,74361.9,2025-10-17 13:59:59.999,15387244.0100,3312,22519.6,4677393.7960,0,24.847560975609767,-8.16929042940032,-7.449307235669431,-0.7199831937308891,238.2494574033538,218.885,199.52054259664618,4.120714285714279,35596.25,-8.212603324148972,207.708,1.3653827302302495
2025-10-17 14:00:00,206.55,206.77,200.44,202.85,106136.6,2025-10-17 14:59:59.999,21556377.3400,3958,53813.2,10934554.4740,0,21.3869625520111,-8.35264465101534,-7.629974718738613,-0.7226699322767258,236.000523927599,217.20999999999998,198.41947607240095,4.452857142857137,40061.16,-9.352935919206367,206.744,2.5694999513544943
2025-10-17 15:00:00,202.85,205.14,201.62,205.14,64059.7,2025-10-17 15:59:59.999,13037587.1940,3959,53294.5,10859339.2880,0,22.989130434782567,-8.218433347156378,-7.747666444422166,-0.4707669027342112,233.90343263121983,215.83949999999996,197.7755673687801,4.47214285714285,40953.384999999995,-7.901589296938144,206.42199999999997,2.6675681809488334
2025-10-17 16:00:00,205.14,207.97,201.87,202.04,99498.4,2025-10-17 16:59:59.999,20446795.9640,4381,58692.3,12120963.0570,0,21.883083290222416,-8.266918127903324,-7.851516781118399,-0.41540134678492535,232.52205290360723,214.50950000000003,196.49694709639283,4.626428571428564,44805.509999999995,-8.913033677471715,204.834,2.3663009107064656
2025-10-17 17:00:00,202.01,204.38,201.32,204.38,11374.0,2025-10-17 17:59:59.999,2308691.2860,2410,10689.6,2170265.1090,0,27.027027027027003,-8.02402821963733,-7.8860190688221845,-0.13800915081514553,230.47494785042778,213.27999999999997,196.08505214957216,4.685714285714279,45322.88,-7.46174046907544,204.19,1.7943801158088228
2025-10-17 18:00:00,204.38,206.07,202.77,203.59,23272.1,2025-10-17 18:59:59.999,4759864.0760,2435,11024.4,2257488.5720,0,27.122049221496724,-7.805307884441675,-7.869876831946084,0.06456894750440956,229.37786813958724,212.30749999999998,195.23713186041272,4.799285714285708,45386.305,-5.504757484335106,203.6,1.22231338044297
2025-10-17 19:00:00,203.59,204.25,202.0,202.79,10685.1,2025-10-17 19:59:59.999,2165528.6370,2087,802.6,163620.9320,0,27.224602974539934,-7.608814084674094,-7.817664282491687,0.2088501978175925,228.08491614661932,211.295,194.50508385338065,4.788571428571424,45789.295,-2.831816003833252,203.588,1.23177514182172
2025-10-17 20:00:00,202.91,206.98,202.0,206.65,22681.6,2025-10-17 20:59:59.999,4645006.4100,2565,22181.7,4542418.9850,0,38.45750262329488,-7.0602355910326935,-7.666178544199888,0.6059429531671947,226.3344416067112,210.4535,194.57255839328877,4.710714285714281,46867.205,0.9378205441313027,203.89,1.773428882140481
2025-10-17 21:00:00,206.71,209.38,206.22,209.01,35455.5,2025-10-17 21:59:59.999,7379980.8540,2629,34806.7,7244769.8280,0,50.45953157426623,-6.361716992423766,-7.405286233844664,1.0435692414208981,223.9804136939601,209.65299999999996,195.32558630603984,4.428571428571423,46435.75,0.6452544902971077,205.28400000000002,2.5325836610091352
2025-10-17 22:00:00,209.05,209.42,206.99,207.52,8209.9,2025-10-17 22:59:59.999,1705041.5300,1877,44.4,9251.3460,0,54.46400000000005,-5.860806785615978,-7.096390344198927,1.2355835585829489,221.54568376751055,208.84,196.13431623248945,4.11357142857142,46160.28999999999,0.37243047158404363,205.91199999999998,2.639435545720074
2025-10-17 23:00:00,207.35,207.45,205.62,206.4,3999.2,2025-10-17 23:59:59.999,823265.5090,1922,258.8,53412.5040,0,47.84233775059466,-5.490910677307397,-6.775294410820621,1.2843837335132235,218.94094486155615,208.023,197.10505513844384,3.839285714285708,45873.995,-1.704924278502707,206.474,2.298571295394333
2025-10-18 00:00:00,206.4,207.38,205.45,205.91,11097.0,2025-10-18 00:59:59.999,2298451.5650,2298,10524.6,2180358.2230,0,48.551724137931025,-5.1776198724788,-6.455759503152256,1.278139630673456,216.0293171263098,207.22799999999998,198.42668287369017,3.6878571428571365,46381.635,-0.8140655105973014,207.098,1.2178957262470878
2025-10-18 01:00:00,205.95,208.26,205.83,208.25,7778.0,2025-10-18 01:59:59.999,1614547.8890,1827,7089.3,1471806.7670,0,46.92280327285665,-4.686493231980165,-6.101906248917839,1.4154130169376735,212.67095518586544,206.5975,200.52404481413456,3.4792857142857065,46449.770000000004,0.8279267938413906,207.41800000000003,1.2794022041606026
2025-10-18 02:00:00,208.27,209.33,207.44,208.14,13197.4,2025-10-18 02:59:59.999,2754887.5790,2128,12468.5,2603033.3530,0,51.04489164086686,-4.2570750010251,-5.732939999339291,1.475864998314191,210.7405490722428,206.23200000000003,201.72345092775726,3.356428571428566,44549.91,2.607838304165636,207.244,1.0467712262051172
2025-10-18 03:00:00,208.14,210.41,207.53,210.2,836.7,2025-10-18 03:59:59.999,175192.0430,1549,161.4,33867.9080,0,56.81818181818181,-3.707792056538949,-5.327910410779223,1.6201183542402742,211.03307147416604,206.30699999999996,201.58092852583388,3.2971428571428527,41500.2,2.4666081700302245,207.78000000000003,1.7035404309881024
2025-10-18 04:00:00,210.2,210.41,207.41,207.55,5302.7,2025-10-18 04:59:59.999,1105709.2740,1861,247.9,51943.5200,0,59.108527131782985,-3.446584142116137,-4.951645157046606,1.5050610149304688,211.14414220173606,206.448,201.75185779826396,3.0592857142857093,37123.55,2.727182736091873,208.01,1.5404707072876178
2025-10-18 05:00:00,207.59,209.01,207.4,208.71,1271.3,2025-10-18 05:59:59.999,264952.9730,1502,469.6,98132.6850,0,57.235508715038556,-3.110121142019949,-4.583340354041275,1.473219212021326,211.27547682931743,206.5,201.72452317068257,2.9228571428571377,32094.575,2.1186026029944283,208.57,1.0005248622654899
2025-10-18 06:00:00,208.68,209.42,207.35,207.85,5892.9,2025-10-18 06:59:59.999,1223974.1210,1947,354.0,73712.5210,0,62.95140436914846,-2.8796715420334635,-4.242606591639713,1.3629350496062491,211.3677921647451,206.555,201.7422078352549,2.634999999999995,30802.715000000004,2.0924406896212933,208.49,1.0474015466913154
2025-10-18 07:00:00,207.85,210.82,207.34,208.45,66195.1,2025-10-18 07:59:59.999,13866256.6210,2831,61461.4,12876900.3290,0,59.8356694055099,-2.6184398435605374,-3.9177732420238778,1.2993333984633404,211.10718527428688,206.4785,201.84981472571312,2.6649999999999943,29260.24,2.7910646481581916,208.552,1.0305435459073886
2025-10-18 08:00:00,208.39,209.42,208.18,208.44,950.7,2025-10-18 08:59:59.999,198390.2080,1681,49.7,10399.9360,0,62.1798091411351,-2.3847290844314273,-3.6111644105053884,1.226435326073961,211.20691699067692,206.5205,201.83408300932308,2.5178571428571366,28612.79,0.8661988870070128,208.2,0.48093658626818864
2025-10-18 09:00:00,208.44,209.64,208.15,209.42,1202.1,2025-10-18 09:59:59.999,251132.8930,1630,242.1,50725.4600,0,66.50074664011947,-2.0962693263186054,-3.3081853936680314,1.211916067349426,211.5271156054427,206.6645,201.8018843945573,2.463571428571421,24954.8,0.19616286302090646,208.57399999999998,0.5682693023658698
2025-10-18 10:00:00,209.47,209.64,208.15,209.24,949.7,2025-10-18 10:59:59.999,198606.4480,1694,25.4,5324.8560,0,57.89152955514934,-1.8607379565567612,-3.0186959062457777,1.1579579496890164,211.62602950170677,206.98399999999998,202.3419704982932,2.214285714285706,19695.454999999998,0.8288357748650726,208.67999999999998,0.644321348405764
2025-10-18 11:00:00,209.2,209.99,208.15,209.99,5276.8,2025-10-18 11:59:59.999,1106768.0950,2064,4426.9,928864.5280,0,53.310810810810885,-1.5951707813136409,-2.7339908812593507,1.1388200999457099,211.96857715979536,207.2265,202.48442284020462,2.1199999999999926,16756.31,1.7393410852713194,209.108,0.6655599146669932
2025-10-18 12:00:00,209.99,210.47,208.29,208.55,6762.9,2025-10-18 12:59:59.999,1411123.4650,2184,508.9,106637.7070,0,53.491525423728824,-1.4837985410918577,-2.483952413225852,1.0001538721339944,211.64429108394904,207.552,203.45970891605094,2.1021428571428515,12119.535,1.282113544752569,209.12800000000001,0.6419267871116882
2025-10-18 13:00:00,208.54,208.81,207.6,208.1,1012.2,2025-10-18 13:59:59.999,210728.9440,1802,109.4,22835.7590,0,56.036931818181785,-1.4155291387397426,-2.27026775832863,0.8547386195888875,211.55194449770295,207.738,203.92405550229705,2.0528571428571376,11601.445,-0.07202881152461257,209.06,0.743067964597799
2025-10-18 14:00:00,208.1,210.08,207.3,209.98,8818.9,2025-10-18 14:59:59.999,1846355.6730,2193,8078.5,1692007.4980,0,63.154492566257275,-1.19593881907889,-2.055401970478682,0.8594631513997921,211.45636590992703,208.05750000000003,204.65863409007304,2.1135714285714227,10878.785,0.8840203709042008,209.17199999999997,0.845972812808749
2025-10-18 15:00:00,209.99,210.35,208.18,209.45,5133.4,2025-10-18 15:59:59.999,1071036.0730,2020,256.4,53678.1130,0,54.39238653001461,-1.05254539120628,-1.8548306546242017,0.8022852634179216,210.7679420132352,208.39050000000003,206.01305798676486,2.094999999999995,10601.2,-0.35680304471931495,209.214,0.8553537280047108
2025-10-18 16:00:00,209.48,210.04,207.93,209.74,16752.8,2025-10-18 16:59:59.999,3500409.6760,2574,8865.3,1858041.0370,0,55.78034682080934,-0.9050713905519103,-1.6648788018097433,0.759807411257833,210.84660127325142,208.54500000000002,206.2433987267486,2.110714285714278,10304.76,1.0551674295350506,209.164,0.8044439073120878
2025-10-18 17:00:00,209.74,211.56,208.7,211.56,4536.4,2025-10-18 17:59:59.999,956969.5430,2282,3698.8,781177.8330,0,55.000000000000064,-0.6340296932826561,-1.458708980104326,0.8246792868216699,211.3365442148972,208.67249999999999,206.00845578510277,2.109285714285708,8758.805,1.3655311197355156,209.766,1.238983454292949
2025-10-18 18:00:00,211.57,213.26,211.34,212.95,11637.9,2025-10-18 18:59:59.999,2469743.1850,2083,10927.9,2319186.1380,0,71.88006482982166,-0.30356648666810315,-1.2276804814170816,0.9241139947489785,212.16256064593463,208.94400000000002,205.7254393540654,2.0321428571428504,8930.205,2.4536925667548686,210.73600000000002,1.4830812519925836
2025-10-18 19:00:00,212.95,215.16,212.58,215.16,5844.1,2025-10-18 19:59:59.999,1252865.4870,2125,5157.9,1106285.4660,0,74.08513816280805,0.13509917648002556,-0.9551245498376602,1.0902237263176857,213.42221156298334,209.38199999999998,205.34178843701662,2.1014285714285643,9022.45,3.2189973614775766,211.772,2.368115284358451
2025-10-18 20:00:00,215.16,216.58,214.12,215.81,25473.7,2025-10-18 20:59:59.999,5497138.6140,2707,24343.2,5253185.6320,0,80.19726858877095,0.5290953606954076,-0.6582805677310466,1.1873759284264542,214.50868992689792,209.877,205.2453100731021,2.1292857142857082,9741.285,3.535789675686051,213.044,2.5127534698040725
2025-10-18 21:00:00,215.81,216.07,213.99,215.51,9703.2,2025-10-18 21:59:59.999,2085224.1610,2229,1687.8,364042.3970,0,77.40683229813666,0.8078206291185097,-0.3650603283611353,1.172880957479645,215.43813326817084,210.24,205.04186673182917,2.029285714285708,9837.545,2.9080317066182806,214.198,1.8548503982835718
2025-10-18 22:00:00,215.5,216.36,214.83,215.22,845.4,2025-10-18 22:59:59.999,182271.3870,1626,102.6,22176.0100,0,75.75987841945289,0.993855290941724,-0.09327720450056337,1.0871324954422874,216.14248258061144,210.594,205.04551741938855,2.049999999999995,9219.945000000002,2.8579621487287277,214.92999999999998,1.1366837730929908
2025-10-18 23:00:00,215.13,216.36,214.16,214.73,7131.4,2025-10-18 23:59:59.999,1530452.3760,2023,190.4,40878.5190,0,70.95501183898972,1.0891946380577053,0.14321716401109044,0.9459774740466149,216.66330204948395,210.82049999999998,204.97769795051602,2.1007142857142833,9534.68,2.2572503452545267,215.286,0.40438842715018647
2025-10-19 00:00:00,214.7,214.97,212.51,213.22,7147.3,2025-10-19 00:59:59.999,1524613.9430,2115,187.9,40250.6470,0,64.21428571428564,1.0310223927727407,0.3207782097634206,0.71024418300932,216.8276550707045,211.10399999999998,205.38034492929546,2.1699999999999995,9626.91,2.2392711579956783,214.898,1.0190534824104613
2025-10-19 01:00:00,213.23,213.8,212.51,213.36,975.6,2025-10-19 01:59:59.999,208111.0600,1742,339.9,72541.7470,0,62.58401792382373,0.9848643955519378,0.4535954469211241,0.5312689486308138,217.02838258561277,211.33650000000003,205.64461741438728,2.1307142857142867,9612.125,2.5276309466602687,214.408,1.0591364406971977
2025-10-19 02:00:00,213.37,213.81,212.51,213.08,869.2,2025-10-19 02:59:59.999,185283.7660,1553,23.0,4917.4650,0,68.52003270645946,0.9151410143044529,0.5459045603977899,0.36923645390666304,217.09258527719805,211.598,206.10341472280197,2.067857142857144,9360.94,1.4763310791504063,213.92200000000003,0.9817433473228029
2025-10-19 03:00:00,213.1,216.54,212.51,216.54,28757.4,2025-10-19 03:59:59.999,6184778.8030,2726,28178.5,6060656.9230,0,77.69028871391073,1.1260968721367988,0.6619430227455917,0.4641538493912071,217.70837462735892,212.0025,206.29662537264107,2.269285714285715,7489.055,3.3850560993077123,214.186,1.4727457350176376
2025-10-19 04:00:00,216.54,217.14,215.91,216.15,849.1,2025-10-19 04:59:59.999,183833.9690,1645,144.7,31394.2390,0,72.4363636363637,1.2474315542319232,0.779040729042858,0.46839082518906516,218.12218043517453,212.388,206.65381956482548,2.1585714285714284,7483.975,3.056164775436253,214.46999999999997,1.7200290695254916
2025-10-19 05:00:00,216.17,217.44,215.32,215.45,15340.7,2025-10-19 05:59:59.999,3318760.8560,1184,5972.7,1298229.9220,0,71.55172413793102,1.272438139301272,0.877720211094541,0.394717928206731,218.40066533412093,212.6895,206.9783346658791,2.155000000000001,8190.905000000001,1.8387218755908423,214.916,1.5997906113028832
2025-10-19 06:00:00,215.45,215.45,215.1,215.25,1911.4,2025-10-19 06:59:59.999,411479.5250,158,57.8,12445.4630,0,69.92046276211134,1.2615750576399876,0.9544911804036303,0.3070838772363572,218.56784716063007,212.99,207.41215283936995,2.029285714285716,8238.99,1.080065743132196,215.294,1.3428812307918305
2025-10-19 07:00:00,215.04,215.05,214.47,214.58,484.3,2025-10-19 07:59:59.999,104118.0430,177,24.5,5268.0460,0,61.90851735015779,1.185239879043536,1.0006409201316115,0.18459895891192435,218.65347683198104,213.2195,207.78552316801898,1.8807142857142867,7999.365000000001,-0.2695668339840045,215.594,0.7699545441213306
2025-10-19 08:00:00,214.92,217.44,213.36,213.36,19313.2,2025-10-19 08:59:59.999,4153035.3760,370,5815.8,1255547.7840,0,51.63868904876109,1.014604170695776,1.0034335702444444,0.01117060045133167,218.42974424842134,213.45999999999998,208.49025575157862,2.0350000000000006,8626.88,-1.135257865715207,214.958,1.0541204864781095
2025-10-19 09:00:00,213.36,217.44,212.17,216.92,37298.7,2025-10-19 09:59:59.999,7986256.4140,488,17588.5,3771319.3830,0,56.349206349206334,1.1533413887049448,1.0334151339365445,0.11992625476840035,218.41226263104866,213.901,209.38973736895136,2.2271428571428595,10441.205,0.6542619832026341,215.112,1.299488360860876
2025-10-19 10:00:00,216.96,218.42,214.8,218.42,28805.9,2025-10-19 10:59:59.999,6240379.7220,378,23717.4,5138241.9070,0,58.871515975526826,1.3685532673304692,1.1004427606153295,0.2681105067151397,218.86879088133432,214.323,209.7772091186657,2.31,11440.555,1.4868506644363855,215.706,1.9886628673591458
2025-10-19 11:00:00,218.42,220.27,218.42,220.27,16746.2,2025-10-19 11:59:59.999,3672572.1660,260,16522.1,3623245.5000,0,64.63714637146381,1.6691488614972059,1.214183980791705,0.4549648807055009,219.54142799319868,214.86399999999998,210.18657200680127,2.2935714285714317,12021.195,2.5799841661621667,216.70999999999998,2.8018386820110592
2025-10-19 12:00:00,220.27,220.42,220.25,220.42,3331.4,2025-10-19 12:59:59.999,734127.4350,96,3312.7,730008.6400,0,66.12903225806454,1.8976024026648872,1.3508676651663416,0.5467347374985456,220.050847911139,215.398,210.745152088861,2.1964285714285734,11350.125,3.3767939217709353,217.878,2.907201403414261
2025-10-19 13:00:00,220.25,223.62,220.25,223.62,35803.3,2025-10-19 13:59:59.999,7935357.0260,342,35790.1,7932442.1750,0,73.60594795539043,2.31023577648304,1.5427412874296815,0.7674944890533586,221.5910584687631,216.00099999999998,210.41094153123686,2.280000000000001,12913.470000000001,4.808773903262088,219.92999999999998,2.51555162936772
2025-10-19 14:00:00,223.62,225.46,223.28,225.46,14725.3,2025-10-19 14:59:59.999,3305667.1700,225,14446.9,3243141.5580,0,81.94154488517754,2.7539771858675124,1.7849884671172482,0.9689887187502642,223.44397993261134,216.6265,209.80902006738864,2.260000000000001,13067.84,5.810024403979724,221.638,2.8392992093147145
2025-10-19 15:00:00,225.46,225.46,224.71,225.15,570.3,2025-10-19 15:59:59.999,128420.1290,82,411.0,92573.9740,0,80.49663735126751,3.045524134121848,2.0370956005181684,1.0084285336036798,224.88934274177655,217.12599999999998,209.3626572582234,2.221428571428571,12804.15,3.9761706844001177,222.984,2.508312181530762
2025-10-19 16:00:00,225.43,225.48,222.79,223.02,13819.2,2025-10-19 16:59:59.999,3089578.2200,327,2330.5,520178.3700,0,73.4655335221908,3.0693227501718923,2.243541030448913,0.8257817197229791,225.65174412243297,217.48649999999998,209.32125587756698,2.3207142857142844,12221.425,3.1783483691880656,223.53400000000002,2.0180138750801015
2025-10-19 17:00:00,223.02,225.48,222.79,223.24,14159.2,2025-10-19 17:59:59.999,3172509.6030,338,7684.3,1716287.1720,0,68.67335562987745,3.0705402100381605,2.4089408663667626,0.6615993436713978,226.36939948510573,217.873,209.37660051489425,2.2249999999999983,12444.225,3.6156880946855514,224.098,1.1278829726598367
2025-10-19 18:00:00,223.27,223.44,222.79,223.44,2119.3,2025-10-19 18:59:59.999,473232.3640,128,2072.2,462734.9220,0,70.53521126760565,3.052456565089642,2.537644006111339,0.5148125589783032,227.0315889008873,218.28400000000002,209.53641109911274,2.1835714285714283,12507.92,3.804878048780487,224.06199999999998,1.149617327642542
2025-10-19 19:00:00,223.44,223.85,223.13,223.85,77.9,2025-10-19 19:59:59.999,17412.0540,149,68.3,15267.1850,0,74.0549828178695,3.036209190100351,2.6373570429091413,0.39885214719120965,227.6567164123867,218.74,209.82328358761333,2.0835714285714277,12155.244999999999,4.32006710783856,223.74,0.8453697416017846
2025-10-19 20:00:00,223.85,224.89,223.37,224.89,182.2,2025-10-19 20:59:59.999,40860.5720,271,119.7,26823.6130,0,76.33879781420768,3.0718420536830138,2.724254045063916,0.3475880086190979,228.24662023547936,219.32350000000002,210.4003797645207,2.1671428571428555,11806.990000000002,5.404011998500175,223.68800000000002,0.738153100661268
2025-10-19 21:00:00,224.95,225.32,224.45,224.45,34.2,2025-10-19 21:59:59.999,7688.1520,73,0,0,0,77.3104593248478,3.0296530772457118,2.7853338515002752,0.24431922574543652,228.61718122143205,219.878,211.13881877856792,2.173571428571427,11759.92,3.4713258344089994,223.974,0.6900941964804252
2025-10-19 22:00:00,224.45,225.48,224.37,225.48,156.5,2025-10-19 22:59:59.999,35274.9630,64,133.6,30124.1200,0,83.89261744966443,3.044238317048297,2.8371147446098797,0.20712357243841728,228.96160281626902,220.498,212.03439718373096,1.96142857142857,11724.285,3.232304733998719,224.42199999999997,0.8109685567370432
2025-10-19 23:00:00,224.82,225.48,223.0,223.0,11817.0,2025-10-19 23:59:59.999,2644425.7310,298,102.3,22860.3210,0,68.09523809523816,2.823138566842033,2.8343195090563107,-0.011180942214277678,229.14044304815877,220.821,212.50155695184122,1.7621428571428541,10877.265,1.2393880237889814,224.33399999999997,0.9552120183582944
2025-10-20 00:00:00,222.89,223.17,218.56,220.44,32371.6,2025-10-20 00:59:59.999,7139428.8930,557,1969.8,432901.5160,0,55.655095184770474,2.4135232233263935,2.7501602519103274,-0.33663702858393396,229.06398999369904,221.0355,213.007010006301,1.8328571428571405,12453.39,0.009073586788862277,223.652,2.0157554415195866
2025-10-20 01:00:00,220.44,221.09,220.44,221.01,1421.2,2025-10-20 01:59:59.999,313392.3600,154,1271.9,280477.0570,0,52.23160434258137,2.1105650684541786,2.622241215219098,-0.5116761467649193,228.90055622130492,221.31350000000003,213.72644377869514,1.7471428571428536,11757.415,-1.1671585725784874,222.87600000000003,2.161580440329594
2025-10-20 02:00:00,220.86,221.27,220.68,221.27,70.8,2025-10-20 02:59:59.999,15649.5720,119,59.2,13087.9390,0,52.54643499101265,1.8698934078739171,2.471771653750062,-0.6018782458761449,228.6460094583692,221.6145,214.58299054163078,1.7771428571428547,11665.385,-1.8584227800940287,222.24,2.047498473751612
2025-10-20 03:00:00,221.27,226.85,220.72,226.85,46586.5,2025-10-20 03:59:59.999,10411011.2060,631,46582.4,10410099.5880,0,58.468799160985824,2.1051518685826807,2.3984476967165858,-0.2932958281339051,228.8014509081671,222.228,215.6545490918329,1.9742857142857113,13970.495,0.7550521874305968,222.51399999999998,2.6051928911340347
2025-10-20 04:00:00,226.85,228.89,226.85,228.8,9724.3,2025-10-20 04:59:59.999,2217006.5110,2534,8792.9,2004485.5000,0,58.706986444212745,2.4210363962764916,2.402965436628567,0.01807095964792449,228.76520963237596,223.0,217.23479036762404,1.9642857142857102,13491.05,2.5916958120347955,223.67399999999998,3.863214982371018
2025-10-20 05:00:00,228.89,229.65,227.31,229.61,6688.8,2025-10-20 05:59:59.999,1532611.0460,2594,5696.9,1306012.3200,0,61.33130081300816,2.7055495003525323,2.46348224937336,0.24206725097917214,229.37544609844406,223.63449999999997,217.8935539015559,2.077857142857139,11960.555,2.8534312847160024,225.50799999999998,4.11270227466283
2025-10-20 06:00:00,229.62,234.32,229.32,234.04,26464.6,2025-10-20 06:59:59.999,6147652.7500,3747,25576.7,5942630.0600,0,75.06824385805278,3.251016467929162,2.6209890930845208,0.6300273748446412,231.30465081467554,224.41549999999998,217.52634918532442,2.2428571428571393,11843.49,4.744002864303614,228.11399999999998,4.6439239873212825
2025-10-20 07:00:00,234.04,234.32,232.15,233.55,3930.3,2025-10-20 07:59:59.999,913807.6670,2384,115.3,26859.8270,0,73.16853932584276,3.6022396879059784,2.8172392120488126,0.7850004758571658,232.79650644168638,225.0795,217.36249355831362,2.2057142857142815,11202.695,4.3332588787134325,230.57000000000002,3.115052166500462
2025-10-20 08:00:00,233.54,235.12,232.15,233.06,19749.0,2025-10-20 08:59:59.999,4620390.1170,3092,13474.1,3156626.2300,0,71.33984028393971,3.797275091729375,3.0132463879849256,0.7840287037444496,233.87898179963346,225.71149999999997,217.54401820036648,2.3714285714285666,12023.575,3.6328871892925503,231.81199999999998,2.4219351766758277
2025-10-20 09:00:00,233.03,233.85,232.17,233.85,1693.0,2025-10-20 09:59:59.999,394385.1590,2342,393.5,91878.3200,0,71.81500872600353,3.9698267603461943,3.20456246245718,0.7652642978890145,235.09032642315105,226.223,217.35567357684897,2.4399999999999955,10318.060000000001,4.1880151481399,232.82200000000003,1.8332948480864337
2025-10-20 10:00:00,233.85,234.37,230.97,231.67,17134.7,2025-10-20 10:59:59.999,3993607.8000,3605,10220.7,2391880.4950,0,64.08977556109727,3.8858734892016855,3.3408246678060816,0.545048821395604,235.71757609311825,226.5335,217.34942390688175,2.5742857142857116,10438.529999999999,2.7452545680326406,233.23399999999998,0.9493840108304389
2025-10-20 11:00:00,231.65,232.54,230.97,231.63,1125.0,2025-10-20 11:59:59.999,260667.2270,2051,163.8,38045.9080,0,65.17328825021136,3.7726237925590738,3.4271844927566804,0.3454392998023934,236.28992085351743,226.85750000000002,217.4250791464826,2.624285714285711,10466.265,3.8699551569506703,232.752,1.0448540568042228
2025-10-20 12:00:00,231.65,232.54,230.42,230.77,2820.5,2025-10-20 12:59:59.999,650796.2670,2025,367.5,85082.7290,0,61.260110685398104,3.5722985454167997,3.456207303288704,0.11609124212809574,236.65035457794212,227.24499999999998,217.83964542205783,2.6964285714285694,9916.329999999998,4.686082380693165,232.196,1.2361957773831453
2025-10-20 13:00:00,230.77,231.45,229.83,230.93,1234.1,2025-10-20 13:59:59.999,284581.6900,1886,166.5,38444.7740,0,68.72933396315545,3.3874021432920642,3.442446271289376,-0.055044127997311953,236.97402493793905,227.6295,218.28497506206097,2.634999999999997,9270.074999999999,4.48848468395096,231.76999999999998,1.2310158406859202
2025-10-20 14:00:00,231.03,231.46,228.87,230.46,21174.0,2025-10-20 14:59:59.999,4865203.0620,2109,10274.2,2365027.0820,0,76.25786163522021,3.166444538854819,3.3872459248024653,-0.22080138594764653,237.18880854803226,227.98049999999998,218.7721914519677,2.490714285714284,10222.81,4.153296877118452,231.092,0.5368612483866264
2025-10-20 15:00:00,230.57,231.72,228.85,228.85,9355.2,2025-10-20 15:59:59.999,2154872.9450,2125,3565.1,825065.3670,0,69.48310139165014,2.82881172012074,3.27555908386612,-0.44674736374538027,237.2358959847461,228.23050000000003,219.22510401525398,2.6492857142857127,10686.675,0.8816398501212255,230.52799999999996,1.031368023558479
2025-10-20 16:00:00,228.85,230.47,224.76,226.37,55982.9,2025-10-20 16:59:59.999,12682430.6630,2711,431.8,97739.9150,0,61.41450313339303,2.3342126545015844,3.0872897979932135,-0.753077143491629,237.21817364753232,228.30450000000002,219.3908263524677,3.0149999999999983,13476.709999999997,-1.06206293706294,229.47600000000003,1.9232732515215603
2025-10-20 17:00:00,226.37,227.53,225.04,226.05,10168.1,2025-10-20 17:59:59.999,2301141.5550,2081,5580.5,1266549.2240,0,47.658079625292785,1.894578484520764,2.848747535298724,-0.9541690507779599,237.18045714548668,228.38450000000003,219.58854285451338,2.7549999999999994,13983.404999999999,-1.5504551195505432,228.532,2.258499501885658
2025-10-20 18:00:00,226.07,227.56,225.19,227.56,8197.8,2025-10-20 18:59:59.999,1862756.2280,2093,7381.8,1677995.8310,0,46.27403846153842,1.6490009612078893,2.608798220480557,-0.9597972592726678,237.18852365392888,228.4885,219.7884763460711,2.778571428571429,14385.469999999998,-2.7687574773542942,227.858,1.825258885752206
2025-10-20 19:00:00,227.56,229.31,226.78,229.05,11101.8,2025-10-20 19:59:59.999,2535896.4410,1988,10432.4,2383579.6720,0,48.383371824480356,1.5566652838406867,2.3983716331525833,-0.8417063493118966,237.09941019690137,228.791,220.48258980309862,2.7921428571428573,14349.709999999997,-1.9267822736030826,227.57600000000002,1.3765100798821701
2025-10-20 20:00:00,229.05,229.38,228.37,229.34,846.6,2025-10-20 20:59:59.999,193763.6790,1604,61.3,14049.5290,0,32.169954476479504,1.4897166444921197,2.216640635420491,-0.7269239909283711,236.55565889340235,229.23600000000002,221.91634110659768,2.5071428571428567,12773.46,-1.5961554964386848,227.67400000000004,1.5016424341424572
2025-10-20 21:00:00,229.29,230.24,227.87,228.0,7578.2,2025-10-20 21:59:59.999,1731362.0210,2074,1164.2,267410.7420,0,30.220955096222298,1.313392592073825,2.035991026751158,-0.7225984346773329,235.84161776373003,229.5855,223.32938223626996,2.5214285714285722,13081.31,-2.501603592046181,228.0,1.3128404320470444
2025-10-20 22:00:00,228.0,229.11,227.48,228.98,865.5,2025-10-20 22:59:59.999,197657.4310,1617,333.2,76133.2240,0,35.950413223140416,1.238456168189714,1.876484055038869,-0.6380278868491551,234.87335560993793,229.971,225.06864439006208,2.4257142857142884,13121.044999999998,-1.161134372167306,228.586,0.7640549718559558
2025-10-20 23:00:00,229.03,229.27,227.48,228.79,803.4,2025-10-20 23:59:59.999,183872.6250,1518,115.2,26406.8760,0,31.824712643678097,1.1504751390133947,1.7312822718337741,-0.5808071328203794,234.78355365951478,230.06799999999998,225.3524463404852,2.4335714285714323,10831.89,-1.226093338514011,228.83200000000002,0.505341468729745
2025-10-21 00:00:00,228.79,229.28,227.82,227.82,838.0,2025-10-21 00:59:59.999,191545.0850,1494,99.7,22858.8420,0,34.8544453186467,0.9910543880745308,1.5832366950819254,-0.5921823070073946,234.80979775798028,230.019,225.22820224201973,2.295000000000004,10387.575,-1.2783290722364333,228.586,0.6510606730695765
2025-10-21 01:00:00,227.82,229.28,226.34,226.34,7982.1,2025-10-21 01:59:59.999,1813453.4170,1945,268.9,61120.9280,0,31.307420494699613,0.7367953451671667,1.4139484250989738,-0.6771530799318071,234.920423649861,229.85549999999998,224.79057635013896,2.392857142857147,10452.24,-1.9876152946780423,227.98600000000002,1.0454090108744432
2025-10-21 02:00:00,226.34,227.24,223.9,223.9,6792.4,2025-10-21 02:59:59.999,1529746.8680,2053,104.0,23421.3820,0,28.162746344564454,0.3345491395256204,1.1980685679843033,-0.8635194284586829,234.67313697798664,229.3485,224.02386302201336,2.480000000000004,9468.630000000001,-2.846480951141197,227.166,2.10384885389066
2025-10-21 03:00:00,223.98,225.34,223.05,223.16,6680.7,2025-10-21 03:59:59.999,1491999.5700,1711,54.5,12212.4050,0,26.180257510729547,-0.043444886427408846,0.9497658771019608,-0.9932107635293697,234.4469820314093,228.829,223.2110179685907,2.527857142857148,9606.15,-2.486344767314834,226.002,2.4334995377062407
2025-10-21 04:00:00,223.19,223.26,218.96,219.08,22159.6,2025-10-21 04:59:59.999,4910085.6750,2867,267.9,59355.8280,0,21.435742971887507,-0.6645690391093808,0.6268988938596924,-1.2914679329690733,234.89349022324828,228.13000000000002,221.36650977675177,2.6500000000000035,9726.679999999998,-3.220391394619425,224.06,3.3530583054900207
2025-10-21 05:00:00,219.2,219.84,218.35,218.89,1742.5,2025-10-21 05:59:59.999,381358.5760,1700,332.0,72816.6260,0,23.08108108108101,-1.1587880300811548,0.2697615090715229,-1.4285495391526777,234.76272767771627,227.382,220.00127232228374,2.5514285714285756,9729.154999999999,-3.1674408316744196,222.27399999999997,3.225458107000442
2025-10-21 06:00:00,218.89,220.5,218.33,220.31,2888.7,2025-10-21 06:59:59.999,635008.9300,1620,2117.9,466127.0200,0,32.62614678899081,-1.4195147263687034,-0.06809373801652245,-1.3514209883521808,234.5454216027827,226.814,219.08257839721728,2.298571428571431,9016.855,-3.1859729302162068,221.06800000000004,2.3273955400864645
2025-10-21 07:00:00,220.29,221.32,218.97,221.16,6599.6,2025-10-21 07:59:59.999,1456304.9370,1719,5919.2,1306463.5460,0,36.39398998330547,-1.5398047052107984,-0.3624359314553777,-1.1773687737554206,234.06662398374033,226.29049999999998,218.51437601625963,2.28857142857143,9290.585,-3.444662737393588,220.51999999999998,1.7431150277632652
2025-10-21 08:00:00,221.13,221.33,219.24,220.8,5063.9,2025-10-21 08:59:59.999,1112132.5870,1969,262.0,57778.6200,0,29.9048751486326,-1.6452193073781984,-0.6189926066399419,-1.0262267007382566,233.63698659889346,225.792,217.94701340110655,2.26857142857143,9402.755000000001,-3.7237289613673985,220.048,1.018415435867871
2025-10-21 09:00:00,220.8,221.33,219.83,220.19,825.6,2025-10-21 09:59:59.999,181748.7310,1746,1.6,353.9180,0,22.208281053952277,-1.7577211260861816,-0.8467383105291901,-0.9109828155569915,233.0894596428033,225.25500000000002,217.42054035719676,2.195000000000001,9382.33,-3.4254385964912286,220.26999999999998,0.8639155051358006
2025-10-21 10:00:00,220.26,222.81,219.82,222.58,16165.3,2025-10-21 10:59:59.999,3588974.0460,2139,15378.5,3415191.0330,0,31.263858093126444,-1.6351772960017854,-1.004426107623709,-0.6307511883780763,232.37951021076987,224.86100000000002,217.34248978923017,2.336428571428574,9131.895,-2.7950039304742673,221.00799999999998,0.9609734647815902
2025-10-21 11:00:00,222.47,222.81,221.07,221.42,1133.1,2025-10-21 11:59:59.999,251178.3840,1622,2.9,646.1490,0,31.578947368421055,-1.613068286152128,-1.126154543329393,-0.48691374282273503,231.91174387975113,224.4895,217.06725612024886,2.2914285714285745,8720.789999999999,-3.2212946370033677,221.23000000000002,0.8845903006558578
2025-10-21 12:00:00,221.48,223.7,220.92,222.01,6002.2,2025-10-21 12:59:59.999,1336891.3690,1896,4752.2,1059519.8350,0,30.05151688609051,-1.530298340701222,-1.2069833028037589,-0.3233150378974632,231.71726538075433,224.27149999999997,216.82573461924562,2.37357142857143,6221.754999999999,-2.550258976384866,221.4,0.9472328119393277
2025-10-21 13:00:00,222.01,223.7,220.71,220.99,21482.8,2025-10-21 13:59:59.999,4769620.4950,2676,10281.9,2289555.5490,0,28.688524590164022,-1.5293783168784216,-1.2714623056186916,-0.25791601125973007,231.55315334654546,224.0185,216.48384665345452,2.4592857142857127,6787.49,-2.3637006273747434,221.43800000000002,0.9205813380763815
2025-10-21 14:00:00,221.03,232.51,220.71,232.51,125079.3,2025-10-21 14:59:59.999,28330737.8340,3647,119354.7,27040081.9180,0,58.12824956672443,-0.5922543287908297,-1.1356207102531193,0.5433663814622895,232.57579738811697,224.266,215.95620261188301,3.1978571428571394,12631.564999999999,3.8454667262170545,223.902,4.849357689428114
2025-10-21 15:00:00,232.51,235.89,231.57,235.55,59910.2,2025-10-21 15:59:59.999,14035012.7740,1269,57838.7,13554302.5240,0,65.14304505097007,0.3912160815774257,-0.8302533518870102,1.2214694334644358,234.1091818254924,224.59099999999998,215.07281817450755,3.2964285714285677,15071.984999999997,5.552070263488087,226.496,6.970457660729092
2025-10-21 16:00:00,235.52,236.01,231.55,231.55,22456.6,2025-10-21 16:59:59.999,5252668.9640,494,1046.7,246952.2930,0,61.964341570222075,0.8381947098536671,-0.4965637395388748,1.3347584493925417,234.49903411511377,224.70149999999998,214.9039658848862,3.376428571428566,16152.485,5.691984663136753,228.522,6.587922282481619
2025-10-21 17:00:00,231.55,232.8,229.67,231.83,22663.1,2025-10-21 17:59:59.999,5235480.7970,394,5988.9,1381866.8760,0,63.757537289749294,1.2011757467099642,-0.15701584228910692,1.358191588999071,235.1030303623435,224.89299999999997,214.68296963765644,3.4364285714285683,16906.73,5.91164511855271,230.48600000000002,5.541956333283282
2025-10-21 18:00:00,231.83,232.08,229.67,230.59,2580.8,2025-10-21 18:59:59.999,596888.5450,310,54.6,12576.1850,0,70.07324729682588,1.3729566075322452,0.1489786476751636,1.2239779598570817,235.34334550460855,224.9735,214.60365449539145,3.301428571428571,16992.495,4.666152240025419,232.406,1.8879830507765625
2025-10-21 19:00:00,230.6,230.72,229.67,229.67,1758.7,2025-10-21 19:59:59.999,405484.6390,226,1611.3,371601.6140,0,68.3333333333333,1.4185062095152148,0.40288416004317396,1.0156220494720407,235.4627232850074,225.0175,214.57227671499263,3.27,17040.26,3.847892928196776,231.83800000000002,2.2427483140154965
2025-10-21 20:00:00,229.72,229.72,226.21,226.4,44568.3,2025-10-21 20:59:59.999,10154224.3950,788,119.7,27245.0990,0,59.74399999999999,1.1771732058321902,0.5577419692009773,0.6194312366312129,235.33064028572707,224.94649999999996,214.56235971427284,3.365714285714286,19226.775,2.5362318840579685,230.00799999999998,2.18906829496443
2025-10-21 21:00:00,226.21,226.67,223.34,225.73,18733.3,2025-10-21 21:59:59.999,4220534.7360,565,3641.8,819672.6600,0,57.35436112005147,0.921232268977036,0.6304400291561891,0.2907922398208469,235.28648118459202,224.91600000000003,214.54551881540803,3.4357142857142855,19764.335,2.51600890140333,228.844,2.6606916394084377
2025-10-21 22:00:00,225.73,225.8,221.26,221.5,37249.9,2025-10-21 22:59:59.999,8312823.8400,623,62.0,13822.7620,0,51.00171722953633,0.3727744720793851,0.5789069177408284,-0.2061324456614433,235.27099760080253,224.796,214.32100239919745,3.6107142857142867,21287.21,-0.4852187977356512,226.77800000000002,3.605325228050446
2025-10-21 23:00:00,221.45,221.81,218.84,218.84,28340.7,2025-10-21 23:59:59.999,6242804.8640,767,26.6,5899.5030,0,48.17518248175184,-0.2733708043740819,0.40845137331784626,-0.6818221776919282,235.3704519197092,224.58,213.7895480802908,3.7157142857142866,22370.21,-1.1652063950862541,224.42799999999997,4.2679468131662395
2025-10-22 00:00:00,218.84,219.94,216.89,217.42,24036.2,2025-10-22 00:59:59.999,5236676.8940,656,45.2,9878.8320,0,42.837312604108796,-0.8897709975570081,0.14880689914287537,-1.0385778966998833,235.48923285587927,224.497,213.50476714412076,3.720000000000001,22464.04,-2.067474438088376,221.978,4.015049190235994
2025-10-22 01:00:00,217.38,219.28,216.89,219.28,12899.1,2025-10-22 01:59:59.999,2822568.1950,530,8146.8,1781865.8300,0,47.086056644880195,-1.2141897130416055,-0.12379242329402089,-1.0903972897475847,235.46816082093574,224.5165,213.56483917906428,3.766428571428573,23021.87,-0.7737906692610561,220.554,3.2430201972874064
2025-10-22 02:00:00,219.06,219.9,219.0,219.27,508.3,2025-10-22 02:59:59.999,111556.2250,954,131.1,28804.1030,0,46.20918649695631,-1.455324721321091,-0.390098882899435,-1.065225838421656,235.50973421876353,224.4645,213.41926578123645,3.632142857142859,22902.85,-5.694378736398426,219.262,1.464588679463807
2025-10-22 03:00:00,219.27,219.9,217.57,218.7,2147.8,2025-10-22 03:59:59.999,468603.8770,1916,220.4,48132.2750,0,46.79181843653682,-1.6731333492172382,-0.6467057761629958,-1.0264275730542423,235.59451227508154,224.34150000000005,213.08848772491856,3.585000000000004,22680.260000000002,-7.153470600721724,218.702,0.7614591256353161
2025-10-22 04:00:00,218.71,220.47,217.57,220.47,5636.2,2025-10-22 04:59:59.999,1236880.6770,1675,5121.4,1123793.3670,0,26.792598303778036,-1.6835175066946988,-0.8540681222693365,-0.8294493844253623,235.60082136114252,224.325,213.04917863885746,2.9492857142857196,22708.874999999996,-4.785143597495146,219.02799999999996,1.1061961851378082
2025-10-22 05:00:00,220.37,220.47,218.05,218.37,15858.4,2025-10-22 05:59:59.999,3467877.4350,308,14.9,3256.8740,0,15.640000000000057,-1.8399892254398083,-1.051252342903431,-0.7887368825363772,235.6784459524204,224.23399999999998,212.78955404757957,2.8135714285714335,23460.515,-5.805978518742185,219.21800000000002,0.8002312165952478
2025-10-22 06:00:00,218.32,218.36,218.05,218.05,95.8,2025-10-22 06:59:59.999,20895.7890,176,27.0,5891.9970,0,18.33958724202634,-1.9671395552208253,-1.23442978536691,-0.7327097698539153,235.76480881308697,224.0075,212.250191186913,2.517857142857149,22657.04,-5.4382236870636165,218.97200000000004,0.9512202689248095
2025-10-22 07:00:00,218.05,218.39,216.9,218.26,1127.3,2025-10-22 07:59:59.999,245195.9180,2113,8.8,1921.7390,0,18.070588235294096,-2.0275890779242047,-1.393061643878369,-0.6345274340458358,235.83591595175128,223.84949999999998,211.86308404824868,2.400714285714289,22656.749999999996,-4.967997561718987,218.76999999999998,0.9789535229076454
2025-10-22 08:00:00,218.14,218.39,216.87,217.38,1587.9,2025-10-22 08:59:59.999,345333.4540,2699,1.7,371.2630,0,18.38200095739589,-2.122042817045923,-1.5388578785118798,-0.5831849385340431,235.92846726207028,223.61800000000002,211.30753273792976,2.337142857142857,22436.035,-3.984098939929333,218.506,1.1631981774457716
2025-10-22 09:00:00,217.38,218.39,215.75,216.21,2797.3,2025-10-22 09:59:59.999,605867.6150,2790,366.8,79540.4370,0,18.164616840113553,-2.265195543514011,-1.6841254115123063,-0.5810701320017047,236.0835849991244,223.379,210.67441500087557,2.450714285714284,21501.760000000002,-4.2174279005891915,217.654,0.89399664429613
2025-10-22 10:00:00,216.21,217.22,215.35,215.35,2366.4,2025-10-22 10:59:59.999,510381.7820,1600,12.1,2628.3620,0,20.50186865990389,-2.420142032416237,-1.8313287356930927,-0.5888132967231443,234.94379043151102,222.52100000000002,210.098209568489,2.3335714285714277,15366.115,-2.7765237020316054,217.05,1.2418333221541555
2025-10-22 11:00:00,215.35,221.59,214.3,219.4,54540.5,2025-10-22 11:59:59.999,11864145.4230,2557,37162.5,8106561.3570,0,35.68521031207602,-2.19088196494738,-1.9032393815439506,-0.2876425834034293,232.5713553179365,221.7135,210.8556446820635,2.616428571428571,15097.63,0.25589471760190197,217.32000000000002,1.6067513808964244
2025-10-22 12:00:00,219.4,221.34,218.31,220.5,27150.3,2025-10-22 12:59:59.999,5976029.7120,2547,24289.8,5349907.1060,0,47.36564805057956,-1.898545650378395,-1.9023006353108396,0.0037549849324445272,230.98687968473695,221.161,211.33512031526305,2.5085714285714267,15332.315000000002,1.416613007083071,217.76800000000003,2.1535946693871604
2025-10-22 13:00:00,220.62,223.73,219.37,223.73,55225.5,2025-10-22 13:59:59.999,12249386.0420,3701,46862.8,10411065.5610,0,62.50639386189255,-1.3902075617516516,-1.799882020599002,0.40967445884735043,229.31654941670033,220.756,212.19545058329967,2.60785714285714,16960.434999999998,2.029368843487773,219.038,3.386822995081582
2025-10-22 14:00:00,223.73,223.87,218.76,223.01,66034.8,2025-10-22 14:59:59.999,14609940.3070,4425,34482.0,7651579.7890,0,64.82758620689657,-1.0335300557136122,-1.646611627621924,0.6130815719083118,227.68372970263357,220.377,213.07027029736645,2.7549999999999977,20133.135000000002,1.7056596889679303,220.398,3.3321719643520784
2025-10-22 15:00:00,223.01,224.27,219.81,223.31,66807.9,2025-10-22 15:59:59.999,14846143.2270,3369,41958.7,9345477.0580,0,61.654135338345874,-0.7183721229976072,-1.4609637266970608,0.7425916036994535,226.10817706451667,220.05900000000003,214.00982293548338,2.90285714285714,23385.594999999998,2.107910379515324,221.99,1.9195442167386085
2025-10-22 16:00:00,223.18,223.59,220.92,220.92,24182.8,2025-10-22 16:59:59.999,5373580.3980,3168,8939.6,1994203.8990,0,54.194204372140256,-0.6539222084993241,-1.2995554230575135,0.6456332145581893,225.07344022373132,219.785,214.49655977626867,3.029285714285712,22366.32,0.20410940263980978,222.294,1.4759166643190877
2025-10-22 17:00:00,220.92,221.65,218.3,218.88,4599.8,2025-10-22 17:59:59.999,1010822.1690,2416,196.6,43325.7100,0,50.42573320719018,-0.7587101990376937,-1.1913863782535496,0.432676179215856,223.93754932353718,219.44249999999997,214.94745067646275,3.1021428571428538,21659.645,0.23354856436323254,221.96999999999997,2.0387128292171703
2025-10-22 18:00:00,218.9,219.54,217.27,217.83,11404.0,2025-10-22 18:59:59.999,2483195.8890,2479,258.2,56245.8250,0,43.53574926542608,-0.9159234657098239,-1.1362937957448045,0.22037033003498063,223.69970596568425,219.25899999999996,214.81829403431567,3.057142857142852,20367.35,-0.1008942903003893,220.79000000000002,2.4344095793465566
2025-10-22 19:00:00,217.83,220.05,216.1,218.24,25816.4,2025-10-22 19:59:59.999,5632244.9990,2825,16020.9,3505330.3460,0,49.65296316070476,-0.9959518260288291,-1.1082254018016096,0.11227357577278041,223.68968628186772,219.22899999999998,214.76831371813225,3.1664285714285683,20241.135,-0.009163383121039958,219.836,2.2764511855109
2025-10-22 20:00:00,218.24,218.46,214.6,214.79,23040.1,2025-10-22 20:59:59.999,4978253.0510,2887,462.6,100534.4890,0,42.543458371454655,-1.3225159051844457,-1.151083502478177,-0.1714324027062688,223.92288408615596,219.0975,214.27211591384403,3.4192857142857127,20191.33,-1.1914619560217146,218.132,2.2138360372921526
2025-10-22 21:00:00,214.8,214.88,208.82,211.78,61176.8,2025-10-22 21:59:59.999,12960104.2910,3578,14647.6,3100990.3390,0,36.861313868613166,-1.8034135067430554,-1.2815495033311528,-0.5218640034119026,224.5498506664224,218.7225,212.8951493335776,3.7457142857142856,22605.215,-2.048933906849825,216.304,2.9778901927392845
2025-10-22 22:00:00,211.7,212.85,211.26,212.4,1033.8,2025-10-22 22:59:59.999,219240.5460,1942,51.8,11016.2760,0,39.795081967213136,-2.110174721562487,-1.4472745469774198,-0.6629001745850671,224.84534982041492,218.379,211.91265017958506,3.750714285714287,22631.489999999998,-1.369863013698625,215.00799999999998,2.986581658018472
2025-10-22 23:00:00,212.37,217.0,212.28,216.33,32595.5,2025-10-22 23:59:59.999,7006702.1790,3131,32104.8,6900686.3540,0,50.22091310751105,-2.0129628560043784,-1.5604122087828116,-0.4525506472215668,224.7886494919658,218.26049999999995,211.7323505080341,3.8992857142857167,24153.875,-1.39927073837739,214.708,2.693170993459615
2025-10-23 00:00:00,216.15,217.74,215.9,217.01,1887.8,2025-10-23 00:59:59.999,409825.7310,1572,1231.0,267403.7540,0,53.0763528539659,-1.8596149515812783,-1.620252757342505,-0.23936219423877336,224.55218585144516,218.0875,211.62281414855485,3.8971428571428595,23966.454999999998,-1.582766439909301,214.462,2.3202521414734547
2025-10-23 01:00:00,217.05,218.37,215.9,217.8,865.0,2025-10-23 01:59:59.999,188269.0620,1635,104.4,22760.0460,0,46.627318718381126,-1.6552584458186743,-1.627253895037739,-0.028004550780935222,224.52346773971962,218.05900000000003,211.59453226028043,3.5528571428571456,23216.784999999996,-2.6505162472623156,215.064,2.7729460867482354
2025-10-23 02:00:00,217.84,218.5,217.17,218.1,765.8,2025-10-23 02:59:59.999,167005.7400,1410,65.1,14220.7320,0,44.76439790575915,-1.4523551043144778,-1.592274136893087,0.13991903257860927,224.52599175760875,218.06150000000002,211.5970082423913,3.431428571428575,23250.284999999996,-2.2016949912559958,216.32800000000003,2.3022315261529895
2025-10-23 03:00:00,218.1,219.22,217.17,218.66,4857.8,2025-10-23 03:59:59.999,1063979.1600,1927,4070.1,891695.3080,0,37.4814814814815,-1.2321618298673798,-1.5202516754879458,0.28808984562056605,224.55105062296744,218.0815,211.61194937703257,3.266428571428577,23436.81,-2.082307106712644,217.58,0.9182319968358105
2025-10-23 04:00:00,218.7,219.86,218.38,218.91,1017.9,2025-10-23 04:59:59.999,222988.6460,1565,203.4,44679.4190,0,39.63599595551064,-1.0256609814559283,-1.4213335366815425,0.3956725552256142,224.62880764502606,218.158,211.68719235497392,3.007142857142863,23408.309999999998,-0.9098316132536625,218.096,0.7496199036933461
2025-10-23 05:00:00,218.92,219.86,218.38,219.34,781.7,2025-10-23 05:59:59.999,171027.0840,1332,12.2,2682.2920,0,40.030135610246106,-0.8178821289232872,-1.3006432551298914,0.4827611262066043,224.7381650466505,218.3145,211.89083495334953,2.7942857142857207,23307.53,0.21016081871345393,218.56199999999998,0.6184820126837502
2025-10-23 06:00:00,219.37,222.4,218.38,222.4,10216.4,2025-10-23 06:59:59.999,2253420.6490,2475,9582.2,2113352.8450,0,53.59572400388731,-0.4016692714811825,-1.1208484584001497,0.7191791869189672,225.1788421680069,218.667,212.1551578319931,2.890714285714292,23700.030000000002,2.0979663039985277,219.48200000000003,1.6917210171933095
2025-10-23 07:00:00,222.4,222.4,220.34,221.26,8481.5,2025-10-23 07:59:59.999,1872257.4860,2288,371.6,82168.2550,0,56.04674796747966,-0.16193932024896185,-0.9290666307699121,0.7671273105209503,225.36833285767858,218.76,212.1516671423214,2.798571428571435,21397.08,1.3837976539589358,220.11399999999998,1.6356894570833684
2025-10-23 08:00:00,221.2,223.08,220.34,222.54,5214.1,2025-10-23 08:59:59.999,1157868.8870,1793,4654.2,1033300.9430,0,61.82822702159712,0.1298370155626003,-0.7172859015034097,0.84712291706601,225.6441052468188,218.862,212.07989475318118,2.8321428571428657,20300.269999999997,3.6081754271614135,220.88999999999996,1.692808317563988
2025-10-23 09:00:00,222.54,223.08,221.26,221.85,831.0,2025-10-23 09:59:59.999,184198.4220,1531,0.7,156.1560,0,58.940069341258,0.3019143497105006,-0.5134458512606276,0.8153602009711282,225.31402362225634,218.76800000000003,212.22197637774372,2.680000000000009,17580.545000000002,4.754934365851352,221.47799999999998,1.2975823673331581
2025-10-23 10:00:00,221.92,223.24,221.26,221.42,1781.0,2025-10-23 10:59:59.999,396467.0850,1824,812.5,181274.0530,0,69.30693069306928,0.39899016022857836,-0.3309586489627863,0.7299488091913646,225.05372881715317,218.68850000000003,212.3232711828469,2.5457142857142947,14367.855,4.246704331450085,221.894,0.5705085450841291
2025-10-23 11:00:00,221.42,223.24,220.16,220.28,5730.7,2025-10-23 11:59:59.999,1267452.9960,2079,193.9,42915.5520,0,77.77777777777776,0.3795596395777068,-0.1888549912546877,0.5684146308323945,224.57490169198581,218.53699999999998,212.49909830801414,2.332857142857153,11313.995,1.8259141126981873,221.46999999999997,0.8294576541414996
2025-10-23 12:00:00,220.27,220.51,218.82,220.51,9058.0,2025-10-23 12:59:59.999,1990311.0180,2115,417.2,91880.7380,0,77.19651240777998,0.3783584095569381,-0.07541231109236252,0.45377072064930063,224.52303775393565,218.51650000000004,212.50996224606442,2.3400000000000096,10557.755000000001,1.612828901893922,221.32,0.9376833154183182
2025-10-23 13:00:00,220.51,222.31,219.43,221.87,34132.4,2025-10-23 13:59:59.999,7557697.5540,3329,33352.7,7385454.5450,0,72.4473257698541,0.48159552666822947,0.03598925645975592,0.44560627020847354,224.85664965555918,218.66600000000003,212.47535034444087,2.208571428571438,12034.385,1.8686868686868654,221.186,0.7485519354152169
2025-10-23 14:00:00,221.96,222.31,219.74,221.52,21836.4,2025-10-23 14:59:59.999,4819291.4270,2361,3615.6,801056.0000,0,68.77601998334725,0.529070811850346,0.13460556753787398,0.394465244312472,225.15513981190637,218.8505,212.54586018809366,2.260714285714294,12556.005000000001,1.568088033012387,221.11999999999998,0.6874227229397166
2025-10-23 15:00:00,221.59,223.59,220.91,223.0,23846.9,2025-10-23 15:59:59.999,5309503.9170,2174,23045.9,5131216.5160,0,70.47244094488187,0.6782999291656893,0.24334443986343707,0.4349554893022522,225.65024006126106,219.08849999999998,212.5267599387389,2.2757142857142947,12457.530000000002,1.9848166102625096,221.436,1.0994680532029744
2025-10-23 16:00:00,223.04,226.54,222.62,226.45,27799.7,2025-10-23 16:59:59.999,6275282.5280,2312,27146.5,6128938.3680,0,76.34069400630914,1.0627010902627205,0.40721576994329384,0.6554853203194266,226.68179100679697,219.67149999999998,212.661208993203,2.460714285714293,12695.51,3.4443378557397977,222.67,2.292673112332913
2025-10-23 17:00:00,226.4,228.15,224.44,228.06,18965.1,2025-10-23 17:59:59.999,4291854.2210,2975,16564.8,3751498.6930,0,77.81065088757397,1.4801925858200775,0.6218111331186507,0.8583814527014269,227.41786642211767,220.4855,213.55313357788233,2.5792857142857213,10584.925,3.975563052794747,224.18,2.915964677429199
2025-10-23 18:00:00,228.13,228.15,225.39,225.39,5580.6,2025-10-23 18:59:59.999,1262035.9200,2121,180.5,40840.5540,0,66.77018633540368,1.5774273178286364,0.812934370060648,0.7644929477679885,227.26544001168105,221.13500000000005,215.00455998831904,2.670714285714293,10812.265000000001,1.344424460431646,224.88400000000001,2.6297015039762637
2025-10-23 19:00:00,225.41,225.81,223.76,224.65,8264.0,2025-10-23 19:59:59.999,1855132.7350,2510,235.1,52874.2960,0,63.525216505348965,1.5766006569484148,0.9656676274382014,0.6109330295102133,227.43267502099604,221.55100000000002,215.669324979004,2.711428571428578,9595.69,1.5321341408298,225.51,1.9000131578532005
2025-10-23 20:00:00,224.63,225.15,222.42,222.42,16780.1,2025-10-23 20:59:59.999,3741264.0140,2064,31.4,7025.5660,0,50.05319148936165,1.3800942912222922,1.0485529601950199,0.33154133102727235,227.30819308897523,221.82150000000001,216.3348069110248,2.6192857142857213,10340.304999999998,-0.05392289026692035,225.394,2.098863978445312
2025-10-23 21:00:00,222.42,222.97,222.11,222.61,970.3,2025-10-23 21:59:59.999,215953.9470,1758,132.3,29477.1780,0,53.78151260504208,1.2255654372633558,1.083955455608687,0.14160998165466876,227.21820260105576,222.06199999999998,216.9057973989442,2.5335714285714346,10345.57,0.3425738111336576,224.62600000000003,2.3079926343069226
2025-10-23 22:00:00,222.53,223.96,222.11,223.62,2128.9,2025-10-23 22:59:59.999,476002.4820,1940,1430.9,320112.5610,0,53.071672354948845,1.171099065218499,1.1013841775306494,0.0697148876878495,227.18278927899559,222.33799999999997,217.49321072100435,2.470000000000005,10413.725,0.9935868485231764,223.738,1.2829925954637014
2025-10-23 23:00:00,223.63,224.41,223.5,224.41,3701.9,2025-10-23 23:59:59.999,829287.1910,2410,2935.8,657806.2360,0,57.23981900452489,1.1781000664344674,1.116727355311413,0.061372711123054424,227.22765727446634,222.62550000000002,218.0233427255337,2.4050000000000034,10355.93,1.8748865080806225,223.542,1.0142337008868443
2025-10-24 00:00:00,224.41,224.83,223.29,224.39,1022.4,2025-10-24 00:59:59.999,229098.1310,1774,150.3,33759.7320,0,58.59872611464967,1.168564097969039,1.1270947038429382,0.041469394126100845,227.21376751726197,222.8995,218.585232482738,2.3735714285714318,10356.154999999999,1.7595573896875403,223.49,0.947707760870724
2025-10-24 01:00:00,224.39,225.06,223.28,225.06,915.5,2025-10-24 01:59:59.999,205427.6080,1618,177.6,39948.9640,0,64.22619047619045,1.2012232212742617,1.1419204073292029,0.059302813945058874,227.25782236858277,223.1855,219.11317763141722,2.2807142857142884,10362.845,1.4377788795240445,224.01799999999997,0.9379072448887539
2025-10-24 02:00:00,225.06,225.62,223.28,225.32,2798.6,2025-10-24 02:59:59.999,630062.5370,1950,1896.4,427088.4290,0,64.28995840760544,1.2338624407153418,1.1603088140064306,0.07355362670891119,227.4936314124751,223.3315,219.1693685875249,2.32714285714286,9991.955,1.7154207295052288,224.56,0.6638147332012573
2025-10-24 03:00:00,225.38,225.84,224.31,225.84,926.4,2025-10-24 03:59:59.999,208721.8130,1590,100.9,22774.9720,0,62.41400875547214,1.2868548497850156,1.1856180211621477,0.10123682862286798,227.74665500001916,223.5605,219.37434499998082,2.230714285714289,9614.2,1.2735426008968624,225.004,0.6188133806045654
2025-10-24 04:00:00,225.84,233.66,224.31,233.59,64092.1,2025-10-24 04:59:59.999,14711260.3910,4234,63674.4,14615925.5470,0,75.80162462590845,1.9319417246995556,1.3348827618696293,0.5970589628299263,230.21188376326924,224.113,218.01411623673076,2.7150000000000034,12558.1,3.1530139103554933,226.84,3.8093240870285716
2025-10-24 05:00:00,233.6,234.54,232.75,232.78,1040.5,2025-10-24 05:59:59.999,242933.2000,1737,200.5,46887.9650,0,71.52288732394362,2.350719854906714,1.5380501804770463,0.8126696744296678,231.778123388503,224.65949999999998,217.54087661149697,2.651428571428574,12568.575,2.0696307989125664,228.51800000000003,4.279207870624744
2025-10-24 06:00:00,232.75,232.77,231.49,231.94,5977.9,2025-10-24 06:59:59.999,1389286.7750,1969,165.0,38343.4070,0,63.64992541024364,2.5850250013094183,1.747445144643521,0.8375798566658972,232.83138771480077,225.1855,217.5396122851992,2.463571428571431,12778.42,2.9060739163228235,229.894,3.9853456562784273
2025-10-24 07:00:00,231.94,232.54,229.56,230.15,1540.5,2025-10-24 07:59:59.999,354975.4900,1906,300.0,69094.9570,0,55.15032035485461,2.5963464122937694,1.9172253981735707,0.6791210141201987,233.26561674820752,225.679,218.09238325179248,2.411428571428573,12568.91,2.4482528377476074,230.85999999999999,3.0826206383558956
2025-10-24 08:00:00,230.15,231.21,229.26,230.28,4564.5,2025-10-24 08:59:59.999,1053791.6670,1902,3822.9,883136.3790,0,63.774647887323965,2.585998840702615,2.0509800866793797,0.5350187540232354,233.60952257454053,226.16749999999996,218.7254774254594,2.35357142857143,12344.234999999999,3.533854869166448,231.748,1.5168618922031312
2025-10-24 09:00:00,230.28,231.21,229.78,230.01,932.7,2025-10-24 09:59:59.999,214639.7130,1669,21.5,4971.0150,0,65.50925925925917,2.526883235145988,2.1461607163727012,0.38072251877328656,233.91660488964146,226.5745,219.23239511035854,2.309285714285715,10684.25,3.3241992722698788,231.03199999999998,1.2517867230554014
2025-10-24 10:00:00,230.01,231.21,229.08,229.12,1074.6,2025-10-24 10:59:59.999,246715.8560,1888,86.2,19872.5950,0,71.0163111668758,2.3807740486256534,2.193083382823292,0.1876906658023616,233.97476382769884,226.9545,219.93423617230115,2.2664285714285706,9646.16,2.459529559073428,230.3,1.0233523342512507
2025-10-24 11:00:00,229.13,229.55,228.38,229.27,2979.2,2025-10-24 11:59:59.999,682192.7360,2303,442.5,101422.6480,0,70.94339622641508,2.25113552301994,2.2046938108626217,0.04644171215731818,234.10223764662135,227.26800000000003,220.4337623533787,2.28857142857143,8602.774999999998,2.16567889131501,229.766,0.5325692443403763
2025-10-24 12:00:00,229.27,234.43,228.38,232.6,23113.4,2025-10-24 12:59:59.999,5344991.7170,2933,18386.3,4246256.1260,0,74.64324917672884,2.389553937169069,2.2416658361239112,0.1478881010451576,234.79721134405216,227.5755,220.35378865594785,2.588571428571431,8368.460000000001,3.658808324791661,230.256,1.3980450636576227
2025-10-24 13:00:00,232.56,232.77,227.88,229.0,10087.8,2025-10-24 13:59:59.999,2317704.0040,2543,175.9,40594.7690,0,60.9129814550642,2.1835905415632055,2.2300507772117704,-0.04646023564856483,234.86967839830174,227.6225,220.37532160169826,2.8728571428571468,7924.594999999999,1.7506442726384064,230.0,1.5056061902162057
2025-10-24 14:00:00,228.97,229.33,225.81,226.76,9129.1,2025-10-24 14:59:59.999,2074979.8420,2573,324.9,73903.1280,0,55.0967741935484,1.8186495274382537,2.1477705272570673,-0.3291209998188136,234.87495258453248,227.69099999999997,220.50704741546747,3.0142857142857173,8102.0199999999995,0.6390910704775421,229.35,2.088803485255887
2025-10-24 15:00:00,226.8,227.29,225.65,226.04,1142.7,2025-10-24 15:59:59.999,258801.2280,2001,112.5,25560.9920,0,52.103004291845465,1.4545658322983002,2.009129588265314,-0.5545637559670138,234.84681141523242,227.7605,220.6741885847676,3.0042857142857167,7745.955,0.08855827134253835,228.734,2.571882578971463
2025-10-24 16:00:00,225.98,227.29,224.46,225.66,7060.1,2025-10-24 16:59:59.999,1590418.8610,2305,247.6,55887.8870,0,50.72587532023912,1.1224254348833256,1.8317887575889162,-0.7093633227055907,234.63292198061072,227.92249999999999,221.21207801938925,3.039285714285715,7259.954999999999,-3.394837107752903,228.012,2.872894011274451
2025-10-24 17:00:00,225.7,226.73,224.46,225.86,5255.0,2025-10-24 17:59:59.999,1189336.6480,2213,4297.3,972827.5990,0,50.043290043290064,0.865364719701887,1.6385039500115104,-0.7731392303096234,234.39946959892578,228.08499999999998,221.77053040107418,3.0921428571428566,7474.19,-2.9727639831600596,226.664,1.3702116624872338
2025-10-24 18:00:00,225.86,227.49,225.37,227.48,2597.6,2025-10-24 18:59:59.999,589573.6420,1930,1576.7,358382.6690,0,31.997642899233867,0.7833329374976756,1.4674697475087437,-0.6841368100110681,234.24420870534698,228.27800000000002,222.31179129465306,2.575714285714286,7497.625,-1.922911097697684,226.35999999999999,0.7511324783391274
2025-10-24 19:00:00,227.48,229.12,227.37,228.05,7601.0,2025-10-24 19:59:59.999,1736178.0930,2467,6814.8,1556639.7510,0,35.8637178720861,0.7556062370527457,1.3250970454175441,-0.5694908083647985,234.14483485849755,228.45999999999998,222.7751651415024,2.5728571428571434,7692.58,-0.912448403215292,226.618,1.0747185678195048
2025-10-24 20:00:00,228.08,229.12,227.78,228.64,1143.0,2025-10-24 20:59:59.999,261244.1260,1699,126.7,29029.5040,0,39.98786407766985,0.7723376684756431,1.214545170029164,-0.44220750155352095,234.02476022103295,228.67249999999999,223.32023977896702,2.576428571428573,7698.610000000001,-0.7121764808059818,227.138,1.3249981132123214
2025-10-24 21:00:00,228.76,229.12,227.78,229.09,973.0,2025-10-24 21:59:59.999,222393.5050,1636,40.9,9371.0080,0,46.499339498018486,0.8125422068442845,1.134144577392188,-0.32160237054790364,233.94992625718578,228.87399999999997,223.79807374281415,2.4592857142857167,7701.485000000001,-0.39998260945175756,227.82399999999998,1.254523814049176
2025-10-24 22:00:00,229.09,229.38,227.78,228.5,1030.2,2025-10-24 22:59:59.999,235763.0000,1627,158.0,36230.1590,0,44.294871794871796,0.7877162217274645,1.0648589062592435,-0.27714268453177904,233.83184240426996,229.033,224.23415759573,2.434285714285715,7613.0650000000005,-0.27060055865921984,228.352,0.6125928501188352
2025-10-24 23:00:00,228.5,229.39,227.78,228.83,643.9,2025-10-24 23:59:59.999,147243.9880,1073,62.9,14428.2220,0,46.23243933588768,0.7856136268726459,1.009009850381924,-0.22339622350927812,233.74288260167395,229.18249999999998,224.622117398326,2.4471428571428566,7598.9400000000005,-0.19191346447419974,228.622,0.3888058641749445
2025-10-25 00:00:00,228.82,229.39,227.11,227.11,8263.9,2025-10-25 00:59:59.999,1879684.0050,722,71.5,16305.6640,0,43.90539721043059,0.6378054556687403,0.9347689714392873,-0.296963515770547,233.00212808227013,228.8585,224.71487191772985,2.4578571428571405,4807.530000000001,-2.3602751504729067,228.43400000000003,0.7724830095327355
2025-10-25 01:00:00,227.15,228.27,227.11,227.7,9341.5,2025-10-25 01:59:59.999,2130536.9720,493,9235.0,2106310.9730,0,45.363260484347244,0.5617984217549861,0.860174861502427,-0.2983764397474409,232.3385395791843,228.6045,224.8704604208157,2.4571428571428533,5222.58,-0.5676855895196556,228.246,0.8225752245337153
2025-10-25 02:00:00,227.63,228.27,227.11,228.09,246.9,2025-10-25 02:59:59.999,56213.0390,413,55.2,12600.5040,0,33.881343817012194,0.5269576012042023,0.793531409442782,-0.2665738082385797,231.8032432124936,228.41200000000003,225.02075678750646,2.107857142857138,4936.030000000001,0.5865231963309281,228.046,0.6742625601474717
2025-10-25 03:00:00,228.04,228.27,226.94,226.94,244.4,2025-10-25 03:59:59.999,55610.0310,431,40.9,9336.2430,0,41.07452339688042,0.4019175554598746,0.7152086386462005,-0.3132910831863259,231.59997820894174,228.2515,224.90302179105825,1.8535714285714238,4871.225,0.39815961776676945,227.734,0.7663093370281363
2025-10-25 04:00:00,226.91,228.27,226.85,226.91,194.1,2025-10-25 04:59:59.999,44111.5500,379,23.5,5364.3450,0,50.80385852090035,0.29697828821903727,0.631562568560768,-0.3345842803417307,231.3395858777124,228.083,224.8264141222876,1.703571428571424,4652.705,0.553930692191793,227.35,0.5218716317413181
2025-10-25 05:00:00,226.91,228.27,226.79,227.41,197.6,2025-10-25 05:59:59.999,44904.4800,359,20.6,4702.3620,0,57.51920965971461,0.2512625855292754,0.5555025719544695,-0.3042399864251941,231.09111945027257,227.95299999999997,224.81488054972738,1.692142857142855,4615.95,0.6862658283892601,227.41,0.5043312403732005
2025-10-25 06:00:00,228.27,228.27,226.48,226.5,697.2,2025-10-25 06:59:59.999,158127.9140,1331,90.7,20643.9200,0,54.35684647302906,0.13998945566660836,0.4723999486968973,-0.3324104930302889,230.97371198256147,227.82199999999997,224.67028801743848,1.6178571428571433,4597.08,-0.43080710392121935,227.17,0.6069184459350907
2025-10-25 07:00:00,226.51,228.27,226.14,226.27,2866.7,2025-10-25 07:59:59.999,649082.9900,2010,883.9,200197.9930,0,52.11995863495345,0.03286675328791944,0.3844933096151017,-0.35162655632718226,230.8190995836552,227.67199999999997,224.52490041634474,1.6078571428571462,4591.455,-0.7805305853979395,226.80599999999998,0.44003408960680895
2025-10-25 08:00:00,226.27,227.5,226.15,227.5,1291.8,2025-10-25 08:59:59.999,292630.2860,1769,450.9,102221.3610,0,50.10775862068971,0.04668381833843682,0.31693141135976877,-0.27024759302133194,229.54397066517055,227.417,225.29002933482946,1.5528571428571456,3500.375,-0.4986004198740318,226.91799999999998,0.542097777173222
2025-10-25 09:00:00,227.5,227.57,226.15,226.52,926.9,2025-10-25 09:59:59.999,210507.3770,1310,198.4,45148.2910,0,42.105263157894704,-0.021199493298212246,0.24930523042817257,-0.2705047237263848,229.31811702065303,227.29300000000003,225.26788297934704,1.5292857142857161,3042.3300000000004,-1.121829848531142,226.84,0.5708327250746129
2025-10-25 10:00:00,226.59,227.57,225.73,225.89,1287.0,2025-10-25 10:59:59.999,291060.6350,1684,228.0,51656.9720,0,35.86844809866395,-0.12439924465689955,0.17456433541115815,-0.2989635800680577,229.35846307770618,227.24949999999998,225.1405369222938,1.5650000000000017,2650.225,-1.1422319474835945,226.53599999999997,0.595592142339007
2025-10-25 11:00:00,225.86,227.58,225.67,226.22,1024.2,2025-10-25 11:59:59.999,231758.5610,1668,364.3,82594.2650,0,35.06763787721124,-0.17751130917255864,0.10414920649441478,-0.2816605156669734,229.347168928937,227.2585,225.169831071063,1.605714285714289,2644.3,-1.1405847135428107,226.47999999999996,0.6127397490092692
2025-10-25 12:00:00,226.19,227.99,225.67,227.96,5706.8,2025-10-25 12:59:59.999,1299543.5390,2163,5193.1,1182716.9620,0,47.490706319702646,-0.07829698582531819,0.06765996803046818,-0.1459569538557864,229.3413711446828,227.3735,225.40562885531722,1.6571428571428624,2576.635,0.3742679758707209,226.81799999999998,0.8770518798885869
2025-10-25 13:00:00,227.96,228.01,225.99,226.17,3636.5,2025-10-25 13:59:59.999,824224.9750,1967,115.4,26254.1770,0,39.1162029459901,-0.14246471555810558,0.02563503131275342,-0.168099746870859,229.3110263429849,227.38900000000004,225.4669736570152,1.6864285714285765,2495.71,-0.6719367588932812,226.552,0.8182114641191338
2025-10-25 14:00:00,226.19,228.01,225.99,227.77,795.9,2025-10-25 14:59:59.999,180681.3450,1427,26.8,6106.7940,0,52.7272727272727,-0.06347972072703101,0.007812080904796531,-0.07129180163182754,229.33277883989717,227.40349999999998,225.4742211601028,1.6678571428571485,2405.6249999999995,-0.14029549739137762,226.802,0.9808006933195501
2025-10-25 15:00:00,227.77,228.01,226.56,226.7,1004.9,2025-10-25 15:59:59.999,228352.6090,1784,76.8,17488.0500,0,46.02543720190782,-0.08622959975420486,-0.010996255227003753,-0.0752333445272011,229.2645052842937,227.33599999999996,225.4074947157062,1.6885714285714337,2075.82,-0.10575482506389755,226.964,0.8507819932369212
2025-10-25 16:00:00,226.7,228.01,226.14,226.28,934.3,2025-10-25 16:59:59.999,211613.9060,1644,53.4,12139.9270,0,42.82315622521811,-0.13657517905178906,-0.036112039991960825,-0.10046313905982823,229.09876804019603,227.21800000000002,225.337231959804,1.7392857142857199,2065.3849999999998,-0.2776431184169915,226.97599999999997,0.8379916467460722
2025-10-25 17:00:00,226.25,226.28,225.2,225.41,9856.0,2025-10-25 17:59:59.999,2226223.0110,1632,205.5,46381.2930,0,43.79562043795624,-0.24386501834135288,-0.07766263566183924,-0.16620238267951365,228.8629761300195,227.03400000000002,225.20502386998055,1.721428571428577,2509.535,-0.8794688008442901,226.46599999999998,0.8649450849712494
2025-10-25 18:00:00,225.39,227.73,225.19,227.34,2334.8,2025-10-25 18:59:59.999,529791.7650,1541,1637.3,371758.1580,0,51.51089248067465,-0.1711848067494941,-0.09636706987937023,-0.07481773687012387,228.678424277618,226.97600000000003,225.27357572238205,1.8014285714285754,2574.765,0.3708609271523194,226.7,0.921276288643122
2025-10-25 19:00:00,227.32,227.73,226.76,227.36,767.7,2025-10-25 19:59:59.999,174407.5140,1228,61.2,13937.0760,0,49.818181818181884,-0.11069535542537778,-0.09923272698857176,-0.011462628436806024,228.37996404354578,226.9025,225.42503595645422,1.7650000000000026,2580.955,0.48172537234277785,226.618,0.8142604006188716
2025-10-25 20:00:00,227.4,227.73,226.53,226.57,729.9,2025-10-25 20:59:59.999,165755.0360,1247,20.7,4714.0110,0,50.256786500366815,-0.12506179264522643,-0.1043985401199027,-0.020663252525323736,228.35672957457717,226.87549999999996,225.39427042542275,1.722857142857143,2204.255,-0.4087912087912118,226.592,0.8130621132582619
2025-10-25 21:00:00,226.56,227.73,225.75,226.31,2492.9,2025-10-25 21:59:59.999,563663.6240,1611,165.6,37521.3780,0,50.14641288433379,-0.15563308342839832,-0.11464544878160184,-0.040987634646796486,228.2544169216486,226.80599999999998,225.35758307835135,1.712142857142855,1861.825,-0.0927070457354794,226.598,0.8102900715274711
2025-10-25 22:00:00,226.29,227.38,225.75,227.09,3860.6,2025-10-25 22:59:59.999,875865.3730,1598,3384.9,768268.2180,0,48.448145344436064,-0.11558913081205446,-0.11483418518769237,-0.0007549456243620967,228.08162438117697,226.756,225.43037561882304,1.7321428571428552,2042.5100000000002,0.5312320155828134,226.93400000000003,0.4723663832410126
2025-10-25 23:00:00,227.07,227.39,225.75,226.14,818.8,2025-10-25 23:59:59.999,185473.0420,1217,41.1,9345.6770,0,48.558421851289765,-0.1586818843939568,-0.12360372502894527,-0.03507815936501153,228.0662966535552,226.71599999999998,225.36570334644475,1.7478571428571408,2071.23,-0.03536380514543918,226.69400000000002,0.5172330229365248
2025-10-26 00:00:00,226.13,227.39,225.46,225.8,798.3,2025-10-26 00:59:59.999,180415.4380,1261,0.7,159.1730,0,49.65089216446869,-0.21775817982830858,-0.14243461598881796,-0.07532356383949063,228.06728768082405,226.6605,225.25371231917597,1.7542857142857105,2101.44,-0.9475346552026656,226.38199999999998,0.48453070079805566
2025-10-26 01:00:00,225.8,227.39,224.54,224.54,5708.5,2025-10-26 01:59:59.999,1284318.6710,1575,15.9,3589.5100,0,43.921852387843735,-0.3620742724925208,-0.18636254728955853,-0.17571172520296224,228.16646051785762,226.517,224.86753948214238,1.8214285714285654,2376.9849999999997,-0.7206968209753705,225.97600000000003,0.9317349408579719
2025-10-26 02:00:00,224.52,225.21,223.9,224.21,806.2,2025-10-26 02:59:59.999,180848.1560,1684,3.5,788.2350,0,34.89121676067697,-0.49734102005001546,-0.24855824184164996,-0.2487827782083655,228.3482470490582,226.4025,224.45675295094182,1.7492857142857068,2382.435,-1.5629801993238803,225.55599999999998,1.1829750631417901
2025-10-26 03:00:00,224.2,225.21,223.49,223.91,1149.9,2025-10-26 03:59:59.999,257396.2340,1787,110.0,24617.1460,0,39.65201465201476,-0.621583161070248,-0.3231632256873696,-0.2984199353828784,228.52760381766282,226.28449999999998,224.04139618233714,1.7278571428571365,2296.5950000000003,-1.2307013674459604,224.92000000000002,0.991387916012142
2025-10-26 04:00:00,223.91,225.21,223.49,224.88,815.9,2025-10-26 04:59:59.999,183306.3180,1775,287.7,64619.9560,0,35.95724003887268,-0.6344613836807866,-0.3854228572860531,-0.24903852639473356,228.40372361461277,226.15349999999998,223.9032763853872,1.7064285714285663,2272.8,-0.6187024924871865,224.66799999999998,0.7292256166747979
2025-10-26 05:00:00,224.88,226.35,224.48,226.17,2212.1,2025-10-26 05:59:59.999,498770.7300,1731,1803.3,406555.4040,0,47.47859181731685,-0.5344148471655501,-0.4152212552619525,-0.11919359190359757,228.37965678958372,226.13599999999997,223.89234321041621,1.7364285714285674,2337.06,0.3371633911538933,224.74200000000002,0.8766812419658475
2025-10-26 06:00:00,226.09,226.35,225.31,226.15,740.0,2025-10-26 06:59:59.999,167251.6340,1144,112.2,25396.4700,0,49.35707220573692,-0.45153605249220163,-0.4224842147080024,-0.02905183778419923,228.3896662542935,226.14900000000003,223.90833374570656,1.6771428571428524,2309.71,-0.5234450602621614,225.064,1.060367860704493
2025-10-26 07:00:00,226.15,227.63,225.31,227.39,2645.1,2025-10-26 07:59:59.999,600999.1850,2018,2146.2,487849.3190,0,59.446564885496144,-0.2825394349846704,-0.394495258763336,0.11195582377866564,228.51603678879817,226.20749999999998,223.8989632112018,1.7657142857142796,2390.755,0.013194933145660061,225.7,1.3375350462756035
2025-10-26 08:00:00,227.38,227.9,227.2,227.64,2847.6,2025-10-26 08:59:59.999,648572.5800,1864,2016.2,459414.3420,0,51.70454545454537,-0.1269718351143183,-0.3409905740335325,0.2140187389192142,228.45284822383576,226.1915,223.93015177616422,1.63428571428571,2247.7949999999996,0.47226022862691147,226.446,1.1105088923624205
2025-10-26 09:00:00,227.7,230.73,227.27,230.6,18253.7,2025-10-26 09:59:59.999,4185615.0430,2164,17491.5,4011105.0210,0,63.798977853492275,0.2324839406828687,-0.22629567109025225,0.458779611773121,229.41276209582526,226.41299999999995,223.41323790417465,1.8121428571428513,2978.6549999999997,1.895629888206439,227.59,1.8160809453371887
2025-10-26 10:00:00,230.54,231.01,229.61,230.96,1514.8,2025-10-26 10:59:59.999,349318.3750,1295,932.6,215284.4480,0,69.40760389036262,0.5401773953309998,-0.07300105780600179,0.6131784531370016,230.15809031328286,226.5725,222.98690968671713,1.8264285714285649,3014.6000000000004,1.7041701528028554,228.548,2.1180344662015034
2025-10-26 11:00:00,230.96,235.69,230.8,235.69,25939.5,2025-10-26 11:59:59.999,6065718.5940,2690,25619.0,5991191.6050,0,79.72116603295314,1.1524138353507283,0.17208192082534432,0.9803319145253839,232.45367551933464,227.02200000000002,221.5903244806654,2.0342857142857076,4261.33,4.223047669585218,230.456,3.354091531252371
2025-10-26 12:00:00,235.69,236.15,234.63,235.21,2135.4,2025-10-26 12:59:59.999,503541.2670,1597,1216.1,287148.4620,0,76.22739018087864,1.5806627403764253,0.4537980847355606,1.1268646556408646,234.00012758792468,227.4685,220.93687241207533,2.0264285714285655,4321.385,4.167404782993798,232.01999999999998,3.3900368729587638
2025-10-26 13:00:00,235.26,239.96,234.23,239.17,62730.8,2025-10-26 13:59:59.999,14928492.2780,2999,62055.2,14768568.0940,0,85.23526230394823,2.214069572058918,0.8058523822002323,1.4082171898586857,236.43921573820865,228.1565,219.87378426179134,2.318571428571425,6965.125,6.51554288768148,234.32599999999996,3.5818752072094524
2025-10-26 14:00:00,239.24,239.97,236.89,237.18,4200.2,2025-10-26 14:59:59.999,999192.8390,1638,202.9,48302.9790,0,78.25223435948371,2.5263504849490914,1.1499520027500043,1.3763984821990871,237.84554363254387,228.64849999999996,219.45145636745605,2.4007142857142845,7058.395000000001,5.7847553632755,235.642,3.0381853136408266
2025-10-26 15:00:00,237.23,237.86,236.37,237.71,728.8,2025-10-26 15:59:59.999,172809.2420,1313,124.1,29495.0510,0,83.9258114374036,2.784503901202669,1.4768623824405374,1.3076415187621315,239.1857287493472,229.166,219.1462712506528,2.3035714285714284,7056.45,6.163190567638789,236.99200000000002,1.5941518121006877
2025-10-26 16:00:00,237.74,237.86,235.85,235.86,833.9,2025-10-26 16:59:59.999,197417.0960,1546,1.6,380.5760,0,77.83086478738664,2.8074502654901607,1.7429799590504622,1.0644703064396985,239.99878458632992,229.63050000000004,219.26221541367016,2.35357142857143,7061.65,4.882604055496273,237.026,1.5609067877435603
2025-10-26 17:00:00,235.85,236.83,235.58,236.5,4749.1,2025-10-26 17:59:59.999,1120064.6160,2061,379.7,89720.9250,0,79.59567465914449,2.844488582063093,1.9632816836529883,0.8812068984101047,240.81810154622752,230.14000000000001,219.4618984537725,2.320000000000001,7174.460000000001,4.567360834770311,237.28400000000002,1.264092559911711
2025-10-26 18:00:00,236.51,237.65,235.58,237.3,4927.6,2025-10-26 18:59:59.999,1170074.7620,2143,4343.6,1031588.8550,0,79.43127962085325,2.9049090456793465,2.1516071560582604,0.7533018896210861,241.6849407723211,230.65050000000002,219.61605922767893,2.345000000000001,7227.81,4.93035595843467,236.91,0.7306846105015892
2025-10-26 19:00:00,237.3,237.86,236.71,237.47,784.1,2025-10-26 19:59:59.999,186092.8680,1571,139.4,33142.8150,0,78.27827827827844,2.932703892721406,2.30782650339089,0.6248773893305164,242.43819441995785,231.217,219.99580558004217,2.2935714285714295,7226.075,4.432912617089587,236.96800000000002,0.7680299473483471
2025-10-26 20:00:00,237.44,237.86,235.93,235.93,812.8,2025-10-26 20:59:59.999,192245.8620,1548,127.8,30197.7850,0,72.74418604651171,2.798210352452685,2.405903273203249,0.3923070792494361,242.8290685889637,231.7235,220.6179314110363,2.357142857142859,7226.8,3.6417149885784665,236.612,0.7504465337541469
2025-10-26 21:00:00,235.92,237.0,235.32,236.94,1232.3,2025-10-26 21:59:59.999,291192.7710,1713,462.1,109444.5720,0,72.44945933239315,2.741519284123001,2.4730264753871993,0.2684928087358016,243.14073215019616,232.3435,221.54626784980385,2.3114285714285745,7002.99,2.7493495229835228,236.82800000000003,0.624795966715366
2025-10-26 22:00:00,237.0,241.97,237.0,241.35,44238.0,2025-10-26 22:59:59.999,10549759.1950,2453,42063.0,10028003.0700,0,76.95635076681094,3.017655691737957,2.581952318657351,0.43570337308060614,244.00040540894088,233.2005,222.40059459105913,2.6207142857142878,9174.579999999998,4.498614478697604,237.798,2.073516337052717
2025-10-26 23:00:00,241.39,241.7,240.52,240.63,934.8,2025-10-26 23:59:59.999,225478.6150,1453,182.3,44047.8880,0,71.62570073307468,3.1421767439520636,2.6939972037162936,0.44817954023577,244.38756356091346,234.03650000000002,223.68543643908657,2.4578571428571445,9163.825,2.0959735245449522,238.46400000000003,2.3849696014886708
2025-10-27 00:00:00,240.76,241.82,240.38,241.82,881.8,2025-10-27 00:59:59.999,212515.1480,1520,102.1,24684.9320,0,72.60616153205669,3.2988564658411406,2.8149690561412632,0.4838874096998773,244.8447898657472,234.8835,224.9222101342528,2.460714285714289,9167.119999999999,2.810254666043104,239.334,2.703817671372406
2025-10-27 01:00:00,241.83,243.18,240.38,242.98,2885.1,2025-10-27 01:59:59.999,698880.2700,1584,2373.5,575005.5290,0,67.82396088019567,3.4765530403600735,2.9472858529850257,0.5292671873750479,245.42293189995496,235.72400000000002,226.02506810004508,2.3114285714285763,9200.77,1.593009156666807,240.744,2.2917307869876002
2025-10-27 02:00:00,242.95,244.81,241.41,244.23,12049.2,2025-10-27 02:59:59.999,2933824.9660,2383,11633.1,2832298.5730,0,71.25353440150806,3.675870264950561,3.093002735378133,0.5828675295724279,245.931936009191,236.628,227.32406399080898,2.4457142857142906,9766.23,2.9724260055653864,242.202,1.4196020569257957
2025-10-27 03:00:00,244.23,244.9,243.46,243.78,844.4,2025-10-27 03:59:59.999,206168.8920,1332,60.1,14716.1860,0,63.015245623941375,3.754242788319715,3.22525074596645,0.528992042353265,246.1960839455648,237.4475,228.6989160544352,2.1392857142857173,9676.195,2.553531614151695,242.68800000000002,1.4700578220016776
2025-10-27 04:00:00,243.78,244.95,243.31,244.95,947.8,2025-10-27 04:59:59.999,231303.4190,1628,38.7,9478.7430,0,73.00177619893432,3.8661957022036404,3.353439737213888,0.5127559649897524,246.3742500010178,238.31300000000002,230.25174999898223,2.036428571428573,9581.205,3.8539811752734563,243.552,1.2034409000981003
2025-10-27 05:00:00,244.95,248.54,243.31,246.52,18469.3,2025-10-27 05:59:59.999,4552480.1660,2829,11444.0,2821184.1850,0,74.56776352481882,4.0350910540818745,3.489770000587485,0.5453210534943893,247.10722322374184,239.109,231.11077677625818,2.3035714285714284,9591.985,4.236786469344613,244.49200000000002,1.340175361670856
2025-10-27 06:00:00,246.61,246.67,244.92,245.32,1788.9,2025-10-27 06:59:59.999,439613.8020,1831,510.4,125598.1230,0,77.37268518518516,4.0257060328573,3.5969572070414486,0.42874882581585183,247.3064429851682,239.827,232.3475570148318,2.284999999999999,9605.69,3.379688158449213,244.95999999999998,1.059315816945043
2025-10-27 07:00:00,245.32,245.69,242.57,243.53,14538.9,2025-10-27 07:59:59.999,3540159.8460,2031,119.4,29082.4380,0,69.07216494845363,3.829684081380975,3.643502581909354,0.18618149947162133,247.60674205231473,240.219,232.83125794768526,2.4185714285714277,9035.66,2.5519012927948803,244.82,1.2147633514515597
2025-10-27 08:00:00,243.49,244.64,241.27,241.53,15568.6,2025-10-27 08:59:59.999,3782979.1270,2516,1010.0,246687.2330,0,60.77432501273561,3.472918346390884,3.60938573480566,-0.13646738841477601,247.551979407121,240.535,233.518020592879,2.5114285714285693,9707.32,2.373585385495695,244.36999999999998,1.91262908061899
2025-10-27 09:00:00,241.53,242.58,238.23,238.52,14086.8,2025-10-27 09:59:59.999,3377152.7810,2630,78.9,18853.2350,0,52.33644859813087,2.9137096554854054,3.4702505189416093,-0.5565408634562039,247.55204459148453,240.5025,233.45295540851546,2.739999999999999,7275.12,0.6668354857769953,243.084,3.172133351551968
2025-10-27 10:00:00,238.57,239.12,238.13,238.32,1100.7,2025-10-27 10:59:59.999,262601.2020,1721,171.1,40855.5970,0,55.655466161855145,2.42642410385875,3.2614852359250377,-0.8350611320662877,247.51372166366076,240.5595,233.60527833633927,2.672857142857142,7120.1449999999995,-1.2554381603480427,241.44400000000002,3.069662847940617
2025-10-27 11:00:00,238.34,239.29,237.07,238.77,8309.5,2025-10-27 11:59:59.999,1974336.4210,1944,201.5,47988.6030,0,54.44822557122025,2.052893553679951,3.0197668994760205,-0.9668733457960696,247.4910276117221,240.6125,233.73397238827792,2.71142857142857,7499.18,-0.7729709512529549,240.13400000000001,2.304220041581481
2025-10-27 12:00:00,238.8,239.29,236.88,236.89,1837.8,2025-10-27 12:59:59.999,436555.5640,2400,199.2,47341.3690,0,37.63858093126387,1.5868751049224272,2.733188540565302,-1.1463134356428748,247.4067915505892,240.664,233.92120844941078,2.5242857142857127,7549.375,-2.038706475891162,238.80599999999998,1.6889730607752784
2025-10-27 13:00:00,236.88,238.62,235.6,238.08,7179.9,2025-10-27 13:59:59.999,1695947.6950,2818,655.7,155751.6290,0,43.11183144246361,1.2986056638170282,2.4462719652156473,-1.147666301398619,247.31524178688088,240.743,234.17075821311911,2.655714285714286,7670.915000000001,-2.0166268828710088,238.11599999999999,0.7309103912409426
2025-10-27 14:00:00,238.08,238.62,236.13,237.25,3168.5,2025-10-27 14:59:59.999,749924.7220,2481,239.4,56778.4360,0,37.41046831955931,0.9917437864402245,2.1553663294605627,-1.1636225430203382,247.3182919027398,240.74049999999997,234.16270809726015,2.730714285714287,7582.960000000001,-2.8579617573598615,237.862,0.7747709339048301
2025-10-27 15:00:00,237.26,239.13,236.13,237.34,16580.3,2025-10-27 15:59:59.999,3939244.1510,3294,8778.2,2090032.5830,0,33.489461358313946,0.7472025003308715,1.8737335636346244,-1.1265310633037529,247.32564191668928,240.734,234.14235808331074,2.7450000000000006,8372.77,-2.641726146525555,237.666,0.7536113056633347
2025-10-27 16:00:00,237.34,240.41,236.38,239.87,13589.6,2025-10-27 16:59:59.999,3240264.4000,2867,12843.1,3061945.5780,0,38.12636165577353,0.7489185582186337,1.6487705625514264,-0.8998520043327927,247.1426728825623,240.93099999999998,234.71932711743767,2.79,9011.61,-2.073892631149208,237.88600000000002,1.190432694453486
2025-10-27 17:00:00,239.76,242.04,238.54,241.24,4668.5,2025-10-27 17:59:59.999,1127144.7590,2441,3835.7,926547.7250,0,43.41286307053947,0.851016112880302,1.4892196726172018,-0.6382035597368998,247.0669010694019,241.14600000000002,235.22509893059814,2.9371428571428573,9183.420000000002,-2.141814051598248,238.756,1.7422198483614355
2025-10-27 18:00:00,241.22,242.05,240.5,240.5,1466.3,2025-10-27 18:59:59.999,353126.4340,738,105.4,25511.6440,0,38.196286472148664,0.8622775461579408,1.3638312473253498,-0.5015537011674089,247.03043503822408,241.1035,235.1765649617759,2.930714285714288,7044.835000000001,-1.9647806946029647,239.24,1.84082861777651
2025-10-27 19:00:00,240.5,242.05,238.92,238.92,13331.3,2025-10-27 19:59:59.999,3197769.1130,605,80.3,19250.3330,0,29.85153764581132,0.7352341956357691,1.2381118369874338,-0.5028776413516647,247.02252320732697,241.01799999999997,235.01347679267298,2.78071428571429,7664.659999999999,-1.8929905966410765,239.57399999999998,1.5115488745076293
2025-10-27 20:00:00,238.92,239.46,237.04,237.04,18395.7,2025-10-27 20:59:59.999,4377084.4940,961,66.4,15774.9520,0,28.812691914022636,0.47734855980627344,1.0859591815512017,-0.6086106217449283,247.024786453363,240.779,234.533213546637,2.828571428571434,8540.355,-1.858982321036728,239.51400000000004,1.624155165008947
2025-10-27 21:00:00,237.04,237.31,236.6,236.6,3469.1,2025-10-27 21:59:59.999,821924.5320,359,46.4,11009.8570,0,30.951072017592182,0.23476182450050942,0.9157197101410632,-0.6809578856405538,246.88169349691972,240.45999999999998,234.03830650308024,2.6564285714285774,8569.555,-0.8049639443233338,238.85999999999999,2.0480234373719126
2025-10-27 22:00:00,236.6,237.31,234.87,234.87,13822.9,2025-10-27 22:59:59.999,3256342.2120,594,135.4,31835.0400,0,31.417410714285822,-0.09598005443703528,0.7133797572254436,-0.8093598116624788,246.6178809940512,239.99200000000002,233.36611900594883,2.5900000000000074,8658.24,-1.4476334340382633,237.58599999999996,2.1747367656853362
2025-10-27 23:00:00,234.87,235.22,233.9,235.01,3685.6,2025-10-27 23:59:59.999,865029.4680,338,365.1,85853.6280,0,38.338870431893696,-0.3428464262036357,0.5021345205396277,-0.8449809467432634,246.2838187536904,239.55350000000004,232.82318124630967,2.373571428571434,8800.3,-1.5747371947899733,236.48799999999997,1.6608943374045686
2025-10-28 00:00:00,234.99,235.92,233.9,235.55,5559.0,2025-10-28 00:59:59.999,1310126.7380,438,5468.2,1288769.2280,0,41.00064977257972,-0.4892762453803243,0.30385236735563725,-0.7931286127359616,245.53411327153535,239.08350000000002,232.63288672846468,2.4471428571428606,9030.86,-0.5656633880704018,235.814,0.9654170083554554
2025-10-28 01:00:00,235.82,236.48,234.89,236.48,2359.2,2025-10-28 01:59:59.999,557499.7900,333,2317.0,547530.1020,0,42.78512917454313,-0.5242366308278008,0.1382345677189496,-0.6624711985467504,244.0891225647506,238.5815,233.07387743524941,2.4021428571428607,8225.355,-0.6720430107526977,235.702,0.807136915288788
2025-10-28 02:00:00,236.48,236.49,233.88,235.18,14432.7,2025-10-28 02:59:59.999,3389413.8020,1426,131.0,30820.2980,0,44.40810987573586,-0.6493567432914347,-0.019283694483127306,-0.6300730488083074,242.77853846654102,238.07450000000003,233.37046153345904,2.4164285714285763,8857.545,-0.8724973656480476,235.41799999999998,0.6458869870353927
2025-10-28 03:00:00,235.1,235.6,233.88,235.12,1646.3,2025-10-28 03:59:59.999,386307.2840,1591,562.0,132126.3910,0,39.54802259887003,-0.7447715693721477,-0.16438126946093146,-0.5803902999112163,241.77169173969085,237.654,233.53630826030914,2.323571428571433,8212.914999999999,-0.9353669840734806,235.468,0.6009742091152508
2025-10-28 04:00:00,235.02,236.23,233.85,235.58,7000.4,2025-10-28 04:59:59.999,1651038.3810,2376,5824.0,1374533.8010,0,43.94488759970998,-0.7743441930038273,-0.28637385416951067,-0.4879703388343166,241.1414022792033,237.3565,233.57159772079672,2.315714285714289,7784.505,-1.7884687539083635,235.58200000000002,0.5437094812689883
2025-10-28 05:00:00,235.58,236.23,233.09,233.09,8441.4,2025-10-28 05:59:59.999,1974366.0240,2613,702.3,164368.1760,0,36.87461395923409,-0.987321670857682,-0.426563417507145,-0.560758253350537,241.27574418714212,237.08499999999998,232.89425581285784,2.325714285714288,7502.235000000001,-3.3783783783783807,235.09,1.243100961314649
2025-10-28 06:00:00,233.09,237.6,233.04,237.6,18907.2,2025-10-28 06:59:59.999,4473899.1980,2059,18140.2,4294849.6770,0,43.753439735828266,-0.7831607583972016,-0.4978828856851564,-0.2852778727120452,241.2073189923412,237.04899999999998,232.89068100765877,2.3635714285714307,8392.56,-1.205821205821208,235.314,1.6045497810979836
2025-10-28 07:00:00,237.6,238.33,235.96,236.11,6270.7,2025-10-28 07:59:59.999,1487267.1390,1909,2983.1,710526.2050,0,35.97594313832694,-0.7331411174849052,-0.5449345320451062,-0.18820658543979896,241.0122442361346,236.91600000000003,232.81975576386546,2.2828571428571456,8290.619999999999,-1.176125899882795,235.5,1.6386732438231058
2025-10-28 08:00:00,236.09,238.1,235.57,237.62,7819.5,2025-10-28 08:59:59.999,1857243.9060,1989,7324.3,1740103.5300,0,42.44491080797481,-0.5651412151464115,-0.5489758686653673,-0.016165346481044174,241.06076061285287,236.95250000000001,232.84423938714716,2.3528571428571445,8589.705,0.24468444144448723,236.0,1.8601747229822632
2025-10-28 09:00:00,237.65,238.1,235.47,236.57,4610.7,2025-10-28 09:59:59.999,1088603.5060,1876,60.8,14377.7280,0,43.65893146249326,-0.5108376880703815,-0.5413482325463702,0.030510544475988666,240.9533921096405,236.877,232.80060789035952,2.317142857142857,8461.244999999999,-0.012679628064243928,236.198,1.8569787290171886
2025-10-28 10:00:00,236.57,236.81,233.58,234.57,4600.1,2025-10-28 10:59:59.999,1079380.9600,1893,11.8,2774.0740,0,43.37801608579087,-0.6220148370784386,-0.5574815534527839,-0.06453328362565469,240.94211318958034,236.743,232.54388681041965,2.374999999999998,8532.824999999999,-0.12773023374633258,236.494,1.2595753252674198
2025-10-28 11:00:00,234.58,235.67,233.58,233.89,2021.1,2025-10-28 11:59:59.999,475405.6510,1928,1370.9,322796.2240,0,42.82689253573315,-0.7562759670752541,-0.5972404361772781,-0.15903553089797606,240.94609487684542,236.57049999999998,232.19490512315454,2.4735714285714243,7804.865,-0.47657546487383706,235.752,1.5125210742406034
2025-10-28 12:00:00,233.89,235.77,233.17,235.58,24023.3,2025-10-28 12:59:59.999,5637178.3050,2460,18728.8,4401075.0910,0,51.88328912466845,-0.7180329667357341,-0.6213989422889693,-0.09663402444676483,240.46291022289356,236.356,232.24908977710643,2.484999999999997,8326.55,0.012736149437487217,235.64600000000002,1.4996766318182915
2025-10-28 13:00:00,235.64,236.96,235.24,236.41,5910.2,2025-10-28 13:59:59.999,1398988.1480,2047,5168.1,1223623.0160,0,53.58239508700104,-0.6136769639997794,-0.6198545466311314,0.00617758263135193,239.5203740280135,236.1145,232.7086259719865,2.5135714285714266,8388.634999999998,-0.02960081190798088,235.404,1.1608531345616626
2025-10-28 14:00:00,236.44,237.27,230.01,234.12,59265.6,2025-10-28 14:59:59.999,13811844.8090,3013,8756.8,2045460.9710,0,46.64161578205728,-0.7076011559986455,-0.6374038685046343,-0.07019728749401122,238.6168507403299,235.7955,232.9741492596701,2.8878571428571433,11278.6,-0.4507185985202833,234.914,1.0581729537373266
2025-10-28 15:00:00,234.12,235.03,232.62,233.74,14249.6,2025-10-28 15:59:59.999,3326448.1030,2464,2999.4,703705.8980,0,43.39440694310515,-0.803438045388134,-0.6706107038813343,-0.13282734150679976,238.08832308410902,235.53650000000002,232.98467691589101,2.9464285714285716,11324.515000000001,-0.586934331405238,234.748,1.183330046952672
2025-10-28 16:00:00,233.74,236.47,232.62,235.93,13814.2,2025-10-28 16:59:59.999,3243037.1860,2244,13138.6,3084731.8650,0,51.73370319001387,-0.6946670835663156,-0.6754219798183306,-0.019245103747984937,237.94179918553687,235.481,233.02020081446312,3.034999999999999,11095.439999999999,0.1485694880719901,235.156,1.1650879795197444
2025-10-28 17:00:00,235.91,236.86,235.36,236.7,1567.9,2025-10-28 17:59:59.999,370044.2740,1660,144.4,34163.8850,0,53.53625783348251,-0.5401067336083258,-0.6483589305763298,0.10825219696800392,237.95675867316353,235.48600000000002,233.0152413268365,3.019285714285713,11000.38,1.5487579904757753,235.38000000000002,1.3585838214926655
2025-10-28 18:00:00,236.7,237.03,234.41,234.9,4021.8,2025-10-28 18:59:59.999,945423.8560,1793,148.6,35077.5340,0,48.56418918918917,-0.5564471234291659,-0.629976569146897,0.07352944571773112,237.95671999189645,235.4875,233.01828000810357,3.0364285714285706,10510.325,-1.1363636363636316,235.07799999999997,1.234552550530479
2025-10-28 19:00:00,234.96,235.21,230.16,230.85,20987.4,2025-10-28 19:59:59.999,4862929.8200,2406,132.4,30779.2070,0,45.56259904912834,-0.8859850684633841,-0.6811782690101945,-0.20480679945318958,238.5035574305911,235.2795,232.05544256940894,3.172857142857144,11375.414999999999,-2.2277751895303117,234.42399999999998,2.2867072396834467
2025-10-28 20:00:00,230.67,230.9,226.33,226.6,43435.1,2025-10-28 20:59:59.999,9891635.3110,3132,3674.7,834899.6820,0,27.98238590872694,-1.473104711228558,-0.8395635574538672,-0.6335411537746908,239.8714134997053,234.83199999999997,229.79258650029462,3.173571428571429,13269.219999999998,-4.63765676289875,232.996,4.226917316439882
2025-10-28 21:00:00,226.57,228.31,224.75,227.26,20274.2,2025-10-28 21:59:59.999,4582611.7920,2659,3677.4,837459.8750,0,31.677018633540314,-1.8636616426117598,-1.044383174485446,-0.8192784681263139,240.3709715788767,234.371,228.37102842112333,3.258571428571429,14164.969999999998,-3.9354102379845304,231.262,4.49240692725154
2025-10-28 22:00:00,227.18,229.31,226.85,229.26,10480.4,2025-10-28 22:59:59.999,2397113.9980,2070,9786.4,2238799.4450,0,33.03571428571425,-1.9888710715574405,-1.233280753899845,-0.7555903176575955,240.47753074963012,234.075,227.67246925036986,3.2535714285714294,13967.355,-2.2637165877989522,229.77399999999997,3.320102408061566
2025-10-28 23:00:00,229.26,229.32,228.16,228.24,865.6,2025-10-28 23:59:59.999,198004.1370,1595,3.4,779.6610,0,33.07598537180007,-2.145671950970069,-1.4157589933138899,-0.7299129576561791,240.6180951786627,233.731,226.84390482133728,3.1485714285714295,13928.319999999998,-2.4156654837744145,228.442,1.680660584417586
2025-10-29 00:00:00,228.16,229.44,228.06,228.65,1221.5,2025-10-29 00:59:59.999,279940.3140,802,824.2,189055.4250,0,37.14161598609905,-2.211362988105634,-1.5748797922722388,-0.6364831958333952,240.57072798354864,233.38449999999997,226.1982720164513,3.016428571428573,13639.375,-2.9416758638254548,228.002,1.0694952080371587
2025-10-29 01:00:00,228.61,230.34,228.06,229.41,15880.5,2025-10-29 01:59:59.999,3651266.6370,894,15612.2,3589772.4460,0,40.3030303030303,-2.1770028264528207,-1.6953043991083554,-0.48169842734446533,240.60365288451737,233.2005,225.79734711548264,3.0300000000000034,14011.329999999998,-2.960957658305486,228.56400000000002,0.8678882416619045
2025-10-29 02:00:00,229.45,230.34,228.69,229.12,267.4,2025-10-29 02:59:59.999,61242.5660,571,1.8,412.7330,0,35.1152073732718,-2.14840722599601,-1.7859249644858863,-0.36248226151012375,240.08951730513624,232.77650000000003,225.4634826948638,2.962142857142859,13079.34,-2.1356569280710747,228.936,0.4821099459826134
2025-10-29 03:00:00,229.12,230.34,228.04,228.47,643.3,2025-10-29 03:59:59.999,146870.3890,787,182.6,41723.9940,0,31.552044609665373,-2.1533718441452834,-1.8594143404177657,-0.2939575037275177,239.77222315469524,232.39449999999997,225.0167768453047,3.0035714285714312,12797.97,-2.2546419098143278,228.77800000000002,0.4788214698770343
2025-10-29 04:00:00,228.38,229.48,228.04,229.14,284.7,2025-10-29 04:59:59.999,65208.4430,676,123.3,28244.3910,0,37.48743718592955,-2.079274358716418,-1.9033863440774965,-0.17588801463892167,239.05252610021796,231.9705,224.888473899782,2.587857142857144,12421.23,-2.8779722799135423,228.958,0.3862253228562192
2025-10-29 05:00:00,229.04,230.34,228.04,229.87,316.3,2025-10-29 05:59:59.999,72680.3110,786,169.7,39010.5110,0,40.44444444444441,-1.9392917207454445,-1.910567419411086,-0.02872430133435855,238.42944304547962,231.6355,224.8415569545204,2.5800000000000023,12206.509999999998,-2.8855090832277077,229.202,0.5088909510058679
2025-10-29 06:00:00,229.87,230.34,228.99,229.14,251.7,2025-10-29 06:59:59.999,57759.1400,610,0.9,207.3060,0,31.93187865886101,-1.8657521414719156,-1.901604363823252,0.03585222235133645,238.09790291146305,231.36400000000003,224.630097088537,2.401428571428574,11989.09,-2.452107279693495,229.148,0.4954492910637771
2025-10-29 07:00:00,229.09,230.34,228.92,229.67,234.5,2025-10-29 07:59:59.999,53837.6490,474,0.6,138.2040,0,31.051212938005364,-1.7445943270386408,-1.87020235646633,0.12560802942768912,237.8177449510927,231.15300000000002,224.48825504890735,2.395714285714289,11899.76,-0.5111544292830872,229.25799999999998,0.5461410074474511
2025-10-29 08:00:00,229.65,230.34,227.82,227.97,7915.3,2025-10-29 08:59:59.999,1807204.0190,931,90.8,20744.8220,0,31.219512195121922,-1.7654012322314543,-1.849242131619355,0.08384089938790074,237.23904507933833,230.77249999999998,224.30595492066163,2.3885714285714323,11094.36,0.6045895851721115,229.158,0.7384239974537717
2025-10-29 09:00:00,227.97,228.08,227.23,227.23,340.9,2025-10-29 09:59:59.999,77588.1820,463,17.1,3900.1680,0,38.04491413474238,-1.8206157450494231,-1.8435168543053688,0.022901109255945684,236.38641233350882,230.31350000000003,224.24058766649125,2.0885714285714334,10815.895,-0.013200739241398021,228.77599999999998,1.1366969692997322
2025-10-29 10:00:00,227.23,228.45,226.86,227.6,1777.4,2025-10-29 10:59:59.999,405628.1220,509,1563.3,356917.2140,0,54.4404973357016,-1.8136115514447226,-1.8375357937332395,0.02392424228851686,235.89787223869672,229.9875,224.0771277613033,1.8757142857142892,7941.484999999999,-0.7240687429119762,228.32199999999997,1.039697071273495
2025-10-29 11:00:00,227.6,231.31,227.37,231.16,23737.3,2025-10-29 11:59:59.999,5461692.6840,1096,23629.0,5436871.4480,0,63.771186440677994,-1.5034673934758018,-1.7707221136817521,0.2672547202059503,235.53189228327784,229.8585,224.18510771672214,1.902857142857146,8415.869999999999,1.2793550648440182,228.72599999999997,1.65022119729906
2025-10-29 12:00:00,231.16,231.52,230.2,230.39,268.8,2025-10-29 12:59:59.999,62081.8300,408,67.9,15711.0780,0,54.369682907965945,-1.3047679261955807,-1.6775312761845178,0.3727633499889371,234.49710040772004,229.5815,224.66589959227997,1.8214285714285754,7738.6,0.7609884102339736,228.86999999999998,1.7795364565007645
2025-10-29 13:00:00,230.49,231.96,229.59,229.89,26433.2,2025-10-29 13:59:59.999,6099394.1480,1147,7644.9,1772009.8290,0,56.64786462530207,-1.1741085951219645,-1.5768467399720072,0.40273814485004267,232.85029151816724,229.24099999999999,225.63170848183273,1.9078571428571476,8981.865000000002,0.20923237871060102,229.254,1.7435681804895757
2025-10-29 14:00:00,229.89,229.92,228.42,229.79,3474.2,2025-10-29 14:59:59.999,794265.2260,765,182.2,41855.5940,0,54.710743801652825,-1.0663372263877022,-1.4747448372551464,0.40840761086744415,231.44997154577936,228.9855,226.52102845422064,1.9164285714285765,8954.484999999999,0.29242318435753645,229.766,1.3266612227755472
2025-10-29 15:00:00,229.78,230.01,227.03,227.23,20561.8,2025-10-29 15:59:59.999,4684105.2760,865,923.7,212306.8590,0,42.15827338129496,-1.1739655018649842,-1.4145889701771142,0.24062346831213,231.22371670663048,228.80449999999996,226.38528329336944,1.9664285714285756,8933.205,-0.5427408412483079,229.692,1.4792295291861386
2025-10-29 16:00:00,227.03,228.83,226.67,228.03,6867.4,2025-10-29 16:59:59.999,1565272.9170,902,4977.4,1136352.3890,0,46.21790423317141,-1.1810934612632593,-1.3678898683943432,0.18679640713108392,231.0973168213942,228.87600000000003,226.65468317860586,2.0028571428571484,7104.82,-0.4844200052369666,229.06599999999997,1.3601764591462207
2025-10-29 17:00:00,228.04,231.65,227.39,231.65,25454.5,2025-10-29 17:59:59.999,5870390.8780,1041,25262.5,5826544.1380,0,59.14844649021864,-0.8844433615181515,-1.2712005670191049,0.3867572055009534,231.50415522646063,229.0955,226.68684477353935,2.142857142857149,7363.835000000001,0.7743507199721587,229.31800000000004,1.7325472576573038
2025-10-29 18:00:00,231.65,232.17,222.15,229.05,87421.5,2025-10-29 18:59:59.999,19853702.5230,2074,30137.8,6843403.7930,0,49.766960124288005,-0.8493534729826138,-1.1868311482118068,0.33747767522919303,231.49246645600684,229.08499999999998,226.67753354399312,2.7557142857142907,11210.89,-0.039277297721905816,229.15,1.7037018518554414
2025-10-29 19:00:00,229.08,232.19,227.62,230.01,44311.1,2025-10-29 19:59:59.999,10151094.2400,1456,20883.6,4789197.9560,0,50.358239508700066,-0.7356009566316004,-1.0965851098957655,0.3609841532641651,231.5803085441882,229.17350000000002,226.76669145581184,2.9178571428571467,13383.164999999999,0.1480384900074034,229.19400000000002,1.7270437168802952
2025-10-29 20:00:00,230.01,234.84,229.71,234.53,49786.5,2025-10-29 20:59:59.999,11573042.9310,2417,48966.5,11383627.2770,0,61.551650235747985,-0.2775258973066741,-0.9327732673779472,0.6552473700712731,232.8455958510534,229.46750000000003,226.08940414894667,3.1878571428571467,15811.414999999999,2.8775716102996016,230.654,2.54402830173276
2025-10-29 21:00:00,234.53,234.84,233.45,233.45,250.8,2025-10-29 21:59:59.999,58671.5260,450,17.3,4062.7320,0,57.9145728643216,-0.001626339176766578,-0.746543881737711,0.7449175425609444,233.48762009405,229.66950000000003,225.85137990595007,3.1857142857142895,15029.929999999998,2.7373146151476475,231.738,2.2883006795476915
2025-10-29 22:00:00,233.61,234.84,231.32,231.49,11555.2,2025-10-29 22:59:59.999,2691188.6410,816,88.5,20609.1530,0,57.290803645401844,0.05819954071617417,-0.585595197246934,0.6437947379631082,233.68069545362764,229.78799999999995,225.89530454637227,3.2571428571428607,15594.319999999998,1.7091388400703054,231.706,2.290956132277175
2025-10-29 23:00:00,231.32,231.48,226.92,227.49,31010.0,2025-10-29 23:59:59.999,7107356.4920,1940,28.3,6473.0780,0,50.47445255474456,-0.2146798928801843,-0.5114121363735841,0.29673224349339977,233.72510164393063,229.73900000000003,225.75289835606944,3.5228571428571462,17112.655,-1.5876449212666497,231.394,2.794079454850576
2025-10-30 00:00:00,227.39,229.09,226.18,229.09,14616.3,2025-10-30 00:59:59.999,3316324.4340,926,2871.2,654695.0160,0,52.60216556060079,-0.2983924987704256,-0.4688082088529524,0.17041571008252676,233.72424583468677,229.73649999999998,225.7487541653132,3.6171428571428623,17829.234999999997,-0.5642606015886033,231.21000000000004,2.934757230167071
2025-10-30 01:00:00,229.09,229.64,227.89,229.29,10042.6,2025-10-30 01:59:59.999,2303986.2590,802,9751.0,2237379.1980,0,46.29996042738424,-0.3446243979861663,-0.44397144667959515,0.09934704869342886,233.69959152410095,229.70749999999998,225.715408475899,3.460714285714291,18315.55,-0.2609943886206422,230.16199999999998,2.325063439998332
2025-10-30 02:00:00,229.26,230.87,228.79,230.27,8706.3,2025-10-30 02:59:59.999,2005528.9130,879,8546.0,1968653.9770,0,49.76452119309267,-0.29874198970239263,-0.41492555528415465,0.11618356558176202,233.75425866460844,229.76399999999998,225.77374133539152,3.5150000000000046,18738.28,0.20888637451587025,229.526,1.4834014965666866
2025-10-30 03:00:00,230.31,230.87,228.11,228.56,11376.6,2025-10-30 03:59:59.999,2605168.4120,807,3.4,778.8290,0,47.508430123641844,-0.395800023215628,-0.4111004488704494,0.01530042565482137,233.73497697647235,229.70850000000002,225.68202302352768,3.5428571428571467,19295.385,0.5853100382872035,228.94,1.0199019560799483
2025-10-30 04:00:00,228.46,228.59,220.68,223.18,98735.6,2025-10-30 04:59:59.999,22134965.1520,2426,22527.2,5052934.6830,0,39.66218329684081,-0.896505889663672,-0.508181537029094,-0.388324352634578,234.39927553409154,229.469,224.53872446590844,4.000714285714289,23836.4,-2.126913125465945,228.07800000000003,2.807164049359217
2025-10-30 05:00:00,223.18,228.35,223.14,228.35,38412.5,2025-10-30 05:59:59.999,8687260.9450,1743,35602.7,8055260.7040,0,51.61943319838057,-0.8661585669131853,-0.5797769430059122,-0.28638162390727306,234.3729512764573,229.525,224.67704872354273,4.160000000000005,25739.980000000003,-1.4245629181955586,227.93,2.7595742425263152
2025-10-30 06:00:00,228.2,229.8,227.52,227.77,34423.3,2025-10-30 06:59:59.999,7868758.6710,1527,23771.7,5440628.0580,0,49.62165308498255,-0.8787792278133395,-0.6395773999673977,-0.2392018278459418,234.36781712915274,229.5335,224.69918287084727,4.168571428571432,27372.275,-0.5588299497926221,227.62600000000003,2.6540026375296613
2025-10-30 07:00:00,227.62,230.0,227.53,229.84,2092.7,2025-10-30 07:59:59.999,478197.6270,696,1698.7,388279.9630,0,47.24169460530325,-0.7135244267771554,-0.6543668053293493,-0.05915762144780612,234.2440165681982,229.46749999999997,224.69098343180175,4.040714285714287,26290.045000000002,-0.07390983000738555,227.54000000000002,2.5519110486093153
2025-10-30 08:00:00,229.49,230.0,227.57,227.57,5481.0,2025-10-30 08:59:59.999,1249088.9800,651,41.8,9535.6100,0,47.72167487684726,-0.7570025806459171,-0.6748939603926629,-0.08210862025325416,234.15456826358647,229.32649999999998,224.4984317364135,3.4985714285714318,26550.655,-2.967637402464507,227.342,2.4906565399536933
2025-10-30 09:00:00,227.53,227.68,225.15,225.15,12631.9,2025-10-30 09:59:59.999,2852077.5170,891,99.7,22499.5430,0,42.840306423099605,-0.9754882843248538,-0.7350128251791012,-0.24047545914575263,234.25468497146323,229.0895,223.92431502853674,3.3528571428571468,25860.59,-3.555365174555572,227.73599999999996,1.6970503822852454
2025-10-30 10:00:00,225.15,225.69,224.24,224.24,246.7,2025-10-30 10:59:59.999,55491.8280,397,27.0,6081.3460,0,33.036597428288815,-1.2081424591807775,-0.8296387519794365,-0.37850370720134097,234.39793572239176,228.81199999999998,223.2260642776082,3.0900000000000034,25699.215,-3.1318847466413233,226.91400000000004,2.2353142955776275
2025-10-30 11:00:00,224.32,225.69,223.34,223.34,9921.4,2025-10-30 11:59:59.999,2219037.0820,610,18.6,4164.6330,0,33.23383084577114,-1.4484482376669519,-0.9534006491169397,-0.4950475885500122,234.6854689656735,228.6175,222.54953103432652,3.1585714285714306,25167.195,-1.8242560112532442,226.02800000000002,2.650579181992657
2025-10-30 12:00:00,223.34,223.44,218.95,218.97,39763.8,2025-10-30 12:59:59.999,8788087.9640,1068,43.1,9498.3290,0,30.77395577395575,-1.9688194517211741,-1.1564844096377866,-0.8123350420833875,235.61286393197278,228.1645,220.71613606802723,3.2278571428571445,26812.015000000003,-4.4174778471343155,223.85399999999998,3.1525751378850284
2025-10-30 13:00:00,219.07,220.44,215.22,215.22,56718.5,2025-10-30 13:59:59.999,12339275.5730,1436,1105.4,242942.9130,0,31.01207056638809,-2.653226306587328,-1.4558327890276952,-1.1973935175596329,236.58176523989263,227.343,218.10423476010735,3.2742857142857145,28375.215000000004,-6.136333900300926,221.38400000000001,4.182933181394184
2025-10-30 14:00:00,215.22,215.88,214.93,215.61,344.5,2025-10-30 14:59:59.999,74235.5770,416,176.2,38012.2130,0,28.327974276527343,-3.1280951950826363,-1.7902852702386838,-1.3378099248439526,237.2455770600981,226.671,216.09642293990188,3.134285714285714,24021.364999999998,-6.366439397229337,219.47600000000003,4.211345390728071
2025-10-30 15:00:00,215.52,215.9,212.96,212.96,18888.8,2025-10-30 15:59:59.999,4041592.5060,833,69.5,14892.1540,0,25.663189269746667,-3.675891672449808,-2.1674065506809086,-1.5084851217688993,237.9012014668407,225.8185,213.7357985331593,3.219285714285714,22750.25,-6.825341267063351,217.21999999999997,4.039077865058348
2025-10-30 16:00:00,214.32,214.47,212.41,213.88,16588.8,2025-10-30 16:59:59.999,3536376.2440,456,3130.8,666155.0530,0,25.53000895789785,-3.989796129960297,-2.5318844665367863,-1.4579116634235105,237.25724591758149,224.786,212.31475408241852,3.2178571428571416,21090.364999999998,-4.167040057352814,215.32799999999997,2.294530453056217
2025-10-30 17:00:00,213.74,214.47,209.93,212.35,41415.3,2025-10-30 17:59:59.999,8745413.3110,734,7785.8,1639222.5200,0,25.667967577304083,-4.312316190631321,-2.887970811355694,-1.4243453792756275,236.67708723656656,223.731,210.78491276343343,3.344999999999999,23148.590000000004,-7.006787825706152,214.004,1.4052508672834874
2025-10-30 18:00:00,212.35,212.35,209.76,209.76,1348.5,2025-10-30 18:59:59.999,285086.8530,317,22.4,4716.0700,0,28.014416775884627,-4.722469330010256,-3.2548705150866066,-1.4675988149236492,236.46654718632524,222.64450000000002,208.8224528136748,2.9649999999999994,22638.255,-7.907099266804241,212.91199999999998,2.148806645559314
2025-10-30 19:00:00,209.75,210.04,208.01,208.27,15556.4,2025-10-30 19:59:59.999,3244689.0260,442,31.6,6585.4930,0,12.593144560357672,-5.108857466788493,-3.6256679054269845,-1.4831895613615083,236.70740834986722,221.6835,206.6595916501328,2.7378571428571417,21865.575,-9.384789418726067,211.44400000000002,2.343252013761707
2025-10-30 20:00:00,208.01,210.9,208.01,210.9,27738.4,2025-10-30 20:59:59.999,5830994.3400,701,25430.4,5347520.8850,0,20.803046036690887,-5.1435620472638846,-3.929246733794365,-1.2143153134695197,236.10915726756656,220.77400000000003,205.4388427324335,2.781428571428571,22521.68,-7.325218614052814,211.032,2.185879685618096
2025-10-30 21:00:00,210.9,212.39,210.76,212.32,28814.5,2025-10-30 21:59:59.999,6100718.5640,688,28743.9,6085788.4920,0,18.98016997167136,-4.998859800659005,-4.143169347167293,-0.8556904534917127,235.15422835690381,219.9255,204.69677164309618,2.721428571428571,23460.275,-5.698423273373312,210.71999999999997,1.744519991286299
2025-10-30 22:00:00,212.39,212.84,212.25,212.84,6161.6,2025-10-30 22:59:59.999,1309577.7780,293,6132.3,1303350.0030,0,22.197055492638725,-4.787040549892708,-4.271943587712376,-0.5150969621803325,233.77668339385633,219.054,204.33131660614367,2.5899999999999994,23333.04,-5.083838744202642,210.81799999999998,1.8683468628704019
2025-10-30 23:00:00,212.86,214.53,212.59,214.53,24945.1,2025-10-30 23:59:59.999,5339570.7940,748,24917.1,5333582.5120,0,29.386645962732914,-4.431717312968743,-4.30389833276365,-0.12781898020509352,232.49357994833517,218.35250000000002,204.21142005166487,2.547857142857142,24011.465000000004,-3.9446583684069143,211.772,2.349035972478651
2025-10-31 00:00:00,214.53,216.96,214.5,216.94,38742.2,2025-10-31 00:59:59.999,8361974.9330,823,38723.3,8357903.5050,0,36.61041819515771,-3.9105755482793825,-4.225233775866796,0.31465822758741346,232.00739088711495,218.0405,204.07360911288507,2.6200000000000006,21011.795,-0.9270676348358228,213.506,2.3174511861095572
2025-10-31 01:00:00,216.94,218.63,216.58,218.63,39559.2,2025-10-31 01:59:59.999,8611583.4120,939,39519.3,8602887.5110,0,41.604278074866286,-3.322893817559475,-4.044765784205332,0.7218719666458568,230.66086241637686,217.55450000000002,204.44813758362318,2.5985714285714283,21069.129999999997,1.584425239290027,215.052,2.6923911305756194
2025-10-31 02:00:00,218.44,218.94,216.35,216.7,18029.1,2025-10-31 02:59:59.999,3923015.8610,832,5172.3,1131771.3540,0,45.56813744631002,-2.9785517912966952,-3.831522985623604,0.8529711943269089,229.19406083932665,217.00100000000003,204.8079391606734,2.462857142857142,20249.420000000002,0.5055424145447682,215.92799999999997,2.258931163183866
2025-10-31 03:00:00,216.71,217.63,216.35,217.4,710.4,2025-10-31 03:59:59.999,154162.4360,515,646.3,140263.1460,0,54.83156028368796,-2.618984086489178,-3.589015205796719,0.9700311193075413,226.97957178199383,216.379,205.77842821800616,2.181428571428571,20180.305,2.084898572501877,216.84,1.4902516566017538
2025-10-31 04:00:00,217.4,219.22,216.35,219.22,8767.2,2025-10-31 04:59:59.999,1911053.4330,692,8705.7,1897664.5250,0,57.52396832013337,-2.1622403395717242,-3.3036602325517204,1.1414198929799961,225.28734699130345,215.96150000000003,206.6356530086966,2.318571428571429,20344.614999999998,2.4967271367121766,217.77799999999996,1.0968682692125387
2025-10-31 05:00:00,219.02,219.29,218.54,219.08,416.5,2025-10-31 05:59:59.999,91159.0510,582,25.4,5569.0330,0,64.24581005586595,-1.7909198502253219,-3.001112156086441,1.2101923058611193,224.0756321211048,215.658,207.24036787889517,2.162142857142858,19733.845,3.169295973628452,218.206,1.1056129521698752
2025-10-31 06:00:00,219.27,219.29,217.0,217.75,2366.6,2025-10-31 06:59:59.999,515445.9360,827,36.7,7986.8110,0,58.83965280950207,-1.5856867619883985,-2.7180270772668327,1.1323403152784342,222.80538773441685,215.33350000000002,207.86161226558318,2.1785714285714284,19839.84,3.8091151792524833,218.03000000000003,1.0911920087709572
2025-10-31 07:00:00,217.75,218.07,216.56,217.12,3933.7,2025-10-31 07:59:59.999,857301.6490,1091,3566.6,777534.4380,0,61.36255359695097,-1.4570775132331164,-2.4658371644600896,1.0087596512269732,221.54922844620222,215.02249999999998,208.49577155379774,1.962142857142857,19540.454999999998,4.249291784702547,218.11399999999998,0.9729748198209838
2025-10-31 08:00:00,217.11,218.07,216.31,217.88,1108.3,2025-10-31 08:59:59.999,240645.3770,2535,1.0,218.0700,0,71.18997912317332,-1.279083628729893,-2.2284864573140504,0.9494028285841574,221.3730065943466,214.96800000000002,208.56299340565343,1.902857142857142,17607.68,3.309625414888568,218.20999999999998,0.9063112048329648
2025-10-31 09:00:00,217.89,218.34,216.95,217.97,857.5,2025-10-31 09:59:59.999,186763.1490,1594,65.2,14230.1310,0,77.30855855855854,-1.1178737918258719,-2.006363924216415,0.888490132390543,221.6498409864789,215.10549999999998,208.56115901352106,1.8571428571428572,14814.63,2.6610776186887746,217.95999999999998,0.7089781378896797
2025-10-31 10:00:00,218.0,219.13,216.95,217.85,2600.5,2025-10-31 10:59:59.999,568216.2370,2141,1769.1,386682.3170,0,72.7868852459016,-0.9884031356552043,-1.8027717665041727,0.8143686308489684,221.8739060952741,215.21749999999997,208.56109390472585,1.8064285714285708,14927.429999999998,2.353880849464382,217.71400000000003,0.34121840513848295
2025-10-31 11:00:00,217.83,219.65,217.05,219.65,12289.9,2025-10-31 11:59:59.999,2683152.4720,2602,8622.0,1886186.7720,0,73.44849648112604,-0.7321124148872116,-1.5886398961807806,0.856527481293569,222.4003531635402,215.552,208.7036468364598,1.875714285714285,14597.485,2.386612594975064,218.094,0.9341466694291966
2025-10-31 12:00:00,219.65,220.73,218.03,218.03,9627.5,2025-10-31 12:59:59.999,2109450.4620,2491,2101.9,462874.0910,0,65.5110579796772,-0.6522024494435072,-1.401352406833326,0.7491499573898188,222.6459244025888,215.75949999999997,208.87307559741114,2.02642857142857,14249.420000000002,0.5024430718170938,218.27599999999998,0.7714142855858062
2025-10-31 13:00:00,218.03,219.36,217.35,218.96,7722.7,2025-10-31 13:59:59.999,1681076.7230,2104,239.1,52257.9740,0,63.869755792110205,-0.5079743859255643,-1.2226768026517738,0.7147024167262095,222.92169702273645,216.09,209.25830297726355,2.031428571428571,12564.789999999999,0.15093994419796575,218.49200000000002,0.7839132605116986
2025-10-31 14:00:00,219.03,220.35,217.35,220.29,8090.1,2025-10-31 14:59:59.999,1777958.7940,2315,7126.4,1567001.0670,0,61.249160510409645,-0.28308944287388726,-1.0347593306961964,0.7516698878223091,223.0026602828174,216.6165,210.2303397171826,2.0699999999999994,12901.869999999999,1.6566682048915569,218.956,1.0418637146990721
2025-10-31 15:00:00,220.25,220.78,218.31,218.5,6035.7,2025-10-31 15:59:59.999,1321394.4370,2184,159.3,35075.0690,0,49.56637758505672,-0.24646346819952214,-0.8771001581968615,0.6306366899973394,222.20364504585564,217.128,212.05235495414433,2.1000000000000005,12425.835000000001,0.505979760809565,219.086,0.9002943962986114
2025-10-31 16:00:00,218.33,219.32,214.04,214.04,12881.5,2025-10-31 16:59:59.999,2785336.1730,2573,132.0,28688.2030,0,42.40867579908677,-0.5707426792871502,-0.8158286624149192,0.24508598312776908,221.70088281689763,217.285,212.86911718310236,2.2921428571428573,11682.99,-2.362923090958857,217.964,2.3500914875820453
2025-10-31 17:00:00,214.04,215.06,212.69,214.27,27573.1,2025-10-31 17:59:59.999,5894796.1300,3422,10239.7,2195375.2730,0,40.821114369501494,-0.7999558198339969,-0.812654093898735,0.012698274064738113,221.40543359835613,217.38250000000002,213.35956640164392,2.3700000000000006,11620.919999999998,-2.1955450063903608,217.212,2.868164918550683
2025-10-31 18:00:00,214.3,216.61,213.94,216.21,20464.4,2025-10-31 18:59:59.999,4412700.7560,2608,19477.5,4200264.2070,0,41.2347117064648,-0.8156646243099317,-0.8132561999809744,-0.0024084243289572704,221.01651674584468,217.55100000000002,214.08548325415535,2.355714285714287,12336.06,-0.707233065442017,216.66199999999998,2.708388819945229
2025-10-31 19:00:00,216.21,234.18,215.01,233.74,238597.7,2025-10-31 19:59:59.999,53860719.3930,4994,227386.7,51291247.7450,0,71.20949074074072,0.5797277895543118,-0.5346594020739172,1.114387191628229,226.34600740734416,218.5115,210.67699259265586,3.671428571428574,23018.690000000002,7.654753131908625,219.352,8.241005399828776
2025-10-31 20:00:00,233.74,235.0,230.89,231.59,47728.7,2025-10-31 20:59:59.999,11156470.3360,3354,39023.9,9128681.5770,0,69.55907292255512,1.4948673982565026,-0.12875404200783308,1.6236214402643356,228.97078429037677,219.244,209.51721570962323,3.8014285714285756,23468.015,6.292454562144304,221.97000000000003,9.828908891632357
2025-10-31 21:00:00,231.75,232.69,229.82,230.95,4596.9,2025-10-31 21:59:59.999,1060086.1910,2601,443.6,102447.2280,0,69.53941791466511,2.143767463213976,0.3257502590365289,1.8180172041774472,230.89547771602997,219.85999999999999,208.82452228397,3.8985714285714335,21719.9,5.9549479286140246,225.352,9.313910027481096
2025-10-31 22:00:00,230.95,231.53,229.56,230.28,3227.0,2025-10-31 22:59:59.999,743277.8900,2450,1138.5,263165.3370,0,67.56373937677053,2.574287258115504,0.7754576588523241,1.79882959926318,232.39633954361489,220.539,208.6816604563851,3.913571428571434,20979.795000000002,5.70576084461786,228.554,7.021504824467203
2025-10-31 23:00:00,230.25,231.53,228.26,228.38,2712.3,2025-10-31 23:59:59.999,622298.6930,1906,228.1,52406.6030,0,64.02586903799514,2.7306855332307975,1.166503233728019,1.5641822995027785,233.34346769491054,221.08800000000002,208.8325323050895,4.047857142857148,21079.89,3.9745048941497787,230.988,1.951940060559924
2025-11-01 00:00:00,228.57,229.71,226.68,227.26,9061.0,2025-11-01 00:59:59.999,2062950.3950,2028,31.4,7182.2850,0,62.34584098661767,2.732756141560685,1.4797538152945524,1.2530023262661327,234.01202606777545,221.49,208.96797393222457,4.108571428571433,21094.58,4.2333623813236665,229.692,1.8142960067247544
2025-11-01 01:00:00,227.29,228.45,226.38,226.38,1828.7,2025-11-01 01:59:59.999,414890.6840,1671,218.5,49756.8560,0,59.04813121806935,2.633036462712994,1.710410344778241,0.9226261179347528,234.5061484812518,221.85500000000002,209.20385151874822,4.07071428571429,21165.190000000002,3.388746803069048,228.65,1.94324470924698
2025-11-01 02:00:00,226.38,227.8,225.37,227.52,17949.0,2025-11-01 02:59:59.999,4074963.1740,2756,11934.2,2714306.5350,0,62.92563334241351,2.61584256660484,1.8914967891435608,0.7243457774612794,235.081453690074,222.3435,209.605546309926,4.051428571428578,21944.31,3.282037314449143,227.964,1.478066304336756
2025-11-01 03:00:00,227.52,228.51,227.34,228.02,880.7,2025-11-01 03:59:59.999,200758.8530,1665,218.1,49770.3890,0,62.48621830209481,2.612447433567354,2.0356869180283197,0.5767605155390343,235.61816411265423,222.88850000000002,210.15883588734582,3.991428571428575,21791.66,4.35697940503433,227.512,0.7675415298309719
2025-11-01 04:00:00,228.02,228.51,226.14,226.3,10251.9,2025-11-01 04:59:59.999,2322266.6370,1931,204.4,46337.6210,0,58.19470957185712,2.442807971118384,2.1171111286463327,0.32569684247205144,235.89787471219702,223.3095,210.721125287803,3.9464285714285756,22248.84,5.727901326854803,227.096,0.7427516408698493
2025-11-01 05:00:00,226.21,226.99,225.68,225.71,904.7,2025-11-01 05:59:59.999,204906.4690,1782,206.4,46808.1230,0,60.16351846630955,2.2349957658251185,2.14068805608209,0.09430770974302849,236.06773875854788,223.69650000000001,211.32526124145215,3.863571428571433,22251.2,5.339058197601156,226.786,0.9513569256669863
2025-11-01 06:00:00,225.71,226.99,225.21,225.87,906.0,2025-11-01 06:59:59.999,204404.2310,1635,22.7,5152.6730,0,68.97658004491498,2.0594734310133163,2.1244451310683354,-0.06497170005501918,236.18753395580742,224.09750000000003,212.00746604419263,3.613571428571433,22166.475,4.467878451505479,226.68400000000003,1.0298689237055532
2025-11-01 07:00:00,225.92,226.99,224.99,226.46,2838.5,2025-11-01 07:59:59.999,640024.4000,1784,228.8,51934.6360,0,69.33079606723753,1.9455516766050778,2.088666440175684,-0.14311476357060604,236.38335558281733,224.43800000000002,212.4926444171827,3.587142857142861,21693.905000000002,-3.1145717463848723,226.47200000000004,0.9177526900065288
2025-11-01 08:00:00,226.49,227.01,224.99,226.85,868.0,2025-11-01 08:59:59.999,196449.4020,1389,110.8,25152.4180,0,67.74516344229482,1.8652363228480908,2.0439804167101654,-0.17874409386207457,236.47437457691177,224.879,213.2836254230882,3.5407142857142873,21255.93,-2.0467204974308086,226.238,0.4587700949429682
2025-11-01 09:00:00,226.83,227.05,224.99,225.62,1487.2,2025-11-01 09:59:59.999,336834.8480,2087,665.8,151086.8800,0,20.32163742690058,1.6829352756271874,1.9717713884935697,-0.28883611286638233,236.4692514173589,225.212,213.9547485826411,2.318571428571429,20944.155000000002,-2.3078588439056005,226.102,0.5309143057159544
2025-11-01 10:00:00,225.62,227.05,225.36,225.63,741.3,2025-11-01 10:59:59.999,167437.7390,1449,27.5,6226.4280,0,24.17677642980931,1.521725791045185,1.881762269003893,-0.3600364779587082,236.49544684335996,225.47899999999998,214.46255315664,2.145714285714285,20576.715,-2.0192808754559692,226.086,0.5466534551375664
2025-11-01 11:00:00,225.65,227.05,224.76,225.18,3087.0,2025-11-01 11:59:59.999,694759.5570,1997,225.9,50862.9470,0,24.581497797356832,1.3421830234548224,1.7738464198940789,-0.43166339643925644,236.3323738056551,225.81300000000002,215.29362619434494,2.104285714285715,20429.280000000002,-1.4011734827918332,225.948,0.6845217308557204
2025-11-01 12:00:00,225.18,225.61,224.76,224.84,759.4,2025-11-01 12:59:59.999,171065.4900,1411,72.1,16252.1040,0,25.31760435571684,1.1590975727961563,1.6508966504744946,-0.4917990776783383,235.32233982197408,226.353,217.38366017802593,2.0242857142857167,19823.175000000003,-1.0648596321393944,225.62399999999997,0.7607430578147976
2025-11-01 13:00:00,224.87,225.61,223.29,223.68,9580.8,2025-11-01 13:59:59.999,2144964.7720,1948,150.0,33551.6230,0,27.140077821011673,0.9099098542141064,1.502699291222417,-0.5927894370083107,233.91466062061158,226.82349999999997,219.73233937938835,1.9564285714285745,18923.56,-1.1926848661542488,224.99,0.8033056703477358
2025-11-01 14:00:00,223.7,223.85,221.77,222.24,4485.7,2025-11-01 14:59:59.999,995910.9310,2010,137.8,30668.1310,0,26.320754716981142,0.589436173225721,1.320046667623078,-0.730610494397357,232.65759623075604,227.125,221.59240376924396,1.8885714285714303,18124.625000000004,-2.3206751054852326,224.314,1.3658257575592194
2025-11-01 15:00:00,222.24,223.34,221.76,222.64,4918.2,2025-11-01 15:59:59.999,1095656.2640,1725,4252.8,947621.7850,0,31.52173913043464,0.3635444154915035,1.128746217196763,-0.7652018017052595,231.5030720651481,226.57,221.63692793485188,1.8535714285714318,6440.65,-2.3594421541970103,223.71600000000004,1.2984914323982655
2025-11-01 16:00:00,222.67,223.72,221.76,223.41,1498.6,2025-11-01 16:59:59.999,334310.0580,1846,728.6,162807.1170,0,28.923076923076735,0.24384523874260822,0.951766021505932,-0.7079207827633238,230.68070609197537,226.16099999999997,221.64129390802458,1.8200000000000034,4129.1449999999995,-1.277065841802923,223.362,1.008474094863805
2025-11-01 17:00:00,223.47,223.72,222.25,222.45,896.8,2025-11-01 17:59:59.999,199727.2590,2046,5.0,1118.6000,0,22.722820763956662,0.07070377275707074,0.7755535717561598,-0.7048497989990891,229.94767000256093,225.73600000000002,221.5243299974391,1.8414285714285756,3944.1400000000003,-1.4443312214788973,222.88400000000001,0.6270805371010314
2025-11-01 18:00:00,222.45,223.72,222.08,222.92,780.5,2025-11-01 18:59:59.999,173620.2340,1499,1.2,268.4640,0,31.13839285714262,-0.028261236465283446,0.6147906101118712,-0.6430518465771546,229.17463465128537,225.36800000000002,221.56136534871467,1.789285714285717,3821.815,-1.3060610085447457,222.73200000000003,0.4541695718680067
2025-11-01 19:00:00,222.86,223.72,222.06,223.32,737.9,2025-11-01 19:59:59.999,164366.1240,1249,56.6,12662.5520,0,36.37400228050156,-0.07356702732084841,0.47711908262532726,-0.5506861099461757,228.74736040409107,225.115,221.48263959590895,1.8142857142857167,3723.0950000000003,-1.3865583325973747,222.948,0.41697721761624207
2025-11-01 20:00:00,223.32,224.7,221.76,224.05,1000.9,2025-11-01 20:59:59.999,224125.0660,1732,367.5,82362.0950,0,40.256959314775166,-0.04999102839207126,0.3716970604218476,-0.42168808881391884,228.46957116046082,224.9545,221.43942883953918,1.8971428571428592,3320.09,-1.2342957901697083,223.23000000000002,0.5952730466023598
2025-11-01 21:00:00,223.98,224.7,221.76,221.76,2473.8,2025-11-01 21:59:59.999,550939.1510,1792,8.2,1825.8300,0,28.713768115941946,-0.21362816850893296,0.25463201463569146,-0.4682601831446244,228.44527815452835,224.72349999999997,221.0017218454716,1.9642857142857164,3352.345,-1.710841237478953,222.9,0.8662274528153341
2025-11-01 22:00:00,221.76,222.69,221.47,222.42,925.3,2025-11-01 22:59:59.999,205450.7060,1565,141.7,31511.0310,0,30.41556145004418,-0.2867498233752883,0.14635564703349546,-0.4331054704087838,228.08077308519873,224.4685,220.85622691480128,1.9071428571428604,2501.16,-1.4226831538359297,222.894,0.8702183634071027
2025-11-01 23:00:00,222.44,222.92,221.47,222.84,881.1,2025-11-01 23:59:59.999,196170.0430,1472,281.1,62629.4120,0,36.76190476190479,-0.307266791451525,0.05563115933649134,-0.36289795078801634,227.47584174895994,224.2095,220.94315825104005,1.8635714285714309,2501.1800000000003,-1.039168665067947,222.87800000000001,0.8703562489066881
2025-11-02 00:00:00,222.87,222.92,221.47,222.41,713.0,2025-11-02 00:59:59.999,158441.7190,1310,0.6,133.7520,0,35.25641025641032,-0.35414171753456003,-0.02632341603771896,-0.32781830149684105,227.21990085238687,224.01499999999996,220.81009914761304,1.846428571428573,2024.2350000000001,-1.0807685465219743,222.696,0.8497234844411159
2025-11-02 01:00:00,222.42,223.34,221.47,222.65,844.1,2025-11-02 01:59:59.999,188031.6880,1572,169.5,37826.5400,0,38.18860877684414,-0.36768598477871706,-0.0945959297859186,-0.2730900549927985,227.0179841237592,223.86200000000002,220.70601587624085,1.816428571428572,2021.205,-0.4604792560801149,222.416,0.4077131344591225
2025-11-02 02:00:00,222.6,224.0,221.47,222.98,2265.8,2025-11-02 02:59:59.999,506106.5600,1930,1502.9,335899.4940,0,41.30841121495324,-0.34778265017195054,-0.145233273863125,-0.20254937630882552,226.74854550313114,223.71749999999997,220.6864544968688,1.9364285714285703,2089.1949999999997,0.3329733621310208,222.66,0.2524876234802527
2025-11-02 03:00:00,222.89,224.0,222.07,222.51,789.3,2025-11-02 03:59:59.999,175521.1750,1529,14.3,3182.9340,0,44.1558441558441,-0.365718411945295,-0.18933030147955904,-0.17638811046573594,226.30325821937814,223.51999999999998,220.73674178062183,1.9085714285714264,1986.735,-0.05839022637441405,222.67799999999997,0.23360222603973974
2025-11-02 04:00:00,222.51,224.86,222.07,224.77,5231.0,2025-11-02 04:59:59.999,1171603.2360,1759,4627.7,1036974.9220,0,61.68051708217906,-0.19531801547776695,-0.19052784427920064,-0.004790171198566312,225.8025094528134,223.416,221.02949054718658,1.9592857142857147,2204.8849999999998,0.6087462512868778,223.064,0.977691157785061
2025-11-02 05:00:00,224.8,225.19,223.9,225.19,795.5,2025-11-02 05:59:59.999,178579.5650,1499,105.3,23690.6200,0,61.75115207373269,-0.026083311516288177,-0.15763893772661816,0.13155562621032998,225.70390844554788,223.39450000000002,221.08509155445216,1.9385714285714275,2170.3,1.2317374690941827,223.61999999999998,1.2619429464169936
2025-11-02 06:00:00,225.16,225.96,223.93,225.96,4946.7,2025-11-02 06:59:59.999,1114709.6240,2025,4341.2,978332.3980,0,61.75115207373269,0.1682297279009788,-0.09246520460109876,0.26069493250207754,225.7912865815849,223.411,221.0307134184151,1.9435714285714272,2380.5699999999997,1.3637179257132697,224.28199999999998,1.4759302151565994
2025-11-02 07:00:00,225.96,226.42,225.3,225.9,901.2,2025-11-02 07:59:59.999,203463.4670,1571,202.2,45714.8610,0,67.33668341708538,0.31376581601540465,-0.011219000477798061,0.3249848164932027,225.95812136828596,223.44699999999997,220.935878631714,1.9185714285714255,2271.2799999999997,1.1552928533046805,224.86599999999999,1.4080944570634168
2025-11-02 08:00:00,225.99,226.42,224.1,224.44,4038.8,2025-11-02 08:59:59.999,906393.1050,1955,150.7,33865.4710,0,56.946983546617915,0.30774690139261907,0.052574179896285385,0.2551727214963337,225.89744935182785,223.427,220.95655064817214,1.9671428571428546,2435.25,0.17406828832849203,225.252,0.6739213604071688
2025-11-02 09:00:00,224.44,225.24,222.89,222.92,6818.8,2025-11-02 09:59:59.999,1524322.3620,2487,229.2,51518.8890,0,48.341625207296836,0.17827057909391897,0.07771345973581212,0.10055711935810685,225.8664341565311,223.38900000000004,220.91156584346896,2.0164285714285706,2297.15,0.5230880230880215,224.88199999999998,1.2587771844185647
2025-11-02 10:00:00,222.95,223.36,220.7,221.32,12594.1,2025-11-02 10:59:59.999,2789107.4000,2296,272.8,60448.7030,0,39.44315545243619,-0.05283788514688581,0.05160319075927253,-0.10444107590615834,225.94146999515797,223.343,220.744530004842,1.9964285714285726,2702.57,-0.4945598417408481,224.108,1.9959759517619544
2025-11-02 11:00:00,221.27,223.74,220.69,223.73,5519.5,2025-11-02 11:59:59.999,1228207.2850,2228,5040.9,1121906.5600,0,57.547892720306486,-0.041052916843824505,0.03307196923865312,-0.07412488608247762,225.97955854227516,223.39749999999998,220.8154414577248,2.0042857142857167,2732.6349999999998,0.3993896966433254,223.66199999999998,1.7069036293861517
2025-11-02 12:00:00,223.74,223.97,222.63,223.24,864.7,2025-11-02 12:59:59.999,193248.9040,1498,143.0,32022.4120,0,53.183229813664674,-0.0704401591494559,0.012369543561031308,-0.08280970271048721,225.97200437066886,223.38900000000004,220.80599562933122,2.0128571428571456,2700.94,0.37318465896318176,223.13000000000002,1.1627983488168054
2025-11-02 13:00:00,223.33,223.97,220.96,221.73,2234.6,2025-11-02 13:59:59.999,495770.5180,1641,90.2,20014.2960,0,46.02720114531134,-0.21311745543852112,-0.032727856238879194,-0.18038959919964193,226.01011438256842,223.35299999999998,220.69588561743154,2.1242857142857168,2767.83,-0.41320458118123327,222.58800000000002,1.0226778573972108
2025-11-02 14:00:00,221.6,221.98,218.8,219.94,17221.7,2025-11-02 14:59:59.999,3787717.9270,2509,266.4,58793.8060,0,41.94390084801044,-0.46526499577393565,-0.11923528414589053,-0.34602971162804513,226.26661944986378,223.204,220.14138055013623,2.247857142857145,3589.8900000000003,-1.3633509731814477,221.99200000000002,1.5255392489247677
2025-11-02 15:00:00,219.96,221.08,218.8,220.2,3662.3,2025-11-02 15:59:59.999,808122.2680,1887,2951.1,651442.7230,0,42.01954397394131,-0.6367735815549622,-0.2227429436277049,-0.41403063792725736,226.39077287985037,223.048,219.70522712014963,2.277142857142859,3736.1100000000006,-1.038155588512877,221.76800000000003,1.718857178479269
2025-11-02 16:00:00,220.2,236.82,218.81,230.03,271880.8,2025-11-02 16:59:59.999,62294824.2370,4766,224014.2,51289867.5060,0,64.18511066398392,0.020269817979027493,-0.17414039130635842,0.1944102092853859,227.91308596640255,223.34699999999998,218.7809140335974,3.382857142857144,17280.105,2.3401699515059797,223.02800000000002,4.131920860811724
2025-11-02 17:00:00,230.04,230.05,226.71,227.86,7771.3,2025-11-02 17:59:59.999,1770457.6950,2430,297.2,67829.5330,0,60.07532956685503,0.361711002024407,-0.06697011264020532,0.4286811146646123,228.57287968172884,223.652,218.73112031827114,3.4835714285714294,17544.98,1.185665438074522,223.952,4.672405162227706
2025-11-02 18:00:00,227.86,227.96,226.32,226.34,873.6,2025-11-02 18:59:59.999,198194.1660,1621,21.6,4920.4850,0,53.041456799690025,0.5038462772505454,0.04719316533794487,0.45665311191260055,228.87342420308963,223.848,218.8225757969104,3.4014285714285717,17542.395,0.1681713577624338,224.87399999999997,4.578217993937496
2025-11-02 19:00:00,226.39,227.96,224.5,224.87,5220.1,2025-11-02 19:59:59.999,1179570.9510,2249,76.0,17186.6440,0,49.40431868950113,0.49219902818558126,0.13619433790747218,0.3560046902781091,228.97120226956523,223.9495,218.92779773043478,3.556428571428573,17759.344999999998,-0.455953961930058,225.85999999999999,3.6957746143419046
2025-11-02 20:00:00,224.87,226.35,224.5,224.63,811.0,2025-11-02 20:59:59.999,182448.0450,1548,166.0,37369.8170,0,47.47436384352448,0.4583192857194547,0.20061932746986874,0.2576999582495859,229.0368587406592,224.0605,219.08414125934078,3.5435714285714295,17764.245,0.08465514168597296,226.746,2.2465150789644985
2025-11-02 21:00:00,224.65,226.58,224.39,226.36,4765.7,2025-11-02 21:59:59.999,1077966.8910,1962,4145.7,938467.7890,0,50.82142857142859,0.5645580141494975,0.2734070648057945,0.29115094934370295,229.27726394080562,224.246,219.2147360591944,3.6200000000000045,17960.325,1.5431544948860696,226.012,1.3093777147997234
2025-11-02 22:00:00,226.39,226.81,223.89,225.29,9642.3,2025-11-02 22:59:59.999,2168659.6140,2251,182.0,41042.4370,0,51.53929735603041,0.5560036502225785,0.32992638188915135,0.22607726833342712,229.37642624702534,224.36150000000004,219.34657375297473,3.662857142857149,18329.15,1.7937827579974692,225.498,0.8128776045713274
2025-11-02 23:00:00,225.4,231.4,225.4,231.24,17916.6,2025-11-02 23:59:59.999,4113360.1890,2831,17492.8,4016884.8490,0,62.983770287141084,1.0176091639525282,0.4674629383018268,0.5501462256507015,230.59337238256322,224.798,219.0026276174368,3.931428571428577,19185.515,3.356724623430036,226.478,2.7432954634917954
2025-11-03 00:00:00,231.3,232.62,229.76,229.76,13607.7,2025-11-03 00:59:59.999,3143980.0670,2422,5981.3,1385080.6750,0,63.220551378446075,1.2496065417871307,0.6238916589988877,0.625714882788243,231.25294370523918,225.04750000000004,218.8420562947609,3.9457142857142906,19604.35,2.9206235441677038,227.456,2.894223557366581
2025-11-03 01:00:00,229.76,230.42,225.49,225.8,13522.8,2025-11-03 01:59:59.999,3073655.3830,2802,139.9,31956.5590,0,53.09232148192414,1.1012329028621934,0.7193599077715489,0.38187299509064454,231.29238263859665,225.07799999999997,218.8636173614033,4.080000000000003,20240.715,1.8355657781987198,227.69,2.645203205807806
2025-11-03 02:00:00,225.74,226.34,223.48,224.04,14413.9,2025-11-03 02:59:59.999,3234108.5290,2515,155.5,34975.5410,0,51.15141047783532,0.8320372267487528,0.7418953715669898,0.09014185518176299,231.1983336630582,224.98199999999997,218.76566633694173,4.188571428571431,20714.075,1.864144766754567,227.22600000000003,3.101028861525712
2025-11-03 03:00:00,224.06,224.4,216.75,216.75,49930.2,2025-11-03 03:59:59.999,10963522.9540,3753,201.2,43987.0640,0,43.85488647581443,0.030108566241096923,0.5995380105018113,-0.5694294442607144,231.7252352694706,224.5245,217.32376473052938,4.520000000000004,23165.525,-1.566757493188006,225.51800000000003,5.698194450877729
2025-11-03 04:00:00,216.74,216.98,215.21,216.57,3832.0,2025-11-03 04:59:59.999,825932.4140,2428,302.0,65244.8060,0,45.66949370341815,-0.6128852112647962,0.35705336614848976,-0.969938577413286,232.1633081823837,224.131,216.0986918176163,4.419285714285719,23155.185,-5.8514106855627555,222.584,5.791401384812729
2025-11-03 05:00:00,216.57,218.97,213.61,213.61,45225.2,2025-11-03 05:59:59.999,9795520.6880,3262,23926.5,5205788.4470,0,42.08123047344393,-1.3457961741395934,0.016483458090873045,-1.3622796322304664,232.97142900987262,223.66549999999998,214.35957099012734,4.639285714285718,25075.504999999997,-6.253840077240411,219.35399999999998,5.268645936102333
2025-11-03 06:00:00,213.59,213.99,209.49,210.42,25664.1,2025-11-03 06:59:59.999,5434756.7070,2919,211.9,44776.5290,0,21.961681441235385,-2.159150390931643,-0.4186433117136303,-1.7405070792180126,234.1262678179719,223.1205,212.1147321820281,3.6742857142857184,25729.004999999997,-7.033666165945045,216.27799999999996,5.0495316614518515
2025-11-03 07:00:00,210.31,212.95,209.44,212.09,15060.6,2025-11-03 07:59:59.999,3187958.1200,2822,14425.0,3053558.6090,0,27.125036263417527,-2.6385686474960437,-0.8626283788701131,-1.7759402686259307,234.58995857081874,222.53850000000003,210.48704142918132,3.6864285714285745,26206.059999999998,-5.6832836750122295,213.888,2.7713390265361704
2025-11-03 08:00:00,212.09,212.95,210.46,211.51,7032.1,2025-11-03 08:59:59.999,1485072.5030,2308,414.1,87620.7290,0,27.885475693408935,-3.030379889562198,-1.2961786810085303,-1.7342012085536678,234.96320909466965,221.952,208.94079090533035,3.7471428571428578,26514.43,-5.840715843832082,212.84,2.381890005856991
2025-11-03 09:00:00,211.47,214.35,210.9,211.44,62798.7,2025-11-03 09:59:59.999,13376985.0190,3421,42918.2,9154653.9530,0,29.100529100529158,-3.3084043112429242,-1.6986238070554094,-1.6097805041875148,235.27333124773287,221.4375,207.60166875226713,3.7464285714285706,29542.635,-6.591270542498681,211.81400000000002,1.170183746255447
2025-11-03 10:00:00,211.43,212.94,208.93,209.22,15009.8,2025-11-03 10:59:59.999,3157678.4430,2401,244.4,51699.8260,0,27.411316329522208,-3.665621116705097,-2.092023268985347,-1.5735978477197499,235.77339121870537,220.9015,206.02960878129463,3.9007142857142845,29432.04,-7.133028540991608,210.93599999999998,1.1320468188196027
2025-11-03 11:00:00,209.22,214.66,209.22,213.91,40505.6,2025-11-03 11:59:59.999,8630703.8310,3814,39826.2,8486247.8610,0,33.20744537361749,-3.5295873190848113,-2.37953607900524,-1.1500512400795713,235.7838363743717,220.587,205.39016362562828,4.13285714285714,31274.204999999998,-7.49437813527072,211.63400000000001,1.678430814779164
2025-11-03 12:00:00,214.06,214.98,213.04,213.48,4571.9,2025-11-03 12:59:59.999,979816.1210,2193,2912.5,625588.8540,0,33.79083173208896,-3.417086909905578,-2.5870462451853076,-0.8300406647202703,234.58925171030953,219.75949999999997,204.92974828969042,4.062857142857139,17908.760000000002,-7.08565459610028,211.91199999999998,1.8762915551695336
2025-11-03 13:00:00,213.3,214.66,212.88,213.07,4661.8,2025-11-03 13:59:59.999,994725.7660,2302,1190.9,255158.4520,0,20.58918743930076,-3.3227109550226146,-2.7341791871527694,-0.5885317678698452,233.6222449607824,219.02000000000004,204.41775503921767,3.7535714285714232,17753.285,-5.637732506643054,212.22400000000002,1.9218818902317627
2025-11-03 14:00:00,213.19,214.66,210.64,211.63,19027.1,2025-11-03 14:59:59.999,4032615.4100,2805,365.8,77804.0220,0,20.61588330632094,-3.3257758227921386,-2.8524985142806436,-0.47327730851149497,232.81600403343177,218.28450000000004,203.7529959665683,3.836428571428566,18660.96,-5.539189430458846,212.262,1.9043030221056874
2025-11-03 15:00:00,211.65,211.7,196.93,200.56,168820.2,2025-11-03 15:59:59.999,34336023.1430,3871,62399.5,12578760.3440,0,16.75447839831402,-4.173353416368911,-3.1166694946982973,-1.056683921670614,233.253932434048,217.06900000000002,200.88406756595202,4.539285714285709,26840.965000000004,-7.469434832756631,210.52999999999997,5.638913902516965
2025-11-03 16:00:00,200.56,203.88,199.99,202.03,62385.4,2025-11-03 16:59:59.999,12614523.7650,790,47163.4,9549256.8420,0,20.785771170692882,-4.6725853951955685,-3.427852674797752,-1.2447327203978165,233.03154672903295,215.93900000000002,198.8464532709671,4.612857142857136,29919.684999999998,-6.7137646026688795,208.154,6.320366286853691
2025-11-03 17:00:00,202.03,206.76,202.02,206.04,62900.6,2025-11-03 17:59:59.999,12876269.8440,911,61448.1,12578564.5320,0,34.4286129688863,-4.690586684644387,-3.680399476767079,-1.010187207877308,231.82198670272612,214.923,198.02401329727388,4.404999999999991,32826.43000000001,-3.543841580450363,206.666,5.586146256588282
2025-11-03 18:00:00,206.04,206.18,203.85,203.85,10404.1,2025-11-03 18:59:59.999,2129304.5570,657,776.6,160015.2380,0,32.52747252747254,-4.825937134387544,-3.9095070082911727,-0.9164301260963716,230.70103688891703,213.85100000000003,197.00096311108302,4.444999999999993,32864.520000000004,-3.122326775021383,204.82200000000003,4.322530508856291
2025-11-03 19:00:00,203.85,204.11,202.48,202.52,22073.7,2025-11-03 19:59:59.999,4484256.4150,699,729.5,148531.2650,0,34.05234397469083,-4.983081365560793,-4.124221879745098,-0.858859485815695,227.8620920445096,212.41500000000002,196.96790795549043,4.178571428571424,33072.375,-4.512235371776129,203.0,2.0669421859334856
2025-11-03 20:00:00,202.52,203.72,199.19,199.6,40856.5,2025-11-03 20:59:59.999,8197826.5970,997,41.8,8428.9250,0,34.318840579710155,-5.28234728610326,-4.35584696101673,-0.92650032508653,225.05883841507145,210.907,196.75516158492857,4.180714285714282,34434.814999999995,-5.630939435487682,202.808,2.3722921405238644
2025-11-03 21:00:00,200.02,201.48,198.47,200.62,66141.8,2025-11-03 21:59:59.999,13222796.0920,926,30860.8,6173135.3760,0,33.05760709010339,-5.375249676430229,-4.55972750409943,-0.815522172330799,222.65506949478183,209.648,196.64093050521817,4.144999999999996,37065.765,-5.117290957245551,202.526,2.563957877967378
2025-11-03 22:00:00,200.57,200.63,197.75,199.47,26930.2,2025-11-03 22:59:59.999,5365536.3340,815,10014.4,1998169.4700,0,32.51016850668216,-5.478517934647272,-4.743485590208999,-0.7350323444382729,220.29518143197126,208.41950000000003,196.5438185680288,4.17285714285714,37691.58,-4.660166332090623,201.21200000000002,1.9139932079266988
2025-11-03 23:00:00,199.21,199.99,198.84,199.57,12442.1,2025-11-03 23:59:59.999,2482655.7660,441,8435.1,1683773.0050,0,32.772133526850496,-5.489015653368369,-4.892591602840874,-0.5964240505274958,219.38429309519069,207.5605,195.7367069048093,4.008571428571427,35817.175,-6.703753915197982,200.356,1.296815329948175
2025-11-04 00:00:00,199.72,202.0,197.95,201.62,33527.8,2025-11-04 00:59:59.999,6695783.7130,739,22839.0,4576457.4090,0,38.91481913652276,-5.2711547132966245,-4.968304224932024,-0.3028504883646006,218.11743061719312,206.81300000000002,195.5085693828069,4.011428571428572,37301.965000000004,-5.555555555555549,200.176,0.932700380609112
2025-11-04 01:00:00,201.62,203.65,200.07,202.72,18866.7,2025-11-04 01:59:59.999,3826791.4140,2064,14389.3,2924245.7530,0,31.769305962854347,-4.952646515653015,-4.965172683076222,0.012526167423207113,217.2385746531062,206.2685,195.29842534689377,3.8785714285714294,35984.03999999999,-4.857558548833714,200.8,1.385009025237419
2025-11-04 02:00:00,202.68,204.31,201.59,203.41,3383.9,2025-11-04 02:59:59.999,688960.7360,2092,2631.1,535858.2440,0,33.73182552504039,-4.591619904785205,-4.890462127418019,0.298842222632814,216.77696302115098,205.91799999999998,195.05903697884898,3.934285714285715,34870.03,-3.884137409630014,201.358,1.7955417009888046
2025-11-04 03:00:00,203.98,205.7,202.82,204.57,9582.1,2025-11-04 03:59:59.999,1959650.8240,2062,8921.5,1824523.9580,0,36.59305993690852,-4.163902532683267,-4.745150208471069,0.581247675787802,216.01504429676942,205.542,195.06895570323059,4.012857142857143,34596.104999999996,1.9994016753091297,202.378,1.900413112981217
2025-11-04 04:00:00,204.67,205.7,202.24,202.24,4787.0,2025-11-04 04:59:59.999,975262.6750,2298,74.7,15224.6350,0,35.59374041116908,-3.967213394624082,-4.589562845701671,0.6223494510775893,215.25578797501112,205.0785,194.90121202498887,3.972857142857141,34483.85,0.10394495866950847,202.912,1.1351960183120664
2025-11-04 05:00:00,202.23,203.13,194.36,194.36,101865.3,2025-11-04 05:59:59.999,20201367.7310,3893,483.0,96232.0660,0,39.45578231292518,-4.396505797630397,-4.550951436087416,0.15444563845701964,215.00286912768456,204.2245,193.44613087231545,3.5442857142857127,36437.18,-5.66880217433507,201.46,4.064498739080844
2025-11-04 06:00:00,194.36,200.16,194.28,196.68,126293.8,2025-11-04 06:59:59.999,24936240.2970,3313,99536.0,19652754.7500,0,41.15702479338843,-4.497672144172327,-4.5402955777043985,0.04262343353207143,214.60873612736668,203.5975,192.5862638726333,3.6864285714285705,42001.380000000005,-3.517292126563644,200.252,4.4733958018476665
2025-11-04 07:00:00,196.57,196.87,192.56,193.5,42621.0,2025-11-04 07:59:59.999,8276037.2790,3210,3432.8,666857.5940,0,28.687967369136658,-4.779353217455366,-4.588107105654593,-0.19124611180077355,213.3444775426548,202.577,191.8095224573452,3.655714285714286,42107.15,-4.453881098163149,198.27,4.89948976935211
2025-11-04 08:00:00,193.5,197.59,192.56,196.76,44325.1,2025-11-04 08:59:59.999,8668764.0030,2612,42741.3,8360951.5620,0,38.37323712692685,-4.685520973247407,-4.6075898791731555,-0.07793109407425103,211.4925707776531,201.741,191.98942922234693,3.8485714285714283,44094.810000000005,-1.4228456913827672,196.708,3.4062765595271607
2025-11-04 09:00:00,196.73,197.66,195.97,196.76,1956.2,2025-11-04 09:59:59.999,384998.1440,2025,630.0,124405.1810,0,40.12345679012342,-4.558609431793911,-4.597793789697307,0.03918435790339547,209.32168578817038,200.9255,192.52931421182961,3.8528571428571405,43959.53,-1.9240354899810654,195.612,1.5656053142420339
2025-11-04 10:00:00,196.8,197.11,195.44,196.26,5921.0,2025-11-04 10:59:59.999,1160072.2840,2084,185.2,36355.5020,0,43.75467464472699,-4.4471133872728785,-4.567657709212422,0.12054432193954323,207.1189177636174,200.157,193.19508223638263,3.6485714285714272,43304.225,-1.6092645510603139,195.992,1.4084459520987473
2025-11-04 11:00:00,196.27,198.48,195.44,197.62,18862.3,2025-11-04 11:59:59.999,3718791.7640,2379,12928.6,2550151.4290,0,44.460856720827174,-4.200589553106568,-4.494244077991251,0.29365452488468335,207.05969129596642,200.01000000000002,192.96030870403362,3.6507142857142845,35806.33,-0.977100766648288,196.18,1.5760076141895882
2025-11-04 12:00:00,197.66,197.89,195.16,195.68,11228.0,2025-11-04 12:59:59.999,2199312.7950,2052,250.9,49172.3900,0,43.2005740940079,-4.114331967328297,-4.41826165585866,0.3039296885303626,206.92864574640132,199.6925,192.45635425359868,3.6399999999999983,33248.46000000001,-2.9461362960023796,196.616,0.7162960281783214
2025-11-04 13:00:00,195.7,196.4,194.53,196.03,10182.1,2025-11-04 13:59:59.999,1988974.8030,2079,3817.2,748949.5900,0,43.70554765291608,-3.971944035823128,-4.328998131851554,0.35705409602842586,205.94838832201793,199.192,192.43561167798208,3.69142857142857,30612.535000000003,-3.300118389897394,196.47,0.7530604225318678
2025-11-04 14:00:00,196.01,202.01,194.45,201.34,98032.2,2025-11-04 14:59:59.999,19433994.4480,3666,90302.7,17928304.9670,0,49.553855959209685,-3.3915324765433184,-4.141505000789907,0.7499725242465889,205.54616300293347,199.0665,192.5868369970665,3.942142857142855,34993.939999999995,-1.017649083132586,197.38600000000002,2.329480628806542
2025-11-04 15:00:00,201.42,203.73,198.92,199.64,103453.3,2025-11-04 15:59:59.999,20841206.7010,4617,43747.8,8864143.2440,0,45.1844903064415,-3.0337566682580643,-3.9199553342835385,0.8861986660254741,205.20398783917398,198.9225,192.64101216082605,4.029999999999997,39062.92,-2.4099330302585944,198.062,2.4100663891241028
2025-11-04 16:00:00,199.64,200.61,194.13,194.13,67690.8,2025-11-04 16:59:59.999,13399395.0360,3794,14704.0,2942608.9720,0,37.39130434782607,-3.158419420533022,-3.767648151533436,0.6092287310004139,205.27326448747382,198.649,192.02473551252618,4.298571428571427,40404.635,-4.010087025316462,197.364,3.00262052214143
2025-11-04 17:00:00,194.13,194.2,188.52,191.62,141418.7,2025-11-04 17:59:59.999,27100425.2460,4612,69794.7,13410702.7380,0,33.02752293577983,-3.4203242045600177,-3.698183362138752,0.27785915757873436,205.45240108972538,198.199,190.94559891027464,4.498571428571426,44168.479999999996,-1.4097550936406715,196.552,3.966228687302823
2025-11-04 18:00:00,191.52,192.41,185.01,189.71,182837.5,2025-11-04 18:59:59.999,34337894.0930,5233,87792.3,16471943.0690,0,33.395176252319104,-3.7389068791731006,-3.7063280655456223,-0.032578813627478276,205.86208620466005,197.711,189.55991379533998,4.779999999999999,51963.845,-3.5438275371161274,195.288,5.036761856588246
2025-11-04 19:00:00,189.65,191.17,185.8,185.95,78314.7,2025-11-04 19:59:59.999,14794426.0540,3815,35456.3,6751525.8840,0,37.488842606367115,-4.245843084306728,-3.814231069297844,-0.4316120150088838,206.66743796484974,197.03,187.39256203515026,4.537142857142856,55257.475,-3.9018087855297217,192.20999999999998,5.115588920151664
2025-11-04 20:00:00,186.02,187.43,179.14,185.28,208953.4,2025-11-04 20:59:59.999,38333734.7350,4691,97633.1,18008751.4560,0,32.16520650813517,-4.64807694206894,-3.9810002438520633,-0.6670766982168765,206.9228146821656,196.21300000000002,185.50318531783444,4.7092857142857145,64028.755000000005,-5.834519211221788,189.338,3.750169329506986
2025-11-04 21:00:00,185.2,185.31,177.14,184.81,243961.4,2025-11-04 21:59:59.999,44074996.8390,5020,129515.4,23451420.1550,0,35.14529914529915,-4.947740768611169,-4.174348348803885,-0.7733924198072843,206.70978339941766,195.3175,183.92521660058233,4.985000000000001,75283.49,-6.073388900182959,187.474,3.0175370751612123
2025-11-04 22:00:00,184.76,190.43,184.46,188.85,110589.1,2025-11-04 22:59:59.999,20708330.4250,3641,102171.9,19119287.6900,0,36.829836829836836,-4.803856407427901,-4.300249960528688,-0.5036064468992132,205.66070394727345,194.5895,183.51829605272653,5.052142857142859,80643.75,-3.7756037908896345,186.92,2.213119969629244
2025-11-04 23:00:00,188.85,190.11,188.06,188.06,31023.9,2025-11-04 23:59:59.999,5870935.2060,2223,24220.0,4588445.9680,0,35.88578844905906,-4.699401635476022,-4.380080295518154,-0.3193213399578676,204.14221483483144,193.764,183.38578516516858,5.0778571428571455,81715.84,-4.83756704786965,186.58999999999997,1.7721879132787546
2025-11-05 00:00:00,188.06,189.03,185.27,186.68,27194.0,2025-11-05 00:59:59.999,5073096.3300,2451,4574.2,860822.2400,0,34.8895899053628,-4.674094886676329,-4.438883213749789,-0.23521167292653988,203.01589930158934,192.986,182.95610069841064,5.227142857142858,82836.19,-4.5993458708094845,186.73600000000002,1.7359809906711245
2025-11-05 01:00:00,186.68,186.79,180.75,186.55,172590.7,2025-11-05 01:59:59.999,31699950.5470,4823,121371.2,22332567.4310,0,31.834591401378404,-4.611371993609083,-4.4733809697216484,-0.13799102388743467,203.00125847661803,192.5955,182.18974152338194,5.441428571428572,86372.45999999999,-4.835994490639182,186.99,1.5529488079044478
2025-11-05 02:00:00,186.55,198.61,186.55,198.61,221707.6,2025-11-05 02:59:59.999,42756195.6180,4896,212960.7,41039954.9750,0,53.60926336536094,-3.547627595979634,-4.288230294973245,0.7406026989936114,203.29124446165474,192.692,182.09275553834527,6.107857142857144,91143.15,-1.3559153670408215,189.75,5.045557451855626
2025-11-05 03:00:00,198.61,199.37,197.05,198.6,27937.8,2025-11-05 03:59:59.999,5545381.2490,2577,20965.8,4167751.9750,0,53.19254658385092,-2.6745785369140833,-3.965499943361413,1.2909214064473296,203.868586736465,192.947,182.025413263535,6.140000000000001,90408.99,-0.5209376878381047,191.70000000000002,6.331086004784536
2025-11-05 04:00:00,198.59,200.07,197.76,198.97,15226.0,2025-11-05 04:59:59.999,3033250.7790,2121,14096.3,2808807.0610,0,46.64401019541206,-1.9305705443480292,-3.5585140635587362,1.627943519210707,204.18431327623648,193.05749999999998,181.93068672376347,5.765000000000001,88954.035,2.4931746767629956,193.882,6.635666507592271
2025-11-05 05:00:00,199.01,201.6,198.82,200.22,18013.3,2025-11-05 05:59:59.999,3606836.8740,2288,11917.8,2388701.9780,0,50.83189902467013,-1.2259423958207947,-3.091999730011148,1.8660573341903532,204.70195376920333,193.2305,181.75904623079668,5.62,89756.88999999998,4.488049264168664,196.58999999999997,5.651623660505521
2025-11-05 06:00:00,200.21,200.4,197.18,197.18,6912.4,2025-11-05 06:59:59.999,1371245.2700,2067,168.6,33470.8670,0,54.70824328496452,-0.9024195740877872,-2.654083698826476,1.751664124738689,204.80633365927488,193.2765,181.7466663407251,5.387142857142856,89806.45999999999,3.9375889515576397,198.716,1.0851866198903533
2025-11-05 07:00:00,197.99,198.44,196.56,198.12,19263.1,2025-11-05 07:59:59.999,3804217.7110,2061,10135.6,2007952.5810,0,60.54510058403634,-0.5636775391222102,-2.236002466885623,1.672324927763413,204.87308093188562,193.30149999999998,181.72991906811433,5.115714285714286,89826.5,6.54477009948912,198.618,1.11875824018816
2025-11-05 08:00:00,198.12,198.38,194.0,195.7,24997.9,2025-11-05 08:59:59.999,4889188.6820,2643,11660.8,2279820.9810,0,59.5595276093201,-0.4849061152702916,-1.8857831965625567,1.400877081292265,204.87494981569867,193.3025,181.73005018430135,4.8999999999999995,90514.99500000001,5.623920552677022,198.03799999999998,1.7203836781334878
2025-11-05 09:00:00,195.57,197.82,195.55,197.59,14910.2,2025-11-05 09:59:59.999,2938770.7070,2166,14111.5,2781593.4650,0,69.75560081466398,-0.2668953858675991,-1.562005634423565,1.295110248555966,205.05096920988905,193.38049999999998,181.71003079011092,4.678571428571429,90751.4,6.915210215897409,197.762,1.6424128591763159
2025-11-05 10:00:00,197.47,197.83,195.06,195.08,8774.4,2025-11-05 10:59:59.999,1721259.2620,1904,60.8,11936.9580,0,65.65495207667732,-0.2932756362117175,-1.3082596347811957,1.0149839985694782,204.1606422628208,193.06750000000002,181.97435773717925,4.284285714285714,86288.51,3.2989144823934438,196.734,1.290108522561673
2025-11-05 11:00:00,195.06,198.23,195.06,197.96,15502.3,2025-11-05 11:59:59.999,3055533.0150,2458,14854.8,2927935.3740,0,69.504598042124,-0.08085816128232182,-1.062779340081421,0.9819211787990991,203.8909793749891,192.9835,182.0760206250109,3.9271428571428544,81890.95999999999,5.2642773582899105,196.89000000000001,1.3999999999951727
2025-11-05 12:00:00,197.95,199.0,197.07,198.54,10389.6,2025-11-05 12:59:59.999,2063291.1800,2073,9459.5,1879046.6550,0,66.01652892561984,0.13275505310718927,-0.8236724614436989,0.9564275145508881,204.38396403346164,193.204,182.02403596653838,3.6385714285714266,79025.9,6.353117634454673,196.974,1.5011928590246455
2025-11-05 13:00:00,198.47,199.0,196.7,198.34,6657.3,2025-11-05 13:59:59.999,1314543.0570,2175,356.5,70735.7530,0,67.32973701955495,0.28264853955923286,-0.6024082612431125,0.8850568008023454,204.92162508052806,193.54,182.15837491947192,3.6564285714285694,72287.83,6.320021441972656,197.502,1.4020770306895813
2025-11-05 14:00:00,198.34,199.01,195.23,198.3,38695.3,2025-11-05 14:59:59.999,7617659.3250,2784,21179.4,4182532.7740,0,70.51553672316385,0.3936745071264056,-0.40319170756920886,0.7968662146956145,205.39081797169425,193.96949999999998,182.54818202830572,3.6578571428571416,65080.719999999994,-0.1560847892855356,197.644,1.4484060204195217
2025-11-05 15:00:00,198.3,199.69,197.53,199.69,22766.7,2025-11-05 15:59:59.999,4531011.4680,2354,21985.3,4375927.8830,0,72.21095334685597,0.587057535765922,-0.20514185890218267,0.7921993946681047,205.69321628319796,194.6565,183.61978371680203,3.3807142857142845,62303.32000000001,0.5488418932527711,198.56599999999997,0.6620271897655265
2025-11-05 16:00:00,199.66,202.25,199.08,202.25,20825.9,2025-11-05 16:59:59.999,4184905.9250,2574,20336.4,4087019.3650,0,59.06374501992029,0.9360948654890535,0.02310548597606462,0.9129893795129889,206.10725100230158,195.505,184.9027489976984,2.7457142857142833,52896.94499999999,1.648489722068654,199.42399999999998,1.679056282555786
2025-11-05 17:00:00,202.25,204.29,201.98,203.77,25004.9,2025-11-05 17:59:59.999,5078387.5750,2413,24250.1,4924817.0120,0,61.97313571097735,1.320142974354809,0.2825129836518136,1.0376299907029953,206.3990631725116,196.453,186.5069368274884,2.7449999999999983,41949.12,1.7730496453900766,200.47,2.4450255622368338
2025-11-05 18:00:00,203.6,204.72,203.17,204.18,935.0,2025-11-05 18:59:59.999,190698.0370,1791,237.4,48532.4080,0,62.04345815996305,1.6386975556673065,0.5537498980549123,1.0849476576123942,207.06076965493085,197.21949999999998,187.3782303450691,2.690714285714285,36466.415,3.550055786590932,201.63799999999998,2.5650867431713142
2025-11-05 19:00:00,204.15,204.72,202.47,203.28,14348.4,2025-11-05 19:59:59.999,2917310.4190,2067,5342.4,1089726.3010,0,57.189849624060166,1.7978078680270073,0.8025614920493314,0.995246375977676,207.17192729881938,197.9805,188.78907270118063,2.6528571428571417,35632.64,2.604482132041185,202.63400000000001,1.7966997523222006
2025-11-05 20:00:00,203.22,204.65,202.88,203.74,4592.1,2025-11-05 20:59:59.999,937906.3870,1763,3801.3,776792.1150,0,67.54010695187168,1.9386742624053852,1.0297840461205423,0.9088902162848429,206.67682710015373,198.83350000000002,190.9901728998463,2.549285714285714,34502.545,4.108329075114982,203.44400000000002,0.7396147645875109
2025-11-05 21:00:00,203.72,203.72,201.71,202.48,7298.9,2025-11-05 21:59:59.999,1479983.5610,1926,181.8,36867.6980,0,61.46161934805464,1.9264336966060682,1.2091139762176475,0.7173197203884207,205.0963333231704,199.63,194.1636666768296,2.56,26237.955000000005,2.4748216002834083,203.48999999999998,0.6483054835460745
2025-11-05 22:00:00,202.45,203.17,201.71,203.17,818.7,2025-11-05 22:59:59.999,165991.4240,1547,134.8,27369.8280,0,71.60208212839792,1.9499325844088276,1.3572776978558836,0.592654886552944,205.522019773977,199.858,194.193980226023,2.3514285714285705,15193.51,4.14701660857083,203.36999999999998,0.6389835678604999
2025-11-05 23:00:00,203.15,203.17,201.69,201.9,792.0,2025-11-05 23:59:59.999,160226.4650,1518,49.3,9959.6040,0,62.927414517096615,1.844811398676967,1.4547844380201005,0.3900269606568665,205.72485602284598,200.023,194.321143977154,2.2949999999999995,13836.220000000001,1.9903010709234177,202.91400000000002,0.7242789517824213
2025-11-06 00:00:00,201.83,201.95,200.68,201.57,8867.0,2025-11-06 00:59:59.999,1785118.0650,1751,124.6,25108.8730,0,72.39475500345063,1.7151032172781697,1.5068481938717144,0.2082550234064553,205.872301024647,200.15300000000002,194.43369897535305,2.1878571428571405,13518.27,1.5261408280447273,202.57199999999997,0.892451679361149
2025-11-06 01:00:00,201.38,202.33,198.84,202.27,19712.0,2025-11-06 01:59:59.999,3954324.8020,2680,12112.5,2433905.8720,0,67.50609260763608,1.6497751182645288,1.5354335787502775,0.1143415395142513,206.05280418293495,200.2555,194.45819581706508,2.210714285714285,13603.204999999998,1.9814460018150686,202.27799999999996,0.6084159761167468
2025-11-06 02:00:00,202.25,203.62,200.49,203.35,13971.8,2025-11-06 02:59:59.999,2828419.1910,2428,10588.3,2149049.0880,0,68.77439500390321,1.6659451248121115,1.5615358879626444,0.10440923684946712,206.32878018022512,200.56400000000002,194.79921981977492,2.29642857142857,13956.175000000003,2.54664649520927,202.452,0.7806535723317615
2025-11-06 03:00:00,203.35,205.04,203.2,204.56,2437.8,2025-11-06 03:59:59.999,498417.5760,1787,1803.8,368954.8320,0,72.50361794500719,1.7561530202575,1.6004593144216157,0.15569370583588427,206.7936485659649,200.88600000000002,194.97835143403515,2.2635714285714266,13114.91,2.438780109169215,202.73,1.2226405849613902
2025-11-06 04:00:00,204.58,205.39,204.08,204.16,834.6,2025-11-06 04:59:59.999,170857.6340,1542,88.0,18055.9380,0,70.66290550070511,1.7749067500764966,1.635348801552592,0.13955794852390446,206.85350662225312,201.309,195.76449337774687,2.087142857142853,11906.745,0.9443757725587127,203.182,1.2563717602665823
2025-11-06 05:00:00,204.17,205.39,198.87,199.18,24163.6,2025-11-06 05:59:59.999,4870533.1520,2809,267.9,53831.1020,0,48.56499718626902,1.3721080284238383,1.5827006469268416,-0.21059261850300337,206.75109275468776,201.38850000000002,196.02590724531228,2.3985714285714232,12369.414999999999,-2.252539628011976,202.704,2.155743491233281
2025-11-06 06:00:00,199.24,199.98,198.87,199.62,943.5,2025-11-06 06:59:59.999,188181.4740,1507,83.1,16598.8240,0,41.59744408945689,1.0759881407652188,1.4813581456945173,-0.40537000492929853,206.17845137637417,201.6155,197.05254862362582,2.251428571428566,11977.869999999999,-2.2333235380546586,202.17400000000004,2.574253289789857
2025-11-06 07:00:00,199.66,200.48,198.53,199.55,7865.0,2025-11-06 07:59:59.999,1568384.5250,2422,2849.7,570882.2670,0,35.14084507042256,0.8261393610809193,1.3503143887717979,-0.5241750276908785,206.0399837986491,201.695,197.35001620135088,2.2257142857142793,11596.005000000001,-1.8349075167256934,201.41400000000002,2.6982179304112637
2025-11-06 08:00:00,199.49,201.09,199.07,201.0,5240.3,2025-11-06 08:59:59.999,1050859.8570,1834,4484.2,899344.8390,0,39.566929133858245,0.7366437147632325,1.2275802539700849,-0.4909365392068523,205.9193764056776,201.81799999999998,197.71662359432236,2.2592857142857077,11338.54,-1.3448512810444728,200.702,2.0531000949763407
2025-11-06 09:00:00,201.02,201.58,199.95,199.95,948.8,2025-11-06 09:59:59.999,190505.6210,1566,160.9,32379.2100,0,39.181286549707565,0.5743705592178969,1.0969383150196472,-0.5225677558017503,205.76915763486159,201.8985,198.02784236513844,2.2149999999999954,11053.115000000002,-1.2495061240616363,199.85999999999999,0.6935055875699387
2025-11-06 10:00:00,199.95,201.58,199.15,200.27,6845.0,2025-11-06 10:59:59.999,1367992.3100,2134,507.4,101756.7040,0,38.622950819672155,0.466215003628605,0.9707936527414388,-0.5045786491128338,205.5709767030131,201.997,198.42302329698694,2.262142857142852,9460.6,-1.427376088989505,200.078,0.5898898202130939
2025-11-06 11:00:00,200.27,200.73,199.15,200.27,887.9,2025-11-06 11:59:59.999,177565.6840,1643,165.5,33098.0110,0,42.1015010721945,0.376164753481703,0.8518678728894917,-0.47570311940778875,205.52988295887144,202.026,198.52211704112858,2.2299999999999938,8366.66,-0.8073303615651289,200.208,0.5325598557826365
2025-11-06 12:00:00,200.25,200.6,197.91,197.91,5019.6,2025-11-06 12:59:59.999,998077.7160,2176,185.8,36974.3010,0,33.20561941251603,0.113063677116088,0.704107033734811,-0.591043356618723,205.7631099204694,201.809,197.8548900795306,2.317857142857138,7576.344999999999,-1.8157463908319675,199.88,1.1666619047482278
2025-11-06 13:00:00,197.89,201.44,197.83,200.27,40249.1,2025-11-06 13:59:59.999,8057171.2070,1988,39621.7,7931781.7040,0,45.13432835820898,0.09390398848643144,0.5820664246851351,-0.4881624361987037,205.53208806035892,201.634,197.73591193964106,2.469999999999995,8338.555,-0.9887773767736193,199.734,1.0290189502582323
2025-11-06 14:00:00,200.27,201.44,196.63,196.63,19797.1,2025-11-06 14:59:59.999,3928345.3100,1194,64.5,12737.1650,0,37.686939182452676,-0.21254766486717358,0.4231436067746734,-0.635691271641847,205.55789402128127,201.25650000000002,196.95510597871876,2.7228571428571393,9281.66,-3.3046471600688463,199.07,1.7043473824281299
2025-11-06 15:00:00,196.63,199.23,194.9,195.17,62020.1,2025-11-06 15:59:59.999,12235422.9980,4872,35818.9,7097816.7960,0,32.949087415946195,-0.5666901549320471,0.22517685443332924,-0.7918670093653764,205.82560455979322,200.851,195.87639544020678,2.782857142857137,11665.245,-4.590340242471654,198.05,2.246508401940252
2025-11-06 16:00:00,195.17,196.56,193.09,195.11,33197.4,2025-11-06 16:59:59.999,6460219.6330,3877,10086.0,1978001.0090,0,29.191919191919283,-0.8424805371203661,0.011645376122590116,-0.8541259132429562,205.81805136514478,200.41950000000003,195.02094863485527,2.807142857142852,13095.51,-4.432797805642625,197.018,2.1550684443856065
2025-11-06 17:00:00,195.11,197.74,194.07,197.6,28337.6,2025-11-06 17:59:59.999,5555715.9850,3822,20343.1,4001304.0230,0,33.49146110056925,-0.8503222264460533,-0.1607481443911386,-0.6895740820549147,205.62283435534752,200.1755,194.72816564465248,2.9378571428571383,14147.445000000002,-0.7932523345717504,196.956,2.127270551666268
2025-11-06 18:00:00,197.6,199.81,195.67,198.23,30434.8,2025-11-06 18:59:59.999,6021187.0040,3942,23495.9,4656801.8550,0,36.086344439230395,-0.796519308094986,-0.28790237713190814,-0.5086169309630778,205.2506810922732,199.9285,194.60631890772683,3.1399999999999983,15628.25,-0.696323013726087,196.548,1.4061721089489236
2025-11-06 19:00:00,198.23,199.39,197.6,198.87,17134.0,2025-11-06 19:59:59.999,3400114.2040,3792,7510.8,1494728.4610,0,49.08662345315262,-0.6942347503203052,-0.3691688517695876,-0.32506589855071766,205.0350008208046,199.777,194.51899917919536,2.8021428571428566,16445.35,-0.3407667251315494,196.99599999999998,1.7529061583514833
2025-11-06 20:00:00,198.92,199.5,197.03,197.71,8853.8,2025-11-06 20:59:59.999,1754427.5170,3043,2677.7,533048.8600,0,44.60146975692483,-0.6987213816897224,-0.4350793577536146,-0.2636420239361078,204.84825643272416,199.584,194.31974356727585,2.8992857142857145,16444.69,-1.636815920398006,197.504,1.4296782854849956
2025-11-06 21:00:00,197.68,198.47,196.48,197.67,3071.5,2025-11-06 21:59:59.999,606108.9420,2582,716.6,141942.9620,0,44.67723669309168,-0.6974647950795259,-0.48755644521879693,-0.20990834986072893,204.52527043334047,199.35399999999998,194.1827295666595,2.902142857142859,15612.664999999999,-1.1402850712678176,198.016,0.5388691863412859
2025-11-06 22:00:00,197.67,198.27,196.37,198.09,5459.7,2025-11-06 22:59:59.999,1075801.1230,2492,947.0,187421.1960,0,41.250751653638055,-0.6550276996433411,-0.5210506961037058,-0.13397700353963526,203.93098651585822,199.09099999999998,194.25101348414174,2.89357142857143,15187.060000000001,-1.0885304838468102,198.114,0.4862920932816751
2025-11-06 23:00:00,198.01,198.01,195.8,197.1,6295.1,2025-11-06 23:59:59.999,1235557.6430,2657,363.9,71567.9940,0,41.400120700060405,-0.6932889188925628,-0.5554983406614772,-0.13779057823108565,202.88661759239025,198.71800000000002,194.54938240760978,2.940714285714285,15379.925,-1.582863134768071,197.888,0.6529318494206955
2025-11-07 00:00:00,197.11,199.66,197.08,199.29,13929.3,2025-11-07 00:59:59.999,2759241.2120,2847,13054.7,2585801.6860,0,47.34273318872013,-0.5406640744992899,-0.5525314874290398,0.01186741292974991,201.7853591666001,198.4745,195.1636408333999,2.951428571428569,16034.659999999998,0.6972866454448969,197.972,0.8172025452652794
2025-11-07 01:00:00,199.29,199.61,196.13,198.11,34950.3,2025-11-07 01:59:59.999,6919339.3150,3460,11853.3,2353118.1950,0,44.495412844036714,-0.5090558451370271,-0.5438363589706373,0.03478051383361025,201.71841142493176,198.421,195.12358857506823,3.087142857142857,16573.995000000003,-1.0785439656463756,198.052,0.8046241358474004
2025-11-07 02:00:00,198.1,199.94,196.24,199.94,27739.3,2025-11-07 02:59:59.999,5517908.2240,3610,23179.5,4617257.2650,0,55.31691985332635,-0.33250745067786625,-0.5015705773120831,0.16906312663421685,201.76189873213525,198.43699999999998,195.11210126786472,3.1592857142857134,17913.785,1.6833646951126495,198.506,1.115540227866685
2025-11-07 03:00:00,199.94,201.42,198.6,198.68,22637.6,2025-11-07 03:59:59.999,4537361.9300,3280,11781.2,2369551.1670,0,45.58087826570315,-0.29090962082321425,-0.4594383860143093,0.16852876519109505,201.67962569833696,198.3935,195.10737430166301,3.1028571428571428,18652.415,1.7984321360864988,198.624,1.0914806457235207
2025-11-07 04:00:00,198.68,199.42,197.13,198.48,8878.1,2025-11-07 04:59:59.999,1756590.1370,3410,2535.6,502688.7200,0,56.357388316151194,-0.2709579350872673,-0.42174229582890094,0.15078436074163365,201.31759318235694,198.26749999999998,195.21740681764302,2.922857142857142,18834.305,1.727230792886052,198.9,0.7215608082410279
2025-11-07 05:00:00,198.51,200.71,197.13,200.61,13026.7,2025-11-07 05:59:59.999,2594901.4920,2955,11976.8,2385188.9000,0,67.87122207621559,-0.08232390284302937,-0.3538586172317266,0.27153471438869725,201.44020481348124,198.3005,195.16079518651875,2.8692857142857155,19438.2,1.5232793522267305,199.16400000000002,1.0613811756338254
2025-11-07 06:00:00,200.62,201.12,199.98,200.05,1315.9,2025-11-07 06:59:59.999,263817.3910,2282,238.7,47987.2250,0,65.71246819338418,0.021732092822333016,-0.2787404752209147,0.30047256804324773,201.40157140359287,198.2895,195.17742859640714,2.702857142857145,19161.745,0.9181254098774261,199.552,0.9256727283389184
2025-11-07 07:00:00,200.09,202.21,199.94,202.21,8182.9,2025-11-07 07:59:59.999,1648413.4310,2505,7220.4,1455362.3810,0,64.97725795971411,0.275317478681842,-0.16792888444036336,0.44324636312220533,201.8585979552043,198.3865,194.91440204479574,2.6028571428571445,19526.495000000003,1.679489113491227,200.006,1.5257227795346961
2025-11-07 08:00:00,202.22,202.88,200.23,200.75,7344.9,2025-11-07 08:59:59.999,1477713.9570,2824,359.0,72672.8050,0,57.76818742293465,0.3543907299543321,-0.06346496156142425,0.4178556915157563,202.1477251278862,198.5285,194.90927487211383,2.4964285714285728,19642.76,1.537605583936064,200.42000000000002,1.346254062200619
2025-11-07 09:00:00,200.87,201.12,198.49,199.43,10430.3,2025-11-07 09:59:59.999,2079810.6530,2676,232.6,46537.1910,0,51.65680473372781,0.307004921350682,0.010629015020997027,0.296375906329685,202.03952258277252,198.4865,194.9334774172275,2.556428571428573,18151.82,0.8903728436282793,200.60999999999999,1.0350845376064275
2025-11-07 10:00:00,199.38,200.18,196.87,197.39,19764.1,2025-11-07 10:59:59.999,3924352.0470,2907,6806.7,1361184.5530,0,49.1001124859392,0.10364561351190105,0.029232334719177838,0.0744132787927232,202.0095264667132,198.52450000000002,195.03947353328684,2.6164285714285733,18150.170000000002,-0.3533747286586991,199.96599999999998,1.7734373403058343
2025-11-07 11:00:00,197.38,197.53,193.73,193.73,30023.9,2025-11-07 11:59:59.999,5858404.6710,3276,1554.4,302942.1010,0,40.7943925233645,-0.34882843808270536,-0.04637981984119883,-0.30244861824150654,202.2727114849156,198.45250000000001,194.63228851508444,2.7457142857142878,16550.359999999997,-1.709791983764589,198.702,3.296683181621997
2025-11-07 12:00:00,193.73,194.81,190.17,191.5,19345.3,2025-11-07 12:59:59.999,3711372.9400,3599,694.5,133161.5320,0,35.80353295993106,-0.8772473851943801,-0.21255333291183515,-0.6646940522825449,202.99227920672936,198.272,193.55172079327062,2.941428571428574,15857.755000000001,-3.908876511616234,196.56,3.876028895659363
2025-11-07 13:00:00,191.5,193.36,190.1,192.18,19202.8,2025-11-07 13:59:59.999,3690599.0680,3432,16786.4,3229606.3390,0,39.257641921397415,-1.2270086983422743,-0.4154444059979231,-0.8115642923443512,203.4498430447504,198.001,192.55215695524961,3.01071428571429,15401.015,-2.9932865579728465,194.846,3.429056721604927
2025-11-07 14:00:00,192.16,197.12,190.18,196.52,97372.0,2025-11-07 14:59:59.999,18950954.6100,4711,88397.6,17230082.4790,0,44.47105788423158,-1.1408443858702526,-0.5605244019723891,-0.5803199838978635,203.40274252483204,197.9155,192.42825747516798,3.3221428571428624,18747.875,-1.7105131539461778,194.26399999999998,2.604290690376769
2025-11-07 15:00:00,196.73,199.51,194.92,198.69,65603.7,2025-11-07 15:59:59.999,12960000.5830,4469,43800.8,8669393.4670,0,51.11367127496156,-0.8872302449207154,-0.6258655705620544,-0.26136467435866106,203.38773795083677,197.9065,192.42526204916322,3.4014285714285757,21171.36,0.005033219247025823,194.52400000000003,3.0252652776216995
2025-11-07 16:00:00,198.69,203.91,197.57,203.15,96426.1,2025-11-07 16:59:59.999,19354790.4270,4621,80310.1,16130358.1430,0,55.59818625741194,-0.32263534537423766,-0.5652195255244911,0.2425841801502534,204.13774500693168,198.1785,192.21925499306835,3.5900000000000056,25549.975,2.3528819024586944,196.40800000000002,4.812459869961122
2025-11-07 17:00:00,203.15,208.02,202.48,207.99,45770.9,2025-11-07 17:59:59.999,9418387.2700,4084,44671.8,9192590.7080,0,64.43410852713177,0.5094847080638374,-0.35027867880682534,0.8597633868706627,206.08391910686146,198.6945,191.30508089313855,3.784285714285722,27684.945,3.6787797218483598,199.70600000000002,6.089115699343463
2025-11-07 18:00:00,208.02,210.1,207.66,209.25,7178.0,2025-11-07 18:59:59.999,1502428.0640,2958,6019.6,1260579.3590,0,66.16631642149505,1.2561373458507887,-0.028995473875302446,1.2851328197260912,208.0087618195573,199.2525,190.4962381804427,3.795000000000008,27770.860000000004,4.598850287428137,203.12,5.578521309450745
2025-11-07 19:00:00,209.25,210.83,208.27,210.46,8932.1,2025-11-07 19:59:59.999,1876525.7280,2987,6635.8,1396145.0070,0,65.2053102809509,1.923330867241134,0.361469794347985,1.561861072893149,209.9335745580599,199.9205,189.90742544194012,3.722142857142864,27902.71,4.079916918055487,205.908,4.897205325489255
2025-11-07 20:00:00,210.41,211.13,209.01,210.97,3000.9,2025-11-07 20:59:59.999,631640.3100,2868,1715.8,361671.7330,0,66.88311688311686,2.464826294344789,0.782141094347346,1.6826851999974428,211.6600102740164,200.5045,189.3489897259836,3.7921428571428635,27356.29,5.09090909090909,208.36399999999998,3.1342909884061587
2025-11-07 21:00:00,210.98,212.29,210.56,211.87,2842.6,2025-11-07 21:59:59.999,601926.0340,2524,1760.3,372961.5340,0,65.54054054054052,2.932780531598752,1.2122689817976273,1.7205115498011245,213.37609358447165,201.19250000000002,189.0089064155284,3.7535714285714334,25750.905,6.237777666349094,210.108,1.5160540887470957
2025-11-07 22:00:00,211.89,212.29,209.42,209.69,4797.3,2025-11-07 22:59:59.999,1009568.4810,2509,73.1,15376.9410,0,64.0566037735849,3.092086209998854,1.588232427437873,1.503853782560981,214.4201181519762,201.68,188.93988184802382,3.769285714285719,24603.805,6.231318709154472,210.448,1.037362039023661
2025-11-07 23:00:00,209.74,210.39,207.63,208.0,4394.8,2025-11-07 23:59:59.999,917579.9020,2584,34.3,7169.4270,0,63.319863226608625,3.0468460866940745,1.8799551592891135,1.166890927404961,215.10402681535135,202.14600000000002,189.18797318464868,3.778571428571433,23691.665,7.365921643524498,210.198,1.4619746919857892
2025-11-08 00:00:00,208.01,209.77,206.36,206.36,25663.3,2025-11-08 00:59:59.999,5335915.9930,3235,11899.0,2475800.9760,0,64.11709159584518,2.845853442091311,2.0731348158495533,0.7727186262417578,215.5078809696149,202.54,189.5721190303851,3.7857142857142896,24530.925,7.759791122715412,209.378,2.227615316881633
2025-11-08 01:00:00,206.35,209.42,206.31,209.22,7147.4,2025-11-08 01:59:59.999,1493856.0900,3240,6019.0,1258758.7390,0,75.00807232805946,2.8840973422789773,2.235327321135438,0.6487700211435392,216.23683328947234,202.97050000000002,189.7041667105277,3.7364285714285734,24236.96,8.86668748048704,209.02800000000002,2.04493765186255
2025-11-08 02:00:00,209.19,210.91,208.4,208.72,22023.9,2025-11-08 02:59:59.999,4621643.8000,3593,15529.2,3263284.7500,0,79.44596443228457,2.8413072658758267,2.356523310083516,0.4847839557923108,216.83411603978524,203.404,189.97388396021475,3.584285714285715,25272.36,6.208019539995923,208.398,1.3000461530284644
2025-11-08 03:00:00,208.72,209.48,207.44,207.44,4701.9,2025-11-08 03:59:59.999,977586.9390,2705,155.1,32459.2070,0,75.56970509383379,2.6732944451511003,2.419877537097033,0.25341690805406714,217.20098237625413,203.6655,190.13001762374589,3.4971428571428556,25098.31,4.403845185968091,207.948,1.1176403714985466
2025-11-08 04:00:00,207.43,209.33,207.32,207.43,5686.6,2025-11-08 04:59:59.999,1186484.4870,2979,3906.7,816486.5750,0,71.38377107016859,2.5103978540402636,2.4379816004856796,0.07241625355458403,217.56170984166903,203.9995,190.437290158331,3.145,25015.395,2.1068176224464685,207.834,1.1398596404835255
2025-11-08 05:00:00,207.43,208.01,204.21,204.35,13796.5,2025-11-08 05:59:59.999,2831282.4160,3184,258.3,53166.7600,0,60.71158213474641,2.1084657914429954,2.3720784386771427,-0.26361264723414735,217.63612118758735,204.24550000000002,190.8548788124127,3.088571428571427,25183.704999999998,-1.7500841386605195,207.43199999999996,1.894378526061413
2025-11-08 06:00:00,204.36,206.07,203.32,205.69,4340.8,2025-11-08 06:59:59.999,886866.0170,2791,1663.9,341058.2270,0,55.45064377682402,1.8764282405027757,2.2729483990422694,-0.39652015853949374,217.66544395868007,204.6605,191.65555604131995,2.8321428571428555,24412.54,-1.701314217443251,206.72599999999997,1.710271908206851
2025-11-08 07:00:00,205.67,206.08,203.88,205.87,7101.6,2025-11-08 07:59:59.999,1455715.4840,2755,3022.1,621811.6670,0,44.31330472103003,1.6876076152304904,2.1558802422799137,-0.4682726270494233,217.21456548421813,205.26749999999998,193.32043451578184,2.5935714285714266,23266.425000000003,-2.1809369951534747,206.156,1.3069353465266047
2025-11-08 08:00:00,205.89,207.45,205.04,206.42,9664.4,2025-11-08 08:59:59.999,1997624.2330,2766,8716.1,1802093.1610,0,42.10819854991629,1.5643138761683701,2.037566969057605,-0.47325309288923467,216.05166564286856,206.01349999999996,195.97533435713137,2.5914285714285694,22782.379999999997,-2.156704744750444,205.952,1.123085036851751
2025-11-08 09:00:00,206.4,207.45,205.0,205.14,17238.8,2025-11-08 09:59:59.999,3543705.7140,3273,2537.6,523628.7190,0,35.22222222222214,1.347781016490984,1.8996097785442807,-0.5518287620532967,214.33416995318495,206.6615,198.98883004681502,2.5835714285714255,22684.18,-3.176476141029885,205.494,0.7860216282009082
2025-11-08 10:00:00,205.18,206.59,204.99,206.41,1465.3,2025-11-08 10:59:59.999,301513.6310,2520,381.9,78639.2810,0,37.84648187633262,1.2640839780943338,1.7725046184542914,-0.5084206403599576,213.17272196115744,207.156,201.13927803884258,2.5464285714285677,17888.845,-1.5642138394773242,205.906,0.536870561681503
2025-11-08 11:00:00,206.4,207.06,204.75,205.3,3421.5,2025-11-08 11:59:59.999,703483.8220,2651,459.7,94893.6810,0,32.68318397469689,1.0955568513949743,1.6371150650424282,-0.5415582136474539,212.1100428429972,207.48649999999998,202.86295715700277,2.58785714285714,14779.735,-1.2980769230769176,205.82799999999997,0.6006413239197698
2025-11-08 12:00:00,205.34,205.53,204.23,205.29,1191.6,2025-11-08 12:59:59.999,244296.4900,2228,59.9,12309.4030,0,36.90476190476187,0.9502372296060457,1.499739497955152,-0.5495022683491062,211.88134954075915,207.5935,203.30565045924087,2.4757142857142833,10018.01,-0.5185113394068722,205.712,0.6448798337674402
2025-11-08 13:00:00,205.33,205.53,201.89,201.89,15044.1,2025-11-08 13:59:59.999,3061757.3630,2783,263.0,53615.8520,0,33.49540788762826,0.554328839547992,1.31065736627372,-0.756328526725728,212.269390958134,207.28850000000003,202.30760904186604,2.538571428571428,8481.67,-3.5034891501768537,204.80599999999998,1.7077558373486992
2025-11-08 14:00:00,201.89,202.98,199.9,201.78,18315.8,2025-11-08 14:59:59.999,3688875.6010,3598,10252.6,2066242.7930,0,36.51354534746756,0.22905213691510085,1.0943363204019962,-0.8652841834868954,212.37393955385218,206.91500000000002,201.45606044614786,2.5149999999999983,9038.56,-3.325028746646223,204.134,2.1478431041390165
2025-11-08 15:00:00,201.78,202.29,199.01,199.37,8319.1,2025-11-08 15:59:59.999,1667031.6490,2781,33.2,6662.2820,0,20.205686630369044,-0.2206552755399116,0.8313380012136146,-1.0519932767535263,212.51227672238576,206.3605,200.20872327761424,2.5271428571428567,9007.91,-3.890281527188581,202.726,2.5522597830149163
2025-11-08 16:00:00,199.36,208.22,198.46,199.91,246251.9,2025-11-08 16:59:59.999,49927973.2220,6685,127860.7,26018519.2720,0,23.41581170790583,-0.5273986297364104,0.5595906750236096,-1.0869893047600199,212.19838125049108,205.80749999999998,199.41661874950887,3.0449999999999995,21170.46,-3.6253193848527268,201.64799999999997,2.3211031859858453
2025-11-08 17:00:00,199.96,201.43,199.25,201.34,6737.9,2025-11-08 17:59:59.999,1352834.4060,2887,5568.2,1118430.6940,0,31.75837320574165,-0.6476403046227119,0.31814447909434523,-0.9657847837170572,211.29268301156714,205.281,199.26931698843288,3.0550000000000006,21365.225,-1.472963053584532,200.858,1.1467650151589108
2025-11-08 18:00:00,201.3,202.17,200.15,202.06,9606.0,2025-11-08 18:59:59.999,1939886.4920,2922,8584.3,1734479.3290,0,34.595524956970735,-0.6770303313328156,0.11910951700891301,-0.7961398483417287,210.6977083439617,204.8995,199.10129165603828,3.055714285714284,21605.66,-1.764791676795175,200.892,1.186831917329696
2025-11-08 19:00:00,202.06,202.18,199.31,201.18,9110.3,2025-11-08 19:59:59.999,1826587.2500,2862,1795.7,360923.9590,0,39.592908732764315,-0.7625406903639771,-0.057220524465665064,-0.705320165898312,210.3910268515175,204.5585,198.72597314848252,2.989285714285714,21841.434999999998,-2.278136688201291,200.772,1.1018938242826737
2025-11-08 20:00:00,201.18,201.37,200.18,200.93,1121.2,2025-11-08 20:59:59.999,225107.0570,2102,26.3,5293.1240,0,33.168316831683185,-0.8407890834469072,-0.21393423626191355,-0.6268548471849936,210.27002194371178,204.287,198.30397805628823,2.8778571428571422,20614.329999999998,-2.6596260052320417,201.084,0.7793138007200912
2025-11-08 21:00:00,200.96,202.23,200.18,201.98,5024.7,2025-11-08 21:59:59.999,1013734.9220,2416,4020.2,811427.0990,0,37.04197201865416,-0.8087524787860048,-0.3328978847667318,-0.47585459401927294,209.5144731886204,203.925,198.33552681137962,2.8671428571428543,20508.195,-1.5404114263429838,201.498,0.4992193906424581
2025-11-08 22:00:00,201.98,203.37,201.66,203.18,4598.5,2025-11-08 22:59:59.999,933737.4580,2764,3763.2,764622.9450,0,39.65517241379317,-0.678709526658082,-0.4020602131450019,-0.27664931351308014,208.76616003122749,203.648,198.5298399687725,2.817142857142855,19636.925,-1.5648466644057895,201.866,0.8837307282164619
2025-11-08 23:00:00,203.18,203.38,202.28,202.69,1260.0,2025-11-08 23:59:59.999,255548.0300,2334,44.1,8968.8930,0,41.76193678547415,-0.6081777604420893,-0.4432837226044194,-0.16489403783766987,208.21924849677706,203.4105,198.60175150322297,2.720714285714284,19464.829999999998,-1.271310277642481,201.992,0.9599322892757537
2025-11-09 00:00:00,202.28,203.38,200.58,200.77,9318.3,2025-11-09 00:59:59.999,1879019.1460,2666,172.3,34778.9980,0,31.829896907216522,-0.6991494221197172,-0.49445686250747906,-0.20469255961223815,207.62982444963342,203.0775,198.52517555036655,2.806428571428569,19646.415,-2.2017633591504615,201.91,1.0590325773998006
2025-11-09 01:00:00,200.76,202.06,200.51,201.82,1250.8,2025-11-09 01:59:59.999,251922.1360,2276,55.8,11271.9480,0,38.74514877102192,-0.6786953174840278,-0.5313045535027888,-0.14739076398123896,207.49503901020992,202.951,198.40696098979006,2.752142857142855,19019.129999999997,-0.034672346327204506,202.088,0.9186239709447709
2025-11-09 02:00:00,201.82,202.06,197.73,197.99,15767.7,2025-11-09 02:59:59.999,3134324.6110,2955,109.2,21685.1200,0,31.068464730290444,-0.9604626677838723,-0.6171361763590055,-0.3433264914248668,207.4266752833862,202.56599999999997,197.70532471661375,2.9685714285714266,19590.475,-1.8782832788185113,201.29000000000002,2.0599393194929587
2025-11-09 03:00:00,197.99,198.35,196.67,198.35,1360.5,2025-11-09 03:59:59.999,268769.2150,2582,120.9,23964.6450,0,39.10098522167485,-1.1415571710924723,-0.722020375305699,-0.4195367957867734,207.13719484577896,202.19,197.24280515422103,2.828571428571426,19303.42,-0.5116115764658726,200.324,2.0844135865973614
2025-11-09 04:00:00,197.5,198.76,196.67,197.49,19271.0,2025-11-09 04:59:59.999,3811764.8880,3073,6732.6,1336351.9520,0,37.37492642731014,-1.3390351190283525,-0.8454233240502297,-0.4936117949781228,206.69515798920963,201.74349999999998,196.79184201079033,2.7578571428571417,19783.75,-1.2105447451353046,199.28400000000002,1.8976775279246374
2025-11-09 05:00:00,197.49,199.43,196.89,199.27,5748.4,2025-11-09 05:59:59.999,1140197.6100,2893,4910.0,973876.0170,0,49.69437652811738,-1.3365003475361732,-0.9436387287474185,-0.3928616187887547,206.24745546590773,201.45,196.65254453409224,2.7050000000000005,19209.23,-1.028111651932052,198.984,1.713674414814472
2025-11-09 06:00:00,199.27,199.97,198.34,199.01,3543.5,2025-11-09 06:59:59.999,707222.8990,2335,2486.9,496750.9260,0,47.201492537313406,-1.3400243830048737,-1.0229158595989096,-0.31710852340596407,205.3827041680664,201.08,196.77729583193363,2.124285714285715,19313.14,-1.509452637830353,198.422,0.7289170048702007
2025-11-09 07:00:00,199.01,200.76,198.65,200.24,4526.7,2025-11-09 07:59:59.999,905576.9660,2825,3454.4,691253.1880,0,46.536523929471045,-1.2293947881953784,-1.0642116453182033,-0.16518314287717506,204.65363848635653,200.827,197.00036151364347,2.1192857142857133,19368.399999999998,-0.4672432647380444,198.872,1.0285037676107884
2025-11-09 08:00:00,200.18,200.76,199.4,200.02,1264.8,2025-11-09 08:59:59.999,252757.3030,2237,45.1,9051.3230,0,43.36801040312095,-1.146258840259776,-1.0806210843065178,-0.06563775595325816,203.77201679129203,200.5635,197.35498320870798,2.0721428571428566,19372.06,-0.4528940427014366,199.206,1.0861537644321126
2025-11-09 09:00:00,200.02,200.84,198.54,198.79,15311.7,2025-11-09 09:59:59.999,3053638.9790,2821,1756.3,352532.0960,0,42.40305149396053,-1.1661807176292598,-1.0977330109710663,-0.06844770665819344,203.6465778898995,200.4085,197.1704221101005,2.031428571428571,19385.439999999995,-1.5793642934944043,199.46599999999998,0.6342948840960471
2025-11-09 10:00:00,198.79,199.87,197.99,199.87,4205.9,2025-11-09 10:59:59.999,838552.8500,2592,3245.2,647685.3490,0,46.79951690821255,-1.0823453712078503,-1.0946554830184232,0.012310111810572844,203.49290466590026,200.313,197.13309533409972,2.0807142857142855,18679.945,-1.629097352101586,199.586,0.644616164853618
2025-11-09 11:00:00,199.87,202.63,199.55,202.19,15807.7,2025-11-09 11:59:59.999,3180739.7530,3306,14844.9,2986369.5980,0,50.58889512058331,-0.8192567622314186,-1.0395757388610223,0.22031897662960365,203.7070885729044,200.454,197.2009114270956,2.154285714285714,19054.375,-0.24668212541319257,200.222,1.2337625379267545
2025-11-09 12:00:00,202.2,204.14,202.12,203.83,12615.0,2025-11-09 12:59:59.999,2566022.2300,3169,11564.7,2352488.3880,0,51.77887246852765,-0.4729707379651984,-0.9262547386818575,0.4532840007166591,204.22183131563784,200.65,197.07816868436217,2.1764285714285694,7372.530000000001,1.5241320914479266,200.94,2.0327567488493323
2025-11-09 13:00:00,203.85,205.05,203.15,204.68,5199.8,2025-11-09 13:59:59.999,1064502.8310,2678,4114.1,842706.2760,0,55.340848094471305,-0.1284677760704369,-0.7666973461595734,0.6382295700891365,204.81192889074478,200.817,196.82207110925523,2.233571428571427,7295.625,1.4171043504112644,201.872,2.5162710505813703
2025-11-09 14:00:00,204.62,209.64,204.06,207.17,73162.2,2025-11-09 14:59:59.999,15178021.1610,4593,65240.0,13533581.2260,0,66.66666666666661,0.3415384507823944,-0.5450501867711799,0.8865886375535743,205.95679006854482,201.07250000000002,196.18820993145522,2.432142857142856,10473.435000000001,4.636597807970089,203.548,2.7318345484300997
2025-11-09 15:00:00,207.18,209.66,207.17,207.98,14274.7,2025-11-09 15:59:59.999,2972442.8120,3137,5979.6,1247669.5190,0,66.24472573839661,0.7705001561425036,-0.2819401181884431,1.0524402743309467,207.19281823928137,201.41250000000002,195.63218176071868,2.499285714285713,10731.654999999999,4.8550541971262895,205.17000000000002,2.3881059440482684
2025-11-09 16:00:00,207.98,211.43,207.5,210.82,21182.8,2025-11-09 16:59:59.999,4453841.1240,3718,20049.4,4216328.3700,0,85.69838619922082,1.3243533423232918,0.039318573913903976,1.285034768409388,209.04599624376,201.90699999999998,194.76800375623998,2.470714285714284,11734.735,6.749708846017512,206.89600000000002,2.782037023477787
2025-11-09 17:00:00,210.82,211.43,209.02,209.7,11546.5,2025-11-09 17:59:59.999,2423983.8150,2752,283.3,59423.3930,0,80.29898558462351,1.6538468261707067,0.36222422436526464,1.291622601805442,210.23795033272523,202.293,194.34804966727478,2.5228571428571405,12060.825,5.234104481356941,208.07,2.373267789357713
2025-11-09 18:00:00,209.7,212.28,209.02,212.13,24573.7,2025-11-09 18:59:59.999,5193016.4340,3381,23525.8,4972721.7980,0,86.05911330049246,2.0869958881460775,0.7071785571214273,1.3798173310246502,211.82264320868998,202.7405,193.65835679131,2.606428571428568,13059.585,6.592633536003219,209.56,2.026116975893789
2025-11-09 19:00:00,212.13,213.55,211.48,213.55,17306.8,2025-11-09 19:59:59.999,3689354.5940,2648,16222.1,3459057.3480,0,85.80742226680026,2.515850613190622,1.0689129683352665,1.4469376448553557,213.57147003146954,203.2835,192.99552996853046,2.5728571428571394,13861.925,6.6470235717139445,210.83599999999996,2.149867437775361
2025-11-09 20:00:00,213.55,213.6,212.24,213.31,2330.5,2025-11-09 20:59:59.999,496188.1080,2755,693.7,147963.0380,0,85.89357429718865,2.8040319434882974,1.4159367633658728,1.3880951801224246,215.04698810749662,203.9105,192.7740118925034,2.5535714285714244,13512.535,6.644335566443352,211.902,1.6408747667047188
2025-11-09 21:00:00,213.32,213.85,212.24,213.85,1250.9,2025-11-09 21:59:59.999,266944.8090,2303,220.7,47168.3670,0,85.38741549661974,3.040937180120494,1.7409368467167972,1.300000333403697,216.4441672271567,204.512,192.5798327728433,2.517857142857139,13512.539999999999,7.575833794456463,212.50799999999998,1.6998294032075985
2025-11-09 22:00:00,213.85,214.21,212.24,213.2,1386.6,2025-11-09 22:59:59.999,295863.6250,2468,144.9,31009.4710,0,83.51983723296019,3.1400402893893897,2.020757535251316,1.1192827541380739,217.39178932257158,205.27249999999998,193.15321067742838,2.5614285714285683,12793.485,6.669335067794058,213.208,0.6522422862786977
2025-11-09 23:00:00,213.29,214.35,211.62,212.17,13568.2,2025-11-09 23:59:59.999,2892661.4630,2797,5997.4,1284029.5570,0,84.37821171634114,3.099735998481634,2.2365532278973794,0.8631827705842547,217.99653746052098,205.9635,193.93046253947904,2.5921428571428526,13403.87,4.935951332904689,213.21599999999998,0.635751523796894
2025-11-10 00:00:00,212.18,216.91,210.84,216.5,19194.9,2025-11-10 00:59:59.999,4109890.3980,3430,16943.1,3633710.9340,0,86.61382650814612,3.3782470412350563,2.464891990564915,0.9133550506701411,219.13064162655024,206.914,194.69735837344973,2.8914285714285666,13400.064999999999,6.215964283962118,213.80599999999998,1.6239858373800375
2025-11-10 01:00:00,216.5,220.14,215.07,218.16,48543.4,2025-11-10 01:59:59.999,10591425.1700,3975,31766.1,6943827.3760,0,86.21315192743756,3.690376809304155,2.7099889543127635,0.9803878549913914,220.5002874735456,207.8585,195.2167125264544,3.0335714285714244,15539.814999999999,6.585890170021491,214.776,2.477706600873549
2025-11-10 02:00:00,218.09,219.64,217.83,219.15,12197.6,2025-11-10 02:59:59.999,2673344.1460,3199,10961.2,2403109.0270,0,85.79439252336441,3.971841706688167,2.9623595047878446,1.0094822019003225,221.74585055913812,208.86549999999997,195.98514944086182,3.018571428571424,15972.519999999999,5.782690543997692,215.836,3.050103276942263
2025-11-10 03:00:00,219.15,220.31,218.81,219.88,5279.0,2025-11-10 03:59:59.999,1159708.6140,2799,4150.9,912066.5790,0,85.71428571428564,4.205333102568062,3.2109542243438884,0.9943788782241736,222.95173615717945,209.8475,196.74326384282054,2.989999999999995,16010.135,5.721704010000964,217.17199999999997,3.069750804221065
2025-11-10 04:00:00,219.88,220.57,218.78,220.46,1382.1,2025-11-10 04:59:59.999,303832.2150,2467,240.2,52939.0220,0,84.30562725864733,4.386611739196837,3.446085727314479,0.9405260118823584,223.93476528020284,210.86950000000002,197.8042347197972,2.71928571428571,16016.0,4.5726211934351655,218.83,1.560416611042816
2025-11-10 05:00:00,220.5,220.83,219.3,220.25,6483.9,2025-11-10 05:59:59.999,1430361.5030,2636,5266.0,1162214.2680,0,82.68513585508782,4.461897146935087,3.6492480112386003,0.8126491356964864,224.33845328704902,211.94250000000002,199.54654671295103,2.6507142857142805,15574.61,5.030996661897955,219.58,0.9373633233808016
2025-11-10 06:00:00,220.34,220.94,219.19,220.86,1526.5,2025-11-10 06:59:59.999,335960.0050,2582,312.5,68930.1660,0,80.35066505441347,4.518694578673745,3.82313732472563,0.6955572539481154,224.61440051298231,212.99200000000002,201.36959948701772,2.4949999999999943,15440.64,4.11540093338991,220.11999999999998,0.6478039827141641
2025-11-10 07:00:00,220.86,222.23,220.06,220.11,5214.3,2025-11-10 07:59:59.999,1152860.4570,2667,4335.2,958629.6610,0,82.1892393320964,4.451869836261949,3.948883827032894,0.5029860092290548,224.74164183362382,213.888,203.0343581663762,2.4778571428571365,14910.969999999998,3.0718801217513474,220.31199999999998,0.3719811823474872
2025-11-10 08:00:00,220.11,221.43,219.12,220.47,14099.1,2025-11-10 08:59:59.999,3098876.2080,2365,3825.0,842793.3700,0,79.57446808510629,4.377498658175597,4.0346067932614345,0.34289186491416235,224.85459110384136,214.72000000000003,204.5854088961587,2.4099999999999944,14985.175,3.356617129998592,220.43,0.28381331896303946
2025-11-10 09:00:00,220.47,222.8,219.12,222.51,18666.7,2025-11-10 09:59:59.999,4128342.1080,2245,18313.6,4050082.7990,0,80.43478260869553,4.4320796592967895,4.114101366468505,0.3179782928282844,225.14657933342394,215.61149999999998,206.076420666576,2.5249999999999937,15658.52,4.049567453822771,220.84,0.9756023780318737
2025-11-10 10:00:00,222.57,224.15,221.91,224.15,15779.1,2025-11-10 10:59:59.999,3531382.1300,2018,15140.6,3389175.4810,0,83.62282878411905,4.55516073243399,4.202313239661602,0.3528474927723879,225.85355785085042,216.4605,207.06744214914957,2.587857142857138,12789.365,5.1360225140713025,221.61999999999998,1.6862087652549647
2025-11-10 11:00:00,224.15,225.18,223.66,223.95,6027.1,2025-11-10 11:59:59.999,1355368.8890,2258,5072.9,1141217.1800,0,82.00253485424574,4.583726693069309,4.278595930343143,0.3051307627261659,226.32614113825298,217.25900000000001,208.19185886174705,2.5814285714285683,12376.985,5.552151576565962,222.238,1.891750512098157
2025-11-10 12:00:00,223.99,225.18,222.21,222.38,8470.1,2025-11-10 12:59:59.999,1889711.6440,2053,269.3,60256.3750,0,77.4850299401197,4.4286290645861754,4.30860255719175,0.12002650739442533,226.64601715050205,217.837,209.02798284949793,2.65285714285714,11741.350000000002,2.7159353348729773,222.692,1.4812224681067894
2025-11-10 13:00:00,222.42,225.21,222.12,224.35,4029.4,2025-11-10 13:59:59.999,903879.2070,2330,3213.3,721268.3730,0,84.52380952380946,4.413796118457384,4.329641269444877,0.08415484901250725,226.95584849338934,218.56949999999998,210.1831515066106,2.6785714285714266,11365.494999999999,2.8373670700403366,223.468,0.9456320637676975
2025-11-10 14:00:00,224.34,225.21,219.75,219.98,48779.2,2025-11-10 14:59:59.999,10817061.8500,2538,5873.5,1304794.8830,0,59.841628959275965,4.003271204898283,4.264367256535558,-0.2610960516372751,226.79597082885235,218.962,211.12802917114763,2.634999999999999,12575.77,0.37873602555326674,222.962,1.8401820562174818
2025-11-10 15:00:00,219.98,220.89,218.13,218.95,342414.4,2025-11-10 15:59:59.999,74987787.0050,3626,119462.2,26147649.1610,0,52.31671554252196,3.5538483101736915,4.122263467263185,-0.5684151570894933,226.64131305857305,219.23200000000003,211.822686941427,2.469999999999999,28831.15,-0.42295797707840954,221.92199999999997,2.388612568003275
2025-11-10 16:00:00,218.95,220.01,216.43,217.33,12089.5,2025-11-10 16:59:59.999,2645278.6420,2580,6623.3,1455477.0030,0,44.852941176470615,3.032005890544184,3.9042119519193847,-0.8722060613752007,226.368865900478,219.433,212.497134099522,2.596428571428571,29319.1,-1.4197586863830152,220.598,2.7852594134157664
2025-11-10 17:00:00,217.29,218.91,216.43,218.88,4577.8,2025-11-10 17:59:59.999,999076.7220,2109,3747.1,818027.6280,0,47.2972972972973,2.712248941939322,3.6658193499233724,-0.9535704079840506,226.11429077992614,219.68449999999999,213.25470922007383,2.6664285714285705,29485.445,-0.6220204313280384,219.898,2.662549530059503
2025-11-10 18:00:00,218.88,220.57,218.27,220.03,19405.1,2025-11-10 18:59:59.999,4271514.3110,1293,18966.7,4175635.1320,0,48.87257472469846,2.5225561879960026,3.437166717537899,-0.9146105295418963,225.68496921987713,220.02599999999998,214.36703078012283,2.702857142857141,30386.370000000003,-0.3758036765371785,219.03400000000002,1.0978752206051496
2025-11-10 19:00:00,220.01,222.91,219.68,221.78,33350.6,2025-11-10 19:59:59.999,7397987.6070,979,33175.1,7359269.9810,0,53.71179039301311,2.4847905695162638,3.2466914879335715,-0.7619009184173078,224.83160066812442,220.50650000000002,216.1813993318756,2.8242857142857116,31375.49,0.7587115533142462,219.394,1.644606335880823
2025-11-10 20:00:00,221.74,223.95,221.71,223.95,18674.4,2025-11-10 20:59:59.999,4169549.4410,678,18032.4,4026705.3980,0,56.96887686062242,2.5999908334479755,3.1173513570364526,-0.5173605235884771,225.03101612408625,220.879,216.72698387591373,2.8592857142857104,31349.465000000004,1.578446047081231,220.394,2.5680206385504
2025-11-10 21:00:00,223.53,223.53,220.38,220.38,24920.7,2025-11-10 21:59:59.999,5527879.5770,1000,76.4,16884.0810,0,50.54021608643454,2.3758316005346103,2.9690474057360845,-0.5932158052014742,224.9502232791836,220.99,217.02977672081641,2.9592857142857105,30168.329999999998,-0.957260347849533,221.004,1.9448984549383876
2025-11-10 22:00:00,220.38,228.32,219.59,228.32,86722.0,2025-11-10 22:59:59.999,19443541.3790,1601,74849.8,16831304.2180,0,62.050967147681924,2.8065235793001193,2.936542640448892,-0.1300190611487726,226.48802493583287,221.44850000000002,216.40897506416718,3.4178571428571383,33894.55,1.860361365157255,222.892,3.4029501906470254
2025-11-10 23:00:00,228.05,228.44,225.89,228.21,17191.5,2025-11-10 23:59:59.999,3896675.2570,653,2255.1,514379.1510,0,59.30156657963451,3.1032022113323308,2.96987455462558,0.13332765670675073,227.67647865955462,221.865,216.0535213404454,3.337142857142853,34490.175,1.9022103148024199,224.52800000000002,3.64101222190028
2025-11-11 00:00:00,228.44,230.15,225.61,227.76,48325.8,2025-11-11 00:59:59.999,11012929.6440,1137,30867.1,7040526.8890,0,56.1290322580645,3.264381171342393,3.028775877968943,0.23560529337345004,228.56346334122713,222.23000000000002,215.8965366587729,3.501428571428566,36837.36,2.4192823095602103,225.724,3.4917803481933256
2025-11-11 01:00:00,227.76,231.68,226.13,226.36,64101.1,2025-11-11 01:59:59.999,14675879.0660,3298,27971.9,6435391.4860,0,53.931484502447034,3.2417791466056656,3.0713765316962878,0.1704026149093778,229.05358003697035,222.5355,216.01741996302968,3.789285714285709,39718.22,0.8959215511477688,226.206,3.349101372014566
2025-11-11 02:00:00,226.36,231.47,224.95,229.42,81640.1,2025-11-11 02:59:59.999,18639984.0080,3701,55162.6,12628519.5580,0,60.952084629744895,3.431230219571404,3.1433472692713114,0.2878829503000926,230.11201261672718,222.9635,215.81498738327284,4.042857142857138,43723.9,4.291299209019002,228.01399999999998,1.1078267012636038
2025-11-11 03:00:00,229.4,231.55,229.06,230.09,27999.7,2025-11-11 03:59:59.999,6454692.4680,2494,20001.3,4617519.1040,0,59.30609597924778,3.5940055021562216,3.233478915848294,0.36052658630792767,231.14563772251188,223.4625,215.77936227748813,3.999999999999996,44863.17,5.0879196163507725,228.368,1.4576247802617583
2025-11-11 04:00:00,229.92,230.53,226.48,226.96,14038.0,2025-11-11 04:59:59.999,3202196.6220,2528,193.1,44019.6300,0,61.79054054054061,3.430892056863428,3.2729615440513213,0.15793051281210646,231.48617042694104,223.78699999999998,216.0878295730589,3.8992857142857105,44860.115000000005,4.4310495559747825,228.118,1.592457220785775
2025-11-11 05:00:00,226.96,226.97,219.04,219.04,45956.0,2025-11-11 05:59:59.999,10261030.9620,3086,78.7,17523.3850,0,50.12332145793368,2.6322032657438115,3.14480988838982,-0.5126066226460084,231.58539873703944,223.61350000000002,215.6416012629606,4.268571428571426,46224.58,0.0730994152046768,226.37399999999997,4.393686379343677
2025-11-11 06:00:00,219.04,220.52,218.16,219.14,26185.8,2025-11-11 06:59:59.999,5741566.2670,2783,11603.4,2552857.0860,0,52.58793251358304,1.984430528932279,2.912734016498312,-0.928303487566033,231.57515299675015,223.36299999999997,215.1508470032498,4.181428571428571,46744.915,-0.40449029677771886,224.93,5.457169596047759
2025-11-11 07:00:00,219.03,219.68,216.65,216.65,5899.5,2025-11-11 07:59:59.999,1281581.6290,2649,467.8,102186.2700,0,46.895015316067955,1.2556692048897844,2.5813210541766067,-1.3256518492868223,231.73259811384904,222.998,214.26340188615094,4.220714285714286,46738.534999999996,-2.3131030751194857,222.37599999999998,5.807463301651102
2025-11-11 08:00:00,216.65,218.15,216.42,217.94,2030.8,2025-11-11 08:59:59.999,440637.9470,2322,420.1,91314.0790,0,47.10124826629681,0.7732987179061581,2.2197165869225173,-1.4464178690163592,231.79771042249183,222.77599999999998,213.75428957750813,4.180000000000002,46416.57,-2.6836347398972946,219.946,4.048281116723576
2025-11-11 09:00:00,217.94,219.7,216.42,217.47,18055.7,2025-11-11 09:59:59.999,3949125.2600,3210,13937.4,3052088.1380,0,43.802128271498404,0.34906772419645904,1.8455868143773055,-1.4965190901808465,231.72169910565543,222.43200000000002,213.1423008943446,4.183571428571432,47117.884999999995,-1.320446501497412,218.048,1.057908313615986
2025-11-11 10:00:00,217.47,218.28,217.01,217.84,1169.0,2025-11-11 10:59:59.999,254452.5940,2129,29.3,6394.8000,0,40.73400060661208,0.04223070377770455,1.4849155922573853,-1.4426848884796808,231.78141636806706,222.325,212.86858363193292,4.11428571428572,44737.375,-4.590049053959351,217.808,0.9010937798128841
2025-11-11 11:00:00,217.84,219.48,217.03,218.6,4707.5,2025-11-11 11:59:59.999,1028696.8850,2302,2137.3,467458.6860,0,47.04907161803713,-0.13802315214891792,1.1603278433761248,-1.2983509955250427,231.79146957751865,222.30749999999998,212.8235304224813,4.03428571428572,27852.03,-4.21103369703344,217.7,0.7145977889815527
2025-11-11 12:00:00,218.61,219.64,215.29,216.24,17476.3,2025-11-11 12:59:59.999,3783925.0240,2284,463.5,101366.9060,0,25.42717656631403,-0.4659368779928741,0.835074899102325,-1.3010117770951992,231.8690131797755,222.25300000000001,212.63698682022454,3.7214285714285773,28121.370000000003,-5.057955742887242,217.618,0.8715044463553834
2025-11-11 13:00:00,216.29,217.55,215.29,215.34,7623.7,2025-11-11 13:59:59.999,1644437.6140,1982,59.1,12781.1950,0,24.63539613716982,-0.7893343910843953,0.5101930410649809,-1.2995274321493762,232.07607873652876,222.07600000000002,212.0759212634713,3.700714285714292,28273.664999999997,-4.86835129881605,217.098,1.3011225922319731
2025-11-11 14:00:00,215.35,216.89,213.77,216.89,20755.8,2025-11-11 14:59:59.999,4472477.0460,2563,10807.9,2335963.6270,0,29.467321496033165,-0.9100665236651366,0.22614112811895726,-1.136207651784094,232.15025222566604,221.919,211.68774777433399,3.5992857142857195,28341.2,-5.461598814401535,216.98200000000003,1.2854259994322035
2025-11-11 15:00:00,216.89,217.07,213.95,214.34,7703.9,2025-11-11 15:59:59.999,1661262.7150,2330,140.9,30371.8280,0,28.24040550325843,-1.197704900773516,-0.0586280776595375,-1.1390768231139785,232.32589966066436,221.54699999999997,210.76810033933558,3.42571428571429,27058.865,-6.845147550958321,216.28199999999998,1.6127058008251884
2025-11-11 16:00:00,214.34,215.36,213.8,214.59,2093.1,2025-11-11 16:59:59.999,449695.6140,1726,1283.7,276032.8230,0,20.112857718661786,-1.3894705249949197,-0.32479656712661403,-1.0646739578683058,232.22513154511415,221.079,209.93286845488586,3.0714285714285756,26229.8,-5.45029961226648,215.48000000000002,1.0813186394463015
2025-11-11 17:00:00,214.59,215.91,213.06,213.63,10845.4,2025-11-11 17:59:59.999,2329285.6470,2637,5559.6,1198276.2060,0,17.211155378485955,-1.6004610223193936,-0.57992945816517,-1.0205315641542234,232.3748735433853,220.7415,209.1081264566147,3.09714285714286,25526.035,-2.4698685171658132,214.958,1.2409149850063022
2025-11-11 18:00:00,213.63,213.77,212.22,212.71,1260.7,2025-11-11 18:59:59.999,268557.8750,2129,154.8,33088.8880,0,18.87287024901694,-1.8209184088577501,-0.8281272483036861,-0.992791160554064,231.54802341323634,219.961,208.3739765867637,2.9185714285714317,21252.969999999998,-2.934197316783781,214.43200000000002,1.555930589715477
2025-11-11 19:00:00,212.67,213.77,211.38,211.54,20427.9,2025-11-11 19:59:59.999,4333007.9100,2702,5896.6,1255402.9570,0,26.765799256505474,-2.0662235588936824,-1.0757465104216857,-0.9904770484719967,230.61390913152516,219.1275,207.64109086847483,2.5228571428571462,21414.79,-2.358642972536355,213.362,1.253104145716019
2025-11-11 20:00:00,211.56,212.39,210.18,210.42,6362.6,2025-11-11 20:59:59.999,1339378.5080,2134,129.8,27515.9660,0,24.59207459207451,-2.3242122256295943,-1.3254396534632675,-0.9987725721663268,229.62035818109902,218.2605,206.900641818901,2.5121428571428583,19316.629999999997,-3.450490960814908,212.57799999999997,1.6512631528649382
2025-11-11 21:00:00,210.43,211.73,208.55,208.73,10315.6,2025-11-11 21:59:59.999,2156747.0870,2321,148.9,31371.4360,0,25.794621026894745,-2.634668164233176,-1.5872853556172495,-1.0473828086159265,228.82827467249626,217.379,205.92972532750372,2.5228571428571422,16627.355,-4.0189451418586515,211.406,1.9233902360175499
2025-11-11 22:00:00,208.69,209.65,208.12,209.14,937.2,2025-11-11 22:59:59.999,195932.0150,1787,155.0,32471.3690,0,21.57622739018076,-2.8151716128344617,-1.8328626070606922,-0.9823090057737696,226.8780445287324,216.365,205.85195547126762,2.5085714285714267,12592.21,-3.993756885787742,210.50799999999998,1.6548625320570511
2025-11-11 23:00:00,209.14,209.66,207.14,207.59,6252.9,2025-11-11 23:59:59.999,1299753.2340,2506,286.3,59688.0550,0,20.16908212560378,-3.0481566895126093,-2.0759214235510757,-0.9722352659615336,224.2814484167992,215.24,206.1985515832008,2.4542857142857133,11504.869999999999,-5.03659652333028,209.48399999999998,1.5311205047300154
2025-11-12 00:00:00,207.59,208.88,207.11,207.35,3389.7,2025-11-12 00:59:59.999,707122.6940,1996,2515.8,525308.3570,0,18.076688983566513,-3.2151033257759423,-2.303757803996049,-0.9113455217798934,222.12639392326852,214.25949999999997,206.39260607673143,2.489999999999997,10972.454999999998,-4.111172770995197,208.64600000000002,1.244278907642263
2025-11-12 01:00:00,207.34,210.72,207.11,210.38,8106.8,2025-11-12 01:59:59.999,1700463.6890,2475,7304.5,1532545.7720,0,28.021390374331503,-3.067553216571696,-2.4565168865111784,-0.6110363300605175,221.53726697666204,213.82649999999998,206.11573302333792,2.5728571428571394,9079.994999999999,-2.3033342620971524,208.638,1.2300691037512521
2025-11-12 02:00:00,210.37,211.72,209.33,209.43,12221.0,2025-11-12 02:59:59.999,2564648.0080,2432,651.0,137381.8840,0,30.30653556969341,-2.992776883530496,-2.5637688859150423,-0.4290079976154537,220.86356087414555,213.34099999999998,205.8184391258544,2.432857142857139,8381.755000000001,-3.4395315597768366,208.77799999999996,1.2819009322110717
2025-11-12 03:00:00,209.42,212.26,209.31,212.24,6521.9,2025-11-12 03:59:59.999,1377060.5360,2025,5983.9,1263678.2540,0,41.92708333333333,-2.675926173785655,-2.586200343489165,-0.08972583029648984,220.4916770823194,213.1205,205.7493229176806,2.482142857142851,8412.875,-0.9797517962116238,209.398,2.031346843846347
2025-11-12 04:00:00,212.21,212.26,209.82,210.57,5335.3,2025-11-12 04:59:59.999,1122342.1250,2003,333.4,70234.9010,0,33.64389233954452,-2.5304058037714583,-2.5750414355456237,0.04463563177416541,219.84015646732124,212.752,205.66384353267878,2.433571428571424,8578.1,-1.8733398574024933,209.994,1.7912370027456916
2025-11-12 05:00:00,210.58,211.63,209.82,210.4,6391.3,2025-11-12 05:59:59.999,1350283.3180,2437,5451.5,1152205.8300,0,38.37072018890201,-2.401118838047836,-2.5402569160460664,0.13913807799823052,219.19513159606268,212.3985,205.60186840393735,2.3399999999999954,7994.88,-1.5119599307213358,210.60399999999998,1.0182975989396357
2025-11-12 06:00:00,210.37,211.33,209.47,209.47,7240.8,2025-11-12 06:59:59.999,1519164.8630,2164,153.2,32246.6880,0,35.47105561861521,-2.3466504878308,-2.5015356304030134,0.1548851425722133,218.3853563112173,211.97999999999996,205.57464368878263,2.3614285714285677,8298.47,-1.5232006017582667,210.42200000000003,1.142133967626381
2025-11-12 07:00:00,209.46,209.92,207.9,208.31,10012.9,2025-11-12 07:59:59.999,2085337.3400,1943,102.9,21504.6510,0,35.07295173961842,-2.3697690113037027,-2.4751823065831515,0.10541329527944887,217.25543855071203,211.46549999999996,205.6755614492879,2.302142857142852,8563.74,-1.5268979861964591,210.198,1.4528833401225596
2025-11-12 08:00:00,208.31,213.24,207.9,212.9,24991.7,2025-11-12 08:59:59.999,5284507.8440,2976,24577.0,5196653.6380,0,50.44206607724524,-1.9947220537818566,-2.379090256022893,0.3843682022410362,216.6873824151377,211.29850000000002,205.90961758486233,2.5728571428571376,8939.51,1.178595190571247,210.33,1.694653356886263
2025-11-12 09:00:00,212.9,214.48,212.71,214.4,6701.7,2025-11-12 09:59:59.999,1434216.5480,2383,5890.9,1260769.5800,0,56.5536205316224,-1.5584918499823175,-2.2149705748147777,0.6564787248324602,216.50670604032663,211.2515,205.99629395967335,2.528571428571421,8893.41,2.7164279212379707,211.096,2.503044146635646
2025-11-12 10:00:00,214.41,216.62,213.17,216.4,11692.1,2025-11-12 10:59:59.999,2514988.5060,2484,10863.3,2336778.8660,0,63.17180616740093,-1.0394112988575444,-1.979858719623331,0.9404474207657867,216.37499950925974,211.227,206.07900049074027,2.617142857142852,8440.225,3.471358898345615,212.296,3.373014971803216
2025-11-12 11:00:00,216.38,217.67,216.21,217.01,2584.3,2025-11-12 11:59:59.999,560152.2310,2201,1770.7,383755.2900,0,69.14893617021279,-0.5722181457101385,-1.6983306048406925,1.126112459130554,216.96650983907085,211.3605,205.75449016092915,2.4942857142857093,8184.245000000001,4.53779083770894,213.804,3.477575304721767
2025-11-12 12:00:00,217.01,218.86,216.21,218.21,2430.7,2025-11-12 12:59:59.999,530432.6740,2246,1505.4,328829.0090,0,70.23650156180281,-0.10393612377740169,-1.3794517086280342,1.2755155848506325,217.78414881364435,211.54149999999998,205.29885118635562,2.57428571428571,8201.125,5.237521099590072,215.78400000000002,2.1213745543900018
2025-11-12 13:00:00,218.26,219.17,216.7,218.24,11699.9,2025-11-12 13:59:59.999,2546867.2260,2544,5978.3,1305480.2030,0,75.49066539013882,0.26652911988816186,-1.050255542924795,1.316784662812957,218.64767979414017,211.77200000000002,204.89632020585987,2.5707142857142804,8243.85,3.7360965871280607,216.852,1.5821093514719058
2025-11-12 14:00:00,219.17,219.17,211.5,212.28,75934.4,2025-11-12 14:59:59.999,16268895.6880,3677,1555.6,332045.8450,0,59.26343479894777,0.07830070259035438,-0.8245442938217651,0.9028449964121195,218.61651232617058,211.75050000000002,204.88448767382945,2.992142857142852,11977.535,1.3608365563672797,216.42800000000003,2.4497081458847867
2025-11-12 15:00:00,212.28,213.32,206.97,207.44,63336.4,2025-11-12 15:59:59.999,13335504.7820,3219,21093.9,4489006.2450,0,44.827586206896555,-0.4561608859203261,-0.7508676122414774,0.29470672632115125,218.67764657286367,211.5455,204.41335342713634,3.1878571428571383,14122.960000000001,-2.261590652091977,214.63599999999997,4.70986517853875
2025-11-12 16:00:00,207.28,207.5,204.05,204.25,41819.8,2025-11-12 16:59:59.999,8594211.4320,3194,11365.4,2340506.4570,0,41.55251141552512,-1.1241731175350367,-0.8255287133001893,-0.2986444042348474,219.0731486243644,211.237,203.4008513756356,3.2635714285714243,15895.819999999998,-3.0013772142280444,212.084,6.2928713636946725
2025-11-12 17:00:00,204.24,207.03,203.23,205.83,55451.1,2025-11-12 17:59:59.999,11417206.0960,2772,52968.3,10908401.9460,0,39.10975195378867,-1.5086935483723494,-0.9621616803146213,-0.546531868057728,219.2251669238063,211.092,202.9588330761937,3.3242857142857116,18152.595,-2.17205323193916,209.608,5.686226340905281
2025-11-12 18:00:00,205.87,206.93,205.15,205.36,7856.8,2025-11-12 18:59:59.999,1622369.3480,2295,6703.2,1384721.8320,0,40.772228126107024,-1.830255782807626,-1.1357805008132225,-0.6944752819944036,219.39492830373416,210.90300000000002,202.41107169626588,3.277142857142855,18498.575,-1.962094810712744,207.032,3.1499158718927047
2025-11-12 19:00:00,205.36,206.93,202.96,204.88,21943.9,2025-11-12 19:59:59.999,4476309.1820,2748,2551.7,522901.5170,0,40.32936229852837,-2.0996249889001604,-1.3285493984306103,-0.7710755904695501,219.56306556931858,210.7675,201.97193443068144,3.431428571428569,19283.125,-1.6465844174547581,205.552,1.2068015578377536
2025-11-12 20:00:00,204.9,206.63,204.46,205.89,10455.4,2025-11-12 20:59:59.999,2151005.0430,2421,9191.7,1891577.5850,0,43.74563242487769,-2.2061720878170092,-1.5040739363078903,-0.7020981515091189,219.63257344130028,210.6945,201.75642655869973,3.4535714285714243,19636.41,-3.292625645843128,205.24200000000002,0.6882368778256706
2025-11-12 21:00:00,205.95,206.7,205.28,205.78,1036.2,2025-11-12 21:59:59.999,213516.6150,1928,33.7,6964.8100,0,45.411679361624955,-2.273282526138644,-1.6579156542740412,-0.6153668718646026,219.66940595737856,210.4645,201.25959404262142,3.4107142857142816,19282.88,-4.020522388059704,205.548,0.42774992694286107
2025-11-12 22:00:00,205.77,206.7,204.49,206.33,19762.1,2025-11-12 22:59:59.999,4062703.2700,2381,13196.3,2717798.9510,0,36.039099022524475,-2.2560809319332122,-1.7775487098058758,-0.4785322221273365,219.69046948193665,210.3095,200.92853051806338,3.1871428571428515,19659.935,-4.653419593345653,205.648,0.5508811124006286
2025-11-12 23:00:00,206.3,206.38,204.37,204.82,4290.2,2025-11-12 23:59:59.999,877971.1540,1922,275.3,56340.0070,0,29.651656754460504,-2.3373494158812775,-1.8895088510209561,-0.4478405648603214,219.58124753376734,209.93850000000003,200.29575246623273,3.2042857142857093,19548.35,-5.617252661167687,205.54000000000002,0.6629856710364243
2025-11-13 00:00:00,204.82,206.7,204.37,205.4,18130.3,2025-11-13 00:59:59.999,3734537.3460,2252,16479.4,3395323.3650,0,25.13562386980115,-2.3281170381667096,-1.9772304884501068,-0.3508865497166027,219.52650619308707,209.67999999999998,199.83349380691288,3.124285714285707,20188.1,-5.870491728151781,205.644,0.5674768717751857
2025-11-13 01:00:00,205.4,209.27,205.34,207.65,25657.8,2025-11-13 01:59:59.999,5328364.1150,2599,24896.0,5170128.6080,0,30.303030303030397,-2.1148652660180858,-2.004757443963703,-0.11010782205438296,219.423415949444,209.54250000000002,199.66158405055603,3.3007142857142804,21151.425,-4.852456011730206,205.996,1.07611802326706
2025-11-13 02:00:00,207.67,209.27,206.99,207.82,3240.3,2025-11-13 02:59:59.999,672326.7220,2070,114.0,23710.6990,0,27.14474263088431,-1.9101253845225301,-1.9858310320754682,0.07570564755293807,219.3709721229065,209.45999999999998,199.54902787709347,3.2742857142857082,20951.399999999998,-2.1009986809873786,206.404,1.3304247442079162
2025-11-13 03:00:00,207.82,210.54,205.3,209.4,57439.7,2025-11-13 03:59:59.999,11918379.8420,3432,33056.4,6892211.1230,0,31.79571663920926,-1.601908948769335,-1.9090466154142418,0.3071376666449068,219.4108224961268,209.5145,199.6181775038732,3.47214285714285,23322.739999999998,0.9448515233320517,207.01799999999997,1.8818660951304302
2025-11-13 04:00:00,209.37,210.6,208.06,210.15,21275.3,2025-11-13 04:59:59.999,4450109.8300,2515,10605.0,2222353.4050,0,44.41531200839017,-1.282344402822872,-1.7837061728959682,0.5013617700730961,219.15092686261602,209.377,199.603073137384,3.1057142857142788,23136.92,2.8886168910648746,208.084,1.8345380890029876
2025-11-13 05:00:00,210.08,214.05,208.84,213.99,28510.8,2025-11-13 05:59:59.999,6063069.4020,3109,27942.7,5943907.9740,0,68.12396236856667,-0.7110349220633907,-1.5691719227294527,0.858137000666062,219.08769406315147,209.3565,199.62530593684855,3.0242857142857082,24227.375,3.964436671039205,209.802,2.568145245114622
2025-11-13 06:00:00,213.98,216.2,213.01,214.95,14141.4,2025-11-13 06:59:59.999,3040327.9500,2464,13474.1,2897413.8600,0,83.77525252525243,-0.17874362036221214,-1.2910862622560046,1.1123426418937925,218.8137636796225,209.28400000000002,199.75423632037754,3.0057142857142805,24349.84,4.669848071678991,211.262,3.065708727196152
2025-11-13 07:00:00,214.98,215.41,213.44,213.91,6825.3,2025-11-13 07:59:59.999,1464585.7840,2452,343.3,73729.9790,0,76.40522875816987,0.15736772564710577,-1.0013954646753827,1.1587631903224884,218.22042082578722,209.129,200.03757917421277,2.874999999999994,24561.89,4.407458024209294,212.48000000000002,2.5170021851417146
2025-11-13 08:00:00,213.93,215.42,213.36,214.34,2873.8,2025-11-13 08:59:59.999,614263.7040,1838,240.8,51650.2290,0,79.42332896461329,0.45321145570400745,-0.7104740805995046,1.163685536303512,217.35286669661255,208.9355,200.51813330338743,2.894999999999992,24584.045000000002,4.104133275049793,213.468,1.8995841650238625
2025-11-13 09:00:00,214.34,215.42,211.88,212.05,8542.3,2025-11-13 09:59:59.999,1823393.7580,2105,21.7,4626.1820,0,71.00175746924434,0.49715498830462934,-0.4689482668186778,0.9661032551233071,215.99246569543945,208.62600000000003,201.25953430456062,2.864285714285706,24426.165,3.0469433375449557,213.848,1.0855044910132192
2025-11-13 10:00:00,212.47,214.35,211.88,212.5,13354.5,2025-11-13 10:59:59.999,2847111.1900,2161,8046.0,1719059.5950,0,70.01817080557242,0.5618155339227542,-0.26279550667039137,0.8246110405931455,216.02705904114165,208.637,201.24694095885835,2.885714285714278,21297.170000000002,2.9903552561430655,213.55,1.2314828460069978
2025-11-13 11:00:00,212.51,213.7,212.21,213.46,3093.7,2025-11-13 11:59:59.999,659957.5840,2541,2100.2,448401.0490,0,72.11981566820276,0.682654245915046,-0.07370555615330383,0.7563598020683499,216.60787435565658,208.93800000000002,201.26812564434346,2.8907142857142776,18285.035,4.218338052924526,213.252,0.957898742043818
2025-11-13 12:00:00,213.46,213.95,212.19,213.9,1500.5,2025-11-13 12:59:59.999,319406.3600,2257,126.2,26979.5560,0,71.94202898550722,0.8046486300011395,0.10196528107758489,0.7026833489235547,217.06271096417981,209.4205,201.7782890358202,2.858571428571421,16269.070000000002,4.138266796494645,213.25,0.9561903576219151
2025-11-13 13:00:00,213.9,213.97,209.96,210.33,17366.2,2025-11-13 13:59:59.999,3665610.2870,2209,114.1,24099.4670,0,64.26721905748323,0.6062721659090187,0.20282665804387168,0.403445507865147,217.1054152669082,209.6455,202.1855847330918,3.0014285714285642,14364.825,1.2906332771490523,212.448,1.394585960064185
2025-11-13 14:00:00,210.33,212.82,208.06,211.92,95988.3,2025-11-13 14:59:59.999,20210450.0130,3289,84804.3,17878292.6760,0,66.04330708661418,0.5707775326071101,0.2764168329565194,0.29436069965059064,217.21366945134477,209.9735,202.73333054865523,3.174999999999993,18771.4,1.9728611298238834,212.42199999999997,1.4050338074253295
2025-11-13 15:00:00,211.92,212.05,207.35,208.08,26335.3,2025-11-13 15:59:59.999,5546072.2380,3043,13835.3,2924959.5630,0,50.98128708352352,0.23013897338077527,0.2671612610413706,-0.03702228766059534,217.03315452986988,210.1335,203.23384547013012,3.2299999999999938,18990.97,-0.630372492836673,211.538,2.3893555616540305
2025-11-13 16:00:00,208.06,208.2,204.46,204.54,13386.6,2025-11-13 16:59:59.999,2759693.2870,2626,309.8,64061.7360,0,43.512658227848085,-0.32175891744765295,0.14937722534356587,-0.47113614279121885,217.16401573458356,210.06599999999997,202.9679842654164,3.3342857142857065,19137.53,-2.6695217701641747,209.754,3.6125032871964233
2025-11-13 17:00:00,204.59,204.6,198.64,198.64,45692.5,2025-11-13 17:59:59.999,9202729.7740,3647,788.8,160747.6120,0,31.82432432432425,-1.2211460522283346,-0.12472743017081431,-1.0964186220575203,218.28004525959827,209.709,201.13795474040174,3.38571428571428,21370.344999999998,-7.1732323940371145,206.702,5.290531164259537
2025-11-13 18:00:00,198.63,198.85,193.71,194.28,42820.9,2025-11-13 18:59:59.999,8389175.5070,3005,426.2,83250.2860,0,26.10659439927727,-2.259684165777543,-0.5517187772921601,-1.7079653884853827,220.0448406323561,209.1065,198.1681593676439,3.5714285714285654,22523.285,-9.616189811584084,203.49200000000002,7.098980208452297
2025-11-13 19:00:00,194.29,195.57,191.4,192.29,48346.1,2025-11-13 19:59:59.999,9363445.9600,3056,17464.0,3407505.9950,0,15.401785714285609,-3.2063486802018133,-1.082644757874091,-2.1237039223277225,221.65809346485307,208.48000000000002,195.30190653514697,3.49714285714285,24726.079999999998,-10.10705436865972,199.56599999999997,6.688952085341376
2025-11-13 20:00:00,192.29,192.82,190.67,191.26,17575.0,2025-11-13 20:59:59.999,3375345.9800,2372,11115.9,2140577.9670,0,12.313076678332749,-3.993663058395157,-1.6648484179783045,-2.3288146404168524,223.00413307462142,207.773,192.54186692537857,3.422857142857136,24698.315,-10.767938788840166,196.202,5.451772188929822
2025-11-13 21:00:00,191.26,193.3,191.26,193.0,37718.3,2025-11-13 21:59:59.999,7244078.2820,2762,30504.6,5861688.2010,0,17.46031746031744,-4.426189559163248,-2.2171166462152936,-2.2090729129479545,223.6438319103818,207.04049999999998,190.43716808961815,3.4278571428571376,25301.340000000004,-8.98373025229899,193.89399999999998,2.8715640337603254
2025-11-13 22:00:00,192.98,197.42,192.22,196.57,26816.2,2025-11-13 22:59:59.999,5231932.5900,2870,26341.5,5139058.3120,0,24.808619223135764,-4.429836366783121,-2.6596605903288593,-1.7701757764542618,223.7201217402399,206.478,189.2358782597601,3.6521428571428527,26480.135000000002,-7.496470588235297,193.48,2.0471321403332476
2025-11-13 23:00:00,196.58,201.51,196.07,198.63,44352.9,2025-11-13 23:59:59.999,8829050.4320,3052,31716.1,6305762.9170,0,30.85045662100451,-4.217880602191514,-2.9713045927013906,-1.246576009490123,223.4677298322627,205.9395,188.4112701677373,3.787857142857139,25825.795000000002,-6.947437459008719,194.35,3.1169295789264315
2025-11-14 00:00:00,198.64,199.21,196.84,197.48,39423.1,2025-11-14 00:59:59.999,7808887.1340,2767,17876.0,3548337.5540,0,28.98712926692778,-4.095489269794115,-3.1961415281199357,-0.8993477416741791,223.10719972302263,205.30599999999998,187.50480027697733,3.780714285714282,26733.185000000005,-7.67648433847593,195.388,3.123582878680797
2025-11-14 01:00:00,197.48,197.89,195.23,195.37,10269.7,2025-11-14 01:59:59.999,2014647.3830,2160,235.7,46497.8260,0,25.48116020601786,-4.1212454706817425,-3.381162316632297,-0.7400831540494455,222.2115083909084,204.375,186.5384916090916,3.8642857142857117,25821.129999999997,-7.112632529834073,196.20999999999998,2.1568843269839104
2025-11-14 02:00:00,195.43,197.76,194.56,194.56,34645.1,2025-11-14 02:59:59.999,6808721.8750,3162,16532.2,3252544.0940,0,24.047235641438505,-4.159074454617269,-3.536744744229291,-0.6223297103879775,220.97657527037475,203.35549999999998,185.7344247296252,3.9671428571428544,26846.315000000002,-8.191770479426191,196.522,1.6232898693669036
2025-11-14 03:00:00,194.58,196.01,192.59,192.94,17296.4,2025-11-14 03:59:59.999,3357865.9330,2288,188.1,36394.1500,0,25.375247805154316,-4.270546456793312,-3.683505086742096,-0.587041370051216,219.77868548492722,202.307,184.83531451507275,3.924999999999997,27369.870000000003,-7.276047673971556,195.796,2.276692776812078
2025-11-14 04:00:00,192.95,192.96,185.41,187.13,84077.3,2025-11-14 04:59:59.999,15809458.8830,3802,4133.2,769350.1670,0,18.644067796610187,-4.772690658420771,-3.9013422010778314,-0.8713484573429398,218.70815624685918,200.9465,183.1848437531408,4.124285714285713,31430.045000000002,-8.511782536423192,193.496,3.916354171928952
2025-11-14 05:00:00,187.15,190.5,187.02,190.42,58346.6,2025-11-14 05:59:59.999,11028168.5260,3907,53511.8,10121715.9350,0,27.347357619291927,-4.849268700625515,-4.090927500987368,-0.7583411996381475,217.41276758931,199.865,182.31723241069002,4.037142857142854,33920.259999999995,-4.138139347563431,192.084,3.3530627790101812
2025-11-14 06:00:00,190.42,190.5,186.57,188.0,40107.3,2025-11-14 06:59:59.999,7522387.8900,2463,5112.0,958403.2670,0,28.156365557316434,-5.0470518539127625,-4.2821523715724465,-0.7648994823403159,215.8920766103227,198.64000000000001,181.38792338967733,4.050714285714284,35257.9,-3.2324480131768585,190.60999999999999,3.1618823507495515
2025-11-14 07:00:00,187.95,188.78,185.66,185.8,22443.2,2025-11-14 07:59:59.999,4189843.4230,2770,3016.4,565173.5440,0,31.20608899297426,-5.319992479947899,-4.489720393247537,-0.8302720867003623,213.93185734177206,197.257,180.58214265822795,3.847857142857141,36225.375,-3.3751105101669254,188.858,2.83619815950494
2025-11-14 08:00:00,185.8,185.85,184.92,184.95,3944.2,2025-11-14 08:59:59.999,730795.2200,1993,388.1,72007.6800,0,34.779771615008144,-5.541014423651205,-4.699979199328271,-0.8410352243229342,211.3916037360858,195.8095,180.22739626391422,3.5471428571428567,36347.560000000005,-3.2991738994039537,187.26,2.1223689594359345
2025-11-14 09:00:00,184.94,185.77,182.42,182.87,19791.9,2025-11-14 09:59:59.999,3645736.6160,2014,109.6,20166.2500,0,34.677944046844516,-5.816960226568028,-4.923375404776223,-0.893584821791805,209.4606381572608,194.4365,179.4123618427392,3.4885714285714307,36468.845,-5.248704663212433,186.40800000000002,2.9001499961167587
2025-11-14 10:00:00,182.92,184.98,182.42,184.1,19949.9,2025-11-14 10:59:59.999,3673905.9840,2523,19223.3,3540108.3450,0,38.42921784098254,-5.868747277553382,-5.112449779331655,-0.756297498221727,206.301404702197,193.0455,179.789595297803,3.517857142857145,32666.925,-6.343796103169354,185.144,1.9291008268036203
2025-11-14 11:00:00,184.08,184.98,179.11,179.86,35587.5,2025-11-14 11:59:59.999,6466684.5630,2919,191.7,34601.2090,0,30.352870813397118,-6.180674485276342,-5.326094720520593,-0.8545797647557487,204.13854646083766,191.6345,179.13045353916235,3.7914285714285705,33129.534999999996,-9.44973065498665,183.516,2.312883481711126
2025-11-14 12:00:00,179.81,179.97,173.2,177.38,94375.4,2025-11-14 12:59:59.999,16583952.4470,2663,17885.2,3126539.0930,0,20.340030911901067,-6.55246161970004,-5.571368100356483,-0.981093519343557,202.77848851551866,190.2765,177.77451148448134,3.903571428571429,37178.975,-10.178245898318815,181.83200000000002,3.148502818796557
2025-11-14 13:00:00,176.77,178.32,175.52,176.79,54327.8,2025-11-14 13:59:59.999,9633984.6280,2703,36432.6,6479600.7140,0,14.637305699481814,-6.8161414359043135,-5.82032276746605,-0.9958186684382637,202.40670837771765,189.184,175.96129162228235,3.7149999999999994,37610.740000000005,-9.510160208834526,180.2,3.241720222346105
2025-11-14 14:00:00,176.75,179.69,174.12,178.16,142911.0,2025-11-14 14:59:59.999,25297815.7240,4745,96646.5,17181010.6710,0,18.938906752411555,-6.835763611723593,-6.023410936317559,-0.812352675406034,202.24243173622645,188.378,174.51356826377352,3.943571428571427,42615.245,-8.429276315789476,179.25799999999998,2.9424003806359154
2025-11-14 15:00:00,178.16,180.56,175.53,178.88,133548.2,2025-11-14 15:59:59.999,23804858.9770,4820,86422.3,15450195.1360,0,22.2484012117132,-6.715800773841579,-6.161888903822364,-0.5539118700192152,202.06367288834548,187.7075,173.35132711165454,4.112857142857142,46875.35,-7.2872395563387595,178.214,1.2123448354180997
2025-11-14 16:00:00,178.88,182.73,178.4,181.77,48248.9,2025-11-14 16:59:59.999,8714024.6130,2717,47256.9,8535071.6290,0,29.8836111984901,-6.314738142750571,-6.192458751608006,-0.12227939114256436,201.72150157520798,187.233,172.74449842479203,4.193571428571427,48409.045,-2.864318922674069,178.596,1.9419912461093944
2025-11-14 17:00:00,181.76,182.79,177.41,177.97,37491.2,2025-11-14 17:59:59.999,6718019.0590,2468,1807.2,328757.4540,0,27.965852222549316,-6.231686358930034,-6.200304273072413,-0.031382085857621256,201.26665653228875,186.4815,171.69634346771127,4.333571428571427,48397.69,-6.538178762735002,178.714,1.866073417624743
2025-11-14 18:00:00,177.97,180.0,176.52,176.87,38645.0,2025-11-14 18:59:59.999,6882332.3900,3242,18806.8,3361825.5360,0,32.46753246753248,-6.183350216518733,-6.196913461761677,0.01356324524294461,200.0751625261958,185.49650000000003,170.91783747380424,4.04285714285714,48989.130000000005,-5.920212765957444,178.73,1.845684154985813
2025-11-14 19:00:00,176.87,180.79,176.5,180.35,69577.5,2025-11-14 19:59:59.999,12470513.0450,3807,68896.3,12348169.4770,0,32.903225806451616,-5.797407652332993,-6.117012299875941,0.31960464754294815,197.9347509436887,184.5825,171.23024905631132,4.100714285714283,50250.36,-2.9332615715823556,179.168,1.934326756255613
2025-11-14 20:00:00,180.44,180.79,174.94,175.88,51502.4,2025-11-14 20:59:59.999,9125908.9750,2946,155.2,27587.9680,0,30.76190476190476,-5.78554487238884,-6.050718814378522,0.2651739419896817,195.924063381563,183.5025,171.080936618437,4.237857142857139,50854.325000000004,-4.904028115706945,178.568,2.4440990159904348
2025-11-14 21:00:00,175.88,179.27,174.98,179.17,49285.8,2025-11-14 21:59:59.999,8772429.9950,3264,48613.5,8652717.1570,0,39.82816814973914,-5.447868393829879,-5.930148730268794,0.4822803364389152,193.9100930901833,182.69250000000002,171.47490690981675,4.321428571428569,52805.130000000005,-2.023295237053654,178.048,1.778488121963301
2025-11-14 22:00:00,179.17,179.87,177.36,177.63,12333.7,2025-11-14 22:59:59.999,2199360.0920,2211,316.0,56632.5820,0,39.00240384615385,-5.24407208277853,-5.792933400770742,0.5488613179922117,191.77388184331508,181.84599999999998,171.91811815668487,4.4342857142857115,51689.560000000005,-3.5143943508962514,177.98,1.7886866690296663
2025-11-14 23:00:00,177.61,178.15,173.11,173.61,88204.9,2025-11-14 23:59:59.999,15428359.4240,3636,6704.3,1170324.1110,0,36.85406019307212,-5.345324863774948,-5.703411693371583,0.35808682959663507,189.98988614931147,180.8795,171.76911385068854,4.554999999999994,55234.985,-3.474924941621261,177.328,2.670996068878305
2025-11-15 00:00:00,173.61,176.55,173.61,176.03,51432.2,2025-11-15 00:59:59.999,9030736.2890,3386,33531.3,5893823.1700,0,38.9178797033782,-5.170690149583834,-5.5968673846140335,0.4261772350301998,189.18047383869634,180.3245,171.46852616130366,4.582142857142851,53602.73,-0.7610779118277113,176.464,2.0830698499959066
2025-11-15 01:00:00,176.03,178.43,175.04,178.04,14955.3,2025-11-15 01:59:59.999,2653972.4200,2408,14238.6,2527337.7460,0,47.33762434172027,-4.814600955849102,-5.440414098861048,0.6258131430119462,187.21928935866674,179.7055,172.19171064133326,4.404999999999997,51433.165,0.7070535663781888,176.89600000000002,2.154432639922321
2025-11-15 02:00:00,178.04,179.36,177.52,179.36,8186.0,2025-11-15 02:59:59.999,1466511.0560,2522,7513.1,1346578.4220,0,52.99818291944279,-4.3754473031412715,-5.227420739717093,0.8519734365758218,185.69319100749235,179.27349999999998,172.85380899250762,4.05285714285714,49837.1,0.6735518634934986,176.93400000000003,2.2056359627016353
2025-11-15 03:00:00,179.36,179.86,178.04,178.93,12174.7,2025-11-15 03:59:59.999,2173087.0640,2862,1808.4,324204.1900,0,53.2562385879489,-4.015820397992485,-4.985100671372172,0.9692802733796873,184.5667590538961,178.93,173.2932409461039,3.982857142857142,49323.675,0.02795169946333373,177.19400000000002,2.3780727490897307
2025-11-15 04:00:00,178.93,179.31,177.42,178.1,8972.3,2025-11-15 04:59:59.999,1599157.5250,2121,3290.4,589442.5530,0,49.90717821782177,-3.7545079179130596,-4.73898212068035,0.9844742027672906,183.46547142911476,178.5875,173.70952857088525,3.720000000000001,49575.08,-2.0190350442867446,178.092,1.2810815742819204
2025-11-15 05:00:00,178.1,180.05,177.42,179.76,16121.2,2025-11-15 05:59:59.999,2882985.0980,2300,15477.9,2768018.7030,0,51.32291040288635,-3.374567850410216,-4.4660992666263235,1.0915314162161076,182.917666529138,178.432,173.946333470862,3.548571428571431,49391.545,1.0057874922739745,178.83800000000002,0.7603420282779627
2025-11-15 06:00:00,179.78,180.16,178.51,179.31,6381.5,2025-11-15 06:59:59.999,1141446.8420,1998,692.1,124554.2870,0,46.00908500973392,-3.074334830567153,-4.18774637941449,1.1134115488473366,181.83647628395116,178.19250000000002,174.5485237160489,3.357142857142861,48713.125,1.379544298072029,179.092,0.62767029559018
2025-11-15 07:00:00,179.29,180.46,178.51,179.11,1096.5,2025-11-15 07:59:59.999,197034.5610,1812,137.9,24855.6280,0,52.09404849375462,-2.820028791310392,-3.91420286179367,1.094174070483278,181.7417093847467,178.155,174.5682906152533,3.112142857142863,46988.575,-0.6875519822567124,179.04199999999997,0.6107126983829454
2025-11-15 08:00:00,179.13,179.25,176.04,176.35,22097.2,2025-11-15 08:59:59.999,3931950.5600,2854,105.8,18868.5210,0,49.09972299168974,-2.808820027889169,-3.69312629501277,0.884306267123601,181.7658448054202,178.1035,174.4411551945798,3.0928571428571496,43374.665,0.2672276552194672,178.526,1.3596801094247464
2025-11-15 09:00:00,176.34,179.18,176.04,178.7,3558.6,2025-11-15 09:59:59.999,632163.5080,2111,2787.0,494612.4570,0,47.02702702702702,-2.5805645006743703,-3.4706139361450905,0.8900494354707202,181.81646581842483,178.199,174.5815341815752,3.010714285714294,40836.205,-0.26232070101021315,178.64600000000002,1.3390033606998515
2025-11-15 10:00:00,178.81,180.55,177.81,180.55,6108.1,2025-11-15 10:59:59.999,1096027.6380,2004,5427.7,974391.9460,0,59.29168324711504,-2.2247453326208984,-3.2214402154402517,0.9966948828193534,182.08535978391578,178.3185,174.55164021608422,2.788571428571438,33996.060000000005,1.6438664639982077,178.804,1.5355064311053197
2025-11-15 11:00:00,180.55,180.69,177.87,178.32,12236.8,2025-11-15 11:59:59.999,2196825.0570,2621,3994.0,721151.0750,0,48.234316576651445,-2.0985081458824766,-2.996853801528697,0.8983456556462204,182.0480998778753,178.2905,174.53290012212472,2.6835714285714363,27930.489999999998,2.7129773630551113,178.606,1.5176725601938788
2025-11-15 12:00:00,178.29,180.05,177.84,179.66,11435.1,2025-11-15 12:59:59.999,2052991.5290,2212,10709.7,1923017.5970,0,54.252199413489734,-1.8687951574590898,-2.771242072714776,0.9024469152556862,181.637349314536,178.185,174.732650685464,2.662142857142866,26089.8,2.062148497415211,178.716,1.5819070769061085
2025-11-15 13:00:00,179.59,180.79,179.31,180.27,5612.9,2025-11-15 13:59:59.999,1013139.5330,2043,4763.8,860329.3530,0,66.27565982404687,-1.6188628143073913,-2.5407662210332993,0.921903406725908,181.87330452988002,178.3,174.72669547012,2.4078571428571514,24495.885000000002,1.2525275219052001,179.5,0.9686846751998316
2025-11-15 14:00:00,180.26,180.79,178.71,179.71,5901.9,2025-11-15 14:59:59.999,1057373.7750,2102,229.2,41135.4130,0,59.89247311827955,-1.4492706615326085,-2.3224671091331612,0.8731964476005527,182.00172559558905,178.44199999999998,174.8822744044109,2.346428571428579,22858.730000000003,0.19513826940231618,179.702,0.8592845861339291
2025-11-15 15:00:00,179.68,180.12,178.64,179.0,1146.3,2025-11-15 15:59:59.999,205406.5450,1685,255.3,45769.1790,0,52.77456647398845,-1.356521588429473,-2.1292780049924236,0.7727564165629506,181.83160846625776,178.37449999999998,174.9173915337422,2.210000000000008,19437.17,0.03912144414016273,179.392,0.7494464623752632
2025-11-15 16:00:00,178.98,180.05,178.11,180.05,7715.7,2025-11-15 16:59:59.999,1385043.5580,1939,6988.8,1254938.1500,0,52.025836758661164,-1.1846353164719687,-1.9403494672883326,0.7557141508163638,181.90708816149106,178.583,175.25891183850894,2.2171428571428646,17247.835,1.0948905109489147,179.738,0.4826696592571461
2025-11-15 17:00:00,180.05,182.38,179.29,182.38,27915.2,2025-11-15 17:59:59.999,5050536.3580,2482,27293.7,4938263.0400,0,59.11251980982561,-0.8505975214458203,-1.7223990781198302,0.8718015566740098,182.47227445650304,178.74349999999998,175.01472554349692,2.307857142857149,16179.305000000002,1.457498887405432,180.28199999999998,1.2675054240390307
2025-11-15 18:00:00,182.39,182.42,181.12,182.1,1360.0,2025-11-15 18:59:59.999,247336.6510,1884,345.8,63064.3060,0,60.88139281828071,-0.6015297615655015,-1.4982252148089645,0.896695453243463,182.9424515135947,178.967,174.99154848640532,2.2657142857142896,15630.62,1.5559645307010161,180.648,1.5051146135656943
2025-11-15 19:00:00,181.67,182.42,180.35,180.35,3881.2,2025-11-15 19:59:59.999,702010.9020,1910,68.4,12371.1230,0,51.597184623714135,-0.539137302837986,-1.3064076324147689,0.7672703295767829,182.41641588347022,179.304,176.19158411652978,2.2257142857142873,11414.435,0.6923119870470552,180.776,1.4307795078100765
2025-11-15 20:00:00,180.37,180.97,178.78,178.83,5754.4,2025-11-15 20:59:59.999,1032899.2450,3196,253.2,45529.2970,0,48.771750255885394,-0.6053638687598948,-1.166198879683794,0.5608350109238993,182.16342253933928,179.444,176.7245774606607,2.2642857142857156,9130.545,1.406294301105766,180.74200000000002,1.4845437009294056
2025-11-15 21:00:00,178.81,179.9,177.65,178.1,12339.2,2025-11-15 21:59:59.999,2201303.0230,2269,46.4,8265.9330,0,47.48380667663176,-0.7085856640689769,-1.0746762365608307,0.3660905724918537,182.16002588888907,179.447,176.73397411111094,2.2857142857142856,8999.740000000002,-0.33575825405707577,180.352,1.9076346610314368
2025-11-15 22:00:00,178.1,179.23,177.65,178.52,7379.5,2025-11-15 22:59:59.999,1321195.7530,1978,6434.2,1152665.5600,0,56.11957134799776,-0.7478781172134745,-1.0093166126913595,0.261438495477885,182.1495218162912,179.40500000000003,176.66047818370885,2.1692857142857127,8959.415,-1.124342287454999,179.58,1.6446732198121343
2025-11-15 23:00:00,178.52,179.23,178.14,178.39,757.3,2025-11-15 23:59:59.999,135214.5600,1382,0.6,107.5380,0,49.000644745325594,-0.7805103455492883,-0.9635553592629452,0.1830450137136569,182.15265673554376,179.378,176.6033432644562,2.0228571428571405,8388.545,0.03925527142215858,178.83800000000002,0.8849689259889213
2025-11-16 00:00:00,178.44,179.23,176.63,177.59,15989.3,2025-11-16 00:59:59.999,2841722.3130,2102,385.6,68601.1610,0,39.76486860304289,-0.86099986523638,-0.9430442604576322,0.08204439522125229,182.1853737501536,179.35250000000002,176.51962624984645,2.0128571428571393,8739.395,-1.1521763330735797,178.286,0.4691801359446967
2025-11-16 01:00:00,177.59,178.13,175.6,177.32,29929.9,2025-11-16 01:59:59.999,5281391.8550,3367,8415.4,1489916.6820,0,46.00000000000002,-0.9357879519970993,-0.9415929987655257,0.005805046768426414,182.19651433791725,179.2305,176.26448566208276,1.992142857142854,9429.83,-1.6364342375325993,177.98399999999998,0.5151989906478767
2025-11-16 02:00:00,177.29,178.69,176.78,178.69,6916.5,2025-11-16 02:59:59.999,1230988.1010,2260,6127.3,1090523.2800,0,46.129289704708725,-0.8744306074136432,-0.9281605204951493,0.0537299130815061,182.17496086657516,179.1995,176.22403913342484,1.9707142857142819,9456.58,-0.5675811028879919,178.102,0.6076759004311282
2025-11-16 03:00:00,178.69,179.42,177.97,179.42,6865.8,2025-11-16 03:59:59.999,1230552.2810,1770,6103.0,1094170.0440,0,46.640316205533516,-0.7581599743933793,-0.8941604112747953,0.13600043688141594,182.19172727391293,179.215,176.23827272608708,1.9685714285714246,9745.045,0.2346368715083729,178.282,0.8481568251008028
2025-11-16 04:00:00,179.42,179.81,178.6,179.7,1347.7,2025-11-16 04:59:59.999,241805.1790,1648,626.6,112588.3470,0,49.9595796281325,-0.6360885670482332,-0.8425460424294829,0.2064574753812497,182.0403651900575,179.3825,176.72463480994247,1.9064285714285691,8707.57,-0.19439044709804093,178.54399999999998,1.0645797292666737
2025-11-16 05:00:00,179.72,181.32,178.59,180.52,12809.1,2025-11-16 05:59:59.999,2306944.4550,2095,11996.8,2160166.8970,0,56.089743589743605,-0.4677865975664304,-0.7675941534568724,0.29980755589044206,182.1574740762912,179.4735,176.7895259237088,1.9957142857142816,9170.095000000001,-1.019848667617055,179.13,1.2052800504308048
2025-11-16 06:00:00,180.54,181.49,179.73,179.76,6060.0,2025-11-16 06:59:59.999,1091760.7240,2001,885.0,160518.8490,0,48.81050041017219,-0.39122195939620497,-0.692319714644739,0.301097755248534,182.07416267443253,179.43400000000003,176.79383732556752,1.9828571428571402,9167.69,-1.2850082372322917,179.618,0.6597120583764363
2025-11-16 07:00:00,179.76,181.02,179.63,181.02,3255.3,2025-11-16 07:59:59.999,587215.5210,2012,1801.0,325651.3890,0,43.88489208633105,-0.2262642290987742,-0.599108617535546,0.3728443884367718,182.24519447017644,179.56900000000002,176.8928055298236,1.8614285714285697,8718.615,0.37149986138065755,180.084,0.6632344984754991
2025-11-16 08:00:00,181.02,181.29,179.58,180.12,12810.9,2025-11-16 08:59:59.999,2310796.4510,2260,6042.2,1094153.5850,0,41.56729131175479,-0.1662402041751534,-0.5125349348634675,0.34629473068831407,182.2793708537083,179.592,176.90462914629174,1.8907142857142836,8787.405,0.72135547726891,180.224,0.5527024515670864
2025-11-16 09:00:00,180.14,181.23,179.25,181.23,17201.4,2025-11-16 09:59:59.999,3105526.0080,2039,16443.6,2969282.7510,0,53.96396396396392,-0.028771350412483798,-0.4157822179732707,0.3870108675607869,182.41134206517393,179.64,176.86865793482605,1.884285714285712,9366.829999999998,1.7574396406513169,180.53,0.6105735008733499
2025-11-16 10:00:00,181.23,181.57,180.61,180.66,845.5,2025-11-16 10:59:59.999,153155.8930,1575,129.0,23397.2410,0,59.01477832512299,0.03378996065987394,-0.3258677822466418,0.35965774290651575,182.49620732583557,179.6875,176.87879267416443,1.7964285714285677,9114.01,1.1987452386287174,180.558,0.613204696629748
2025-11-16 11:00:00,180.68,181.57,176.13,176.29,36671.9,2025-11-16 11:59:59.999,6503167.5340,3979,122.1,21582.1490,0,43.43727338651199,-0.26618382651318484,-0.31393099109995043,0.04774716458676559,182.73667118026546,179.552,176.36732881973452,2.0242857142857105,10890.29,-1.1771960311676632,179.864,2.0417468011405733
2025-11-16 12:00:00,176.29,177.43,175.48,176.72,12784.6,2025-11-16 12:59:59.999,2247977.3550,2484,398.7,70485.3080,0,43.47826086956522,-0.4638705962184133,-0.34391891212364306,-0.11995168409477025,182.80041758397792,179.3855,175.9705824160221,2.0507142857142844,11143.735,-0.48989244889915223,179.004,2.319769385082592
2025-11-16 13:00:00,176.69,177.52,175.56,176.23,11447.3,2025-11-16 13:59:59.999,2014679.8030,2056,200.3,35293.9050,0,42.37288135593225,-0.6525554374835849,-0.40564621719563154,-0.24690922028795337,182.4650316145549,179.078,175.6909683854451,2.1128571428571417,10320.34,-0.6147078727723908,178.226,2.497424673531771
2025-11-16 14:00:00,176.23,177.45,175.56,177.1,18655.3,2025-11-16 14:59:59.999,3302902.8460,1804,18000.0,3187217.4100,0,48.27828531271958,-0.723547202719999,-0.4692264143005051,-0.25432078841949385,182.00760341785534,178.828,175.64839658214467,2.0621428571428555,11185.105,-0.8898091667133043,177.4,1.856138464652895
2025-11-16 15:00:00,177.1,177.46,173.24,173.24,29512.0,2025-11-16 15:59:59.999,5162572.6230,2675,125.5,22063.6090,0,38.552188552188625,-1.0788422073614186,-0.5911495729126879,-0.4876926344487307,182.4302658503779,178.4725,174.5147341496221,2.182857142857141,12466.645,-3.4444320588563033,175.916,1.5368571826821578
2025-11-16 16:00:00,173.24,174.33,169.22,169.36,47287.6,2025-11-16 16:59:59.999,8100192.9680,3309,2062.0,358196.0330,0,27.053615346778244,-1.6544284109139653,-0.8038053405129435,-0.8506230704010218,183.67126641792265,177.999,172.32673358207734,2.4114285714285706,14543.304999999998,-5.754034501947677,174.53,3.2666496598134964
2025-11-16 17:00:00,169.33,170.71,168.32,169.79,36987.5,2025-11-16 17:59:59.999,6285018.9110,3073,29896.4,5086033.9310,0,25.961058412381476,-2.052230383373484,-1.0534903490850518,-0.998740034288432,184.3386782087288,177.5835,170.82832179127118,2.47857142857143,15775.720000000001,-5.943939729669853,173.144,3.5619699605636175
2025-11-16 18:00:00,169.83,173.86,169.8,172.02,150879.3,2025-11-16 18:59:59.999,25963169.8660,4211,124546.5,21426344.1540,0,32.529572338489615,-2.162619616686527,-1.2753162026053468,-0.8873034140811802,184.43620018878653,177.25849999999997,170.0807998112134,2.682857142857145,22950.71,-4.305740987983968,172.302,3.1203237011496667
2025-11-16 19:00:00,171.99,174.72,171.86,172.73,60212.9,2025-11-16 19:59:59.999,10435581.4290,2603,52756.9,9144584.6690,0,32.190214906264245,-2.167823493308589,-1.4538176607459954,-0.7140058325625935,184.4071860026654,176.97549999999998,169.54381399733455,2.692142857142859,25923.489999999998,-4.579604463595194,171.428,1.7527606796009272
2025-11-16 20:00:00,172.73,173.93,172.19,172.27,11365.6,2025-11-16 20:59:59.999,1965850.8780,2341,4464.7,776126.3330,0,32.63792304126103,-2.1838912200830407,-1.5998323726134047,-0.584058847469636,184.42402894493333,176.7095,168.99497105506666,2.6907142857142867,25692.305,-4.358205640683986,171.234,1.5432206582193033
2025-11-16 21:00:00,172.33,172.43,170.8,171.54,8605.2,2025-11-16 21:59:59.999,1472806.1190,2080,225.1,38591.4250,0,27.471482889733764,-2.229825863908218,-1.7258310708723676,-0.5039947930358502,184.4647446899438,176.4205,168.3762553100562,2.7078571428571427,24626.07,-5.34679688793246,171.67000000000002,1.135495486541203
2025-11-16 22:00:00,171.54,172.99,169.66,172.27,59998.5,2025-11-16 22:59:59.999,10291997.8470,3411,50932.4,8748471.6440,0,31.193100143747003,-2.1821698057779884,-1.817098817853492,-0.36507098792449644,184.27374833177856,176.09949999999998,167.9252516682214,2.8235714285714306,27280.170000000002,-4.644082807483663,172.166,0.4338548143747203
2025-11-16 23:00:00,172.34,174.03,169.14,172.8,84421.2,2025-11-16 23:59:59.999,14495178.8460,3428,55846.2,9628083.3820,0,29.22621981271567,-2.0776852040431493,-1.8692160950914236,-0.20846910895172566,183.91268559141926,175.7685,167.62431440858072,3.031428571428575,31157.939999999995,-1.9796925520449153,172.32199999999997,0.502961231066913
2025-11-17 00:00:00,172.79,175.08,170.84,174.55,91674.9,2025-11-17 00:59:59.999,15885941.7270,3335,67571.2,11743919.7250,0,35.770843036795554,-1.8325455849740706,-1.861881993067953,0.029336408093882493,183.4549984629317,175.51100000000002,167.56700153706834,3.265714285714292,35674.3,-1.2279311905839676,172.686,1.1343412184862511
2025-11-17 01:00:00,174.62,175.08,172.68,172.7,18420.9,2025-11-17 01:59:59.999,3201894.1730,2952,304.2,52966.8200,0,40.52770448548813,-1.767179267071242,-1.8429414478686112,0.07576218079736918,182.79103643584853,175.12,167.44896356415148,3.048571428571435,35954.89,-2.0030641774953195,172.77200000000002,1.110977047448325
2025-11-17 02:00:00,172.77,175.06,172.68,175.06,12597.2,2025-11-17 02:59:59.999,2196664.6120,1852,11534.7,2011426.6280,0,46.0249042145594,-1.507565436610946,-1.7758662456170782,0.26830080900613207,182.23894344624995,174.885,167.53105655375003,3.0792857142857195,36281.75,-1.1518915866741908,173.476,1.242590036962316
2025-11-17 03:00:00,175.04,176.94,174.34,176.94,13928.6,2025-11-17 03:59:59.999,2455605.1500,2309,13202.4,2327558.6940,0,51.594072743601274,-1.1370125445225483,-1.6480955053981723,0.511082960875624,181.52720186673727,174.68099999999998,167.8347981332627,3.125000000000004,36815.41499999999,2.1357654121449943,174.41,1.7577826941801824
2025-11-17 04:00:00,176.94,177.74,176.21,176.62,6016.4,2025-11-17 04:59:59.999,1067856.3910,2018,5102.6,906249.5330,0,48.895027624309414,-0.8592629846866373,-1.4903290012558654,0.6310660165692281,180.9329052878555,174.506,168.0790947121445,3.0992857142857195,36475.689999999995,4.2867264997638115,175.17400000000004,1.7126529128695165
2025-11-17 05:00:00,176.65,177.74,176.05,176.47,6563.0,2025-11-17 05:59:59.999,1156410.3210,1892,138.1,24374.7820,0,58.967240421987746,-0.6438265718842899,-1.3210285153815504,0.6772019434972605,179.95661318777422,174.268,168.57938681222578,2.9185714285714335,35943.770000000004,3.9342717474527404,175.558,1.752546718339051
2025-11-17 06:00:00,176.45,177.58,175.99,177.58,9526.2,2025-11-17 06:59:59.999,1687476.1060,1986,7342.5,1302717.9340,0,76.9685039370078,-0.37915329607750436,-1.1326534715207413,0.7535001754432369,179.20989886705746,174.114,169.01810113294255,2.6671428571428613,36377.805,3.2321823043832123,176.534,0.9277823020311886
2025-11-17 07:00:00,177.59,178.84,177.21,178.7,7227.3,2025-11-17 07:59:59.999,1284828.4980,2687,6229.5,1107244.7790,0,77.96610169491518,-0.0781226293220243,-0.9217473030809978,0.8436246737589735,179.65094464863233,174.2345,168.81805535136766,2.6128571428571457,34905.575,3.4562612169281532,177.262,0.9099560428742003
2025-11-17 08:00:00,178.77,178.91,177.82,178.05,999.6,2025-11-17 08:59:59.999,178167.2330,1711,161.7,28847.7210,0,71.01045296167248,0.10676604268664391,-0.7160446339274694,0.8228106766141133,179.87626076804463,174.301,168.72573923195534,2.4000000000000017,34316.325,3.355198235328264,177.48399999999998,0.9464301347503555
2025-11-17 09:00:00,178.05,179.57,177.46,178.98,13156.4,2025-11-17 09:59:59.999,2355234.7100,1909,12427.4,2224874.2690,0,71.44818119423473,0.32459316699328156,-0.5079170737433192,0.8325102407366007,180.34016176420383,174.4385,168.53683823579618,2.346428571428573,34401.78,4.337180832458901,177.956,0.9950527624021739
2025-11-17 10:00:00,178.98,179.57,178.44,178.5,1700.0,2025-11-17 10:59:59.999,303760.1740,1628,14.0,2513.9800,0,71.35023989033581,0.45326577815100677,-0.3156805033644539,0.7689462815154606,180.5740169433109,174.5085,168.4429830566891,2.3028571428571434,33554.015,3.616416091019904,178.36200000000002,0.5531907446484625
2025-11-17 11:00:00,178.5,179.91,178.34,178.99,5207.7,2025-11-17 11:59:59.999,935250.1580,2395,4505.1,809514.7550,0,75.95818815331018,0.5880005501047094,-0.13494429267062122,0.7229448427753307,181.14673936848556,174.796,168.44526063151443,2.298571428571429,32338.799999999996,3.5821759259259243,178.644,0.3902947603607968
2025-11-17 12:00:00,178.98,179.93,177.43,177.6,2053.2,2025-11-17 12:59:59.999,366029.9560,2041,144.1,25728.2500,0,67.75483011325778,0.5759779292695839,0.007240151717419854,0.568737777552164,181.1284181929204,175.20800000000003,169.28758180707965,2.239285714285714,30077.079999999998,1.7473503294184949,178.42399999999998,0.6029344906080737
2025-11-17 13:00:00,177.59,179.85,172.7,173.67,69620.7,2025-11-17 13:59:59.999,12222908.4890,3718,13071.7,2339017.6210,0,52.36284627919603,0.2464903724412295,0.0550901958621818,0.1914001765790477,180.80671373214437,175.402,169.9972862678556,2.4007142857142845,31708.739999999998,0.5616676317313254,177.548,2.2404173718224305
2025-11-17 14:00:00,173.73,180.33,172.7,176.99,171884.0,2025-11-17 14:59:59.999,30468907.7820,4359,138569.9,24572650.7020,0,56.1061061061061,0.2503791484595581,0.09414798638165708,0.15623116207790103,180.85375191840924,175.65050000000002,170.4472480815908,2.642857142857143,32758.975,1.102479150005716,177.15,2.0944330975142726
2025-11-17 15:00:00,176.99,178.7,174.29,174.29,63312.6,2025-11-17 15:59:59.999,11142131.0000,3499,19764.0,3484618.5920,0,53.81661065770523,0.035187971283534125,0.0823559833620325,-0.04716801207849837,180.7923170541606,175.7285,170.6646829458394,2.7864285714285706,32913.96,-1.497682830337971,176.308,2.256040779764894
2025-11-17 16:00:00,174.29,176.26,171.57,176.26,76396.0,2025-11-17 16:59:59.999,13279176.9240,3265,56130.3,9771317.0120,0,52.93542074363989,0.023340889777671237,0.07055296464516024,-0.047212074867489004,180.72549759333003,175.92800000000003,171.13050240667002,2.951428571428571,36165.479999999996,-0.20382742611256577,175.762,1.708616399301349
2025-11-17 17:00:00,176.26,176.34,170.4,170.4,33199.0,2025-11-17 17:59:59.999,5749740.6550,2917,2291.9,403813.8150,0,36.609336609336616,-0.45367139219732167,-0.03429190672333617,-0.4193794854739855,180.9090693879707,175.871,170.83293061202932,3.19,37395.17,-3.4396781322604366,174.322,2.5827446641043994
2025-11-17 18:00:00,170.4,171.62,167.91,168.12,84938.1,2025-11-17 18:59:59.999,14402768.3730,4394,34708.1,5890744.6040,0,33.88931008339651,-1.0041092610700275,-0.2282553775926745,-0.775853883477353,181.58962156829563,175.6635,169.73737843170437,3.345714285714286,38642.15,-5.327176483838274,173.212,3.8262736441554153
2025-11-17 19:00:00,168.12,168.59,165.45,165.66,45763.4,2025-11-17 19:59:59.999,7638083.1470,2950,12447.6,2084410.0320,0,31.1606831648658,-1.6201604772971336,-0.5066363975335665,-1.1135240797635673,182.64975691402515,175.3065,167.96324308597485,3.4492857142857156,36709.259999999995,-7.297146054840511,170.946,4.348767641522778
2025-11-17 20:00:00,165.48,167.45,164.92,167.39,59526.0,2025-11-17 20:59:59.999,9917310.3530,3020,45954.4,7670913.8830,0,32.61685431593307,-1.9463526213235411,-0.7945796422915615,-1.1517729790319797,183.1006279753468,174.9485,166.79637202465318,3.516428571428573,35101.814999999995,-5.987082280258368,169.56599999999997,4.110593631089546
2025-11-17 21:00:00,167.39,168.45,166.14,167.6,38649.2,2025-11-17 21:59:59.999,6473550.3650,2940,24869.6,4172176.7380,0,30.457746478873247,-2.1629834735228997,-1.0682604085378296,-1.09472306498507,183.439216003917,174.6935,165.947783996083,3.5650000000000017,36113.229999999996,-6.358252318694824,167.834,1.706188735149754
2025-11-17 22:00:00,167.6,169.1,167.07,168.28,11968.3,2025-11-17 22:59:59.999,2016113.2960,2116,11314.4,1905965.0540,0,32.81744635947943,-2.2538141016161717,-1.3053711471534981,-0.9484429544626736,183.5542264833548,174.3545,165.1547735166452,3.632142857142859,36081.784999999996,-5.725490196078431,167.41,1.0440306508677808
2025-11-17 23:00:00,168.38,169.1,167.34,168.99,11719.6,2025-11-17 23:59:59.999,1971068.3880,2346,6098.1,1028117.0280,0,32.2935129386743,-2.242655031300444,-1.4928279239828874,-0.7498271073175566,183.3708645792209,173.957,164.5431354207791,3.607142857142859,35971.335,-5.586904296329403,167.584,1.2450823265758841
2025-11-18 00:00:00,168.98,169.0,165.62,168.93,70163.1,2025-11-18 00:59:59.999,11746491.7350,3285,45759.6,7683832.1940,0,32.7815761065132,-2.2131411724342627,-1.6368905736731625,-0.5762505987611002,183.15506503404498,173.57250000000002,163.98993496595506,3.767857142857145,39178.67,-4.88175675675675,168.238,0.7369328327279226
2025-11-18 01:00:00,168.93,169.91,167.97,168.25,40550.2,2025-11-18 01:59:59.999,6866301.9510,3261,33584.2,5692664.5330,0,30.807719799857082,-2.219041810958629,-1.753320821130256,-0.46572098982837296,182.92422670065605,173.1615,163.39877329934393,3.7942857142857167,40878.03,-3.12086140381182,168.41,0.5712705138133792
2025-11-18 02:00:00,168.11,170.63,166.43,168.18,106117.3,2025-11-18 02:59:59.999,17909794.3050,4344,84190.4,14227499.1510,0,32.33308327081777,-2.203960638167672,-1.8434487845377394,-0.36051185362993254,182.46364790805828,172.6915,162.9193520919417,3.9157142857142873,45707.58500000001,-4.977682354935308,168.526,0.3984093371806672
2025-11-18 03:00:00,168.16,170.52,166.52,169.98,107850.1,2025-11-18 03:59:59.999,18111217.6020,3408,67752.9,11405875.0800,0,42.478597635548326,-2.0234388003608785,-1.8794467877023673,-0.14399201265851125,181.67048128684849,172.2555,162.84051871315154,3.6907142857142867,50738.725,-2.4728900109013727,168.866,0.7263814424619854
2025-11-18 04:00:00,170.01,170.52,167.8,170.09,45176.4,2025-11-18 04:59:59.999,7636654.5020,2831,22515.7,3816965.6490,0,33.818011257035636,-1.8501702516477678,-1.8735914804914475,0.023421228843679698,180.90700100398814,171.85750000000002,162.8079989960119,3.3399999999999994,52947.565,-3.500510609327123,169.08599999999998,0.9153305413638447
2025-11-18 05:00:00,170.09,171.77,169.37,170.94,37915.2,2025-11-18 05:59:59.999,6485419.1580,3070,37232.5,6368613.4200,0,41.397021058038014,-1.6255277106144206,-1.8239787265160423,0.19845101590162173,179.86443879030398,171.4555,163.04656120969602,3.1964285714285716,54185.505000000005,0.31690140845069953,169.488,1.220274559250473
2025-11-18 06:00:00,170.99,171.77,168.13,168.6,24472.1,2025-11-18 06:59:59.999,4147860.2790,2375,234.4,39799.0210,0,30.69556451612904,-1.6176678541283138,-1.7827165520384964,0.16504869791018262,178.76740780487498,170.9605,163.15359219512501,3.1214285714285728,55324.11,0.2855103497501723,169.558,1.1388239547682628
2025-11-18 07:00:00,168.6,171.38,168.07,171.12,16243.8,2025-11-18 07:59:59.999,2761954.5060,2223,15538.8,2642209.3030,0,52.18181818181818,-1.3920492445836032,-1.7045830905475177,0.3125338459639144,177.40278540516,170.567,163.73121459484003,2.93357142857143,55875.915,3.2959072799710296,170.146,0.9999899999273991
2025-11-18 08:00:00,171.14,172.49,170.32,171.53,15670.2,2025-11-18 08:59:59.999,2685378.3340,2587,10899.8,1871673.3440,0,61.65413533834583,-1.166712165942215,-1.5970089056264571,0.4302967396842421,176.2736642853568,170.2635,164.25333571464319,2.8235714285714306,56556.765,2.473266025449558,170.456,1.1626822437601791
2025-11-18 09:00:00,171.49,172.49,170.11,171.85,25017.1,2025-11-18 09:59:59.999,4278793.3940,2388,15732.3,2695096.0330,0,74.77982385908724,-0.9513430910414797,-1.4678757427094618,0.516532651667982,176.01836178421428,170.1725,164.32663821578575,2.769285714285715,54326.585,2.5357995226730314,170.808,1.2842390742987364
2025-11-18 10:00:00,171.85,172.69,171.07,172.66,22107.7,2025-11-18 10:59:59.999,3810152.5750,2279,21077.0,3633063.9180,0,72.77441659464131,-0.7071497350247853,-1.3157305411725266,0.6085808061477413,175.0052079629155,169.956,164.90679203708447,2.704285714285715,46837.770000000004,2.602804849061086,171.152,1.5344282322598681
2025-11-18 11:00:00,172.55,172.69,170.96,171.62,5267.1,2025-11-18 11:59:59.999,902484.3910,2418,70.3,12069.7470,0,66.20967741935488,-0.5907344306239395,-1.1707313190628093,0.5799968884388698,174.51802474508625,169.8225,165.12697525491373,2.662857142857143,43935.495,1.5563051068110512,171.756,0.5701140236452442
2025-11-18 12:00:00,171.7,172.33,170.21,172.33,23459.9,2025-11-18 12:59:59.999,4012617.4600,2287,11490.3,1971857.7250,0,66.29123089300084,-0.43615566585833676,-1.0238161884219148,0.587660522563578,173.43185919480288,169.626,165.82014080519713,2.6692857142857145,41288.69,2.0126679689812383,171.998,0.4827732386507102
2025-11-18 13:00:00,172.33,172.66,171.56,172.09,9039.6,2025-11-18 13:59:59.999,1559336.6300,2040,8047.5,1388684.6160,0,62.95986622073576,-0.32922181123166183,-0.8848973129838642,0.5556755017522024,173.6610121586863,169.7105,165.7599878413137,2.6221428571428578,40080.72,2.2823179791976247,172.11,0.40589407479962175
2025-11-18 14:00:00,172.0,174.81,171.56,172.58,55335.7,2025-11-18 14:59:59.999,9609699.2230,3394,41596.7,7227801.1500,0,64.72962066182406,-0.20260159109699316,-0.74843816860649,0.5458365775094969,174.00757348202998,169.93349999999998,165.85942651796998,2.612857142857144,38600.600000000006,2.616244499940543,172.25600000000003,0.4200357127169519
2025-11-18 15:00:00,172.58,176.72,171.6,176.01,154795.2,2025-11-18 15:59:59.999,27018669.1080,4070,127493.9,22286325.0840,0,75.62747688243064,0.17252936873612157,-0.5642446611379678,0.7367740298740894,174.85544225516503,170.451,166.04655774483496,2.840000000000001,44052.19,3.5474761736674907,172.92600000000002,1.7600085226948599
2025-11-18 16:00:00,176.02,179.3,175.02,178.44,45516.5,2025-11-18 16:59:59.999,8113873.0160,3787,35601.9,6349817.2030,0,79.31428571428569,0.6583153985912986,-0.3197326491921144,0.978048047783413,176.44205737451793,171.0035,165.56494262548208,2.845714285714288,43351.715000000004,4.9091657357869325,174.29,2.818980312091663
2025-11-18 17:00:00,178.48,178.55,176.45,176.73,8373.1,2025-11-18 17:59:59.999,1486440.1040,1922,75.8,13442.6130,0,69.38541068351519,0.8950045627388761,-0.07678520680591626,0.9717897695447923,177.21895092786923,171.46,165.7010490721308,2.710000000000004,41837.909999999996,3.3871533871533828,175.17000000000002,2.739826636844313
2025-11-18 18:00:00,176.8,179.24,176.47,178.33,19897.7,2025-11-18 18:59:59.999,3553887.1340,2407,19352.8,3456888.7380,0,71.79894179894178,1.197880636498553,0.1781479618549777,1.0197326746435753,178.27990411379326,171.9625,165.64509588620675,2.7135714285714334,42234.380000000005,5.77105575326217,176.418,2.384233629484188
2025-11-18 19:00:00,178.35,179.24,177.45,177.77,9704.3,2025-11-18 19:59:59.999,1724997.3110,1701,113.5,20184.8060,0,68.35034927458355,1.3768532796265163,0.41788902540928546,0.9589642542172307,179.06020945297027,172.4015,165.74279054702973,2.6700000000000057,42133.615000000005,3.8861617578307652,177.456,1.0545994500116038
2025-11-18 20:00:00,177.77,179.23,177.45,178.77,5048.4,2025-11-18 20:59:59.999,902746.1630,2047,4421.7,790816.8360,0,79.44412275622464,1.5811554555287444,0.6505423114331773,0.9306131440955671,179.9163597414084,172.8935,165.87064025859158,2.537142857142862,38877.88,4.220836005363498,178.00799999999998,0.8001374881640876
2025-11-18 21:00:00,178.77,179.23,176.47,176.49,13478.4,2025-11-18 21:59:59.999,2396128.2430,2102,575.0,102935.3150,0,65.76629477392835,1.5413220553891165,0.8286982602243653,0.7126237951647512,180.14579077560754,173.3055,166.46520922439245,2.4978571428571468,37524.29,2.70002909514112,177.618,0.9897070273393929
2025-11-18 22:00:00,176.49,178.58,176.47,178.4,4693.9,2025-11-18 22:59:59.999,834401.4720,1842,4141.8,736353.6210,0,68.53750674581758,1.6449132996627327,0.991941268112039,0.6529720315506937,180.57101124104372,173.8165,167.06198875895626,2.4935714285714323,32453.120000000003,3.324452681570722,177.952,0.89208743964112
2025-11-18 23:00:00,178.45,178.61,177.47,178.21,1912.9,2025-11-18 23:59:59.999,340156.5990,1489,208.4,37222.2570,0,67.28260869565219,1.6921723850661294,1.1319874915028572,0.5601848935632723,181.0011469790727,174.228,167.45485302092732,2.405000000000005,27156.26,3.83987880200443,177.928,0.8809199736442654
2025-11-19 00:00:00,178.11,178.61,175.61,177.62,23897.3,2025-11-19 00:59:59.999,4233959.7080,3613,16929.7,3001269.9460,0,63.641364136413635,1.6628491911791912,1.2381598314381241,0.42468935974106703,181.24498658649222,174.6045,167.9640134135078,2.5035714285714334,26092.305,3.069691870248936,177.898,0.8901516724499093
2025-11-19 01:00:00,177.57,178.47,176.51,177.07,14102.7,2025-11-19 01:59:59.999,2512133.6960,2081,12871.2,2293848.6640,0,65.4041831543244,1.5770506866674054,1.3059380024839804,0.27111268418342505,181.40354763070405,174.911,168.41845236929595,2.5200000000000062,24901.68,2.893834621419019,177.55800000000002,0.7932023701205606
2025-11-19 02:00:00,177.07,178.61,176.71,177.8,11773.2,2025-11-19 02:59:59.999,2097437.4480,1974,11193.2,1994226.2420,0,65.44325239977408,1.550091166760268,1.354768635339238,0.19532253142102984,181.2560958942338,175.371,169.48590410576622,2.5042857142857207,24266.735,3.0246842044269315,177.82,0.5223504570355594
2025-11-19 03:00:00,177.8,178.61,175.14,175.44,15781.3,2025-11-19 03:59:59.999,2773920.4020,2538,200.2,35194.6110,0,58.446797781139644,1.3230420709155055,1.3484233224544917,-0.025381251538986183,181.12184312525378,175.58700000000002,170.05215687474626,2.6735714285714374,24243.61,-0.32384523606612875,177.228,1.080171282697515
2025-11-19 04:00:00,175.44,175.95,173.81,173.81,4329.7,2025-11-19 04:59:59.999,756539.7270,2483,371.5,65150.1260,0,52.932761087267494,1.0000487101150384,1.2787483999866012,-0.2786996898715628,180.97162125571248,175.701,170.4303787442875,2.594285714285722,23676.585,-2.5947097063438664,176.348,1.6965759635109496
2025-11-19 05:00:00,173.81,174.74,170.53,171.98,17605.4,2025-11-19 05:59:59.999,3030325.2370,2628,2653.7,456250.9030,0,39.59731543624166,0.5896117612244609,1.1409210722341732,-0.5513093110097123,180.9584081921341,175.7075,170.45659180786592,2.5292857142857224,23306.0,-2.687715724551576,175.22,2.3776564091477668
2025-11-19 06:00:00,171.99,173.52,171.49,173.38,9176.5,2025-11-19 06:59:59.999,1587950.6000,2126,8397.5,1453720.6100,0,36.20501635768817,0.373006040455806,0.9873380658784997,-0.6143320254226937,180.91571839813537,175.74349999999998,170.5712816018646,2.3685714285714363,22659.44,-2.775752817809688,174.482,2.227828539174494
2025-11-19 07:00:00,173.36,175.23,173.2,175.2,21515.6,2025-11-19 07:59:59.999,3759344.1270,2598,20877.9,3648325.2460,0,45.85365853658537,0.3442351077685828,0.8587174742565163,-0.5144823664879336,180.72869282528274,175.9225,171.1163071747173,2.363571428571435,23471.865,-1.4456882488608997,173.962,1.4148568832074675
2025-11-19 08:00:00,175.18,175.77,174.52,174.76,954.8,2025-11-19 08:59:59.999,167183.7870,1828,141.7,24873.6440,0,39.67611336032385,0.28267115642941576,0.7435082106910962,-0.4608370542616804,180.5832482568104,176.04399999999998,171.50475174318956,2.2550000000000057,22346.61,-2.243105666498864,173.82599999999996,1.2616576397578456
2025-11-19 09:00:00,174.7,175.44,173.74,175.44,13486.3,2025-11-19 09:59:59.999,2349343.5850,2245,608.5,106267.6630,0,43.308443423319915,0.28546098194510705,0.6518987649418984,-0.3664377829967913,180.36746603503016,176.2115,172.05553396496984,2.2485714285714318,22568.945,-0.5949345571987145,174.152,1.4526252097357497
2025-11-19 10:00:00,175.44,176.62,174.57,174.84,19868.7,2025-11-19 10:59:59.999,3489707.8040,2404,14686.5,2582397.9500,0,38.44797178130513,0.23653037821014777,0.5688250875955483,-0.3322947093854005,180.17650139368553,176.3245,172.47249860631447,2.267857142857147,20795.595,-1.9955156950672657,174.724,0.800049998413025
2025-11-19 11:00:00,174.84,175.46,174.25,174.25,4522.4,2025-11-19 11:59:59.999,789085.1710,1892,209.0,36625.1590,0,42.689295039164485,0.14843340516185322,0.48474675110880927,-0.33631334594695605,180.19762304650934,176.2365,172.27537695349068,2.1571428571428624,13281.954999999998,-2.222097525391397,174.898,0.4547746694363533
2025-11-19 12:00:00,174.25,175.46,174.23,175.19,964.2,2025-11-19 12:59:59.999,168599.1570,1772,203.8,35644.1410,0,38.81533101045298,0.15270576638997113,0.4183385541650416,-0.2656327877750705,179.91947526323005,176.074,172.22852473676997,2.09428571428572,11054.34,-1.3680891791464964,174.896,0.4531335343592922
2025-11-19 13:00:00,175.19,175.44,172.71,172.71,22370.9,2025-11-19 13:59:59.999,3881012.7690,2764,204.7,35536.8190,0,33.473557692307736,-0.043521936538354566,0.32596645602436236,-0.3694883925627169,179.98510331634864,175.873,171.76089668365134,2.2078571428571467,11754.23,-2.4623030439938924,174.48600000000002,1.0886826902088196
2025-11-19 14:00:00,172.73,173.25,171.02,172.92,32430.4,2025-11-19 14:59:59.999,5588126.7530,2815,20339.0,3513341.3620,0,35.54735547355469,-0.1800134765928476,0.22477046950092036,-0.404783946093768,179.7457144906951,175.60250000000002,171.45928550930495,2.152857142857146,12380.865000000002,-2.7446569178852775,173.982,1.1194954220359934
2025-11-19 15:00:00,172.94,175.21,167.88,168.3,109119.3,2025-11-19 15:59:59.999,18832098.6070,3517,38410.8,6699213.2400,0,28.43089030988689,-0.6534468657911816,0.04912700244249992,-0.7025738682336815,180.27290758696887,175.129,169.9850924130311,2.536428571428575,17351.614999999998,-4.069767441860457,172.674,2.646116021635763
2025-11-19 16:00:00,168.18,169.53,166.41,166.71,44424.7,2025-11-19 16:59:59.999,7463965.9050,3395,8516.9,1439605.5960,0,23.83199622463421,-1.1437613802252997,-0.1894506740910601,-0.9543107061342396,180.61368351069902,174.526,168.438316489301,2.6235714285714318,19320.43,-4.084920315286804,171.166,3.525724039109579
2025-11-19 17:00:00,166.73,167.87,164.54,166.28,27399.8,2025-11-19 17:59:59.999,4528610.1390,2790,5361.4,886781.9010,0,26.220145379023847,-1.5491786051497343,-0.461396260302795,-1.0877823448469393,181.04867694181368,174.0155,166.98232305818632,2.6135714285714307,20016.5,-3.314338876613553,169.38400000000001,3.2220226566479204
2025-11-19 18:00:00,166.11,166.66,163.87,165.06,8759.8,2025-11-19 18:59:59.999,1447839.0260,2366,1795.2,298729.6310,0,26.790450928381915,-1.946480663365179,-0.7584131409152719,-1.188067522449907,181.1221512453503,173.3485,165.5748487546497,2.660000000000003,20219.795,-4.798708040143035,167.85399999999998,3.0600620908651956
2025-11-19 19:00:00,165.14,165.47,163.84,164.78,32703.7,2025-11-19 19:59:59.999,5387576.6350,2937,21583.9,3562571.4490,0,29.19075144508669,-2.257911271216443,-1.0583127669755064,-1.1995985042409367,180.98435400271615,172.677,164.36964599728384,2.4757142857142873,21759.335,-5.947488584474879,166.22600000000003,1.4132515699435546
2025-11-19 20:00:00,164.78,169.83,164.41,169.83,60425.3,2025-11-19 20:59:59.999,10154756.1540,3162,59813.3,10053066.9340,0,41.527446300716015,-2.073329425274096,-1.2613160986352243,-0.8120133266388718,180.34578210764835,172.2875,164.22921789235164,2.7178571428571456,23585.735000000004,-2.8210116731517387,166.53199999999998,2.0129754096730563
2025-11-19 21:00:00,169.81,174.16,169.51,174.08,100707.2,2025-11-19 21:59:59.999,17311453.7840,3388,99502.4,17103462.0200,0,47.60479041916172,-1.566054994119554,-1.3222638777320903,-0.24379111638746376,179.9292139450135,172.138,164.34678605498652,2.9050000000000034,27915.960000000003,-0.775193798449604,168.00600000000003,3.9460587932709212
2025-11-19 22:00:00,174.06,174.16,172.44,173.17,13743.3,2025-11-19 22:59:59.999,2378215.4190,2612,4591.3,798111.0680,0,46.66666666666666,-1.2233635737663064,-1.3024838169389337,0.07912024317262722,179.2517348319828,171.9065,164.5612651680172,2.9385714285714317,28014.464999999997,-0.9551590025165957,169.384,4.3726113479193325
2025-11-19 23:00:00,173.2,174.75,172.7,174.41,1785.9,2025-11-19 23:59:59.999,310885.6590,1583,1073.4,186860.9900,0,47.89020893076608,-0.8420143005691614,-1.2103899136649794,0.368375613095818,179.10980748049724,171.855,164.60019251950274,2.9635714285714334,27314.695,0.0918220946915332,171.254,4.04839844876414
2025-11-20 00:00:00,174.28,174.93,173.43,173.57,3977.3,2025-11-20 00:59:59.999,694904.7880,1897,3164.4,553376.4670,0,47.42393509127787,-0.6006493224167571,-1.088441795415335,0.48779247299857786,179.08497443273185,171.843,164.60102556726812,2.9242857142857184,27297.075,-0.9247103145156712,173.012,1.8409562732337463
2025-11-20 01:00:00,173.57,174.97,173.44,174.97,1075.8,2025-11-20 01:59:59.999,187776.1560,1998,73.6,12871.4730,0,51.413982717989,-0.29301978885104063,-0.9293573941024761,0.6363376052514355,179.36858903646203,171.9925,164.616410963538,2.9471428571428606,26470.595,1.3085519078223558,174.04000000000002,0.7037755323683288
2025-11-20 02:00:00,174.94,175.7,174.16,175.67,17711.1,2025-11-20 02:59:59.999,3105824.5390,1983,16931.2,2969245.2630,0,50.95162569389372,0.007180213673137814,-0.7420498725473533,0.7492300862204911,179.6431363827281,172.10700000000003,164.57086361727195,2.9692857142857156,26897.325,1.5903307888040712,174.358,1.0162283207827
2025-11-20 03:00:00,175.7,176.62,175.03,176.22,3164.6,2025-11-20 03:59:59.999,558124.1320,1855,2511.5,443164.7730,0,57.53542292829538,0.2861724639280112,-0.5364054052522804,0.8225778691802916,179.79539443032377,172.158,164.5206055696762,2.8878571428571456,25979.775,4.705882352941169,174.96800000000002,1.0399615377319589
2025-11-20 04:00:00,176.18,177.16,175.18,177.16,12978.9,2025-11-20 04:59:59.999,2292912.9240,2070,12007.3,2122329.0100,0,58.82597835137386,0.5764806661057094,-0.3138281909806824,0.8903088570863917,180.15906484924625,172.27800000000002,164.3969351507538,2.8700000000000023,26580.98,6.268370223741821,175.518,1.3515805562239869
2025-11-20 05:00:00,177.16,177.43,175.99,176.55,1620.1,2025-11-20 05:59:59.999,285656.8550,1594,58.5,10374.2940,0,70.61469265367312,0.7486995633548474,-0.10132264011357636,0.8500222034684238,180.32320726030642,172.33350000000002,164.3437927396936,2.4492857142857156,25987.67,6.176329083473665,176.11399999999998,0.8368572159955098
2025-11-20 06:00:00,176.55,177.43,175.9,176.66,5109.7,2025-11-20 06:59:59.999,899604.5270,1964,171.7,30275.0820,0,76.84835402050722,0.8838716388252124,0.09571621567418144,0.7881554231510309,180.57426518874675,172.4245,164.27473481125324,2.3357142857142867,25249.72,7.027747485762749,176.452,0.5521503418131036
2025-11-20 07:00:00,176.66,178.54,176.49,178.52,4348.2,2025-11-20 07:59:59.999,771852.9980,2062,3879.3,688684.2040,0,80.66132264529055,1.1280791436658149,0.30218880127250825,0.8258903423933066,181.2023043776954,172.638,164.0736956223046,2.2442857142857133,25241.010000000002,8.338390581381242,177.022,0.9027845811517213
2025-11-20 08:00:00,178.55,178.9,177.32,178.7,9351.5,2025-11-20 08:59:59.999,1670639.0560,2331,8445.9,1509018.9580,0,86.04651162790691,1.3209131814336104,0.5059336773047287,0.8149795041288816,181.73442578392138,172.8135,163.89257421607863,2.1578571428571434,25660.375,5.222869928752267,177.51799999999997,1.0249975609561706
2025-11-20 09:00:00,178.7,178.9,176.16,176.8,6453.2,2025-11-20 09:59:59.999,1144755.6990,2330,141.3,25118.3660,0,79.25998052580334,1.3053738870188454,0.6658217192475521,0.6395521677712933,182.11471913095568,173.01799999999997,163.92128086904427,2.237142857142859,24864.49,1.5624999999999993,177.446,1.0681666536481917
2025-11-20 10:00:00,176.8,177.34,175.99,176.82,1138.6,2025-11-20 10:59:59.999,201066.3540,2166,39.6,7013.5530,0,72.5338491295938,1.279918612055468,0.7886410978091354,0.4912775142463326,182.4667220960922,173.213,163.95927790390778,1.9464285714285714,23299.9,2.1077553848819113,177.5,1.0171528891794333
2025-11-20 11:00:00,176.82,177.81,175.99,177.78,6956.3,2025-11-20 11:59:59.999,1234216.2780,2439,6046.5,1073220.5970,0,65.13911620294598,1.3219702500521748,0.8953069282577434,0.42666332179443145,182.85186908053151,173.687,164.5221309194685,1.7442857142857133,18191.75,1.932228656613729,177.724,0.9028178110595996
2025-11-20 12:00:00,177.81,178.64,177.05,178.44,8212.8,2025-11-20 12:59:59.999,1464983.4300,1958,7465.4,1332159.5700,0,72.013366750209,1.3925010746928592,0.9947457575447667,0.39775531714809254,183.05156182900342,174.2735,165.4954381709966,1.7349999999999974,16381.154999999999,2.8057844097482314,177.708,0.8857313362224534
2025-11-20 13:00:00,178.43,178.86,176.31,176.5,20290.8,2025-11-20 13:59:59.999,3611685.2700,2974,7927.5,1417035.6540,0,58.2478295185478,1.2771334749134553,1.0512233010185046,0.22591017389495072,182.75612197060457,174.7845,166.81287802939545,1.770714285714283,16025.705000000002,0.8744356175344352,177.26799999999997,0.8132158384867452
2025-11-20 14:00:00,176.5,177.38,174.03,176.64,68315.2,2025-11-20 14:59:59.999,12024034.2320,4925,31846.8,5625670.8180,0,62.82372598162078,1.1833596178223331,1.0776505643792704,0.1057090534430627,181.9172334478434,175.3635,168.8097665521566,1.90285714285714,19003.475,0.5521716855467632,177.236,0.838975565773914
2025-11-20 15:00:00,176.69,177.13,173.67,173.67,54334.1,2025-11-20 15:59:59.999,9484812.5520,5834,10325.9,1807661.3160,0,45.199409158050145,0.8594814150549155,1.0340167345143993,-0.17453531945948386,180.18317205678045,175.80800000000002,171.4328279432196,2.0407142857142833,20084.995000000003,-1.4470548178413412,176.606,1.8285458703474415
2025-11-20 16:00:00,173.67,174.1,162.44,162.58,174240.5,2025-11-20 16:59:59.999,29272174.8230,7982,20028.9,3374743.4510,0,22.649394066025835,-0.28873633828197853,0.7694661199551237,-1.0582024582371021,182.36671825297978,175.44549999999998,168.52428174702018,2.7635714285714266,25775.754999999997,-8.229848724316993,173.56599999999997,6.374102289731458
2025-11-20 17:00:00,162.66,163.95,160.96,162.01,50429.3,2025-11-20 17:59:59.999,8171063.1340,5551,21568.7,3503037.9120,0,20.334029227557266,-1.2305167850470013,0.36946953895469864,-1.5999863240017,184.00605242467682,174.84199999999998,165.67794757532315,2.863571428571425,23261.86,-8.235627301047872,170.28,7.387709387892486
2025-11-20 18:00:00,161.99,163.08,160.18,160.31,35100.9,2025-11-20 18:59:59.999,5684478.4210,4958,19472.8,3160479.2290,0,15.904492108457987,-2.0899685107455355,-0.12241807098534832,-1.967550439760187,185.42883601136845,174.19899999999998,162.96916398863152,2.9292857142857116,24329.74,-9.255066228914295,167.042,7.526657292580135
2025-11-20 19:00:00,160.3,163.9,159.48,163.81,82842.0,2025-11-20 19:59:59.999,13408404.4990,5786,70998.0,11510909.2660,0,26.92028985507237,-2.460308540728761,-0.589996164934031,-1.8703123757947298,185.81969917850165,173.669,161.51830082149837,3.1421428571428556,28382.545000000002,-8.239973112256333,164.476,5.291614120468895
2025-11-20 20:00:00,163.78,164.26,162.08,163.45,27810.5,2025-11-20 20:59:59.999,4541839.6230,4588,18197.3,2978760.8460,0,26.28366247755828,-2.7511412304224336,-1.0222251780317115,-1.728916052390722,186.14545796207207,173.163,160.18054203792795,3.1885714285714255,29574.204999999998,-8.533855623950757,162.43200000000002,1.3818538272706888
2025-11-20 21:00:00,163.34,166.38,163.3,165.14,53394.1,2025-11-20 21:59:59.999,8822300.4570,5106,46227.9,7638071.7560,0,25.83092485549122,-2.812834748211799,-1.3803470920677292,-1.4324876561440696,186.1024685742404,172.67149999999998,159.24053142575957,3.2621428571428543,32190.120000000003,-6.595022624434403,162.94400000000002,1.8465318843560423
2025-11-20 22:00:00,165.14,167.1,165.08,166.04,9029.4,2025-11-20 22:59:59.999,1502984.1830,4441,7207.7,1200298.1700,0,27.71126760563378,-2.757320156756606,-1.655741705005505,-1.101578451751101,185.8567541289504,172.19,158.5232458710496,3.2935714285714233,31756.035000000003,-6.096595407759304,163.75,2.1853718218977805
2025-11-20 23:00:00,166.09,167.1,164.09,164.55,18893.3,2025-11-20 23:59:59.999,3118224.7120,4737,364.0,60016.9170,0,28.11718470882454,-2.8012637656534594,-1.884846117135096,-0.9164176485183633,185.54263293036357,171.6065,157.67036706963646,3.3128571428571365,32542.47,-7.441781977725273,164.598,1.0385422475500277
2025-11-21 00:00:00,164.56,166.4,164.09,166.28,11792.3,2025-11-21 00:59:59.999,1952173.4780,4482,10234.9,1694115.9500,0,32.25589225589225,-2.665763587260358,-2.0410296111601487,-0.6247339761002091,184.93512791482897,171.0625,157.18987208517103,3.3814285714285655,32483.140000000003,-6.814615557049987,165.092,1.1513340088554194
2025-11-21 01:00:00,166.3,167.66,165.73,166.29,19677.0,2025-11-21 01:59:59.999,3281830.6020,4703,15469.8,2581291.7410,0,30.01739130434777,-2.528425685815506,-2.13850882609122,-0.3899168597242859,184.3261950050908,170.5495,156.7728049949092,3.3892857142857093,33385.985,-5.7847025495750755,165.66,0.7791341347598756
2025-11-21 02:00:00,166.29,166.29,162.6,162.6,54759.4,2025-11-21 02:59:59.999,8997541.7900,5765,12973.1,2137969.6020,0,25.07866582756445,-2.6863697723095186,-2.24808101533488,-0.43828875697463854,183.74469719471907,169.84650000000002,155.94830280528097,3.539285714285711,35868.47,-7.948369565217388,165.152,1.5993029731564863
2025-11-21 03:00:00,162.6,164.95,162.6,163.55,36054.4,2025-11-21 03:59:59.999,5913095.1880,5102,16668.0,2738547.0810,0,28.97044494965897,-2.7037177628981794,-2.33920836484754,-0.36450939805063953,182.63718850091462,169.09799999999998,155.55881149908535,3.5249999999999955,37453.780000000006,-5.827143432947532,164.654,1.640801633332418
2025-11-21 04:00:00,163.55,163.92,161.74,163.85,43475.2,2025-11-21 04:59:59.999,7078409.3040,4933,19216.0,3135715.7950,0,29.33764135702745,-2.6625662710471545,-2.403879946087463,-0.25868632495969157,181.29290147178904,168.35549999999998,155.41809852821092,3.441428571428566,39159.965000000004,0.78115389346782,164.514,1.681258457211769
2025-11-21 05:00:00,163.83,164.22,162.54,162.77,16359.7,2025-11-21 05:59:59.999,2669049.6820,4208,3754.6,615667.3720,0,31.245698554714394,-2.6861362843143297,-2.4603312137328364,-0.22580507058149335,180.1783668187527,167.654,155.1296331812473,3.3142857142857087,39655.29,0.4691068452564776,163.81199999999998,1.4803107781627873
2025-11-21 06:00:00,162.82,163.35,161.73,162.29,14644.8,2025-11-21 06:59:59.999,2378845.7880,4279,5003.4,816331.5630,0,49.21409214092135,-2.7122821775086834,-2.510721406488006,-0.20156077102067727,178.88606684777827,166.9275,154.96893315222175,2.597142857142852,40330.6,1.2351069802258061,163.012,0.6597878446467481
2025-11-21 07:00:00,162.29,162.84,147.37,156.17,2366652.5,2025-11-21 07:59:59.999,362303414.8820,4215,1914970.0,291325143.0520,0,37.833333333333314,-3.190062781264828,-2.6465896814433707,-0.5434730998214574,177.57983489771314,165.84699999999998,154.11416510228682,3.488571428571425,158315.41,-4.663939930407188,161.726,3.166840696963069
2025-11-21 08:00:00,156.17,158.63,155.67,157.73,1012710.1,2025-11-21 08:59:59.999,159019910.2270,3029,941236.5,147773038.4220,0,44.59346186085496,-3.403593877868474,-2.7979905207283915,-0.6056033571400823,175.47120331374185,164.81149999999997,154.15179668625808,3.4928571428571393,208540.27500000002,-3.4995411440807582,160.56199999999998,3.3905043872467786
2025-11-21 09:00:00,157.73,158.46,154.5,154.5,229357.0,2025-11-21 09:59:59.999,35940624.7770,3456,68631.9,10859020.0910,0,30.26706231454004,-3.7897667441206977,-2.9963457654068533,-0.7934209787138444,173.8187673697875,163.71149999999997,153.60423263021244,3.459999999999996,218993.58500000002,-6.4430180452948935,158.692,3.6889863106193177
2025-11-21 10:00:00,154.5,155.76,153.56,154.11,430369.0,2025-11-21 10:59:59.999,66543744.3030,3079,276689.5,42846890.6040,0,30.228619813717202,-4.08024671917164,-3.213125956159811,-0.8671207630118292,171.5868442554937,162.58499999999998,153.58315574450626,3.4614285714285677,237096.275,-7.185015658877367,156.95999999999998,3.3090784215448847
2025-11-21 11:00:00,154.1,155.72,152.59,152.9,834543.7,2025-11-21 11:59:59.999,129167972.1560,3456,704595.0,109228676.8300,0,23.55229040622298,-4.357856423622707,-3.442072049652391,-0.9157843739703155,169.9352149131977,161.54649999999998,153.15778508680225,3.464999999999997,276106.755,-7.079914919477366,155.08200000000002,1.8868147762647816
2025-11-21 12:00:00,152.9,155.83,149.43,155.51,4017330.6,2025-11-21 12:59:59.999,613498356.1960,4288,3766880.2,575715399.8720,0,28.81287726358144,-4.3174895946471,-3.6171555586513335,-0.7003340359957662,169.9845272608983,161.19299999999998,152.40147273910168,3.7778571428571417,468261.25999999995,-6.477026701948526,154.95,1.8133256739843844
2025-11-21 13:00:00,155.5,156.66,154.96,155.28,409838.4,2025-11-21 13:59:59.999,63932296.2820,3062,353183.8,55139466.8750,0,30.351844001695568,-4.255008579413783,-3.7447261628038233,-0.5102824166099595,170.02352850323481,160.8565,151.6894714967652,3.6842857142857133,486231.71499999997,-6.62096337723254,154.45999999999998,1.040744925488579
2025-11-21 14:00:00,155.28,157.06,153.82,156.41,2062858.4,2025-11-21 14:59:59.999,320360518.2660,3820,1939152.3,301189218.3110,0,28.5341452805567,-4.067423640647945,-3.809265658372648,-0.2581579822752973,170.04093612939687,160.6615,151.2820638706031,3.750714285714285,587619.5900000001,-3.806888068880687,154.84199999999998,1.3605035832112884
2025-11-21 15:00:00,156.41,156.76,151.88,152.49,277507.6,2025-11-21 15:59:59.999,42643676.5170,3461,9232.5,1414880.9370,0,24.349442379182136,-4.186809530325405,-3.8847744327632,-0.30203509756220503,170.02502953781195,160.0955,150.16597046218803,3.96142857142857,597352.87,-6.762457963925406,154.51799999999997,1.7230118977912745
2025-11-21 16:00:00,152.63,157.14,151.08,157.14,2896262.8,2025-11-21 16:59:59.999,447056643.2950,4196,2631576.9,406814304.8200,0,40.20100502512559,-3.861692383715763,-3.880158022953713,0.018465639237950082,169.6616193005082,159.78,149.8983806994918,4.130714285714283,740775.4850000001,-4.0952090326518205,155.36599999999999,1.7703474235108503
2025-11-21 17:00:00,157.14,159.04,156.19,157.38,377953.4,2025-11-21 17:59:59.999,59725614.9330,3268,314503.1,49717853.9280,0,38.63720073664819,-3.543817782996342,-3.812889974962239,0.26907219196589693,168.99287627580605,159.392,149.79112372419394,4.166428571428568,757003.45,-3.311421023530144,155.73999999999998,1.9920215862113668
2025-11-21 18:00:00,157.42,158.89,154.44,157.95,1293768.1,2025-11-21 18:59:59.999,203936596.3180,3741,1122950.2,177331753.3190,0,39.24142961342083,-3.2089152578401183,-3.6920950315378147,0.4831797736976964,168.07712363879364,158.9875,149.8978763612064,4.3285714285714265,821240.385,-2.6742251525047775,156.274,2.1862822324514295
2025-11-21 19:00:00,157.95,158.44,156.23,156.57,122848.0,2025-11-21 19:59:59.999,19319288.3030,2739,232.8,36678.7630,0,38.81673881673876,-3.0200438747936573,-3.5576848001889836,0.5376409253953263,167.34448868745943,158.5885,149.8325113125406,4.366428571428569,826438.12,0.256131139143245,156.30599999999998,2.1899383552814564
2025-11-21 20:00:00,156.56,156.61,154.06,155.05,263956.0,2025-11-21 20:59:59.999,40954657.8130,3088,48707.3,7565991.5460,0,37.41307371349095,-2.9589048268250906,-3.4379288055162047,0.4790239786911141,166.12152082390327,158.027,149.9324791760967,4.432857142857141,839046.3049999999,-1.6991060673302343,156.818,1.105472749521022
2025-11-21 21:00:00,155.19,158.65,154.73,157.67,472525.4,2025-11-21 21:59:59.999,74041520.0510,3365,469124.4,73507104.1720,0,52.96912114014254,-2.6682813011879034,-3.2839993046505445,0.615718003462641,164.6947186390203,157.596,150.4972813609797,3.607857142857142,861688.725,2.0517799352750727,156.924,1.167724282497249
2025-11-21 22:00:00,157.66,158.65,154.58,154.58,205317.3,2025-11-21 22:59:59.999,32070664.2700,3106,4404.5,688579.2850,0,44.120940649496085,-2.656672769122423,-3.1585339975449207,0.5018612284224977,164.00368331039405,157.195,150.38631668960593,3.6871428571428555,869216.6200000001,0.30497696450587164,156.364,1.5143249320845615
2025-11-21 23:00:00,154.58,157.87,153.79,157.7,269760.8,2025-11-21 23:59:59.999,42028262.9640,4936,252001.6,39291915.8600,0,55.997001499250395,-2.3684134033261444,-3.0005098787011657,0.6320964753750213,163.03024836299494,156.9025,150.77475163700507,3.6957142857142844,880901.9399999998,3.1393067364290275,156.314,1.4516990045918083
2025-11-22 00:00:00,157.72,158.81,156.82,158.72,22823.6,2025-11-22 00:59:59.999,3608456.5700,4800,20677.1,3268661.3480,0,58.44013181984622,-2.034211183362345,-2.807250139633402,0.7730389562710571,161.91914706794603,156.646,151.37285293205395,3.6807142857142856,879869.36,2.064175937238768,156.744,1.8185516214651312
2025-11-22 01:00:00,158.75,160.24,158.09,160.18,66020.6,2025-11-22 01:59:59.999,10527677.7550,3644,64684.9,10314906.2160,0,63.20754716981139,-1.6327227069421895,-2.5723446530951595,0.93962194615297,161.25668109804823,156.5165,151.77631890195178,3.6107142857142867,882352.405,3.1555899021123173,157.76999999999998,2.0555777776418385
2025-11-22 02:00:00,160.19,160.3,158.48,159.03,31334.3,2025-11-22 02:59:59.999,4992622.8710,4568,395.3,63135.1940,0,56.743295019157145,-1.3912975734854456,-2.3361352371732167,0.9448376636877711,160.43638481606348,156.3535,152.2706151839365,3.2835714285714306,883186.8799999999,1.675084713253631,158.042,2.1277499852979322
2025-11-22 03:00:00,159.03,159.53,158.3,159.18,2588.8,2025-11-22 03:59:59.999,411391.1850,4600,19.5,3103.5760,0,57.49423520368951,-1.1743257729311836,-2.10377334432481,0.9294475713936263,160.77593238663468,156.50400000000002,152.23206761336536,3.250000000000002,764983.695,4.387172929372416,158.962,0.8925917319450606
2025-11-22 04:00:00,159.18,159.53,156.72,158.58,250518.2,2025-11-22 04:59:59.999,39531489.0590,4993,170290.7,26898950.0750,0,54.25657120439393,-1.0388142394721172,-1.8907815233542713,0.8519672838821541,160.88616418785443,156.5465,152.20683581214558,3.2192857142857156,726874.1,0.9163802978236135,159.138,0.6295395141982159
2025-11-22 05:00:00,158.58,158.7,156.68,157.77,52235.9,2025-11-22 05:59:59.999,8214799.9260,4670,13954.4,2195496.5820,0,61.79624664879362,-0.9854212803292626,-1.7097094747492696,0.724288194420007,160.97069922605723,156.71,152.44930077394278,3.0150000000000006,718018.045,0.24780785360275434,158.948,0.8805509638497092
2025-11-22 06:00:00,157.77,159.73,156.95,159.37,39566.9,2025-11-22 06:59:59.999,6288632.4890,4471,37672.1,5988329.0590,0,55.768235902741914,-0.8047239900568854,-1.5287123778107927,0.7239883877539073,161.20723689765344,156.973,152.73876310234658,2.7807142857142884,698477.94,0.8990186767964647,158.786,0.6384590824292685
2025-11-22 07:00:00,159.37,159.98,158.74,158.88,2508.3,2025-11-22 07:59:59.999,399606.8810,4601,227.8,36302.4400,0,53.83043922369766,-0.6930697143157829,-1.361583845111791,0.6685141307960081,161.12238398634352,157.272,153.42161601365646,2.6657142857142873,656876.17,1.475378424985631,158.756,0.6275587621381605
2025-11-22 08:00:00,158.79,158.91,155.99,156.28,152699.7,2025-11-22 08:59:59.999,23979513.3040,4881,315.1,49698.4250,0,46.13604812586767,-0.8051004701959243,-1.2502871701286178,0.44518669993269344,161.10164466816053,157.3105,153.51935533183945,2.556428571428573,463644.625,0.7932924862947369,158.17600000000002,1.2087307392200988
2025-11-22 09:00:00,156.32,157.25,155.39,156.35,304826.1,2025-11-22 09:59:59.999,47703906.4940,4846,249952.7,39164705.9920,0,49.45812807881773,-0.8781148747151803,-1.1758527110459303,0.2977378363307499,161.0635897354587,157.364,153.66441026454132,2.5314285714285734,458394.01000000007,-0.837191602714526,157.73,1.4160331916784124
2025-11-22 10:00:00,156.35,157.25,155.48,156.3,65315.0,2025-11-22 10:59:59.999,10178005.6040,4672,3621.7,564870.7440,0,53.31917153478493,-0.929301489370232,-1.1265424667107906,0.19724097734055857,161.0643830896116,157.3585,153.6526169103884,2.4757142857142873,358516.83999999997,1.1126924569802035,157.436,1.551750624273935
2025-11-22 11:00:00,156.3,157.9,155.62,157.08,141481.5,2025-11-22 11:59:59.999,22215694.9780,4853,139490.6,21902746.2440,0,48.26368452030613,-0.8965924098051801,-1.0805524553296686,0.18396004552448852,160.51001516624453,157.588,154.66598483375546,2.3585714285714294,351715.53500000003,-0.39315155358273696,156.978,1.1145940964916026
2025-11-22 12:00:00,157.08,157.9,155.34,156.21,152242.7,2025-11-22 12:59:59.999,23791421.4830,5040,104875.0,16384023.7980,0,55.51794177386593,-0.9301497701481765,-1.0504719182933702,0.12032214814519371,160.52253673244462,157.54149999999998,154.56046326755535,2.250714285714287,214514.52999999997,-1.5814012096774137,156.44400000000002,0.3590682385469805
2025-11-22 13:00:00,156.22,156.56,155.12,155.59,239970.9,2025-11-22 13:59:59.999,37424105.5790,5081,176780.5,27600207.8010,0,41.40179299103511,-0.9952998414123613,-1.0394375029171683,0.044137661504807024,160.55830326919067,157.452,154.34569673080932,2.0621428571428573,207615.405,-2.865526282931704,156.306,0.5298395983059839
2025-11-22 14:00:00,156.06,158.35,155.93,158.02,516343.1,2025-11-22 14:59:59.999,81407769.4890,4738,514312.8,81087865.0640,0,47.4415204678363,-0.8411547423582135,-0.9997809508053773,0.1586262084471638,160.56432258981138,157.4555,154.34667741018862,2.117142857142856,168744.155,-0.635100295541716,156.64000000000001,0.9355479677352179
2025-11-22 15:00:00,158.0,158.39,156.8,157.67,42596.9,2025-11-22 15:59:59.999,6687817.8830,4667,560.5,88207.5320,0,40.015910898965735,-0.7387202089983589,-0.9475688024439737,0.2088485934456148,160.59216376802075,157.5105,154.42883623197926,2.077142857142854,164731.6,-0.9486116346274779,156.914,1.0088260503842341
2025-11-22 16:00:00,157.67,159.11,156.8,158.59,36971.7,2025-11-22 16:59:59.999,5852540.8780,4656,35115.5,5558279.3650,0,48.217179902755284,-0.5766564554087097,-0.873386333036921,0.29672987762821135,160.5746320681831,157.68750000000003,154.80036793181696,2.1121428571428527,153382.385,0.0063059654433036344,157.216,1.2645473498189985
2025-11-22 17:00:00,158.59,159.12,157.96,158.03,11329.6,2025-11-22 17:59:59.999,1791343.0030,4702,87.2,13870.1860,0,45.49019607843136,-0.48778421022700513,-0.7962659084749378,0.3084816982479327,160.59665875516237,157.7055,154.81434124483764,2.107142857142853,130322.595,0.16479685618304551,157.58,1.16021549719642
2025-11-22 18:00:00,158.02,159.68,157.64,159.68,52471.0,2025-11-22 18:59:59.999,8325443.9440,4823,43060.3,6836563.7350,0,53.985507246376784,-0.2809722322615471,-0.6932071732322598,0.41223494097071267,160.57759742798214,157.9605,155.34340257201785,2.0521428571428544,122680.27999999998,0.1945159063813781,158.398,0.7887775351363887
2025-11-22 19:00:00,159.69,160.22,158.76,159.17,13175.5,2025-11-22 19:59:59.999,2095364.0770,4488,453.6,72380.5470,0,55.185185185185084,-0.15642185371581263,-0.5858501093289704,0.4294282556131578,160.7023596380692,158.034,155.3656403619308,2.012142857142856,109851.01499999998,0.182527693856994,158.628,0.8181197955899543
2025-11-22 20:00:00,159.18,160.16,158.41,159.15,74093.9,2025-11-22 20:59:59.999,11828019.8940,5091,1089.3,174258.1620,0,49.077181208053695,-0.05865250467039118,-0.48041058839725453,0.42175808372686335,160.7538930891069,158.0555,155.3571069108931,1.9385714285714275,112414.53,1.8364474020987998,158.92400000000004,0.6312527227161449
2025-11-22 21:00:00,159.15,159.76,158.41,159.76,16046.2,2025-11-22 21:59:59.999,2560196.0170,4940,14020.4,2237308.2590,0,53.65448504983386,0.0672767859454666,-0.37087311352871033,0.43814989947417693,160.66905958571988,158.0345,155.39994041428014,1.9464285714285714,109915.80999999998,2.181004157339301,159.158,0.6905577455483738
2025-11-22 22:00:00,159.76,163.27,159.51,163.14,700974.8,2025-11-22 22:59:59.999,113805966.1160,5099,699330.5,113541957.2760,0,76.75507020280801,0.4348022781835823,-0.20973803518625178,0.6445403133698341,161.7101675979808,158.24,154.7698324020192,2.006428571428574,143397.83500000002,4.3761996161228245,160.18,1.6784665620554313
2025-11-22 23:00:00,163.09,163.28,160.55,161.05,73042.6,2025-11-22 23:59:59.999,11809022.5690,5167,278.9,44969.7300,0,65.83557951482484,0.5510709427213385,-0.05757623960473368,0.6086471823260722,162.00522568063917,158.33350000000002,154.66177431936086,2.068571428571429,146920.52500000002,2.5273745861981145,160.454,1.688232803833213
2025-11-23 00:00:00,161.05,161.75,160.23,160.73,47806.6,2025-11-23 00:59:59.999,7690945.9560,5311,22160.7,3578050.8920,0,64.65916611515541,0.6103575494933864,0.07601051821489038,0.534347031278496,162.2658159226668,158.44099999999997,154.61618407733314,2.050714285714286,136784.945,2.8935407464310745,160.76600000000002,1.5281786544573097
2025-11-23 01:00:00,160.73,162.81,160.23,162.36,28948.9,2025-11-23 01:59:59.999,4679726.5970,4779,27302.0,4412971.7210,0,66.54135338345858,0.7798800186225776,0.2167844182964279,0.5630956003261497,162.85929947631908,158.6705,154.48170052368093,2.0721428571428584,135620.59500000003,4.351179381708342,161.40800000000002,1.3425609855570109
2025-11-23 02:00:00,162.36,163.61,161.67,163.15,84998.9,2025-11-23 02:59:59.999,13869343.0050,4542,82991.0,13542267.5440,0,71.85138539042813,0.9668291893805474,0.36679337251325184,0.6000358168672956,163.49814533312198,158.8595,154.220854666878,2.027857142857146,137892.195,3.246424503227437,162.08599999999998,1.143472780585835
2025-11-23 03:00:00,163.15,164.0,163.15,163.86,2599.4,2025-11-23 03:59:59.999,425098.5340,4473,530.1,86779.1790,0,75.8922980588603,1.1589195175882594,0.5252186015282534,0.633700916060006,164.25826657622957,159.1085,153.9587334237704,1.9857142857142887,137896.75,3.9259212278810343,162.23,1.3381517103605662
2025-11-23 04:00:00,163.86,165.43,163.15,163.97,51750.8,2025-11-23 04:59:59.999,8519396.3310,5036,35538.0,5861206.9770,0,71.7948717948717,1.3049855067243357,0.6811719825674699,0.6238135241568658,164.8956780883643,159.493,154.0903219116357,1.951428571428575,132849.305,3.3923954852134406,162.81400000000002,1.331589275993793
2025-11-23 05:00:00,163.97,164.62,163.83,164.13,5079.2,2025-11-23 05:59:59.999,833671.2550,4611,2947.1,483624.1040,0,73.99702823179794,1.417316575059175,0.828400901065811,0.588915673993364,165.4496569767453,159.882,154.3143430232547,1.894285714285719,117861.96,3.8600265772321674,163.494,0.7364305805318916
2025-11-23 06:00:00,164.13,164.62,162.94,163.32,39290.7,2025-11-23 06:59:59.999,6416695.0690,4796,652.2,106560.6720,0,67.71535580524342,1.424558106374974,0.9476323421276437,0.47692576424733024,165.7345676235017,160.233,154.7314323764983,1.8492857142857193,116560.74500000002,2.2795591182364645,163.68599999999998,0.4270011708915963
2025-11-23 07:00:00,163.32,163.52,162.21,163.3,2303.6,2025-11-23 07:59:59.999,375235.6380,4224,121.1,19792.0350,0,70.56986729117885,1.4124019487862256,1.0405862634593601,0.3718156853268655,165.99811635953336,160.544,155.08988364046667,1.8600000000000054,109601.85,2.594710058428111,163.716,0.3829229686801684
2025-11-23 08:00:00,163.27,164.26,162.21,164.09,22955.6,2025-11-23 08:59:59.999,3757652.3810,4638,16415.6,2687440.8720,0,68.45188284518834,1.4498020880111255,1.1224294283697132,0.3273726596414124,166.20929106328364,160.93800000000002,155.6667089367164,1.8607142857142887,103137.495,3.1039899465912644,163.762,0.41685728966025676
2025-11-23 09:00:00,164.11,164.82,163.49,164.73,2381.0,2025-11-23 09:59:59.999,391198.4740,4186,263.9,43426.4650,0,73.01324503311272,1.5136363613296453,1.2006708149616996,0.3129655463679457,166.28509955771642,161.395,156.5049004422836,1.8514285714285725,91258.0,3.1109163745618424,163.914,0.6069019689728309
2025-11-23 10:00:00,164.73,164.82,162.77,163.38,77653.5,2025-11-23 10:59:59.999,12691789.0120,4873,576.2,94088.4040,0,65.77181208053695,1.4387072437151005,1.2482781007123798,0.19042914300272074,166.35790698300977,161.663,156.96809301699025,1.8728571428571428,69323.51999999999,0.14711290915778416,163.76399999999998,0.6323211209052657
2025-11-23 11:00:00,163.38,163.49,162.6,163.37,2524.8,2025-11-23 11:59:59.999,411875.2060,4318,279.7,45717.0180,0,64.0905542544888,1.3628088496442672,1.2711842504987574,0.0916245991455098,166.30195815082237,161.948,157.59404184917764,1.8400000000000014,67319.91500000001,1.4405464141570896,163.774,0.6238830018063525
2025-11-23 12:00:00,163.37,164.75,162.6,163.96,198531.5,2025-11-23 12:59:59.999,32556383.6740,4561,196615.7,32242163.0790,0,54.091816367265594,1.3348792377694565,1.2839232479528973,0.050955989816559244,166.3555478183115,162.2165,158.0774521816885,1.7250000000000003,75397.905,2.0095812853854405,163.906,0.5656235496715866
2025-11-23 13:00:00,163.98,164.75,163.46,164.48,2450.5,2025-11-23 13:59:59.999,401688.9230,4450,26.2,4302.3690,0,70.29585798816565,1.339266245699207,1.2949918475021593,0.044274398197047704,166.29167427452592,162.53900000000002,158.78632572547411,1.6221428571428578,74953.95,1.3057403301305592,163.984,0.6214740541190648
2025-11-23 14:00:00,164.46,164.95,162.3,162.34,42936.1,2025-11-23 14:59:59.999,7031179.5400,4484,23694.3,3904504.3380,0,57.83836416747822,1.1567288160635485,1.2673392412144373,-0.11061042515088881,166.17850883510764,162.672,159.16549116489236,1.702857142857141,74477.205,-0.4964756359178684,163.506,0.7982355541709153
2025-11-23 15:00:00,162.34,165.06,162.17,164.9,53333.0,2025-11-23 15:59:59.999,8700659.8630,4567,32831.2,5372991.5420,0,61.33928571428578,1.20474958981265,1.25482131093408,-0.0500717211214301,166.18544103156734,162.95850000000002,159.7315589684327,1.7249999999999983,76485.08,0.6346881484193775,163.81,1.001748471395368
2025-11-23 16:00:00,164.92,165.81,164.12,164.64,141516.2,2025-11-23 16:59:59.999,23411725.0480,4524,139487.2,23076500.9520,0,56.98219306466724,1.2079026223532594,1.245437573217916,-0.037534950864656524,165.99660633957856,163.233,160.46939366042145,1.7071428571428535,79856.195,0.40861133134109134,164.06400000000002,1.0230737998518458
2025-11-23 17:00:00,164.62,165.72,164.09,165.18,46794.3,2025-11-23 17:59:59.999,7692900.9870,4444,513.3,84691.5090,0,56.285714285714285,1.2396845980206592,1.2442869781784647,-0.004602380157805452,165.86769380868378,163.504,161.1403061913162,1.7628571428571393,81393.6,0.6397367940047592,164.308,1.1317773632405055
2025-11-23 18:00:00,165.21,166.99,164.81,165.99,174464.5,2025-11-23 18:59:59.999,28959790.0990,4481,172513.4,28635767.6370,0,59.01785714285722,1.315072931115992,1.2584441687659702,0.0566287623500219,166.24933468956624,163.6465,161.04366531043377,1.7557142857142825,55068.085,1.634827332843507,164.60999999999999,1.366308896239814
2025-11-23 19:00:00,165.99,170.12,165.93,168.4,266681.5,2025-11-23 19:59:59.999,44906236.2240,5846,219689.2,36976759.1110,0,65.87360594795547,1.5514019905939165,1.3170357331315596,0.23436625746235684,167.1032983363025,164.014,160.92470166369753,1.9985714285714258,64750.030000000006,3.1230863441518637,165.82200000000003,1.5275535996965117
2025-11-23 20:00:00,168.4,169.15,167.92,168.18,2444.7,2025-11-23 20:59:59.999,411643.1240,4741,35.1,5927.4570,0,68.89580093312608,1.7013304333119947,1.3938946731676467,0.30743576014434804,167.6025340074376,164.3865,161.1704659925624,1.9664285714285694,62481.935,2.4925345846791416,166.478,1.7242447621920447
2025-11-23 21:00:00,168.21,171.39,167.3,171.09,126252.6,2025-11-23 21:59:59.999,21296608.7710,5300,60914.4,10344678.2700,0,74.73015873015875,2.0315441085661803,1.5214245602473535,0.5101195483188268,169.0816931526669,164.823,160.5643068473331,2.164999999999996,67347.12000000001,3.860863230741222,167.768,2.3164563453578086
2025-11-23 22:00:00,171.09,171.4,169.5,170.3,2469.8,2025-11-23 22:59:59.999,420910.6350,4579,121.3,20706.4490,0,69.71428571428578,2.2040870836677016,1.6579570649314233,0.5461300187362783,170.0100296709156,165.1805,160.3509703290844,2.154285714285712,63220.66499999999,4.235524544007845,168.792,1.99588827341358
2025-11-23 23:00:00,170.3,170.85,166.78,167.35,146105.2,2025-11-23 23:59:59.999,24599712.9770,4383,223.4,37573.1980,0,57.25359911406424,2.0788248894177173,1.742130629828682,0.3366942595890352,170.23556726644077,165.355,160.4744327335592,2.3499999999999983,70395.955,2.4361877945767216,169.06400000000002,1.5646501206180965
2025-11-24 00:00:00,167.36,167.68,165.63,166.17,80015.4,2025-11-24 00:59:59.999,13338448.6540,2961,40339.4,6738174.0120,0,57.79765231973166,1.8628636273766404,1.7662772293382736,0.09658639803836677,170.31319445503496,165.465,160.61680554496505,2.3500000000000005,71809.185,1.347889729202232,168.618,2.0452554852510803
2025-11-24 01:00:00,166.15,168.18,165.8,168.16,117444.7,2025-11-24 01:59:59.999,19612947.2060,3262,70673.8,11848936.5910,0,62.05334675390031,1.8311804320182432,1.7792578698742676,0.051922562143975615,170.6150235437759,165.66649999999998,160.71797645622408,2.4564285714285705,77427.45999999999,2.237354085603117,168.61399999999998,2.046345523109337
2025-11-24 02:00:00,168.17,171.42,168.05,170.58,879228.9,2025-11-24 02:59:59.999,148663008.4490,3640,811727.9,137173469.7890,0,65.25345622119814,1.9785376956887717,1.8191138350371687,0.15942386065160297,171.30742812221825,166.02949999999998,160.7515718777817,2.5435714285714255,119424.37,5.075766908956517,168.512,1.899518359992736
2025-11-24 03:00:00,170.59,173.22,169.91,172.05,73339.7,2025-11-24 03:59:59.999,12618822.7000,3359,72188.3,12421841.3440,0,66.71081677704194,2.188706062431322,1.8930322805159996,0.29567378191532256,172.22138725076107,166.467,160.71261274923896,2.6878571428571405,122976.175,4.335961188599154,168.86200000000002,2.405238033947993
2025-11-24 04:00:00,172.04,173.41,170.68,170.92,64237.5,2025-11-24 04:59:59.999,11031312.9500,2889,2817.2,483797.4060,0,69.82439926062834,2.2382829188543667,1.962082408183673,0.27620051067069373,172.77566021678422,166.8085,160.8413397832158,2.693571428571427,125040.26999999999,3.81438289601555,169.576,2.373863938803365
2025-11-24 05:00:00,170.93,174.01,170.45,172.39,337029.2,2025-11-24 05:59:59.999,58094220.9330,3946,265302.0,45771522.3100,0,68.2238442822383,2.368882644896871,2.043442455526313,0.3254401893705583,173.56632639599587,167.1915,160.8166736040041,2.741428571428569,141772.68,4.36493522218185,170.82,1.6674081683717377
2025-11-24 06:00:00,172.39,172.39,170.51,170.89,111467.2,2025-11-24 06:59:59.999,19146833.1850,3108,820.1,140303.1050,0,64.34144102799445,2.324550434304598,2.09966405128197,0.22488638302262798,173.88095813801115,167.56699999999998,161.2530418619888,2.7549999999999977,143463.365,2.9519850593409105,171.366,0.7999562487746307
2025-11-24 07:00:00,170.89,171.62,169.99,170.56,60337.7,2025-11-24 07:59:59.999,10268529.0150,2909,250.3,42701.7270,0,62.465245597775684,2.2370018313128526,2.1271316072881468,0.10987022402470581,174.05017717187945,167.92649999999998,161.8028228281205,2.7549999999999977,146354.01,1.2826603325415658,171.362,0.8049037209216843
2025-11-24 08:00:00,170.47,171.45,169.99,171.38,20002.3,2025-11-24 08:59:59.999,3423602.6440,4882,17567.5,3007930.9770,0,62.48263084761459,2.2083298280422525,2.143371251438968,0.06495857660328452,174.30736863856143,168.29749999999999,162.28763136143854,2.7035714285714243,137427.55,1.9027232726840222,171.22799999999998,0.7121586901480365
2025-11-24 09:00:00,171.38,171.47,167.92,168.71,220448.1,2025-11-24 09:59:59.999,37302518.1530,5005,25779.4,4361899.1340,0,50.70938215102975,1.9477084029380478,2.104238681738784,-0.15653027880073633,174.24467194247634,168.509,162.77332805752363,2.6578571428571394,148327.43,-1.3910807177508886,170.786,1.3506776077038896
2025-11-24 10:00:00,168.71,171.27,168.6,169.75,1192209.7,2025-11-24 10:59:59.999,202906626.5350,5024,1139095.7,193886586.2470,0,53.46272606969561,1.8042846835209048,2.0442478820952084,-0.2399631985743036,173.84259103600857,168.8795,163.91640896399144,2.760714285714282,205791.11000000002,-0.3229594832648334,170.25799999999998,1.0492711756032984
2025-11-24 11:00:00,169.75,170.65,169.01,170.65,31237.4,2025-11-24 11:59:59.999,5312909.5510,4511,20714.0,3530740.1820,0,48.935140367860605,1.7431488955613474,1.9840280847884362,-0.24087918922708873,173.81567655191654,169.167,164.51832344808346,2.585714285714285,204686.33000000002,1.971915147893643,170.20999999999998,1.0181601052643248
2025-11-24 12:00:00,170.62,170.72,168.52,169.1,54512.4,2025-11-24 12:59:59.999,9221281.9220,4872,7667.5,1298864.6200,0,47.198879551820696,1.5517388178658678,1.8975702314039224,-0.3458314135380547,173.52367683916552,169.39000000000001,165.2563231608345,2.607142857142855,200336.14,1.763254498405252,169.918,1.0988493982122625
2025-11-24 13:00:00,169.1,170.48,168.52,169.18,165757.3,2025-11-24 13:59:59.999,28128988.9660,4443,163737.8,27786216.0060,0,54.932614555256094,1.3904717904080144,1.7961505432047409,-0.4056787527967265,173.2227342174817,169.58999999999997,165.95726578251825,2.4564285714285683,206284.28999999998,0.6065651760228415,169.478,0.7531732868011426
2025-11-24 14:00:00,169.18,170.22,167.14,168.82,413468.8,2025-11-24 14:59:59.999,69796844.1460,4863,231458.3,39168703.1050,0,57.473209249858996,1.2195591986343288,1.6808322742906585,-0.4612730756563297,172.97323621448996,169.7315,166.48976378551006,2.529999999999997,218234.50499999998,-1.0317739477078316,169.5,0.7262575300476211
2025-11-24 15:00:00,168.82,171.93,168.82,171.23,412439.5,2025-11-24 15:59:59.999,69936107.9460,4643,411116.2,69710748.6910,0,58.45730027548206,1.2640059236135244,1.5974670041552317,-0.3334610805417073,173.11707865439692,169.873,166.62892134560306,2.5821428571428555,225522.40499999997,-0.47660563789597304,169.796,1.0726276147625917
2025-11-24 16:00:00,171.23,172.4,170.87,171.68,56679.8,2025-11-24 16:59:59.999,9754535.0590,4189,52868.3,9100668.7920,0,53.399258343634095,1.3203216662768682,1.5420379365795591,-0.22171627030269092,173.28514364023158,170.04799999999997,166.81085635976837,2.450714285714286,228234.16,0.44465246899135236,170.002,1.3425796065602944
2025-11-24 17:00:00,171.68,176.05,171.67,176.05,195966.7,2025-11-24 17:59:59.999,34114087.1230,4377,194439.5,33848843.1610,0,60.482180293501024,1.698001274730757,1.573230604209799,0.12477067052095792,174.48832079931066,170.296,166.10367920068933,2.527142857142859,231719.865,2.1230929868321975,171.392,2.8859261944744223
2025-11-24 18:00:00,176.05,176.97,175.51,176.83,13057.4,2025-11-24 18:59:59.999,2304920.0730,3097,11860.3,2094189.3510,0,65.77682861719173,2.0367758822119413,1.6659396598102274,0.3708362224017139,175.73275748657227,170.6225,165.51224251342774,2.4364285714285745,232249.24500000002,3.475920182573601,172.922,3.401789235087301
2025-11-24 19:00:00,176.84,177.88,176.56,177.7,42952.8,2025-11-24 19:59:59.999,7607946.7800,2483,41897.5,7420815.5500,0,64.6442360728075,2.3483881714668655,1.802429362141555,0.5459588093253105,176.9087105190631,171.14000000000001,165.37128948093692,2.276428571428574,227091.625,4.186210131332074,174.698,3.021617116703964
2025-11-24 20:00:00,177.7,179.18,176.89,178.49,168226.6,2025-11-24 20:59:59.999,29984817.8440,2559,167116.8,29786806.1780,0,71.8140068886338,2.6287865385871783,1.9677007974306797,0.6610857411564985,177.90850193011872,171.756,165.60349806988128,2.30571428571429,231502.185,4.148675458046455,176.15,2.661362433033223
2025-11-24 21:00:00,178.44,179.18,177.87,179.06,2533.7,2025-11-24 21:59:59.999,451695.9580,2477,280.9,50264.4530,0,74.06568516421288,2.86398427307077,2.146957492558698,0.717026780512072,179.0175119393693,172.301,165.58448806063066,2.2828571428571474,225756.63499999995,6.13478750518641,177.626,1.2171400905248089
2025-11-24 22:00:00,179.02,179.7,177.87,178.39,191374.1,2025-11-24 22:59:59.999,34287086.2340,2575,158472.8,28427487.0690,0,70.01713306681887,2.96217071150582,2.310000136348122,0.6521705751576978,179.87838945233676,172.6915,165.50461054766322,2.309285714285719,191363.89500000002,5.089837997054484,178.094,0.8559380818513974
2025-11-24 23:00:00,178.39,179.35,177.9,178.47,7861.5,2025-11-24 23:59:59.999,1408485.1660,2364,6818.9,1221965.5460,0,82.70777479892742,3.0117222434819553,2.450344557774889,0.5613776857070665,180.6388086883914,173.0125,165.38619131160857,2.159285714285718,188089.98500000002,4.5824787576911765,178.42199999999997,0.4838078130455923
2025-11-25 00:00:00,178.47,178.96,177.44,178.88,169405.5,2025-11-25 00:59:59.999,30224745.3060,2551,107175.1,19157319.4960,0,81.94541637508729,3.048929600517539,2.570061566323419,0.47886803419411983,181.39922488343817,173.4105,165.42177511656186,2.07714285714286,193348.385,5.783560023654643,178.658,0.29422780284045325
2025-11-25 01:00:00,178.88,179.34,178.14,178.14,3315.1,2025-11-25 01:59:59.999,591541.6230,2351,130.8,23434.2550,0,76.50389242745908,2.9843036882176364,2.652909990702263,0.3313936975153733,181.94187900522178,173.698,165.45412099477824,2.045714285714289,176662.68,5.296134294833892,178.58800000000002,0.3747932763060458
2025-11-25 02:00:00,178.15,179.64,177.86,179.64,21685.5,2025-11-25 02:59:59.999,3879534.7080,2398,13088.4,2349006.9230,0,87.42897727272705,3.019319811763694,2.7261919549145497,0.2931278568491442,182.6753347697622,174.1355,165.5956652302378,2.015714285714288,172173.595,6.409193223551708,178.704,0.5870519567844
2025-11-25 03:00:00,179.58,179.79,177.45,178.08,12337.0,2025-11-25 03:59:59.999,2198601.2050,2253,1104.0,198253.2040,0,78.59897172236501,2.887901449165696,2.758533853764779,0.1293675954009168,183.0506858973543,174.5115,165.97231410264573,2.0428571428571467,169773.56,4.0004672078491055,178.642,0.6422771986956208
2025-11-25 04:00:00,178.07,180.22,177.45,179.95,78862.6,2025-11-25 04:59:59.999,14122746.5120,2430,78140.6,13993334.9280,0,82.60105448154657,2.9012015759146266,2.787067398194749,0.11413417771987744,183.6753823764765,174.94,166.2046176235235,2.020714285714289,172716.575,4.817101584342954,178.93800000000002,0.8504822161366581
2025-11-25 05:00:00,179.95,180.37,179.19,179.87,1406.8,2025-11-25 05:59:59.999,253088.4620,2176,192.9,34767.6310,0,79.3080054274085,2.872178010536601,2.8040895206631196,0.06808848987348126,183.9798384303163,175.498,167.01616156968367,1.882857142857146,161764.51,2.169838114172106,179.136,0.9437319534513009
2025-11-25 06:00:00,179.88,180.37,178.52,179.71,97444.2,2025-11-25 06:59:59.999,17454432.9870,2423,55931.0,10035005.3840,0,77.78546712802776,2.8039438438098045,2.804060385292457,-0.00011654148265227704,184.22257925968523,175.996,167.76942074031479,1.9057142857142881,107026.23500000002,1.6286829157948286,179.45,0.7757254668795225
2025-11-25 07:00:00,179.72,180.21,178.75,178.75,19068.1,2025-11-25 07:59:59.999,3428513.4740,2329,14655.4,2637207.2730,0,62.228260869565204,2.641949053994665,2.771638119032899,-0.12968906503823385,184.3108629970228,176.401,168.4911370029772,1.6971428571428586,106417.76999999999,0.5908835115363036,179.27200000000002,0.8219610696165606
2025-11-25 08:00:00,178.88,180.21,177.88,178.07,77302.6,2025-11-25 08:59:59.999,13778993.6600,2368,287.4,51486.2010,0,55.66727605118823,2.4306773633531975,2.703445967896959,-0.2727686045437614,183.99676440123363,176.84949999999998,169.70223559876632,1.759285714285716,107557.28,-0.2353073001288677,179.27,0.8255906976009401
2025-11-25 09:00:00,178.07,178.45,176.58,177.72,47288.3,2025-11-25 09:59:59.999,8374470.3150,2472,600.0,106461.2400,0,50.0959692898273,2.2095308551486426,2.604662945347296,-0.39513209019865325,183.4483555599365,177.2765,171.1046444400635,1.7985714285714292,101633.83,-0.7483525075393742,178.824,0.9581127282134217
2025-11-25 10:00:00,177.72,178.12,176.58,177.91,50970.7,2025-11-25 10:59:59.999,9060751.7920,2201,49974.3,8883848.9760,0,47.04684317718933,2.026244777721729,2.488979311822183,-0.46273453410045384,182.44812624381464,177.731,173.01387375618535,1.7449999999999986,83508.925,-0.2690733785526037,178.432,0.8131543518693046
2025-11-25 11:00:00,177.91,178.12,176.59,177.32,22022.6,2025-11-25 11:59:59.999,3891141.8350,2550,111.3,19719.3070,0,41.15853658536579,1.8124879389659156,2.3536810372509294,-0.5411930982850137,181.64090807239688,178.0355,174.43009192760314,1.7607142857142841,63988.08,-0.6443659998879395,177.954,0.5257661076593748
2025-11-25 12:00:00,177.34,179.91,177.15,179.21,198046.5,2025-11-25 12:59:59.999,35326398.6680,3052,196975.8,35134704.2650,0,53.70705244122976,1.7751287298100067,2.237970575762745,-0.46284184595273814,180.45867226699895,178.412,176.36532773300107,1.827142857142856,71056.41500000001,0.18448121645796764,178.046,0.7083996047171656
2025-11-25 13:00:00,179.21,179.91,177.13,177.25,108039.3,2025-11-25 13:59:59.999,19223769.9200,2899,308.8,55135.9650,0,45.28593508500772,1.5692760305589957,2.104231666721995,-0.5349556361629992,180.2840253280666,178.472,176.6599746719334,1.922142857142857,66660.04500000001,-0.4996070506343249,177.882,0.7914985786236085
2025-11-25 14:00:00,177.3,178.32,174.41,175.91,187992.5,2025-11-25 14:59:59.999,33079332.2150,3024,3295.8,579495.8580,0,39.2934390771449,1.283217351310384,1.9400288036396727,-0.6568114523292887,180.44807189212537,178.426,176.4039281078746,2.0928571428571416,75406.8,-2.07637497216655,177.51999999999998,1.1951150572069067
2025-11-25 15:00:00,175.89,177.66,174.37,176.1,550812.6,2025-11-25 15:59:59.999,96841528.8910,3227,482460.9,84852665.9260,0,42.34234234234235,1.0596304390636249,1.7639491307244632,-0.7043186916608384,180.6020739069822,178.34599999999998,176.08992609301774,2.2421428571428543,100799.79000000001,-1.1118598382749427,177.158,1.3155113074246627
2025-11-25 16:00:00,176.02,178.28,175.84,177.13,179059.1,2025-11-25 16:59:59.999,31714678.0740,2529,178001.6,31527674.4320,0,40.23346303501946,0.9545451894222481,1.6020683424640203,-0.6475231530417722,180.5969071836531,178.278,175.9590928163469,2.2892857142857133,101341.41500000001,-1.5671019727702102,177.12,1.3124023773073907
2025-11-25 17:00:00,177.12,178.34,176.37,177.38,98375.5,2025-11-25 17:59:59.999,17420345.5800,2851,39983.6,7104071.7710,0,46.9670710571923,0.8812784532140654,1.4579103646140295,-0.5766319113999641,180.51534625188387,178.19400000000002,175.87265374811616,2.262857142857141,106133.505,-1.3843331294824088,176.754,0.6926976252027573
2025-11-25 18:00:00,177.38,178.67,176.89,176.89,53097.3,2025-11-25 18:59:59.999,9411793.0810,2747,4428.2,790280.2100,0,34.94094488188979,0.7747443612764471,1.321277163946513,-0.546532802670066,180.50957711598087,178.119,175.72842288401912,2.192142857142855,99219.66500000001,-1.5691948138667973,176.682,0.6453448690130187
2025-11-25 19:00:00,176.89,177.54,174.48,177.54,206206.7,2025-11-25 19:59:59.999,36310895.3020,3154,89897.0,15879612.0830,0,39.14259086672879,0.7343003364105414,1.2038817984393189,-0.4695814620287775,180.4704980685825,178.0725,175.6745019314175,2.326428571428569,109136.925,-0.6769230769230814,177.00799999999998,0.5645086358612468
2025-11-25 20:00:00,177.54,178.38,176.96,177.87,39391.5,2025-11-25 20:59:59.999,7006768.8700,2494,38511.3,6850285.6940,0,41.55963302752297,0.7205701136647633,1.1072194614844078,-0.38664934781964444,180.39075805791254,178.022,175.65324194208745,2.2957142857142827,102636.225,-0.11231538159150259,177.362,0.37639075435307356
2025-11-25 21:00:00,177.87,178.38,177.08,177.28,1298.3,2025-11-25 21:59:59.999,230632.4030,2193,71.4,12735.6020,0,43.01994301994306,0.6545356643492255,1.0166827020573712,-0.3621470377081457,180.36985890756296,177.97899999999998,175.588141092437,2.2842857142857094,102535.385,-0.24758046365068517,177.392,0.3588453705463151
2025-11-25 22:00:00,177.16,179.73,175.71,179.73,297774.9,2025-11-25 22:59:59.999,53132106.4530,3400,250881.3,44840889.1980,0,56.747967479674756,0.7907817719869001,0.971502516043277,-0.18072074405637684,180.38782308015539,177.9835,175.5791769198446,2.404999999999993,116339.85500000001,1.0229891518183314,177.862,1.1041603144304957
2025-11-25 23:00:00,179.73,181.04,178.75,178.87,162488.2,2025-11-25 23:59:59.999,29277342.9560,2897,111995.1,20215172.9040,0,54.48868071818893,0.8199115512245498,0.9411843230795316,-0.12127277185498175,180.45973724909686,178.023,175.58626275090313,2.4349999999999943,123847.415,0.8741258741258806,178.25799999999998,1.0202793734874103
2025-11-26 00:00:00,178.89,179.75,178.41,178.95,43610.5,2025-11-26 00:59:59.999,7791975.2090,2207,4818.5,864832.0440,0,54.09448818897634,0.839772072835558,0.920901873030737,-0.08112980019517901,180.28088214605594,177.973,175.66511785394408,2.4207142857142805,122084.80999999998,-0.14508118966576605,178.54000000000002,0.9656086163473733
2025-11-26 01:00:00,178.95,180.49,178.64,180.07,113767.7,2025-11-26 01:59:59.999,20483101.0670,2595,112310.5,20222104.6080,0,60.393046107331806,0.9351069877975817,0.9237428959841061,0.01136409181347564,180.32694269735947,177.983,175.63905730264054,2.443571428571425,127702.85500000001,1.5909732016925207,178.97999999999996,1.0786102168832599
2025-11-26 02:00:00,180.07,180.49,178.78,178.79,1267.0,2025-11-26 02:59:59.999,227348.9410,2306,98.0,17602.7650,0,48.33597464342308,0.8970348329923752,0.9184012833857601,-0.021366450393384917,180.1718069503532,177.93699999999998,175.70219304964678,2.368571428571426,122893.995,1.6372008413393189,179.28199999999998,0.5795860591537858
2025-11-26 03:00:00,178.78,179.39,176.78,176.86,69230.8,2025-11-26 03:59:59.999,12316659.1420,2526,127.5,22701.3200,0,48.45115170770458,0.7030234885382356,0.8753257244162552,-0.17230223587801963,180.0923456087568,177.8425,175.5926543912432,2.356428571428568,125402.13,0.43157296990347493,178.70800000000003,1.157765088420146
2025-11-26 04:00:00,176.85,177.7,176.61,177.34,2334.8,2025-11-26 04:59:59.999,413773.5730,3620,210.4,37320.4910,0,56.095481670929296,0.5812992330423867,0.8165204261414816,-0.23522119309909484,180.0639767375801,177.80599999999998,175.54802326241986,2.154999999999995,121653.74000000002,0.1185569920397493,178.402,1.2979483810861023
2025-11-26 05:00:00,177.3,177.93,176.61,177.69,85381.9,2025-11-26 05:59:59.999,15178248.1210,4483,83246.4,14799312.5730,0,56.68629100084108,0.5072269618357552,0.7546617332803364,-0.24743477144458115,180.06275712956753,177.80450000000002,175.5462428704325,2.0142857142857093,123558.42,0.17476603901229126,178.15,1.287225698921389
2025-11-26 06:00:00,177.62,178.74,176.61,178.47,27519.8,2025-11-26 06:59:59.999,4901872.1000,4401,25427.6,4529725.8020,0,55.75601374570451,0.5056349891031005,0.7048563844448893,-0.19922139534178884,180.11006911041488,177.8325,175.55493088958514,1.992142857142852,122385.875,0.8932104697834884,177.83,0.7955815482797451
2025-11-26 07:00:00,178.45,178.77,177.54,178.51,2777.4,2025-11-26 07:59:59.999,495565.5570,4692,539.2,96352.1080,0,54.943132108486445,0.501816378111954,0.6642483831783023,-0.16243200506634825,180.17536409252477,177.892,175.60863590747522,1.9392857142857107,121423.61500000002,0.5463557508167167,177.774,0.7170983195930092
2025-11-26 08:00:00,178.42,178.65,176.49,176.49,22050.3,2025-11-26 08:59:59.999,3903072.6370,4188,156.5,27725.0150,0,48.45679012345687,0.3319662825706189,0.5977919630567656,-0.26582568048614674,180.03283436747756,177.756,175.47916563252244,1.9664285714285674,112623.80500000001,-0.7758475290942798,177.7,0.843030248545694
2025-11-26 09:00:00,176.49,177.16,176.11,176.31,1065.7,2025-11-26 09:59:59.999,187999.3670,2027,88.3,15592.9780,0,45.07606084867896,0.1807507799946677,0.514383726444346,-0.33363294644967834,180.06716967383846,177.709,175.35083032616154,1.8228571428571374,107275.12500000003,-0.5471570397111907,177.494,1.052748782931009
2025-11-26 10:00:00,176.31,176.78,175.69,176.76,1312.1,2025-11-26 10:59:59.999,231202.1030,1998,84.5,14932.6270,0,45.598731165741384,0.09611469358907243,0.4307299198732913,-0.33461522628421886,180.0013025644559,177.75150000000002,175.50169743554414,1.7992857142857102,97941.10500000001,-1.652478718077115,177.308,1.0909262119696532
2025-11-26 11:00:00,176.75,177.05,176.31,176.53,1150.7,2025-11-26 11:59:59.999,203363.5450,2246,134.6,23811.3110,0,46.93877551020405,0.010361466991071211,0.34665622929684725,-0.33629476230577604,179.9637950972146,177.773,175.5822049027854,1.759285714285712,70458.01,-1.3082126684184063,176.92,0.9031611151737521
2025-11-26 12:00:00,176.52,177.05,175.09,175.62,51462.5,2025-11-26 12:59:59.999,9025477.5150,2241,415.6,72964.5830,0,30.812324929971865,-0.12953478139186814,0.25141802715910416,-0.3809528085509723,180.07750331713186,177.6975,175.31749668286812,1.6121428571428567,64078.18000000001,-1.8608549874266467,176.342,0.43424647374625736
2025-11-26 13:00:00,175.59,177.89,175.09,177.89,164918.7,2025-11-26 13:59:59.999,29155927.3910,2305,164205.1,29030123.1630,0,45.95709570957085,-0.05658130327145727,0.18981816107299185,-0.24639946434444912,180.09960616051342,177.723,175.3463938394866,1.6485714285714275,67405.34,-1.2106403065474576,176.62199999999999,0.8271456945190837
2025-11-26 14:00:00,177.89,178.4,176.36,176.36,100331.5,2025-11-26 14:59:59.999,17788277.9560,2428,39281.7,7003050.2520,0,40.45689019896832,-0.12083050071819912,0.12768842871475367,-0.24851892943295278,180.1234996638867,177.6965,175.26950033611328,1.6985714285714266,69767.05,-1.3591364170255487,176.632,0.8227210948805627
2025-11-26 15:00:00,176.37,178.01,176.36,177.23,34109.9,2025-11-26 15:59:59.999,6062644.9700,2298,31363.4,5577263.1630,0,39.339339339339205,-0.10038949586061108,0.0820728437996807,-0.1824623396602918,180.11615394522136,177.68099999999998,175.2458460547786,1.684285714285709,61162.21000000001,0.2092050209204886,176.726,0.8666775640119018
2025-11-26 16:00:00,177.23,180.33,177.23,179.33,191192.1,2025-11-26 16:59:59.999,34281276.3600,2575,190496.3,34156458.0900,0,51.909476661952006,0.08429094379548019,0.0825164637988406,0.0017744799966395858,180.29810691600898,177.754,175.209893083991,1.7835714285714244,68752.24,1.1221382654787466,177.286,1.4299405581919866
2025-11-26 17:00:00,179.25,183.66,178.45,183.46,1146753.6,2025-11-26 17:59:59.999,207782480.8710,3031,1106462.4,200581909.9580,0,70.19583843329265,0.5574817048502894,0.1775095120091304,0.37997219284115896,181.65153202651814,178.063,174.47446797348184,1.9692857142857119,126025.005,3.2472283189825033,178.85399999999998,2.794124191936468
2025-11-26 18:00:00,183.51,188.31,183.03,188.31,314475.8,2025-11-26 18:59:59.999,58162471.9310,2941,314004.9,58074838.9010,0,76.48478995654287,1.308756726134277,0.4037589548341598,0.9049977713001172,184.29054282966416,178.49200000000002,172.69345717033588,2.268571428571428,126860.05,5.513531685997649,180.93800000000002,4.949744437843987
2025-11-26 19:00:00,188.31,188.32,187.36,187.55,2605.8,2025-11-26 19:59:59.999,489412.3100,2323,1066.4,200821.9650,0,73.34280303030319,1.8218211248481282,0.6873713888369536,1.1344497360111747,186.00223271760922,178.926,171.84976728239076,2.242857142857141,118865.93000000001,5.064142064870327,183.176,4.891756330804986
2025-11-26 20:00:00,187.55,188.32,185.15,185.66,49355.8,2025-11-26 20:59:59.999,9217903.9170,2627,287.4,53496.9860,0,66.17183985605044,2.052263931534526,0.9603498973764683,1.0919140341580578,186.9521238881869,179.26149999999998,171.57087611181308,2.317142857142855,119153.19499999999,5.195761799535377,184.86200000000002,3.6166102914155602
2025-11-26 21:00:00,185.65,187.9,184.76,186.58,102096.9,2025-11-26 21:59:59.999,19037083.0920,2770,101331.6,18894869.8250,0,67.45997403721343,2.2828129802883836,1.2248425139588515,1.0579704663295322,187.94390474052332,179.58700000000002,171.2300952594767,2.453571428571426,118569.655,5.824967386988832,186.312,1.881188454136096
2025-11-26 22:00:00,186.6,187.9,185.6,185.91,34239.8,2025-11-26 22:59:59.999,6375722.3380,2512,408.2,76144.2940,0,71.6452205882353,2.383980320704808,1.4566700753080428,0.927310245396765,188.75137185505451,179.943,171.1346281449455,2.463571428571427,120218.29500000001,5.1765105227427055,186.802,1.116095874007073
2025-11-26 23:00:00,185.88,186.64,184.93,185.74,119321.5,2025-11-26 23:59:59.999,22079608.0810,2479,89154.7,16493077.9100,0,71.6781609195403,2.4225133615358914,1.6498387325536128,0.7726746289822786,189.43305549397482,180.387,171.34094450602518,2.510714285714284,122722.83,5.21724352801224,186.288,0.7930132407311663
2025-11-27 00:00:00,185.63,186.27,184.93,185.62,43716.9,2025-11-27 00:59:59.999,8124284.2720,2309,42670.6,7930404.4820,0,70.6816059757237,2.415523426443002,1.8029756713314908,0.6125477551115113,190.01620459835505,180.801,171.58579540164493,2.528571428571427,124791.93500000001,5.694112287894317,185.902,0.3949936708030321
2025-11-27 01:00:00,185.6,186.73,184.97,186.68,139593.8,2025-11-27 01:59:59.999,26012299.0480,2440,138464.7,25802802.5320,0,72.80898876404498,2.467078053633003,1.935796147791793,0.5312819058412097,190.7007942867051,181.2505,171.80020571329487,2.6014285714285683,127502.53,4.941255832255901,186.106,0.4905914797208645
2025-11-27 02:00:00,186.68,187.62,185.53,185.7,64855.1,2025-11-27 02:59:59.999,12080503.3040,2848,24710.6,4620403.5560,0,72.58064516129029,2.401178367771763,2.0288725917877874,0.37230577598397563,191.16700992866615,181.612,172.05699007133384,2.6107142857142827,129369.295,5.295985484236774,185.93,0.432434966179296
2025-11-27 03:00:00,185.7,186.34,185.5,185.52,1304.7,2025-11-27 03:59:59.999,242447.5140,2095,258.7,48149.8820,0,68.85813148788934,2.307824729358913,2.0846630193020124,0.22316171005690055,191.5526218366698,181.96250000000003,172.37237816333027,2.470714285714284,129295.66,4.677537662923896,185.852,0.4704465963043933
2025-11-27 04:00:00,185.52,186.95,185.43,186.63,1259.7,2025-11-27 04:59:59.999,234893.3630,2392,305.8,57058.6590,0,75.92125189298329,2.296931425994302,2.1271167006404705,0.16981472535383135,191.9124689243016,182.46949999999998,173.02653107569836,2.433571428571426,128256.13,4.070707633970882,186.03,0.5743692192088756
2025-11-27 05:00:00,186.63,186.95,185.2,185.34,39875.2,2025-11-27 05:59:59.999,7399915.1680,2537,124.1,23029.7250,0,70.04448838358874,2.1593149469935895,2.1335563499110943,0.02575859708249517,191.97962984876315,182.921,173.86237015123683,2.440714285714285,130196.60500000001,1.0247465387550396,185.974,0.6348070572816165
2025-11-27 06:00:00,185.37,186.72,185.2,186.43,1234.6,2025-11-27 06:59:59.999,229801.4660,2357,529.4,98478.9640,0,68.47034339229967,2.1138397574974306,2.1296130314283617,-0.015773273930931087,192.1036698938556,183.40449999999998,174.70533010614437,2.327857142857141,130192.73000000001,-0.9983537783442173,185.92400000000004,0.572040208354693
2025-11-27 07:00:00,186.44,186.72,185.65,185.83,1391.3,2025-11-27 07:59:59.999,258869.5440,2202,19.8,3697.0070,0,57.55258126195031,2.0062584579491443,2.104942116732518,-0.09868365878337393,191.99688962430864,183.86950000000002,175.7421103756914,2.0321428571428544,130204.76000000001,-0.9170887763263124,185.95,0.5621832441246439
2025-11-27 08:00:00,185.77,186.72,182.86,183.19,136454.3,2025-11-27 08:59:59.999,25128019.4670,3026,625.9,115044.7500,0,31.008902077151347,1.6885094801497758,2.02165558941597,-0.33314610926619403,191.40490200546606,184.248,177.09109799453392,1.9307142857142818,134454.35000000003,-1.330388882904233,185.484,1.379412918590344
2025-11-27 09:00:00,183.23,183.65,182.28,182.28,1962.7,2025-11-27 09:59:59.999,359428.2610,2371,788.6,144686.8050,0,30.667644900953775,1.347725984949136,1.886869668522603,-0.5391436835734669,191.04955175178767,184.4675,177.88544824821233,1.9599999999999977,126306.55,-2.3046414406688878,184.614,1.7873807652464069
2025-11-27 10:00:00,182.28,183.36,181.93,183.33,26011.4,2025-11-27 10:59:59.999,4736987.6520,2610,19345.2,3523141.7360,0,40.89132134480071,1.1491323521286745,1.7393222052438175,-0.590189853115143,190.22397617559852,184.816,179.40802382440148,1.835714285714285,122590.545,-1.387768274971752,184.21200000000002,1.8091766082868534
2025-11-27 11:00:00,183.33,183.41,182.22,182.99,2686.2,2025-11-27 11:59:59.999,492206.7470,2237,1641.9,301056.2080,0,35.29893529893529,0.9533210175584941,1.5821219677067528,-0.6288009501482588,189.2853490646023,185.104,180.92265093539774,1.6964285714285694,121019.36000000002,-1.4805642295682135,183.52400000000003,1.3508811938773346
2025-11-27 12:00:00,182.97,183.41,182.01,182.04,1217.7,2025-11-27 12:59:59.999,222575.6510,2298,99.1,18158.8100,0,34.50760608486789,0.7132600458290597,1.4083495833312143,-0.6950895375021546,188.75575683153448,185.2395,181.7232431684655,1.6321428571428547,111520.64000000001,-1.9286714793664543,182.76600000000002,0.5725644068316444
2025-11-27 13:00:00,182.03,183.36,182.01,183.18,4090.7,2025-11-27 13:59:59.999,749308.2640,2342,3149.4,577122.0600,0,40.49034175334326,0.6079899392509844,1.2482776545151684,-0.6402877152641839,188.77367358503267,185.2255,181.67732641496735,1.606428571428572,54387.494999999995,-1.8748660809942146,182.76399999999998,0.5707276057546836
2025-11-27 14:00:00,183.18,183.8,183.18,183.52,12474.6,2025-11-27 14:59:59.999,2289209.7010,2970,11016.0,2021794.3270,0,42.32456140350882,0.5457072068693094,1.1077635649859967,-0.5620563581166873,188.2961973227952,184.986,181.67580267720479,1.5550000000000008,39287.435,-1.1739364566505,183.012,0.5772088010164147
2025-11-27 15:00:00,183.52,185.41,183.35,185.17,17405.7,2025-11-27 15:59:59.999,3215688.8040,3961,15946.3,2946603.5330,0,44.70918009810786,0.6223152403950962,1.0106739000678167,-0.38835865967272043,187.95259369021656,184.86700000000002,181.78140630978348,1.576428571428573,40027.43,-0.1886589047003141,183.38,1.141424548523157
2025-11-27 16:00:00,185.14,186.42,184.43,186.22,115062.4,2025-11-27 16:59:59.999,21351774.2730,2770,114003.4,21155030.3470,0,51.81311018131105,0.7590045516715236,0.960340030388558,-0.2013354787170344,188.02079421487335,184.895,181.76920578512667,1.5692857142857142,43312.759999999995,-0.21968600975191374,184.026,1.6611983626202464
2025-11-27 17:00:00,186.19,186.51,185.74,186.35,1486.3,2025-11-27 17:59:59.999,276768.3990,2701,65.9,12287.1710,0,52.90412876137152,0.867818062766446,0.9418356368641356,-0.07401757409768961,187.98478852678483,184.8835,181.78221147321517,1.5642857142857127,38282.23,0.5449444264594749,184.888,1.4815431144497226
2025-11-27 18:00:00,186.35,187.66,186.08,187.63,216718.8,2025-11-27 18:59:59.999,40640040.2990,3158,215544.6,40420857.2110,0,53.45781466113415,1.045289411199633,0.9625263917312352,0.0827630194683977,188.2790426620048,184.96949999999998,181.65995733799517,1.5685714285714272,47406.18,0.6436732285576295,185.77799999999996,1.5346563133075284
2025-11-27 19:00:00,187.63,187.64,186.67,186.74,29204.9,2025-11-27 19:59:59.999,5476140.1920,3526,73.2,13729.1750,0,54.97866287339972,1.1014246339185263,0.9903060401686936,0.11111859374983268,188.40734499117968,185.0195,181.6316550088203,1.5128571428571413,42900.35,0.4896948824194137,186.42199999999997,0.8907693303968149
2025-11-27 20:00:00,186.74,187.64,186.68,186.82,1577.3,2025-11-27 20:59:59.999,295073.6020,2707,69.9,13116.0360,0,51.49425287356316,1.139235140220535,1.0200918601790618,0.11914328004147312,188.55353284535087,185.0795,181.60546715464912,1.472857142857139,40793.369999999995,1.9815492112014825,186.752,0.5523314222240633
2025-11-27 21:00:00,186.82,187.76,186.54,187.08,1539.5,2025-11-27 21:59:59.999,288100.9210,2512,50.3,9441.1080,0,54.917387883556245,1.1766167603691997,1.0513968402170895,0.12521992015211025,188.6166667724624,185.0995,181.58233322753762,1.4835714285714252,33890.65499999999,2.633311389071764,186.924,0.4735293021306203
2025-11-27 22:00:00,187.08,187.76,185.6,185.92,81633.9,2025-11-27 22:59:59.999,15189502.5700,2943,171.8,31945.1300,0,62.154942119323145,1.09996000395725,1.0611094729651216,0.03885053099212832,188.63693834037565,185.1105,181.58406165962435,1.3621428571428547,34729.594999999994,1.412752959144698,186.838,0.6201773939577174
2025-11-27 23:00:00,185.92,186.55,185.6,185.84,1348.3,2025-11-27 23:59:59.999,250894.3450,2570,128.8,23992.2280,0,67.11538461538457,1.0209843685466637,1.05308445208143,-0.03210008353476623,188.66364886671641,185.1265,181.58935113328357,1.3321428571428555,34731.775,1.5574621564019862,186.48,0.562672195843767
2025-11-28 00:00:00,185.84,186.55,184.67,184.75,29033.3,2025-11-28 00:59:59.999,5368928.3700,3641,288.3,53323.1720,0,56.80076628352483,0.8605221542671586,1.0145719925185757,-0.15404983825141705,188.50066423456926,185.0325,181.56433576543074,1.3642857142857139,36120.455,1.488683805756981,186.08200000000002,0.9219110586032822
2025-11-28 01:00:00,184.75,184.96,182.54,182.54,103646.1,2025-11-28 01:59:59.999,18987235.3940,4829,318.3,58470.0530,0,48.17221770917946,0.548701078643461,0.9213978097435527,-0.3726967311000917,188.53030659768444,184.89249999999998,181.25469340231552,1.452142857142858,39309.0,-0.34938312042800235,185.226,1.7129740219786445
2025-11-28 02:00:00,182.55,183.82,182.5,183.69,2467.7,2025-11-28 02:59:59.999,451445.0310,4641,517.6,94711.4280,0,56.59472422062351,0.389881705107598,0.8150945888163619,-0.42521288370876387,188.35568990727896,184.7555,181.15531009272107,1.4464285714285714,39370.655,0.09263295553617452,184.548,1.4457420240044985
2025-11-28 03:00:00,183.69,186.29,182.5,186.29,48040.9,2025-11-28 03:59:59.999,8879633.0210,5322,46475.5,8590710.3580,0,61.13099498926265,0.46841488304835366,0.7457586476627603,-0.2773437646144067,188.41330412851687,184.77849999999998,181.1436958714831,1.6207142857142836,41703.134999999995,0.6048495976670112,184.622,1.5399253228558683
2025-11-28 04:00:00,186.29,187.04,185.57,185.67,12073.1,2025-11-28 04:59:59.999,2244437.3880,4775,4226.5,787276.0240,0,57.54385964912272,0.4751469753603317,0.6916363132022747,-0.21648933784194302,188.47785349743634,184.9025,181.32714650256366,1.6814285714285688,35484.075,-0.29534958651058496,184.588,1.5078527779503816
2025-11-28 05:00:00,185.66,186.91,185.56,186.03,3037.4,2025-11-28 05:59:59.999,565341.1370,4428,845.7,157441.7290,0,53.31790123456794,0.5037245750308728,0.6540539655679943,-0.15032939053712158,188.47450338424196,185.09,181.70549661575805,1.6307142857142825,35537.81,-0.1717198819425775,184.844,1.6446823401414286
2025-11-28 06:00:00,186.03,186.91,184.65,184.95,40741.4,2025-11-28 06:59:59.999,7541791.3220,4402,243.9,45161.6660,0,45.1116243264049,0.4342201351712447,0.6100871994886444,-0.17586706431739973,188.4541749716984,185.171,181.8878250283016,1.6499999999999975,36274.31,-1.4283430155092507,185.326,1.044164737947913
2025-11-28 07:00:00,184.95,185.79,184.83,184.88,2751.4,2025-11-28 07:59:59.999,509996.0380,4023,956.1,177523.4600,0,44.31554524361951,0.36923266650433106,0.5619162928917818,-0.19268362638745073,188.38928633275088,185.2655,182.14171366724912,1.663571428571426,36277.56999999999,-0.9960372710720861,185.56400000000002,0.6325187744045293
2025-11-28 08:00:00,184.88,188.71,184.83,188.71,1317647.1,2025-11-28 08:59:59.999,247015374.3210,4489,1315337.8,246586352.1620,0,53.48837209302328,0.6196358444262273,0.573460203198671,0.04617564122755635,188.69694430992817,185.599,182.5010556900718,1.827857142857141,102099.04000000001,1.0116689861899235,186.048,1.565190084294879
2025-11-28 09:00:00,188.71,188.82,186.65,187.55,9988.9,2025-11-28 09:59:59.999,1872878.6910,4096,410.0,76996.8690,0,52.57142857142857,0.7162236807533304,0.602012898709603,0.11421078204372748,188.8117743607451,185.8175,182.8232256392549,1.913571428571426,102393.95,0.25122942056874004,186.424,1.673732356135719
2025-11-28 10:00:00,187.56,187.96,186.54,187.87,1368.0,2025-11-28 10:59:59.999,255890.9450,1946,219.6,41214.7280,0,53.28330206378989,0.8092628837930818,0.6434628957262988,0.16579998806678298,188.95769162174793,186.035,183.11230837825207,1.9464285714285714,101838.62,1.0488382099827975,186.792,1.7652251980912315
2025-11-28 11:00:00,187.88,187.96,185.43,185.52,94155.3,2025-11-28 11:59:59.999,17542342.6910,2317,145.5,27062.9200,0,45.68584070796461,0.6854700897781072,0.6518643345366605,0.03360575524144671,188.9575219674944,186.0525,183.14747803250563,2.04,105676.1,-0.17219113215669024,186.906,1.6297331069768428
2025-11-28 12:00:00,185.48,186.1,185.24,185.4,1577.8,2025-11-28 12:59:59.999,293067.7910,1854,599.9,111640.4610,0,48.47417840375592,0.571097158971213,0.6357108994235711,-0.06461374045235801,188.9296845473989,186.0115,183.09331545260113,1.9471428571428564,100001.87000000001,0.3518267929634672,187.01,1.477616323670173
2025-11-28 13:00:00,185.4,186.83,184.74,186.68,466394.1,2025-11-28 13:59:59.999,86874179.0200,2415,453654.0,84518108.4350,0,52.30263157894737,0.5770887697752869,0.6239864734939142,-0.04689770371862734,188.95795131988368,186.028,183.0980486801163,2.028571428571427,123247.26000000001,2.267996055659042,186.60399999999998,1.1322676361955721
2025-11-28 14:00:00,186.66,187.39,185.03,185.82,73893.9,2025-11-28 14:59:59.999,13726729.4330,2477,401.7,75102.9650,0,52.97057190449748,0.5066025529433773,0.6005096893838069,-0.09390713644042958,188.7692736677407,185.9375,183.1057263322593,2.0628571428571383,116106.01500000001,1.159562306059119,186.25799999999998,1.0306890898691776
2025-11-28 15:00:00,185.84,186.93,185.02,185.69,32179.7,2025-11-28 15:59:59.999,6006355.2020,2325,31407.3,5862689.4340,0,59.88700564971751,0.4352346901497981,0.5674546895370052,-0.13221999938720708,188.69296236292897,185.885,183.07703763707102,2.0264285714285655,116254.755,-0.3220784797895723,185.822,0.5056876506052397
2025-11-28 16:00:00,185.69,185.69,182.92,182.92,119306.5,2025-11-28 16:59:59.999,21989149.9330,2654,335.4,61928.1020,0,47.80626780626778,0.1533910974750654,0.4846419711246172,-0.3312508736495518,188.75452022518598,185.69,182.625479774814,2.1299999999999955,122141.21500000001,-1.4811224215005117,185.302,1.4143266949237048
2025-11-28 17:00:00,182.95,183.98,182.43,183.79,67037.5,2025-11-28 17:59:59.999,12259777.4540,2458,12909.6,2371246.7940,0,42.09860935524655,0.00022713059345846887,0.38775900301838545,-0.387531872424927,188.62881893641324,185.5255,182.42218106358675,1.9699999999999949,125416.11500000002,-1.2041068644842279,184.97999999999996,1.5620019206048639
2025-11-28 18:00:00,183.79,184.72,182.84,184.64,74295.5,2025-11-28 18:59:59.999,13674595.3260,2357,53294.4,9825768.2010,0,46.791277258566986,-0.05196944893594946,0.2998133126275185,-0.35178276156346794,188.58330295410508,185.4615,182.33969704589492,1.9992857142857088,125049.19500000002,-0.1676128683427966,184.57199999999997,1.2402298174018367
2025-11-28 19:00:00,184.65,186.54,184.63,186.3,33468.4,2025-11-28 19:59:59.999,6193038.6870,2301,32671.5,6044918.2720,0,50.778097982708964,0.04014969187645079,0.24788058847730493,-0.20773089660085414,188.62476800734322,185.4845,182.34423199265677,2.039285714285709,126655.2,0.7680657723929121,184.668,1.372505009088408
2025-11-28 20:00:00,186.21,186.78,185.35,186.49,1049.9,2025-11-28 20:59:59.999,195488.9120,2034,380.7,70787.0300,0,54.67800729040101,0.1270219567081199,0.22370886212346797,-0.09668690541534808,188.72248163485702,185.57150000000001,182.420518365143,1.9799999999999958,125256.03,-1.17640824545599,184.828,1.555818112753877
2025-11-28 21:00:00,186.51,186.78,185.35,185.38,948.8,2025-11-28 21:59:59.999,176429.5390,1776,12.8,2386.9820,0,51.42857142857142,0.10508972024621244,0.19998503374801688,-0.09489531350180444,188.52717543859129,185.7135,182.89982456140874,2.0135714285714266,120121.165,-1.157024793388438,185.32,1.1331593003518192
2025-11-28 22:00:00,185.38,186.22,184.87,186.11,37769.9,2025-11-28 22:59:59.999,6991153.5520,2292,426.8,79199.1230,0,40.97222222222228,0.144942358684915,0.18897649873539651,-0.04403414005048151,188.48519980830181,185.8345,183.18380019169817,1.8328571428571405,121886.27500000002,-0.9368180124554164,185.784,0.7653299941689049
2025-11-28 23:00:00,186.13,186.27,185.16,185.18,1027.1,2025-11-28 23:59:59.999,190865.5970,2033,99.8,18583.1960,0,41.63726182074809,0.1003261368499011,0.17124642635829745,-0.07092028950839635,188.43601771878588,185.779,183.12198228121412,1.7571428571428567,119535.58499999999,-0.18326865028029507,185.892,0.578938684123576
2025-11-29 00:00:00,185.22,186.27,184.87,185.54,1134.7,2025-11-29 00:59:59.999,210625.2390,1787,89.4,16651.5990,0,41.80154820548909,0.09294503841104529,0.15558614876884702,-0.06264111035780173,188.431275935225,185.77249999999998,183.11372406477497,1.7557142857142847,118988.66500000001,0.07551240560948563,185.74,0.5437370687883063
2025-11-29 01:00:00,185.48,186.27,184.87,185.36,998.5,2025-11-29 01:59:59.999,185308.6330,1864,93.6,17415.3010,0,49.3355481727575,0.07174394945286622,0.13881770890565087,-0.06707375945278465,188.4009968761192,185.73899999999998,183.07700312388076,1.6749999999999992,118886.72,-0.7070923505463859,185.514,0.35676322676831823
2025-11-29 02:00:00,185.35,186.19,184.63,184.9,8039.3,2025-11-29 02:59:59.999,1486129.7010,1981,71.6,13259.5460,0,47.98061389337642,0.017620658110075738,0.11457829874653584,-0.0969576406364601,188.40170879009213,185.7365,183.07129120990788,1.7250000000000003,117251.61499999999,-0.4951027876439498,185.418,0.4533431371202072
2025-11-29 03:00:00,184.9,185.11,183.99,183.99,1627.2,2025-11-29 03:59:59.999,300400.8950,2052,388.7,71944.9190,0,38.80099916736059,-0.09757702779222654,0.07214723343878336,-0.16972426123100992,188.4456739095339,185.692,182.93832609046612,1.6557142857142861,117195.405,-0.9155043351822869,184.994,0.6089991789594752
2025-11-29 04:00:00,184.01,185.21,183.76,185.21,83465.5,2025-11-29 04:59:59.999,15436076.8740,2448,68998.0,12775570.0400,0,47.534357316087366,-0.08939769876644732,0.03983824699773722,-0.12923594576418454,187.88029030224388,185.517,183.1537096977561,1.5907142857142884,55486.325,1.2519134047671225,185.0,0.611432743622162
2025-11-29 05:00:00,185.21,186.45,184.89,185.77,147339.4,2025-11-29 05:59:59.999,27316964.7800,2704,134417.9,24924289.8700,0,50.31250000000006,-0.0372982506833921,0.024410947461511352,-0.06170919814490345,187.59482741645027,185.42800000000003,183.26117258354978,1.565714285714289,62353.85,1.0773165025300715,185.046,0.6682290026431097
2025-11-29 06:00:00,185.77,186.45,183.25,183.4,62947.2,2025-11-29 06:59:59.999,11635257.1970,2245,49.5,9126.1990,0,51.93548387096781,-0.1851143725478437,-0.017494116540359667,-0.167620256007484,187.22816499205027,185.2045,183.18083500794972,1.596428571428573,65432.81,-0.6715771230502495,184.654,0.9524337247141024
2025-11-29 07:00:00,183.37,184.41,183.25,183.83,999.1,2025-11-29 07:59:59.999,183505.0410,1874,3.4,626.9940,0,50.16722408026765,-0.26451316463484886,-0.06689792615925753,-0.19761523847559131,187.22759029276455,185.11999999999998,183.0124097072354,1.5685714285714312,60775.0,-1.325818572195383,184.44,1.0022474744155934
2025-11-29 08:00:00,183.77,184.47,183.28,183.78,988.8,2025-11-29 08:59:59.999,181853.3630,1811,33.3,6141.0310,0,46.146953405018,-0.3276944044223171,-0.11905722181186947,-0.20863718261044767,187.22436664394598,185.03900000000002,182.85363335605405,1.519285714285717,60745.55,-1.4531610274009372,184.398,1.029839793352525
2025-11-29 09:00:00,183.79,184.47,183.06,183.22,1081.8,2025-11-29 09:59:59.999,198432.0540,2034,7.5,1383.5250,0,34.69184890656062,-0.41813333127086594,-0.17887244370366878,-0.23926088756719716,187.05219977900822,184.86599999999999,182.67980022099175,1.4835714285714314,37479.935,-1.1651742367029867,184.0,1.0220812100668564
2025-11-29 10:00:00,183.22,184.47,182.62,183.44,36096.4,2025-11-29 10:59:59.999,6604589.1710,2392,2698.9,495781.7390,0,34.88602576808721,-0.466675130582189,-0.23643298107937286,-0.23024214950281616,186.97328413565825,184.747,182.52071586434178,1.5135714285714303,35590.06,-1.4346354306592959,183.53400000000002,0.2614956978058273
2025-11-29 11:00:00,183.44,184.19,183.15,183.97,1008.7,2025-11-29 11:59:59.999,185234.6170,1816,125.6,23112.0830,0,42.58675078864356,-0.45710901744337207,-0.28056818835217273,-0.17654082909119934,186.8666950211596,184.661,182.45530497884042,1.4857142857142864,34031.509999999995,-0.6534182957122843,183.648,0.3084963532542081
2025-11-29 12:00:00,183.97,184.25,182.69,182.8,1137.7,2025-11-29 12:59:59.999,208448.9890,2118,381.3,69802.7390,0,33.36683417085425,-0.5377383132184832,-0.33200221332543484,-0.20573609989304836,186.88119335237477,184.655,182.42880664762524,1.500714285714287,28123.07,-1.4767705077072226,183.442,0.4621904369097175
2025-11-29 13:00:00,182.76,183.52,182.69,183.28,1110.8,2025-11-29 13:59:59.999,203396.7830,1994,273.2,50029.1710,0,39.999999999999936,-0.5564907436609019,-0.3768999193925283,-0.17959082426837358,186.90846998895967,184.6295,182.35053001104035,1.480714285714287,24826.735,-1.1221406991799807,183.342,0.4232257080691429
2025-11-29 14:00:00,183.28,183.52,182.45,182.75,10685.7,2025-11-29 14:59:59.999,1950732.9430,1987,30.5,5589.3190,0,35.57394002068254,-0.6071202462165104,-0.4229439847573248,-0.1841762614591856,186.96394389006943,184.53500000000003,182.10605610993062,1.4571428571428595,21646.245000000003,-1.1627906976744218,183.248,0.501966134286433
2025-11-29 15:00:00,182.8,184.42,182.45,183.77,134970.5,2025-11-29 15:59:59.999,24787906.6360,2044,134067.1,24622145.2610,0,42.43577545195052,-0.5585009647860772,-0.45005538076307533,-0.10844558402300192,186.7106205327745,184.4085,182.1063794672255,1.4978571428571448,26721.35,-0.11957171585412188,183.314,0.5526572174237678
2025-11-29 16:00:00,183.77,183.84,182.74,183.59,2002.3,2025-11-29 16:59:59.999,366878.2840,3809,18.5,3398.6930,0,43.59726295210166,-0.5284032261749303,-0.4657249498454464,-0.06267827632948392,186.37066347130238,184.26350000000002,182.15633652869766,1.4650000000000014,26768.97,-0.8746827925058067,183.238,0.45789736838122724
2025-11-29 17:00:00,183.59,183.84,181.74,181.83,66682.0,2025-11-29 17:59:59.999,12167522.3610,4174,370.4,67534.3260,0,40.25270758122746,-0.6391995480473724,-0.5004198694858316,-0.13877967856154083,186.38638349206855,184.086,181.78561650793148,1.5350000000000006,30055.630000000005,-2.120902190881196,183.044,0.7812041986382997
2025-11-29 18:00:00,181.87,182.34,181.34,182.32,2914.4,2025-11-29 18:59:59.999,530339.9970,3600,1114.4,203034.8920,0,36.03864734299509,-0.6796331387104431,-0.536262523330754,-0.1433706153796891,186.11791988733455,183.8965,181.67508011266546,1.5028571428571422,28312.855,-0.5888767720828857,182.852,0.8254211046307056
2025-11-29 19:00:00,182.34,182.94,181.33,182.94,13802.5,2025-11-29 19:59:59.999,2517252.0060,3925,1133.1,206744.2650,0,36.407300672430296,-0.6541080813814233,-0.5598316349408878,-0.09427644644053546,185.95882360929815,183.7845,181.61017639070187,1.5064285714285697,28951.625,-0.48414295816788055,182.89000000000001,0.8239235401236216
2025-11-29 20:00:00,182.94,183.51,182.2,183.34,2050.8,2025-11-29 20:59:59.999,374328.1830,3824,166.8,30551.7730,0,49.64454976303316,-0.59474676203385,-0.5668146603594802,-0.02793210167436977,185.69180904660908,183.67450000000002,181.65719095339097,1.3714285714285706,28997.43,-0.2394166938731079,182.804,0.7256927724386437
2025-11-29 21:00:00,183.34,183.51,182.32,182.56,2207.2,2025-11-29 21:59:59.999,403125.7460,4107,13.8,2528.8810,0,42.77588168373145,-0.6036830871941561,-0.5741883457264154,-0.02949474146774067,185.44510723333127,183.5345,181.62389276666875,1.3735714285714278,29057.864999999998,-0.3602226831131954,182.598,0.5779446339999501
2025-11-29 22:00:00,182.56,183.51,181.65,181.74,31738.8,2025-11-29 22:59:59.999,5772288.0270,4697,196.7,35777.0530,0,39.33054393305441,-0.6692180076223622,-0.5931942781056048,-0.0760237295167574,185.33371902602852,183.37650000000002,181.41928097397152,1.4214285714285697,30242.840000000004,-0.9267335368512803,182.57999999999998,0.6084406297818278
2025-11-29 23:00:00,181.74,182.43,181.41,182.04,2355.9,2025-11-29 23:59:59.999,428778.5340,4297,329.7,60074.1860,0,43.65591397849455,-0.6890049907769935,-0.6123564206398826,-0.0766485701371109,185.30075431899496,183.279,181.25724568100503,1.393571428571428,30279.275,-1.0490840897972533,182.524,0.649830747171302
2025-11-30 00:00:00,182.04,182.87,182.01,182.17,2286.9,2025-11-30 00:59:59.999,417189.2900,4469,245.5,44834.4370,0,43.10532030401728,-0.6862853338095363,-0.6271422032738134,-0.05914313053572284,184.98821748497468,183.127,181.26578251502534,1.3228571428571436,26220.345,-0.34463894967178543,182.36999999999998,0.6170089140109362
2025-11-30 01:00:00,182.17,182.97,181.97,182.32,2175.4,2025-11-30 01:59:59.999,397105.1920,4134,118.0,21571.4620,0,40.65685164212903,-0.6643678209853192,-0.6345873268161146,-0.029780494169204585,184.3705950756282,182.9545,181.5384049243718,1.3200000000000014,18962.145,-0.5237887385421257,182.166,0.30672463215171597
2025-11-30 02:00:00,182.32,183.04,181.81,181.83,2291.9,2025-11-30 02:59:59.999,418057.8160,4251,240.2,43863.6840,0,44.04907975460119,-0.678713156282754,-0.6434124927094426,-0.03530066357331141,184.36052225171952,182.876,181.3914777482805,1.296428571428572,15929.38,-0.503419972640212,182.02,0.2384323802849651
2025-11-30 03:00:00,181.83,188.15,181.18,188.15,2181088.0,2025-11-30 03:59:59.999,404251162.7820,5285,2142010.4,397149309.1380,0,67.40528949249472,-0.1780582120709937,-0.5503416365817528,0.37228342451075913,185.8617584922377,183.09199999999998,180.32224150776227,1.7349999999999994,124933.825,2.383414050171407,183.302,2.716076213947349
2025-11-30 04:00:00,188.15,189.63,186.76,187.37,573427.6,2025-11-30 04:59:59.999,108283427.1160,5145,520153.6,98289187.0570,0,66.22191011235962,0.15399974378806291,-0.40947336050778965,0.5634731042958525,186.63143280008867,183.2715,179.91156719991133,1.8635714285714269,153555.765,2.058935671877554,184.368,3.1137790544565593
2025-11-30 05:00:00,187.39,187.65,185.0,185.06,37628.3,2025-11-30 05:59:59.999,7002763.8410,4515,321.3,59830.6690,0,54.153251770766246,0.22813062380541282,-0.28195256364514915,0.510083187450562,186.81695761140088,183.3635,179.9100423885991,1.9121428571428558,155383.09,1.776384535005219,184.946,2.861805374230289
2025-11-30 06:00:00,185.02,186.1,184.3,184.76,49689.6,2025-11-30 06:59:59.999,9168372.9920,4648,691.2,127875.2460,0,53.73801916932904,0.2596789699864246,-0.17362625691883438,0.43330522690525897,186.9391107146633,183.42950000000002,179.91988928533675,1.962142857142855,156062.75,1.3383062746818768,185.43400000000003,2.485343034668292
2025-11-30 07:00:00,184.81,185.86,184.3,185.41,56326.6,2025-11-30 07:59:59.999,10454131.8330,4382,53500.0,9930984.9750,0,62.31086657496559,0.3332888825785858,-0.07224322901935032,0.4055321115979361,187.1153346742331,183.5015,179.88766532576687,1.923571428571427,158828.645,1.3501694544659446,186.15,1.5129606736381003
2025-11-30 08:00:00,185.4,186.17,184.37,185.27,466675.1,2025-11-30 08:59:59.999,86456635.4190,4010,464861.0,86120419.6830,0,60.39464411557443,0.3759942114461694,0.017404259073753654,0.35858995237241575,187.30608965561677,183.625,179.94391034438323,1.980714285714283,182105.51499999998,1.0526889931275263,185.574,1.0334069866100357
2025-11-30 09:00:00,185.29,186.17,185.05,185.52,2233.5,2025-11-30 09:59:59.999,414214.1390,3914,103.1,19194.1270,0,59.33429811866866,0.4251109880638353,0.09894560487177001,0.3261653831920653,187.5090752350668,183.73700000000002,179.96492476493324,1.9457142857142824,182161.65,1.6213847502191105,185.204,0.30187745853869824
2025-11-30 10:00:00,185.51,186.17,182.52,182.56,91635.8,2025-11-30 10:59:59.999,16788999.1520,4553,167.5,30721.9400,0,47.619047619047606,0.2226228673162609,0.12368105736066821,0.0989418099555927,187.5109814098928,183.72750000000002,179.94401859010725,2.1128571428571377,186209.155,0.4511940134257693,184.704,1.233340990956234
2025-11-30 11:00:00,182.56,182.7,176.96,177.6,184341.4,2025-11-30 11:59:59.999,33100965.1830,4446,5457.6,982211.6110,0,37.93774319066144,-0.334228200133424,0.03209920586184974,-0.36632740599527375,188.08998501953175,183.419,178.74801498046827,2.4378571428571365,188677.7,-2.439024390243901,183.272,3.4020243973214495
2025-11-30 12:00:00,177.61,179.45,176.96,178.9,112256.7,2025-11-30 12:59:59.999,20092899.0340,4158,110748.6,19823350.5470,0,43.2509505703422,-0.6629949544015972,-0.1069196261908397,-0.5560753282107574,188.2717036574813,183.1845,178.09729634251872,2.482857142857136,194190.41999999998,-1.7950266234835495,181.97,3.618093420569463
2025-11-30 13:00:00,178.9,181.32,178.16,181.32,59832.8,2025-11-30 13:59:59.999,10758892.3110,3844,58132.7,10452893.1950,0,48.44559585492228,-0.7199718136783986,-0.22953006368835152,-0.4904417499900471,188.27979311291938,183.159,178.0382068870806,2.635714285714278,193847.96,-0.5484861781483107,181.18,3.113454672862061
2025-11-30 14:00:00,181.32,181.39,179.26,179.87,31998.2,2025-11-30 14:59:59.999,5751458.3260,3900,188.8,34013.1180,0,45.302287581699375,-0.8720765118162603,-0.35803935331393333,-0.514037158502327,188.3551950318819,183.0365,177.7178049681181,2.7264285714285625,195302.15,-1.0779299345542583,180.05,1.9538679586820893
2025-11-30 15:00:00,179.87,180.14,179.17,180.14,2126.1,2025-11-30 15:59:59.999,381938.1190,3927,237.5,42751.9910,0,45.5691056910569,-0.9597702039549176,-0.47838552344213026,-0.4813846805127874,188.37101233108655,182.8965,177.42198766891346,2.7242857142857053,194718.33000000002,-4.257241562583055,179.56599999999997,1.3970612012233499
2025-11-30 16:00:00,180.13,181.7,179.17,181.2,52091.9,2025-11-30 16:59:59.999,9423305.8400,4603,50474.8,9130681.8530,0,48.74851013110842,-0.932980131368879,-0.5693044450274801,-0.3636756863413989,188.31096614778303,182.7895,177.26803385221697,2.8171428571428487,197220.385,-3.292949778513111,180.286,1.0024869076276686
2025-11-30 17:00:00,181.2,181.7,180.3,180.73,2619.7,2025-11-30 17:59:59.999,473318.5230,4195,552.5,99934.2100,0,30.797101449275317,-0.938851383543664,-0.643213832730717,-0.29563755081294707,188.29560700751563,182.698,177.1003929924844,2.4192857142857043,197241.00999999998,-2.339781692424085,180.652,0.6376284184111775
2025-11-30 18:00:00,180.74,180.91,180.3,180.3,2379.3,2025-11-30 18:59:59.999,429288.2270,4370,7.5,1354.5590,0,31.365313653136525,-0.9670542006772962,-0.7079819063200329,-0.2590722943572633,188.31183984446486,182.626,176.94016015553515,2.2578571428571315,195773.035,-2.41394241177743,180.448,0.5234214362874096
2025-11-30 19:00:00,180.3,180.91,179.92,180.22,2314.5,2025-11-30 19:59:59.999,417266.9630,4502,0.8,144.6260,0,35.54360812425327,-0.9845116306175612,-0.7632878511795387,-0.22122377943802252,188.31776022237963,182.535,176.75223977762036,2.139285714285703,195770.96500000003,-2.799201769052369,180.518,0.4442071588406686
2025-11-30 20:00:00,180.2,180.91,179.13,179.71,40946.2,2025-11-30 20:59:59.999,7345108.2550,4520,436.8,78407.9110,0,35.10324483775814,-1.027653359139208,-0.8161609527714727,-0.21149240636773536,188.3305047898461,182.41199999999998,176.49349521015387,2.137857142857133,197703.93,-3.0010255303071203,180.43200000000002,0.5617561748348979
2025-11-30 21:00:00,179.71,179.74,179.12,179.4,2547.0,2025-11-30 21:59:59.999,457071.2430,4444,99.4,17865.8580,0,31.90848886213122,-1.0744720540307071,-0.8678231730233197,-0.20664888100738743,188.33618043606447,182.26600000000002,176.19581956393557,2.0707142857142764,197722.50999999998,-3.2988357050452803,180.072,0.5218907931401865
2025-11-30 22:00:00,179.42,180.78,179.12,180.5,35149.9,2025-11-30 22:59:59.999,6346731.3510,4751,14282.2,2579449.3250,0,36.4257256687535,-1.0111593841703836,-0.8964904152527324,-0.11466896891765122,188.31873447225058,182.1995,176.08026552774942,2.060714285714277,199365.41,-1.1283961437335683,180.026,0.45528013350509183
2025-11-30 23:00:00,180.49,180.71,177.35,177.35,54401.8,2025-11-30 23:59:59.999,9707423.3650,4809,790.9,141297.1510,0,30.043966780654557,-1.2013143079644522,-0.9574551937950765,-0.24385911416937567,187.46586846375672,181.6595,175.8531315362433,2.22071428571428,93031.1,-0.14076576576576577,179.436,1.2424290724075104
2025-12-01 00:00:00,178.67,178.67,169.12,169.12,578203.1,2025-12-01 00:59:59.999,100430554.8160,5060,65233.1,11420907.1360,0,23.892773892773846,-1.9931301108462947,-1.1645901772053202,-0.8285399336409744,188.26003737022427,180.74699999999999,173.2339626297757,2.6421428571428516,93269.875,-5.466741196198995,177.21599999999998,4.6727326052278535
2025-12-01 01:00:00,169.12,172.38,169.12,171.08,106412.2,2025-12-01 01:59:59.999,18158711.9100,3911,104866.2,17893770.2390,0,35.664028144239225,-2.4344316075674044,-1.4185584632777373,-1.0158731442896671,188.42332868169302,180.048,171.67267131830698,2.4649999999999954,96709.07,-5.647474078976384,175.48999999999998,5.095900312992436
2025-12-01 02:00:00,171.08,172.03,170.0,170.05,110666.8,2025-12-01 02:59:59.999,18889021.5600,4346,4429.7,760992.1550,0,30.30707610146858,-2.8346030752826437,-1.701767385678719,-1.1328356896039247,188.49064308705158,179.3125,170.13435691294842,2.432142857142854,99757.93000000001,-5.459498526713734,173.62,5.017315019006993
2025-12-01 03:00:00,170.05,170.05,166.63,166.79,210254.8,2025-12-01 03:59:59.999,35369993.1100,4879,387.6,65030.4860,0,18.833118833118803,-3.37588154058335,-2.0365902166596457,-1.3392913239237045,188.6661871866089,178.38150000000002,168.09681281339113,2.450714285714284,107454.34,-7.410902631286774,170.878,3.950173413908373
2025-12-01 04:00:00,166.79,167.43,166.33,166.81,2433.8,2025-12-01 04:59:59.999,405898.3380,4177,267.7,44756.5860,0,20.15539305301644,-3.75989308415987,-2.3812507901596907,-1.3786422940001795,188.4306163817571,177.4585,166.48638361824288,2.377142857142855,84242.275,-7.941501103752753,168.76999999999998,1.927368672554638
2025-12-01 05:00:00,166.81,167.43,165.69,166.34,43005.6,2025-12-01 05:59:59.999,7135609.4450,4184,395.8,65815.4950,0,18.750000000000043,-4.055401922185268,-2.7160810165648064,-1.339320905620462,187.85110081454246,176.49949999999998,165.1478991854575,2.432142857142856,86280.88,-7.962153488629441,168.214,2.18493249322355
2025-12-01 06:00:00,166.34,166.75,165.59,165.59,2409.5,2025-12-01 06:59:59.999,400209.0970,3975,530.3,88167.3450,0,14.147909967845706,-4.300539593889653,-3.032972732029776,-1.2675668618598768,187.61557912691893,175.651,163.6864208730811,2.3342857142857127,81819.565,-8.15862451469773,167.116,1.7131199607564527
2025-12-01 07:00:00,165.58,166.67,165.33,166.41,2098.7,2025-12-01 07:59:59.999,348058.9450,3833,107.0,17809.2100,0,17.631103074141066,-4.378176919653583,-3.3020135695545374,-1.076163350099046,187.7014764597673,175.0915,162.4815235402327,2.3299999999999983,72707.43000000001,-7.662856508711576,166.38799999999998,0.49479288590374654
2025-12-01 08:00:00,166.31,166.68,165.33,166.11,2115.8,2025-12-01 08:59:59.999,351057.4670,4083,73.0,12143.8740,0,17.735334242837666,-4.413041754144956,-3.5242192064726217,-0.8888225476723344,187.53705069073277,174.452,161.36694930926723,2.3828571428571417,67200.38500000001,-7.567748038506479,166.252,0.44790624012256286
2025-12-01 09:00:00,166.11,166.68,164.99,165.32,33143.2,2025-12-01 09:59:59.999,5480221.7430,4017,199.7,33014.9200,0,17.180616740088112,-4.4530863765624815,-3.709992640490594,-0.7430937360718874,186.92414828127315,173.652,160.37985171872683,2.432857142857141,65865.905,-7.848383500557421,165.954,0.4784662996912437
2025-12-01 10:00:00,165.33,167.97,164.98,167.96,252700.6,2025-12-01 10:59:59.999,42056482.8990,4315,251660.9,41884000.3150,0,26.339105920257794,-4.223114654791999,-3.8126170433508753,-0.41049761144112384,186.22228544242208,173.05649999999997,159.89071455757787,2.519285714285713,76901.025,-6.947368421052627,166.27800000000002,1.0327003437303464
2025-12-01 11:00:00,167.96,168.41,167.61,167.89,3996.2,2025-12-01 11:59:59.999,671529.6870,3823,2274.3,382181.2210,0,26.59617730784875,-4.000394762751995,-3.8501725872311,-0.150222175520895,185.35966718940512,172.44400000000002,159.52833281059492,2.5321428571428544,76994.53,-5.334085142373842,166.738,1.1546731138904813
2025-12-01 12:00:00,167.95,168.41,165.39,168.32,263637.1,2025-12-01 12:59:59.999,43913906.5180,4080,151664.9,25327936.7840,0,24.54013377926428,-3.7460085822334577,-3.8293397862315715,0.08333120399811378,184.14941976050548,171.8,159.45058023949454,2.6292857142857122,87571.79000000001,-0.47303689687796313,167.12,1.3227433613298492
2025-12-01 13:00:00,168.32,168.71,166.04,167.02,220117.7,2025-12-01 13:59:59.999,36977675.7290,3038,128814.4,21715997.3130,0,26.597190756683375,-3.6077173173572703,-3.7850152924567113,0.177297975099441,182.8852853782645,171.1145,159.34371462173547,2.5799999999999983,98446.68999999999,-2.3731587561374807,167.302,1.2065322208472105
2025-12-01 14:00:00,166.98,167.38,165.93,167.08,59960.2,2025-12-01 14:59:59.999,10025057.2760,1978,58939.5,9855151.1670,0,42.66187050359718,-3.4534695478120625,-3.7187061435277817,0.2652365957157192,181.51585394194913,170.4535,159.39114605805085,2.00142857142857,101325.73500000002,-1.7465451337841804,167.654,0.5753955160957543
2025-12-01 15:00:00,167.11,167.38,162.28,164.52,674588.4,2025-12-01 15:59:59.999,110809259.3970,3079,397678.3,65335623.1620,0,27.379310344827672,-3.4974809016120787,-3.674461095144642,0.17698019353256322,180.01799126642481,169.66850000000002,159.31900873357523,2.1328571428571417,134939.43,-1.360992865279682,166.96599999999998,1.4735942453544957
2025-12-01 16:00:00,164.51,165.08,162.74,163.12,217993.7,2025-12-01 16:59:59.999,35711860.6950,2819,111187.7,18251598.1720,0,26.698049764626845,-3.6037863109812065,-3.660326138311955,0.05653982733074869,178.43144856508528,168.839,159.24655143491472,2.154999999999999,143791.805,-2.2120975960673803,166.012,2.1256340230482382
2025-12-01 17:00:00,163.16,164.92,162.95,163.93,83057.5,2025-12-01 17:59:59.999,13630282.4600,2239,46453.1,7628814.1980,0,38.486312399355974,-3.5813898503902806,-3.64453888072762,0.06314903033733943,176.4968836661868,168.0655,159.63411633381318,2.0514285714285694,147817.33000000002,-1.4488397258626888,165.13400000000001,1.81842789242212
2025-12-01 18:00:00,163.98,165.01,163.05,164.15,101772.2,2025-12-01 18:59:59.999,16659409.3190,2088,61079.7,10006382.7480,0,39.46117274167991,-3.5054793487832683,-3.61672697433875,0.11124762555548173,173.489074806231,167.248,161.00692519376898,2.11285714285714,151148.445,-0.8696177305392824,164.56,1.4992164620019979
2025-12-01 19:00:00,164.2,164.33,163.05,164.3,15623.9,2025-12-01 19:59:59.999,2565583.1370,1936,14677.3,2410585.9090,0,41.70731707317079,-3.3940910144896463,-3.572199782368929,0.17810876787928276,170.7792403310945,166.59550000000002,162.41175966890552,2.079999999999996,149209.55,-1.2679526470764888,164.004,0.5390083486708402
2025-12-01 20:00:00,164.27,166.94,164.27,166.6,720702.2,2025-12-01 20:59:59.999,119554374.7020,2830,700246.1,116162515.0470,0,53.646209386281555,-3.084666068652865,-3.4746930396257167,0.39002697097285166,170.48137434868121,166.4695,162.4576256513188,2.1878571428571383,156334.505,0.29498525073745147,164.42000000000002,1.3009419663987882
2025-12-01 21:00:00,166.63,168.64,166.63,168.09,218411.8,2025-12-01 21:59:59.999,36618002.2920,2138,217767.3,36509885.8470,0,55.78512396694216,-2.6882258282547866,-3.317399597351531,0.6291737690967443,169.7954537757682,166.32,162.84454622423178,2.23785714285714,161934.485,1.675538349866931,165.41400000000002,1.8444863783555643
2025-12-01 22:00:00,168.11,171.96,167.88,171.46,522004.1,2025-12-01 22:59:59.999,88881318.8720,2977,521415.2,88781474.7640,0,65.20750426378618,-2.0781575393018272,-3.0695511857415907,0.9913936464397635,170.22336329690538,166.3905,162.55763670309463,2.432857142857141,182501.35,2.083829483210288,166.92000000000002,3.0257313165484065
2025-12-01 23:00:00,171.46,172.39,170.36,171.33,54398.8,2025-12-01 23:59:59.999,9308963.0550,2378,27923.8,4795034.5720,0,67.74955699940935,-1.5868714720105004,-2.7730152429953727,1.1861437709848723,171.04207193887015,166.6175,162.19292806112986,2.4571428571428533,174708.55,2.0489606289832785,168.356,3.08564904030646
2025-12-02 00:00:00,171.33,172.39,170.24,171.14,107691.9,2025-12-02 00:59:59.999,18404270.6640,1949,28054.6,4810855.3900,0,60.9806629834253,-1.1990334253062827,-2.458218879457555,1.2591854541512721,171.69996082361675,166.834,161.96803917638326,2.397142857142851,179971.45500000002,1.6753802281368781,169.72400000000002,2.2375946907218127
2025-12-02 01:00:00,171.14,172.09,170.22,170.22,573546.9,2025-12-02 01:59:59.999,98572980.9760,2280,547291.7,94091764.1900,0,57.59947814742339,-0.9548978226142992,-2.157554668088904,1.2026568454746047,172.1153779825144,167.028,161.9406220174856,2.4735714285714243,206498.52,1.9159382109926886,170.448,1.4047312910117848
2025-12-02 02:00:00,170.2,170.61,169.13,169.24,13410.5,2025-12-02 02:59:59.999,2269370.1310,2152,83.2,14103.1720,0,52.896725440806094,-0.8309181017289973,-1.8922273548169226,1.0613092530879253,172.34235500473298,167.2105,162.078644995267,2.363571428571425,207048.57,1.2927938711994234,170.678,0.939105957785396
2025-12-02 03:00:00,169.25,170.03,168.58,169.31,91925.1,2025-12-02 03:59:59.999,15598236.7380,2112,79489.0,13495450.4970,0,57.81569965870304,-0.7187297950327718,-1.6575278428600924,0.9387980478273206,172.55554645729472,167.3555,162.1554535427053,2.2764285714285655,211539.88999999998,2.911500121565762,170.248,0.982735976723813
2025-12-02 04:00:00,169.4,170.22,169.23,169.73,9691.3,2025-12-02 04:59:59.999,1647897.7420,1787,8819.8,1499877.5790,0,58.82744836775476,-0.5891380471080083,-1.4438498837096758,0.8547118366016675,172.80555674172297,167.5365,162.267443258277,2.2435714285714243,211918.66500000004,4.052231486022551,169.92800000000003,0.7824129344193953
2025-12-02 05:00:00,169.73,170.22,168.85,169.1,5106.8,2025-12-02 05:59:59.999,863300.6530,1946,178.6,30234.7310,0,67.5076452599388,-0.531148637228398,-1.2613096344134203,0.7301609971850223,172.9305844575908,167.7255,162.5204155424092,1.9771428571428535,210516.84500000003,3.153785152199102,169.51999999999998,0.4563441683051363
2025-12-02 06:00:00,169.09,169.58,168.83,169.28,963.1,2025-12-02 06:59:59.999,162929.9360,1825,114.0,19313.8050,0,75.96964586846545,-0.46530338860785037,-1.1021083852523064,0.636804996644456,173.0423777211274,167.7915,162.54062227887263,1.8635714285714247,197929.97,3.1251903746573224,169.33200000000002,0.2365797961487711
2025-12-02 07:00:00,169.29,169.58,168.43,168.81,14135.6,2025-12-02 07:59:59.999,2382132.2780,2131,311.4,52649.2560,0,71.18055555555557,-0.44590550563040665,-0.9708678093279264,0.5249623036975197,173.1080931954293,167.8375,162.56690680457072,1.8049999999999966,198436.94,2.744978697504559,169.246,0.33575288523801183
2025-12-02 08:00:00,168.81,169.07,167.33,168.51,183694.9,2025-12-02 08:59:59.999,30902180.6410,2274,97018.1,16358482.8710,0,68.79310344827582,-0.44955781377481685,-0.8666058102173047,0.4170479964424878,173.12193816378027,167.847,162.57206183621975,1.789285714285711,194439.83,1.1464585834333714,169.08599999999998,0.4638210861370847
2025-12-02 09:00:00,168.52,169.03,168.16,168.16,1359.5,2025-12-02 09:59:59.999,229180.4380,1915,222.7,37637.2630,0,66.35593220338978,-0.4752163707110242,-0.7883279223160485,0.31311155160502435,173.16593240470698,167.90400000000002,162.64206759529307,1.759999999999997,183501.91999999998,0.04164435718959675,168.772,0.4500777709961516
2025-12-02 10:00:00,168.16,171.0,168.16,170.78,512662.7,2025-12-02 10:59:59.999,87019856.1950,2541,511928.5,86896030.1700,0,67.24422442244227,-0.28090080853041854,-0.6868424995589226,0.4059416910285041,173.48735413515513,168.089,162.69064586484487,1.7721428571428552,206137.04499999998,-0.396593957774412,169.108,1.0210631713784488
2025-12-02 11:00:00,170.78,171.0,169.78,170.54,998.2,2025-12-02 11:59:59.999,170075.0460,2050,32.5,5547.5300,0,61.26954921803122,-0.1446034215395855,-0.5783946839550552,0.4337912624154697,173.61913296628336,168.39,163.1608670337166,1.7135714285714272,172457.535,-0.4610984649506919,169.36,1.211796187461329
2025-12-02 12:00:00,170.55,171.05,169.67,169.73,973.1,2025-12-02 12:59:59.999,165560.1620,1876,248.6,42242.5630,0,39.59085439229833,-0.10078520185689399,-0.48287278753542295,0.38208758567852896,173.3481354084788,168.7205,164.09286459152116,1.5207142857142852,161606.50499999998,-0.8238868762416715,169.544,1.176745511971941
2025-12-02 13:00:00,169.73,171.66,169.67,171.19,179557.9,2025-12-02 13:59:59.999,30632774.4620,2125,178919.9,30523534.3470,0,49.27385892116175,0.051161097915695564,-0.3760660104451993,0.42722710836089484,173.244356566687,169.08350000000002,164.92264343331303,1.5178571428571448,166431.525,0.5698507813417923,170.07999999999998,1.1981861290913656
2025-12-02 14:00:00,171.19,175.49,170.88,175.49,1133085.8,2025-12-02 14:59:59.999,195923893.9230,2810,1128514.5,195127442.8430,0,65.8181818181819,0.5126442547413887,-0.19832395740788164,0.7109682121492704,174.06362623409004,169.65050000000002,165.23737376591,1.6935714285714332,217997.205,3.692980382888206,171.546,2.2681776826230555
2025-12-02 15:00:00,175.41,184.14,174.52,183.99,3472388.9,2025-12-02 15:59:59.999,621261246.3500,4433,3410285.8,610171236.8660,0,82.27848101265823,1.546425710889764,0.15062597625164761,1.3957997346381166,177.89147587368535,170.635,163.37852412631463,2.2471428571428596,390835.45499999996,8.67048609060304,174.18800000000002,5.914898139440232
2025-12-02 16:00:00,184.08,184.7,182.86,184.22,110770.3,2025-12-02 16:59:59.999,20354997.7870,2574,50257.1,9263467.0630,0,86.3945578231292,2.357092940511535,0.5919193691036252,1.7651735714079098,180.7254445800925,171.516,162.30655541990748,2.2728571428571422,360338.86,8.537088316738355,176.924,6.889280078495713
2025-12-02 17:00:00,184.22,186.85,184.22,186.0,85074.9,2025-12-02 17:59:59.999,15808939.2420,2710,84357.6,15675827.2010,0,87.438313144908,3.1073639273603533,1.095008280754971,2.012355646605382,183.50797886304488,172.4115,161.3150211369551,2.357142857142857,353672.015,9.99408633944412,180.17800000000003,6.471597175347292
2025-12-02 18:00:00,186.0,188.23,185.97,187.49,193816.1,2025-12-02 18:59:59.999,36287390.9240,2590,180951.0,33882606.3360,0,88.01369863013696,3.7786319207335453,1.6317330087506858,2.146898911982859,186.17841163818076,173.21300000000002,160.24758836181928,2.4478571428571416,337262.615,10.757325141776942,183.43800000000002,4.665551414352669
2025-12-02 19:00:00,187.47,189.58,186.8,187.19,95299.2,2025-12-02 19:59:59.999,17963313.3680,2540,51883.7,9804724.1040,0,89.27485887972202,4.237561181402185,2.152898643280986,2.0846625381211994,188.35296285483432,174.006,159.65903714516568,2.548571428571427,339307.635,10.88798056987145,185.778,1.6277499807930977
2025-12-02 20:00:00,187.19,187.69,185.13,185.73,67488.7,2025-12-02 20:59:59.999,12544563.2850,2508,383.1,71276.4200,0,83.83381324557784,4.432362611482716,2.608791436921332,1.8235711745613843,189.9276911728255,174.7355,159.5433088271745,2.6778571428571416,337297.475,10.218978102189782,186.126,1.303660231798337
2025-12-02 21:00:00,185.73,187.6,185.13,187.59,82142.4,2025-12-02 21:59:59.999,15322744.6350,2245,80825.3,15076642.7490,0,86.53696498054464,4.682849628081556,3.0236030751533773,1.6592465529281784,191.6701480006578,175.60399999999998,159.53785199934217,2.7721428571428555,312727.24999999994,11.554471931493818,186.8,0.8713782186706189
2025-12-02 22:00:00,187.58,190.0,187.46,189.4,56581.7,2025-12-02 22:59:59.999,10682281.9650,2723,53895.9,10174666.0680,0,88.38662256523331,4.9701217963219335,3.4129068193870893,1.5572149769348442,193.50536911335598,176.612,159.718630886644,2.8292857142857133,314885.81,10.902916032322288,187.48,1.3081666560399214
2025-12-02 23:00:00,189.43,190.55,188.88,189.8,34591.1,2025-12-02 23:59:59.999,6579124.1040,2080,33708.2,6411504.0600,0,89.69185619955971,5.170461850683239,3.764417825646319,1.4060440250369197,195.13955389895034,177.6365,160.13344610104969,2.886428571428571,312019.11,11.293538172862682,187.942,1.670350262662124
2025-12-03 00:00:00,189.8,191.49,189.42,190.93,104837.2,2025-12-03 00:59:59.999,20008326.4970,2269,103982.0,19845729.4140,0,89.09584788513766,5.358643239704975,4.0832629084580505,1.2753803312469243,196.74280100602564,178.6965,160.65019899397433,2.8314285714285723,316776.40499999997,12.490425970659293,188.69,2.0448349566594914
2025-12-03 01:00:00,190.93,191.49,190.17,190.26,1042.0,2025-12-03 01:59:59.999,198544.1370,1964,10.6,2029.7940,0,87.63358778625943,5.391564348030187,4.344923196372478,1.0466411516577088,197.9126479173828,179.7545,161.59635208261722,2.838571428571431,316573.165,11.13966937321105,189.596,1.257429918515552
2025-12-03 02:00:00,191.49,191.59,190.2,190.76,27486.6,2025-12-03 02:59:59.999,5264523.7300,1736,26530.0,5081907.6270,0,90.61413673232897,5.395800950301748,4.555098747158332,0.8407022031434161,198.91890719916645,180.8285,162.73809280083353,2.839285714285716,317899.33999999997,8.701350504302228,190.23,0.6414047084166189
2025-12-03 03:00:00,190.85,191.59,189.74,190.35,101081.8,2025-12-03 03:59:59.999,19249960.6670,2379,56556.7,10793053.4710,0,88.56682769726238,5.304923063758906,4.7050636104784465,0.5998594532804598,199.54227076899184,181.9055,164.26872923100814,2.829285714285715,322246.65,3.456709603782806,190.42000000000002,0.44457845199615864
2025-12-03 04:00:00,191.31,192.41,190.33,192.41,72652.5,2025-12-03 04:59:59.999,13975254.3880,1960,71875.7,13826718.1680,0,87.43362831858396,5.337597961040103,4.831570480590778,0.5060274804493252,200.14446232039413,183.1005,166.0565376796059,2.6485714285714272,316694.52999999997,4.445771360330039,190.94199999999998,0.8665852525747724
2025-12-03 05:00:00,192.41,192.87,191.19,192.68,96504.1,2025-12-03 05:59:59.999,18566468.2070,2216,69426.0,13366763.9020,0,80.23660403618636,5.32390908613462,4.9300382016995465,0.39387088443507334,200.34192582045787,184.32649999999998,168.3110741795421,2.0814285714285723,321451.75999999995,3.5913978494623695,191.292,1.1631723861838403
2025-12-03 06:00:00,192.66,193.54,191.92,193.1,137710.3,2025-12-03 06:59:59.999,26593003.9640,2023,137012.6,26458435.3950,0,80.49450549450536,5.286017129030455,5.001233987165729,0.2847831418647262,200.56935569303658,185.4425,170.3156443069634,2.065714285714289,302704.14,2.9921595818443567,191.85999999999999,1.2250102040315545
2025-12-03 07:00:00,193.54,193.54,193.1,193.1,409.5,2025-12-03 07:59:59.999,79092.8740,148,42.8,8283.1040,0,77.77777777777763,5.1960901868089024,5.040205227094364,0.15588495971453842,200.32020617868085,186.57049999999998,172.8207938213191,1.9092857142857176,302674.705,3.157219936962443,192.328,1.1440148600355227
2025-12-03 08:00:00,193.1,193.54,193.1,193.1,200.7,2025-12-03 08:59:59.999,38833.7540,48,178.6,34566.2440,0,74.84499557130187,5.066419902312703,5.045448162138032,0.020971740174670295,199.2531339231421,187.739,176.22486607685792,1.7792857142857181,302636.08499999996,3.968125773972974,192.878,0.31862203310954135
2025-12-03 09:00:00,193.54,193.85,191.81,192.73,45330.3,2025-12-03 09:59:59.999,8709643.2260,2150,386.3,74365.4040,0,74.38380281690128,4.877573726114122,5.011873274933251,-0.1342995488191292,197.49234024229384,188.816,180.13965975770617,1.7264285714285745,295924.705,2.7400181246335023,192.942,0.21707141678016273
2025-12-03 10:00:00,192.77,193.44,191.62,191.74,52217.3,2025-12-03 10:59:59.999,10034464.8230,2316,1651.3,319168.7320,0,77.59412304866855,4.595058075518523,4.928510235050306,-0.33345215953178275,195.70414690080014,189.62849999999997,183.5528530991998,1.6735714285714312,241881.28000000003,1.2354804646251338,192.754,0.5890500827456842
2025-12-03 11:00:00,191.75,192.46,191.41,192.45,15299.0,2025-12-03 11:59:59.999,2930576.5500,2073,748.3,143854.7780,0,74.94866529774126,4.3779867472681815,4.818405537493881,-0.4404187902256993,195.63208014339776,190.05149999999998,184.4709198566022,1.5721428571428606,69026.785,1.3962065331928226,192.624,0.5648274072515668
2025-12-03 12:00:00,192.46,193.6,191.41,193.17,236486.9,2025-12-03 12:59:59.999,45604914.6420,2362,235507.9,45415944.3080,0,71.79190751445083,4.215460928869533,4.697816615769011,-0.4823556868994787,195.51774758963458,190.499,185.4802524103654,1.547142857142861,75312.61499999999,1.1732048394699526,192.63799999999998,0.5802327119204391
2025-12-03 13:00:00,193.17,194.07,192.53,194.07,5382.7,2025-12-03 13:59:59.999,1042966.6090,1988,4490.7,870266.6630,0,73.33333333333329,4.111881316974632,4.580629556010136,-0.468748239035504,195.6905767482789,190.9025,186.11442325172112,1.537857142857145,71328.005,2.002522863450017,192.832,0.8654016408482372
2025-12-03 14:00:00,194.07,194.96,190.37,191.7,724663.6,2025-12-03 14:59:59.999,139959838.1200,3255,479255.0,92835497.6030,0,53.70548604427325,3.79481032398607,4.423465709605323,-0.6286553856192532,195.63200361631303,191.113,186.59399638368697,1.7178571428571436,97870.37999999999,0.4927657789893048,192.626,1.0067919348020844
2025-12-03 15:00:00,191.7,193.41,191.23,192.74,368693.8,2025-12-03 15:59:59.999,70992450.6360,2893,298804.3,57586320.1850,0,61.524163568773325,3.5861101406020452,4.255994595804668,-0.6698844552026229,195.56356387505656,191.3905,187.21743612494345,1.7792857142857141,111540.10999999999,1.2555818229577174,192.82599999999996,0.8778553411484291
2025-12-03 16:00:00,192.74,193.06,191.17,192.3,121610.2,2025-12-03 16:59:59.999,23401723.6620,2379,96765.8,18648049.0420,0,57.19626168224309,3.3466315337843184,4.074121983400598,-0.7274904496162797,194.94215242875435,191.719,188.49584757124563,1.8149999999999997,114246.18499999998,-0.05716958578035716,192.796,0.8962867844517032
2025-12-03 17:00:00,192.24,194.31,192.21,194.31,156818.1,2025-12-03 17:59:59.999,30366669.0030,2138,156116.7,30231300.8870,0,66.09756097560981,3.2812094739267366,3.9155394815058258,-0.6343300075790892,194.83663526309232,192.055,189.2733647369077,1.8328571428571425,117979.97,0.8459622171475998,193.024,1.1297920162503887
2025-12-03 18:00:00,194.31,195.46,193.4,193.96,61324.5,2025-12-03 18:59:59.999,11910508.4470,2252,24813.5,4839511.3420,0,57.318224740321135,3.1646399458454084,3.7653595743737425,-0.600719628528334,194.8904153364736,192.283,189.67558466352637,1.8314285714285725,118217.11000000002,0.4453650958052893,193.002,1.1051334760937663
2025-12-03 19:00:00,193.97,195.38,193.4,195.38,79994.5,2025-12-03 19:59:59.999,15574892.5300,2069,79205.1,15421268.9910,0,61.49914821124361,3.1505226238917317,3.642392184277341,-0.49186956038560936,195.24381870732944,192.56199999999998,189.88018129267053,1.8528571428571428,120487.28,1.1807353702744698,193.738,1.2385959793185761
2025-12-03 20:00:00,195.39,197.69,194.54,196.76,152920.8,2025-12-03 20:59:59.999,30168584.2330,2364,152243.1,30035457.3390,0,64.40944881889767,3.213644122373694,3.5566425718966115,-0.3429984495229177,196.0132153436133,192.8535,189.6937846563867,1.962142857142857,122891.45999999999,1.8953909891248042,194.542,1.6613909834789977
2025-12-03 21:00:00,197.69,198.18,196.29,198.18,14599.8,2025-12-03 21:59:59.999,2885489.3850,2153,12305.7,2434148.8900,0,67.98866855524088,3.339751916086101,3.5132644407345097,-0.17351252464840883,196.97514639393808,193.24949999999998,189.5238536060619,2.0657142857142867,123569.35,2.8277901727805825,195.718,1.7560239178288826
2025-12-03 22:00:00,198.05,199.46,197.05,199.32,263375.2,2025-12-03 22:59:59.999,52286785.6070,2476,229957.4,45670965.6040,0,70.38007863695941,3.491434638611878,3.508898480309983,-0.01746384169810522,198.10044912331122,193.6775,189.2545508766888,2.2064285714285723,135363.77999999997,3.9532700531970293,196.72,2.139298950588391
2025-12-03 23:00:00,199.32,200.22,197.81,197.81,81877.2,2025-12-03 23:59:59.999,16302007.6970,2361,47388.0,9459687.5940,0,65.48780487804888,3.450030109096616,3.49712480606731,-0.04709469697069402,198.54949392262526,194.0505,189.55150607737474,2.2328571428571444,134403.55,2.785138997142122,197.49,1.492682149685508
2025-12-04 00:00:00,197.81,198.61,196.22,196.73,79491.7,2025-12-04 00:59:59.999,15666127.9340,2101,209.1,41211.0960,0,65.13038204972707,3.292120234301535,3.456123891714155,-0.16400365741261957,198.84792370425652,194.2665,189.6850762957435,2.2735714285714317,134745.50999999998,1.8429362737485129,197.76,1.0809024007699066
2025-12-04 01:00:00,196.73,198.56,196.22,196.54,294266.3,2025-12-04 01:59:59.999,58204476.5650,2229,253214.9,50128021.4030,0,62.80525986224172,3.1157279365640704,3.3880447006841377,-0.2723167641200672,199.08452790888043,194.4595,189.83447209111955,2.365714285714288,144633.62,1.2727366414180445,197.71599999999998,1.1349140936608728
2025-12-04 02:00:00,196.53,197.97,196.42,197.97,14763.8,2025-12-04 02:59:59.999,2919626.0760,2073,14043.4,2777479.1160,0,64.38848920863313,3.056096045897249,3.32165496972676,-0.2655589238295111,199.53482911862642,194.703,189.8711708813736,2.3200000000000034,138486.29499999998,3.2707355242566565,197.67399999999998,1.1171973863154248
2025-12-04 03:00:00,197.97,198.39,195.98,197.5,26279.0,2025-12-04 03:59:59.999,5164283.3100,2209,391.1,77116.3160,0,60.55384615384617,2.937055720777664,3.244735119936941,-0.307679399159277,199.8473074853783,194.923,189.9986925146217,2.3821428571428607,139779.77,2.4696482307772083,197.31,0.6424562241814467
2025-12-04 04:00:00,197.5,197.65,194.5,194.87,76550.9,2025-12-04 04:59:59.999,15042073.5770,2360,25137.2,4965738.6090,0,59.60024227740769,2.6005192185241413,3.1158919396543814,-0.5153727211302401,199.86090918810842,195.0115,190.1620908118916,2.279285714285718,143597.27999999997,1.3364534581383218,196.722,1.1859468790753696
2025-12-04 05:00:00,194.87,195.32,193.4,193.86,56527.2,2025-12-04 05:59:59.999,10972981.5430,2423,384.1,74630.6890,0,53.398058252427205,2.226645671533163,2.938042686030138,-0.711397014496975,199.831049001375,195.06799999999998,190.30495099862497,2.2607142857142883,144157.125,-0.23158869847150873,196.148,1.7442390891124233
2025-12-04 06:00:00,193.88,195.04,193.28,194.58,101489.4,2025-12-04 06:59:59.999,19751903.8550,1969,100492.4,19558477.4540,0,56.80190930787591,1.9657858193718027,2.743591312698471,-0.7778054933266683,199.71778974898763,195.20999999999998,190.70221025101233,2.2514285714285722,146620.72999999998,0.3196535368117161,195.75600000000003,1.8510888687437836
2025-12-04 07:00:00,194.58,195.04,192.83,193.09,61250.9,2025-12-04 07:59:59.999,11837064.9680,2104,366.7,70983.2510,0,46.24384236453202,1.620145925862147,2.5189022353312063,-0.8987563094690594,199.6757727786454,195.24200000000002,190.80822722135463,2.259285714285714,148918.32499999998,-1.1720749309038756,194.78000000000003,1.6695059149298266
2025-12-04 08:00:00,193.05,193.59,192.35,193.58,5745.8,2025-12-04 08:59:59.999,1108026.0790,1846,289.8,55986.2260,0,48.84004884004885,1.369970557148207,2.2891158996946066,-0.9191453425463996,199.65957498470036,195.2625,190.86542501529962,2.200714285714286,137381.27,-1.6161821508436565,193.996,0.7275506855089255
2025-12-04 09:00:00,193.58,194.22,192.35,193.88,19921.3,2025-12-04 09:59:59.999,3862890.8090,1986,14021.8,2720740.5290,0,45.085190039318476,1.1822836379888315,2.0677494473534517,-0.8854658093646202,199.66172866267337,195.253,190.8442713373266,2.192857142857144,138108.2,-2.1697446765566712,193.798,0.5410360431470478
2025-12-04 10:00:00,193.88,194.23,193.38,193.67,1065.8,2025-12-04 10:59:59.999,206492.1320,1911,11.1,2155.9020,0,39.03477643718949,1.00501002738838,1.8552015633604373,-0.8501915359720573,199.50673145216697,195.35150000000002,191.19626854783306,2.028571428571429,101928.31,-2.834637768412606,193.76000000000002,0.5422637734388659
2025-12-04 11:00:00,193.68,194.28,193.23,194.26,1145.4,2025-12-04 11:59:59.999,221766.3110,1815,82.5,16025.7980,0,35.21870286576163,0.9017328677738874,1.6645078242431273,-0.7627749564692399,199.43457729162753,195.42749999999998,191.42042270837243,1.9685714285714286,83550.88999999998,-1.7946514331934744,193.696,0.4281705267577985
2025-12-04 12:00:00,194.25,195.24,192.86,193.06,192532.1,2025-12-04 12:59:59.999,37347591.7660,3133,103946.1,20217996.8100,0,26.501501501501522,0.7148150604659804,1.4745692714876981,-0.7597542110217177,199.36054665197702,195.46550000000002,191.57045334802302,1.9664285714285714,87096.985,-1.8655009403751273,193.69,0.43886216513165266
2025-12-04 13:00:00,193.06,193.69,192.46,192.46,4011.3,2025-12-04 13:59:59.999,772952.5620,1998,309.5,59842.2380,0,28.4448025785657,0.5123601965014757,1.2821274564904537,-0.769767259988978,199.46640470822126,195.373,191.27959529177872,1.8821428571428567,79456.645,-2.0759133000915764,193.46599999999998,0.7106898057406573
2025-12-04 14:00:00,192.46,193.69,192.42,192.61,16147.3,2025-12-04 14:59:59.999,3114538.0830,2076,698.8,135228.2520,0,32.05574912891994,0.359868662666031,1.0976756977255693,-0.7378070350595383,199.53913213478174,195.3055,191.07186786521825,1.8021428571428564,77197.785,-2.707480931454253,193.21200000000002,0.751511809609996
2025-12-04 15:00:00,192.63,195.81,192.42,195.58,589461.0,2025-12-04 15:59:59.999,115040670.8230,2372,588501.8,114854607.0020,0,46.63394109396921,0.47321724826315403,0.9727840078330863,-0.49956675956993224,199.55081754852773,195.3155,191.08018245147224,1.8771428571428572,102671.11000000002,-0.9721518987341708,193.594,1.3159711242971535
2025-12-04 16:00:00,195.59,195.88,193.74,193.9,50625.7,2025-12-04 16:59:59.999,9833736.7480,2245,119.4,23209.6020,0,35.975189524465904,0.42261323699861464,0.8627498536661921,-0.4401366166675774,199.3955738368639,195.17249999999999,190.94942616313608,1.9192857142857125,97556.35500000001,-0.4977677425976286,193.522,1.2797734174391204
2025-12-04 17:00:00,193.9,194.22,191.85,192.43,47863.3,2025-12-04 17:59:59.999,9209549.4310,2356,213.5,41138.8700,0,33.655705996131545,0.2608851570962827,0.7423769143522102,-0.4814917572559275,199.02813128468452,194.88500000000002,190.74186871531552,1.9164285714285703,99219.53,-0.7376457237181505,193.39600000000002,1.364818669268412
2025-12-04 18:00:00,192.46,193.0,191.23,191.43,48081.4,2025-12-04 18:59:59.999,9233169.9840,2091,19743.4,3809910.5130,0,37.60806916426514,0.051429992989341144,0.6041875300796364,-0.5527575370902953,198.3482739695357,194.4905,190.63272603046428,1.817857142857142,88454.84,-1.6188714153561545,193.19,1.5990465909357592
2025-12-04 19:00:00,191.43,191.45,187.43,190.38,412138.8,2025-12-04 19:59:59.999,77837050.4310,2753,214917.3,40592253.2220,0,37.49999999999995,-0.1970198363593454,0.44394605679184007,-0.6409658931511855,198.0609038947973,194.119,190.1770961052027,1.9678571428571416,104967.92,-1.403490600238235,192.744,2.0489582718988166
2025-12-04 20:00:00,190.38,191.64,189.4,191.58,43396.2,2025-12-04 20:59:59.999,8280285.1210,2253,42583.9,8125563.0160,0,39.58333333333336,-0.29370252503579763,0.2964163404263125,-0.5901188654621101,197.75782633995124,193.8615,189.96517366004878,2.002142857142855,103163.14499999999,-1.0331645831180907,191.94400000000002,1.3138607232052115
2025-12-04 21:00:00,191.59,191.66,190.05,190.05,1013.0,2025-12-04 21:59:59.999,193423.2920,1931,65.8,12589.5780,0,39.473684210526365,-0.4881553150241018,0.13950200933622958,-0.6276573243603314,197.5725947843147,193.537,189.5014052156853,1.9592857142857127,88500.48000000001,-1.975448731173914,191.174,0.9619927234548853
2025-12-04 22:00:00,190.05,191.64,190.05,191.07,962.4,2025-12-04 22:59:59.999,183815.8990,1766,150.0,28681.6020,0,41.6165664662658,-0.5535738221086604,0.0008868430472515513,-0.5544606651559119,196.78769098842514,193.192,189.59630901157487,1.9842857142857102,87810.41,-1.3424898022409224,190.90200000000002,0.6642815667920822
2025-12-04 23:00:00,191.07,191.64,190.05,190.41,1014.3,2025-12-04 23:59:59.999,193457.0380,1851,152.9,29162.5920,0,38.68232224396609,-0.651168677264792,-0.12952426101515718,-0.5216444162496348,196.01902479167336,192.8375,189.65597520832665,1.9642857142857082,86547.175,-1.981879954699884,190.698,0.6164981751631098
2025-12-05 00:00:00,190.41,191.28,190.05,190.61,996.6,2025-12-05 00:59:59.999,190076.1180,1781,226.9,43292.2580,0,40.01305483028731,-0.7042567412502194,-0.24447075706216967,-0.4597859841880497,195.80348676344178,192.62449999999998,189.44551323655818,1.991428571428565,82769.45999999999,-1.269035532994918,190.744,0.5950462166752343
2025-12-05 01:00:00,190.61,191.55,190.05,191.08,1005.2,2025-12-05 01:59:59.999,192048.8370,1920,127.4,24370.3620,0,39.539473684210606,-0.7003313584325497,-0.3356428773362457,-0.364688481096304,195.6800972483211,192.4855,189.2909027516789,2.0235714285714215,79993.36,-0.7170321105684274,190.644,0.4416786161671826
2025-12-05 02:00:00,191.03,192.81,190.79,192.59,36124.9,2025-12-05 02:59:59.999,6948432.0580,2250,35073.1,6746446.3220,0,48.48484848484849,-0.5688190914565325,-0.3822781201603031,-0.18654097129622943,195.42614819583935,192.38600000000002,189.3458518041607,1.9978571428571368,76725.135,-0.01038367685998143,191.152,0.8549970760067712
2025-12-05 03:00:00,192.6,193.25,191.71,191.97,1155.2,2025-12-05 03:59:59.999,222088.6430,2146,266.9,51348.2700,0,48.42240824211202,-0.5087588356609558,-0.40757426326043367,-0.10118457240052214,195.3567787288994,192.33,189.30322127110063,2.019999999999994,73720.35,-1.845792003272325,191.332,0.9252675288695693
2025-12-05 04:00:00,191.97,192.22,190.12,190.91,30330.2,2025-12-05 04:59:59.999,5779042.8310,2286,147.4,28093.1020,0,44.8296836982968,-0.5404636627651485,-0.4341521431613767,-0.10631151960377178,195.2266660541666,192.19650000000001,189.16633394583343,2.079285714285707,74949.57,-1.5420319752449763,191.43200000000002,0.8219610696258988
2025-12-05 05:00:00,190.97,191.4,190.12,190.28,1181.8,2025-12-05 05:59:59.999,225328.8010,1923,122.8,23481.6820,0,31.20567375886523,-0.6094009072170365,-0.46920189597250866,-0.14019901124452788,195.0532869100213,192.0165,188.9797130899787,1.9285714285714204,74012.595,-1.1172894039390975,191.366,0.9127047715337423
2025-12-05 06:00:00,190.28,191.4,190.28,191.06,7000.3,2025-12-05 06:59:59.999,1334860.7970,2486,817.6,156179.6480,0,39.24242424242424,-0.5942446069189771,-0.4942104381618024,-0.10003416875717469,194.8469770791401,191.88600000000002,188.92502292085996,1.855714285714279,74309.31999999999,-0.1932821396855271,191.362,0.9143139504461554
2025-12-05 07:00:00,191.06,192.67,190.59,191.76,47064.5,2025-12-05 07:59:59.999,9044541.1280,2445,46202.6,8878995.1170,0,47.30490748189857,-0.519757538515421,-0.4993198582325261,-0.020437680282894832,194.50297700478546,191.76100000000002,189.01902299521458,1.8349999999999917,76605.275,0.7248660573589639,191.196,0.6812708712253869
2025-12-05 08:00:00,191.76,192.67,190.33,191.02,51022.1,2025-12-05 08:59:59.999,9744388.4550,2442,279.9,53439.8420,0,48.31552999178309,-0.5145069004384197,-0.502357266673705,-0.012149633764714785,194.34879279186958,191.659,188.9692072081304,1.875714285714275,69529.775,-0.2923060862302966,191.006,0.5262888940305649
2025-12-05 09:00:00,191.02,191.07,188.31,188.94,139009.8,2025-12-05 09:59:59.999,26312379.3870,2557,196.2,37067.2100,0,44.545454545454554,-0.6704557520824892,-0.5359769637554618,-0.13447878832702742,194.40291420206222,191.483,188.5630857979378,1.7857142857142756,76279.7,-0.584056827150757,190.612,1.0713169465565873
2025-12-05 10:00:00,188.91,190.57,188.31,190.16,38467.1,2025-12-05 10:59:59.999,7308366.5010,2351,37690.6,7160822.2150,0,44.62934947049917,-0.6876754420932514,-0.5663166594230197,-0.1213587826702317,194.2868987209061,191.3605,188.4341012790939,1.7871428571428478,77395.68999999999,-0.4762652431046196,190.588,1.0819057260128049
2025-12-05 11:00:00,190.16,190.57,188.36,189.19,51230.6,2025-12-05 11:59:59.999,9677918.9780,2372,229.6,43352.2830,0,46.60347551342805,-0.7707088124197696,-0.6071950900223697,-0.16351372239739992,193.3599553001833,191.041,188.7220446998167,1.82999999999999,50484.17,-0.640722651121264,190.214,1.1952321950059404
2025-12-05 12:00:00,189.2,189.25,188.31,188.59,1687.4,2025-12-05 12:59:59.999,318659.3750,2021,593.9,112288.8880,0,39.86928104575166,-0.8748436887448747,-0.6607248097668708,-0.21411887897800397,192.9260003089946,190.77550000000002,188.62499969100546,1.7835714285714204,48037.255000000005,-1.0597555217459789,189.58,0.993956739490073
2025-12-05 13:00:00,188.5,189.54,187.51,188.05,50701.2,2025-12-05 13:59:59.999,9522742.1760,2414,369.9,69864.5120,0,40.264026402640305,-0.989538036991064,-0.7264874552117095,-0.2630505817793545,192.88250199122805,190.5565,188.23049800877195,1.8149999999999937,48179.15,-1.5857232572744406,188.98600000000002,0.7834092161679059
2025-12-05 14:00:00,188.03,189.07,187.51,188.35,13457.7,2025-12-05 14:59:59.999,2541823.4180,2201,11875.5,2244222.0480,0,40.75286415711935,-1.044189870665548,-0.7900279383024773,-0.2541619323630706,192.8874091903428,190.4025,187.9175908096572,1.8385714285714232,46447.965,-2.2015680980320935,188.868,0.8348173452777771
2025-12-05 15:00:00,188.57,191.86,187.63,188.38,1636074.4,2025-12-05 15:59:59.999,311721395.0410,3491,1564099.4,298101950.4910,0,38.539898132427716,-1.0727154968132027,-0.8465654500046225,-0.2261500468085802,192.94706443534116,190.30249999999998,187.6579355646588,2.0335714285714244,107644.745,-1.8700838672709295,188.512,0.4251117499859338
2025-12-05 16:00:00,188.39,188.46,182.4,184.06,734235.8,2025-12-05 16:59:59.999,135336099.0350,3603,425801.8,78214687.8910,0,20.7676490747086,-1.427455340697378,-0.9627434281431736,-0.4647119125542044,193.70258694704188,189.9265,186.15041305295813,2.3221428571428526,142186.725,-3.5880781520087974,187.486,1.924845448334644
2025-12-05 17:00:00,184.06,184.65,182.68,184.5,222488.2,2025-12-05 17:59:59.999,40889480.9020,2823,175154.1,32227795.8940,0,24.08049965301862,-1.6540184053849885,-1.1009984235915367,-0.5530199817934518,194.13572849987838,189.649,185.16227150012162,2.3528571428571388,153260.485,-3.03762875762035,186.66799999999998,2.189285271492365
2025-12-05 18:00:00,184.47,185.93,182.4,182.4,267932.5,2025-12-05 18:59:59.999,49466881.9070,2770,183543.3,33989062.5690,0,22.459546925566244,-1.9801972349222012,-1.2768381858576696,-0.7033590490645316,194.69063604734032,189.2155,183.74036395265966,2.454999999999996,166608.99,-4.532607557835233,185.538,2.696909342186293
2025-12-05 19:00:00,182.4,184.99,181.46,184.37,187364.1,2025-12-05 19:59:59.999,34476547.6340,2697,153341.9,28279116.1060,0,32.4002382370458,-2.0560331015405495,-1.4326771689942457,-0.6233559325463038,194.76462233948524,188.9135,183.06237766051476,2.615714285714282,175926.48,-3.853775552774294,184.74200000000002,2.201254187950712
2025-12-05 20:00:00,184.37,184.99,183.1,183.24,36304.4,2025-12-05 20:59:59.999,6654387.1020,2412,132.6,24331.1820,0,27.18786464410728,-2.18216054004165,-1.5825738432037268,-0.5995866968379233,194.8564582517199,188.54500000000002,182.23354174828012,2.6707142857142827,177691.87,-4.072871950581091,183.714,0.8830515273578682
2025-12-05 21:00:00,183.22,184.1,183.1,183.72,1140.1,2025-12-05 21:59:59.999,209498.8580,2166,297.1,54609.8200,0,26.241134751772975,-2.217819809066242,-1.7096230363762301,-0.5081967726900118,194.72013332313026,188.17700000000002,181.6338666768698,2.5935714285714266,177698.615,-2.762781835503334,183.64600000000002,0.8626007187389578
2025-12-05 22:00:00,183.74,184.67,183.03,184.21,66467.8,2025-12-05 22:59:59.999,12247390.4240,2625,65484.4,12066727.6260,0,29.57408518296336,-2.1813953638967405,-1.8039775018803326,-0.3774178620164079,194.1834611958205,187.75799999999998,181.33253880417945,2.5435714285714277,179215.75999999998,-3.1289440471182104,183.58800000000002,0.7981666492461854
2025-12-05 23:00:00,184.22,184.67,182.91,183.36,36431.9,2025-12-05 23:59:59.999,6672466.2540,2421,180.7,33159.1360,0,31.93005181347148,-2.195804754559987,-1.8823429524162634,-0.31346180214372343,193.7183812504962,187.3275,180.93661874950377,2.472142857142856,180979.59500000003,-3.0815582218933266,183.78,0.5011486805022646
2025-12-06 00:00:00,183.4,183.88,182.14,183.32,134255.3,2025-12-06 00:59:59.999,24578933.2310,2581,111128.6,20363190.2620,0,26.01683029453008,-2.1852616303838204,-1.9429266880097749,-0.24233494237404551,193.34456684233595,186.948,180.55143315766406,2.435,186175.85,-2.794421761493192,183.57,0.40236799073591845
2025-12-06 01:00:00,183.32,184.22,182.9,183.07,2922.5,2025-12-06 01:59:59.999,535965.0090,3005,1879.3,344610.8330,0,27.400295420974814,-2.1720411014094907,-1.9887495706897185,-0.18329153071977222,193.00603852852478,186.5875,180.16896147147523,2.3714285714285728,186262.885,-2.6482318532305333,183.536,0.4424138333831983
2025-12-06 02:00:00,183.07,183.82,182.49,183.82,55196.8,2025-12-06 02:59:59.999,10091716.1640,3455,8015.2,1471271.0670,0,32.57852447041628,-2.077101472140015,-2.006419950979778,-0.07068152116023674,192.39373262241816,186.22549999999998,180.0572673775818,2.3992857142857145,188672.71,-2.4050968940801707,183.55599999999998,0.4548955923822991
2025-12-06 03:00:00,183.82,184.71,183.62,183.73,81790.5,2025-12-06 03:59:59.999,15071440.2330,3049,36669.5,6754592.7600,0,33.6858006042295,-1.9862273868475313,-2.002381438153329,0.016154051305797612,191.501220965824,185.824,180.14677903417603,2.3321428571428577,190409.00999999998,-2.468414906040984,183.45999999999998,0.30991934429574547
2025-12-06 04:00:00,183.77,184.26,182.94,184.2,1305.0,2025-12-06 04:59:59.999,239534.6660,2670,205.2,37741.4190,0,34.526472781506314,-1.8549017942468993,-1.972885509372043,0.11798371512514372,190.64173954413926,185.483,180.32426045586075,2.315,187923.15499999997,0.07606215364554295,183.628,0.4417804884429999
2025-12-06 05:00:00,184.21,184.46,182.94,183.86,173618.0,2025-12-06 05:59:59.999,31972080.4520,3508,77879.8,14350219.5220,0,33.527696793002946,-1.7579953978304843,-1.9299074870637312,0.17191208923324686,190.1665634306442,185.22899999999998,180.29143656935577,2.1214285714285706,189653.565,-0.34688346883468096,183.736,0.4127105522870543
2025-12-06 06:00:00,183.86,185.01,183.68,184.11,44407.6,2025-12-06 06:59:59.999,8191877.6660,3185,43054.9,7942381.9130,0,50.25906735751302,-1.6420944274434817,-1.8723448751396816,0.23025044769619996,189.30130958984796,184.9265,180.55169041015205,1.7835714285714264,189950.59,0.9375000000000043,183.94400000000002,0.2008233053441964
2025-12-06 07:00:00,184.13,185.01,183.24,183.28,16614.6,2025-12-06 07:59:59.999,3049936.8460,2947,265.5,48783.8050,0,43.92430278884463,-1.5987863232663244,-1.8176331647650101,0.21884684149868572,188.56993333144035,184.631,180.69206666855965,1.769285714285711,188219.78999999998,-0.591202473287413,183.836,0.36349690503389165
2025-12-06 08:00:00,183.25,183.69,182.16,182.16,1213.1,2025-12-06 08:59:59.999,221765.9840,2330,180.2,32918.2270,0,48.675496688741674,-1.6359804146001977,-1.7813026147320477,0.14532220013184993,187.9241513262811,184.3095,180.69484867371892,1.626428571428568,188196.075,-0.5893909626719125,183.522,0.8416174902940085
2025-12-06 09:00:00,182.16,184.37,182.14,183.92,34264.7,2025-12-06 09:59:59.999,6293867.3540,2319,33654.8,6182140.3230,0,47.45762711864397,-1.5060785726014103,-1.7262578063059202,0.22017923370450987,187.26093470151102,184.103,180.945065298489,1.5335714285714264,187374.25,0.10886131069017453,183.46599999999998,0.7931456360396312
2025-12-06 10:00:00,183.92,184.37,182.49,182.8,29702.4,2025-12-06 10:59:59.999,5426270.6740,2384,221.9,40666.8340,0,47.51131221719458,-1.4764850659345257,-1.676303258231641,0.1998181922971154,186.31718279641603,183.82549999999998,181.33381720358392,1.5328571428571394,188186.48500000002,-0.7654307583735934,183.254,0.8031064686381308
2025-12-06 11:00:00,182.79,184.5,182.49,184.5,20273.5,2025-12-06 11:59:59.999,3727094.6800,2219,14816.1,2723730.1630,0,53.87673956262427,-1.3008606938629441,-1.6012147453579018,0.30035405149495764,184.96519727491446,183.63150000000002,182.29780272508557,1.6049999999999958,107396.44000000002,0.6217277486910919,183.332,0.9177799300314367
2025-12-06 12:00:00,184.5,184.98,183.84,184.13,30416.2,2025-12-06 12:59:59.999,5614574.5040,2084,29324.1,5413114.6510,0,49.59758551307841,-1.1779542975804986,-1.5165626558024212,0.3386083582219226,184.9737897126877,183.635,182.29621028731228,1.5692857142857102,72205.45999999999,0.44185031638664757,183.502,0.9822016086164499
2025-12-06 13:00:00,184.1,185.7,183.91,185.27,57096.1,2025-12-06 13:59:59.999,10570876.3180,2446,55883.6,10346860.8960,0,59.335288367546426,-0.9772959609195198,-1.408709316825841,0.43141335590632135,185.15383104407812,183.6735,182.19316895592186,1.5714285714285674,63935.855,1.20172611569346,184.124,0.9012935148827068
2025-12-06 14:00:00,185.27,187.4,184.87,187.33,673067.3,2025-12-06 14:59:59.999,125498415.7060,2509,672016.1,125302633.6570,0,66.36734693877563,-0.6446172531547063,-1.2558909040916142,0.6112736509369079,186.0197242926927,183.92000000000002,181.82027570730733,1.6278571428571382,84192.595,1.90947666195192,184.806,1.670368222869028
2025-12-06 15:00:00,187.34,187.71,186.22,187.22,3502.2,2025-12-06 15:59:59.999,655757.9790,2122,2275.3,426576.3010,0,67.13459950454174,-0.3854004051548827,-1.081792804304268,0.6963923991493852,186.6263529804424,184.0625,181.4986470195576,1.6399999999999966,74999.5,1.8995264790725572,185.69,1.5047092742360395
2025-12-06 16:00:00,187.22,191.29,187.14,189.4,322478.6,2025-12-06 16:59:59.999,61033617.6030,3162,294455.6,55721128.2090,0,70.60561299852296,-0.0040151207658141175,-0.8662372675965772,0.862222146830763,187.8388074895638,184.3705,180.90219251043618,1.8414285714285694,89308.21,2.823018458197621,186.67000000000002,2.0373144087188506
