open_time,open,high,low,close,volume,close_time,quote_asset_volume,number_of_trades,taker_buy_base_asset_volume,taker_buy_quote_asset_volume,ignore,rsi_14,macd,macd_signal,macd_hist,bb_upper,bb_middle,bb_lower,atr_14,volume_ma_20,roc_12,close_ma_5,close_std_5
2025-11-21 06:45:00,85653.9,87000.0,85000.0,85557.3,6824.246,2025-11-21 06:59:59.999,584232686.71150,2278,1499.963,128431781.81630,0,47.54751391821853,-36.94558717934706,-3.5343690164528034,-33.41121816289426,86529.59109172909,85855.38,85181.16890827092,880.7642857142845,22782.0677,-0.2887940227329178,85711.18,221.62954902268592
2025-11-21 07:00:00,85557.3,85900.0,85100.0,85484.8,7203.715,2025-11-21 07:14:59.999,616301090.83620,2463,2184.593,186914771.92520,0,34.373240229755496,-54.06037749905954,-13.733642405951084,-40.326735093108454,86449.32423304417,85809.14499999999,85168.96576695581,878.5928571428564,21717.357,-0.26356102563623235,85587.63999999998,67.61015456270584
2025-11-21 07:15:00,85484.8,86500.0,85000.0,85181.7,13167.056,2025-11-21 07:29:59.999,1123111641.60840,2486,2746.598,234270899.82730,0,33.098362433575275,-86.99750208447222,-28.495336418271183,-58.50216566620104,86340.9687511069,85741.085,85141.2012488931,952.307142857142,20760.01265,-0.7709378112495447,85497.98,187.80499727108392
2025-11-21 07:30:00,85185.2,85701.3,83100.0,84355.9,51964.975,2025-11-21 07:44:59.999,4372201501.36770,5887,15074.415,1265791596.65890,0,23.699332194439975,-167.61360569976387,-56.48420740738516,-111.12939829237871,86523.30222417608,85703.88,84884.45777582393,1105.9714285714279,21593.29695,-1.789780797548587,85246.72,528.3761557829688
2025-11-21 07:45:00,84355.9,86222.7,83500.0,84051.3,32013.785,2025-11-21 07:59:59.999,2689115513.10320,3846,11795.293,990208156.86480,0,17.383708233238508,-249.1882772690442,-95.2078887947942,-153.98038847425,86734.7864760583,85633.39,84531.9935239417,1267.8214285714275,21537.399100000002,-2.2812698006708216,84926.2,683.0617688027795
2025-11-21 08:00:00,84051.3,84900.0,83500.0,84424.2,24389.678,2025-11-21 08:14:59.999,2051630483.91120,3591,9825.468,827322284.77150,0,26.079593564775436,-283.77502051435295,-133.0643327403452,-150.71068777400774,86792.97914290256,85567.93000000001,84342.88085709745,1303.057142857142,21352.781349999997,-1.984591378974069,84699.58,604.819640058073
2025-11-21 08:15:00,84425.4,85000.0,83700.0,84286.4,22494.235,2025-11-21 08:29:59.999,1899447850.52120,2724,7061.648,596702806.74140,0,22.03620349081929,-317.04926595849975,-169.97286858885468,-147.07639736964506,86850.15810745228,85499.275,84148.3918925477,1348.1499999999994,21189.28755,-2.210197305067559,84459.9,427.24171729826094
2025-11-21 08:30:00,84281.3,85000.0,83788.8,83788.8,21619.332,2025-11-21 08:44:59.999,1817299882.09800,2462,4873.888,410725262.63420,0,16.170360110802903,-374.5407423696597,-210.98560605953844,-163.55513631012127,86911.84186920602,85386.725,83861.60813079399,1403.2142857142858,21046.04595,-2.587586976614405,84181.31999999999,260.5224692804006
2025-11-21 08:45:00,83792.0,84200.0,83435.0,83668.8,23859.745,2025-11-21 08:59:59.999,1997609565.29230,2516,13030.402,1090663021.82240,0,14.246839389987954,-423.5837068184046,-253.5876305110353,-169.99607630736932,86971.77609760065,85279.91,83588.04390239935,1365.0214285714287,21730.6892,-2.8265149095554682,84043.9,319.8691607516338
2025-11-21 09:00:00,83675.2,84000.0,83435.0,83637.8,19617.221,2025-11-21 09:14:59.999,1643577513.35050,2533,12572.256,1053559955.28410,0,14.861468405334108,-459.15732083364855,-294.76528791408697,-164.3920329195616,87005.41788103821,85176.265,83347.11211896178,1296.5071428571432,21939.982299999996,-2.3265210790610733,83961.2,367.4000272182254
2025-11-21 09:15:00,83657.7,83726.9,83067.2,83099.0,19573.51,2025-11-21 09:29:59.999,1632333071.94080,2616,4138.009,345324293.45980,0,10.817439403031628,-520.7322055530531,-340.0146874853631,-180.71751806768998,87059.2413744335,85039.04000000001,83018.83862556651,1250.7714285714287,21862.30545,-2.9355629221068926,83696.16,423.5917704582479
2025-11-21 09:30:00,83100.4,84200.0,82300.0,82612.8,29020.734,2025-11-21 09:44:59.999,2401662589.38040,3281,10180.991,842405150.81780,0,10.77891014975026,-598.3500851097342,-391.73298633256263,-206.61709877717158,87123.04905918655,84875.02,82626.99094081346,1330.7142857142858,21754.983099999998,-3.5504512929358634,83361.44,495.6859368591738
2025-11-21 09:45:00,82612.8,83000.0,82200.0,82200.7,22268.987,2025-11-21 09:59:59.999,1834713667.13140,3052,6142.436,506044197.67210,0,9.776687810974437,-682.4093924284243,-449.9143635878598,-232.49502884056454,87160.954168271,84684.38,82207.80583172901,1360.1571428571426,22046.80715,-3.923218708397771,83043.82,640.9147072738785
2025-11-21 10:00:00,82200.7,82374.4,81800.0,82064.3,32461.141,2025-11-21 10:14:59.999,2664952544.96850,3632,12416.611,1019983887.43980,0,8.601282465285692,-750.3286494701024,-510.03532695195565,-240.29332251814674,87119.50966684341,84480.91500000001,81842.3203331566,1342.807142857142,22514.15995,-4.0012961368570785,82722.92,651.3566665045865
2025-11-21 10:15:00,82059.9,82382.0,81400.0,82023.0,60442.972,2025-11-21 10:29:59.999,4955825800.66420,4250,27437.280,2251575088.79120,0,8.712413261372276,-797.8491171936912,-567.627287593693,-230.22182959999816,86999.25026894816,84272.49500000001,81545.73973105186,1270.0928571428562,24823.7108,-3.708190843807998,82399.95999999999,455.09032400170173
2025-11-21 10:30:00,82023.0,82999.0,80800.0,82513.1,47138.143,2025-11-21 10:44:59.999,3880119527.02290,4019,22554.507,1860705112.45090,0,18.37069204078594,-789.13565427906,-611.9469391172803,-177.18871516177967,86802.78312037396,84097.425,81392.06687962604,1370.0214285714278,26236.433100000002,-2.1845537775069537,82282.78,266.41921289572264
2025-11-21 10:45:00,82513.1,83000.0,81400.0,82710.1,12941.839,2025-11-21 10:59:59.999,1068582993.14920,2525,6646.301,548641809.92970,0,23.08563463716355,-758.4192401550681,-641.2509090067629,-117.16833114830524,86527.1570718784,83927.80500000001,81328.45292812161,1377.164285714285,26135.7245,-1.5956921546722027,82302.24,298.2081957290503
2025-11-21 11:00:00,82710.1,83322.0,81000.0,83045.9,25437.507,2025-11-21 11:14:59.999,2110723069.16820,3050,13986.283,1159930832.98620,0,34.03062219621603,-700.2995143854641,-653.0636968575656,-47.235817527898575,86296.61639790656,83798.6,81300.58360209345,1357.2142857142846,25925.60615,-1.6325887600948579,82471.28,434.6146937230298
2025-11-21 11:15:00,83322.0,83500.0,82000.0,82822.6,23838.073,2025-11-21 11:29:59.999,1978574542.21010,3008,8097.562,672216943.49350,0,34.718802079446746,-663.7060435553285,-655.1926083547373,-8.513435200591175,86039.51120057795,83659.12000000001,81278.72879942207,1269.8785714285707,25682.14435,-1.7366977353404447,82622.94,386.7651005454772
2025-11-21 11:30:00,82899.2,83300.0,82040.2,82494.4,16368.497,2025-11-21 11:44:59.999,1354552433.65130,2462,4426.058,366258837.78260,0,25.729449642821123,-652.4282632269606,-654.639647452793,2.2113842258324894,85739.23860556312,83501.14499999999,81263.05139443686,1259.8642857142852,25632.26955,-1.5448365413993381,82717.22,229.40134480849417
2025-11-21 11:45:00,82484.4,82849.0,82200.0,82278.0,14989.545,2025-11-21 11:59:59.999,1233497072.40700,2459,3908.641,321560437.09110,0,25.230625030832186,-652.6428780987189,-654.2402404916867,1.5973623929677387,85415.82678004942,83337.18,81258.53321995056,1213.3642857142852,26040.5345,-1.6622683724399092,82670.2,296.09742484518324
2025-11-21 12:00:00,82281.4,82906.6,81500.0,82200.2,20820.64,2025-11-21 12:14:59.999,1710725000.07110,2736,6882.849,565070244.48310,0,28.144948272066813,-651.2861047171027,-653.6493505025686,2.3632457854658924,85046.01060092461,83172.95,81299.88939907539,1227.3214285714287,26721.38075,-1.7188400460079123,82568.22,359.8621708376094
2025-11-21 12:15:00,82200.2,82700.0,80500.0,80760.6,29935.677,2025-11-21 12:29:59.999,2436080838.43660,3793,6880.755,557798492.87340,0,20.647961243439596,-753.4138473148341,-673.6039474143887,-79.80989990044543,84869.7743535128,82951.89499999999,81034.01564648718,1329.8214285714287,27559.811800000003,-2.813992948170248,82111.16,792.5900251706386
2025-11-21 12:30:00,80760.6,82956.7,80599.4,82954.1,40161.874,2025-11-21 12:44:59.999,3296338646.41660,3940,30258.832,2483259618.82490,0,45.19637462235651,-655.6646810171806,-670.015849941687,14.351168924506396,84682.52201681044,82881.80500000001,81081.08798318957,1457.8428571428574,26969.656750000002,0.4131321054364491,82137.46,823.6714017130805
2025-11-21 12:45:00,82956.7,85000.0,81050.0,83231.9,19762.641,2025-11-21 12:59:59.999,1646187911.60720,3130,10158.920,845997155.91730,0,50.9692947268616,-550.1496445940429,-646.0413035736966,95.8916589796537,84565.18327142225,82840.83499999999,81116.48672857773,1692.864285714286,26357.099549999995,1.254490533535599,82284.95999999999,958.5600935778492
2025-11-21 13:00:00,83231.9,84300.0,83102.0,83709.3,25065.645,2025-11-21 13:14:59.999,2092701900.63080,2984,16974.047,1417173992.54660,0,58.00750726627428,-424.2480636161199,-601.6807234064095,177.43265979028956,84417.2264182838,82805.09,81192.9535817162,1642.721428571429,26390.8979,2.004525719466321,82571.22,1150.4696723512334
2025-11-21 13:15:00,83728.4,84273.5,83000.0,83400.8,30226.587,2025-11-21 13:29:59.999,2533639462.43800,3281,13417.362,1125334595.00210,0,58.89872610520391,-344.74918691287166,-550.2926254938304,205.54343858095876,84245.22375406664,82760.81000000001,81276.39624593339,1676.5428571428577,26777.515499999998,1.679772746668621,82811.34000000001,1178.6200545553
2025-11-21 13:30:00,83400.8,84273.5,83000.0,84055.2,25888.736,2025-11-21 13:44:59.999,2167003470.36400,3106,17848.669,1494498223.12280,0,63.709355331836775,-227.6427753688622,-485.7608565856673,258.1180812168051,84301.54153603739,82774.13,81246.71846396262,1726.4785714285722,26990.9857,1.8689153601064452,83470.26,426.42591736421
2025-11-21 13:45:00,84055.2,84316.6,80600.0,84081.2,25760.291,2025-11-21 13:59:59.999,2167878921.19760,3096,14762.386,1242453345.43060,0,64.20271053575868,-131.29964235890657,-414.8670327552137,283.56739039630713,84382.94178147221,82794.75,81206.55821852779,1921.807142857144,27086.013,1.6577177394296359,83695.68,380.8253891219641
2025-11-21 14:00:00,84079.0,100000.0,83200.0,83871.4,34116.267,2025-11-21 14:14:59.999,2865644188.27900,3649,18034.178,1515593982.37340,0,59.75019740147867,-70.72214780401555,-346.03682779308383,275.3146799890683,84423.89330712438,82806.43,81188.9666928756,2964.7357142857154,27810.9653,0.9940286034590511,83823.58,280.22557342235297
2025-11-21 14:15:00,83865.9,83871.4,83200.0,83665.1,14945.881,2025-11-21 14:29:59.999,1250282896.96880,2129,3711.042,310560976.36850,0,56.846074439410486,-38.59987507057667,-284.54855965869416,245.9486845881175,84493.05275035938,82834.735,81176.41724964062,2898.4071428571438,27579.583849999995,1.0172344263522275,83814.74,285.3816532292971
2025-11-21 14:30:00,83665.1,88000.0,83200.0,84855.3,30927.516,2025-11-21 14:44:59.999,2615643497.22570,3552,18513.050,1565359859.10960,0,61.555459050733255,80.20648980213446,-211.59671680373333,291.8032066058678,84830.0024927496,82946.86,81063.7175072504,3075.4071428571438,27674.92295,2.8618912314048095,84105.64,451.1306606736866
2025-11-21 14:45:00,84859.1,87800.0,82374.8,84825.4,34032.162,2025-11-21 14:59:59.999,2885712308.38140,3743,19342.544,1640306550.68070,0,63.11453940647995,170.00176645586907,-135.27632301193478,305.27808946780385,85102.7991166289,83078.095,81053.3908833711,3355.778571428572,28263.081700000002,3.0960888694426143,84259.68000000001,550.2145372487637
2025-11-21 15:00:00,84825.4,85005.5,82600.0,84094.3,33050.148,2025-11-21 15:14:59.999,2792068266.18530,3341,12622.363,1066364796.98370,0,59.95123589635149,180.9894574865466,-72.02270468590474,253.01216217245133,85193.81415963778,83179.595,81165.37584036222,3437.6142857142863,28292.532049999998,2.3042523010892992,84262.3,549.1824059453025
2025-11-21 15:15:00,84094.3,84398.9,83050.0,83601.7,33505.17,2025-11-21 15:29:59.999,2812016393.93920,3311,14623.210,1228023628.78200,0,57.959807093290365,148.8047752265993,-27.856950510115777,176.66172573671508,85204.48236388912,83258.53,81312.57763611087,3487.6071428571427,26945.641949999997,3.5179282967189334,84208.36,607.3399361147534
2025-11-21 15:30:00,83601.7,85000.0,81000.0,83226.3,30291.699,2025-11-21 15:44:59.999,2522908582.74430,3828,14229.858,1184531221.31660,0,55.95703918722792,92.35169411182869,-3.815109146717232,96.16680325854593,85208.50782754106,83294.19,81379.87217245894,3672.8499999999995,26103.319750000002,0.32813326888001565,84120.6,725.6460087397145
2025-11-21 15:45:00,83221.0,83865.4,81000.4,82892.8,33122.803,2025-11-21 15:59:59.999,2751627386.04330,3267,14227.557,1182084487.12630,0,64.20254715975703,20.803840557986405,1.1086992163776948,19.69514134160871,85207.62453291283,83303.325,81399.02546708717,3720.3499999999995,27112.367950000003,-0.40741590664155364,83728.1,758.8932764229053
2025-11-21 16:00:00,82890.7,84500.0,81000.0,82906.6,32910.593,2025-11-21 16:14:59.999,2722509596.99170,3898,13495.682,1116619407.42840,0,49.554132952860115,-34.3919319974666,-5.991448278235645,-28.400483719230955,85205.63637149164,83296.36,81387.08362850836,3801.971428571428,27486.022249999998,-0.9589137646593594,83344.34,509.4389786813664
2025-11-21 16:15:00,82886.4,83911.6,82607.1,83171.5,25734.238,2025-11-21 16:29:59.999,2133664951.98220,3287,13429.148,1113986867.77140,0,49.431668485829405,-56.331601311510894,-16.059502993092185,-40.27209831841871,85211.19390775259,83313.805,81416.4160922474,3613.0071428571423,27580.8305,-0.27493741067232313,83159.78,289.49697235018675
2025-11-21 16:30:00,83171.5,84500.0,82971.7,83318.5,21447.766,2025-11-21 16:44:59.999,1787356406.48170,2786,12106.639,1008654198.31120,0,46.078982220973586,-61.26506101869745,-25.100631917575438,-36.16442910112201,85212.8549665078,83355.01,81497.16503349219,3636.5999999999995,27834.793950000003,-0.8764478580742144,83103.14,193.06235521180528
2025-11-21 16:45:00,83318.5,84817.2,83064.8,84817.2,28567.469,2025-11-21 16:59:59.999,2400100248.03230,3631,26089.159,2191350653.01860,0,61.47142672022806,54.02675075735897,-9.275131130079169,63.301881887438135,85376.60035372674,83481.97,81587.33964627326,3670.807142857142,28513.69015,0.8753443100241195,83421.31999999999,800.8952846657966
2025-11-21 17:00:00,84817.2,86700.0,84000.0,85149.0,30940.844,2025-11-21 17:14:59.999,2630750074.33440,3675,19166.073,1629549569.24550,0,59.34712015040169,169.97110222891206,26.574159492821487,143.39694273609058,85562.61015344062,83629.41,81696.20984655939,3772.6999999999994,29019.70035,1.5232844569185753,83872.56000000001,1031.1631941646685
2025-11-21 17:15:00,85149.0,86000.0,84118.9,85175.7,28361.651,2025-11-21 17:29:59.999,2416468465.50780,3767,13130.142,1118861742.91660,0,59.35198318437379,260.9743145734101,73.45423648878491,187.52007808462517,85367.66190057772,83850.16500000001,82332.6680994223,3641.5928571428562,28940.999049999995,1.8055318167312189,84326.37999999999,998.5642578221274
2025-11-21 17:30:00,85175.7,85751.4,85042.8,85174.5,18316.225,2025-11-21 17:44:59.999,1560672849.80900,2900,7159.193,609968073.97570,0,61.545958781520895,329.1932709946268,124.60208352248318,204.59118747214362,85526.78271034308,83961.185,82395.58728965692,2492.207142857141,27848.716600000003,0.3761697855054394,84726.98,801.8229586385262
2025-11-21 17:45:00,85174.5,85751.4,84828.1,84857.1,20219.758,2025-11-21 17:59:59.999,1720261038.44640,3102,3892.632,331185947.11330,0,60.35765180216193,353.73174408858176,170.42804440112477,183.303699687457,85617.34350830891,84042.44499999999,82467.54649169107,2510.199999999998,27871.57245,0.03737088183493582,85034.7,181.20260759667127
2025-11-21 18:00:00,84862.5,85161.0,83175.1,83611.2,28549.269,2025-11-21 18:14:59.999,2404661076.41290,3830,9548.137,801931443.42860,0,39.29327527151925,270.1529853137472,190.37304259939188,79.77994271435531,85617.41046157855,84037.54000000001,82457.66953842147,2309.192857142855,28045.753650000006,-0.5744741320160889,84793.5,674.4435372956302
2025-11-21 18:15:00,83611.2,86000.0,83186.8,84100.0,18477.329,2025-11-21 18:29:59.999,1545511442.74170,3537,9941.424,832004537.79610,0,44.2142036753446,240.36180134346068,200.37079836464918,39.99100297881151,85623.72872181004,84072.5,82521.27127818996,2122.6214285714263,27458.290749999996,0.5960405111379349,84583.7,698.9238406291837
2025-11-21 18:30:00,84100.0,84997.0,83059.5,84438.5,26622.922,2025-11-21 18:44:59.999,2243495564.34810,3489,15355.627,1293286495.04850,0,52.928763486606975,241.13955561970943,208.52455243617675,32.61500318353268,85651.44135815963,84091.66500000001,82531.88864184039,2089.192857142855,27495.000050000002,1.4565107423975319,84436.26000000001,615.610349977852
2025-11-21 18:45:00,84514.8,85113.1,83430.0,84551.0,23430.92,2025-11-21 18:59:59.999,1983585449.43970,3111,11075.446,937391166.90600,0,58.63612379687419,247.92850336211268,216.4053446475951,31.523158714517592,85688.36020222754,84115.155,82541.94979777245,2113.0642857142843,27378.5315,2.000414993823344,84311.56000000001,476.0044464076529
2025-11-21 19:00:00,84551.0,85313.0,83430.0,84486.4,22219.056,2025-11-21 19:14:59.999,1880002463.99550,2686,9515.765,805167282.24040,0,62.15069523460543,245.29004803964926,222.18228651425392,23.107761525395347,85723.08599548732,84145.905,82568.72400451268,1961.8499999999985,26783.67095,1.9055177754243793,84237.42,391.08578598544835
2025-11-21 19:15:00,84486.4,85313.0,84000.0,84828.2,24714.853,2025-11-21 19:29:59.999,2094144594.75320,2703,18257.947,1546568011.92090,0,68.63254775107818,267.57594472887286,231.2610196510874,36.31492507778546,85792.32866532815,84204.06,82615.79133467184,1850.9928571428557,27272.119549999996,1.991908285891197,84480.82,260.98088435715846
2025-11-21 19:30:00,84828.2,85761.3,84000.0,84327.9,17415.721,2025-11-21 19:44:59.999,1474534534.05000,2611,4551.844,385498277.77300,0,62.51122339395422,242.2313683143875,233.45508967257558,8.776278641811928,85737.69355586643,84177.69,82617.68644413358,1726.7999999999988,26596.5298,1.211495646225021,84526.4,187.36132204871683
2025-11-21 19:45:00,84327.7,84798.2,83447.2,84141.1,19008.284,2025-11-21 19:59:59.999,1601401318.62710,2317,8056.548,678690897.94250,0,58.654052124241396,204.7662682121736,227.717324776238,-22.9510565640644,85673.39071542874,84143.475,82613.55928457127,1730.1214285714273,25845.3359,-0.7971260546209865,84466.92000000001,256.6405014798829
2025-11-21 20:00:00,84167.1,84280.1,83600.0,84051.2,24534.493,2025-11-21 20:14:59.999,2063577872.02470,2914,11713.155,985612334.67600,0,56.60697217262706,165.93249604089942,215.36035798809786,-49.42786194719844,85671.64872780914,84141.31999999999,82610.99127219085,1669.5357142857133,25419.55315,-1.2892693983487802,84366.95999999999,307.91681181750096
2025-11-21 20:15:00,84118.8,84500.0,83420.6,83570.4,15975.812,2025-11-21 20:29:59.999,1338395420.22170,2665,3347.614,280420405.95190,0,36.229290921139835,95.38194314503926,191.3646734021802,-95.98273025714093,85672.46944722653,84139.755,82607.04055277348,1621.4642857142846,24543.08525,-1.8846924651044876,84183.76,455.9829415667591
2025-11-21 20:30:00,83570.4,84555.0,83458.8,84116.0,24444.8,2025-11-21 20:44:59.999,2046926548.48000,2882,11930.066,999398841.63420,0,39.10521430982117,82.4196753029828,169.5756726074801,-87.1559973044973,85655.74838815861,84184.24,82712.7316118414,1506.9071428571417,24250.740299999998,-1.2427428396996754,84041.31999999999,282.632494593049
2025-11-21 20:45:00,84116.0,84798.2,83952.4,84500.8,18259.753,2025-11-21 20:59:59.999,1540887331.28850,2367,8786.764,741116184.00490,0,43.381905901272916,101.93882516864687,156.048302536198,-54.109477367551136,85609.29493190443,84264.64,82919.98506809557,1432.9571428571414,23507.5878,-0.41988236694395975,84075.9,332.61817448823825
2025-11-21 21:00:00,84500.8,84798.2,84255.4,84571.8,19075.583,2025-11-21 21:14:59.999,1612478749.92820,2487,10429.010,881680136.67570,0,44.16971385454763,121.71871290531999,149.18238437308827,-27.46367146776828,85535.54608231675,84347.9,83160.25391768324,1421.1142857142852,22815.837300000003,1.1488891440381264,84162.04,402.2140822993152
2025-11-21 21:15:00,84574.9,84970.0,84213.7,84911.0,24809.09,2025-11-21 21:29:59.999,2099922286.80190,2366,20239.490,1713582319.04760,0,50.51921780175314,162.82423565047793,151.91075470388827,10.913480946589658,85509.1445846605,84434.875,83360.6054153395,1409.1857142857148,22769.5799,0.9643281807372176,84334.0,511.837142067539
2025-11-21 21:30:00,84911.0,88000.0,84260.2,85214.0,17599.019,2025-11-21 21:44:59.999,1499132859.44280,2595,13442.177,1145158567.45240,0,68.86712496468589,217.29187585916952,164.98697922374063,52.30489663542889,85520.43475329853,84529.65,83538.86524670146,1534.4642857142867,22577.14255,0.9184199150861277,84662.72,418.01312419568717
2025-11-21 21:45:00,85219.7,86000.0,85080.1,85118.8,16480.279,2025-11-21 21:59:59.999,1404276418.84160,2257,3093.822,263697832.78050,0,63.21743642968343,249.90844381532224,181.97127244214343,67.93717137317881,85562.74903839109,84544.73,83526.7109616089,1399.2285714285722,21972.78305,0.6715473501200493,84863.28,318.95318151701264
2025-11-21 22:00:00,85119.1,87800.0,84900.0,85095.5,9427.867,2025-11-21 22:14:59.999,803245257.91000,2295,2916.815,248590043.44380,0,59.28280773143434,270.7580201346573,199.72862223164233,71.02939790301494,85553.64940275469,84542.055,83530.4605972453,1467.9785714285722,20897.1342,0.7209444360275806,84982.22,254.32522879143596
2025-11-21 22:15:00,85095.5,85343.5,84500.0,84814.2,13698.021,2025-11-21 22:29:59.999,1164048101.56680,2118,2713.411,230806845.51140,0,53.549465961808124,261.6043769924436,212.10377332373852,49.500603668705054,85500.20346147654,84523.98,83547.75653852345,1408.0071428571432,20163.9527,-0.01650394562185688,85030.7,163.37065219865283
2025-11-21 22:30:00,84820.4,86753.0,83420.6,84554.7,23814.071,2025-11-21 22:44:59.999,2012636384.09030,2596,9026.182,762486749.21710,0,50.87508007687383,230.78235942104948,215.839490576995,14.942868844054487,85420.39362166323,84492.99,83565.58637833678,1511.5357142857142,20438.845,0.26895013394143924,84959.44,270.9325801741405
2025-11-21 22:45:00,84554.3,86006.0,83420.6,84312.4,20157.55,2025-11-21 22:59:59.999,1703274993.69030,2646,5515.094,466327505.44430,0,43.21851170128845,184.7030905602005,209.61221052856922,-24.909119968368714,85380.0358240132,84465.755,83551.4741759868,1602.4214285714281,20435.7346,0.20358659442292573,84779.12,348.17427676355493
2025-11-21 23:00:00,84312.4,84603.8,83413.5,84375.9,22528.897,2025-11-21 23:14:59.999,1896935335.59920,3181,16427.910,1383006269.02590,0,50.71297011466935,151.5551395519724,198.00079626602437,-46.44565671405198,85327.22382084912,84503.98999999999,83680.75617915086,1561.635714285714,20134.716,0.38631215259270196,84630.54,324.7018216761776
2025-11-21 23:15:00,84375.9,85000.0,83400.0,84932.1,35470.626,2025-11-21 23:29:59.999,3002580577.21350,3492,30403.684,2573111044.36650,0,60.5873219830816,168.17166873120004,192.0349707314277,-23.863302000227662,85366.96636539763,84545.595,83724.22363460237,1579.4214285714281,20984.380849999998,1.6294046695959474,84597.86,269.78501255597854
2025-11-21 23:30:00,84932.1,85597.0,84247.2,85172.3,34885.838,2025-11-21 23:44:59.999,2965547659.78680,3854,25161.951,2138856997.64840,0,64.4252296765228,198.41252463778073,193.31048151742453,5.1020431203562,85447.87984451016,84582.285,83716.69015548985,1627.2571428571423,21397.52665,1.2557658471634445,84669.48,370.3603002480505
2025-11-21 23:45:00,85172.3,85900.0,84772.5,85119.5,15552.817,2025-11-21 23:59:59.999,1323919843.44130,2949,6892.848,586704623.51760,0,72.399433181989,215.6361845862848,197.77562214443253,17.860562441852267,85508.71013574049,84610.70999999999,83712.7098642595,1630.6928571428568,21003.6215,0.732182417207881,84782.44,410.5516873669113
2025-11-22 00:00:00,85106.8,85516.0,84772.5,85482.1,33297.057,2025-11-22 00:14:59.999,2839673971.53240,3942,21481.370,1832416037.41820,0,70.85712540840936,255.5694219382858,209.3343821306139,46.23503980767191,85636.49292811498,84660.495,83684.49707188501,1605.5,21557.521549999998,1.076363515971048,85016.38,409.0102834890573
2025-11-22 00:15:00,85487.9,85487.9,84854.7,84875.2,27303.037,2025-11-22 00:29:59.999,2325346186.80260,3439,1494.094,127131447.38590,0,55.353159851300994,235.57333158426627,214.58217203130013,20.99115955296614,85640.76756818674,84662.845,83684.92243181326,1590.3142857142852,21686.93075,-0.042161792936136554,85116.24,239.27740804302604
2025-11-22 00:30:00,84875.2,85460.6,84500.0,85024.2,20585.201,2025-11-22 00:44:59.999,1750834724.65710,3283,10816.069,919682622.94430,0,56.32727272727259,229.09809446931467,217.48535652330924,11.612737946005439,85674.95241521802,84697.66,83720.36758478198,1620.1571428571426,21845.40475,-0.22273335367428232,85134.66,224.6564332481668
2025-11-22 00:45:00,85024.2,85039.7,83259.3,84700.7,27195.688,2025-11-22 00:59:59.999,2305392920.59320,3812,5254.879,445240627.96240,0,47.04576742617929,195.62772061415308,213.11382933617026,-17.48610872201718,85667.23101726283,84725.64,83784.04898273716,1693.307142857142,22254.77495,-0.49119583452774923,85040.34,293.38764970563653
2025-11-22 01:00:00,84700.7,84837.8,83822.0,84648.0,21221.626,2025-11-22 01:14:59.999,1797683459.43810,3281,11386.697,964654059.28820,0,41.44756724085834,162.974157202043,203.08589489960434,-40.11173769756135,85643.37164251205,84755.48000000001,83867.58835748797,1498.7357142857134,22089.1316,-0.5258797468726314,84946.04000000001,334.47988429770504
2025-11-22 01:15:00,84648.3,85487.9,84630.2,84870.9,11796.18,2025-11-22 01:29:59.999,1000124104.12610,2528,6976.858,591387266.27880,0,46.39334245060659,153.3029298301699,193.12930187798048,-39.826372047810594,85511.65386956096,84820.50499999999,84129.35613043902,1494.2928571428565,21880.15,0.06685201298838767,84823.79999999999,150.89713383565706
2025-11-22 01:30:00,84904.1,85437.0,82785.0,84871.3,19635.185,2025-11-22 01:44:59.999,1669158559.00100,2616,10274.872,873609582.86570,0,46.71626926006218,144.01048976955644,183.3055394501887,-39.295049680632246,85464.68154030181,84858.26999999999,84251.85845969817,1476.5785714285707,21639.66925,0.3744321723097661,84823.01999999999,150.5747555196967
2025-11-22 01:45:00,84870.5,85100.0,83641.9,85074.3,15808.001,2025-11-22 01:59:59.999,1343942843.78030,2508,10061.111,855248012.03190,0,53.898965672313054,151.27327407590928,176.89908637214674,-25.625812296237456,85476.17823762032,84886.94499999999,84297.71176237967,1520.4785714285713,21517.08165,0.9036630436329753,84833.04000000001,167.9711820516115
2025-11-22 02:00:00,85085.6,85115.4,83700.0,84711.8,15919.878,2025-11-22 02:14:59.999,1351065019.06450,2507,1567.076,133081477.27540,0,52.284426348698624,126.33739086538844,166.7867472667718,-40.44935640138337,85470.60680721069,84893.945,84317.28319278933,1383.5499999999997,21359.2964,0.3980994573095028,84835.26,165.84472557128538
2025-11-22 02:15:00,84711.8,85000.0,83700.0,84646.8,16369.496,2025-11-22 02:29:59.999,1385724997.65700,3060,6550.585,554497965.93760,0,55.126947136023645,100.17836662696209,153.46507113456977,-53.28670450760768,85467.76305196194,84880.73500000002,84293.70694803809,1291.7357142857145,20937.316700000003,-0.3359153959457059,84835.01999999999,166.18398538913198
2025-11-22 02:30:00,84650.0,84654.7,84057.7,84255.1,16930.994,2025-11-22 02:44:59.999,1429379840.63740,2826,2462.026,207706864.99080,0,48.3172675098904,47.30933273877599,132.23392345000494,-84.92459071122894,85460.44030793694,84832.79000000001,84205.13969206308,1249.357142857143,20903.91545,-1.0768759326682467,84711.86000000002,303.9927515580466
2025-11-22 02:45:00,84255.2,84646.8,84000.0,84468.3,11589.725,2025-11-22 02:59:59.999,977516540.08760,2701,3785.034,319154510.20000,0,42.85670280926562,22.34900531198946,110.25693981792504,-87.90793450593559,85432.90891672495,84800.265,84167.62108327505,1181.2714285714287,20659.38775,-0.7650420878882008,84631.26,304.5754963877482
2025-11-22 03:00:00,84468.3,84646.8,84322.8,84552.3,19762.902,2025-11-22 03:14:59.999,1669116201.48310,2915,7662.890,647406351.31600,0,39.96828684227562,9.23682243929943,90.05291633890742,-80.81609389960799,85398.98571328633,84773.10500000001,84147.2242867137,1108.0,21176.139499999997,-1.0877131001695124,84526.86,177.8471056830996
2025-11-22 03:15:00,84475.6,84646.8,84063.1,84373.1,22238.207,2025-11-22 03:29:59.999,1876534860.04380,3139,8826.815,744507228.54990,0,38.39768699869439,-15.431458224498783,68.95604142347578,-84.38749964797456,85401.4407181967,84751.05,84100.65928180331,1069.1571428571426,21603.1488,-0.5915744528436944,84459.12000000001,152.49112105254835
2025-11-22 03:30:00,84373.1,84646.8,84000.0,84335.0,8589.533,2025-11-22 03:44:59.999,724389699.53210,2563,4872.322,410881078.45800,0,30.168389751391658,-37.62080515315756,47.640672105926,-85.26147725908356,85411.50011431666,84740.06499999999,84068.62988568332,1062.25,20841.921899999998,-0.8105927488879603,84396.76000000001,115.92272426004818
2025-11-22 03:45:00,84335.0,84646.8,84000.0,84414.1,11671.874,2025-11-22 03:59:59.999,984238848.00160,2682,6059.612,511090644.54930,0,40.248699403629175,-48.26878855950781,28.458779971238766,-76.72756853074658,85404.37729408282,84745.15,84085.92270591717,1063.221428571429,20417.6381,-0.3383679237597697,84428.56,85.04297736948973
2025-11-22 04:00:00,84417.9,84646.8,84000.0,84074.4,23946.406,2025-11-22 04:14:59.999,2017998997.73740,3457,2480.516,209336355.74070,0,31.41291585127206,-83.15188622214191,6.136646731072643,-89.28853295321456,85436.92462407377,84730.075,84023.22537592622,1040.8071428571432,20488.51355,-0.6776297136376593,84349.78,174.46190701663133
2025-11-22 04:15:00,84074.4,84500.0,83890.0,83990.3,43568.737,2025-11-22 04:29:59.999,3661108282.12600,4391,16078.543,1351460622.78220,0,34.660563136984095,-116.24125978576194,-18.338934573601257,-97.90232521216069,85455.59185794777,84682.985,83910.37814205223,957.2071428571435,20893.4191,-1.0375758946823839,84237.38,191.56627312732752
2025-11-22 04:30:00,83990.3,84400.0,83641.9,83909.2,18071.439,2025-11-22 04:44:59.999,1516321639.38630,2989,10236.739,858673314.23140,0,34.24061433447103,-147.30908147853916,-44.13296395569075,-103.17611752284841,85429.62782038187,84619.82999999999,83810.03217961811,938.8000000000009,20052.69915,-1.133598754820541,84144.6,219.6770925697639
2025-11-22 04:45:00,83909.2,84400.0,83851.3,84196.9,20915.726,2025-11-22 04:59:59.999,1757865207.12870,3078,17097.310,1437188730.29660,0,36.009631351710496,-147.0259040397359,-64.71155197320307,-82.31435206653283,85368.62595616821,84573.7,83778.77404383179,916.7285714285723,20320.8446,-1.031333787054385,84116.98,197.29477185143023
2025-11-22 05:00:00,84196.9,84264.4,83641.9,84190.3,24058.779,2025-11-22 05:14:59.999,2025266345.98530,3531,13342.315,1123421404.86470,0,35.900621118012424,-145.65486001971294,-80.90021358294766,-64.75464643676528,85195.81490069025,84509.11000000002,83822.40509930978,771.7642857142865,19858.9307,-0.6156167145545248,84072.22,125.2788369993572
2025-11-22 05:15:00,84136.7,84400.0,83894.1,84041.5,15097.128,2025-11-22 05:29:59.999,1268171700.28880,2679,4009.409,336807949.02120,0,28.12605896306333,-154.78850998876442,-95.67787286443424,-59.11063712433018,85161.73444678515,84467.425,83773.11555321486,703.75,19248.63525,-0.7150890523918245,84065.63999999998,125.99765077140196
2025-11-22 05:30:00,84041.5,84222.0,83855.6,83900.0,13025.585,2025-11-22 05:44:59.999,1093197309.67210,2475,1078.272,90553429.21960,0,31.030937470791613,-171.4661685382889,-110.83553199947039,-60.63063653881852,85097.71536769286,84411.215,83724.71463230714,628.8214285714286,18870.654449999998,-0.42145816692402693,84047.58,144.59539065929545
2025-11-22 05:45:00,83900.0,84264.7,83869.1,84232.8,35139.873,2025-11-22 05:59:59.999,2955288659.14480,3795,23568.575,1981804176.95250,0,41.4022262834358,-156.03490035918367,-119.87540567153958,-36.159494687644084,85064.60448905975,84387.81999999999,83711.03551094023,564.221428571428,19267.8637,-0.2788028171515231,84112.3,139.50388883434957
2025-11-22 06:00:00,84232.8,84287.3,83800.0,84222.7,24208.889,2025-11-22 06:14:59.999,2037802883.43960,3401,12629.465,1063266591.41870,0,49.20039486673226,-142.97225238656392,-124.49477501459619,-18.477477371967737,85035.60049282838,84366.55500000001,83697.50950717164,556.3857142857139,19417.22685,-0.3898178996904943,84117.46,143.8255992509903
2025-11-22 06:15:00,84222.7,84646.8,80500.0,84461.8,23227.595,2025-11-22 06:29:59.999,1958731588.99860,3606,13061.565,1101958476.36950,0,49.84161021492276,-112.03788878684281,-122.0033977690232,9.965508982180381,84973.96915834452,84346.1,83718.23084165549,806.3857142857139,19988.797599999998,0.10512829325934105,84171.76,212.87621520475645
2025-11-22 06:30:00,84461.8,85000.0,84000.0,84599.0,18685.06,2025-11-22 06:44:59.999,1580563758.40650,3446,16694.994,1412153415.89950,0,51.10921096384961,-75.58152055698156,-112.71902232654833,37.13750176956677,84923.10634730721,84332.485,83741.86365269279,854.6714285714281,19941.29135,0.31303729175312744,84283.26000000001,266.7724835883414
2025-11-22 06:45:00,84599.0,84709.0,84000.0,84597.4,15570.545,2025-11-22 06:59:59.999,1317225679.18930,3018,9149.057,773936624.44700,0,55.81841763942892,-46.285159243649105,-99.43224970989232,53.14709046624321,84803.98215033143,84308.64,83813.29784966857,863.6214285714284,19929.41855,0.21714381839051575,84422.74,186.54261711437186
2025-11-22 07:00:00,84596.5,84607.1,84150.0,84402.8,15195.809,2025-11-22 07:14:59.999,1284017297.44710,3040,1619.751,136914126.39710,0,51.62667946257203,-38.32660332096566,-87.21112043205093,48.88451711108527,84753.6319702853,84293.19,83832.7480297147,850.0714285714286,19893.2151,0.3906064152702948,84456.73999999999,156.3113815429853
2025-11-22 07:15:00,84404.6,84589.3,84380.0,84436.9,12626.25,2025-11-22 07:29:59.999,1066229076.96460,2993,3161.103,266969996.69080,0,50.55909759686092,-28.93455760179495,-75.55580786595698,46.62125026416203,84718.08761640644,84282.69499999999,83847.30238359355,818.8214285714286,19706.052799999998,0.5317280685983873,84499.58,92.4331758616611
2025-11-22 07:30:00,84436.9,84589.2,84391.9,84562.4,23672.181,2025-11-22 07:44:59.999,1999819288.37590,3186,14410.156,1217561739.37930,0,63.37132836475239,-11.235966081352672,-62.691839508998356,51.455873427645685,84750.69990753682,84298.06,83845.42009246317,786.7142857142857,20043.112149999997,0.7784605263785105,84519.7,93.10010741063199
2025-11-22 07:45:00,84562.4,84611.7,84386.8,84537.3,8663.347,2025-11-22 07:59:59.999,732397378.57990,2167,6826.257,577128226.09580,0,65.4887303205347,0.7563846279372228,-50.002194681581436,50.75857930951866,84760.6189259587,84301.51,83842.40107404129,759.2071428571425,19896.79325,0.40429041924347425,84507.36,83.56197101476242
2025-11-22 08:00:00,84537.4,84568.5,84401.0,84444.7,12311.706,2025-11-22 08:14:59.999,1039750983.74970,2720,310.422,26208133.40580,0,65.0649862150454,2.757195722369943,-39.45031660077134,42.20751232314128,84745.278584488,84296.12999999999,83846.98141551198,717.0214285714277,19524.23345,0.3021725780760897,84476.81999999999,69.07609571968048
2025-11-22 08:15:00,84444.7,84775.0,84005.0,84194.2,23784.441,2025-11-22 08:29:59.999,2004380326.47310,3408,8638.506,727700024.21160,0,49.922418251824695,-15.687994578751386,-34.6978521963602,19.009857617608816,84737.00454873178,84287.18500000001,83837.36545126824,732.8285714285709,19601.545149999998,0.1816959478352922,84435.09999999999,145.5836014112754
2025-11-22 08:30:00,84192.6,90000.0,83510.1,84009.5,33443.221,2025-11-22 08:44:59.999,2812071942.30200,4304,13826.755,1163294122.68510,0,45.287248462099804,-44.69340209290385,-36.69696217567133,-7.996439917232522,84736.71522199981,84270.91,83805.1047780002,1151.9285714285704,20844.22955,0.1305125148986889,84349.62,239.46623352757214
2025-11-22 08:45:00,84009.5,86940.1,83925.1,83989.1,21368.976,2025-11-22 08:59:59.999,1795721667.29180,3526,11003.909,924777121.20680,0,48.53614929042366,-68.53632678251597,-43.064835097046384,-25.471491685469587,84726.60447387306,84249.66,83772.71552612695,1331.1499999999994,21329.084649999997,-0.28931722559382694,84234.95999999999,249.16915539425926
2025-11-22 09:00:00,83998.8,86000.0,83951.2,84275.2,22182.753,2025-11-22 09:14:59.999,1866315999.64080,3237,21050.544,1771194993.36270,0,59.69809760132343,-63.614232031512074,-47.17471448394268,-16.439517547569395,84729.51101239603,84259.7,83789.88898760396,1451.3214285714287,21240.902,0.062334738734331714,84182.54,190.27057838743937
2025-11-22 09:15:00,84275.2,85000.0,83953.2,84054.9,27430.646,2025-11-22 09:29:59.999,2307784867.45870,3638,2839.302,238969635.28790,0,45.117734233492214,-76.60572377115022,-53.060916341387816,-23.544807429762407,84725.77915401089,84262.93000000001,83800.08084598913,1497.835714285715,20433.997450000003,-0.4817562495708222,84104.58,124.48581043595163
2025-11-22 09:30:00,84054.9,84800.0,83837.7,83869.6,35475.385,2025-11-22 09:44:59.999,2980837049.52660,3852,12887.643,1083362145.80380,0,41.159681538230494,-100.69221392470354,-62.58717585805565,-38.105038066647886,84730.46139888652,84260.95,83791.43860111348,1531.7642857142866,21304.194750000002,-0.8621851322119577,84039.66,148.40627682108942
2025-11-22 09:45:00,83869.6,109297.8,83766.6,83874.2,21852.369,2025-11-22 09:59:59.999,1846256947.93770,3458,9116.026,776688602.64370,0,33.33144218767663,-118.04895124208997,-73.67953093486688,-44.369420307223095,84744.78572030074,84244.815,83744.84427969926,3059.221428571429,21351.026899999997,-0.8548726083780319,84012.6,166.5111557821261
2025-11-22 10:00:00,83874.2,85000.0,83859.5,84148.0,17508.592,2025-11-22 10:14:59.999,1470882473.31690,3243,14406.451,1210353049.49210,0,38.126579612468106,-108.46162357646972,-80.63594946318962,-27.8256741132801,84743.99783562284,84242.7,83741.40216437716,3069.257142857143,21023.517549999997,-0.30188571943111236,84044.37999999999,175.8087938639536
2025-11-22 10:15:00,84148.0,84200.6,83591.5,83636.2,28794.17,2025-11-22 10:29:59.999,2414666143.00100,3720,8794.672,736657833.48190,0,30.053125259400332,-140.53978797225864,-92.61671716500645,-47.92307080725219,84786.78280718437,84222.435,83658.08719281563,3062.1214285714295,21708.36965,-0.9482820899393477,83916.57999999999,197.04299530788708
2025-11-22 10:30:00,83636.2,83800.0,83569.7,83620.1,13191.076,2025-11-22 10:44:59.999,1103502977.35310,2825,4795.340,401267703.29230,0,32.457752476578634,-165.3549176499073,-107.16435726198955,-58.19056038791774,84818.48677094214,84208.43999999999,83598.39322905784,3045.9214285714293,21716.644200000002,-1.1143250428086104,83829.62,215.79013415795592
2025-11-22 10:45:00,83620.1,84129.0,83511.8,83664.9,15474.207,2025-11-22 10:59:59.999,1293644049.60510,3063,7366.593,616144509.20920,0,32.78015703069195,-179.33890348031127,-121.5992665056562,-57.73963697465507,84836.42467983885,84180.04500000001,83523.66532016118,3075.057142857143,20733.3609,-1.0319705029614248,83788.68000000001,225.50797546852138
2025-11-22 11:00:00,83664.9,84129.0,83003.0,83985.6,19208.07,2025-11-22 11:14:59.999,1609752623.58380,2850,15668.670,1313179034.96610,0,38.1648063033487,-162.66919966183195,-129.81325313689243,-32.855946524939526,84829.86911415224,84168.18999999999,83506.51088584773,3141.3928571428573,20483.31995,-0.543669407316257,83810.96,241.0379700377322
2025-11-22 11:15:00,83974.6,84500.0,83900.5,84196.0,11443.823,2025-11-22 11:29:59.999,961793474.03850,2637,7262.500,610751879.10860,0,43.49185767133199,-130.9715782321582,-130.0449181559456,-0.9266600762126131,84802.27128694276,84154.9,83507.52871305723,3168.1500000000005,19894.13135,0.002137914488174851,83820.56000000001,258.1647981424065
2025-11-22 11:30:00,84195.9,84285.9,83200.0,84258.9,11652.885,2025-11-22 11:44:59.999,980951775.13830,2757,5717.884,481509949.55490,0,46.416448079000034,-99.62718759197742,-123.96137204315147,24.334184451174053,84753.22260799262,84137.895,83522.56739200739,3233.75,19542.5226,0.29687118718715644,83945.1,294.6177778069383
2025-11-22 11:45:00,84258.8,84258.9,83200.0,84142.8,8130.71,2025-11-22 11:59:59.999,684512258.82590,2395,1520.000,127958979.50670,0,48.95443449959326,-83.19556121292408,-115.80820987710544,32.612648664181364,84691.36479457056,84115.16500000001,83538.96520542946,3254.3857142857137,19170.530850000003,0.18299993689657001,84049.64,237.70558049800107
2025-11-22 12:00:00,84142.8,84500.0,83600.0,83651.0,24029.171,2025-11-22 12:14:59.999,2016918710.51680,3467,1249.564,104656067.86530,0,43.51741347510024,-108.60463115514722,-114.36749413271369,5.762862977566471,84672.55125914596,84077.575,83482.59874085404,2855.1071428571427,19612.198949999998,-0.7406686664641521,84046.86,243.34446367215912
2025-11-22 12:15:00,83651.0,84145.0,83493.6,83625.1,20217.502,2025-11-22 12:29:59.999,1692433654.32250,3170,10503.485,879445001.73920,0,43.431025770591084,-129.3404021011811,-117.3620757264073,-11.9783263747738,84639.46282496856,84036.985,83434.50717503144,2686.278571428571,19991.76155,-0.5113324743709032,83974.76,310.24295801821864
2025-11-22 12:30:00,83625.1,83787.5,83616.7,83699.4,14695.558,2025-11-22 12:44:59.999,1230191004.57020,2738,11710.004,980269978.95370,0,38.748632171330016,-138.18546115748177,-121.52675281262233,-16.658708344859434,84560.41607154356,83993.835,83427.25392845646,2552.1357142857137,19542.9304,-0.20293407861729593,83875.44,301.0633039742637
2025-11-22 12:45:00,83699.2,83858.6,83605.3,83850.0,12218.9,2025-11-22 12:59:59.999,1023372538.09740,2584,7150.736,599105908.76420,0,45.88405447752202,-131.52713911993487,-123.52683007408488,-8.000309045849988,84467.62088144723,83959.47,83451.31911855277,2495.4571428571426,19720.70805,-0.028852734213854904,83793.66,213.7301055066998
2025-11-22 13:00:00,83850.0,84148.8,83356.0,84148.3,24581.709,2025-11-22 13:14:59.999,2060735554.32480,3381,17973.514,1507170914.26670,0,55.35528995811078,-101.01603382988833,-119.02467082524548,18.00863699535715,84408.58017396541,83944.65,83480.71982603458,2483.3499999999995,20334.2082,0.00035651471217724767,83794.76000000001,215.97857069603998
2025-11-22 13:15:00,84149.4,84500.0,83651.9,83855.0,14663.509,2025-11-22 13:29:59.999,1231026523.38160,3198,1880.494,157728956.63720,0,49.667911996679166,-99.35690512880683,-115.09111768595768,15.734212557150855,84377.80280878392,83927.68999999999,83477.57719121606,720.2714285714288,19878.1616,0.26160920749627903,83835.56000000001,200.76459598221504
2025-11-22 13:30:00,83735.5,83861.6,83514.0,83848.8,14006.226,2025-11-22 13:44:59.999,1173413584.78010,2760,8803.788,737790960.19190,0,44.29704178103079,-97.41932222612377,-111.55675859399085,14.137436367867082,84369.35591803773,83919.655,83469.95408196226,663.6357142857149,18906.31185,0.27349883580622014,83880.3,163.63010114248476
2025-11-22 13:45:00,83848.8,84140.0,83514.0,83886.0,20746.224,2025-11-22 13:59:59.999,1740579426.30350,3442,15435.658,1294995835.79410,0,55.813087591920485,-91.82359995013394,-107.61012686521941,15.786526915085474,84363.21170442052,83914.5,83465.78829557948,664.8428571428574,18875.174250000004,0.26426852837929143,83917.62000000001,129.84895840897693
2025-11-22 14:00:00,83886.0,84500.0,83222.0,84357.9,27482.42,2025-11-22 14:14:59.999,2312854423.30470,4060,21689.669,1825294940.04680,0,64.16449086161876,-48.74911614393932,-95.83792472096329,47.08880857702397,84382.60698769774,83918.63500000001,83454.66301230228,739.6785714285714,19140.1576,0.44329027833341467,84019.2,226.45338372365072
2025-11-22 14:15:00,84357.9,84800.0,84218.5,84536.0,35843.191,2025-11-22 14:29:59.999,3026986125.64070,4028,21799.976,1841259578.15500,0,65.90933995689834,-0.23852655370137654,-76.71804508751077,76.4795185338094,84480.43011684359,83942.69,83404.94988315641,737.1285714285716,19560.78485,0.4038196588911587,84096.73999999999,326.14326299938676
2025-11-22 14:30:00,84536.0,84618.8,84359.7,84359.7,28004.161,2025-11-22 14:44:59.999,2365664631.37440,3745,11801.340,997245198.74490,0,57.21281764547093,23.707400055558537,-56.6329560588968,80.34035611445535,84534.75234224541,83967.195,83399.6376577546,675.2071428571435,19187.22365,0.11963127930699656,84197.68,310.33974447350965
2025-11-22 14:45:00,84359.7,84800.0,84025.0,84444.6,18376.234,2025-11-22 14:59:59.999,1550581799.68200,3148,9348.260,788858202.64660,0,55.03687494934775,48.97085930775211,-35.512192985566934,84.48305229331905,84599.74985530299,83995.715,83391.680144697,687.7428571428578,19013.416900000004,0.3586759651449713,84316.84,251.743784431477
2025-11-22 15:00:00,84444.6,84700.0,84299.3,84338.5,16998.779,2025-11-22 15:14:59.999,1434242960.38550,3179,5833.247,492331949.59480,0,51.58502588610127,59.742356580347405,-16.461283072384003,76.20363965273141,84625.18436558526,84005.23999999999,83385.29563441472,638.8000000000009,18987.92625,0.8218670428327216,84407.34,82.75646802443376
2025-11-22 15:15:00,84338.5,84590.0,84301.9,84390.5,10001.684,2025-11-22 15:29:59.999,843878423.05540,2590,5922.195,499738906.20270,0,55.061506395847736,71.64884809248906,1.1607431605906557,70.4881049318984,84660.14023185584,84042.95499999999,83425.76976814414,583.7428571428588,18048.30195,0.9152754376377357,84413.86000000002,79.09053672772
2025-11-22 15:30:00,84390.5,84590.0,84000.0,84070.3,11468.172,2025-11-22 15:44:59.999,966275162.86210,2741,1973.217,166022325.34180,0,59.21416956005807,54.61797556679812,11.85218964183217,42.765785924965954,84649.67225332884,84065.465,83481.25774667115,561.6000000000016,17962.156750000002,0.44313340358474346,84320.72,145.5689252549503
2025-11-22 15:45:00,84080.0,84341.2,84000.2,84247.5,11142.201,2025-11-22 15:59:59.999,937052363.84920,2578,6799.804,572129408.35390,0,62.8245281463775,54.78777632099809,20.43930697766537,34.348469343332724,84652.19876980902,84094.595,83536.99123019098,539.4285714285735,17745.556449999996,0.4740608228980322,84298.28,146.70140421919018
2025-11-22 16:00:00,84246.5,84590.0,84057.1,84523.0,20772.16,2025-11-22 16:14:59.999,1751429506.69580,2926,16860.571,1421714441.39930,0,65.67090341730726,76.27349919376138,31.60614542088459,44.667353772876794,84707.99634263628,84121.465,83534.93365736371,565.2928571428586,17823.76095,0.4452852879974962,84313.96,168.77902120785558
2025-11-22 16:15:00,84523.0,84590.0,84076.2,84553.9,16408.822,2025-11-22 16:29:59.999,1386958840.64450,2916,7166.000,605893586.26950,0,64.03253458793495,94.70276765672315,44.225469868052315,50.47729778867084,84756.50627934169,84139.36000000002,83522.21372065834,583.9000000000015,18072.0109,0.8334625245960219,84357.04000000001,201.01927270756943
2025-11-22 16:30:00,84548.3,84747.1,84255.7,84614.6,15100.992,2025-11-22 16:44:59.999,1277332924.18520,2777,10565.227,893997947.18520,0,60.26866329002423,112.90455273524276,57.96128644149041,54.94326629375235,84808.35721207676,84157.14499999999,83505.93278792322,562.3714285714304,18244.416250000002,0.9133106257930977,84401.86,232.81345107162335
2025-11-22 16:45:00,84605.6,84821.7,84255.7,84676.6,13671.911,2025-11-22 16:59:59.999,1158212467.30070,2809,6471.899,548181831.12340,0,70.14515496273052,130.8243876400229,72.53390668119692,58.29048095882598,84875.09593565161,84183.83499999999,83492.57406434837,542.22142857143,18521.4763,0.9424695419974797,84523.12,164.95340857307676
2025-11-22 17:00:00,84690.0,84690.0,84250.0,84493.2,21609.229,2025-11-22 17:14:59.999,1827026447.77410,3359,5343.265,451886484.05060,0,64.53708716838088,128.74314328179753,83.77575400131705,44.967389280480475,84882.26271983431,84225.94499999999,83569.62728016567,548.8214285714296,18400.479199999998,0.16038806086922852,84572.26,73.64379131926518
2025-11-22 17:15:00,84493.2,84676.4,84107.0,84290.2,21339.604,2025-11-22 17:29:59.999,1804425793.51990,3235,18322.852,1549460772.71830,0,58.48375451263522,109.45172588873538,88.91094837880073,20.540777509934657,84851.6210096137,84259.2,83666.7789903863,544.778571428572,18456.5843,-0.2907636983060506,84525.7,148.31196849842266
2025-11-22 17:30:00,84625.2,84680.3,84150.0,84526.1,17825.475,2025-11-22 17:44:59.999,1507639902.67800,2950,4614.050,390392249.16680,0,53.91855372285921,111.90820328066184,93.51039935917296,18.397803921488872,84841.63729123441,84300.535,83759.4327087656,491.3714285714294,18613.08015,0.1972505829205281,84520.14,147.50941664814974
2025-11-22 17:45:00,84523.4,84600.0,84250.0,84531.0,22503.154,2025-11-22 17:59:59.999,1901597883.15850,3110,9931.210,839329829.49890,0,49.87328940699443,112.94836725969799,97.39799293927798,15.550374320420005,84840.90397695154,84334.58499999999,83828.26602304845,474.83571428571514,19127.292849999998,0.1023156009975702,84503.42,138.59434331846958
2025-11-22 18:00:00,84531.0,84614.7,84250.0,84563.3,11995.655,2025-11-22 18:14:59.999,1013875201.35240,2589,5333.757,450907507.02580,0,55.565882996172846,115.05277704710898,100.92894976084419,14.123827286264785,84863.52104249793,84355.335,83847.14895750208,482.37857142857166,18497.99015,0.2665449349941046,84480.76000000001,109.38520466625351
2025-11-22 18:15:00,84574.2,84680.0,84350.0,84550.9,4295.715,2025-11-22 18:29:59.999,363129138.22500,1954,2718.210,229790903.32010,0,53.025903785937565,114.4012173008814,103.62340326885163,10.777814032029767,84846.753470822,84390.13,83933.506529178,450.5928571428573,17979.600449999998,0.19006878736349966,84492.3,113.97313279838313
2025-11-22 18:30:00,84550.9,84680.0,84448.7,84520.1,6977.913,2025-11-22 18:44:59.999,589585988.65560,1899,442.033,37349765.13810,0,55.400904116107675,110.13004583466682,104.92473178201469,5.2053140526521275,84805.30393995416,84423.695,84042.08606004585,438.49285714285776,17628.1848,0.5350284226415308,84538.28,18.146129060404167
2025-11-22 18:45:00,84520.1,84680.0,84349.9,84619.6,7432.567,2025-11-22 18:59:59.999,628658418.71010,2019,6433.176,544134400.65410,0,56.62636663388686,113.46594028867548,106.63297348334685,6.832966805328638,84755.62689156721,84460.375,84165.12310843279,441.49285714285776,16962.501949999998,0.44167482714621303,84556.98000000001,38.837057044485434
2025-11-22 19:00:00,84606.9,84731.1,84480.0,84664.4,13507.274,2025-11-22 19:14:59.999,1143572485.40810,2695,6240.856,528353705.97650,0,70.43968898369195,118.360252000115,108.97842918670048,9.381822813414516,84780.22825985936,84475.7,84171.17174014063,417.2857142857153,16263.744649999999,0.1672917430758423,84583.66,57.74567516166057
2025-11-22 19:15:00,84664.4,84742.5,84464.0,84577.8,6965.116,2025-11-22 19:29:59.999,589846503.57980,2250,5976.765,506221726.52270,0,62.11932193439509,113.93774725316325,109.97029279999305,3.9674544531702054,84784.62576886173,84477.79,84170.95423113825,412.82142857142964,14819.8409,0.02826599364430113,84586.56,56.82431697676632
2025-11-22 19:30:00,84577.8,84590.0,84464.0,84538.2,11260.232,2025-11-22 19:44:59.999,951790172.04550,2153,5502.857,465210535.03850,0,50.674476393326096,106.01541893556714,109.17931802710785,-3.1638990915407135,84789.44465375647,84486.715,84183.98534624353,383.7571428571443,13982.644449999998,-0.09029174634165821,84584.01999999999,59.05676929765182
2025-11-22 19:45:00,84538.1,84670.0,84260.0,84582.9,16165.727,2025-11-22 19:59:59.999,1367568058.32150,2432,12111.807,1024640509.49690,0,51.27126073996142,102.16611730084696,107.77667788185566,-5.6105605810086985,84798.61884949479,84493.63,84188.64115050522,376.3428571428584,13872.1191,-0.11065630882677344,84596.58,47.63803102434284
2025-11-22 20:00:00,84582.9,84741.3,84305.0,84718.7,14288.76,2025-11-22 20:14:59.999,1209651096.91090,2825,12221.364,1034711092.91770,0,54.281483918729606,108.81902197697491,107.98514670087951,0.833875276095398,84824.24029322389,84512.64,84201.03970677611,372.4071428571437,13736.61815,0.2668853824923189,84616.4,73.30883302765271
2025-11-22 20:15:00,84718.7,84733.2,84310.0,84696.6,8705.508,2025-11-22 20:29:59.999,737218091.99620,2337,5564.787,471290595.36740,0,50.85048477632252,111.02834878541762,108.59378711778713,2.43456166763049,84844.31861973392,84527.945,84211.57138026609,362.2071428571435,13671.80935,0.4821438316672742,84622.84,79.71419572370215
2025-11-22 20:30:00,84696.6,84888.0,84310.0,84416.9,22636.813,2025-11-22 20:44:59.999,1913808365.37470,3193,2649.960,223990435.29770,0,47.0010219322379,89.18181128110155,104.71139195045002,-15.529580669348476,84784.7145814361,84545.275,84305.83541856389,372.0642857142863,14230.241399999999,-0.129190865306706,84590.66,123.10801354857654
2025-11-22 20:45:00,84416.9,84888.0,84213.0,84429.8,24737.522,2025-11-22 20:59:59.999,2086111995.68830,3617,10569.842,891315831.48970,0,56.45101663585979,72.07831947672821,98.18477745570567,-26.10645797897746,84757.17409467472,84554.39,84351.60590532528,379.6071428571439,14910.00745,-0.11971939288544686,84568.98,142.6500157724354
2025-11-22 21:00:00,84429.8,85000.0,84057.0,84253.4,17071.225,2025-11-22 21:14:59.999,1439563783.49570,2979,4252.269,358552729.29620,0,36.66503667481606,43.78496924608771,87.30481581378208,-43.51984656769437,84784.26464179796,84540.91,84297.55535820205,409.08571428571514,14724.960700000001,-0.3664710341247429,84503.08,199.42356179718848
2025-11-22 21:15:00,84251.9,84600.0,84057.0,84285.8,7544.261,2025-11-22 21:29:59.999,636001466.22430,2073,4982.059,419958358.04100,0,38.32380952380982,23.70345250965329,74.58454315295633,-50.88109064330304,84796.07647612854,84527.50499999999,84258.93352387144,422.8714285714294,14281.73265,-0.3135389451797571,84416.5,174.86935123079047
2025-11-22 21:30:00,84285.8,84700.0,80500.0,84588.0,6301.812,2025-11-22 21:44:59.999,529823863.86100,2330,2333.053,196737584.12180,0,50.93567694522301,31.807036673868424,66.02904185713875,-34.222005183270326,84793.18939247701,84526.175,84259.160607523,696.8214285714296,13841.77365,0.0803359200947398,84394.78,133.14898422397687
2025-11-22 21:45:00,84375.0,84700.0,83358.3,84370.1,8586.779,2025-11-22 21:59:59.999,724164507.56110,2240,1122.667,94684161.09200,0,44.0736855906651,20.41121007000038,56.90547549971107,-36.494265429710694,84776.69279882027,84510.85,84245.00720117975,769.0857142857151,13587.517049999999,-0.2948489475251596,84385.42,132.8498852083691
2025-11-22 22:00:00,84370.0,84700.0,83358.3,84525.8,17046.167,2025-11-22 22:14:59.999,1437609605.96230,3210,7926.634,668923954.18210,0,50.172695873477466,23.670748425356578,50.258530084840174,-26.587781659483596,84778.26689999868,84512.48000000001,84246.69310000134,848.4000000000004,13359.363949999999,-0.1637051700596606,84404.62,147.04602000692566
2025-11-22 22:15:00,84525.8,84700.0,83358.3,84581.4,16061.971,2025-11-22 22:29:59.999,1357990689.38770,2588,10867.686,918837870.71570,0,48.81100597609525,30.39008860081958,46.28484178803606,-15.89475318721648,84772.69890258943,84527.04000000001,84281.38109741059,920.6571428571426,13095.4823,0.004256436086054814,84470.22,135.4224944382497
2025-11-22 22:30:00,84570.4,84705.5,81299.9,84705.5,14405.959,2025-11-22 22:44:59.999,1219283374.08120,2585,11748.060,994428171.95340,0,51.219078127780904,45.20790852920618,46.06945513627009,-0.8615466070639144,84794.30085115401,84536.01,84277.71914884598,1145.9785714285713,12924.5065,0.19789870141545823,84554.16,121.935774077507
2025-11-22 22:45:00,84705.5,85551.3,84698.9,85071.4,12785.824,2025-11-22 22:59:59.999,1086788976.74440,2603,6622.617,562563067.59110,0,62.55979643765872,85.49069943744689,53.95370399650546,31.536995440941432,84915.13884142681,84563.03,84210.92115857318,1186.971428571429,12438.640000000001,0.5775399046379351,84650.84,264.16391312948747
2025-11-22 23:00:00,85071.4,86200.0,84735.6,84969.4,23219.854,2025-11-22 23:14:59.999,1972795476.04050,3207,7569.135,642877637.31420,0,60.63430995363508,107.94029174908064,64.7510215470205,43.18927020206014,84979.58018340143,84583.33499999999,84187.08981659856,1282.5714285714287,12999.84995,0.2959204992522278,84770.7,239.7726631621895
2025-11-22 23:15:00,84969.4,85988.1,84745.9,84832.1,16628.381,2025-11-22 23:29:59.999,1411124354.30010,2734,6084.296,516344052.22220,0,55.87735849056631,113.34621639554098,74.4700605167246,38.87615587881638,85008.47240070313,84597.39499999999,84186.31759929685,1342.0142857142866,13616.48325,0.1599828092272889,84831.95999999999,196.84621662580187
2025-11-22 23:30:00,84816.8,85988.1,84704.1,84741.3,17958.875,2025-11-22 23:44:59.999,1524231244.19740,2955,7242.844,615070768.43550,0,50.544578313253155,109.04663278034423,81.38537496944853,27.66125781089569,85022.66690851824,84608.45499999999,84194.24309148174,1402.5642857142864,14165.53135,0.38428324186271795,84863.94,154.36891850334752
2025-11-22 23:45:00,84741.3,86200.0,84200.0,84683.5,5981.499,2025-11-22 23:59:59.999,506672415.45010,2138,926.364,78471124.37150,0,49.689676410669314,99.82449318506406,85.07319861257164,14.751294572492412,85027.20746451752,84611.65,84196.09253548247,1515.192857142858,14092.97795,0.30048632118043284,84859.54000000001,160.21673757723738
2025-11-23 00:00:00,84683.5,86200.0,84000.0,85123.9,25668.474,2025-11-23 00:14:59.999,2179870843.41100,3305,22830.386,1939512243.56280,0,65.56308884388487,126.59317156898032,93.3771932038534,33.21597836512693,85109.09501291794,84634.625,84160.15498708206,1631.0500000000009,14701.037950000002,1.0331927257535007,84870.04000000001,178.27500666075804
2025-11-23 00:15:00,85123.9,85405.4,84000.0,85055.7,29207.078,2025-11-23 00:29:59.999,2486430561.34780,3726,12365.059,1052814025.05620,0,63.45038036704343,140.68267255171668,102.83828907342608,37.844383478290595,85167.79898920198,84658.52,84149.24101079802,1683.221428571429,15813.136050000001,0.913439749044316,84887.3,193.801186786596
2025-11-23 00:30:00,85055.7,85405.4,84100.0,84943.0,19858.362,2025-11-23 00:44:59.999,1688020805.65270,3132,5199.671,442163945.57050,0,65.23641184268703,141.1279251233209,110.49621628340505,30.631708839915845,85199.9414489574,84678.76,84157.57855104259,1709.107142857143,16243.042549999998,0.4196812786683691,84909.48000000001,192.24417286329634
2025-11-23 00:45:00,84942.8,85405.4,84500.0,84910.5,20305.067,2025-11-23 00:59:59.999,1724932021.79750,3094,7181.054,610255924.33900,0,63.801864698864556,137.27588281895441,115.85214959051493,21.423733228439488,85224.16913818913,84695.14,84166.11086181087,1734.9928571428568,16450.00955,0.6405112711730745,84943.31999999999,168.68764625749117
2025-11-23 01:00:00,84903.8,86126.0,84903.8,85288.6,15394.408,2025-11-23 01:14:59.999,1310033550.09710,2592,15017.130,1277882366.43660,0,64.97648567764033,162.85531320153677,125.25278231271932,37.602530888817455,85315.65057331978,84723.635,84131.6194266802,1522.2928571428565,16505.291950000003,0.9024463536577033,85064.34,151.90846915129785
2025-11-23 01:15:00,85288.6,86099.7,84300.0,85495.8,36429.922,2025-11-23 01:29:59.999,3110049515.72720,4107,25260.522,2156762458.08930,0,74.17429025469247,197.56904430364375,139.7160347109042,57.85300959273954,85448.52503092558,84763.595,84078.66496907442,1555.0071428571423,17891.512649999997,1.0810887500088775,85138.72,248.622780532857
2025-11-23 01:30:00,85495.8,86010.8,84395.6,85842.5,19214.647,2025-11-23 01:44:59.999,1646178239.27330,2798,18012.765,1543243930.83440,0,76.13225896082265,250.17188206667197,161.80720418205777,88.3646778846142,85651.87661147852,84834.875,84017.87338852148,1574.5428571428565,17720.40435,1.3422977256494562,85296.08,391.10620935991625
2025-11-23 01:45:00,85842.5,86099.7,81500.0,85835.3,27955.912,2025-11-23 01:59:59.999,2399093727.57450,3486,11368.083,975625484.52820,0,75.37334574446596,287.9596108506521,187.03768551577667,100.92192533487543,85812.26551750916,84905.15,83998.03448249082,1807.2571428571423,17881.32385,0.8979516030064262,85474.54000000001,393.29032914613504
2025-11-23 02:00:00,85835.3,86195.6,81500.0,85734.6,21507.561,2025-11-23 02:14:59.999,1846376272.05460,3210,11206.316,962013985.38060,0,71.02349336057239,306.2507441643975,210.88029724550086,95.37044691889662,85903.96769093753,84979.21,84054.45230906249,1899.3999999999994,18103.140649999998,0.9005594955360537,85639.36000000002,241.0244033285123
2025-11-23 02:15:00,85724.3,86200.0,85700.0,85997.0,15339.649,2025-11-23 02:29:59.999,1317050627.73800,2687,13866.308,1190317311.62340,0,69.74402730375463,338.02355432532204,236.30894866146514,101.7146056638569,86034.93097655072,85064.77,84094.60902344929,1874.2285714285701,18492.91005,1.373183028594122,85781.04000000001,184.98562917117968
2025-11-23 02:30:00,85997.0,86244.3,82707.0,86119.8,23303.964,2025-11-23 02:44:59.999,2007499068.12290,3198,14232.401,1226106567.97740,0,74.32341001353225,368.86066974746063,262.8192928786642,106.04137686879642,86191.59472343883,85141.36,84091.12527656117,2022.2928571428565,19343.01765,1.6267156628468054,85905.84,151.98685140448805
2025-11-23 02:45:00,86119.8,87200.0,85942.5,85947.1,26209.778,2025-11-23 02:59:59.999,2256503211.90380,3371,9446.508,813785489.80710,0,73.22723106407817,375.04062767574214,285.2635598380798,89.77706783766234,86263.40803216682,85220.20999999999,84177.01196783317,2023.3857142857128,20224.1676,1.4921442784013483,85926.76,148.2415360141977
2025-11-23 03:00:00,85947.1,86107.3,85109.0,85832.1,20761.408,2025-11-23 03:14:59.999,1783944723.31360,3129,8324.527,715514910.73020,0,72.49628774129707,366.43472064856905,301.49779200017764,64.93692864839142,86309.0512347194,85285.525,84261.99876528059,2002.9785714285701,20409.92965,0.8319637610588938,85926.12000000001,148.7411745275953
2025-11-23 03:15:00,85832.1,85889.6,85109.0,85889.6,9043.971,2025-11-23 03:29:59.999,776376363.33880,2388,4027.285,345778732.00810,0,74.87727403985019,360.1032000730047,313.2188736147431,46.884326458261626,86351.95274583406,85350.935,84349.91725416594,1915.8785714285707,20059.02965,0.9804163624542608,85957.12,109.93696830387456
2025-11-23 03:30:00,85874.9,86200.0,85397.5,86023.9,16062.617,2025-11-23 03:44:59.999,1381003957.97670,2957,10879.119,935191649.66800,0,71.24645892351305,361.7522548255074,322.92554985689594,38.826704968611466,86412.53621399164,85416.85500000001,84421.17378600838,1816.057142857142,20141.862549999998,1.2725003826095078,85962.5,112.99223424575169
2025-11-23 03:45:00,86023.9,86211.8,85980.0,86211.8,13624.462,2025-11-23 03:59:59.999,1172990580.82050,2704,11573.225,996529943.50220,0,75.83232783661829,373.91088725176814,333.1226173358704,40.78826991589773,86515.79962779279,85473.875,84431.95037220721,1732.2285714285713,20183.794449999998,1.5325548665948299,85980.9,147.29509496193927
2025-11-23 04:00:00,86211.8,86439.7,85500.0,86388.0,21260.63,2025-11-23 04:14:59.999,1833728610.52380,3131,14217.157,1226644422.62670,0,81.39666261081199,393.2316263985558,345.1444191484075,48.08720725014831,86634.19315367601,85544.80500000001,84455.416846324,1706.107142857143,20085.83325,1.289035111374784,86069.08,230.4847001426473
2025-11-23 04:15:00,86372.1,87148.9,86364.7,86477.7,18813.732,2025-11-23 04:29:59.999,1628917664.63800,3104,11411.552,988178372.35280,0,83.22591587516983,411.04323976879823,358.3241832724857,52.71905649631253,86738.18552655309,85627.085,84515.98447344692,1697.4500000000003,20195.1008,1.1484774690686492,86198.2,244.92024211944357
2025-11-23 04:30:00,86476.6,86769.2,86402.0,86507.2,10839.385,2025-11-23 04:44:59.999,937530062.59930,2479,3063.038,265012749.71840,0,80.31644939795022,422.66722991506686,371.192792601002,51.47443731406486,86810.6476204574,85715.38,84620.11237954261,1636.3785714285716,19839.1263,0.7743250720796774,86321.72,202.4257814603903
2025-11-23 04:45:00,86510.0,87000.0,86400.0,86524.7,15589.874,2025-11-23 04:59:59.999,1349295642.53030,2878,6224.517,538716851.51090,0,78.26493049832447,428.3536352047522,382.6249611217521,45.7286740830001,86845.54299336989,85807.44,84769.33700663011,1550.6857142857148,20319.54505,0.8031660633795118,86421.87999999999,128.6941995579105
2025-11-23 05:00:00,86524.7,86865.1,86340.4,86400.0,13041.212,2025-11-23 05:14:59.999,1127023520.01480,3096,2982.265,257755901.07730,0,67.44258807333733,417.9796959759551,389.69590809259273,28.28378788336238,86889.12241269006,85871.245,84853.36758730993,1472.7928571428586,19688.181950000002,0.7761160604936561,86459.51999999999,62.26971173734713
2025-11-23 05:15:00,86400.0,86605.0,86073.7,86209.7,11525.381,2025-11-23 05:29:59.999,994484470.66720,2439,1374.739,118695966.92650,0,60.509768695261556,389.90803940630576,389.7383343553354,0.16970505097037858,86880.86338101108,85928.94499999999,84977.02661898891,1182.192857142859,18804.0971,0.24733420933288033,86423.86,128.88639571286305
2025-11-23 05:30:00,86211.2,86605.0,85500.0,86010.3,12140.299,2025-11-23 05:44:59.999,1045176703.25340,2691,4270.862,367790805.05960,0,57.3328368530241,347.5646288469434,381.303593253657,-33.73896440671365,86813.51464235663,85982.31,85151.10535764336,925.72142857143,18418.19395,-0.12714846063274649,86330.37999999999,218.4533062232082
2025-11-23 05:45:00,86010.3,86549.4,85759.0,86298.6,16539.27,2025-11-23 05:59:59.999,1425459835.59570,2852,16182.505,1394728308.39330,0,57.912687585266234,333.427029804574,371.7282805638405,-38.30125075926651,86722.41017831286,86051.715,85381.01982168714,946.4642857142868,18229.904100000003,0.40897249587246104,86288.66,194.8905154178881
2025-11-23 06:00:00,86298.6,90000.0,85576.4,86241.3,15751.822,2025-11-23 06:14:59.999,1361980837.22230,3156,8714.036,754236667.90400,0,53.30109221322613,313.9798853092216,360.1786015129167,-46.19871620369514,86669.65337448502,86099.35,85529.046625515,1009.7714285714299,18247.7748,0.47674471439006744,86231.98000000001,143.52197392681498
2025-11-23 06:15:00,86287.5,88000.0,82222.6,86103.6,19378.705,2025-11-23 06:29:59.999,1669358959.37140,3293,6303.586,543200131.24620,0,54.334459646596166,284.1807857458043,344.97903835949427,-60.798252613689954,86624.38343947148,86129.74,85635.09656052853,1332.6214285714293,17395.213949999998,0.249157057431866,86172.7,115.1893441245688
2025-11-23 06:30:00,86103.6,86379.1,85969.1,86002.0,14696.833,2025-11-23 06:44:59.999,1264667832.87720,3037,4282.285,368575442.51300,0,54.74077794519769,249.49054273939691,325.8813392354748,-76.39079649607788,86617.7876492188,86137.715,85657.6423507812,1290.6000000000006,17169.32325,-0.025458041311768216,86131.16,134.36514801036904
2025-11-23 06:45:00,86002.0,86210.2,85085.0,85857.6,12081.5,2025-11-23 06:59:59.999,1038389553.58770,3091,2874.610,247049004.65380,0,49.14839259101554,207.9492929031403,302.2949299690079,-94.3456370658676,86616.04031929722,86138.83,85661.61968070279,1315.2142857142858,16375.60265,-0.41084863092986934,86100.62000000001,178.7319557321726
2025-11-23 07:00:00,85877.2,85877.2,85300.0,85806.4,17740.248,2025-11-23 07:14:59.999,1521019120.58380,2968,10790.570,925396740.72980,0,43.94386590187674,168.94860693595547,275.62566536239746,-106.67705842644199,86607.75882890412,86142.42,85677.08117109588,1299.1214285714284,16187.237,-0.6732416539334234,86002.18000000001,177.97303728331033
2025-11-23 07:15:00,85806.4,85877.2,85300.0,85483.7,23050.033,2025-11-23 07:29:59.999,1974232053.34080,3174,3785.622,323976614.08530,0,31.142191142190995,110.72472523662145,242.64547733724226,-131.9207521006208,86665.08400026165,86116.75499999999,85568.42599973833,1323.7928571428565,16572.756199999996,-1.1494292748303898,85850.66,236.40494495641184
2025-11-23 07:30:00,85300.0,88000.0,85200.0,85661.5,13023.823,2025-11-23 07:44:59.999,1114830681.28670,2852,11358.910,972350042.44950,0,31.19921329123757,78.02937862365798,209.7222575945254,-131.6928789708674,86678.72022849624,86093.84,85508.95977150375,1456.6714285714281,16058.74915,-0.9776064882460618,85762.23999999999,197.64967240003483
2025-11-23 07:45:00,85661.5,88000.0,85605.6,85721.3,10807.636,2025-11-23 07:59:59.999,926434067.68470,2827,4467.096,383301759.69920,0,30.11775838502814,56.29451274580788,179.0367086247819,-122.74219587897403,86687.72197729809,86082.55,85477.37802270192,1571.6857142857136,15288.64205,-0.9285209888043463,85706.1,145.5114256676767
2025-11-23 08:00:00,85721.3,86909.5,84400.0,86009.8,21508.859,2025-11-23 08:14:59.999,1846653267.55270,3516,20478.988,1758190691.71660,0,38.492504164353335,61.63848259135557,155.55706341809665,-93.91858082674108,86686.2540039628,86091.435,85496.6159960372,1724.7071428571423,15326.0146,-0.451620370370367,85736.54000000001,193.22446273658042
2025-11-23 08:15:00,86009.8,88000.0,85707.4,85955.0,11771.798,2025-11-23 08:29:59.999,1012774988.79630,3008,3441.165,296374770.23280,0,37.0434387082103,60.751410933211446,136.5959329211196,-75.84452198790817,86685.55792666534,86094.705,85503.85207333467,1845.607142857143,15462.40595,-0.29544239221340185,85766.26000000001,216.6626017563729
2025-11-23 08:30:00,85955.0,85972.4,85438.8,85825.9,17624.711,2025-11-23 08:44:59.999,1513926254.44120,3018,6255.475,537447239.70490,0,36.96944936220437,49.06551295427198,119.08984892775008,-70.0243359734781,86687.17605010251,86084.805,85482.43394989747,1846.2428571428557,15540.510650000002,-0.21439292735871018,85834.7,148.3807096621426
2025-11-23 08:45:00,85825.9,87000.0,85825.2,86100.0,10581.372,2025-11-23 08:59:59.999,909881103.94600,2560,8828.305,759122696.62880,0,47.601346919141214,61.2162699012988,107.51513312245983,-46.29886322116103,86678.69194490722,86079.215,85479.73805509278,1892.2071428571414,15388.356150000001,-0.23013119563933343,85922.4,149.99728330820375
2025-11-23 09:00:00,86100.0,87695.6,86043.8,86185.0,15591.7,2025-11-23 09:14:59.999,1342827508.01710,2494,10448.909,900050810.40460,0,54.02108364406377,76.81909892386466,101.37592628274079,-24.556827358876134,86653.20660603086,86069.06499999999,85484.92339396912,1931.2642857142844,15104.909650000001,-0.06528194728048267,86015.13999999998,137.39609892513002
2025-11-23 09:15:00,86186.1,87600.0,86061.5,86088.2,17958.645,2025-11-23 09:29:59.999,1547045002.52380,2659,4529.049,390282999.87180,0,44.68901453957983,80.44616922995192,97.18997487218303,-16.74380564223111,86601.4480668037,86049.59,85497.7319331963,1984.6999999999991,15062.155300000002,-0.017885431038898177,86030.81999999999,141.0591081775467
2025-11-23 09:30:00,86088.2,87509.1,86078.1,86400.9,23124.695,2025-11-23 09:44:59.999,1994308551.68870,3121,21227.393,1830715071.64500,0,53.56855379661903,107.31585404177895,99.21515070610222,8.100703335676727,86579.36901387585,86044.275,85509.18098612413,1770.942857142856,15676.420799999998,0.4638264226413271,86120.0,206.7824097931207
2025-11-23 09:45:00,86400.9,86600.0,86115.5,86348.1,3202.501,2025-11-23 09:59:59.999,276462218.53340,1987,386.476,33363697.00890,0,55.682610514572545,122.93266300698451,103.95865316627868,18.974009840705833,86542.23857149319,86035.44499999999,85528.6514285068,1392.8785714285707,15057.05215,0.5712947951025884,86224.44,143.2062254228387
2025-11-23 10:00:00,86348.2,86371.6,85845.0,86239.8,6871.964,2025-11-23 10:14:59.999,593024544.13230,2046,1373.694,118573743.78690,0,55.509731232622826,125.12779660971137,108.19248185496524,16.93531475474613,86514.6539836219,86027.435,85540.2160163781,1401.2071428571423,14748.58975,0.5050905293777722,86252.4,125.37334246106275
2025-11-23 10:15:00,86239.8,86309.6,85850.0,86148.3,14964.325,2025-11-23 10:29:59.999,1290410849.17080,2576,6745.319,581844101.77340,0,56.904660111158485,118.12252771641943,110.17849102725609,7.94403668916334,86507.50504192038,86024.365,85541.22495807963,1353.6642857142858,14920.53695,0.7774581586899091,86245.06000000001,131.24268741479742
2025-11-23 10:30:00,86148.3,86307.0,85845.0,86182.8,16337.792,2025-11-23 10:44:59.999,1407889379.65850,2919,11501.902,991379944.99830,0,59.01168358552018,114.04008019228058,110.95080886026098,3.0892713320196066,86521.2051031553,86032.99,85544.77489684471,1345.4357142857148,15130.411600000001,0.6085581036988646,86263.98000000001,107.68006779278696
2025-11-23 10:45:00,86181.7,86232.0,85850.0,86024.0,20084.349,2025-11-23 10:59:59.999,1730295096.68500,2812,8800.312,758419987.71730,0,64.03741231488695,96.87417337652005,108.1354817635128,-11.261308386992752,86491.19740173825,86019.26,85547.32259826174,1331.4928571428577,15307.665550000002,0.353121102923074,86188.6,119.17694827378735
2025-11-23 11:00:00,86024.0,86025.9,85437.4,85811.1,26966.353,2025-11-23 11:14:59.999,2316076823.75250,3773,6059.981,520529469.84510,0,53.81710553174131,65.33764646739291,99.57591470428882,-34.238268236895905,86466.2792890934,85997.75,85529.2207109066,1173.5285714285721,15868.392100000001,-0.23102018607181635,86081.2,170.4441110741
2025-11-23 11:15:00,85874.5,86200.0,85437.4,85978.9,12037.166,2025-11-23 11:29:59.999,1034517338.05580,2681,9601.899,825319325.90150,0,56.22944476687929,53.270707509771455,90.31487326538536,-37.0441657556139,86457.42489540158,85991.515,85525.60510459842,1056.9714285714301,15501.315149999999,0.02780524693152717,86029.02,148.24165069181544
2025-11-23 11:30:00,85978.9,86218.9,85978.5,86213.4,24720.392,2025-11-23 11:44:59.999,2128862862.54700,3294,17451.715,1502829673.74930,0,55.055621771950534,61.91603184261476,84.63510498083124,-22.719073138216487,86478.47066099488,86002.08499999999,85525.6993390051,894.8928571428581,16002.493099999998,0.4514954110588995,86042.04000000001,163.41894932912308
2025-11-23 11:45:00,86213.5,86359.8,86000.0,86272.4,17799.06,2025-11-23 11:59:59.999,1535608688.10450,2876,16716.814,1442259245.12000,0,57.86500148676766,72.6903909194807,82.24616216856114,-9.555771249080436,86508.74723712017,86022.825,85536.90276287982,756.8357142857151,16288.371099999998,0.20023228803715934,86059.95999999999,186.05760667018004
2025-11-23 12:00:00,86272.4,89000.0,86111.0,86540.1,13195.308,2025-11-23 12:14:59.999,1141445045.47280,3229,8224.891,712017693.17870,0,66.56000741977401,101.65844524337444,86.1286187835238,15.52982645985064,86585.74586026912,86059.51,85533.27413973087,925.0785714285729,16061.1241,0.41202065324593123,86163.18,280.3743872036926
2025-11-23 12:15:00,86540.1,88000.0,86111.0,86736.4,15671.983,2025-11-23 12:29:59.999,1358937814.78330,2939,11210.604,971980880.91460,0,65.30838064081595,138.8549725330231,96.67388953342368,42.181082999599425,86657.92773473842,86122.145,85586.36226526159,976.0928571428584,15692.2216,0.7529487200336366,86348.24,294.8830327432612
2025-11-23 12:30:00,86736.4,86792.0,86440.0,86507.3,23109.38,2025-11-23 12:44:59.999,2001704608.90990,3636,6425.183,556622816.97250,0,57.25019120889026,148.13937479759625,106.9669865862582,41.172388211338045,86680.27495590397,86164.43500000001,85648.59504409606,883.250000000001,16196.49945,0.12314686536831067,86453.92,212.64450851097004
2025-11-23 12:45:00,86507.3,86789.0,86417.2,86473.2,24390.738,2025-11-23 12:59:59.999,2109992109.13060,3366,8572.812,741857191.42820,0,58.91203703703716,151.00505324057303,115.77459991712117,35.23045332345187,86690.77298530616,86202.03,85713.28701469384,799.914285714287,16875.65455,0.1448786944935572,86505.88,165.75085821761323
2025-11-23 13:00:00,86473.2,86789.0,86111.0,86305.2,27752.528,2025-11-23 13:14:59.999,2401333823.57070,4008,15510.596,1342852362.36460,0,47.62566367290234,138.12767834025726,120.2452156017484,17.882462738508863,86698.89187156949,86216.8,85734.70812843052,746.1285714285726,17187.838,0.07583505527609546,86512.43999999999,154.46502193012938
2025-11-23 13:15:00,86213.2,86789.0,86112.5,86395.4,20428.374,2025-11-23 13:29:59.999,1766187663.77590,3341,9897.477,855547947.47390,0,51.15214108247646,133.659903874679,122.92815325633453,10.731750618344478,86710.68546521754,86238.81999999999,85766.95453478245,759.8428571428584,17620.6668,0.28683096474334524,86483.5,161.38729813672623
2025-11-23 13:30:00,86417.0,86673.2,86395.4,86670.0,16227.179,2025-11-23 13:44:59.999,1404347471.04160,3170,15204.929,1315955874.04270,0,59.69355565570077,150.54173388163326,128.45086938139428,22.09086450023898,86748.3598529039,86281.025,85813.69014709609,742.0714285714296,17550.7902,0.5653100154555167,86470.22,136.12998200202603
2025-11-23 13:45:00,86670.0,88000.0,86178.0,86865.0,14984.11,2025-11-23 13:59:59.999,1299973052.11830,3663,11593.784,1005789173.06370,0,65.42949407965557,177.60821897207643,138.28233929953072,39.32587967254571,86845.7137518749,86319.275,85792.8362481251,839.3857142857149,17770.9271,0.9776341486096903,86541.76,225.28423824111215
2025-11-23 14:00:00,86865.0,87138.1,86383.0,86778.2,29683.374,2025-11-23 14:14:59.999,2579564115.62770,8826,16803.356,1460757549.98620,0,62.53579248778839,189.86591282428708,148.59905400448199,41.266858819805094,86909.27182079513,86348.935,85788.59817920487,860.3214285714296,18475.5108,1.127010375114631,86602.76,242.6985537655355
2025-11-23 14:15:00,86777.5,86793.8,86500.0,86756.6,11031.908,2025-11-23 14:29:59.999,956349979.40080,2676,3333.015,288996280.23160,0,66.37021809081189,195.5827280988451,157.99578882335462,37.586939275490494,86956.76774533388,86382.35500000001,85807.94225466614,854.0214285714299,18129.17395,0.9045242495542647,86693.04,180.2656040399527
2025-11-23 14:30:00,86752.3,87000.0,86501.0,86718.0,19904.859,2025-11-23 14:44:59.999,1727060728.45620,3322,10065.597,873487843.72090,0,71.97693016042261,194.7536491662322,165.34736089193015,29.406288274302057,86991.95787100065,86398.20999999999,85804.46212899934,847.6285714285726,17968.18215,0.5852918455831759,86757.56,72.80458776678095
2025-11-23 14:45:00,86710.2,86825.0,86474.3,86510.2,18897.592,2025-11-23 14:59:59.999,1636611209.66540,3062,5401.190,467737302.70790,0,62.6301526173157,175.3080330233206,167.33949531820826,7.96853770511234,87001.60625388284,86406.315,85811.02374611716,818.2071428571435,18752.9367,0.2756385587974867,86725.6,131.92331105566817
2025-11-23 15:00:00,86512.6,86825.0,86424.1,86681.6,18889.371,2025-11-23 15:14:59.999,1634437574.59960,3157,10902.206,943677167.67760,0,61.474365258308225,171.74798572836153,168.22119340023895,3.526792328122582,87030.42977471485,86428.405,85826.38022528515,829.6714285714291,19353.80705,0.16350801535935364,86688.92,106.52648496918314
2025-11-23 15:15:00,86681.6,86751.9,86494.3,86665.6,18519.779,2025-11-23 15:29:59.999,1605435168.90630,2949,11218.667,972555005.70050,0,59.84378129381157,165.72517961134145,167.72199064245945,-1.9968110311179998,87050.04165919236,86454.26999999999,85858.49834080762,822.3714285714284,19531.579749999997,-0.08162662965028335,86666.4,94.1125921430749
2025-11-23 15:30:00,86678.6,87000.0,86500.0,86972.5,16895.978,2025-11-23 15:44:59.999,1467593073.55810,17717,12090.087,1049808315.96240,0,60.61677470045166,183.59990198920423,170.89757291180842,12.702329077395802,87117.77734263478,86493.755,85869.73265736522,651.7285714285712,19559.489049999996,0.5377580851558158,86709.58,167.08330856159736
2025-11-23 15:45:00,86972.5,87110.0,86510.0,87048.1,23811.233,2025-11-23 15:59:59.999,2071764203.35620,23027,16374.980,1425054106.01120,0,58.1354074228744,201.5427767327492,177.0266136759966,24.51616305675259,87174.72320161427,86544.95999999999,85915.19679838572,559.6571428571426,19745.83325,0.6648302595486333,86775.6,226.0525492001679
2025-11-23 16:00:00,87048.1,87670.0,86800.0,87141.5,28938.68,2025-11-23 16:14:59.999,2523049776.15030,47360,12990.213,1132664640.13660,0,67.8146067415728,220.75451301514113,185.77219354382552,34.982319471315606,87194.15428691667,86611.48,86028.80571308332,596.6571428571426,19844.4496,0.9690030264688605,86901.86000000002,216.87365676794866
2025-11-23 16:15:00,87105.6,87150.0,86600.0,86999.9,24286.059,2025-11-23 16:29:59.999,2113907181.01080,62775,5250.882,457086622.51000,0,63.95231788079451,221.99499575288792,193.01675398563802,28.978241767249898,87187.93909014056,86662.53,86137.12090985944,609.3857142857139,20456.89425,0.699690029793253,86965.52,179.56275226200893
2025-11-23 16:30:00,86999.9,87738.0,86800.0,87304.0,26680.874,2025-11-23 16:44:59.999,2325994525.76830,32344,11340.424,988879683.42300,0,74.67879027475767,244.6957158014411,203.35254634879865,41.34316945264246,87271.76342346375,86717.06000000001,86162.35657653627,627.9571428571425,20554.91835,0.7315103265259029,87093.2,134.23572549780772
2025-11-23 16:45:00,87306.5,87400.0,86500.0,86580.5,30523.742,2025-11-23 16:59:59.999,2657498711.20040,46610,2514.251,218883820.25060,0,53.483382889834104,201.97752554606996,203.07754218825295,-1.100016642182993,87251.11411686365,86732.465,86213.81588313634,643.9214285714281,21191.15245,-0.32751971449951073,87014.8,269.0896319071295
2025-11-23 17:00:00,86550.0,86765.5,85500.0,86720.7,26668.926,2025-11-23 17:14:59.999,2310516818.33590,3619,12201.190,1057463719.47120,0,51.004955401387456,177.3911653321411,197.9402668170306,-20.54910148488949,87252.27121209736,86741.49500000001,86230.71878790266,714.471428571428,21864.83335,-0.06626088118905439,86949.32,297.31493739788493
2025-11-23 17:15:00,86713.5,87000.0,86222.0,87000.0,19600.23,2025-11-23 17:29:59.999,1698695207.00460,3092,11627.899,1007954483.15260,0,52.58938161730856,178.38713757213554,194.0296409680516,-15.642503395916066,87278.33886115151,86754.675,86231.0111388485,639.8999999999994,22061.2457,0.28055502405579996,86921.01999999999,280.7203002989018
2025-11-23 17:30:00,87000.0,87728.0,86222.0,86811.0,12688.528,2025-11-23 17:44:59.999,1101480863.95440,2854,5837.033,506688412.74690,0,50.60538944259879,162.0576328146126,187.63523933736383,-25.57760652275124,87280.77860882587,86769.86000000002,86258.94139117416,693.5357142857132,21540.2031,0.10724417076039576,86883.24,280.161226796112
2025-11-23 17:45:00,86811.0,86819.1,86506.2,86723.3,12407.63,2025-11-23 17:59:59.999,1075733985.99710,2402,4740.956,410940335.78860,0,49.400021620842445,140.42103927224525,178.19239932434013,-37.77136005209488,87274.61287198741,86782.36499999999,86290.11712801257,694.8999999999994,20941.0477,0.24632933457558281,86767.1,154.15947911138034
2025-11-23 18:00:00,86723.3,87089.4,86506.2,86753.4,11076.004,2025-11-23 18:14:59.999,961131469.66540,2331,4779.767,414784718.36590,0,50.639774452396345,124.27019202643714,167.40795786475954,-43.137765838322395,87243.45033073101,86804.775,86366.09966926898,700.9142857142849,20107.2215,0.08283188127582826,86801.68000000001,116.67243461887404
2025-11-23 18:15:00,86753.4,87200.0,86708.2,86848.5,29125.339,2025-11-23 18:29:59.999,2532802105.14250,19335,11322.550,984587848.03340,0,56.373638795734614,117.78653457162727,157.4836732061331,-39.69713863450582,87221.63278564851,86827.43000000001,86433.2272143515,710.9928571428567,20542.06975,0.21104105896687284,86827.23999999999,108.18688922368327
2025-11-23 18:30:00,86848.2,87400.0,86845.1,87151.7,33310.651,2025-11-23 18:44:59.999,2900320173.87410,34332,21550.855,1876312060.27120,0,58.437735578131026,135.55134381423704,153.0972073277539,-17.54586351351685,87263.67115474875,86851.515,86439.35884525125,721.9928571428567,21396.243349999997,0.20604213975681634,86857.57999999999,171.49585126147718
2025-11-23 18:45:00,87152.9,87400.0,86252.0,86946.5,25934.172,2025-11-23 18:59:59.999,2256405299.60480,28813,7616.281,662632404.30530,0,54.72116709805363,131.5556662559975,148.7888991134026,-17.233232857405113,87269.91341753554,86855.59,86441.26658246445,785.5928571428574,21943.74645,-0.11671707940782833,86884.68,172.99445655829794
2025-11-23 19:00:00,86946.5,87332.0,86500.0,87191.6,27938.537,2025-11-23 19:14:59.999,2433307284.56620,36439,16571.873,1443454850.46300,0,53.76059867495118,146.47807649614697,148.32673458995149,-1.8486580938045165,87314.86353228046,86876.26000000001,86437.65646771956,809.307142857143,21856.504599999997,0.05749269865678904,86978.34,189.73911826481756
2025-11-23 19:15:00,87191.6,87456.5,87074.4,87425.9,22810.972,2025-11-23 19:29:59.999,1991968801.88690,26852,10812.168,944782398.68730,0,56.1494888990167,175.19075598091877,153.69953886814494,21.491217112773825,87407.96601492148,86909.725,86411.48398507854,793.7428571428578,22445.457799999996,0.4896557352364773,87112.84,225.42428440591846
2025-11-23 19:30:00,87425.9,87586.5,86865.0,87582.8,21905.664,2025-11-23 19:44:59.999,1916369415.73690,3227,15001.318,1312586898.65820,0,57.037604057028084,208.20620848078397,164.60087279067275,43.60533569011122,87525.6846513612,86952.965,86380.2453486388,783.1357142857149,22545.498050000002,0.3193439017685363,87259.7,248.19946615561616
2025-11-23 19:45:00,87585.0,87728.0,87271.1,87273.7,16126.716,2025-11-23 19:59:59.999,1410055798.92430,7132,872.456,76354342.03630,0,54.144967906019176,207.04274584614905,173.08924740176803,33.95349844438101,87540.91900402422,86991.14,86441.36099597577,776.4857142857145,22406.95425,0.8006421769336018,87284.1,240.81481474347623
2025-11-23 20:00:00,87273.7,87728.0,87084.0,87384.0,21923.688,2025-11-23 20:14:59.999,1914096262.63880,15702,5921.933,517087466.97960,0,51.28658732711482,212.57059994284646,180.98551790998374,31.585082032862715,87582.48339472989,87026.26,86470.0366052701,755.4857142857145,22558.6701,0.7648692872635978,87371.6,149.74319684026628
2025-11-23 20:15:00,87384.0,87999.0,86881.4,87581.7,21921.416,2025-11-23 20:29:59.999,1917963267.09400,4223,16940.919,1482091090.03340,0,69.37906472592131,230.25002293435682,190.83841891485838,39.41160401949844,87653.54264685522,87072.065,86490.58735314479,771.028571428572,22728.751949999998,0.6686206896551691,87449.62,133.22772609314967
2025-11-23 20:30:00,87581.7,87999.0,87262.4,87499.3,20242.091,2025-11-23 20:44:59.999,1770980515.27950,3719,6872.632,601289869.00240,0,65.41537974182323,234.90427146211732,199.6515894243102,35.25268203780712,87707.94198553877,87098.405,86488.86801446123,733.250000000001,22896.0576,0.7928718710762496,87464.3,134.0022947562948
2025-11-23 20:45:00,87499.3,87510.5,87277.0,87484.0,8037.854,2025-11-23 20:59:59.999,702974898.91060,2138,3724.452,325738108.86130,0,60.7013354559123,234.65327789956063,206.65192711936032,28.001350780200312,87752.89603910378,87120.2,86487.50396089621,694.3571428571439,22107.38865,0.8771575804887464,87444.54,118.55379791449421
2025-11-23 21:00:00,87484.0,87900.0,87200.8,87244.7,31054.956,2025-11-23 21:14:59.999,2712418751.85900,22090,6260.111,547091023.78240,0,59.38054245793134,212.69306042065728,207.86015377961974,4.832906641037539,87760.46618557077,87125.36,86490.25381442923,636.7285714285723,22213.20245,0.5663178618936007,87438.74,129.22996169600103
2025-11-23 21:15:00,87244.7,87567.1,87200.8,87526.6,17568.256,2025-11-23 21:29:59.999,1535020793.39530,11909,12631.222,1104040355.79420,0,66.02817351051519,215.55165855353698,209.3984547344032,6.153203819133779,87808.21566139994,87151.69499999999,86495.17433860005,640.5428571428575,21877.312299999998,0.7807849300793979,87467.26000000001,129.86290078368762
2025-11-23 21:30:00,87526.6,87879.0,87308.0,87641.4,19233.885,2025-11-23 21:44:59.999,1685835813.58330,3060,11296.522,989937529.54500,0,67.1388867443835,224.49270655808505,212.41730509913958,12.075401458945464,87858.07501450898,87168.56499999999,86479.05498549099,639.6714285714291,21504.96285,0.5618938012683597,87479.2,144.89038960522856
2025-11-23 21:45:00,87641.4,87944.5,87624.9,87944.5,22199.475,2025-11-23 21:59:59.999,1948468337.15360,3517,19608.656,1721339282.67620,0,69.58121918101904,253.11839706661704,220.5575234926351,32.56087357398192,87950.75956956719,87236.76499999998,86522.77043043278,627.3714285714294,21088.749499999998,1.1478322876711542,87568.24,255.16287543442527
2025-11-23 22:00:00,87944.5,88470.5,87647.1,87699.9,25478.159,2025-11-23 22:14:59.999,2237072047.45250,3962,7463.173,655354358.46130,0,60.00364963503639,253.14914152864367,227.07584709983684,26.073294428806832,87984.85581036606,87285.725,86586.59418963395,646.5500000000009,21029.21115,0.5829690016010582,87611.42,255.6109289525144
2025-11-23 22:15:00,87699.9,88300.0,87515.9,87861.1,28767.115,2025-11-23 22:29:59.999,2523239268.87010,3750,12865.414,1129066109.63570,0,66.96216617210675,263.14759781901375,234.29019724367225,28.8574005753415,88059.18240271915,87328.78,86598.37759728085,620.5571428571441,21487.5554,0.4977929881190947,87734.7,168.2368419817034
2025-11-23 22:30:00,87865.5,88122.6,87667.9,87717.1,14723.811,2025-11-23 22:44:59.999,1291963099.57580,2774,2035.652,178656140.79520,0,60.12563104551226,256.49513369040505,238.73118453301885,17.763949157386207,88081.29774481182,87374.08499999999,86666.87225518817,593.6071428571449,21589.31955,0.15334061025681173,87772.8,125.4597943565197
2025-11-23 22:45:00,87717.1,87935.8,87635.0,87935.8,20607.651,2025-11-23 22:59:59.999,1809950748.77870,2735,15975.749,1403091036.99030,0,59.8844647772652,265.8062215149257,244.14619192940026,21.66002958552545,88114.37039166875,87434.70999999999,86755.04960833123,587.8000000000019,21999.3206,0.7586477942381333,87831.68000000001,117.18511850906573
2025-11-23 23:00:00,87935.8,88452.0,87200.0,87344.1,27771.228,2025-11-23 23:14:59.999,2435499648.92870,4788,8018.329,703900687.59490,0,46.040277363060355,222.87096303646103,239.89114615081243,-17.020183114351397,88066.1345176667,87464.245,86862.3554823333,625.692857142859,22834.0818,-0.045660532820647005,87711.6,227.94696751651765
2025-11-23 23:15:00,87344.1,87700.7,86250.0,87001.5,23093.351,2025-11-23 23:29:59.999,2010012357.35660,41298,7025.214,611045212.37860,0,45.53419083869282,159.3624732097669,223.78541156260334,-64.42293835283644,88043.98402316372,87471.89499999999,86899.80597683626,696.6785714285735,22532.4824,-0.6624671592353164,87571.92,391.91577156318425
2025-11-23 23:30:00,87001.5,87237.9,86760.0,86773.9,12529.003,2025-11-23 23:44:59.999,1088240265.58790,9469,2568.464,223000523.83830,0,40.36146481721379,89.63288747664774,196.95490674541222,-107.32201926876448,88090.78789153928,87453.005,86815.22210846073,684.8142857142874,21493.4,-0.829035203710211,87354.48000000001,482.4940331236736
2025-11-23 23:45:00,86790.9,86939.0,86764.3,86796.2,4880.579,2025-11-23 23:59:59.999,423720792.65530,3569,3449.807,299519470.10150,0,36.86235156380678,35.75890563421126,164.71570652317203,-128.95680088896077,88111.32691981808,87445.49,86779.65308018193,617.4642857142868,20440.720349999996,-0.7862009053084027,87170.3,485.22517968457794
2025-11-24 00:00:00,86797.2,86800.0,85750.7,86307.5,13464.921,2025-11-24 00:14:59.999,1165008012.11850,2505,2402.431,207663223.60330,0,32.45185228812075,-45.842178764607524,122.60412946561611,-168.44630823022362,88234.45760302072,87401.285,86568.11239697928,639.8000000000009,19717.03955,-1.0742199812710653,86844.63999999998,377.4703008183485
2025-11-24 00:15:00,86307.5,86800.0,85600.0,86381.8,24294.394,2025-11-24 00:29:59.999,2093297021.09120,2793,10933.327,942230465.70320,0,34.048280653004696,-103.32516877951275,77.41826981659034,-180.7434385961031,88298.49259535238,87349.08,86399.66740464763,708.8357142857151,19791.21065,-1.3079452417893564,86652.18000000001,295.58908471029326
2025-11-24 00:30:00,86381.8,87231.0,86098.9,86840.9,23343.086,2025-11-24 00:44:59.999,2022465517.04340,2736,12369.813,1071699519.46110,0,44.505524410820215,-110.56084280526557,39.82244729221915,-150.38329009748472,88280.72551770056,87311.985,86343.24448229944,739.7571428571443,19863.08175,-0.9133811189688892,86620.06,253.9310595414919
2025-11-24 00:45:00,86840.9,87231.0,86466.2,86700.2,24460.804,2025-11-24 00:59:59.999,2123840949.15180,8294,5352.755,464457523.57230,0,38.30588102111272,-126.19379717750417,6.61919839827448,-132.81299557577864,88290.0291567834,87283.31,86276.59084321659,768.22142857143,20279.78615,-1.4148696052624132,86605.31999999999,244.7413267101878
2025-11-24 01:00:00,86696.8,87100.0,86500.0,86742.6,20209.613,2025-11-24 01:14:59.999,1752342635.44790,2385,10743.331,931342925.08240,0,37.015313493210336,-133.62139622008544,-21.428920525397515,-112.19247569468793,88284.95639885718,87251.24,86217.52360114284,770.2928571428586,20194.0824,-1.0915633883276816,86594.6,235.28137410314054
2025-11-24 01:15:00,86742.6,86816.1,86500.0,86804.9,15775.034,2025-11-24 01:29:59.999,1368071797.42430,2008,12174.889,1055991785.36600,0,32.30544686665422,-132.9481886766298,-43.73277415564398,-89.21541452098582,88252.19251371702,87212.4,86172.60748628297,770.0428571428586,19886.7633,-1.2021247173094936,86694.08,182.85761400575794
2025-11-24 01:30:00,86804.9,86816.1,86400.5,86426.2,17791.326,2025-11-24 01:44:59.999,1540424041.75780,2300,3117.117,269903819.62780,0,31.013922427928392,-161.11535439830914,-67.20929020417702,-93.90606419413211,88245.8727356327,87158.745,86071.61726436729,740.914285714288,19764.22505,-1.4716628798717795,86702.95999999999,164.00781383787933
2025-11-24 01:45:00,86426.2,87100.0,85762.6,87027.5,17545.002,2025-11-24 01:59:59.999,1521502292.74250,3191,15370.550,1332980940.50920,0,39.01539110267753,-133.3806226590532,-80.44355669515227,-52.93706596390092,88213.42068623877,87135.92,86058.41931376123,780.4357142857158,20239.58245,-1.0329126476361197,86740.28,216.1764950217476
2025-11-24 02:00:00,87024.8,87888.0,85500.0,87826.1,24343.755,2025-11-24 02:14:59.999,2130149940.62510,8747,15846.828,1385446303.06750,0,51.22499438075972,-46.42514199129073,-73.63987375437996,27.214731763089233,88285.36594799472,87164.99,86044.61405200529,918.528571428572,19904.0224,0.5518403647183954,86965.45999999999,526.9719186066136
2025-11-24 02:15:00,87825.4,88000.0,85600.0,87687.2,11640.018,2025-11-24 02:29:59.999,1022406752.63440,2290,4343.532,381858573.99190,0,47.1550855991943,11.151090921179275,-56.68168081926811,67.83277174044738,88306.53364600835,87173.01999999999,86039.50635399163,1068.471428571429,19607.610500000003,0.7881473307931439,87154.37999999999,592.3651382382097
2025-11-24 02:30:00,87687.2,88549.0,86577.8,87349.3,20628.404,2025-11-24 02:44:59.999,1804884303.87480,3567,5662.768,494860099.02780,0,50.06317733391647,29.178611402239767,-39.50962237496653,68.6882337772063,88273.90227379695,87158.41500000001,86042.92772620307,1119.8428571428574,19677.33645,0.6631026149568117,87263.26,561.2862665342833
2025-11-24 02:45:00,87349.3,87950.0,86577.8,87408.4,13135.386,2025-11-24 02:59:59.999,1147276745.30250,17691,6729.054,587918563.09360,0,55.309376549492356,47.68474726095155,-22.07074844778291,69.75549570873446,88191.96485996696,87131.61,86071.25514003304,1114.2357142857145,19224.132,0.7053304176910937,87459.7,311.2964423183002
2025-11-24 03:00:00,87408.4,87850.0,86850.0,87280.0,17015.914,2025-11-24 03:14:59.999,1485697099.61380,32075,4072.275,355963130.42900,0,56.7792750555899,51.39770558750024,-7.377057640726278,58.77476322822652,88139.76122821808,87110.61499999999,86081.4687717819,1151.5285714285721,18801.01975,1.1267850418561538,87510.2,234.7157323232509
2025-11-24 03:15:00,87280.0,87850.0,87240.4,87564.4,26133.298,2025-11-24 03:29:59.999,2286695241.28210,9915,20015.549,1751624929.41330,0,59.61499949934918,76.4081691668398,9.379987720786943,67.02818144605286,88087.2399391555,87095.78,86104.3200608445,1182.5928571428583,18669.3289,1.3690383854006183,87457.86,165.69048856234474
2025-11-24 03:30:00,87564.5,87826.3,87280.0,87408.5,8424.118,2025-11-24 03:44:59.999,736660058.56020,1816,2932.114,256590093.40290,0,65.03276897870029,82.69604611325485,24.04319939928053,58.65284671397432,88040.1975109169,87080.35,86120.50248908311,1146.664285714287,18354.344250000002,0.653609071301663,87402.12,105.02165014899859
2025-11-24 03:45:00,87408.5,87950.0,87232.7,87334.3,18481.727,2025-11-24 03:59:59.999,1614213074.14250,25465,11901.193,1039768724.59070,0,63.005543570277844,80.76095202790748,35.38674992500593,45.37420210290155,87931.75882049375,87050.275,86168.79117950624,1112.1857142857157,18248.04805,0.7313708618895987,87399.12,107.10133986098414
2025-11-24 04:00:00,87334.3,87607.3,87334.0,87405.5,13405.202,2025-11-24 04:14:59.999,1172487523.78020,1989,10566.653,924269888.80720,0,58.62248014660982,84.00427202276478,45.1102543445577,38.89401767820708,87939.55257572138,87053.345,86167.13742427863,1050.8428571428583,17529.74675,0.7642150454332636,87398.54,107.04635911612291
2025-11-24 04:15:00,87405.5,87900.0,86465.4,86516.0,24988.364,2025-11-24 04:29:59.999,2170969882.67640,17563,4829.515,418501065.50740,0,47.71054986576516,14.630756105485489,39.01435469674326,-24.383598591257773,87947.2770173657,87029.07,86110.86298263431,1098.6857142857157,17624.4974,-0.33281531342124027,87245.73999999999,416.50978739999266
2025-11-24 04:30:00,86516.0,86745.6,85600.0,86694.1,13226.647,2025-11-24 04:44:59.999,1146071216.98660,2164,8110.548,702564654.61460,0,49.416857039798,-25.681038487469777,26.075276059900652,-51.75631454737043,87948.63370538999,87025.07999999999,86101.52629460998,1137.6571428571447,17659.3796,0.3099754472602159,87071.68000000001,431.6247467418325
2025-11-24 04:45:00,86694.1,86746.4,85500.0,86692.4,13269.866,2025-11-24 04:59:59.999,1149937509.56300,2506,10784.358,934623001.22660,0,48.627345713658215,-57.10730446779053,9.438759954362414,-66.54606442215294,87950.00267885735,87019.89,86089.77732114265,1204.1071428571438,18078.843950000002,-0.3850507023642019,86928.46,410.1967369445102
2025-11-24 05:00:00,86692.4,88000.0,85800.0,87531.1,21168.852,2025-11-24 05:14:59.999,1844096132.98990,10881,17417.889,1516650149.38310,0,62.1207134864741,-14.173384036475909,4.716331156194748,-18.889715192670657,87974.11292134883,87081.06999999999,86188.02707865115,1331.5642857142864,18464.0405,-0.33589103922410307,86967.81999999999,464.6956713806712
2025-11-24 05:15:00,87531.1,88000.0,87250.0,87598.0,16380.319,2025-11-24 05:29:59.999,1435258878.66790,2423,8142.144,713300986.35080,0,57.08959860817696,24.962575093464693,8.765579943648738,16.196995149815955,87999.3582921314,87141.87999999999,86284.40170786859,1289.6071428571438,18068.336750000002,-0.10172522329370431,87006.31999999999,515.2475298339044
2025-11-24 05:30:00,87598.0,87980.0,86693.1,87503.4,13802.139,2025-11-24 05:44:59.999,1207665351.51900,2499,4228.317,369909827.76640,0,45.13932821207996,47.793738798674894,16.571211714653973,31.22252708402092,88034.71000320125,87175.005,86315.29999679876,1210.9571428571435,17591.2894,0.17641812813610555,87203.8,467.3336976936036
2025-11-24 05:45:00,87498.6,88000.0,86716.5,86928.4,15696.396,2025-11-24 05:59:59.999,1371976620.49860,6206,5002.241,437318254.08400,0,39.89775268931722,19.26779881225957,17.110529134175092,2.1572696780844787,88025.39442582065,87186.41500000001,86347.43557417937,1131.2071428571435,17153.069,-0.5491463063046572,87250.66,411.9086403560712
2025-11-24 06:00:00,86950.0,87432.3,85500.0,86970.5,24296.17,2025-11-24 06:14:59.999,2118302076.48860,60321,4890.083,427070371.69710,0,44.525695126885914,0.057244135401560925,13.699872134420385,-13.642627999018824,88017.37488815573,87197.81,86378.24511184427,1128.4285714285725,17357.396849999997,-0.35460586617781853,87306.28,327.88808609035453
2025-11-24 06:15:00,86970.5,87187.0,85800.0,87092.6,25477.415,2025-11-24 06:29:59.999,2217440900.86450,60701,11417.044,993664416.31160,0,45.51776995571723,-5.2542416562500875,9.90904937628629,-15.163291032536378,88012.59801552791,87212.195,86411.7919844721,1129.4857142857156,17842.515900000002,-0.5388034406676554,87218.58,310.92645754258604
2025-11-24 06:30:00,87092.6,88000.0,86666.0,86942.9,21495.506,2025-11-24 06:44:59.999,1869282084.03430,37151,3831.870,333293645.38260,0,45.24420868485649,-21.297665091740782,3.6677064826808743,-24.965371574421656,87961.2459758969,87238.03,86514.81402410309,1153.3428571428583,18027.7249,-0.5326713077103552,87087.56,241.3036323803764
2025-11-24 06:45:00,86942.9,88500.0,86805.0,86867.0,20186.711,2025-11-24 06:59:59.999,1755151468.22600,25087,8787.492,764109837.53480,0,39.54610864612083,-39.67929125779483,-5.001693065414269,-34.67759819238056,87966.49722234995,87230.005,86493.51277765006,1230.8714285714293,18159.81035,-0.5350704133427564,86960.28,83.115263339204
2025-11-24 07:00:00,86862.1,87779.2,86182.0,86760.1,14145.557,2025-11-24 07:14:59.999,1227615685.38950,2430,3910.401,339422791.21460,0,40.13570254974765,-62.15629989170702,-16.43261443067282,-45.7236854610342,87885.32299218272,87176.705,86468.08700781729,1305.9357142857148,17649.900449999997,-0.7383974692668015,86926.62,123.51448093215407
2025-11-24 07:15:00,86766.2,87517.8,86286.0,86830.2,10432.498,2025-11-24 07:29:59.999,905953893.12370,6584,3696.465,320840384.94570,0,42.3214013709063,-73.4661351476534,-27.83931857406894,-45.62681657358446,87815.63294648896,87133.85500000001,86452.07705351106,1342.6857142857148,17589.52445,0.36316981829950196,86898.56,126.94275481466126
2025-11-24 07:30:00,86830.2,87600.0,86000.0,87249.1,24260.27,2025-11-24 07:44:59.999,2112122833.56130,33437,15111.200,1315946106.30180,0,47.8458487135696,-48.0733720571443,-31.886129270684012,-16.187242786460285,87805.40960531186,87128.845,86452.28039468815,1437.4500000000003,17771.117749999998,0.6401819731677242,86929.86,190.25389089303766
2025-11-24 07:45:00,87249.1,87482.5,86523.0,87001.1,28537.454,2025-11-24 07:59:59.999,2485744403.06550,74541,4684.059,408170020.07660,0,58.115568641884416,-47.414388187171426,-34.9917810539815,-12.422607133189928,87774.04450626732,87108.48000000001,86442.9154937327,1403.5142857142855,18541.22115,0.3560865773701174,86941.5,193.011541105556
2025-11-24 08:00:00,86902.1,87200.0,86523.0,86884.3,21836.265,2025-11-24 08:14:59.999,1896539900.53850,7809,5378.892,467103350.58240,0,53.24861651977855,-55.67513429232349,-39.1284517016499,-16.54668259067359,87756.3137329076,87088.695,86421.07626709242,1370.0428571428565,18782.2387,-0.7389373605495679,86944.96,191.49122173076827
2025-11-24 08:15:00,86884.4,87482.5,86783.5,86788.3,17890.732,2025-11-24 08:29:59.999,1554064295.39270,3391,11857.383,1030036785.36070,0,51.58685508157673,-69.17087401215394,-45.13693616375071,-24.033937848403234,87690.77270016533,87049.89,86409.00729983467,1330.9428571428568,18370.110399999998,-0.9243361720587194,86950.6,184.99029704269174
2025-11-24 08:30:00,86788.3,87075.1,86000.0,86799.8,12822.378,2025-11-24 08:44:59.999,1112517778.24240,2819,3088.651,267998990.35650,0,33.33789017999548,-78.03880827686226,-51.71731058637303,-26.321497690489224,87646.29143623533,87019.455,86392.61856376467,1250.5928571428574,18590.0234,-0.8040830413446692,86944.52,190.35840406964448
2025-11-24 08:45:00,86799.8,87019.1,86350.1,86917.1,14048.267,2025-11-24 08:59:59.999,1219235403.24740,3955,7557.821,656096155.51740,0,34.83451378680593,-74.74002391724207,-56.321853252546845,-18.418170664695225,87608.86413640199,86998.595,86388.32586359802,1244.8071428571432,18368.3504,-0.01299920394254163,86878.12,87.86832193647464
2025-11-24 09:00:00,86917.2,87335.8,86000.0,86571.6,20813.179,2025-11-24 09:14:59.999,1805284152.59180,3931,5179.925,449350765.39610,0,31.33263883324021,-98.86502165287675,-64.83048693261283,-34.03453472026392,87564.05359714734,86956.9,86349.74640285264,1248.3000000000009,18738.74925,-0.45866127020080855,86792.22,134.9256721306808
2025-11-24 09:15:00,86571.6,87000.0,85800.0,85946.7,30012.788,2025-11-24 09:29:59.999,2586353944.82520,4120,5820.782,500827328.88500,0,30.71846643359416,-166.48927889020706,-85.16224532413169,-81.32703356607537,87662.69792229368,86928.435,86194.17207770632,1242.335714285715,18989.97045,-1.315726020350763,86604.70000000001,388.40260683971
2025-11-24 09:30:00,85952.8,86352.1,85721.0,85979.7,23059.228,2025-11-24 09:44:59.999,1982434981.30360,4001,11771.535,1012397802.31410,0,30.469920365844146,-214.94145445917093,-111.11808715113956,-103.82336730803137,87736.34020058092,86892.715,86049.08979941907,1149.3928571428582,19481.5995,-1.1078535452578615,86442.98000000001,455.40520089240454
2025-11-24 09:45:00,85979.7,86351.0,85750.0,85935.5,11853.815,2025-11-24 09:59:59.999,1019397910.55530,3212,6322.856,543791518.20270,0,26.469272379712848,-253.9790113355266,-139.69027198801697,-114.28873934750962,87798.3329495988,86854.87,85911.40705040119,1093.2500000000011,19410.79695,-1.0723289626670658,86270.12,450.1078004209858
2025-11-24 10:00:00,85935.5,86349.3,85740.0,85871.6,13378.454,2025-11-24 10:14:59.999,1150524627.39360,3396,6394.028,550025448.64630,0,27.42635593577498,-286.76707998404163,-169.10563358722192,-117.66144639681971,87755.96998318408,86771.895,85787.82001681592,1041.4857142857156,19021.277049999997,-1.0240882617700993,86061.02,288.10117493646806
2025-11-24 10:15:00,85866.2,85974.6,85721.0,85784.7,12710.479,2025-11-24 10:29:59.999,1091424350.76650,3120,5061.299,434870570.96110,0,27.299802844079053,-316.119930577639,-198.50849298530537,-117.61143759233366,87678.87128370357,86681.23000000001,85683.58871629645,938.5285714285731,18837.78505,-1.2040741585300967,85903.64,77.18100802489761
2025-11-24 10:30:00,85784.7,85944.4,85620.0,85912.6,16789.33,2025-11-24 10:44:59.999,1440469840.51800,3256,8510.687,730512527.24710,0,32.37972472867912,-325.31182285964314,-223.86915896017297,-101.44266389947018,87576.73817241433,86601.69,85626.64182758567,847.6142857142871,18987.1446,-1.5318209586116074,85896.81999999999,73.85998239735724
2025-11-24 10:45:00,85912.5,86050.1,85634.5,86017.1,8672.272,2025-11-24 10:59:59.999,745668945.25790,3313,6412.276,551385382.58610,0,33.33333333333373,-320.4700082902709,-243.18932882619256,-77.28067946407836,87551.84189249613,86556.125,85560.40810750387,789.3142857142874,18635.9384,-1.1310201825034396,85904.30000000002,85.35165493263602
2025-11-24 11:00:00,86017.1,86356.0,85607.0,86322.7,15856.628,2025-11-24 11:14:59.999,1363713011.75330,3599,8722.183,750053963.35490,0,30.085984522785836,-288.64613638249284,-252.28069033745265,-36.36544604504019,87504.73298438657,86523.735,85542.73701561343,728.5285714285731,18213.961300000003,-0.646376848291355,85981.73999999999,208.1105307276761
2025-11-24 11:15:00,86065.1,86500.6,85984.3,86024.8,19590.078,2025-11-24 11:29:59.999,1685566838.95580,3949,5526.206,475484486.78160,0,29.45410160360285,-284.18759131048864,-258.6620705320599,-25.525520778428756,87437.11007455041,86470.345,85503.5799254496,696.8714285714304,17919.594449999997,-0.8797268756272446,86012.38,198.91535134262978
2025-11-24 11:30:00,86024.9,86492.0,85607.0,86276.3,25934.5,2025-11-24 11:44:59.999,2235344619.88200,3898,20531.601,1769552363.47980,0,37.89134071536687,-257.39314612538146,-258.4082856507242,1.0151395253427609,87380.8751954359,86437.015,85493.1548045641,711.7285714285733,18141.544149999998,-0.6031119887373012,86110.7,178.71117760168576
2025-11-24 11:45:00,86329.0,86374.3,85689.9,86232.6,10613.393,2025-11-24 11:59:59.999,916151798.71500,2764,6540.676,564662365.30460,0,38.69747386405246,-236.95313185072155,-254.1172548907237,17.164123040002153,87330.77269167682,86405.29500000001,85479.81730832321,710.6857142857168,17662.87825,-0.7875320276447326,86174.7,143.9502865568329
2025-11-24 12:00:00,86232.0,86265.0,85794.5,85968.9,17942.419,2025-11-24 12:14:59.999,1544972494.88930,3346,3240.755,279047398.20690,0,34.672569636598325,-239.2744524974114,-251.14869441206127,11.874241914649872,87294.98729541186,86365.735,85436.48270458814,667.500000000002,17852.72135,-0.6961867402242903,86165.06,158.064837961495
2025-11-24 12:15:00,85976.4,86481.6,85676.5,86132.1,15799.556,2025-11-24 12:29:59.999,1358732128.35710,3374,10886.863,936461029.84660,0,35.76041213176619,-225.34757320364588,-245.98847017037824,20.640896966732356,87238.82514049346,86330.83,85422.83485950655,677.221428571431,18121.074249999998,0.21571508853744092,86126.93999999999,131.2519447466848
2025-11-24 12:30:00,86134.5,86390.1,85638.5,85912.3,28783.174,2025-11-24 12:44:59.999,2476822966.47930,4284,6480.979,558192859.41240,0,37.46911468430462,-229.40204015906784,-242.67118416811618,13.269144009048347,87079.46634616809,86263.99,85448.51365383192,635.4928571428599,18347.21945,-0.07839059685017996,86104.44,159.69877269341438
2025-11-24 12:45:00,85912.3,86350.0,85607.0,85930.5,11800.897,2025-11-24 12:59:59.999,1014819786.63790,2898,4436.828,381438100.12520,0,49.59980237154157,-228.5124967177835,-239.83944667804965,11.326949960266148,86960.10316395524,86210.45999999999,85460.81683604475,602.8500000000028,17510.3916,-0.005818317226291812,86035.28,140.37318832231173
2025-11-24 13:00:00,85967.3,86888.8,85600.0,86340.2,19684.131,2025-11-24 13:14:59.999,1696487743.19970,3439,15295.730,1318049395.45390,0,57.508226767192866,-192.52880887403444,-230.37731911724663,37.84851024321219,86866.48310085002,86183.255,85500.02689914999,649.8285714285739,17402.7849,0.54569846142379,86056.8,180.65436612430088
2025-11-24 13:15:00,86344.7,86470.5,85699.8,86470.5,13701.539,2025-11-24 13:29:59.999,1182449986.77230,2870,11898.687,1026932402.92890,0,60.75679588225825,-151.74809835408814,-214.65147496461495,62.903376610526806,86804.57659428901,86167.365,85530.153405711,661.9500000000023,17193.32525,0.7994432573640788,86157.12,246.80192867922514
2025-11-24 13:30:00,86467.0,87000.0,86000.7,86477.4,12930.063,2025-11-24 13:44:59.999,1117261589.90870,3455,4373.956,377936755.52110,0,62.466046588196235,-117.51764882019779,-195.22470973573152,77.70706091553373,86735.17614401353,86151.245,85567.31385598646,689.8071428571451,17198.7095,0.65741230040761,86226.18000000001,283.6157735384141
2025-11-24 13:45:00,86477.4,87000.0,86000.7,86076.4,22166.053,2025-11-24 13:59:59.999,1912599427.63550,3728,3867.132,333719213.46630,0,55.315426947046106,-121.34829207613075,-180.44942620381138,59.10113412768064,86568.81236314889,86109.20999999999,85649.6076368511,743.0714285714306,17604.5988,0.06893978057849934,86259.0,245.09144211864648
2025-11-24 14:00:00,86076.3,86449.1,85600.0,86043.4,14377.187,2025-11-24 14:14:59.999,1236326501.29190,3750,4856.820,417621893.65310,0,52.468856172140214,-125.5991004153766,-169.47936104612444,43.88026063074784,86488.01333173034,86082.8,85677.58666826967,780.5500000000029,17282.7992,-0.32355336429467907,86281.57999999999,209.9411155533904
2025-11-24 14:15:00,86043.5,86700.0,85616.6,85993.3,13633.59,2025-11-24 14:29:59.999,1172432309.62090,3416,3230.746,277796224.86380,0,49.541355122176775,-131.49475822626846,-161.88244048215324,30.387682255884783,86487.57469303106,86085.13,85682.68530696895,828.250000000002,16463.8393,-0.03661734755558862,86212.19999999998,240.78113505794363
2025-11-24 14:30:00,85993.3,86575.1,85111.0,85584.2,40100.04,2025-11-24 14:44:59.999,3451975765.19130,4842,17199.654,1481228426.42340,0,36.31444349727589,-167.25010542011296,-162.9559734697452,-4.294131950367756,86524.48749767634,86065.35500000001,85606.22250232368,879.3285714285739,17315.8799,-0.8021901727357407,86034.94,317.199382092347
2025-11-24 14:45:00,85584.2,86103.2,85103.5,85990.5,29283.691,2025-11-24 14:59:59.999,2508863008.67900,4527,14794.096,1268968409.11530,0,49.388918581863486,-160.94617395766545,-162.55401356732926,1.607839609663813,86524.61401634192,86068.10500000001,85611.5959836581,913.8571428571449,18187.3737,-0.28075229089695286,85937.56,200.7806838312742
2025-11-24 15:00:00,85990.4,87390.0,85800.0,86481.2,38928.14,2025-11-24 15:14:59.999,3363077805.99080,5214,23828.858,2057823904.38390,0,53.36375874183265,-115.02889233954193,-153.0489893217718,38.02009698222989,86580.54480297708,86098.58499999999,85616.6251970229,964.2142857142878,19464.858,0.5959131732521912,86018.52,318.09858063148863
2025-11-24 15:15:00,86478.7,86502.4,85800.0,86043.0,24273.874,2025-11-24 15:29:59.999,2092884594.73700,4048,5141.647,442853619.29200,0,47.24434625893836,-112.6990689367376,-144.97900524476498,32.279936308027374,86571.3821130423,86111.5,85651.6178869577,965.500000000001,20043.02775,-0.10344575367372422,86018.44,318.0908093607355
2025-11-24 15:30:00,86043.1,86633.0,85800.0,86485.9,27414.763,2025-11-24 15:44:59.999,2364833100.02010,4407,21861.753,1885457153.25400,0,57.14206774603526,-74.25833471601072,-130.83487113901413,56.576536423003404,86618.9277487394,86140.165,85661.40225126059,991.3928571428581,20574.2994,0.6676575996684889,86116.95999999999,378.8413031861532
2025-11-24 15:45:00,86512.4,87000.0,86000.0,86558.0,16157.277,2025-11-24 15:59:59.999,1397417373.53290,3896,3723.802,322152131.05510,0,56.03548451095422,-37.54313457480748,-112.1765238261728,74.63338925136532,86676.81828259144,86167.20999999999,85657.60171740854,1005.3142857142864,20948.54965,0.7302412996549537,86311.72,271.6195445836192
2025-11-24 16:00:00,86558.0,87689.4,85600.0,86835.1,40215.644,2025-11-24 16:14:59.999,3493670628.86350,14531,26224.985,2277391581.52840,0,62.86813922356098,13.75502091551607,-86.99021487783502,100.74523579335109,86780.84182981437,86192.83,85604.81817018564,1100.8714285714284,22166.50045,0.5731976530052151,86480.64,284.2460254776402
2025-11-24 16:15:00,86835.1,87689.4,86823.6,87162.0,35086.331,2025-11-24 16:29:59.999,3055789950.61650,48637,17623.537,1533982988.42900,0,65.81157075726065,79.86662398147746,-53.61884710597251,133.48547108744998,86973.53140426481,86249.69,85525.8485957352,1109.6428571428562,22941.3131,0.799694693566014,86616.8,416.75431011550455
2025-11-24 16:30:00,87163.5,87480.0,86929.6,87452.0,38866.72,2025-11-24 16:44:59.999,3387878931.76510,50428,18755.255,1635466197.50760,0,64.72738833253862,153.88720616723003,-12.117636451331991,166.00484261856204,87210.45796372156,86308.475,85406.49203627845,1056.8999999999983,23587.9241,1.1269996554013024,86898.6,408.04197700712473
2025-11-24 16:45:00,87451.6,87650.0,86848.0,87139.3,29057.944,2025-11-24 16:59:59.999,2537932313.03140,32207,9808.119,857372082.74970,0,58.45084660096039,185.18211008867365,27.34231285666915,157.8397972320045,87327.99045858897,86353.81,85379.62954141102,1059.1357142857128,24510.15165,1.2348332411671594,87029.28,342.13371216513934
2025-11-24 17:00:00,87139.3,87267.1,86848.0,86974.8,30785.506,2025-11-24 17:14:59.999,2681456769.43710,52330,9937.816,865926395.32690,0,56.044329947018056,194.46806489794108,60.76746326492355,133.70060163301753,87398.27347767468,86404.10500000001,85409.93652232534,1017.6928571428559,25152.306,1.0824769825460276,87112.64,231.4847143979646
2025-11-24 17:15:00,86976.9,87777.7,86800.0,87652.2,33567.612,2025-11-24 17:29:59.999,2927421033.73420,26096,24623.789,2148113559.95070,0,67.94352083807797,253.5648321712215,99.32693704618315,154.23789512503834,87609.89631216702,86480.11,85350.32368783298,1016.1499999999984,26040.7088,1.929103779015335,87276.06,271.5265880165831
2025-11-24 17:30:00,87670.0,87943.9,87000.0,87880.5,20296.275,2025-11-24 17:44:59.999,1781913073.78860,4001,15117.289,1327448203.54180,0,70.02812724854469,315.18805630641873,142.4991608982303,172.68889540818844,87835.74959189603,86578.52,85321.29040810397,1022.9214285714261,25616.36385,2.683088700951815,87419.76,368.78053500685843
2025-11-24 17:45:00,87880.5,88351.1,87300.0,88311.5,30765.109,2025-11-24 17:59:59.999,2707929581.43270,5269,19662.920,1731167788.23290,0,73.33507811241745,394.25823981621943,192.85097668182814,201.4072631343913,88134.5116632492,86697.57,85260.62833675081,1020.614285714284,26564.574450000004,2.699135369604782,87591.66,545.5293511810039
2025-11-24 18:00:00,88311.5,88600.0,88194.5,88435.3,24349.066,2025-11-24 18:14:59.999,2151504596.96050,4535,13860.431,1224974723.07300,0,80.4481086738291,461.59062587298104,246.5989065200588,214.99171935292225,88423.26211800578,86802.325,85181.38788199422,944.999999999998,26797.8212,2.259566240986487,87850.86,583.4348232664946
2025-11-24 18:15:00,88435.0,88600.0,87500.0,88317.5,17817.945,2025-11-24 18:29:59.999,1574127344.45490,3113,8207.250,725016205.68860,0,76.48290617744803,499.6864767622028,297.2164205684876,202.4700561937152,88641.57622141212,86894.675,85147.77377858789,952.1642857142839,27003.641500000005,2.6434457190009644,88119.4,335.88981824408813
2025-11-24 18:30:00,88316.2,88600.0,87500.0,88311.2,7269.652,2025-11-24 18:44:59.999,642096034.66230,2352,2775.867,245211455.00200,0,73.40752110514198,523.3366564986354,342.4404677545172,180.8961887441182,88830.82680685593,86986.365,85141.90319314408,917.1642857142839,26720.62095,2.1105174369463726,88251.2,213.85922940117914
2025-11-24 18:45:00,88311.1,88658.5,87511.9,88658.5,14194.174,2025-11-24 18:59:59.999,1256602313.72060,2945,12169.070,1077499597.65580,0,84.25132919514937,563.6068924003921,386.6737526836922,176.93313971669988,89050.97342054734,87115.47,85179.96657945267,948.8928571428561,26322.027000000002,2.426696550289979,88406.8,150.30059880149815
2025-11-24 19:00:00,88658.4,89000.0,87777.7,88632.3,17471.665,2025-11-24 19:14:59.999,1548830745.02830,2973,8295.624,735341717.21490,0,81.55171400011764,586.6447479655617,426.66795174006614,159.97679622549555,89224.31645581094,87244.91500000001,85265.51354418907,976.6999999999991,26476.750900000003,2.0696699836817105,88470.95999999999,166.99304775977382
2025-11-24 19:15:00,88634.1,89000.0,87816.0,88580.5,12333.756,2025-11-24 19:29:59.999,1093065394.44100,2416,5835.383,517192058.22530,0,79.90890538582113,593.8767459386727,460.1097105797875,133.7670353588852,89347.42156950271,87374.275,85401.12843049728,989.8428571428564,26411.7592,1.627429384364746,88500.0,171.79746796766685
2025-11-24 19:30:00,88580.5,88703.7,88098.1,88385.2,16337.642,2025-11-24 19:44:59.999,1447464823.47570,2778,7695.783,682082604.66640,0,73.49134664928908,577.1955278727255,483.5268740383752,93.66865383435032,89344.97233316518,87514.325,85683.67766683482,883.8571428571419,25223.639300000003,1.0670996661025443,88513.54000000001,155.73504101551134
2025-11-24 19:45:00,88385.2,88968.0,88055.0,88293.2,11875.017,2025-11-24 19:59:59.999,1048449456.37090,2284,4923.565,434595242.30960,0,68.45712048035494,550.2094393268053,496.8633870960613,53.34605223074402,89342.44527649177,87629.45999999999,85916.47472350822,887.2285714285712,24353.2056,1.324201594458521,88509.94,161.67641448307538
2025-11-24 20:00:00,88293.1,88730.5,88055.0,88700.8,18582.355,2025-11-24 20:14:59.999,1644673736.10990,2650,12871.668,1139187886.47950,0,69.62287869264608,555.3113991346472,508.5529895037786,46.75840963086864,89427.60207114783,87740.44,86053.27792885217,896.1642857142859,23335.91635,1.9844828617024701,88518.4,172.16028868500672
2025-11-24 20:15:00,88630.5,89000.0,88200.0,88814.6,11249.183,2025-11-24 20:29:59.999,997308503.42230,2475,5802.206,514522798.13580,0,78.07984982065622,562.0583887375396,519.2540693505309,42.80431938700872,89428.85049205695,87879.01999999999,86329.18950794303,896.0214285714288,22684.6818,1.3261503989631849,88554.86000000002,216.02733160438513
2025-11-24 20:30:00,88814.6,89000.0,88708.9,88880.6,9981.854,2025-11-24 20:44:59.999,886324738.08120,2254,3799.262,337392471.78930,0,83.03404284822834,566.2042251644307,528.6441005133108,37.56012465111985,89463.06938165451,87998.755,86534.4406183455,886.8785714285716,21813.036350000002,1.1380226557655062,88614.88,261.77679805536695
2025-11-24 20:45:00,88880.6,89142.0,88798.0,89073.5,16146.688,2025-11-24 20:59:59.999,1437392720.49680,2728,15264.842,1358868872.19380,0,79.60918295071019,578.3879519927432,538.5928708091973,39.7950811835459,89497.0377871141,88124.53,86752.0222128859,841.6142857142861,21812.5069,0.8628547810874009,88752.54000000001,290.23111135806664
2025-11-24 21:00:00,89073.5,89073.5,87300.0,89001.1,10153.791,2025-11-24 21:14:59.999,903225014.04090,2380,6469.706,575652520.41290,0,74.96658051867036,575.5667926474707,545.987655176852,29.579137470618775,89515.84545808652,88232.83,86949.81454191348,900.8714285714294,20309.414249999998,0.6397897672083466,88894.12,147.90262675204627
2025-11-24 21:15:00,89001.1,89160.0,88500.0,88870.6,13908.44,2025-11-24 21:29:59.999,1236364069.30870,2214,3568.357,317196071.69690,0,64.38236353346716,556.3870604807162,548.0675362376248,8.319524243091337,89526.40944596865,88318.26,87110.11055403134,872.9357142857147,19250.5197,0.6262631981204244,88928.08,105.96568784356324
2025-11-24 21:30:00,88870.6,88992.1,88500.0,88776.6,15924.306,2025-11-24 21:44:59.999,1415244118.34740,2305,8440.276,750410101.25880,0,58.91634881655263,527.5210360140918,543.9582361929182,-16.4372001788264,89536.61938400105,88384.49,87232.36061599896,879.1214285714294,18103.398999999998,0.5269999728233891,88920.48000000001,116.93437048258748
2025-11-24 21:45:00,88776.6,88986.0,88695.8,88741.2,6735.636,2025-11-24 21:59:59.999,597722314.69660,1781,310.159,27518306.65490,0,61.56702156702139,496.06963751729927,534.3805164577944,-38.31087894049517,89464.96385092272,88464.58499999999,87464.20614907726,821.278571428572,16987.283600000002,0.09327926820327108,88892.6,142.61751295039727
2025-11-24 22:00:00,88741.3,89054.0,88704.3,88978.0,14199.242,2025-11-24 22:14:59.999,1262514048.96500,2246,10502.542,933694988.11710,0,66.16876818622691,484.6650416862831,524.4374215034921,-39.77237981720907,89304.1750606797,88564.745,87825.31493932029,767.6857142857147,16157.9704,0.3900383945807534,88873.5,116.30060189076714
2025-11-24 22:15:00,88976.7,89160.0,88500.0,88750.0,10726.297,2025-11-24 22:29:59.999,953181917.59630,1880,3666.287,325799843.52970,0,52.354969887270286,452.01853450600174,509.95364410399407,-57.93510959799232,89224.60001256381,88619.635,88014.66998743618,732.9285714285714,15015.90465,0.1913513696581076,88823.28,100.57779078976898
2025-11-24 22:30:00,88750.2,89057.0,88722.2,88766.7,6805.203,2025-11-24 22:44:59.999,604334611.16260,1644,2509.744,222830071.72650,0,53.47610180012398,422.6217720769491,492.48726969858507,-69.86549762163594,89161.19167383193,88663.94499999999,88166.69832616806,669.5357142857143,14341.351050000001,0.4316333503799279,88802.5,99.07905934226736
2025-11-24 22:45:00,88766.7,89038.3,88158.1,88611.3,11838.422,2025-11-24 22:59:59.999,1049768726.93560,2457,4481.497,397220856.87980,0,50.75608798114696,382.3773368738184,470.4652831336318,-88.08794625981335,89148.76536704201,88678.935,88209.10463295798,647.8357142857141,13395.016700000002,0.36027689561597703,88769.44,131.9928520797431
2025-11-24 23:00:00,88611.4,88621.2,87696.0,88477.4,10511.641,2025-11-24 23:14:59.999,930712749.24310,2342,1640.543,145274014.07440,0,52.333704566163725,335.8077385024517,443.53377420739577,-107.72603570494408,89146.63242352885,88681.04,88215.44757647114,670.6642857142859,12703.14545,-0.25185793138281587,88716.68000000001,187.2566607630799
2025-11-24 23:15:00,88477.5,88554.6,88211.8,88211.8,8567.476,2025-11-24 23:29:59.999,758327343.50360,1853,5938.591,525704736.75020,0,48.10609585853899,274.3072527299955,409.6884699119157,-135.3812171819202,89160.71917003309,88675.75499999999,88190.79082996689,629.9357142857147,12240.622,-0.6787172379316045,88563.44,228.83586475925944
2025-11-24 23:30:00,88554.6,88830.8,88314.0,88322.1,17175.979,2025-11-24 23:44:59.999,1518869103.13880,2918,1031.943,91190571.82610,0,39.774261489442196,231.79596327600302,374.1099685847332,-142.3140053087302,89159.56068807315,88676.3,88193.03931192686,625.9000000000004,12735.93835,-0.6283710956046651,88477.86000000002,221.51980272676644
2025-11-24 23:45:00,88322.1,88339.9,88100.0,88263.6,5523.214,2025-11-24 23:59:59.999,487441946.90250,1567,1912.850,168828071.09680,0,34.66377198842123,191.18118135877012,337.5242111395406,-146.3430297807705,89173.94244304037,88656.55500000001,88139.16755695964,585.8928571428571,12302.390350000001,-0.9092491032686424,88377.24,164.42397331317625
2025-11-25 00:00:00,88265.5,88799.2,88034.9,88034.9,11249.445,2025-11-25 00:14:59.999,991181616.07810,2704,869.132,76620700.72330,0,28.416109438007027,138.93790571014688,297.80695005366186,-158.869044343515,89214.19512273924,88626.685,88039.17487726075,619.692857142857,11991.27935,-1.0856045599436541,88261.96,161.32744031960956
2025-11-25 00:15:00,88035.0,88076.2,87600.0,87856.9,16297.288,2025-11-25 00:29:59.999,1433378793.33140,2579,6117.866,538075244.40760,0,18.7120666598087,82.22379623373854,254.6903192896772,-172.46652305593867,89271.65027850252,88590.50499999999,87909.35972149746,629.1357142857139,12189.45595,-1.1406471881589768,88137.86,190.23756989633242
2025-11-25 00:30:00,87846.3,88606.8,87726.3,87726.3,17220.811,2025-11-25 00:44:59.999,1516672180.40740,2650,13552.392,1193383963.04550,0,18.168198162205428,26.43440794045455,209.03913701983268,-182.60472907937813,89337.14118418933,88557.56,87777.97881581067,565.3499999999996,12233.6144,-1.1830820283723447,88040.76,255.70187328223994
2025-11-25 00:45:00,87943.2,88500.0,87726.3,88058.0,13415.988,2025-11-25 00:59:59.999,1181237544.75690,2419,6542.245,575973900.44140,0,31.561989471773373,8.883925283997087,169.00809467266558,-160.1241693886685,89348.91307980417,88545.8,87742.68692019583,573.471428571428,12310.66295,-0.7698791542147245,87987.93999999999,205.38321012204793
2025-11-25 01:00:00,88058.0,88455.7,87874.7,88092.2,16037.328,2025-11-25 01:14:59.999,1411152564.42510,2627,8111.518,713919990.70530,0,34.03769008302994,-2.2394890512223355,134.75857792788798,-136.99806697911032,89339.59706401681,88515.37,87691.14293598318,579.8214285714275,12183.4116,-0.9955269841983444,87953.66,156.3131248489067
2025-11-25 01:15:00,88094.4,88412.6,87911.8,87996.1,11870.076,2025-11-25 01:29:59.999,1045003310.74050,2234,2404.389,211677369.37190,0,33.10047629848046,-18.594990435798536,104.08786425515068,-122.68285469094921,89317.1873068111,88474.445,87631.70269318891,594.8642857142851,12214.45625,-0.8494647887323878,87945.9,152.18023853322396
2025-11-25 01:30:00,87996.1,88412.0,87726.3,87923.1,9529.428,2025-11-25 01:44:59.999,838035884.78340,2139,2984.255,262417043.24920,0,24.15347674817457,-37.02058279766061,75.86617484458843,-112.88675764224904,89280.87161591346,88426.56999999999,87572.26838408652,618.8642857142851,12191.83495,-0.9503563836438568,87959.14,145.22194393420952
2025-11-25 01:45:00,87923.1,88380.0,87600.0,87720.7,5187.399,2025-11-25 01:59:59.999,455330444.70950,2028,1227.373,107787053.27570,0,24.460324549649954,-67.18057017178216,47.2568258413143,-114.43739601309647,89211.78021601234,88358.93000000001,87506.07978398768,627.4357142857136,11643.8705,-1.0050636882654986,87958.02,147.47080049972791
2025-11-25 02:00:00,87706.7,88455.7,85850.0,87872.6,12916.648,2025-11-25 02:14:59.999,1133436047.67890,3210,4380.216,384553198.64820,0,29.209877691485133,-77.92722044870607,22.220016583310226,-100.14723703201629,89125.25878801256,88302.50499999999,87479.75121198742,789.6428571428561,11782.013350000001,-0.6835643904544985,87920.94,139.11909646063594
2025-11-25 02:15:00,87872.6,88367.0,87399.5,87585.3,10720.74,2025-11-25 02:29:59.999,940251279.06710,2362,2116.545,185819955.24220,0,27.521689597756662,-108.37741972037475,-3.8994706774267756,-104.47794904294797,89074.82948091863,88238.24,87401.65051908138,795.8785714285706,11622.62835,-0.7102224418955287,87819.56000000001,165.34145880572578
2025-11-25 02:30:00,87587.1,87858.4,86847.0,87544.1,13026.96,2025-11-25 02:44:59.999,1140148790.43110,2641,8196.482,717230672.63930,0,28.686914820735595,-134.28595282816968,-29.97676710757537,-104.30918572059431,89027.68062867998,88176.615,87325.54937132003,802.0357142857132,11477.76105,-0.880866736637829,87729.16,168.22769688724384
2025-11-25 02:45:00,87544.1,87888.8,87170.0,87808.7,12755.573,2025-11-25 02:59:59.999,1118807743.20290,2191,11499.606,1008585251.47590,0,40.790495773360625,-131.94664454704616,-50.37074259546954,-81.57590195157663,88952.51662833516,88129.99,87307.46337166485,828.8928571428561,11778.7579,-0.5153879968639492,87706.28,140.80007812490948
2025-11-25 03:00:00,87807.7,87888.8,87600.0,87766.0,8949.415,2025-11-25 03:14:59.999,785965232.94550,1986,5742.418,504348901.07360,0,36.88999952850188,-132.01645550005196,-66.69988517638603,-65.31657032366593,88802.5925379721,88069.39,87336.1874620279,805.307142857142,11516.26655,-0.30544704429719827,87715.34,143.3934900892729
2025-11-25 03:15:00,87766.0,87914.3,87580.0,87862.0,15655.333,2025-11-25 03:29:59.999,1374835384.65790,2163,11298.942,992156087.13960,0,40.696812453669224,-122.90857000167307,-77.94162214144345,-44.966947860229624,88688.93146191255,88024.99,87361.04853808746,812.0499999999998,11762.718350000001,0.005804894094835831,87713.22,140.53713744054014
2025-11-25 03:30:00,87864.0,88000.0,87591.2,87622.3,11741.893,2025-11-25 03:44:59.999,1029695115.68200,2425,1332.675,116958112.01970,0,40.49045819120505,-133.49346233198594,-89.05199017955195,-44.44147215243399,88555.4379517194,87967.77,87380.1020482806,786.6571428571426,12009.55285,-0.11855053729611302,87720.62000000001,132.88328337297537
2025-11-25 03:45:00,87618.9,88367.0,87519.0,87769.5,9441.551,2025-11-25 03:59:59.999,827569534.15970,2061,5930.773,519961698.77440,0,47.95660712615741,-128.52272598301352,-96.94613734024428,-31.576588642769238,88434.58563121076,87925.68000000001,87416.77436878925,813.2142857142857,11889.7093,-0.32762497444865885,87765.7,89.023564296157
2025-11-25 04:00:00,87769.4,88215.0,87200.0,88086.4,11862.471,2025-11-25 04:14:59.999,1042322693.78960,2150,11158.563,980494497.34780,0,57.744419114800515,-97.88385589781683,-97.1336810517588,-0.7501748460580302,88351.9221115735,87906.13,87460.33788842651,822.8214285714286,11957.2508,-0.006584010843188059,87821.23999999999,171.22851106051465
2025-11-25 04:15:00,88086.4,88215.0,87922.3,87991.8,7053.129,2025-11-25 04:29:59.999,620447993.77810,2002,3264.055,287082972.65020,0,48.414599099530655,-80.30999636216438,-93.76894411383992,13.458947751675538,88319.5070870397,87895.13,87470.7529129603,788.4642857142857,11881.53345,-0.004886580200716748,87866.4,182.42734170076722
2025-11-25 04:30:00,87991.8,88454.5,87919.3,88115.8,11470.987,2025-11-25 04:44:59.999,1011326639.02490,2570,7859.080,692870521.88860,0,50.54188096987523,-55.73435146828706,-86.16202558472936,30.427674116442304,88274.07055548762,87884.815,87495.55944451239,785.192857142857,11596.28385,0.21916879636864153,87917.16,213.55154647067678
2025-11-25 04:45:00,88122.7,88409.2,87715.2,88316.6,19007.803,2025-11-25 04:59:59.999,1677789051.52320,2840,13977.333,1233648489.09780,0,57.02142575472115,-19.826545907912077,-72.8949296493659,53.06838374145383,88288.1326600298,87887.465,87486.79733997019,798.9928571428567,12270.513299999999,0.6793151445440002,88056.01999999999,199.13340252213607
2025-11-25 05:00:00,88316.6,88323.9,88000.0,88141.7,4699.288,2025-11-25 05:14:59.999,414590556.79870,1698,1320.444,116474169.78100,0,54.58434695075898,-5.419843022609712,-59.399912324014664,53.98006930140495,88304.44287599256,87892.80500000001,87481.16712400745,773.1499999999994,11943.00545,0.30623880481514293,88130.45999999999,118.48758584787022
2025-11-25 05:15:00,88141.3,88323.8,87587.1,87920.9,15637.293,2025-11-25 05:29:59.999,1376977162.59570,2443,615.602,54236313.18160,0,54.166319820194744,-11.684450813074363,-49.85682002182661,38.172369208752244,88307.46264750278,87896.005,87484.54735249723,770.057142857142,11910.0057,0.3831693217925739,88097.36000000002,152.19501634432976
2025-11-25 05:30:00,87920.6,88320.0,87920.5,88148.0,12994.126,2025-11-25 05:44:59.999,1144865347.28950,2195,8446.283,744073555.40830,0,55.55734926144151,1.6567761409532977,-39.55410078927063,41.210876930223925,88335.09850608835,87917.09,87499.08149391164,612.471428571428,11698.67145,0.6898237573976934,88128.6,140.70811987961636
2025-11-25 05:45:00,88146.7,88323.8,87916.1,88081.1,9015.12,2025-11-25 05:59:59.999,794551627.48420,2010,3518.746,310193712.12690,0,60.98166031717923,6.753671604761621,-30.29254631046418,37.046217915225796,88338.01680505618,87918.24500000001,87498.47319494384,572.4857142857135,11478.628050000001,0.3102198301535141,88121.66,142.34350354004633
2025-11-25 06:00:00,88085.5,88323.8,88032.7,88041.0,6058.004,2025-11-25 06:14:59.999,533443422.35480,1961,1377.516,121310597.77560,0,61.01139032930011,7.471140454130364,-22.739808957545268,30.21094941167563,88331.59671267611,87915.68500000001,87499.77328732391,521.0357142857143,10979.66185,0.31333318141421507,88066.54,92.68232301817406
2025-11-25 06:15:00,88041.0,88323.8,87616.6,87899.9,7300.217,2025-11-25 06:29:59.999,642218508.05460,1929,804.206,70711631.29600,0,52.138034508627086,-3.307721734570805,-18.853391512950378,15.545669778379573,88325.09258775349,87910.875,87496.65741224651,520.2071428571425,10751.1689,0.04313582663721994,88018.18000000001,105.81406806298263
2025-11-25 06:30:00,87899.9,87948.5,87587.1,87808.2,5076.823,2025-11-25 06:44:59.999,446276556.64850,1638,3286.342,288903242.68910,0,50.9670913924282,-19.030104113349807,-18.888734033030264,-0.14137008031954323,88321.81354823861,87905.12999999999,87488.44645176137,525.3928571428561,10528.53865,0.21216060295152508,87995.63999999998,138.63117614747856
2025-11-25 06:45:00,87809.2,87991.9,87587.1,87973.6,7197.055,2025-11-25 06:59:59.999,632377995.04200,2092,5754.957,505675636.74150,0,52.47867803837965,-17.937040688048,-18.69839536403381,0.7613546759858103,88326.15959621461,87917.775,87509.39040378538,530.4285714285694,10629.02145,0.23254091683330294,87960.76,109.61698317335063
2025-11-25 07:00:00,87973.7,88000.0,87647.8,87976.3,5699.261,2025-11-25 07:14:59.999,501019796.78780,1867,4147.619,364584845.42670,0,58.78760798331839,-16.66085662902333,-18.290887617031714,1.6300309880083859,88331.56278176671,87922.96,87514.3572182333,526.3857142857117,10268.1521,-0.1249909180077643,87939.8,88.91948605352067
2025-11-25 07:15:00,87976.4,88000.1,86100.0,87704.5,13371.11,2025-11-25 07:29:59.999,1174571849.43160,3426,1678.049,147489882.51630,0,48.480456330652714,-37.15318129357183,-22.06334635233974,-15.089834941232095,88319.88161395116,87928.92000000001,87537.95838604886,601.5357142857122,10400.670600000001,-0.3265076973081616,87872.5,116.3023000632754
2025-11-25 07:30:00,87704.6,105000.0,87593.3,87674.0,11777.647,2025-11-25 07:44:59.999,1036080488.70140,2734,1873.363,167831083.24520,0,38.86849492550235,-55.21807177099981,-28.69429143607176,-26.523780334928052,88303.08082238729,87935.41500000001,87567.74917761273,1772.3714285714263,10338.204950000001,-0.5013856765756004,87827.31999999999,143.65777737386435
2025-11-25 07:45:00,87671.6,88000.0,87278.3,87361.2,12420.649,2025-11-25 07:59:59.999,1087518625.97130,2420,993.056,86998037.09820,0,34.7725297015359,-93.69491676874168,-41.69441650260575,-52.00050026613593,88359.25203551217,87913.04000000001,87466.82796448785,1803.0142857142835,10321.458750000002,-1.0817898333948643,87737.92000000001,254.70115233344055
2025-11-25 08:00:00,87358.4,87625.3,87322.2,87388.0,6476.249,2025-11-25 08:14:59.999,565869869.43260,1584,3831.056,334744221.68400,0,31.559744603223137,-120.63495297188638,-57.482523796461884,-63.152429175424494,88395.22338375762,87894.14,87393.05661624238,1786.4357142857127,10197.800449999999,-0.855100366795736,87620.8,253.8721036269265
2025-11-25 08:15:00,87378.7,87537.9,87350.0,87513.5,12058.767,2025-11-25 08:29:59.999,1054847776.15290,1898,9414.414,823470228.76730,0,28.844634107792245,-130.35566563280008,-72.05715216372953,-58.298513469070556,88405.95136456995,87876.715,87347.47863543004,1750.2857142857122,10017.972149999998,-0.463371052844084,87528.24,158.19327735382578
2025-11-25 08:30:00,87513.5,90000.0,87322.2,87363.9,15671.765,2025-11-25 08:44:59.999,1369506623.49100,2609,5155.301,450588801.58270,0,29.234301580521418,-148.41997708355484,-87.3297171476946,-61.090259935860246,88430.47444517443,87863.795,87297.11555482556,1918.4214285714272,10214.46575,-0.8895267050869059,87460.12,134.9433473719005
2025-11-25 08:45:00,87363.9,87495.0,86753.3,86977.3,21565.952,2025-11-25 08:59:59.999,1879866556.65110,53045,1916.025,167102300.97630,0,26.8566663396453,-191.72141794006166,-108.20805730616803,-83.51336063389363,88515.62885402386,87824.185,87132.74114597614,1918.7785714285699,10820.6858,-1.2531632779336348,87320.78,201.9474857479323
2025-11-25 09:00:00,86976.1,90000.0,86304.3,86810.1,18412.754,2025-11-25 09:14:59.999,1600987618.80030,33712,3171.681,275791641.05870,0,16.192449588113746,-236.80008051490586,-133.92646194791558,-102.87361856699027,88574.6005327272,87760.37000000001,86946.13946727282,2154.2214285714267,11148.19995,-1.3980986131461413,87210.56,300.64480371344195
2025-11-25 09:15:00,86810.1,86850.0,86415.1,86660.2,13513.255,2025-11-25 09:29:59.999,1172591978.54860,2377,2181.915,189400296.49590,0,15.540573313285392,-281.3773793354776,-163.416645425428,-117.96073391004961,88636.04599583568,87693.79000000001,86751.53400416434,2156.164285714284,11471.20625,-1.4103542779912117,87065.0,362.98133560814523
2025-11-25 09:30:00,86660.0,88500.0,86311.8,87037.3,14235.216,2025-11-25 09:44:59.999,1236887407.60160,6106,11685.846,1015451304.96290,0,29.07825071913983,-283.0139823506179,-187.33611281046598,-95.6778695401519,88603.62941601823,87639.865,86676.10058398178,2291.671428571426,11609.4177,-0.8779362291904335,86969.76,265.1808590374866
2025-11-25 09:45:00,87037.3,87932.5,86200.0,87194.2,27750.028,2025-11-25 09:59:59.999,2414970728.09390,55269,11424.586,994535838.42070,0,35.386208324705066,-268.55475129581464,-203.57984050753575,-64.97491078827889,88511.63527589971,87583.74500000001,86655.85472410031,2364.9071428571406,12046.528950000002,-0.8859476024625668,86935.82,206.48904813537914
2025-11-25 10:00:00,87206.0,87206.0,86200.0,87008.3,25095.325,2025-11-25 10:14:59.999,2184652652.65800,70009,7069.248,615360195.11290,0,34.05747996970561,-268.9954705401178,-216.6629665140522,-52.332504026065635,88449.91388284364,87527.075,86604.23611715635,2410.949999999998,13066.3308,-1.100296329807005,86942.01999999999,208.5014796107109
2025-11-25 10:15:00,87008.1,87912.0,86200.0,87176.6,20335.817,2025-11-25 10:29:59.999,1770913196.68580,31332,11717.515,1020813885.51720,0,34.13362000318526,-252.84964692193898,-223.90030259562954,-28.949344326309443,88405.83352156838,87489.86,86573.88647843162,2504.3214285714275,13301.257000000001,-0.6019075418022954,87015.32,214.8557120484973
2025-11-25 10:30:00,87176.6,87912.0,86616.9,87176.9,33957.584,2025-11-25 10:44:59.999,2960398405.46490,68341,15479.576,1349641136.25280,0,34.07062011796569,-237.29437603107363,-226.57911728271836,-10.715258748355268,88312.23064544774,87441.30500000001,86570.37935455228,2571.6714285714284,14349.4299,-0.5669867919793848,87118.66,88.3940212903544
2025-11-25 10:45:00,87176.9,87932.5,86600.0,87368.0,19512.005,2025-11-25 10:59:59.999,1701664917.50790,50245,7761.425,677070652.53810,0,43.07185505456042,-207.15854412477347,-222.69500265112936,15.536458526355887,88223.03220526107,87405.65,86588.26779473892,2531.1285714285705,14874.274150000001,0.007783775863887986,87184.8,127.4092814511138
2025-11-25 11:00:00,87368.5,88311.8,86949.7,87410.0,17109.722,2025-11-25 11:14:59.999,1494066680.69620,26554,5024.871,438903128.18460,0,44.590163934426236,-177.83664113125997,-213.72333034715547,35.8866892158955,88134.98330663746,87374.1,86613.21669336256,1385.0857142857142,15426.86005,0.025175081246853116,87227.95999999999,162.97641853929673
2025-11-25 11:15:00,87410.0,88243.1,86600.0,87379.3,12419.328,2025-11-25 11:29:59.999,1084693206.21390,19438,3940.123,344248110.23010,0,50.419389221002035,-155.28601467046246,-202.03586721181688,46.749852541354414,88067.71777378903,87348.06999999999,86628.42222621095,1450.9000000000003,15682.815600000002,-0.1533477692013199,87302.16,115.5100991251813
2025-11-25 11:30:00,87379.3,88107.9,86600.0,87389.4,14796.254,2025-11-25 11:44:59.999,1293057339.64220,2557,6974.397,609591329.03120,0,50.03269194843998,-135.04280573765573,-188.63725491698466,53.59444917932893,88014.03154692038,87327.13,86640.22845307963,1536.9571428571423,16168.78715,0.029188257392355428,87344.72,95.0776892857456
2025-11-25 11:45:00,87388.1,88000.0,86600.0,87312.0,10792.471,2025-11-25 11:59:59.999,943109028.60570,2322,8061.728,704558101.16240,0,45.18656538149151,-123.81815138019738,-175.67343420962723,51.855282829429854,87909.915667174,87294.05,86678.184332826,1623.5357142857142,16348.557949999999,0.3848130489219568,87371.74,36.79576062430303
2025-11-25 12:00:00,87314.5,87542.3,87050.0,87542.3,17049.098,2025-11-25 12:14:59.999,1490883314.70630,2718,14385.622,1258009379.32680,0,54.103413377495876,-95.24136347757303,-159.5870200632164,64.34565658564338,87812.98805774043,87272.35,86731.71194225959,1467.4285714285713,16916.0498,0.8434502436928387,87406.6,84.28573426106634
2025-11-25 12:15:00,87542.3,87642.9,87504.2,87588.8,8772.64,2025-11-25 12:29:59.999,768272928.53640,2471,7130.197,624471290.73340,0,66.67393793968495,-68.05736881340272,-141.2810898132537,73.22372099985097,87789.9332060044,87266.56499999999,86743.19679399558,1424.357142857143,16686.1263,1.0715414919420978,87442.36000000002,117.48162835070718
2025-11-25 12:30:00,87588.7,87748.5,87393.3,87604.4,18083.821,2025-11-25 12:44:59.999,1581957507.28050,3047,2571.329,224988429.16190,0,73.61036799239045,-44.73934030083183,-121.9727399107693,77.23339960993748,87775.86479792648,87263.08499999999,86750.3052020735,1185.75,17001.435,0.6515597335854757,87487.37999999999,129.7633692531958
2025-11-25 12:45:00,87600.2,88200.0,87454.4,87464.4,7294.014,2025-11-25 12:59:59.999,638313916.94040,2597,712.858,62388866.62180,0,74.0461667264685,-37.128470779018244,-105.0038860844191,67.87541530540085,87787.22141960777,87268.245,86749.26858039222,1207.942857142858,16745.10325,0.30988299680483006,87502.38,119.53778482113358
2025-11-25 13:00:00,87464.4,88000.0,87297.0,87537.4,16933.359,2025-11-25 13:14:59.999,1479927484.42770,2956,2468.632,215699507.54410,0,68.27717272129249,-24.919060517990147,-88.98692097113332,64.06786045314317,87806.12410239021,87275.715,86745.30589760978,1101.8571428571438,17267.958749999998,0.6081029051251332,87547.45999999999,54.72191517071735
2025-11-25 13:15:00,87537.4,88310.0,87480.4,87588.1,7891.478,2025-11-25 13:29:59.999,690950640.04180,2106,3110.010,272358822.71390,0,65.6074173864813,-11.024860905890819,-73.39450895808481,62.369648052193995,87817.88329720627,87279.44499999999,86741.00670279372,1037.3642857142872,17059.5943,0.4720303384165016,87556.62,57.40951140667217
2025-11-25 13:30:00,87588.2,88311.8,80500.0,87097.1,30075.953,2025-11-25 13:44:59.999,2618792425.74730,4499,1667.016,145594432.77710,0,52.833439693682315,-39.18154370659613,-66.55191590778708,27.370372201190946,87808.9353969919,87266.10500000001,86723.27460300812,1523.4928571428588,17779.8037,-0.09153801064271425,87458.28,209.13674234800735
2025-11-25 13:45:00,87053.9,87097.1,86847.2,86999.7,14334.14,2025-11-25 13:59:59.999,1246346984.46530,2512,6140.068,533862050.29260,0,44.087962034623025,-68.56491007517616,-66.95451474126489,-1.6103953339112707,87807.6334610186,87267.225,86726.81653898141,1419.0571428571452,17418.2131,-0.4215502243384339,87337.34,269.61308017216044
2025-11-25 14:00:00,86999.7,87210.8,86849.0,86950.8,20233.0,2025-11-25 14:14:59.999,1760705691.15910,2618,11778.394,1025507636.02030,0,42.68142681426841,-94.70555426622741,-72.50472264625739,-22.200831619970018,87792.8345417701,87274.26,86755.68545822988,1352.3928571428592,17509.225400000003,-0.5253403500743589,87234.62000000001,304.6624312249608
2025-11-25 14:15:00,86945.1,87141.3,86849.4,87132.3,10459.616,2025-11-25 14:29:59.999,910223362.55040,2175,8524.766,742005163.16220,0,42.32297570190872,-99.62821790004091,-77.9294216970141,-21.698796203026802,87735.39561258735,87297.865,86860.33438741266,1278.0642857142884,17356.54345,-0.28267564514707716,87153.6,253.5987184508096
2025-11-25 14:30:00,87141.2,87141.3,86526.1,86527.6,20291.276,2025-11-25 14:44:59.999,1763554928.22150,2715,5890.544,512583620.01880,0,28.96844313089906,-150.58781797897245,-92.46110095340579,-58.12671702556666,87819.47400174054,87272.37999999999,86725.28599825944,1224.7142857142878,17659.34645,-0.9861607929565697,86941.50000000001,242.59170430965148
2025-11-25 14:45:00,86527.6,86697.8,86154.4,86695.0,27754.889,2025-11-25 14:59:59.999,2398274611.28230,3363,11466.372,991588805.15080,0,34.687849630789714,-175.44348393275868,-109.0575775492764,-66.38590638348228,87852.05591341657,87247.42,86642.78408658343,1146.164285714288,17659.5895,-0.7066611691405534,86861.08,244.7534208133725
2025-11-25 15:00:00,86695.0,86776.3,86211.0,86522.9,24952.455,2025-11-25 15:14:59.999,2157573356.95960,3219,12132.971,1049666663.07660,0,31.921552263717928,-206.64671527626342,-128.5754050946738,-78.07131018158961,87902.54555024138,87223.15,86543.7544497586,1078.8357142857171,17652.446,-1.1644656354699485,86765.72,268.9328484953674
2025-11-25 15:15:00,86523.6,86696.5,86346.3,86696.5,15278.29,2025-11-25 15:29:59.999,1321524097.84700,2541,8621.326,745989643.15970,0,37.653949532635345,-214.89031002941192,-145.83838608162145,-69.05192394779047,87918.2329471162,87199.145,86480.05705288381,1003.8500000000028,17399.569649999998,-1.0187375554865497,86714.86,248.4464791455552
2025-11-25 15:30:00,86696.5,87052.4,86695.8,87042.4,21083.773,2025-11-25 15:44:59.999,1832645568.98520,2770,19019.473,1653264364.72530,0,40.41712993137276,-191.30691207213385,-154.93209127972395,-36.374820792409906,87914.89165699524,87192.42,86469.94834300475,994.1571428571448,16755.879100000002,-0.641520288935259,86696.88,211.13532863975502
2025-11-25 15:45:00,87042.4,87227.3,86890.6,86944.1,10827.032,2025-11-25 15:59:59.999,942412552.27700,2185,4684.401,408105352.65130,0,37.88203450998085,-178.4913505720324,-159.64394313818565,-18.84740743384674,87896.87317885613,87171.225,86445.57682114388,1008.3000000000019,16321.63045,-0.5948705987807479,86780.18,209.80947785987388
2025-11-25 16:00:00,86890.6,87030.0,86769.3,86816.1,16016.257,2025-11-25 16:14:59.999,1391602679.51890,2607,7913.020,687847615.38810,0,35.783588818755845,-176.6274052306835,-163.04063555668523,-13.586769673998276,87874.60563794663,87141.53,86408.45436205337,1001.5500000000019,16266.9572,-0.823990659992173,86804.4,204.43925748211103
2025-11-25 16:15:00,86816.1,87192.0,86768.9,87120.7,15461.841,2025-11-25 16:29:59.999,1344823939.78200,2703,11260.140,979329444.41820,0,44.148990500834195,-148.8556257725868,-160.20363359986555,11.348007827278764,87853.08967157167,87128.6,86404.11032842835,978.5142857142876,16419.08285,-0.5336341352307091,86923.96,170.66935284301852
2025-11-25 16:30:00,87120.7,87226.0,80500.0,87150.6,17759.05,2025-11-25 16:44:59.999,1544653476.34160,2880,8640.944,753001651.81290,0,43.31720801658624,-123.01556351027102,-152.76601958194667,29.750456071675643,87830.85018372544,87116.66,86402.46981627456,1408.7285714285733,16567.222650000003,0.06142569614832181,87014.78,136.8378492956876
2025-11-25 16:45:00,87136.2,87150.6,86948.1,87080.9,10131.184,2025-11-25 16:59:59.999,881637731.57860,1943,5307.000,461949607.37130,0,41.29419842087175,-106.92872768070083,-143.5985612016975,36.66983352099666,87813.44210225041,87105.105,86396.76789774958,1363.9357142857157,16534.1583,0.09333365517352024,87022.48000000001,139.83108381139866
2025-11-25 17:00:00,87088.8,87436.4,87011.9,87434.3,15444.001,2025-11-25 17:14:59.999,1346671205.28190,2418,13253.947,1155979468.41140,0,56.074800028824605,-64.9150673848344,-127.86186243832488,62.946795053490476,87795.54505565652,87099.70499999999,86403.86494434346,836.2714285714299,16453.90345,0.5560615888525464,87120.52,220.0022772606807
2025-11-25 17:15:00,87434.2,87571.7,87208.4,87454.0,12753.077,2025-11-25 17:29:59.999,1114612873.51990,2171,10972.481,959135708.73520,0,58.42013567112731,-29.687099148650304,-108.22690978038997,78.53981063173967,87771.24782340757,87092.965,86414.68217659243,844.3714285714294,16652.9253,0.36920866314787637,87248.1,180.8024474389222
2025-11-25 17:30:00,87454.0,88077.8,87434.2,87900.6,24627.614,2025-11-25 17:44:59.999,2162253044.45740,3133,21152.840,1856755883.72200,0,65.34212056600117,33.877686211882974,-79.80599058193538,113.68367679381835,87843.57286376371,87107.775,86371.97713623628,864.500000000001,16980.11495,1.5867769359140897,87404.08,323.50996429773807
2025-11-25 17:45:00,87900.5,87904.2,87597.5,87597.5,14646.201,2025-11-25 17:59:59.999,1285382671.55740,2360,3220.786,282917326.18630,0,57.23033882499215,59.114168346641236,-52.02195879622005,111.13612714286128,87866.04668030236,87114.43000000001,86362.81331969766,865.557142857143,17347.7243,1.0410058250187437,87493.45999999999,296.58474842771886
2025-11-25 18:00:00,87597.5,87742.1,87505.2,87630.0,11545.744,2025-11-25 18:14:59.999,1011550336.88920,2043,4969.788,435630878.81990,0,70.84089534180254,80.80526781581284,-25.45651347381347,106.26178128962631,87882.69208667065,87119.06000000001,86355.42791332937,838.5357142857154,17078.34355,1.2795456462971142,87603.28,187.07305257557232
2025-11-25 18:15:00,87629.9,87753.3,87573.6,87583.1,12232.484,2025-11-25 18:29:59.999,1072475739.55870,2222,7324.312,642366784.50670,0,67.59101533098284,93.13755067266175,-1.7377006445184213,94.87525131718017,87881.79853933815,87118.81,86355.82146066184,812.557142857143,17295.39385,1.0226479731015736,87633.04000000001,163.86733353523042
2025-11-25 18:30:00,87583.1,87657.4,87444.4,87444.8,13229.46,2025-11-25 18:44:59.999,1158108086.57430,2189,2162.959,189461372.44450,0,68.50833166030924,90.705720424623,16.75098356930987,73.95473685531313,87912.82375633174,87136.19499999999,86359.56624366825,787.3928571428571,16453.069199999998,0.46230342913339795,87631.2,166.41218404896097
2025-11-25 18:45:00,87450.0,87584.0,87201.8,87201.8,12450.239,2025-11-25 18:59:59.999,1088240530.55070,2370,2076.472,181776740.22910,0,59.86952615336539,68.38214150750719,27.07721515694934,41.30492635055785,87920.70693505168,87146.3,86371.89306494832,789.6785714285714,16358.874149999998,0.29639734036006704,87491.44,176.71712707013145
2025-11-25 19:00:00,87201.8,87255.6,86742.8,86895.6,23745.557,2025-11-25 19:14:59.999,2065350484.41290,2867,4858.533,422038882.35940,0,47.087532735497426,25.686663535321713,26.799104832623815,-1.1124412973021016,87921.26703478476,87143.54000000001,86365.81296521526,800.8357142857151,16534.502,0.0915728764595507,87351.06000000001,304.2037277876402
2025-11-25 19:15:00,86897.8,86909.9,86226.6,86229.3,26153.423,2025-11-25 19:29:59.999,2261956001.86380,3055,1546.686,133582320.34210,0,38.42691535522316,-61.20907178231573,9.1974695096359,-70.40654129195163,87977.1474790298,87098.38999999998,86219.63252097018,825.5928571428574,17319.19235,-1.0231781884213444,87070.92000000001,538.1230128881807
2025-11-25 19:30:00,86232.9,86559.8,86163.0,86559.8,19568.71,2025-11-25 19:44:59.999,1689283666.28710,2866,12461.559,1076336098.52910,0,46.10569179809766,-102.22756444677361,-13.087537281646012,-89.1400271651276,87974.46175686189,87100.0,86225.53824313811,835.3142857142864,17283.064049999997,-0.6779069794126522,86866.26,486.77310730957635
2025-11-25 19:45:00,86559.8,86857.5,86529.4,86834.9,20813.557,2025-11-25 19:59:59.999,1804836872.83210,2695,19750.303,1712645824.82880,0,45.618177358027715,-111.25427448931441,-32.7208847231797,-78.53338976613472,87969.97885537335,87106.99500000001,86244.01114462667,828.528571428572,16935.997450000003,-0.2824959319437443,86744.28,367.311702780893
2025-11-25 20:00:00,86857.5,87018.2,86691.5,87018.2,13656.785,2025-11-25 20:14:59.999,1186129360.23120,1969,9955.810,864911287.21300,0,48.06126632694887,-102.4364060099615,-46.66398898053607,-55.772417029425434,87951.51244889977,87131.76,86312.00755110022,371.4357142857147,16371.21395,-0.4759001901999625,86707.56000000001,315.688680506272
2025-11-25 20:15:00,87018.2,87087.7,86874.2,87049.9,10354.116,2025-11-25 20:29:59.999,900752075.36380,1996,6451.333,561378540.72830,0,49.54095836048096,-91.8316782154725,-55.69752682752337,-36.134151387949125,87944.54364060565,87149.43,86354.31635939433,372.221428571429,16125.005250000002,-0.4620714890113726,86738.42,344.85986574229736
2025-11-25 20:30:00,87045.0,87283.5,87010.2,87144.8,10139.16,2025-11-25 20:44:59.999,883638343.65500,1948,7416.155,646279536.43000,0,45.35774991180528,-74.90624557631963,-59.53927057728263,-15.366974999037005,87948.07893490397,87154.55,86361.02106509604,361.4214285714292,15577.774599999999,-0.8598348589201927,86921.51999999999,231.3151464989479
2025-11-25 20:45:00,87144.8,87376.6,87090.7,87362.5,9940.793,2025-11-25 20:59:59.999,867539828.97160,1911,9172.059,800456883.50410,0,48.6203672989355,-43.425564784076414,-56.31652941864139,12.890964634564973,87967.6980216701,87175.47,86383.2419783299,355.8928571428582,15533.462650000001,-0.26827249636119754,87082.06,192.86221247268514
2025-11-25 21:00:00,87376.6,87379.7,87087.0,87179.9,10825.492,2025-11-25 21:14:59.999,944212122.20230,1991,2075.793,180963459.26640,0,38.193375053241866,-32.8327172712452,-51.61976698916215,18.78704971791695,87967.64152949769,87193.66,86419.67847050232,330.8285714285718,15273.924399999998,-0.5136368823462351,87151.06,135.52023096154815
2025-11-25 21:15:00,87179.9,87336.1,87164.5,87291.8,5316.216,2025-11-25 21:29:59.999,463877953.11420,1476,4613.525,402548324.09190,0,44.65727568247761,-15.232820020217332,-44.34237759537319,29.10955757515586,87976.5832960992,87202.215,86427.8467039008,321.17857142857247,14766.64315,-0.3325984122507686,87205.78,123.13357381267497
2025-11-25 21:30:00,87291.8,87320.6,87027.7,87148.1,11204.467,2025-11-25 21:44:59.999,976709181.99650,1796,3344.263,291413362.03220,0,41.8929376535111,-12.733381205092883,-38.02057831731713,25.28719711222425,87976.49418360346,87202.09,86427.68581639654,325.17857142857247,14438.913999999999,-0.33929976396537825,87225.42,97.14328077579131
2025-11-25 21:45:00,87148.1,87200.0,86974.9,86990.8,8443.915,2025-11-25 21:59:59.999,735328974.77870,1777,982.268,85618948.80740,0,40.39253852392538,-23.17816981197393,-35.05209661624849,11.87392680427456,87975.9955648546,87197.585,86419.17443514541,328.4214285714302,14354.550550000004,-0.2419674823226126,87194.62000000001,142.78570306539163
2025-11-25 22:00:00,86990.8,86993.4,86556.9,86590.2,21141.248,2025-11-25 22:14:59.999,1834278666.68320,2694,3289.384,285405269.28550,0,37.22494618512315,-63.053965218394296,-40.65247033667765,-22.401494881716644,87970.42169632012,87155.38,86340.33830367989,344.38571428571595,14639.4129,-0.35145623023491257,87040.16,273.58792553738687
2025-11-25 22:15:00,86590.2,87087.0,86586.9,87087.0,13897.217,2025-11-25 22:29:59.999,1207301697.82480,2261,12543.561,1089827672.95860,0,48.4049352525982,-53.94635232919245,-43.31124673518062,-10.635105594011833,87940.20253334467,87137.03,86333.85746665533,352.80714285714515,14696.6199,0.9946735042497122,87021.58,264.7366842729736
2025-11-25 22:30:00,87057.0,87496.5,87057.0,87331.9,13413.976,2025-11-25 22:44:59.999,1170368537.43170,2288,12422.675,1083778403.56850,0,56.16713312413403,-26.65980260311335,-39.98095790876717,13.321155305653818,87834.49527581238,87108.595,86382.69472418762,347.57142857143066,14135.938,0.8919845008883931,87029.6,275.3634416545688
2025-11-25 22:45:00,87331.9,87674.7,87193.5,87674.7,14945.429,2025-11-25 22:59:59.999,1305419085.01680,2466,8322.468,727146078.80450,0,72.48739809571202,22.368232682027156,-27.5111197906083,49.87935247263546,87850.02883637755,87112.45499999999,86374.88116362243,333.135714285717,14150.8994,0.967122666116968,87134.92000000001,403.0974906891278
2025-11-25 23:00:00,87601.9,87777.1,87376.5,87777.1,17141.355,2025-11-25 23:14:59.999,1500798837.25830,2536,13485.947,1180864051.60180,0,70.38550423686225,68.69426337342884,-8.270043157800867,76.96430653122971,87881.64853214187,87119.81,86357.97146785812,333.40714285714574,14430.67995,0.8721164078319349,87292.18,479.0410702642373
2025-11-25 23:15:00,87777.1,87777.1,87472.1,87481.8,11729.977,2025-11-25 23:29:59.999,1027578614.39960,2102,4227.346,370564950.84570,0,60.760504341461804,80.65005079975526,9.513975633710366,71.13607516604489,87864.87148891497,87114.74500000001,86364.61851108505,331.75714285714537,14405.5546,0.49615220695257406,87470.5,274.82317042043627
2025-11-25 23:30:00,87492.3,87578.2,87393.9,87408.9,7473.323,2025-11-25 23:44:59.999,653574578.10610,1862,1791.850,156784332.80330,0,56.74667587635972,83.28264720727748,24.267709948423793,59.014937258853685,87859.91617692981,87112.95,86365.98382307019,321.5857142857172,14117.74775,0.30305881704931475,87534.87999999999,185.81542454799668
2025-11-25 23:45:00,87404.4,87441.8,87311.1,87311.1,8078.941,2025-11-25 23:59:59.999,705926273.21410,1857,1622.618,141850788.08470,0,54.409778498109276,76.59442334185587,34.73305262711022,41.861370714745654,87869.70504918438,87118.41500000001,86367.12495081563,315.67142857143125,13899.182850000001,-0.05883531263413269,87530.72,191.637397185283
2025-11-26 00:00:00,87324.1,87545.1,87311.1,87440.5,8816.759,2025-11-26 00:14:59.999,770909777.19890,1395,6503.995,568638138.37770,0,54.934748506391564,80.80399811007374,43.94724172370292,36.85675638637081,87902.42888330609,87145.66,86388.89111669392,312.8642857142882,13152.74295,0.2989221139276437,87483.88,175.59829725809468
2025-11-26 00:15:00,87440.5,87710.3,87392.3,87555.5,12402.522,2025-11-26 00:29:59.999,1085742793.68480,2066,8201.149,718067948.40030,0,53.33517660883387,92.35504389017296,53.62880215699695,38.72624173317602,87854.43790327646,87211.97,86569.50209672355,315.1571428571447,12465.197900000001,0.3020902306974963,87439.56000000001,90.37310440575615
2025-11-26 00:30:00,87555.5,87683.9,87376.1,87499.5,15031.06,2025-11-26 00:44:59.999,1315830183.99440,2276,8483.973,743052070.14990,0,55.77562527107134,95.88529293282772,62.08010031216311,33.80519262066461,87834.56996076483,87258.955,86683.34003923518,316.2357142857155,12238.3154,0.4032216422388947,87443.1,92.75656310975592
2025-11-26 00:45:00,87499.5,87660.9,87493.2,87536.6,12668.948,2025-11-26 00:59:59.999,1109195677.18980,2249,6820.888,597228008.52720,0,54.54680534918279,100.51799183594994,69.76767861692049,30.75031321902945,87845.8742100415,87294.04,86742.20578995849,315.9571428571435,11831.08495,0.6274226699834958,87468.64,98.39495922016641
2025-11-26 01:00:00,87520.0,87536.6,87367.8,87470.6,12505.314,2025-11-26 01:14:59.999,1093316779.09990,2133,3361.123,293884851.34350,0,56.16799908197219,97.73713779325772,75.36157045218793,22.375567341069782,87857.87251162606,87316.66,86775.44748837395,307.0928571428573,11773.5114,1.0167432342228204,87500.54,46.96597704661775
2025-11-26 01:15:00,87470.6,87602.2,87393.2,87570.8,9034.852,2025-11-26 01:29:59.999,790716909.58210,1677,7497.621,656217587.45480,0,61.34052870326915,102.43775485049991,80.77680733185034,21.66094751864958,87879.98598490513,87342.705,86805.42401509488,305.94285714285695,11707.548200000001,0.5555364176053864,87526.6,41.10735943779209
2025-11-26 01:30:00,87570.4,88123.7,87521.6,88044.1,21826.631,2025-11-26 01:44:59.999,1917427574.95830,2914,19737.509,1734066657.42970,0,77.64173542720263,142.70931801668485,93.16330946881725,49.5460085478676,88000.4356205174,87387.67000000001,86774.90437948263,317.77142857142775,12291.92175,0.8155095675234498,87624.31999999999,237.68903424425318
2025-11-26 01:45:00,88044.1,88046.8,87862.9,87878.7,6499.362,2025-11-26 01:59:59.999,571369370.03840,1705,1413.969,124328752.67440,0,67.22210137045883,159.44049351137073,106.41874627732794,53.02174723404279,88064.09782977794,87413.48000000001,86762.86217022208,295.1857142857137,12119.850199999999,0.23267829830042192,87700.16,248.17077386343837
2025-11-26 02:00:00,87878.6,87960.8,87824.8,87952.8,10571.426,2025-11-26 02:14:59.999,929048843.68340,2053,5740.528,504610056.87060,0,64.59087277341733,176.64308977061592,120.46361497598555,56.179474794630366,88135.32638627969,87452.12500000001,86768.92361372034,273.50714285714224,12107.1469,0.20016610254838343,87783.4,249.3920307467595
2025-11-26 02:15:00,87960.8,87995.1,87747.5,87763.1,13813.669,2025-11-26 02:29:59.999,1213655155.83720,2226,3299.599,290182205.07130,0,52.23842803605814,172.97511715583096,130.96591541195465,42.009201743876304,88168.05814028968,87475.69,86783.32185971033,256.82142857142856,12532.01955,0.3215525972259406,87841.90000000001,183.1956194891211
2025-11-26 02:30:00,87763.1,87889.3,87690.8,87840.0,8135.387,2025-11-26 02:44:59.999,714107434.59140,1920,3896.104,342176729.18770,0,51.61356523523663,174.26459596582572,139.62565152272887,34.63894444309685,88202.87663718512,87510.285,86817.69336281488,242.38571428571387,12378.565550000001,0.49319920511527526,87895.74,107.53744929098924
2025-11-26 02:45:00,87840.0,87840.1,87646.9,87660.9,9058.736,2025-11-26 02:59:59.999,794570799.82240,1736,138.458,12140584.55990,0,54.88570025642399,159.0017705780483,143.50087533379278,15.500895244255531,88194.11196042776,87543.79000000001,86893.46803957225,234.4000000000004,12409.3066,0.40063634520695346,87819.1,111.83458767303529
2025-11-26 03:00:00,87646.9,87710.9,87646.9,87657.6,1186.252,2025-11-26 03:14:59.999,104017065.09770,1200,984.731,86351539.49880,0,57.05211818748974,144.96848264656728,143.79439679634768,1.1740858502195977,88068.55552909024,87597.16,87125.76447090977,225.80714285714308,11411.5568,0.24828311823469196,87774.88,125.28063298047448
2025-11-26 03:15:00,87657.6,87838.6,87652.0,87783.5,6660.267,2025-11-26 03:29:59.999,584468516.70440,1650,6062.593,531994491.70950,0,63.18521826504398,142.36498375269002,143.50851418761616,-1.1435304349261344,88043.84063273402,87631.985,87220.12936726598,229.80000000000084,11049.7093,0.2604062566029547,87741.02,79.79227406197245
2025-11-26 03:30:00,87775.1,87838.0,85100.0,87323.4,20215.595,2025-11-26 03:44:59.999,1768415225.25260,2937,472.782,41372604.61440,0,47.24094057772948,101.99967853669659,135.20674705743224,-33.207068520735646,88044.73490320178,87631.56000000001,87218.38509679824,408.6571428571437,11389.790250000002,-0.20125829290453756,87653.07999999999,200.44883885910536
2025-11-26 03:45:00,87322.4,87323.4,87067.3,87088.5,11005.288,2025-11-26 03:59:59.999,959593352.35870,2049,76.673,6685350.67600,0,39.58519179304193,50.47358836987405,118.2601153199206,-67.78652695004655,88080.57178334802,87602.25000000001,87123.92821665201,404.2357142857145,11192.783200000002,-0.5119001651880537,87502.78,287.91491277794296
2025-11-26 04:00:00,87088.5,87241.1,86879.2,86889.5,14602.528,2025-11-26 04:14:59.999,1271251334.82960,2530,4569.358,398348359.83250,0,37.21174004192872,-6.345696955933818,93.33895286474971,-99.68464982068353,88124.44959203397,87557.87000000001,86991.29040796605,408.10000000000167,11065.84185,-0.664337503115339,87348.5,375.3927343461727
2025-11-26 04:15:00,86889.5,87184.4,86879.2,87184.4,10339.29,2025-11-26 04:29:59.999,899833522.67600,2290,9315.547,810783119.26670,0,43.33661268351724,-27.265129083476495,69.21813647510447,-96.48326555858097,88133.10791520114,87543.0,86952.89208479886,417.9214285714302,10996.3075,-0.441242971401436,87253.86,335.51496687908667
2025-11-26 04:30:00,87184.4,87302.8,87173.9,87218.3,6952.68,2025-11-26 04:44:59.999,606573440.02770,2466,5418.286,472743538.08390,0,45.167962615390444,-40.64001033345994,47.24650711339159,-87.88651744685153,88138.65997139555,87533.47,86928.28002860445,415.07142857143066,10970.27535,-0.9379390555414875,87140.81999999999,163.65890443190216
2025-11-26 04:45:00,87218.2,87269.1,87175.3,87196.1,5176.987,2025-11-26 04:59:59.999,451471355.21110,2408,1540.722,134394068.48240,0,42.602755952145976,-52.42671204973885,27.311863280765497,-79.73857533050435,88143.89147852804,87527.72,86911.54852147197,406.84285714285943,10825.177650000001,-0.776752500890422,87115.36000000002,135.6616305365893
2025-11-26 05:00:00,87196.1,87399.7,87196.0,87367.2,5682.122,2025-11-26 05:14:59.999,496173776.16900,2303,5572.983,486642358.80540,0,34.82627213629202,-47.414849154505646,12.366520793711263,-59.781369948216906,88143.27527872399,87524.05500000001,86904.83472127603,378.385714285717,10668.4458,-0.6658116626190478,87171.1,173.7696032102723
2025-11-26 05:15:00,87343.7,87589.4,87343.7,87491.5,11812.683,2025-11-26 05:29:59.999,1033261134.46590,3293,7898.976,690897844.10370,0,41.15739472001461,-33.032166269025765,3.286783381163856,-36.31894965018962,88140.05254003307,87520.85500000001,86901.65745996695,382.8000000000019,10638.953850000002,-0.30946946951509896,87291.5,133.8472076655932
2025-11-26 05:30:00,87491.5,87668.8,87485.7,87610.1,11710.904,2025-11-26 05:44:59.999,1025553776.19320,2826,9668.410,846609556.30780,0,42.32955817180715,-11.926278922634083,0.24417092040426747,-12.17044984303835,88146.75392003986,87526.385,86906.01607996013,386.164285714288,10472.94605,-0.2617258652094651,87376.64,177.09584410677897
2025-11-26 05:45:00,87610.1,87622.5,87475.2,87477.0,13424.935,2025-11-26 05:59:59.999,1175209832.22970,2739,2320.324,203170882.68230,0,43.42993615946339,-5.872079105116427,-0.9790790846998718,-4.893000020416555,88144.1397953954,87523.405,86902.6702046046,379.0000000000021,10510.7454,-0.20978566270708401,87428.38,155.77803760447964
2025-11-26 06:00:00,87477.0,87629.8,87431.0,87541.5,14180.848,2025-11-26 06:14:59.999,1241538160.97960,3003,10833.196,948616854.34890,0,43.10591713243104,4.083457265936886,0.033428185427480016,4.050029080509406,88147.22468109222,87526.95,86906.67531890777,379.0214285714309,10594.5221,-0.13244715803308077,87497.46,89.51130096204491
2025-11-26 06:15:00,87541.5,87627.6,87461.5,87567.5,11781.03,2025-11-26 06:29:59.999,1031239324.38250,2989,4240.562,371320131.69230,0,47.67869569539729,13.910917872708524,2.8089261228836895,11.101991749824833,88147.01232089373,87526.785,86906.55767910628,377.08571428571616,10731.831,-0.24605990875278383,87537.52,54.68776828437267
2025-11-26 06:30:00,87567.5,87631.6,87445.6,87631.6,10035.797,2025-11-26 06:44:59.999,878699665.29870,2545,7523.429,658918455.41100,0,49.372768503329155,26.56535660593363,7.560212219493679,19.00514438643995,88079.62641768681,87506.16,86932.6935823132,385.8000000000019,10142.2893,0.35294090701920866,87565.54000000001,60.767203324907804
2025-11-26 06:45:00,87631.6,87838.8,87576.7,87782.9,15463.577,2025-11-26 06:59:59.999,1356753312.00260,3071,13556.900,1189616663.99880,0,49.985700667302055,48.24657946982188,15.697485669559324,32.549093800262554,88063.2171082569,87501.37,86939.5228917431,391.192857142859,10590.50005,0.7973498223071865,87600.1,116.25233330964464
2025-11-26 07:00:00,87782.9,87823.8,87696.0,87789.4,5348.177,2025-11-26 07:14:59.999,469158948.36010,2217,436.838,38345484.40920,0,64.16930187302364,65.2019924888591,25.598387033419286,39.60360545543982,88031.67349150783,87493.2,86954.72650849217,204.75000000000207,10329.3376,1.0356832528671407,87662.57999999999,117.49526373411477
2025-11-26 07:15:00,87789.4,87841.1,87712.4,87769.9,5550.421,2025-11-26 07:29:59.999,487132353.14430,2175,2396.278,210329184.78280,0,73.84184744576606,76.18754978312063,35.71621958335956,40.47133019976107,88032.73914259244,87493.54000000001,86954.34085740757,195.65000000000353,9916.175200000001,0.6715650965080909,87708.26,102.03486168932194
2025-11-26 07:30:00,87770.0,87770.0,87687.6,87750.1,3199.238,2025-11-26 07:44:59.999,280657799.83840,2535,1268.723,111324336.61530,0,84.42950872139598,82.34674652609101,45.042324971905856,37.304421554185154,88017.47446041604,87489.04500000001,86960.61553958399,175.68571428571678,9669.367750000001,0.6097344250002612,87744.78,65.02520280604783
2025-11-26 07:45:00,87750.1,87895.0,87701.7,87888.1,15743.409,2025-11-26 07:59:59.999,1382743783.43930,3284,13764.908,1209011114.05440,0,82.19416232043258,97.24245056658401,55.48235009084149,41.76010047574252,88053.57934379732,87500.405,86947.23065620268,167.69285714286005,10003.6014,0.7936134758320612,87796.08,53.58537113783283
2025-11-26 08:00:00,87888.1,87896.4,87629.8,87664.3,11535.845,2025-11-26 08:14:59.999,1012257055.92790,2733,1828.827,160629373.64420,0,67.38384783286577,89.9517064323154,62.376221359136274,27.57548507317913,88054.32313558491,87500.74,86947.1568644151,177.5285714285731,10521.08105,0.3400589694988575,87772.36,80.4124244129853
2025-11-26 08:15:00,87629.8,87664.2,87512.6,87522.1,10395.24,2025-11-26 08:29:59.999,910158292.37520,3204,150.959,13215676.71080,0,61.61961790704316,71.87090454441204,64.27515799619144,7.595746548220603,88025.25610610552,87487.67000000001,86950.08389389451,181.66428571428696,10707.829699999998,0.03497482612597318,87718.9,135.93608792355835
2025-11-26 08:30:00,87522.1,87569.8,87428.5,87516.1,6654.682,2025-11-26 08:44:59.999,582224886.45170,2589,1956.142,171183531.98440,0,56.01518946432937,56.40735999352182,62.70159839565751,-6.29423840213569,88029.37372716318,87497.305,86965.2362728368,177.20714285714453,10029.784049999998,-0.10729356546790836,87668.14,157.7644066320046
2025-11-26 08:45:00,87516.1,87536.5,87390.0,87390.0,7964.769,2025-11-26 08:59:59.999,696605531.96750,2047,1506.130,131821575.20480,0,45.90560709963695,33.589969134685816,56.87927254346318,-23.289303408777364,88011.76047766978,87512.37999999999,87012.9995223302,170.12142857143044,9877.7581,-0.09945471381048734,87596.12000000001,189.91343291071036
2025-11-26 09:00:00,87393.7,87419.6,87289.6,87369.3,8574.39,2025-11-26 09:14:59.999,748984190.71150,2170,1660.210,145053573.81330,0,39.45339873861227,13.6790222323325,48.23922248123704,-34.56020024890454,87948.18014583735,87536.37,87124.55985416264,166.32857142857287,9576.351200000001,-0.19670670481999633,87492.36,118.98818428695311
2025-11-26 09:15:00,87369.3,87370.2,87078.1,87083.3,20406.652,2025-11-26 09:29:59.999,1779549095.08670,2573,749.805,65336587.35810,0,34.7933565083043,-24.891423599794507,33.613093265030734,-58.50451686482524,87963.30417274912,87531.315,87099.32582725088,176.6714285714292,10079.7193,-0.5529448710994342,87376.16,178.10619865652617
2025-11-26 09:30:00,87083.3,87089.9,86913.1,86934.7,11633.291,2025-11-26 09:44:59.999,1012031087.17690,2425,2187.563,190318683.58170,0,27.992165965471983,-66.6809019742359,13.554294217177402,-80.2351961914133,88007.1122681127,87517.135,87027.15773188729,175.0999999999996,10313.74985,-0.7952610702075606,87258.68000000001,240.55559024858988
2025-11-26 09:45:00,86934.7,86938.4,86760.0,86797.0,7762.832,2025-11-26 09:59:59.999,674233542.75960,1971,156.774,13613684.51170,0,24.14950010065067,-109.64666535051947,-11.08589769636198,-98.56076765415749,88068.04012518859,87497.18000000001,86926.31987481142,175.97857142857018,10443.0421,-1.1231116766477232,87114.86,262.1690160942146
2025-11-26 10:00:00,86797.0,86989.1,86776.6,86885.7,8384.899,2025-11-26 10:14:59.999,728727625.25090,1924,6051.066,525933944.45310,0,25.3812132814041,-134.98398235073546,-35.865514627236685,-99.11846772349878,88104.45392671732,87473.105,86841.75607328267,177.87142857142732,10578.18095,-1.0293953484133587,87014.0,224.09761265971235
2025-11-26 10:15:00,86885.8,86907.5,86769.2,86837.4,2608.345,2025-11-26 10:29:59.999,226476793.52240,1414,915.429,79495676.82330,0,16.516750478079047,-157.14986909051368,-60.1223855198921,-97.02748357062157,88132.5738601215,87440.4,86748.22613987849,169.02857142856996,10117.964049999999,-1.0624371225215024,86907.62,110.955968743258
2025-11-26 10:30:00,86837.5,86878.9,86684.8,86850.1,10081.535,2025-11-26 10:44:59.999,874837903.05060,2197,4843.485,420466915.18240,0,16.881743177491558,-171.71231745825207,-82.4403719075641,-89.27194555068797,88137.46506693994,87402.4,86667.33493306005,173.76428571428343,10036.4956,-1.025639856820676,86860.98,51.99410543265526
2025-11-26 10:45:00,86850.1,86935.4,86781.7,86916.1,9014.809,2025-11-26 10:59:59.999,783134400.61200,1993,7229.062,628115228.83570,0,20.85210979106975,-175.89985031093238,-101.13226758823777,-74.76758272269461,88139.6159034995,87374.35500000001,86609.09409650051,175.5499999999967,9815.9893,-1.105951772765596,86857.26000000001,45.68350905678588
2025-11-26 11:00:00,86907.6,86942.4,86807.7,86942.4,6901.254,2025-11-26 11:14:59.999,599522951.74450,1675,4391.490,381509962.92890,0,22.547753381822844,-175.0781184968073,-115.9214377699517,-59.1566807268556,88128.7759598047,87344.4,86560.02404019529,179.28571428571118,9452.009600000001,-0.8234823069368131,86886.34,43.98082536457233
2025-11-26 11:15:00,86935.0,86943.2,86841.4,86845.9,2440.544,2025-11-26 11:29:59.999,212006989.65040,1523,148.730,12924448.38680,0,13.549244543928111,-180.13712498435052,-128.76457521283146,-51.37254977151906,88115.53876406359,87308.32,86501.10123593642,172.74999999999687,8984.9853,-0.7726048620862749,86878.38,47.580006302510704
2025-11-26 11:30:00,86845.9,86987.6,86824.5,86983.2,6839.024,2025-11-26 11:44:59.999,594362985.03460,1782,5219.799,453763331.91830,0,24.644479189933634,-171.09518277393363,-137.2306967250519,-33.86448604888173,88080.52898413425,87275.9,86471.27101586574,165.3571428571408,8825.146649999999,-0.6089165307869165,86907.54,59.39648979321319
2025-11-26 11:45:00,86987.6,87014.4,86914.3,87006.1,6265.215,2025-11-26 11:59:59.999,544922029.00850,1783,3664.131,318760747.46970,0,28.918123876450693,-160.2344567370019,-141.8314487274419,-18.403008009559983,88013.13028819181,87237.06,86460.98971180819,161.67142857142608,8365.22855,-0.4392951138574141,86938.74,62.56854640924033
2025-11-26 12:00:00,87006.1,87071.5,86583.9,86583.9,17696.384,2025-11-26 12:14:59.999,1535764119.32480,2831,3020.231,262584329.38120,0,21.579268292683082,-183.57907928086934,-150.1809748381274,-33.398104442741925,87959.45669772809,87176.785,86394.11330227192,186.40714285714057,8982.6389,-0.8989427636481107,86872.29999999999,172.4723021234006
2025-11-26 12:15:00,86583.9,86607.2,86384.9,86471.6,11399.534,2025-11-26 12:29:59.999,985729582.30210,2436,3587.419,310207124.21450,0,21.762390849834347,-208.73536099720513,-161.89185206994296,-46.84350892726218,87902.73262324471,87111.87,86321.00737675528,191.82142857142648,9275.09455,-0.7024308908826343,86778.14,239.94933423478494
2025-11-26 12:30:00,86475.5,86615.3,86406.8,86588.7,6540.565,2025-11-26 12:44:59.999,565823780.73160,1931,4713.907,407862731.35100,0,27.342389411354844,-216.7246374302631,-172.858409142007,-43.86622828825611,87817.4311234064,87053.8,86290.16887659361,197.42857142856934,9442.160899999999,-0.39799987806940157,86726.7,249.1828946771863
2025-11-26 12:45:00,86588.7,86630.0,86582.4,86620.7,3390.416,2025-11-26 12:59:59.999,293639872.40470,1330,1574.705,136392333.48830,0,34.25030641427196,-217.96153905241226,-181.87903512408806,-36.0825039283242,87668.0548491708,86990.43000000001,86312.80515082921,179.96428571428467,8824.51125,-0.20311761927255886,86654.2,204.65273025220216
2025-11-26 13:00:00,86620.7,86639.2,86542.4,86551.4,6790.871,2025-11-26 13:14:59.999,587954613.38570,1909,765.768,66331471.70130,0,36.20528323616202,-221.97493446516455,-189.8982149923034,-32.07671947286116,87560.1779401441,86934.785,86309.3920598559,174.25,8587.26255,-0.3847583664515598,86563.26,56.821589203857215
2025-11-26 13:15:00,86545.1,86711.6,86542.4,86694.1,6880.792,2025-11-26 13:29:59.999,596248674.17230,1919,6190.439,536401911.99640,0,46.30997633220997,-211.20622791432834,-194.1598175767084,-17.046410337619932,87462.1350099275,86893.385,86324.63499007249,173.59285714285838,8411.54015,-0.16502106235330444,86585.3,82.43036454886813
2025-11-26 13:30:00,86694.1,86981.1,86566.0,86946.7,15767.444,2025-11-26 13:44:59.999,1367966788.45280,2412,12169.065,1056055568.90050,0,51.957386728276205,-180.21187118171656,-191.37022829771007,11.15835711599351,87353.81740668889,86864.91500000001,86376.01259331113,188.06428571428737,8867.17825,0.1112261240919599,86680.31999999999,157.89025302307724
2025-11-26 13:45:00,86946.7,87019.6,86917.0,87019.6,6741.225,2025-11-26 13:59:59.999,586307019.73250,1721,5257.263,457298998.15200,0,55.755622946677086,-148.05946210425464,-182.708075059019,34.64861295476436,87276.01534880608,86846.395,86416.77465119393,185.51428571428758,8806.00105,0.11908035450279061,86766.5,205.72983497713915
2025-11-26 14:00:00,87019.6,87248.1,86922.0,87238.5,12555.546,2025-11-26 14:14:59.999,1093424235.38240,2487,11862.813,1033188328.03320,0,60.85522638345428,-103.7194326321187,-166.91034657363895,63.19091394152025,87238.85007173165,86839.85500000001,86440.85992826837,194.94285714286005,9005.05885,0.3405703086181263,86890.06000000001,271.33468816161576
2025-11-26 14:15:00,87238.5,87265.6,87161.6,87261.7,4071.788,2025-11-26 14:29:59.999,355135225.15680,1457,1735.692,151418448.65490,0,59.89577367999061,-65.94739321510133,-146.71775590193144,80.77036268683011,87277.55109848797,86848.775,86419.99890151202,191.39285714286027,8188.31565,0.47877907880510534,87032.12,232.92194400658693
2025-11-26 14:30:00,87261.7,87452.0,87079.5,87246.3,16266.671,2025-11-26 14:44:59.999,1419276830.94040,2702,8771.319,765575986.53520,0,58.7564109952172,-36.83086782324244,-124.74037828619365,87.9095104629512,87327.54093959079,86864.35500000001,86401.16906040923,208.37857142857476,8419.98465,0.30247220152857773,87142.56000000001,148.02120793942615
2025-11-26 14:45:00,87246.3,87573.8,86858.6,87110.0,22726.557,2025-11-26 14:59:59.999,1982204176.93300,3267,7011.455,612900305.12760,0,57.43901752013985,-24.471984763265937,-104.68669958160812,80.21471481834219,87354.61887952169,86880.005,86405.39112047832,252.19285714286005,9168.170900000001,0.1194169144462218,87175.22,106.07396947346433
2025-11-26 15:00:00,86858.6,87126.1,86855.1,86978.6,12295.515,2025-11-26 15:14:59.999,1069975488.27310,2024,5087.219,442731870.56010,0,49.86999773909137,-24.992267439796706,-88.74781315324584,63.75554571344914,87361.31254421307,86884.65,86407.98745578692,259.9000000000025,9363.7017,0.45585842171582897,87167.02,121.56519649905916
2025-11-26 15:15:00,87022.0,87233.8,82000.0,87229.8,29059.08,2025-11-26 15:29:59.999,2527714582.84660,3590,12809.736,1115272243.95500,0,55.59949937421774,-5.076337714097463,-72.01351806541616,66.9371803513187,87404.46599990291,86904.26999999999,86404.07400009707,626.5928571428605,10686.23845,0.8768196725861405,87165.28,120.3424156307918
2025-11-26 15:30:00,87229.8,87254.5,86874.3,86874.3,15373.854,2025-11-26 15:44:59.999,1338873094.89190,2405,3344.080,291490491.53540,0,57.52019888129306,-17.77381342514127,-61.16557713736118,43.39176371221991,87405.24114547794,86905.48000000001,86405.71885452209,618.9214285714313,10950.8544,0.32983518634649306,87087.8,160.69068112318115
2025-11-26 15:45:00,86889.8,86926.9,86709.9,86877.0,11873.432,2025-11-26 15:59:59.999,1031001840.59680,1980,4574.096,397270552.08990,0,61.130024159894525,-27.30404296029883,-54.39327030194872,27.089227341649888,87403.4171141532,86903.525,86403.63288584679,618.5428571428596,11093.78555,0.29588770351659927,87013.93999999999,154.37282144150436
2025-11-26 16:00:00,86877.0,87496.3,86848.5,87496.3,21217.887,2025-11-26 16:14:59.999,1851315921.40400,2663,20182.105,1760770370.38460,0,69.53172075406749,14.943259175532148,-40.525964406452545,55.46922358198469,87497.18787560219,86931.22,86365.25212439781,649.9214285714313,11809.617199999999,1.09172121999183,87091.2,268.7573161791767
2025-11-26 16:15:00,87496.3,87734.8,87487.1,87548.5,8588.015,2025-11-26 16:29:59.999,752318798.44600,2029,5139.989,450263167.53280,0,69.79433350401106,52.03680632838223,-22.013410259485585,74.05021658786781,87593.89174195661,86966.35,86338.8082580434,664.2142857142878,12116.99075,0.9855341943684681,87205.18000000001,324.1948904592257
2025-11-26 16:30:00,87548.5,87792.5,87541.4,87649.6,10149.214,2025-11-26 16:44:59.999,890097307.09560,2187,7570.312,663951750.15150,0,73.11610676096687,88.57064747286495,0.10340128698452705,88.46724618588043,87697.77770123926,86999.67,86301.56229876073,675.2357142857165,12282.500250000001,0.8084263117519225,87289.14,381.4662147555081
2025-11-26 16:45:00,87661.3,95000.0,87509.6,87783.2,18164.115,2025-11-26 16:59:59.999,1593770061.22810,2831,10503.452,922424849.33250,0,73.01272028060693,126.84222503654019,25.451166036895668,101.39105899964451,87819.70048638551,87038.525,86257.34951361448,1198.1785714285725,12877.44525,0.877503458990838,87470.92000000001,349.58872550462445
2025-11-26 17:00:00,87783.2,87876.9,87719.0,87827.8,10289.251,2025-11-26 17:14:59.999,903511316.08880,1929,6845.903,601231885.07370,0,70.41189825325512,158.9394185689016,52.14881654329687,106.79060202560473,87926.30096826499,87100.72,86275.13903173502,1179.8071428571432,12507.0886,0.6755045077574728,87661.07999999999,143.7596501108868
2025-11-26 17:15:00,87827.8,88728.8,87697.6,88621.4,14532.022,2025-11-26 17:29:59.999,1279054023.21700,2500,11159.990,982882632.81530,0,77.81868704411262,245.58263950089167,90.83558113481584,154.74705836607583,88226.26980364276,87208.21,86190.15019635725,1246.135714285714,12663.713,1.5581864666858394,87886.1,425.6052748734104
2025-11-26 17:30:00,88619.3,89442.8,88611.8,89442.0,22890.383,2025-11-26 17:44:59.999,2037396040.47380,2888,21223.290,1888986139.05990,0,81.65311575257866,376.12781100602297,147.8940271090573,228.23378389696566,88736.67337961779,87350.875,85965.07662038221,1282.1999999999991,13481.203899999999,2.5166683286282594,88264.8,760.648078943339
2025-11-26 17:45:00,89442.0,89843.0,89442.0,89803.7,17545.018,2025-11-26 17:59:59.999,1572551141.27690,2771,15229.476,1364969079.85610,0,83.27922077922094,502.9739959629369,218.91002087983324,284.0639750831036,89232.85602128414,87510.025,85787.19397871585,1303.414285714285,14188.934000000003,3.0922970956262166,88695.62,918.70218351778
2025-11-26 18:00:00,89803.7,89988.9,89747.7,89988.9,15744.87,2025-11-26 18:14:59.999,1415162119.97670,2850,12788.953,1149695441.60760,0,84.3770368513412,611.3968018868763,297.4073770812419,313.9894248056344,89667.83666194763,87681.9,85695.96333805236,1294.0357142857133,14636.63395,3.460966260666403,89136.76,900.429787934896
2025-11-26 18:15:00,89988.9,90349.8,89943.7,90259.0,21682.412,2025-11-26 18:29:59.999,1955000856.71780,2927,18401.069,1659164719.86600,0,88.19006500436608,710.9223985294375,380.1103813708811,330.8120171585564,90096.87221389385,87860.14499999999,85623.41778610613,1271.9571428571423,15376.71495,3.472666451143986,89623.0,633.836504944811
2025-11-26 18:30:00,90259.0,90265.8,89692.9,89692.9,22517.8,2025-11-26 18:44:59.999,2024926696.44550,2722,1925.917,173258493.02970,0,79.7783872737245,735.637639220542,451.21583294081336,284.4218062797287,90333.06195997399,87997.455,85661.84804002602,1293.5214285714287,15714.232750000001,3.2444577970700093,89837.3,307.837562686441
2025-11-26 18:45:00,89692.9,90101.2,89680.7,90100.8,7621.031,2025-11-26 18:59:59.999,685458976.08400,2017,6879.855,618913955.18510,0,80.45055364642985,779.1571282039513,516.804091993441,262.35303621051025,90618.33500732355,88151.51499999998,85684.69499267642,949.7142857142857,15758.22305,3.710763493214548,89969.06,226.6178126290491
2025-11-26 19:00:00,90100.8,90116.9,89808.2,89814.7,12226.776,2025-11-26 19:14:59.999,1099792002.20380,2127,4227.866,380565935.47330,0,81.65260075783654,781.5515183966199,569.7535772740769,211.79794112254308,90814.5310788353,88280.325,85746.1189211647,944.6071428571429,15741.78455,2.649712044966466,89971.25999999998,224.65607715077593
2025-11-26 19:15:00,89814.7,89939.6,89725.5,89780.4,5789.189,2025-11-26 19:29:59.999,519846873.42800,1726,1850.919,166246824.65730,0,81.04311008468031,771.7847127823479,610.1598043757311,161.62490840661678,90977.3907268052,88406.26,85835.12927319479,944.4000000000004,15827.6546,2.549329800053678,89929.56,239.4281374457938
2025-11-26 19:30:00,89780.4,89930.0,89740.0,89837.7,8794.588,2025-11-26 19:44:59.999,789992550.11230,1945,6368.740,572113881.62540,0,78.45372350768011,759.9083298904588,640.1095094786767,119.79882041178212,91121.97255894066,88535.82999999999,85949.68744105932,911.7000000000002,15454.05045,2.4964175535313236,89845.3,153.06219324423057
2025-11-26 19:45:00,89840.2,89969.3,89782.4,89969.3,8358.836,2025-11-26 19:59:59.999,751418680.79810,1854,6074.923,546243054.01860,0,78.86165291620947,752.4415532100247,662.5759182249463,89.86563498507837,91249.13999300372,88678.795,86108.45000699628,907.3571428571439,14735.6644,2.4903398372353776,89900.57999999999,132.83729521768623
2025-11-26 20:00:00,89941.7,89969.3,89496.6,89923.5,16979.573,2025-11-26 20:14:59.999,1524508920.27520,2308,6691.632,600840061.19990,0,77.47251419596446,734.3631207315048,676.9333587262581,57.42976200524663,91322.63575666897,88826.04000000001,86329.44424333105,923.1857142857147,14969.867299999998,2.386146527637032,89865.12,78.63397485018842
2025-11-26 20:15:00,89923.5,90035.1,89782.1,89914.7,10252.772,2025-11-26 20:29:59.999,921913948.31860,1832,6199.405,557668522.50870,0,76.5528066372671,711.1283018867398,683.7723473583545,27.35595452838527,91383.13535815406,88960.285,86537.43464184595,406.22857142857225,14029.5519,1.4593540612086957,89885.12000000001,75.2482690880398
2025-11-26 20:30:00,89935.5,89981.4,89662.4,89662.4,15201.895,2025-11-26 20:44:59.999,1365695555.03530,2357,3557.353,319964927.35400,0,71.72975790022238,664.6938620295696,679.9566502925976,-15.262788263028028,91330.40502806354,89099.69,86868.97497193646,417.7357142857155,14020.953950000001,0.24641667225687502,89861.51999999999,120.93627247744456
2025-11-26 20:45:00,89674.4,89877.6,89648.8,89865.4,9241.257,2025-11-26 20:59:59.999,829585193.41710,1845,7286.385,654137019.66050,0,67.13121075245104,636.9324762494216,671.3518154839625,-34.41933923454087,91240.45228932922,89249.11,87257.76771067079,360.4214285714302,13889.3452,0.06870540968801629,89867.06,120.20454650611356
2025-11-26 21:00:00,89820.9,89937.2,89809.9,89813.8,7258.015,2025-11-26 21:14:59.999,652416085.31080,1779,5894.194,529860449.67940,0,56.495911663987684,603.8073737008817,657.8429271273463,-54.03555342646462,91189.60326580322,89364.985,87540.36673419678,310.1571428571447,13191.3516,-0.19457955370050226,89835.95999999999,106.47076124801181
2025-11-26 21:15:00,89813.8,90225.3,89792.8,90222.3,10730.294,2025-11-26 21:29:59.999,965699480.87160,1877,9543.078,858992191.89480,0,57.19590180843019,603.5605569041509,646.9864530827073,-43.4258961785564,91146.11397307557,89498.675,87851.23602692444,312.4071428571447,13298.465549999999,-0.04066076513145181,89895.72,205.59860651460394
2025-11-26 21:30:00,90216.8,90339.0,90121.2,90121.2,10412.949,2025-11-26 21:44:59.999,939561447.14330,1895,6239.010,563148968.64470,0,52.34200743494425,588.4240416713437,635.2739708004347,-46.849929129090924,91040.54015799078,89622.255,88203.96984200923,310.7357142857166,13311.652299999998,0.4775182874006782,89937.01999999999,229.69310394689012
2025-11-26 21:45:00,90135.0,90312.6,90121.2,90145.4,6343.933,2025-11-26 21:59:59.999,572325647.91700,1567,3723.482,335970685.11660,0,47.79725432405173,571.78974578614,622.5771257975757,-50.787380011435744,90879.83290033921,89740.36499999999,88600.89709966077,295.4000000000025,12720.6432,0.049500115426268435,90033.62,181.92303867509492
2025-11-26 22:00:00,90142.8,90576.6,90106.4,90281.2,11033.425,2025-11-26 22:14:59.999,995885181.60040,1924,7023.127,634074674.16240,0,63.69222175673775,563.074103758845,610.6765213898296,-47.60241763098463,90588.65310247579,89863.035,89137.41689752422,288.0642857142884,12757.8519,0.5194027258344124,90116.78,180.83412841828505
2025-11-26 22:15:00,90299.9,90469.9,90176.1,90286.6,9906.544,2025-11-26 22:29:59.999,894590704.45600,1944,5911.393,534030213.71420,0,55.32134265093365,550.2595796205424,598.5931330359722,-48.33355341542983,90405.14551562937,89946.295,89487.44448437063,279.0142857142876,12526.578000000001,0.56382016564864,90211.34,76.05575586913191
2025-11-26 22:30:00,90286.6,90313.2,90168.7,90183.6,7206.201,2025-11-26 22:44:59.999,650242651.78590,1709,1227.599,110796191.54790,0,61.80328917898517,525.7324216247798,584.0209907537337,-58.288569128953895,90387.19484454866,89983.375,89579.55515545134,267.2857142857164,11742.368900000001,0.3850276665587039,90203.6,76.62858475023035
2025-11-26 22:45:00,90168.7,90313.2,90168.7,90313.2,7203.087,2025-11-26 22:59:59.999,650192816.77960,1577,6422.109,579729853.26630,0,66.0675512665862,510.863196167993,569.3894318365856,-58.52623566859256,90428.9017837861,90008.85,89588.79821621391,262.3142857142874,11225.272350000001,0.38224149793317735,90242.0,73.03656619003283
2025-11-26 23:00:00,90313.2,90510.1,90305.2,90478.9,11478.668,2025-11-26 23:14:59.999,1038033377.01550,1890,10803.108,976932900.29670,0,68.14990942028967,506.60994891644805,556.8335352525581,-50.22358633611009,90502.76186719333,90033.35,89563.93813280668,263.3785714285737,11011.96225,0.6176361017976326,90308.7,107.10154060910978
2025-11-26 23:15:00,90478.9,90478.9,90305.0,90305.0,5009.577,2025-11-26 23:29:59.999,452801075.21200,1506,507.123,45850596.69560,0,59.28014596118752,483.6319352701976,542.193215256086,-58.561279985888405,90510.14044803078,90035.65,89561.1595519692,262.45000000000124,10178.3205,0.43407807622113287,90313.46,106.09796416918567
2025-11-26 23:30:00,90305.0,90372.2,90287.7,90364.4,3547.133,2025-11-26 23:44:59.999,320433435.44500,1466,2023.484,182825052.52640,0,62.09734950337478,464.8562045186263,526.725813108594,-61.8696085899677,90536.57452941129,90069.225,89601.87547058873,234.72142857143004,9229.78715,0.782936883242028,90329.01999999999,106.87605906305171
2025-11-26 23:45:00,90364.4,90514.4,90309.7,90473.8,9061.711,2025-11-26 23:59:59.999,819450661.20430,1711,7805.359,705881971.88870,0,64.5379374902493,453.5754330805794,512.095737102991,-58.520304022411665,90589.07388216464,90087.875,89586.67611783536,231.27142857142982,9301.82115,0.677012509820252,90387.06,84.64784699483658
2025-11-27 00:00:00,90451.9,90473.8,90145.1,90150.7,16890.486,2025-11-27 00:14:59.999,1524762455.17240,2376,233.715,21117235.91650,0,62.24607513668064,413.7939120612573,492.43537209464426,-78.64146003338698,90589.57957391007,90104.675,89619.77042608993,231.96428571428675,9535.00665,0.3751093929885988,90354.56,135.82206374832995
2025-11-27 00:15:00,90150.7,90193.7,90048.7,90157.6,3668.098,2025-11-27 00:29:59.999,330545430.56990,1304,558.300,50334162.56950,0,58.12750333778401,378.46088092573336,469.64047386086213,-91.17959293512877,90584.06373629866,90123.535,89663.00626370135,225.97857142857225,9428.952099999999,-0.07171176083961181,90290.3,138.27201452515035
2025-11-27 00:30:00,90150.0,90314.6,90146.8,90300.0,5264.482,2025-11-27 00:44:59.999,475106338.51080,1519,5203.741,469627067.14690,0,62.873331921203,357.8249063218245,447.2773603530546,-89.45245403123005,90592.95980272621,90146.65,89700.34019727378,228.8714285714294,9252.446800000002,0.19839948868856933,90289.3,138.15715689331196
2025-11-27 00:45:00,90300.0,90495.2,90264.4,90426.6,11055.67,2025-11-27 00:59:59.999,999526104.47380,1875,8100.031,732271514.24840,0,56.35854341736698,347.67848854015756,427.3575859904752,-79.67909745031761,90624.34334368592,90169.515,89714.68665631408,214.46428571428675,9387.288499999999,0.3119404872572662,90301.74,148.9858315439627
2025-11-27 01:00:00,90439.1,90768.8,90332.1,90615.8,11552.556,2025-11-27 01:14:59.999,1045762119.72340,1996,7595.733,687566577.61500,0,64.59341437507389,350.8597453945258,412.05801787128524,-61.19827247675943,90684.76770403075,90204.13,89723.49229596926,230.10000000000062,9115.93765,0.3706197968126319,90330.14,196.07610257461295
2025-11-27 01:15:00,90615.8,90705.8,90557.6,90695.8,4894.646,2025-11-27 01:29:59.999,443657106.90540,1498,2911.816,263970512.73790,0,65.72212065813545,355.7355478257814,400.79352386218454,-45.05797603640315,90750.97145854669,90243.185,89735.39854145331,227.0142857142855,8848.031350000001,0.45322340192231964,90439.16,221.28323027483552
2025-11-27 01:30:00,90691.9,90705.5,90578.5,90660.8,4840.186,2025-11-27 01:44:59.999,438613283.20020,1541,1335.806,121065741.85640,0,61.505819592628654,352.70963180667604,391.17674545108287,-38.46711364440682,90754.6868589764,90293.105,89831.52314102359,202.49999999999895,8329.9459,0.5291427709694413,90539.80000000002,169.61078975372095
2025-11-27 01:45:00,90660.8,91132.2,90594.2,91130.6,12916.115,2025-11-27 01:59:59.999,1172320190.37300,2301,11143.682,1011689541.47290,0,69.96215704824976,383.79633997625206,389.70066435611676,-5.904324379864704,90908.9578101228,90356.365,89803.77218987721,219.94285714285692,8513.6888,0.9050725696797465,90705.92,259.14889928553913
2025-11-27 02:00:00,91130.6,91143.1,82500.0,90984.2,12998.279,2025-11-27 02:14:59.999,1177676073.64920,2992,5359.151,487602780.33560,0,68.55474181885575,392.0996430723462,390.1804600993627,1.919182972983549,90973.40985513137,90414.885,89856.36014486862,826.9857142857145,8800.702000000001,0.5584727488950495,90817.44,226.86402976435772
2025-11-27 02:15:00,90984.2,91374.4,90971.6,91337.2,16137.387,2025-11-27 02:29:59.999,1471197546.82790,5623,15787.854,1439378764.42400,0,71.50537634408586,422.2962521297013,396.60361850543046,25.692633624270854,91156.30115672751,90470.62999999999,89784.95884327247,845.4357142857136,9071.056649999999,1.143015336913789,90961.72,287.7834811120037
2025-11-27 02:30:00,91374.4,91725.7,91332.8,91725.7,19716.24,2025-11-27 02:44:59.999,1804104296.77620,2986,16168.189,1479739160.22890,0,73.94377016438764,472.13352415892587,411.70959963612967,60.4239245227962,91416.28057946321,90550.855,89685.42942053678,858.864285714284,9536.2212,1.5064560822624873,91167.7,397.5206032408553
2025-11-27 02:45:00,91725.7,91809.7,91349.5,91349.5,24066.173,2025-11-27 02:59:59.999,2204981416.57980,3201,9274.774,850790868.34910,0,68.61256637798908,475.7891244763159,424.52550460416694,51.26361987214898,91523.95176715354,90611.06,89698.16823284645,879.3142857142842,10422.3332,0.9679045204246943,91305.43999999999,279.8806049032237
2025-11-27 03:00:00,91409.7,91499.9,84811.2,91295.3,13692.942,2025-11-27 03:14:59.999,1250244858.38370,4508,5464.697,499550156.49350,0,66.61905952083407,468.9074537907727,433.40189444148814,35.50555934928457,91609.50145743284,90661.765,89714.02854256716,1351.0428571428554,10555.30905,1.2696518163475223,91338.38,263.3634314042087
2025-11-27 03:15:00,91317.5,91529.9,91289.9,91289.9,8381.391,2025-11-27 03:29:59.999,766116061.35450,3397,3325.835,304204959.21600,0,65.131456965921,457.74138754095475,438.26979306138145,19.471594479573298,91682.00271806108,90711.93000000001,89741.85728193894,1353.5642857142843,10479.0514,1.2559118698811729,91399.51999999999,184.15857840732664
2025-11-27 03:30:00,91289.9,91300.9,91093.4,91097.9,13220.233,2025-11-27 03:44:59.999,1205586651.72040,2218,1023.357,93300638.99710,0,68.45961958216381,428.4603796524607,436.30791037959733,-7.847530727136643,91708.87557690118,90757.64499999999,89806.4144230988,1344.9071428571417,10779.753,0.8836101882613446,91351.66,229.834436064315
2025-11-27 03:45:00,91097.9,91157.9,91027.3,91082.4,8601.585,2025-11-27 03:59:59.999,783415685.62550,1867,3059.471,278778879.09220,0,67.96286224846523,399.4002124503313,428.9263707937441,-29.526158343412817,91733.77727689256,90796.105,89858.43272310743,1343.8785714285696,10849.677899999999,0.7252290808235501,91222.99999999999,123.61585659204725
2025-11-27 04:00:00,91082.4,91274.5,91024.3,91244.3,13177.781,2025-11-27 04:14:59.999,1201007130.98310,1853,12451.643,1134867076.46580,0,68.20372440914511,384.99580552615225,420.1402577402257,-35.14445221407345,91779.9805767882,90834.375,89888.7694232118,1349.7642857142835,10934.63355,0.6935876524844453,91201.96,104.11718398507767
2025-11-27 04:15:00,91240.0,91277.8,91115.9,91115.9,10413.815,2025-11-27 04:29:59.999,949699097.44170,1989,2684.117,244875634.49690,0,63.27875168560933,359.08014989581716,407.92823617134405,-48.848086275526896,91794.12418120664,90874.92,89955.71581879335,1344.8428571428553,11204.845449999999,0.463196752220049,91166.07999999999,94.36451664146999
2025-11-27 04:30:00,91115.9,91220.7,91054.9,91120.0,8141.339,2025-11-27 04:44:59.999,741927994.14380,1879,3922.397,357565212.37130,0,60.45884500497821,335.01084534330585,393.3447580057365,-58.333912662430635,91805.2816512911,90912.7,90020.1183487089,1325.4928571428557,11434.55575,0.5065033619822427,91132.1,64.4930616498773
2025-11-27 04:45:00,91120.0,91245.8,91120.0,91234.6,6280.51,2025-11-27 04:59:59.999,572823288.00530,1929,5775.716,526785806.63060,0,61.018404907975324,321.4772210318624,378.9712506109617,-57.494029579099276,91829.30103500077,90950.74,90072.17896499924,1323.8928571428562,11295.495700000001,0.1141219305041336,91159.43999999999,74.5597948024177
2025-11-27 05:00:00,91234.6,91257.6,91134.7,91252.9,9419.17,2025-11-27 05:14:59.999,858993611.14030,1976,4437.099,404734886.77640,0,62.19165671457365,308.67022510658717,364.9110455100868,-56.24082040349964,91808.06725762555,91005.85,90203.63274237447,1323.5999999999997,10921.9299,0.29532600165742745,91193.54000000001,69.32209605157153
2025-11-27 05:15:00,91252.9,91461.3,91205.3,91445.1,9124.638,2025-11-27 05:29:59.999,833679217.14260,1972,8508.603,777370185.31900,0,57.31157297624015,310.4508382693166,354.0190040619328,-43.568165792616185,91788.02928318497,91070.225,90352.42071681505,1303.4571428571423,11194.7569,0.11813368485130782,91233.7,134.0372522882732
2025-11-27 05:30:00,91445.1,91447.3,90920.0,90927.2,17240.125,2025-11-27 05:44:59.999,1571522595.37520,2605,310.496,28350675.77710,0,48.87003409721674,266.9940441572835,336.61401208100295,-69.61996792371946,91726.4967504945,91101.58499999999,90476.67324950549,723.7571428571422,11793.53905,-0.8705302875857039,91195.95999999999,190.26810820782333
2025-11-27 05:45:00,90944.5,91039.1,90910.3,90932.0,5404.35,2025-11-27 05:59:59.999,491572443.26620,1451,2926.174,266230642.91180,0,40.680772769089494,230.28693715602276,315.3485970960069,-85.06165993998417,91672.71553155193,91126.855,90580.99446844806,704.1857142857147,11510.97305,-0.45703588963267444,91158.36,224.52392523065024
2025-11-27 06:00:00,90947.9,91206.7,90930.7,91206.7,5410.248,2025-11-27 06:14:59.999,492708860.52730,1557,5244.980,477675472.86850,0,37.40413552082347,220.81684549229976,296.4422467752655,-75.62540128296575,91646.95662048963,91156.4,90665.84337951036,695.8357142857151,11203.85765,-0.09704771220424908,91152.78,222.49298191398648
2025-11-27 06:15:00,91201.2,91336.9,91179.0,91330.1,9087.799,2025-11-27 06:29:59.999,829291122.68690,2075,7573.669,691129383.01330,0,49.463317472612765,220.72470136269112,281.29873769275065,-60.57403633005953,91633.19808994941,91188.115,90743.0319100506,674.2428571428578,11413.5153,0.04403553952848195,91168.22,233.58023675170065
2025-11-27 06:30:00,91330.1,91368.9,91271.5,91283.3,3808.997,2025-11-27 06:44:59.999,347835542.83420,1433,2292.580,209419204.82500,0,49.66666666666668,214.40379412310722,267.919748978822,-53.51595485571477,91589.89910229869,91219.24,90848.58089770132,203.4357142857147,11361.95585,0.20351731488871724,91135.86000000002,193.3804100755173
2025-11-27 06:45:00,91283.3,91306.3,91149.9,91200.0,6807.129,2025-11-27 06:59:59.999,620940974.33630,1517,760.582,69405689.35310,0,47.60636881623112,200.36315404510242,254.40842999207808,-54.045275946975664,91591.16798676593,91222.70999999999,90854.25201323406,197.46428571428675,11056.506550000002,0.1291138573423689,91190.42000000001,154.33316882958852
2025-11-27 07:00:00,91200.0,91266.7,91111.0,91229.1,7630.161,2025-11-27 07:14:59.999,695735082.59890,1722,3600.384,328415690.89180,0,53.82507288629759,189.4006792940345,241.40687985246942,-52.00620055843493,91585.8999288197,91234.955,90884.01007118031,193.76428571428656,10788.10065,-0.01665857483700033,91249.84,55.53483592295352
2025-11-27 07:15:00,91233.5,91406.5,91221.5,91404.0,9496.607,2025-11-27 07:29:59.999,867304061.16900,4840,9250.542,844838934.39270,0,58.57874519846342,192.60557025208254,231.64661793239205,-39.041047680309504,91594.56816236586,91238.29500000001,90882.02183763417,197.65000000000146,10456.06165,0.316190697781623,91289.3,81.32536505293838
2025-11-27 07:30:00,91404.0,91406.5,91317.8,91317.8,2760.258,2025-11-27 07:44:59.999,252137405.97780,2925,72.451,6619305.00480,0,52.04314226941675,186.04523615651124,222.5263415772159,-36.481105420704665,91494.4800464908,91217.9,90941.31995350918,186.11428571428718,9608.26255,0.21707638279192593,91286.84000000001,79.95719480442905
2025-11-27 07:45:00,91322.8,91418.5,91301.3,91361.4,9651.263,2025-11-27 07:59:59.999,881795820.27960,2288,5546.859,506913410.14190,0,57.16202812299424,182.26326230778068,214.47372572332887,-32.21046341554819,91496.31549848782,91218.49500000001,90940.6745015122,182.9214285714292,8887.517049999999,0.13898235976262113,91302.45999999999,86.45714545944011
2025-11-27 08:00:00,91370.6,91467.4,91211.8,91262.5,12760.576,2025-11-27 08:14:59.999,1165718918.63170,2404,5067.519,463239834.89530,0,53.93929341516003,169.33364447976055,205.44570947461523,-36.11206499485468,91493.14955279889,91216.85500000001,90940.56044720113,189.3357142857141,8840.89875,0.010520213604176766,91314.95999999999,71.09298840951863
2025-11-27 08:15:00,91244.2,91335.6,91209.9,91314.5,1459.323,2025-11-27 08:29:59.999,133220649.93290,1228,1280.892,116935721.86850,0,52.28795601626464,161.42202202783665,196.64097198525954,-35.21894995742289,91495.96321851916,91218.08499999999,90940.20678148083,189.32857142857185,8494.79535,-0.14281793119588235,91332.04000000001,53.35375339184424
2025-11-27 08:30:00,91314.5,91385.4,91262.1,91347.3,5037.647,2025-11-27 08:44:59.999,460157238.65360,1549,2493.154,227749775.71320,0,52.680904237192074,156.000414442693,188.51286047674625,-32.512446034053255,91508.10803317052,91230.55500000001,90953.0019668295,189.3571428571418,8085.66605,0.462017966021175,91320.7,38.07275930369088
2025-11-27 08:45:00,91347.3,91469.9,91342.8,91460.0,4588.561,2025-11-27 08:59:59.999,419473895.36760,1581,4358.600,398448886.57330,0,50.44316221521605,158.96524708175275,182.60333779774757,-23.63809071599482,91535.78610048418,91249.43500000001,90963.08389951584,180.14999999999833,7885.01485,0.580653675273831,91349.13999999998,72.7152872579006
2025-11-27 09:00:00,91460.0,96890.0,91440.0,91463.3,8107.935,2025-11-27 09:14:59.999,748464716.41860,1813,7883.528,727941418.36990,0,72.97899699957162,159.7397997524531,178.0306301886887,-18.29083043623558,91562.23869253314,91260.385,90958.53130746685,531.7714285714267,7631.5225500000015,0.28133898057928397,91369.51999999999,89.38054598737058
2025-11-27 09:15:00,91463.3,91704.9,91463.2,91562.5,12725.484,2025-11-27 09:29:59.999,1165561846.36780,2162,9620.385,881139382.06190,0,75.00198271076226,166.4396367479785,175.71243150054667,-9.27279475256816,91604.95202474573,91282.715,90960.47797525427,539.835714285712,7747.106000000002,0.2544615630553281,91429.51999999999,99.67889446118691
2025-11-27 09:30:00,91562.5,91807.4,91562.5,91762.8,11245.711,2025-11-27 09:44:59.999,1031679066.29840,2184,10531.608,966156395.35920,0,73.43447113358643,185.77039636843256,177.72402447412387,8.046371894308692,91692.26171055199,91314.855,90937.448289448,537.614285714283,7902.3246,0.5252877580017374,91519.18000000001,156.04078633809337
2025-11-27 09:45:00,91785.0,91807.4,91516.2,91520.1,12764.1,2025-11-27 09:59:59.999,1169533695.23400,2815,326.339,29879188.71530,0,57.275233573288475,179.43785309250234,178.06679019779958,1.37106289470276,91715.25223372946,91329.13,90943.00776627054,547.1357142857117,8226.5041,0.35098684210526954,91553.74,124.37951198253188
2025-11-27 10:00:00,91520.1,91629.9,91504.2,91557.1,4961.824,2025-11-27 10:14:59.999,454334277.74860,2017,2482.125,227275430.17110,0,60.56327160493851,175.38314992084634,177.53006214240895,-2.1469122215626157,91741.6233346767,91344.34,90947.0566653233,549.1571428571406,8003.6368,0.3595344029481821,91573.16,113.15859667304919
2025-11-27 10:15:00,91557.1,91669.4,91543.2,91637.6,4148.475,2025-11-27 10:29:59.999,380121134.85830,1691,4010.458,367474674.56550,0,66.91927002783837,176.62937222316395,177.34992415855996,-0.7205519353960028,91770.39285830171,91353.965,90937.53714169828,546.9999999999969,7754.82865,0.2555686840838539,91608.01999999999,96.4710682070859
2025-11-27 10:30:00,91637.6,91669.4,91333.0,91550.2,16473.166,2025-11-27 10:44:59.999,1506842128.61610,2418,6261.385,572678402.54240,0,61.879393266740465,168.62080710707232,175.60410074826245,-6.98329364119013,91758.06374081444,91385.115,91012.16625918557,559.9071428571395,7716.4807,0.2544958376132519,91605.56,98.0656565828019
2025-11-27 10:45:00,91550.2,91588.4,91459.6,91570.1,7227.21,2025-11-27 10:59:59.999,661530655.52110,2168,4337.603,397121862.45790,0,56.94107814458862,162.01215002626122,172.88571060386224,-10.873560577601012,91731.32082541108,91417.02,91102.71917458893,555.892857142853,7807.623700000001,0.22843345220192735,91567.01999999999,43.5138713631941
2025-11-27 11:00:00,91585.7,91585.7,91466.3,91497.4,4531.416,2025-11-27 11:14:59.999,414635592.08050,1650,1567.234,143381697.58360,0,57.59087066779328,149.18870473475545,168.1463094300409,-18.957604695285454,91731.46021645033,91431.55500000001,91131.64978354968,558.08571428571,7763.682100000001,0.2573893987124988,91562.48000000001,50.28973057207918
2025-11-27 11:15:00,91497.4,91511.2,91360.9,91360.9,5714.704,2025-11-27 11:29:59.999,522433417.05120,1607,339.292,31040302.41290,0,49.98040598793009,126.55280081991805,159.82760770801633,-33.27480688809828,91731.11707249837,91433.095,91135.07292750163,560.4499999999961,7595.027350000001,0.050813397653159335,91523.23999999999,103.70980185598592
2025-11-27 11:30:00,91360.9,91427.6,91343.4,91412.6,3724.906,2025-11-27 11:44:59.999,340303822.30340,1492,664.326,60717249.73120,0,56.10808171237897,111.50013762942399,150.16211369229788,-38.66197606287389,91729.39736566968,91439.56,91149.72263433032,548.2071428571404,7590.8228,0.07148541883559,91478.24,89.52777781784494
2025-11-27 11:45:00,91412.6,91431.9,91335.0,91337.0,3112.253,2025-11-27 11:59:59.999,284324998.18390,1471,48.412,4426139.21060,0,50.898347041443714,92.40531447301328,138.61075384844096,-46.20543937542769,91718.33033587922,91446.41,91174.48966412079,546.1499999999962,7406.079,-0.1344850207741089,91435.6,97.13462308052797
2025-11-27 12:00:00,91337.0,91413.0,91293.9,91379.8,3976.375,2025-11-27 12:14:59.999,363195031.13280,1656,1188.460,108594534.08770,0,51.28733264675588,79.80617593767238,126.84983826628725,-47.04366232861487,91708.29490799342,91453.94499999999,91199.59509200657,545.8499999999975,7223.3897,-0.09129344775445451,91397.54000000001,62.291877488086214
2025-11-27 12:15:00,91379.8,91413.0,91195.7,91240.4,11630.693,2025-11-27 12:29:59.999,1061481560.69530,2463,1230.070,112272554.26140,0,41.48176881303352,57.90535599189752,113.06094181140931,-55.155585819511785,91716.850391696,91445.76499999998,91174.67960830397,552.2928571428555,7330.094,-0.3517815699658767,91346.14,65.25387345579762
2025-11-27 12:30:00,91240.4,91295.7,91065.6,91075.7,9142.683,2025-11-27 12:44:59.999,833478406.64130,2351,974.154,88919953.81310,0,36.638168781026195,26.948242290876806,95.83840190730281,-68.890159616426,91747.11513170303,91433.66,91120.20486829698,179.44285714285485,7649.215250000001,-0.7487783720636312,91289.1,135.72435301367352
2025-11-27 12:45:00,91075.7,91175.7,90964.7,90964.7,9687.045,2025-11-27 12:59:59.999,881952079.08160,2510,482.007,43922832.50200,0,29.558199972644644,-6.4677099511172855,75.3771795356188,-81.84488948673608,91790.38575138769,91413.825,91037.26424861231,177.24999999999793,7651.00435,-0.6068612250205241,91199.51999999999,175.74457886652206
2025-11-27 13:00:00,90964.7,91027.4,90744.1,90765.6,11751.936,2025-11-27 13:14:59.999,1067871560.42200,2645,267.991,24369015.57540,0,15.872689938399475,-48.45721430084086,50.61030076832686,-99.06751506916771,91861.03963317687,91388.98,90916.92036682312,179.99285714285466,7600.57235,-0.8644878441977737,91085.24,238.55337558072608
2025-11-27 13:15:00,90765.6,90796.5,85000.0,90699.8,20500.859,2025-11-27 13:29:59.999,1852861003.90600,3529,6682.113,605452938.90480,0,18.059341172806967,-86.05175800160214,23.277889014341056,-109.3296470159432,91921.88363181565,91358.245,90794.60636818434,573.2285714285691,8552.649150000001,-1.023379049647746,90949.24,221.8948241869206
2025-11-27 13:30:00,90688.0,90786.0,90481.7,90765.0,11117.753,2025-11-27 13:44:59.999,1007529390.03910,2422,4738.603,429785448.89560,0,19.82016307246903,-109.32438616598665,-3.242566021724492,-106.08182014426217,91952.17626542009,91329.12999999999,90706.0837345799,585.9857142857124,8856.65445,-0.8576715288442812,90854.16,158.8383234642582
2025-11-27 13:45:00,90765.0,90958.0,90675.7,90816.5,14281.628,2025-11-27 13:59:59.999,1296988368.60680,2690,10320.989,937415788.20250,0,18.008259954804956,-122.20380269174348,-27.0348133557283,-95.16898933601517,91956.9142538548,91296.95499999999,90636.99574614517,597.1357142857129,9341.3078,-0.8229760587790182,90802.31999999999,99.7745308229084
2025-11-27 14:00:00,90816.5,90854.2,90740.5,90773.4,6281.505,2025-11-27 14:14:59.999,570336389.23410,2088,1630.534,148088254.36110,0,18.65213882163134,-134.34005435505242,-48.49586155559313,-85.84419279945928,91957.02318844908,91262.46,90567.89681155093,581.2285714285701,9249.9863,-0.791279315040646,90764.06000000001,41.74264008095325
2025-11-27 14:15:00,90773.5,90893.8,90611.9,90893.8,12705.282,2025-11-27 14:29:59.999,1152663773.30890,2497,5606.488,509008871.76460,0,24.75550578574166,-132.7130144404946,-65.33929213257343,-67.37372230792116,91927.14485361514,91229.025,90530.90514638484,592.1642857142859,9248.976200000001,-0.5112690439783226,90789.7,71.61152142589265
2025-11-27 14:30:00,90893.8,90897.7,90577.3,90723.6,8975.448,2025-11-27 14:44:59.999,813853310.21160,2115,1472.403,133510344.17000,0,23.075852470425446,-143.50307702092687,-80.97204911024413,-62.53102791068274,91862.48544961351,91177.065,90491.6445503865,606.5214285714288,9135.46305,-0.7537254164086788,90794.45999999999,64.58860581350044
2025-11-27 14:45:00,90723.6,90788.2,90596.0,90747.0,14013.431,2025-11-27 14:59:59.999,1271042761.96120,2862,6547.229,593997347.39520,0,26.81471410227421,-148.45480038711685,-94.46859936561869,-53.98620102149816,91829.55007690642,91138.41,90447.26992309358,609.5142857142855,9197.9296,-0.6459594687804504,90790.86,67.09417263020185
2025-11-27 15:00:00,90747.0,96890.0,90611.4,90645.0,19908.478,2025-11-27 15:14:59.999,1811309755.17140,3742,11492.357,1047339868.65970,0,22.071023140736443,-158.77931527075998,-107.33074254664697,-51.448572724113006,91787.97785537735,91092.80500000001,90397.63214462266,1051.9714285714279,9945.2623,-0.804116445866595,90756.56,90.4734657285123
2025-11-27 15:15:00,90648.1,90892.6,90635.3,90878.4,13509.925,2025-11-27 15:29:59.999,1226158515.01730,2830,12915.376,1172167266.91760,0,35.032637075717815,-146.44006835312757,-115.1526077079431,-31.287460645184467,91706.29824985616,91054.845,90403.39175014384,1063.4285714285713,10413.3348,-0.3967540694692264,90777.56000000001,106.18167450614835
2025-11-27 15:30:00,90878.4,90917.1,90755.0,90810.1,10320.359,2025-11-27 15:44:59.999,937364490.25300,2497,2973.516,270127094.05840,0,31.711075441412447,-140.55216756749724,-120.23251967985392,-20.319647887643313,91633.93893054749,91017.84,90401.7410694525,1066.5,10105.69445,-0.29162553787672374,90760.81999999999,88.38009957523411
2025-11-27 15:45:00,90810.1,90931.5,90755.8,90913.0,5692.34,2025-11-27 15:59:59.999,517228492.20280,1993,4592.193,417290787.72220,0,39.23734385272845,-126.12885877459485,-121.41178749880211,-4.717071275792733,91544.57249573199,90984.985,90425.39750426801,1063.528571428571,10028.95095,-0.05683523388742786,90798.7,107.05503258105918
2025-11-27 16:00:00,90931.5,91176.9,90818.5,91157.7,12072.096,2025-11-27 16:14:59.999,1097542444.97710,2421,6672.633,606970004.69800,0,52.56089943785138,-93.87095178554591,-115.9036203561509,22.032668570604983,91480.76296361307,90968.0,90455.23703638693,1072.6928571428568,10405.98495,0.4319918559454146,90880.84,185.95451863543977
2025-11-27 16:15:00,91157.7,91203.1,91066.4,91142.1,11027.357,2025-11-27 16:29:59.999,1005044808.55280,2134,5607.556,511255161.51800,0,55.89133900106314,-68.77235284216295,-106.4773668533533,37.70501401119036,91443.17121708879,90957.06,90470.9487829112,1067.3857142857148,10671.6176,0.4876526739860539,90980.26000000001,159.319593901525
2025-11-27 16:30:00,91142.1,91499.7,91107.5,91312.3,21870.057,2025-11-27 16:44:59.999,1997235647.15930,2918,20690.084,1889445484.73300,0,68.51086882914637,-34.74726987691247,-92.13134745806515,57.38407758115268,91420.10264592181,90952.04500000001,90483.98735407821,1075.164285714287,11578.87515,0.6029857323858347,91067.04000000001,202.3315299229312
2025-11-27 16:45:00,91313.3,91403.1,91204.6,91403.1,12197.393,2025-11-27 16:59:59.999,1113865093.94790,2544,8606.651,786120705.36380,0,73.41679429979416,-0.4501562161021866,-73.79510920967256,73.34495299357037,91435.62669876807,90955.35,90475.07330123194,675.3071428571441,12033.132150000001,0.6459178673479002,91185.64,187.31027201135362
2025-11-27 17:00:00,91404.0,91459.9,91315.6,91430.9,5761.314,2025-11-27 17:14:59.999,526571299.44940,2037,2902.591,265351550.69220,0,72.7378269480302,28.643595583329443,-53.307368251072155,81.95096383440159,91448.12977112204,90957.905,90467.68022887796,663.8785714285716,12122.3791,0.7243311366545707,91289.22,134.6443166308114
2025-11-27 17:15:00,91430.9,91532.0,91328.0,91328.0,9220.834,2025-11-27 17:29:59.999,843291595.01160,2332,3425.779,313441138.98520,0,66.87339183215728,42.90287581838493,-34.06531943718074,76.96819525556566,91464.55453249655,90962.285,90460.01546750346,658.2857142857143,12001.88615,0.477700349198732,91323.28,112.8298807984019
2025-11-27 17:30:00,91328.1,91449.9,91281.1,91386.0,9676.003,2025-11-27 17:44:59.999,884027424.13080,2487,4671.931,426927083.92960,0,70.01176009408162,58.21253553737188,-15.609748442270211,73.8222839796421,91512.91668772788,90977.8,90442.68331227213,662.221428571428,12028.55215,0.7301297567556778,91372.06000000001,50.3301400851209
2025-11-27 17:45:00,91386.0,97000.0,91357.4,91431.0,10452.889,2025-11-27 17:59:59.999,960455886.15530,2456,9705.377,892138740.58910,0,68.45794392523432,73.13363605181803,2.138928456547442,70.99470759527058,91573.18579531586,91001.115,90429.04420468415,1045.1285714285707,12066.844350000001,0.7537439254190221,91395.8,42.4771114953769
2025-11-27 18:00:00,91431.0,91448.9,91360.4,91367.9,1728.246,2025-11-27 18:14:59.999,157956679.66900,1640,705.407,64505417.03140,0,73.89659520807112,78.9569069841964,17.502524162077236,61.45438282211916,91614.4036009572,91031.23000000001,90448.05639904282,1028.5642857142852,11565.65985,0.7975067571294547,91388.76,43.85924077078791
2025-11-27 18:15:00,91360.4,91437.7,91349.2,91422.1,2087.622,2025-11-27 18:29:59.999,190781872.48520,1502,978.660,89468388.47250,0,74.47965769816604,86.94315165220178,31.39064966010215,55.55250199209963,91653.55172293256,91067.345,90481.13827706744,1021.1571428571426,10644.998,0.5982719766193195,91387.0,41.87726114480196
2025-11-27 18:30:00,91422.1,91728.9,91342.2,91723.2,15817.944,2025-11-27 18:44:59.999,1447637840.69640,2333,12882.192,1179234301.30380,0,84.16349809886017,116.2287490228482,48.35826953265137,67.87047949019683,91751.87567521931,91115.255,90478.6343247807,600.307142857142,10880.007549999998,1.0055048942793712,91466.04,146.05448641174615
2025-11-27 18:45:00,91722.1,91771.6,91640.9,91742.9,4772.491,2025-11-27 18:59:59.999,437815150.31840,1924,3552.680,325934558.51700,0,81.6829143150343,139.42027119046543,66.57066986421418,72.84960132625125,91840.09983917681,91161.575,90483.05016082319,591.2642857142855,10404.5507,0.9128507474178547,91537.42,180.34493893926816
2025-11-27 19:00:00,91742.9,91749.2,91534.0,91579.9,12743.884,2025-11-27 19:14:59.999,1167499382.01760,2735,1415.051,129595436.72400,0,76.38108293351624,142.99858318855695,81.85625252908274,61.14233065947421,91879.15058101507,91201.9,90524.64941898492,595.057142857142,10727.66965,0.46315341435775265,91567.2,170.39826877352039
2025-11-27 19:15:00,91579.9,91606.8,91521.5,91564.2,4850.261,2025-11-27 19:29:59.999,444094646.96990,1875,1040.044,95260242.14030,0,73.73523837294101,142.92006884871807,94.06901579300981,48.85105305570826,91914.82198658826,91235.42000000001,90556.01801341177,588.5999999999996,10334.918599999999,0.4631229695168218,91606.45999999999,131.07636324302842
2025-11-27 19:30:00,91564.2,91651.5,91475.1,91651.5,7113.241,2025-11-27 19:44:59.999,651288621.43680,1766,4065.474,372396759.69550,0,70.33102766798464,148.1939385955775,104.89400035352337,43.299938242054125,91940.46616804694,91281.815,90623.16383195306,575.5999999999996,10241.80825,0.371472408426901,91652.34,80.99254904635742
2025-11-27 19:45:00,91651.5,91663.4,91481.4,91489.0,5665.179,2025-11-27 19:59:59.999,518881046.97610,1696,2265.816,207668611.77000,0,62.741497098361755,137.67410505143926,111.45002129310654,26.22408375833271,91932.79340482176,91318.91500000001,90705.03659517826,578.835714285713,9824.39565,0.09397930704756641,91605.5,96.08337525826117
2025-11-27 20:00:00,91489.0,91514.5,91438.2,91498.7,1614.096,2025-11-27 20:14:59.999,147677527.30520,1484,1437.559,131531406.77940,0,57.761492338440874,128.63692372711375,114.88740177990798,13.749521947205778,91891.09684956196,91361.6,90832.10315043805,556.2714285714277,8909.67655,0.07415436138111176,91556.66,66.19820995324393
2025-11-27 20:15:00,91498.7,91514.5,91359.1,91414.6,7204.678,2025-11-27 20:29:59.999,658473620.50730,1909,347.659,31777906.22800,0,50.48153420986519,113.38173125105095,114.58626767413656,-1.2045364230856137,91866.71711958264,91388.41,90910.10288041737,553.1928571428559,8594.414200000001,0.09482305536090337,91523.6,89.0294052603357
2025-11-27 20:30:00,91414.7,91514.2,91372.6,91419.8,5106.733,2025-11-27 20:44:59.999,467040745.39840,1802,3591.715,328522861.78800,0,49.526248399488196,100.552372687147,111.77948867673867,-11.227115989591667,91812.16743792688,91418.89499999999,91025.6225620731,552.999999999999,8333.732899999999,0.03698597159302618,91494.72,95.73498316188083
2025-11-27 20:45:00,91419.8,91447.9,91367.5,91410.3,1341.566,2025-11-27 20:59:59.999,122612739.50520,1275,239.529,21903043.79930,0,53.81690010203152,88.59715019194118,107.14302097977917,-18.545870787837984,91757.1217408739,91443.76,91130.39825912609,544.1714285714271,8116.1942,-0.022640023624369295,91446.48000000001,43.50870029086945
2025-11-27 21:00:00,91408.5,91447.9,91259.1,91355.7,9365.847,2025-11-27 21:14:59.999,855403465.07850,1870,2524.499,230565482.67360,0,48.5903042709592,73.86531319207279,100.4874794222379,-26.622166230165107,91740.34451321483,91453.66,91166.97548678517,545.5999999999985,7980.8817500000005,-0.013352610709009501,91419.82,51.1158194788915
2025-11-27 21:15:00,91355.7,91481.1,91333.8,91478.9,7509.808,2025-11-27 21:29:59.999,686640516.79070,2200,7440.128,680269123.90430,0,52.07737011015675,71.30942593360669,94.65186872451167,-23.342442790904983,91716.85821589366,91470.5,91224.14178410634,153.07857142856977,7805.0043000000005,0.06212939759641089,91415.86,43.70724197428024
2025-11-27 21:30:00,91479.2,91533.4,91438.1,91518.4,4136.268,2025-11-27 21:44:59.999,378476028.37480,1427,4106.521,375754395.83950,0,56.66341981758618,71.64530428171565,90.05055583595248,-18.405251554236827,91716.3031593657,91480.805,91245.30684063428,153.56428571428322,6918.314850000001,-0.22328047865752929,91436.62,63.24410645269977
2025-11-27 21:45:00,91518.4,91533.4,91385.8,91385.8,4804.415,2025-11-27 21:59:59.999,439267780.34250,1583,104.833,9590043.80680,0,48.497143330297106,60.514208351800335,84.14328633912206,-23.629077987321722,91716.76326879677,91479.94,91243.11673120323,157.78571428571118,6548.6659500000005,-0.3892399302834239,91429.81999999999,67.20831050546882
2025-11-27 22:00:00,91385.8,91440.6,91311.2,91414.5,10972.751,2025-11-27 22:14:59.999,1002465346.94200,2024,4270.529,390198127.59300,0,33.497273602052516,53.39310232862772,77.99324953702319,-24.60014720839547,91716.77034556854,91479.12,91241.46965443145,139.40714285714057,6809.2378,-0.18060731667100988,91430.66,66.92901464237785
2025-11-27 22:15:00,91414.5,91537.2,91413.8,91522.9,3434.139,2025-11-27 22:29:59.999,314088978.77190,1555,3406.509,311561081.32730,0,39.257812499999694,55.85271325260692,73.56514228013994,-17.71242902753302,91716.18306863468,91488.86499999999,91261.5469313653,138.88571428571075,6519.90305,-0.04510496460407333,91464.1,61.67661632258777
2025-11-27 22:30:00,91530.0,91530.0,91207.3,91207.3,8090.31,2025-11-27 22:44:59.999,739066621.89510,1597,20.146,1842099.82780,0,34.16624171341138,31.967192315511056,65.24555228721417,-33.27835997170311,91736.44514864757,91479.93,91223.41485135241,146.5642857142822,6440.6184,-0.48466200771400036,91409.78,128.63699701484353
2025-11-27 22:45:00,91207.3,91352.8,91134.8,91277.1,10142.523,2025-11-27 22:59:59.999,925385220.29900,1875,3459.654,315728498.29030,0,38.335906394734764,18.45725776575273,55.887893382921874,-37.430635617169145,91743.72667111659,91472.235,91200.74332888341,156.0428571428534,6425.100100000001,-0.23161254358446828,91361.51999999999,122.83164087885324
2025-11-27 23:00:00,91277.1,91464.4,91261.4,91464.4,11780.486,2025-11-27 23:14:59.999,1076557210.40280,2154,10703.555,978174955.92750,0,42.96986548433109,22.603522631165106,49.23101923257052,-26.62749660140541,91744.13841862683,91477.06,91209.98158137317,157.94285714285382,6927.7121,-0.03748687139817605,91377.24,131.44355442924055
2025-11-27 23:15:00,91463.8,91479.4,91337.0,91364.4,4627.902,2025-11-27 23:29:59.999,422917761.82260,1572,2364.569,216141220.96290,0,45.08752562687232,17.617222766391933,42.908259939334805,-25.291037172942872,91744.97377849254,91474.175,91203.37622150747,155.11428571428198,7054.7261,-0.0549146416436889,91367.22,129.79232258108277
2025-11-27 23:30:00,91364.4,91377.9,91191.9,91322.4,10446.912,2025-11-27 23:44:59.999,953456067.66420,1825,2367.474,216058477.36930,0,43.221837754709384,10.159384151367703,36.35848478174139,-26.199100630373685,91705.99839888157,91454.135,91202.27160111842,162.94999999999604,6786.174499999999,-0.10654147132241454,91327.12,96.32848488889115
2025-11-27 23:45:00,91322.4,91346.4,91247.2,91290.4,1637.714,2025-11-27 23:59:59.999,149457254.97180,1381,760.437,69398664.85820,0,45.02563280999618,1.6478651891375193,29.416360863220614,-27.768495674083095,91653.70156175966,91431.51,91209.31843824033,158.93571428571053,6629.435650000001,-0.13116683787276567,91343.73999999999,75.3775696145153
2025-11-28 00:00:00,91290.4,91292.2,91125.0,91125.0,6941.369,2025-11-28 00:14:59.999,632881615.44500,1947,48.611,4434915.77130,0,39.535709214822845,-18.23378488315211,19.886331713946067,-38.120116597098175,91658.4322588009,91408.76499999998,91159.09774119908,160.76428571428238,6339.3099,-0.252529398822402,91313.31999999999,124.00254836489634
2025-11-28 00:15:00,91125.0,91242.0,91066.2,91197.6,6658.344,2025-11-28 00:29:59.999,606741154.51590,1700,1753.426,159848188.33160,0,42.77366311068827,-27.81133083855093,10.346799203446665,-38.158130041997595,91645.81752240259,91390.435,91135.0524775974,167.57857142856872,6429.7140500000005,-0.3075026044257073,91259.95999999999,97.2574315977145
2025-11-28 00:30:00,91197.6,91382.5,91174.7,91192.2,11333.174,2025-11-28 00:44:59.999,1034437538.78830,2268,7303.761,666934225.87990,0,44.25307557117739,-35.428937147327815,1.1916519332917663,-36.62058908061958,91606.05815519909,91367.47,91128.88184480091,168.93571428571263,6640.7107000000005,-0.35643105648699835,91225.51999999999,79.9830732154065
2025-11-28 00:45:00,91192.2,91205.4,91113.4,91125.8,5522.685,2025-11-28 00:59:59.999,503326819.83420,1806,431.552,39339202.07840,0,37.072563520538935,-46.29026474368584,-8.304731402103759,-37.985533341582084,91603.71522919819,91349.31,91094.9047708018,164.98571428571242,6633.586,-0.28450809644386765,91186.2,67.85499245433525
2025-11-28 01:00:00,91155.9,91163.7,90876.2,90876.2,14341.337,2025-11-28 01:14:59.999,1305710844.94210,2802,1954.648,178104350.42750,0,29.623048610229475,-74.18343861839094,-21.4804728453612,-52.70296577302974,91639.22606494368,91318.185,90997.14393505632,178.71428571428467,7269.948050000001,-0.5888562536577927,91103.36000000002,131.66931305726726
2025-11-28 01:15:00,90876.2,90966.0,90808.6,90907.9,11168.548,2025-11-28 01:29:59.999,1015134372.72770,2542,6081.358,552925907.85280,0,33.79890162044832,-92.66289463284193,-35.71695720285735,-56.945937429984575,91658.70032028662,91292.85,90926.9996797134,179.4142857142849,7468.14155,-0.6719629732012425,91059.94,156.25065760172112
2025-11-28 01:30:00,90905.8,91007.4,90807.0,90996.9,10031.009,2025-11-28 01:44:59.999,912035058.16050,2595,6156.443,559855732.61720,0,36.39916623241238,-98.98539840904414,-48.37064544409471,-50.614752964949425,91655.1241191882,91271.705,90888.2858808118,184.48571428571242,7714.355350000001,-0.23068328960511794,91019.8,136.58764585776845
2025-11-28 01:45:00,90997.2,91014.7,90785.5,90785.5,12936.926,2025-11-28 01:59:59.999,1175583551.62080,2739,1085.209,98660553.71450,0,27.49359052618722,-119.67470594414044,-62.63145754410387,-57.043248400036575,91674.77425812816,91240.465,90806.15574187183,192.04285714285547,8294.12335,-0.5385797752119708,90938.46,129.14961479215629
2025-11-28 02:00:00,90785.5,90835.8,90725.9,90804.5,9596.496,2025-11-28 02:14:59.999,871054957.96830,2615,2885.966,261994809.44300,0,34.98807394156211,-133.00479354633717,-76.70612474455055,-56.29866880178662,91684.75730284041,91212.905,90741.05269715958,176.8428571428563,8305.6558,-0.7214828938909502,90874.2,85.0305239367515
2025-11-28 02:15:00,90787.7,90914.4,90671.8,90671.8,14127.085,2025-11-28 02:29:59.999,1282439762.47590,2949,4835.008,439296036.47820,0,28.451406194374897,-152.5186252170679,-91.86862483905402,-60.65000037801387,91684.92991456891,91172.55,90660.17008543109,178.59999999999854,8636.51965,-0.7580633156896902,90833.32,124.02282854763916
2025-11-28 02:30:00,90671.8,90792.6,90640.1,90771.9,6708.854,2025-11-28 02:44:59.999,608552545.41300,2407,4991.813,452876940.29010,0,23.71517497912373,-158.0839505976328,-105.1116899907698,-52.97226060686299,91650.2779206442,91135.225,90620.1720793558,174.99285714285568,8765.148949999999,-0.6028093874011196,90806.12,118.3614041863179
2025-11-28 02:45:00,90771.9,91072.5,90762.7,91012.4,12940.262,2025-11-28 02:59:59.999,1176282169.64700,2668,12850.788,1168143856.47330,0,37.927013307723875,-141.457536572736,-112.38085930716306,-29.076677265572926,91620.31025585439,91116.555,90612.7997441456,186.94999999999916,9171.9413,-0.30452270994540503,90809.22,124.64355980538056
2025-11-28 03:00:00,91035.7,91093.7,90961.8,91078.5,5310.096,2025-11-28 03:14:59.999,483421982.00550,2528,3270.818,297821336.03400,0,41.77069977731308,-121.54615764641494,-114.21391897501343,-7.332238671401512,91583.69423271294,91099.75499999999,90615.81576728704,183.08571428571304,8888.80855,-0.05102880658436214,90867.81999999999,170.9702810460351
2025-11-28 03:15:00,91070.6,91187.1,91017.7,91161.4,8146.17,2025-11-28 03:29:59.999,742203029.56530,2259,7795.603,710258566.76240,0,45.79201461377867,-97.94782763127296,-110.96070070626533,13.01287307499237,91524.31586366323,91081.68000000001,90639.04413633679,188.0999999999996,9124.410100000001,-0.03969402703581195,90939.19999999998,208.34323843351544
2025-11-28 03:30:00,91161.4,91247.6,91077.4,91087.2,8225.492,2025-11-28 03:44:59.999,749805656.47400,2313,3514.241,320517973.77140,0,48.68895671476127,-84.26198129312252,-105.62095682363677,21.358975530514257,91514.37638448407,91075.675,90636.97361551593,188.31428571428634,9131.1692,-0.11514142656937766,91022.28,149.59731615564385
2025-11-28 03:45:00,91087.2,91180.9,91077.4,91167.9,1809.668,2025-11-28 03:59:59.999,164951210.68110,1954,1667.697,152014944.44540,0,48.975650134510175,-66.14159477411886,-97.7250844137332,31.583489639614342,91501.00790067797,91070.215,90639.42209932202,183.1500000000004,8714.526450000001,0.04619986875285733,91101.48000000001,64.55475970813994
2025-11-28 04:00:00,91168.0,91330.0,91090.4,91289.8,11125.351,2025-11-28 04:14:59.999,1014584962.56930,2561,9314.120,849523466.23110,0,53.115821734133796,-41.4667438572651,-86.47341630243959,45.00667244517449,91464.8467902093,91061.485,90658.1232097907,185.4214285714292,8681.7697,0.45512466410347907,91156.95999999999,84.86502813867847
2025-11-28 04:15:00,91289.8,91363.0,91266.9,91349.9,5475.844,2025-11-28 04:29:59.999,500146765.99520,1964,4352.609,397582357.41490,0,57.18315276620278,-16.867738223169,-72.55228068658548,55.68454246341648,91461.87520541034,91060.76,90659.64479458965,185.71428571428675,8724.166799999999,0.48620636930343786,91211.23999999999,106.23861351213863
2025-11-28 04:30:00,91349.9,91431.7,91338.6,91408.7,5464.592,2025-11-28 04:44:59.999,499393880.66470,2257,4509.391,412140088.81530,0,69.44708202468809,7.287810216352227,-56.584262505997934,63.87207272235016,91479.67133063958,91065.075,90650.47866936041,171.82857142857185,8475.0508,0.45254288882368837,91260.7,131.73983832153655
2025-11-28 04:45:00,91408.7,91432.6,91338.6,91381.4,595.146,2025-11-28 04:59:59.999,54389929.29880,1686,87.514,8000169.68570,0,67.34813512127229,23.95226770924637,-40.47695646294907,64.42922417219543,91496.4502835095,91069.625,90642.7997164905,167.30000000000084,8422.9224,0.6563823518072756,91319.54,95.62563987231285
2025-11-28 05:00:00,91396.6,91503.7,91279.9,91503.1,17246.66,2025-11-28 05:14:59.999,1575942799.90990,3229,9503.697,868910675.52310,0,68.11220838700493,46.443768392156926,-23.09281149192787,69.5365798840848,91557.13158412343,91088.53,90619.92841587657,168.97142857143004,8938.18695,0.7693451315738822,91386.57999999999,78.74774283111537
2025-11-28 05:15:00,91454.2,91503.7,91406.7,91488.2,5238.196,2025-11-28 05:29:59.999,478978022.08950,2105,1758.844,160851075.18090,0,79.25722374885468,62.347436808777275,-6.004761831786836,68.35219864056411,91602.88266077275,91103.06,90603.23733922724,159.5285714285731,8867.17955,0.9003901984961081,91426.26,66.88155949885913
2025-11-28 05:30:00,91481.7,91508.4,91431.8,91508.4,99.471,2025-11-28 05:44:59.999,9100538.67150,1464,73.822,6754282.77010,0,79.27793028866112,75.70845979265869,10.337882493102274,65.37057729955642,91649.61193194738,91118.87,90588.12806805261,157.1500000000004,8305.4944,0.811374445175214,91457.95999999999,58.7031770946141
2025-11-28 05:45:00,91508.4,91657.8,91461.2,91580.9,11247.62,2025-11-28 05:59:59.999,1029977621.92470,2622,10396.165,951974423.80580,0,89.80646291268869,91.09719905589009,26.489745805659844,64.60745325023024,91711.21971049334,91141.625,90572.03028950666,153.86428571428718,8591.741149999998,0.6246401589233995,91492.4,71.66132151310426
2025-11-28 06:00:00,91580.9,91657.8,91362.3,91362.3,15311.256,2025-11-28 06:14:59.999,1400550267.75830,2808,62.120,5683454.93240,0,73.42113614725503,84.67758225009311,38.12731309454651,46.5502691555466,91729.28713680618,91165.93000000001,90602.57286319384,164.07857142857287,8640.2371,0.31159933463990175,91488.57999999999,79.17295624772342
2025-11-28 06:15:00,91362.3,91401.7,91280.7,91280.7,2325.017,2025-11-28 06:29:59.999,212329432.86820,1810,162.679,14862907.36400,0,62.17884702678163,72.1735795418499,44.93656638400719,27.23701315784271,91736.53437376543,91184.57,90632.60562623458,150.59285714285838,8198.06055,0.1308667923046409,91444.1,120.60715153340374
2025-11-28 06:30:00,91280.7,91400.1,91153.3,91374.1,12060.479,2025-11-28 06:44:59.999,1100947623.50660,2569,7402.167,676013118.89050,0,63.09355067328141,69.00521753917565,49.75029661504089,19.25492092413476,91754.17013015115,91203.43,90652.68986984884,158.80000000000186,8299.534049999998,0.3149729050843683,91421.28,120.97083119909458
2025-11-28 06:45:00,91374.1,91400.1,91273.3,91273.3,2502.301,2025-11-28 06:59:59.999,228483049.22520,1932,294.774,26925153.15750,0,54.87921862736575,57.695472750318004,51.339331842096314,6.35614090822169,91742.66564310296,91227.81999999999,90712.97435689703,155.75714285714432,7777.8028,0.11561086742154722,91374.26000000001,124.2875215015455
2025-11-28 07:00:00,91273.3,91384.7,91266.3,91360.0,4868.958,2025-11-28 07:14:59.999,444636146.16090,1782,4390.390,400953802.03590,0,61.76673567977901,55.09330264222808,52.09012600212267,3.0031766401054085,91732.84730876565,91255.595,90778.34269123436,152.05714285714308,7541.425899999999,0.07689796669507118,91330.08,48.81968866139588
2025-11-28 07:15:00,91360.0,91493.5,91350.5,91479.9,2094.194,2025-11-28 07:29:59.999,191407340.07200,1546,2053.355,187674195.69940,0,63.01735647530015,61.99139383799047,54.07037956929624,7.921014268694229,91695.67124386119,91296.0,90896.32875613881,154.87857142857163,6939.78135,0.14230995326760074,91353.6,83.92764741726309
2025-11-28 07:30:00,91479.9,91493.5,91046.8,91046.8,28558.736,2025-11-28 07:44:59.999,2606098407.71310,3765,676.995,61726511.33390,0,41.951510333863304,32.1401388621307,49.684331427863135,-17.544192565732438,91647.66201552316,91309.745,90971.82798447683,169.67142857142815,8032.275450000001,-0.3959141744713514,91306.81999999999,162.82305426748732
2025-11-28 07:45:00,91046.8,91078.8,90837.9,90877.6,20722.173,2025-11-28 07:59:59.999,1884302084.50790,3839,1634.896,148621681.28940,0,35.41113239019012,-5.111301804005052,38.7252047814895,-43.836506585494554,91670.01834252395,91303.005,90935.99165747606,180.0142857142855,8421.371,-0.551315694441088,91207.52,243.12864290532673
2025-11-28 08:00:00,90877.6,91161.8,90871.2,91083.4,14392.152,2025-11-28 08:14:59.999,1309985975.68760,3152,12393.670,1128040209.48280,0,40.78835589284693,-17.821560994765605,27.415851626238478,-45.23741262100408,91669.63832722597,91303.25,90936.86167277403,194.1214285714294,8875.4738,-0.4586729848497063,91169.54000000001,245.10840051084287
2025-11-28 08:15:00,91082.3,91169.5,91080.5,91106.0,6258.219,2025-11-28 08:29:59.999,570302092.47160,2467,4964.738,452432738.15640,0,42.18057921635451,-25.773797557412763,16.777921789508227,-42.55171934692099,91672.18294083068,91300.48,90928.77705916931,193.76428571428656,8781.07625,-0.41775879293722806,91118.73999999999,220.89116777494993
2025-11-28 08:30:00,91106.0,91220.5,91011.7,91094.4,8670.621,2025-11-28 08:44:59.999,789931263.29540,3216,3702.033,337359696.34380,0,37.6219032043124,-32.635819963368704,6.895173438932837,-39.53099340230154,91671.6861528239,91300.84,90929.9938471761,192.69285714285797,8803.332699999999,-0.4524174829851686,91041.64,94.3470614326563
2025-11-28 08:45:00,91094.3,91606.1,91086.3,91548.8,18418.153,2025-11-28 08:59:59.999,1683349300.45700,3623,14069.959,1285808139.04620,0,51.449483352468576,-1.3916971194557846,5.237799327255113,-6.629496446710897,91700.96642673339,91319.88500000001,90938.80357326663,222.8928571428582,9633.756949999999,-0.035050976786634845,91142.04000000001,246.1652453149842
2025-11-28 09:00:00,91548.8,91756.6,91497.9,91624.1,14346.919,2025-11-28 09:14:59.999,1313875276.25310,3285,8142.978,745801556.59900,0,52.696341179212574,29.11001390774618,10.012242243353327,19.09777166439285,91740.75300387107,91336.6,90932.44699612894,235.9000000000025,9794.83535,0.28655145503123597,91291.34,270.8275244523754
2025-11-28 09:15:00,91624.1,91630.2,91507.4,91600.0,7967.134,2025-11-28 09:29:59.999,729492023.64870,2257,3331.373,305139292.50870,0,50.45539077774083,50.75312067939376,18.16041793056142,32.59270274883234,91770.11594111439,91349.105,90928.0940588856,230.6285714285737,9919.39985,0.34980012204113564,91394.66,270.2068800031022
2025-11-28 09:30:00,91600.0,91630.2,91430.6,91441.0,10848.309,2025-11-28 09:44:59.999,992651644.22190,2428,2480.072,227017217.38550,0,51.9312883435582,54.447826888776035,25.417899722204346,29.02992716657169,91772.9395667399,91350.72,90928.50043326011,223.7785714285731,10188.5857,0.07321549541937394,91461.66,217.03964615023068
2025-11-28 09:45:00,91441.0,91553.1,91430.6,91553.1,6896.744,2025-11-28 09:59:59.999,631083625.16830,2686,4772.413,436694698.93960,0,56.58607350096729,65.66450181760592,33.46722014128467,32.19728167632125,91791.02660365721,91359.30500000001,90927.5833963428,223.88571428571595,10503.6656,0.30655186127816453,91553.4,70.40074574197028
2025-11-28 10:00:00,91553.1,91555.1,91443.7,91482.4,7011.781,2025-11-28 10:14:59.999,641415552.77220,2148,1258.662,115139054.45860,0,52.647533369187585,68.06429554456554,40.38663522194085,27.67766032262469,91788.63723169517,91358.26999999999,90927.9027683048,214.2142857142878,9991.92165,0.13397548161120204,91540.12,77.40010982566268
2025-11-28 10:15:00,91482.5,91558.2,91451.1,91522.2,5286.296,2025-11-28 10:29:59.999,483838819.07600,1746,3747.097,342968147.80870,0,56.27173310487306,72.343743102203,46.77805679799329,25.56568630420972,91792.76002373356,91359.97,90927.17997626645,212.8071428571441,9994.326649999999,0.046239665762646126,91519.74,61.552562911893595
2025-11-28 10:30:00,91522.2,91618.7,91522.1,91598.9,5775.514,2025-11-28 10:44:59.999,528909303.88130,1881,4972.942,455446982.56460,0,56.05024565668825,80.99067502794787,53.62058044398421,27.370094583963663,91805.63128149795,91364.49500000001,90923.35871850207,211.25000000000105,10278.1288,0.6063914382493303,91519.51999999999,61.194909927398115
2025-11-28 10:45:00,91598.9,91790.5,91550.3,91769.9,11283.105,2025-11-28 10:59:59.999,1034742031.43510,2488,9748.332,893925113.88600,0,57.15907968796279,100.48339177858725,62.99314271090482,37.49024906768243,91841.88377907168,91373.94499999999,90906.0062209283,218.19285714285797,10279.90305,0.9818701198094892,91585.29999999999,111.6568179782513
2025-11-28 11:00:00,91761.2,91842.0,86000.0,91338.9,15360.854,2025-11-28 11:14:59.999,1406758975.62880,3356,3752.036,344439698.88680,0,57.218405575050326,80.22858704726968,66.4402315781778,13.788355469091883,91840.95332804801,91372.775,90904.59667195198,603.5714285714296,10282.38295,0.2805121460112381,91542.45999999999,158.405154591083
2025-11-28 11:15:00,91339.0,91340.7,91090.6,91269.7,9569.489,2025-11-28 11:29:59.999,872616625.01580,2755,4389.932,400396890.82880,0,60.19341756356223,57.92492422876239,64.73717010829472,-6.812245879532327,91840.88436402191,91372.225,90903.5656359781,604.2285714285712,10644.60655,0.17968081136258543,91499.92,201.31525526154317
2025-11-28 11:30:00,91269.8,91293.2,91215.1,91281.9,4210.308,2025-11-28 11:44:59.999,384180773.52990,1888,1527.389,139406398.36220,0,55.73798924669005,40.763650804248755,59.94246624748553,-19.178815443236772,91838.00736602195,91367.615,90897.22263397806,589.0499999999987,10252.098,0.20583043524080516,91451.86,222.2604508251879
2025-11-28 11:45:00,91263.3,91422.9,91244.9,91396.5,12998.501,2025-11-28 11:59:59.999,1187422097.60870,2384,12705.623,1160670742.56130,0,57.97332162265998,35.99554597529641,55.1530821930477,-19.157536217751293,91842.18951673215,91373.775,90905.36048326784,595.4071428571416,10776.908,-0.1663593624383967,91411.37999999999,206.66981395697815
2025-11-28 12:00:00,91396.6,91518.8,91385.3,91492.3,8790.543,2025-11-28 12:14:59.999,804020339.80410,1998,7468.136,683059842.87660,0,60.43863791384649,39.49181089877675,52.02082793419351,-12.529017035416764,91851.7131136762,91380.39,90909.0668863238,590.02857142857,10972.987249999998,-0.14384861624834833,91355.86,91.4449998688161
2025-11-28 12:15:00,91480.0,91534.3,91387.9,91503.7,7319.811,2025-11-28 12:29:59.999,669597563.93830,2139,4172.991,381808460.68510,0,48.458541253674035,42.69040238128218,50.15474282361125,-7.464340442329068,91854.07969357957,91381.57999999999,90909.08030642041,563.3571428571419,11234.2681,-0.10513100436681541,91388.81999999999,111.33953476196245
2025-11-28 12:30:00,91498.7,91569.6,91444.1,91444.1,7289.2,2025-11-28 12:44:59.999,666999364.13610,2198,2958.646,270817464.39150,0,43.78109452736324,39.95550508260203,48.11489527540941,-8.159390192807379,91847.33961808014,91401.445,90955.55038191988,553.8428571428552,10170.791299999999,0.0033901641495672845,91423.7,89.9572120566973
2025-11-28 12:45:00,91444.2,91470.9,91402.8,91462.7,3845.758,2025-11-28 12:59:59.999,351646514.53710,1971,531.356,48601661.28570,0,45.23826038704296,38.84120657129097,46.26015753458573,-7.418950963294762,91802.50244897585,91430.7,91058.89755102414,549.9357142857116,9326.97055,-0.09874051233656612,91459.86,42.55946429429732
2025-11-28 13:00:00,91462.7,91565.2,91372.2,91439.8,10070.037,2025-11-28 13:14:59.999,921221154.14320,2551,6105.138,558682708.55470,0,49.954044117647165,35.69876521261176,44.14787907019094,-8.449113857579178,91782.47256897892,91448.52,91114.56743102109,549.4642857142836,9110.8648,-0.046566334070806265,91468.51999999999,28.54018221768796
2025-11-28 13:15:00,91416.3,91532.5,91398.2,91500.9,7144.661,2025-11-28 13:29:59.999,653557394.61480,2146,5680.983,519667003.83380,0,47.9196556671444,37.70398904598551,42.859101065349854,-5.155112019364346,91761.11557283852,91468.265,91175.41442716148,550.307142857141,9155.186899999999,-0.023273041950480768,91470.24,30.521926561393002
2025-11-28 13:30:00,91500.9,91852.1,91472.6,91796.6,13566.679,2025-11-28 13:44:59.999,1243218710.84440,2669,12095.694,1108396199.52140,0,60.61773452284458,62.43396225963079,46.77407330420605,15.65988895542474,91775.11075304988,91503.375,91231.63924695012,569.4571428571404,9399.9898,0.21583228619558933,91528.81999999999,151.6241636449478
2025-11-28 13:45:00,91788.9,92607.7,91765.2,92211.1,22883.634,2025-11-28 13:59:59.999,2106582387.97600,4093,17242.918,1586660441.84280,0,68.5757428679291,114.16332631865225,60.2519239070953,53.91140241155695,91953.90578364144,91536.49,91119.07421635857,621.9857142857124,9623.26385,0.48076765911264113,91682.22,328.8731776856527
2025-11-28 14:00:00,92252.2,92415.6,92201.2,92285.1,10925.835,2025-11-28 14:14:59.999,1008671023.52830,2797,7934.166,732596642.93560,0,68.52992006912996,159.2941576888843,80.06037066345311,79.23378702543118,92104.33284096634,91569.54000000001,91034.74715903368,630.3999999999994,9452.20965,1.0359222631321503,91846.7,391.3557141541269
2025-11-28 14:15:00,92285.1,92881.7,92272.5,92881.7,20160.878,2025-11-28 14:29:59.999,1865705969.47940,3816,18426.737,1705458285.18900,0,74.41155805375062,240.42977591128147,112.1342517130188,128.29552419826268,92427.97536384355,91633.625,90839.27463615645,656.7571428571422,10061.896850000001,1.766194038109033,92135.07999999999,524.9951066449355
2025-11-28 14:30:00,92819.4,92891.6,91983.9,91983.9,19241.882,2025-11-28 14:44:59.999,1778079970.82000,3567,2403.718,222435918.16280,0,61.75291545189517,229.6382542802894,135.63505222647294,94.00320205381647,92464.45435045731,91660.76999999999,90857.08564954267,304.30714285714305,10481.575499999999,0.7690462183631147,92231.68000000001,411.2459021086279
2025-11-28 14:45:00,91983.9,92239.1,86000.0,92137.4,21665.964,2025-11-28 14:59:59.999,1987777813.27550,4285,6233.857,574214159.43810,0,65.33960329526579,230.81141249783104,154.67032428074458,76.14108821708646,92519.26224340728,91689.985,90860.70775659272,732.0928571428584,11220.036499999998,0.8106437336221782,92299.84,343.8233383601991
2025-11-28 15:00:00,92137.3,92311.6,91961.2,92200.3,20559.126,2025-11-28 15:14:59.999,1894571499.74350,3960,11616.137,1070775537.97440,0,65.94998263285888,234.11788788196282,170.55983700098824,63.55805088097458,92579.1263569781,91725.88,90872.63364302191,751.5428571428596,11897.403750000001,0.7738356123957972,92297.68000000001,344.5533514583071
2025-11-28 15:15:00,92200.4,92632.3,92196.7,92621.5,22657.122,2025-11-28 15:29:59.999,2094238624.46340,3452,20307.443,1876843228.78320,0,69.22714716223018,267.6404211557674,189.97595383194408,77.66446732382332,92716.49743316973,91780.845,90845.19256683027,769.94285714286,12765.945049999998,1.221589946636041,92364.96,373.1407884447402
2025-11-28 15:30:00,92621.5,92708.7,92493.0,92493.0,13332.106,2025-11-28 15:44:59.999,1234398036.95870,2851,3512.205,325402902.64940,0,65.5470279340025,280.603768636327,208.1015167928207,72.50225184350631,92808.82658796156,91825.55,90842.27341203844,775.8142857142884,13143.774650000001,1.1470395575001493,92287.22,262.72260466345494
2025-11-28 15:45:00,92493.1,92498.2,92266.2,92293.2,12567.323,2025-11-28 15:59:59.999,1160845952.58390,2731,1524.437,140790980.37300,0,61.587460005283766,271.62401217651495,220.8060158695596,50.817996306955365,92856.37398750283,91851.715,90847.05601249717,781.9285714285735,13207.985550000001,0.9080204279996108,92349.07999999999,203.09610287043392
2025-11-28 16:00:00,92293.2,92299.8,91838.2,91838.2,21047.175,2025-11-28 16:14:59.999,1936967124.28230,3388,911.423,83949192.39380,0,55.182662212987466,225.19686381424253,221.68418545849616,3.512678355746374,92852.07216318994,91876.68000000001,90901.28783681008,805.9357142857168,13492.3016,0.43569649102468966,92289.24,301.36271003750585
2025-11-28 16:15:00,91838.3,91950.0,91098.9,91200.1,22476.915,2025-11-28 16:29:59.999,2057023537.67680,3919,3783.512,346715759.57430,0,47.03048670164656,135.35340724763228,204.41802981632338,-69.0646225686911,92858.16010713323,91873.2,90888.23989286677,861.8642857142893,14137.6729,-0.32873993589132827,92089.2,579.118627744888
2025-11-28 16:30:00,91197.8,91410.2,91037.6,91400.4,17386.375,2025-11-28 16:44:59.999,1586898386.61310,3312,11101.606,1013515486.87890,0,49.57164601000208,79.39909333080868,179.41424251922047,-100.01514918841178,92850.43962706436,91879.125,90907.81037293564,874.69285714286,14796.476249999998,-0.4316063993655665,91844.98000000001,555.5174722734606
2025-11-28 16:45:00,91400.4,91518.1,90887.7,90887.7,15511.538,2025-11-28 16:59:59.999,1415354326.50060,3195,3788.812,346509720.56230,0,43.92943412663844,-6.243734875606606,142.28264704025506,-148.52638191586166,92901.8362813228,91853.685,90805.5337186772,910.1285714285748,14922.128099999998,-1.4351851349783362,91523.92000000001,551.2386298156731
2025-11-28 17:00:00,90891.0,91114.2,90843.3,90876.6,17144.555,2025-11-28 17:14:59.999,1559516788.69390,3117,8523.056,775469202.91420,0,40.34830046160296,-74.15713321539806,98.99469098912442,-173.15182420452248,92949.01039190174,91822.9,90696.78960809825,902.3714285714315,15339.828699999998,-1.526248549332449,91240.6,400.4174259457631
2025-11-28 17:15:00,90894.6,90894.7,90462.7,90462.7,16373.183,2025-11-28 17:29:59.999,1484245249.49170,2984,1130.591,102437856.17490,0,31.6552650354638,-159.5382044706057,47.28811189717839,-206.8263163677841,93045.51513828106,91770.85,90496.18486171895,873.0500000000029,15792.497299999999,-2.604388162576697,90965.5,357.40000699637056
2025-11-28 17:30:00,90462.7,90547.3,90215.4,90217.4,16537.076,2025-11-28 17:44:59.999,1493946440.69450,3029,2007.414,181383901.01990,0,29.057872667976397,-244.1821981381363,-11.005950109884564,-233.17624802825173,93156.753020329,91709.51499999998,90262.27697967098,881.44285714286,16254.891099999999,-1.9204447734875345,90768.96,453.43567680652
2025-11-28 17:45:00,90215.8,90722.3,90215.4,90604.6,22319.633,2025-11-28 17:59:59.999,2020679140.37480,3159,19967.610,1807566283.96520,0,25.915427410995818,-276.82826499288785,-64.17041308648524,-212.6578519064026,93193.35181445722,91666.61,90139.86818554279,874.135714285718,17178.584850000003,-1.6636024024988643,90609.8,284.62864402757
2025-11-28 18:00:00,90604.6,90843.6,90426.1,90825.1,16140.216,2025-11-28 18:14:59.999,1462184458.18730,2761,8366.910,758401252.84400,0,35.69382716049398,-281.66118614698644,-107.66856769858549,-173.99261844840095,93205.97531175063,91635.875,90065.77468824937,839.1214285714315,17482.0938,-1.4915352770001802,90597.28,270.3681693561067
2025-11-28 18:15:00,90825.1,90825.2,90601.1,90746.4,6474.948,2025-11-28 18:29:59.999,587141407.28960,2027,745.481,67614402.87940,0,32.50402495471931,-288.5159114255657,-143.83803644398154,-144.67787498158418,93217.39317669558,91598.15,89978.90682330441,409.4785714285733,17448.60815,-2.0244759586057297,90571.24,241.4655731175133
2025-11-28 18:30:00,90744.9,90809.0,90692.8,90772.8,5758.433,2025-11-28 18:44:59.999,522564238.65500,1960,3399.141,308530241.66720,0,31.878538604108016,-288.49250916320307,-172.76893098782585,-115.72357817537721,93204.0765259702,91546.95999999999,89889.84347402978,392.750000000001,17058.195849999996,-1.859816418539778,90633.26,246.3917571692988
2025-11-28 18:45:00,90773.2,90882.1,90671.3,90751.7,15103.808,2025-11-28 18:59:59.999,1370931685.31200,2713,6948.953,631130683.61820,0,23.579946871644253,-286.86970101846964,-195.58908499395463,-91.28061602451501,93136.48851400371,91473.99,89811.4914859963,376.692857142858,16669.204550000002,-1.6702205579609335,90740.12000000001,81.89747859966118
2025-11-28 19:00:00,90751.6,90917.0,90722.2,90910.7,8354.998,2025-11-28 19:14:59.999,759119350.74940,2472,7335.994,666529051.18260,0,27.833347342467377,-269.6453390701208,-210.40033580918788,-59.24500326093295,93039.99055503821,91405.26999999999,89770.54944496177,375.20000000000124,16540.6627,-1.0099283304768605,90801.34,68.59521121031294
2025-11-28 19:15:00,90917.0,91099.8,90891.1,91069.5,9049.93,2025-11-28 19:29:59.999,823515742.92700,2480,7445.569,677494056.17900,0,32.657804484000025,-240.40978097303014,-216.40222484195635,-24.007556131073784,92798.76321304117,91314.66,89830.55678695884,373.5357142857153,15985.115300000001,-0.14320159736667593,90850.22,139.83936141512783
2025-11-28 19:30:00,91073.5,91136.5,90979.3,91077.0,6529.97,2025-11-28 19:44:59.999,594587803.78350,2096,4130.364,376150430.47280,0,37.64526390962812,-214.1664259855752,-215.9550650706801,1.7886390851049043,92722.41679058495,91269.315,89816.21320941506,351.79285714285754,15349.519699999999,-0.35382777318260555,90916.34,155.73333940102756
2025-11-28 19:45:00,91077.0,91137.4,91022.7,91108.1,5868.62,2025-11-28 19:59:59.999,534583343.46480,2224,3518.215,320527221.35920,0,48.14036222509705,-188.68383816367714,-210.5008196892795,21.81698152560236,92613.26306090274,91217.85,89822.43693909727,299.19285714285695,14559.6525,0.24249705955812365,90983.4,150.5775879771012
2025-11-28 20:00:00,91108.0,91117.3,90842.1,90976.1,10821.459,2025-11-28 20:14:59.999,984136008.43730,2491,2564.306,233237198.32860,0,41.17989439986738,-177.09851906487893,-203.8203595643994,26.721840499520482,92475.92173664426,91156.63999999998,89837.35826335571,292.2357142857145,14072.769150000002,0.1094891314155679,91028.28,82.14585808794754
2025-11-28 20:15:00,90976.1,91131.2,90925.1,91073.9,6043.503,2025-11-28 20:29:59.999,550089955.75850,1851,5930.610,539813916.56490,0,54.677451768488574,-158.2017759639275,-194.69664284430505,36.49486688037754,92203.975002783,91079.26,89954.54499721699,261.92857142857036,13242.088200000002,0.6756375832249061,91060.92,49.80222887590023
2025-11-28 20:30:00,91109.8,91132.0,91050.3,91058.9,2154.372,2025-11-28 20:44:59.999,196249007.83580,1696,1127.783,102764745.73070,0,54.57052599909703,-142.79034731257707,-184.31538373795948,41.52503642538241,91914.55640190853,91007.555,90100.55359809146,248.4142857142849,12683.201500000001,0.9327468980484918,91058.8,49.57075751899899
2025-11-28 20:45:00,91054.5,91106.9,91045.4,91106.9,2689.009,2025-11-28 20:59:59.999,244903749.70660,1688,1785.402,162625660.20280,0,69.78015229673244,-125.25956592123839,-172.50422017461528,47.24465425337689,91627.9018056921,90948.24,90268.5781943079,221.94999999999916,12189.285800000001,0.5543868633601255,91064.78,53.927284383767
2025-11-28 21:00:00,91106.7,91170.8,91071.0,91111.7,3803.79,2025-11-28 21:14:59.999,346678978.48920,1763,3073.321,280111572.30980,0,82.21773903018872,-109.71425781209837,-159.9462277021119,50.231969890013545,91455.2993392265,90911.91500000001,90368.53066077351,205.37142857142732,11327.11655,0.31555153806600955,91065.5,54.669186942991175
2025-11-28 21:15:00,91111.7,91170.8,90992.0,91078.4,8625.77,2025-11-28 21:29:59.999,785425623.90700,2074,1859.462,169307535.92590,0,72.91102514506649,-98.94099068599462,-147.74518029888847,48.80418961289385,91438.24103671066,90905.82999999999,90373.41896328931,181.93571428571263,10634.5593,0.3658547336313066,91085.95999999999,22.560319169068457
2025-11-28 21:30:00,91078.4,91189.6,91060.5,91189.6,5835.984,2025-11-28 21:44:59.999,531904904.75110,1872,5664.813,516316760.21320,0,69.70909484156937,-80.50220885574527,-134.29658601025983,53.794377154514564,91393.73944378678,90895.29000000001,90396.84055621324,161.33571428571304,10057.03975,0.4591683852431598,91109.1,49.88581963857832
2025-11-28 21:45:00,91189.5,91189.6,90853.3,90853.3,13609.514,2025-11-28 21:59:59.999,1238417709.43270,2643,900.457,81912578.26100,0,54.52084919225263,-91.96581615276227,-125.83043203876032,33.86461588599805,91392.36700797942,90893.57,90394.77299202059,169.3499999999996,9961.93855,0.11195382565836874,91067.98,126.89927896173636
2025-11-28 22:00:00,90853.3,90937.6,90760.2,90795.8,12469.574,2025-11-28 22:14:59.999,1132919652.56790,2702,3524.329,320261450.12880,0,50.94775012361957,-104.48612595922896,-121.56157082285405,17.075444863625094,91390.2110565943,90889.53,90388.8489434057,173.721428571429,9728.1895,-0.12638776293658963,91005.76000000001,171.48196115336154
2025-11-28 22:15:00,90794.6,90892.8,90692.7,90793.1,7841.843,2025-11-28 22:29:59.999,712098727.75010,2349,4834.315,439077247.58370,0,51.73221757322211,-113.32014502745005,-119.91328566377327,6.593140636323213,91367.71606980733,90906.05,90444.38393019268,172.95714285714348,9301.622500000001,-0.30350446636908535,90942.04000000001,181.1933028591243
2025-11-28 22:30:00,90819.8,90960.1,90793.0,90945.9,8649.596,2025-11-28 22:44:59.999,786298620.55680,2401,8034.273,730358435.14890,0,51.48048452220714,-106.7608135848568,-117.28279124798998,10.521977663133171,91271.17499041007,90942.475,90613.77500958994,170.97857142857225,8907.2485,-0.14394413518232463,90915.54000000001,165.25257335665768
2025-11-28 22:45:00,90945.9,91049.6,90917.6,91034.6,4009.33,2025-11-28 22:59:59.999,364860336.26310,1786,3198.601,291060126.95210,0,48.44015374988854,-93.3293053197558,-112.49209406234314,19.162788742587338,91253.54455261363,90963.975,90674.40544738638,165.50000000000105,7991.73335,-0.0806733978647343,90884.54000000001,104.27733694813666
2025-11-28 23:00:00,91040.1,91118.7,90962.1,91063.3,9778.582,2025-11-28 23:14:59.999,890427937.13630,2418,6383.653,581380986.17050,0,49.39907009386802,-79.45300334201602,-105.88427591827771,26.43127257626169,91260.96383509989,90975.885,90690.8061649001,165.45714285714348,7673.65165,0.09584934944452124,90926.54000000001,128.11542842685878
2025-11-28 23:15:00,91063.2,91077.3,90955.0,90955.0,3191.405,2025-11-28 23:29:59.999,290437478.88170,1819,31.519,2868336.44700,0,43.71045928847239,-76.3151256860292,-99.97044587182802,23.655320185798814,91250.5435077867,90986.315,90722.0864922133,166.00000000000105,7509.474500000001,-0.13055331988637162,90958.38,105.24061478820505
2025-11-28 23:30:00,90959.0,90983.6,90920.2,90950.4,2411.647,2025-11-28 23:44:59.999,219308124.77860,1667,74.607,6784771.14760,0,48.82077636046566,-73.35393805602507,-94.64714430866744,21.293206252642364,91240.46756140837,90995.19499999999,90749.92243859162,150.87142857143044,7342.1352,-0.11915364670559386,90989.84,54.99975455401509
2025-11-28 23:45:00,90947.7,90950.5,90848.0,90848.0,4002.212,2025-11-28 23:59:59.999,363710167.63220,2009,51.625,4693512.35480,0,39.6783331810294,-78.36663791221508,-91.39104302937697,13.02440511716189,91228.35247503726,91000.01,90771.66752496273,143.47142857143106,6787.0554,-0.28417167086136635,90970.26000000001,84.21827593224634
2025-11-29 00:00:00,90848.0,90913.5,90829.2,90829.2,4959.072,2025-11-29 00:14:59.999,450568199.31360,1958,735.931,66877822.67890,0,39.54102540752241,-82.9006148603803,-89.69295739557765,6.792342535197349,91233.70269979128,90995.935,90758.16730020872,143.65714285714577,6617.2591,-0.3100589715700618,90929.18000000001,94.46074317406382
2025-11-29 00:15:00,90829.3,90886.0,90750.1,90852.9,9801.604,2025-11-29 00:29:59.999,890143765.29120,2576,3335.498,303012496.93400,0,38.172844105047695,-83.61754135981028,-88.47787418842418,4.860332828613906,91228.43083723073,90985.10500000001,90741.7791627693,148.97142857143106,6654.8428,-0.24758889045042512,90887.1,60.55608971022104
2025-11-29 00:30:00,90852.9,90898.3,90788.3,90884.6,7849.609,2025-11-29 00:44:59.999,713196339.69320,2278,5978.546,543289894.33610,0,39.68383755791833,-80.69755452763638,-86.92181025626662,6.22425572863024,91218.72675782179,90975.485,90732.24324217821,149.7000000000023,6720.82475,-0.33446796564520515,90873.01999999999,47.62553937742965
2025-11-29 00:45:00,90889.8,90898.3,90806.9,90829.7,4352.433,2025-11-29 00:59:59.999,395363932.72250,1811,477.182,43353082.48680,0,38.92007484629823,-81.86967248501605,-85.91138270201652,4.041710217000471,91204.716382586,90961.565,90718.413617414,143.45714285714556,6645.015400000001,-0.025975941435265226,90848.87999999999,22.627571698907776
2025-11-29 01:00:00,90829.7,90950.0,90816.3,90950.0,5468.339,2025-11-29 01:14:59.999,497042367.59210,1679,5374.669,488532942.86250,0,39.41134877143358,-72.2584296027926,-83.18079208217175,10.922362479379146,91203.36307454553,90960.26000000001,90717.15692545449,143.78571428571635,6377.3594,0.16983164419499258,90869.28,50.47699476980996
2025-11-29 01:15:00,90950.0,91048.8,90911.4,90920.8,7329.157,2025-11-29 01:29:59.999,666913346.43630,1592,6739.649,613284097.91690,0,54.09438311294423,-66.23414039758791,-79.79146174525499,13.557321347667084,91190.22114757908,90952.605,90714.98885242091,129.57857142857392,6441.642099999999,0.14064945463917092,90887.6,48.89146143237465
2025-11-29 01:30:00,90920.7,90943.9,90766.8,90813.5,7311.149,2025-11-29 01:44:59.999,664261952.57030,1659,32.467,2949916.32440,0,51.0124699691109,-69.3189948334475,-77.6969683628935,8.377973529445995,91180.17368506451,90940.33499999999,90700.49631493547,129.5571428571441,6699.48095,-0.1455810542311354,90879.72,58.17591426864219
2025-11-29 01:45:00,90820.8,90826.6,90766.9,90815.0,119.466,2025-11-29 01:59:59.999,10849537.93440,1006,60.965,5536941.20190,0,51.25443922556957,-70.8262854047498,-76.32283177126476,5.496546366514963,91158.31687265843,90925.73999999999,90693.16312734156,119.52857142857309,6571.0038,-0.2412269620561916,90865.8,64.67955628319406
2025-11-29 02:00:00,90815.0,90850.8,90771.3,90814.1,969.476,2025-11-29 02:14:59.999,88010866.52380,1071,199.363,18104551.61560,0,40.85991678224805,-71.27186878220527,-75.31263917345287,4.040770391247591,91131.09484501489,90910.86,90690.62515498511,113.27142857142982,6429.2881,-0.2736557976704085,90862.68000000001,67.1840531747707
2025-11-29 02:15:00,90814.1,90876.0,90788.0,90841.9,4059.133,2025-11-29 02:29:59.999,368787356.25560,1411,3415.887,310351440.81790,0,35.40372670807379,-68.5910937214212,-73.96833008304654,5.377236361625336,91106.4147967899,90899.035,90691.6552032101,110.12857142857267,6200.95625,-0.12434720466165228,90841.06000000001,46.16462932796394
2025-11-29 02:30:00,90842.0,90846.5,90539.0,90624.7,8437.626,2025-11-29 02:44:59.999,765456762.87900,2034,352.725,31964170.31840,0,24.15743577657301,-83.03560222113447,-75.78178451066412,-7.253817710470344,91064.99899109433,90870.79000000001,90676.58100890569,120.90714285714473,6331.038350000001,-0.358107276053758,90781.84,88.6606338855161
2025-11-29 02:45:00,90624.7,90749.1,90585.6,90694.9,5362.161,2025-11-29 02:59:59.999,486324185.11960,1441,5336.178,483969721.73260,0,33.954349167180396,-87.80625016568229,-78.18667764166776,-9.61957252401453,91072.39740911212,90862.87,90653.34259088787,123.85000000000166,5918.6707,-0.16852324762240867,90758.12,93.78945570254155
2025-11-29 03:00:00,90749.0,90813.6,90694.9,90779.6,5128.306,2025-11-29 03:14:59.999,465536540.45660,1500,5087.339,461817092.53490,0,40.4109589041103,-83.78660111752106,-79.30666233683843,-4.47993878068263,91072.80086259964,90862.06000000001,90651.31913740038,127.80000000000187,5551.607300000001,-0.05460798950116402,90751.04,89.66782032021426
2025-11-29 03:15:00,90779.6,90806.9,90686.1,90686.1,4059.803,2025-11-29 03:29:59.999,368331451.15970,1462,141.728,12868172.58970,0,40.8188726324151,-87.14115982773365,-80.87356183501748,-6.267597992716162,91079.88782291912,90856.70999999999,90633.53217708087,129.10714285714388,5362.5053,-0.18359347912943713,90725.44,85.33040490337885
2025-11-29 03:30:00,90686.1,90715.6,90654.8,90654.8,5839.133,2025-11-29 03:44:59.999,529525997.33090,1616,2578.489,233862320.01080,0,40.24826660702349,-91.2731797878223,-82.95348542557845,-8.319694362243851,91078.42667661239,90842.155,90605.8833233876,127.42857142857247,5221.98215,-0.2528481172827992,90688.02,58.20418370675326
2025-11-29 03:45:00,90665.3,90665.4,90633.9,90635.5,2124.735,2025-11-29 03:59:59.999,192600410.64020,1240,183.954,16674583.99950,0,37.78377163407564,-95.0099683059816,-85.3647820016591,-9.645186304322507,91057.44796326823,90822.2,90586.95203673176,119.97142857143002,5127.752399999999,-0.21380671740630774,90690.18000000001,55.399702174016504
2025-11-29 04:00:00,90637.4,90649.6,90590.0,90595.7,49.477,2025-11-29 04:14:59.999,4484209.36920,954,21.113,1913749.67260,0,33.91246241229503,-100.02984571132401,-88.29779474359209,-11.732050967731922,91025.98243761668,90798.81999999999,90571.6575623833,116.37142857143044,4641.297149999999,-0.38955470038483003,90670.34,69.30471124654902
2025-11-29 04:15:00,90595.7,90649.6,90536.4,90649.6,9943.332,2025-11-29 04:29:59.999,900688378.91380,2084,3765.409,341200953.42960,0,39.959861746014624,-98.52314173305058,-90.3428641414838,-8.180277591566778,91007.5444219483,90783.55,90559.5555780517,117.9285714285735,4978.8935,-0.2982815813323212,90644.34,32.88225966937188
2025-11-29 04:30:00,90649.6,90743.2,90643.4,90742.9,4076.239,2025-11-29 04:44:59.999,369710807.02270,1652,3730.196,338328224.38560,0,38.09633291182853,-88.77716976449301,-90.02972526608565,1.2525555015926386,90983.43039234779,90773.175,90562.91960765222,115.50714285714535,5062.1231,-0.07774174544534218,90655.7,53.96735125022312
2025-11-29 04:45:00,90742.3,90796.3,90737.6,90796.3,1899.612,2025-11-29 04:59:59.999,172417908.91490,985,1652.337,149979797.78600,0,43.037691533385576,-75.86990204252652,-87.19776062137383,11.327858578847312,90978.22690882416,90770.59,90562.95309117583,109.88571428571595,4956.9931,-0.020591312007925,90684.0,82.78435843182125
2025-11-29 05:00:00,90796.3,90859.6,90737.6,90758.4,2642.278,2025-11-29 05:14:59.999,239912375.84010,1424,2011.388,182635150.94050,0,46.6593912938035,-67.91611790659954,-83.34143207841898,15.425314171819437,90972.88590298752,90767.05,90561.21409701249,105.95000000000229,4841.1534,-0.06133408798855204,90708.58,83.02895278739119
2025-11-29 05:15:00,90758.4,90884.7,90751.0,90860.1,4196.619,2025-11-29 05:29:59.999,381142739.06520,1704,4161.285,377934328.39260,0,52.43810141636959,-52.79772728266835,-77.23269111926885,24.434963836600502,90973.90224685523,90767.41,90560.91775314478,111.23571428571553,4560.90415,0.02003480772640339,90761.45999999999,77.15272516882682
2025-11-29 05:30:00,90860.1,90884.7,90807.0,90818.0,82.4,2025-11-29 05:44:59.999,7486303.01170,1095,41.854,3802765.04500,0,50.20184245937242,-43.70955540027353,-70.52806397546979,26.81850857519626,90964.67886763271,90764.08,90563.48113236729,111.1071428571439,4172.5437,0.2132972578116153,90795.14,46.96427366605148
2025-11-29 05:45:00,90817.9,90833.1,90724.0,90724.0,4860.129,2025-11-29 05:59:59.999,441113306.39500,1502,99.942,9075974.33450,0,44.28945074106418,-43.589653721486684,-65.14038192467316,21.55072820318648,90957.67679486093,90758.795,90559.91320513906,112.61428571428716,4197.9285,0.03208559687480313,90791.36,52.637942598275714
2025-11-29 06:00:00,90723.8,90781.3,90688.6,90781.3,2556.511,2025-11-29 06:14:59.999,232030256.01000,1637,2378.253,215860823.77690,0,58.97524071526802,-38.42802529827168,-59.797910599392864,21.369885301121187,90928.30469161645,90750.36,90572.41530838356,97.27142857142982,4052.3370999999997,0.0018726674274805017,90788.36,52.71340437667781
2025-11-29 06:15:00,90781.3,90784.2,90349.5,90512.3,12414.928,2025-11-29 06:29:59.999,1124420799.31060,2959,3205.982,290050895.47070,0,41.47684839432497,-55.404777669828036,-58.91928401347991,3.514506343651874,90918.94051122777,90729.93500000001,90540.92948877225,116.64285714285818,4306.62565,-0.19165009852667927,90739.14000000001,136.30232206743577
2025-11-29 06:30:00,90512.4,90561.2,90357.5,90499.9,9797.529,2025-11-29 06:44:59.999,886220060.08030,2247,4117.448,372511822.36840,0,35.999599559515616,-69.06343234646192,-60.94811368007631,-8.115318666385612,90924.8683346874,90714.255,90503.6416653126,122.71428571428571,4430.9446499999995,-0.17086795183488213,90667.1,150.8052883720272
2025-11-29 06:45:00,90464.4,90533.5,90440.3,90513.8,4547.12,2025-11-29 06:59:59.999,411469175.49420,1874,2119.276,191823173.03700,0,40.62873925813165,-77.86877794955217,-64.33224653397149,-13.536531415580683,90922.18755099841,90699.195,90476.2024490016,120.74285714285777,4652.32735,-0.13427409789761968,90606.26,135.26963074159215
2025-11-29 07:00:00,90513.9,90607.5,90455.2,90509.7,10513.83,2025-11-29 07:14:59.999,951844718.37150,2252,6064.331,549169130.12870,0,41.8675036430896,-84.2072250408819,-68.30724223535357,-15.899982805528325,90915.34128401674,90683.975,90452.60871598327,127.27857142857205,5129.54505,-0.09492724268370353,90563.4,121.9300209175942
2025-11-29 07:15:00,90509.7,90549.6,90445.6,90478.5,3859.301,2025-11-29 07:29:59.999,349294736.39910,1693,2133.234,193125496.48430,0,41.316371681416484,-90.70250723448407,-72.78629523517968,-17.916211999304394,90901.97883854121,90665.80500000001,90429.6311614588,132.45714285714348,5119.55345,-0.18874876447331904,90502.84,14.64370175063298
2025-11-29 07:30:00,90478.9,90479.0,90358.1,90380.1,4302.59,2025-11-29 07:44:59.999,388977727.96510,1409,138.781,12544738.50750,0,38.80116351547994,-102.60732938349247,-78.75050206484224,-23.856827318650232,90921.86084816772,90653.575,90385.28915183227,136.8357142857141,4912.801649999999,-0.39981089429584943,90476.4,55.53827509888904
2025-11-29 07:45:00,90390.1,90516.9,90380.1,90516.9,3416.771,2025-11-29 07:59:59.999,309108275.16340,1658,3297.193,298293991.02340,0,43.65375418460029,-99.85233443604375,-82.97086853908255,-16.881465896961203,90918.93198956831,90644.675,90370.41801043169,138.5214285714267,4815.53215,-0.3077217904253904,90479.8,57.81046618874379
2025-11-29 08:00:00,90516.9,90598.3,90439.0,90584.5,6794.64,2025-11-29 08:14:59.999,615055556.88980,1936,5991.826,542401493.27440,0,42.233771327711956,-91.16335167735815,-84.60936516673767,-6.553986510620476,90902.77437208091,90634.92,90367.06562791909,142.7714285714267,4898.848849999999,-0.19160760877229457,90493.94,74.45567809751127
2025-11-29 08:15:00,90579.3,90673.9,90551.3,90576.5,10652.8,2025-11-29 08:29:59.999,965331077.78430,2674,7767.300,703914323.18370,0,38.72126436781638,-83.95502214645967,-84.47849656268208,0.5234744162224132,90897.37016688508,90629.44,90361.50983311492,147.335714285712,5228.498699999999,-0.3121282058901606,90507.3,83.4414765027599
2025-11-29 08:30:00,90575.9,90635.7,90559.8,90608.6,3893.626,2025-11-29 08:44:59.999,352730007.71660,1708,1555.729,140967169.08960,0,42.26718975841509,-74.79003436988569,-82.54080412412281,7.750769754237126,90894.93616794657,90627.13,90359.32383205344,144.04285714285444,5131.22335,-0.2305710321742322,90533.31999999999,92.05564621988995
2025-11-29 08:45:00,90608.6,90615.8,90519.6,90521.6,7495.864,2025-11-29 08:59:59.999,678776941.97400,2070,172.303,15605095.22010,0,32.25705000524208,-73.69735124727595,-80.77211354875345,7.074762301477506,90893.30514917285,90621.435,90349.56485082714,141.364285714283,5399.7798,-0.22309421983157068,90561.62000000001,40.47686995016569
2025-11-29 09:00:00,90521.6,90614.7,90476.1,90550.5,7978.496,2025-11-29 09:14:59.999,722445505.56680,2135,3564.924,322898065.11320,0,35.781864568938204,-69.6959915216139,-78.55688914332555,8.860897621711644,90892.69239194333,90619.175,90345.65760805667,145.7142857142826,5796.230750000001,-0.2542373814871597,90568.34,33.359751212540594
2025-11-29 09:15:00,90551.6,90570.2,90503.1,90535.6,1057.603,2025-11-29 09:29:59.999,95749460.27610,1581,300.915,27250840.01570,0,39.066852367688426,-66.95537075055472,-76.2365854647714,9.281214714216674,90889.06629829419,90613.475,90337.88370170582,142.71428571428154,5351.9443,0.025742357668518984,90558.56000000001,34.583276319087815
2025-11-29 09:30:00,90535.6,90570.2,90476.1,90533.8,5369.388,2025-11-29 09:44:59.999,485950324.15260,1911,2544.513,230329332.73950,0,34.64830666170461,-64.18872632022249,-73.82701363586162,9.638287315639133,90873.76023753737,90603.02,90332.27976246264,142.81428571428114,5416.60175,0.03745860492664493,90550.02,34.31678890808894
2025-11-29 09:45:00,90533.8,90562.7,90514.1,90518.1,2040.636,2025-11-29 09:59:59.999,184725813.41370,1546,640.637,57996408.94830,0,50.524602026049465,-62.542053603363456,-71.57002162936199,9.027968025998533,90846.2852619901,90589.11,90331.9347380099,115.23571428570929,5423.65295,0.004750656805926731,90531.92,12.843169428227837
2025-11-29 10:00:00,90518.2,90548.0,90500.1,90547.9,1970.385,2025-11-29 10:14:59.999,178364306.59210,2068,842.410,76265210.13880,0,54.209049456331236,-58.161987473562476,-68.88841479820209,10.726427324639616,90823.52728989636,90578.585,90333.64271010365,104.10714285713766,5390.0583,0.0422054210764118,90537.18000000001,12.945153570436847
2025-11-29 10:15:00,90548.0,90555.4,90428.4,90550.7,4411.988,2025-11-29 10:29:59.999,399287522.84020,1917,1674.025,151535550.55400,0,53.29994634233552,-53.84413523544208,-65.87955888565008,12.035423650208003,90769.19362860844,90563.115,90357.03637139157,106.52142857142358,5400.82675,0.07979796305199256,90537.22,12.996807337273237
2025-11-29 10:30:00,90550.7,90574.8,90541.2,90570.0,3682.803,2025-11-29 10:44:59.999,333505873.93390,2178,2100.920,190268193.69780,0,55.249869406234176,-48.30799305187247,-62.36524571889456,14.057252667022091,90718.5060640324,90550.715,90382.9239359676,98.04285714285236,5580.8469,0.21011262434982278,90544.1,19.43514859635455
2025-11-29 10:45:00,90570.6,90576.3,90515.1,90540.2,200.945,2025-11-29 10:59:59.999,18192229.13000,1971,41.690,3775923.26550,0,55.384883923895906,-45.79724925504706,-59.05164642612507,13.254397171078004,90688.15342228486,90541.525,90394.89657771513,94.98571428570929,5347.887699999999,0.025741049461484998,90545.37999999999,18.787149889284287
2025-11-29 11:00:00,90540.2,90576.3,90447.9,90557.3,7051.084,2025-11-29 11:14:59.999,638064388.06480,2218,1675.144,151640572.21050,0,68.02278275020345,-41.94413375321892,-55.63014389154384,13.686010138324917,90624.7735351961,90530.325,90435.87646480389,95.52142857142462,5572.616349999999,-0.030027212161017714,90553.22,11.20700677981275
2025-11-29 11:15:00,90558.6,90568.9,90479.8,90500.4,1989.885,2025-11-29 11:29:59.999,180131418.82620,1515,220.212,19933013.38090,0,47.99611367500612,-42.986346579375095,-53.101384429110084,10.115037849734989,90624.80451045118,90529.73,90434.65548954881,92.11428571428198,5051.3642,-0.08401737757586772,90543.72,26.51786192291196
2025-11-29 11:30:00,90500.4,90578.7,90463.1,90566.4,5730.855,2025-11-29 11:44:59.999,518880111.86740,2049,5392.985,488305269.31070,0,47.793221165568696,-38.04806492943317,-50.09072052917471,12.042655599741543,90628.38795619845,90533.05500000001,90437.72204380156,88.99285714285257,4848.0305,-0.04657394551953307,90546.86000000002,28.412814027524632
2025-11-29 11:45:00,90566.4,90631.7,90557.5,90631.7,3918.573,2025-11-29 11:59:59.999,355013690.06270,1656,3863.845,350056024.44230,0,55.90500641848481,-28.536327854089905,-45.779841994157756,17.24351414006785,90643.41337061714,90538.95,90434.48662938285,85.53571428571013,4816.603150000001,0.12162842901582746,90559.2,47.775883047444474
2025-11-29 12:00:00,90624.6,90726.2,90614.8,90642.5,6843.162,2025-11-29 12:14:59.999,620542307.26710,2100,5518.800,500468792.13450,0,53.799596503025526,-19.897373417799827,-40.60334827888617,20.705974861086347,90658.74576414214,90545.59,90432.43423585786,88.07142857142442,4633.069750000001,0.10160076421444388,90579.66,58.34160608831179
2025-11-29 12:15:00,90642.5,90663.7,90519.2,90519.2,6777.142,2025-11-29 12:29:59.999,613813944.14430,2107,104.337,9451481.77500,0,49.75124378109363,-22.738108564080903,-37.03030033592512,14.292191771844216,90657.10474343116,90547.625,90438.14525656884,91.52142857142462,4778.961799999999,-0.018114421288430993,90572.04000000001,64.18740531415585
2025-11-29 12:30:00,90519.2,90575.8,90508.5,90575.8,3819.219,2025-11-29 12:44:59.999,345826630.15090,1738,2758.680,249824023.54660,0,52.47990590080395,-20.189532299045823,-33.66214672854926,13.472614429503437,90633.83939370267,90557.41,90480.98060629734,86.4285714285683,4754.793250000001,0.046391513445806984,90587.12,50.55914359404874
2025-11-29 12:45:00,90574.5,90648.3,90574.4,90590.7,3940.553,2025-11-29 12:59:59.999,357001212.96500,1606,2053.618,186048184.30240,0,55.40090178396286,-16.774100384296617,-30.28453745969873,13.510437075402113,90636.4123182115,90561.1,90485.78768178851,86.91428571428385,4780.98235,0.08020495348443159,90591.98,49.219681032729774
2025-11-29 13:00:00,90590.7,90638.2,90550.0,90576.5,4040.144,2025-11-29 13:14:59.999,365991063.01160,1848,954.772,86531274.16770,0,54.08612440191349,-15.03979788259312,-27.23558954427761,12.195791661684488,90635.57272014397,90560.7,90485.82727985602,86.49285714285568,4643.25755,0.03158549231954117,90580.94,43.996738526435436
2025-11-29 13:15:00,90576.5,90690.4,90567.6,90689.8,6697.341,2025-11-29 13:29:59.999,607157453.99760,3280,5992.627,543270504.27040,0,63.84454120303108,-4.471443525049835,-22.682760340432054,18.21131681538222,90660.8480428154,90566.365,90471.88195718461,91.79285714285548,4445.484600000001,0.15361559877505732,90590.4,61.960188838993595
2025-11-29 13:30:00,90689.7,90735.5,90647.5,90647.5,2501.869,2025-11-29 13:44:59.999,226976006.08480,3031,2392.565,217062568.53760,0,57.87227315839395,0.4852038322860608,-18.04916750588843,18.53437133817449,90667.91648684579,90568.31,90468.7035131542,94.65714285714161,4375.89675,0.08556917301534724,90616.06,50.633615325827336
2025-11-29 13:45:00,90647.5,90757.7,90647.5,90738.5,4348.36,2025-11-29 13:59:59.999,394553833.24910,3507,4201.631,381242460.01070,0,63.02719200887865,11.622346874835785,-12.114864629743586,23.73721150457937,90701.89342923567,90579.155,90456.41657076433,93.4571428571414,4218.5215499999995,0.21901873421971998,90648.6,67.69689801581598
2025-11-29 14:00:00,90738.5,90757.7,90651.0,90663.1,2157.781,2025-11-29 14:14:59.999,195659513.16880,2431,51.753,4694625.48070,0,55.99176213154866,14.200765533518279,-6.851738597091213,21.052504130609492,90712.22881263783,90584.785,90457.34118736218,98.67857142856936,3927.4858,0.11683210519748591,90663.08,59.45790108104574
2025-11-29 14:15:00,90683.1,90685.0,90614.1,90626.0,2771.76,2025-11-29 14:29:59.999,251260323.28390,1913,831.400,75378567.89390,0,55.47054322876817,13.099517866852693,-2.8614873043024307,15.961005171155124,90715.81279011039,90589.305,90462.7972098896,99.37142857142628,4013.1936499999997,0.13878391697716896,90672.98000000001,43.387060294089196
2025-11-29 14:30:00,90647.4,90665.7,90612.5,90626.5,113.499,2025-11-29 14:44:59.999,10287577.64260,1868,55.748,5054076.04000,0,54.50755601875946,12.127320773448446,0.13627431124774536,11.9910464622007,90718.66542310668,90593.93999999999,90469.2145768933,93.99999999999689,3750.3992,0.06636015122606818,90660.32,46.383854960138265
2025-11-29 14:45:00,90626.2,90665.7,90584.3,90584.3,3079.028,2025-11-29 14:59:59.999,278969330.55410,2313,108.278,9814511.73160,0,55.57178908221594,7.861043041848461,1.6812280573678888,6.179814984480572,90716.911936131,90597.25,90477.588063869,93.44999999999709,3802.3188,-0.052299581713676546,90647.68000000001,57.92600453132661
2025-11-29 15:00:00,90584.3,90672.2,90582.7,90672.2,3087.251,2025-11-29 15:14:59.999,279875211.08910,1707,3023.184,274069815.88460,0,56.827568404749776,11.440899029446882,3.633162251783688,7.8077367776631945,90725.22810525249,90603.465,90481.7018947475,91.585714285712,3858.1621,0.03276608654880116,90634.42000000001,34.98395347818085
2025-11-29 15:15:00,90654.5,91000.0,90428.4,90841.5,20501.365,2025-11-29 15:29:59.999,1861992432.10500,3435,12213.656,1109265239.70080,0,61.93673190714623,27.620661993758404,8.430662200178634,19.18999979357977,90776.99721401227,90618.00499999999,90459.01278598771,127.11428571428405,4662.630950000001,0.35605705750824457,90670.1,100.7345273526565
2025-11-29 15:30:00,90841.5,90890.1,90831.9,90838.3,2163.665,2025-11-29 15:44:59.999,196552070.55410,1601,435.995,39611311.46320,0,61.23737373737394,39.72707842456293,14.689945445055496,25.037132979507437,90816.49418259689,90631.42,90446.34581740311,123.3142857142853,4586.67405,0.2898125106264587,90712.56,120.33489934745995
2025-11-29 15:45:00,90840.5,91020.9,90835.1,91020.9,9380.472,2025-11-29 15:59:59.999,853283765.26940,2194,8384.787,762760127.30130,0,76.95862439548657,63.325814050695044,24.41711916618341,38.90869488451163,90904.46107033548,90655.455,90406.44892966452,126.26428571428447,5045.6504,0.47488318337312446,90791.43999999999,169.17366225557302
2025-11-29 16:00:00,91020.9,91021.3,90916.1,90964.4,6773.347,2025-11-29 16:14:59.999,616116918.06470,2256,3610.771,328510842.55400,0,70.8834909716251,76.58606772872736,34.85090887869221,41.73515885003515,90955.67658402424,90675.81,90395.94341597575,128.9714285714269,5031.763550000001,0.42825677742018536,90867.45999999999,134.71441274400422
2025-11-29 16:15:00,90964.4,91103.4,90834.4,90851.6,18425.393,2025-11-29 16:29:59.999,1676234245.54390,3840,8299.193,755662565.80740,0,62.68598657979263,77.10408906928205,43.30154491681018,33.802544152471874,90970.95794985743,90693.37000000001,90415.78205014259,142.90714285714057,5853.53895,0.17841036147395067,90903.34,84.08342881305991
2025-11-29 16:30:00,90834.5,90921.7,90834.4,90886.3,1306.621,2025-11-29 16:44:59.999,118742272.66850,2297,621.016,56438611.38390,0,64.76926010678922,79.3993583353149,50.52110760051113,28.87825073480377,90992.94934577601,90709.36499999999,90425.78065422397,142.84285714285528,5632.32725,0.2634380429686455,90912.3,78.01419743201004
2025-11-29 16:45:00,90886.3,90973.3,90835.3,90966.9,6383.257,2025-11-29 16:59:59.999,580403410.48300,2485,5502.132,500282294.59380,0,63.63546894990658,86.72243985901878,57.761374052212666,28.96106580680611,91029.32542270272,90726.125,90422.92457729728,143.9285714285704,5755.561449999999,0.25171233820263084,90938.01999999999,68.08529210453347
2025-11-29 17:00:00,90958.3,90976.7,90690.7,90708.9,16154.913,2025-11-29 17:14:59.999,1466925695.50080,3347,1613.085,146546035.62000,0,52.492287709043524,70.89041039913718,60.38718132159757,10.503229077539608,91030.23447684343,90729.44499999999,90428.65552315656,158.07142857142753,6221.148999999999,0.05051669311990033,90875.62,105.71247325156361
2025-11-29 17:15:00,90708.9,90722.3,90573.8,90670.0,12738.199,2025-11-29 17:29:59.999,1154912192.22830,3064,4383.640,397475671.59030,0,47.09671950495877,54.57539688613906,59.22482443450588,-4.649427548366816,91022.76986039743,90736.985,90451.20013960257,160.80714285714203,6519.20185,0.04855118840067972,90816.74,124.26175196320489
2025-11-29 17:30:00,90670.0,90670.3,90462.9,90555.3,6384.851,2025-11-29 17:44:59.999,578313817.42210,2551,1357.499,122929092.70530,0,45.578342904019415,32.02117949689273,53.784095446983244,-21.762915950090516,91024.31449967879,90735.95999999999,90447.6055003212,168.0,6647.48345,-0.07856421686813138,90757.48,166.83888036356447
2025-11-29 17:45:00,90555.3,90593.4,90409.5,90409.5,7545.511,2025-11-29 17:59:59.999,682744839.95670,2643,324.208,29333744.98160,0,41.846802741582906,2.354813399928389,43.49823903757227,-41.14342563764388,91044.38634452317,90726.9,90409.41365547682,176.07142857142858,6827.73135,-0.19296942185345903,90662.12,206.37871014465793
2025-11-29 18:00:00,90433.2,90492.4,90163.1,90326.1,17191.33,2025-11-29 18:14:59.999,1553652269.40200,3628,3889.340,351543283.68090,0,39.35204877357134,-27.567892954088165,29.285012639240183,-56.852905593328344,91073.81639274894,90714.38,90354.94360725107,195.79285714285652,7485.29065,-0.3817046459664498,90533.96,164.51622412692566
2025-11-29 18:15:00,90326.1,90441.0,90191.5,90234.7,13484.731,2025-11-29 18:29:59.999,1217395455.13410,3135,4453.269,402165968.13910,0,38.02575695300672,-57.98861282740836,11.830287545910469,-69.81890037331883,91110.34658758063,90691.625,90272.90341241937,207.79999999999978,7824.660150000001,-0.6679766406323133,90439.12,174.81545126500623
2025-11-29 18:30:00,90213.9,90535.1,90200.0,90535.0,10612.812,2025-11-29 18:44:59.999,959273296.81480,2648,10406.526,940658258.89490,0,45.897619901925616,-57.20611571587506,-1.9769931064466397,-55.229122609428416,91110.20413657223,90686.0,90261.79586342777,225.34285714285735,8230.2073,-0.33389000014311465,90412.12,136.45893888268816
2025-11-29 18:45:00,90533.5,90665.2,90518.1,90662.4,8827.561,2025-11-29 18:59:59.999,799821821.65560,2581,8026.109,727230488.90300,0,44.50714592406273,-45.77816366877232,-10.737227218911778,-35.040936449860546,91105.78109627638,90682.19499999999,90258.60890372361,195.02142857142775,8454.16735,-0.39386558471735617,90433.54000000001,169.06334020415883
2025-11-29 19:00:00,90665.2,90745.9,90594.8,90719.0,11880.126,2025-11-29 19:14:59.999,1077389670.47200,3314,8650.183,784555959.99240,0,46.45720734097508,-31.787851795190363,-14.947352134167499,-16.840499661022864,91108.78323609359,90684.99,90261.19676390642,201.65714285714057,8940.2846,-0.2697758683616823,90495.44,209.8100879390283
2025-11-29 19:15:00,90744.2,90788.4,90688.0,90771.2,7923.694,2025-11-29 19:29:59.999,719089579.10770,2604,6287.256,570641719.56280,0,41.96227386853791,-16.300423953551217,-15.217966498044245,-1.0824574555069724,91116.76248820603,90692.25,90267.73751179397,195.55714285714097,9197.8813,-0.08849596484817959,90584.45999999999,214.37457405433122
2025-11-29 19:30:00,90771.2,90790.6,90597.8,90610.9,7363.444,2025-11-29 19:44:59.999,667744504.36040,2478,784.180,71136601.02850,0,39.33377587351382,-16.768103861628333,-15.527993970761065,-1.2401098908672683,91116.54810850136,90691.47,90266.39189149864,201.81428571428427,9560.378550000001,-0.30301596610271153,90659.7,92.04287045159079
2025-11-29 19:45:00,90607.7,90639.9,90578.4,90617.2,6065.971,2025-11-29 19:59:59.999,549618968.03570,2608,3739.697,338877294.37210,0,42.44163549593674,-16.440866138756974,-15.710568404360249,-0.730297734396725,91116.69886867394,90693.115,90269.53113132608,186.99285714285568,9709.725699999999,-0.3844255437966965,90676.14,68.54259989938133
2025-11-29 20:00:00,90614.2,90625.4,90402.0,90441.0,9926.036,2025-11-29 20:14:59.999,898294937.17380,3035,84.776,7668877.25150,0,36.841794220199596,-30.05296346540854,-18.57904741656991,-11.473916048838628,91119.90417818025,90681.55500000001,90243.20582181976,196.71428571428365,10051.66495,-0.29534036902662714,90631.86,126.58079633566668
2025-11-29 20:15:00,90419.5,90631.1,90406.0,90616.7,7150.144,2025-11-29 20:29:59.999,647490431.55520,3261,6772.590,613312799.88100,0,40.202551477171056,-26.35927375308529,-20.135092683872987,-6.224181069212303,91102.88614426808,90670.315,90237.74385573193,202.93571428571263,9384.1039,-0.05878460350722721,90611.4,116.86977796237053
2025-11-29 20:30:00,90616.7,90711.9,90604.5,90711.9,5684.25,2025-11-29 20:44:59.999,515475487.62650,2473,5622.063,509838698.24610,0,50.092341787737006,-15.570664733400918,-19.222207093778575,3.6515423603776576,91089.87391275229,90663.995,90238.1160872477,190.17857142856934,9560.13315,0.1729330033692023,90599.54000000001,98.10083078636363
2025-11-29 20:45:00,90711.9,90967.9,90698.9,90925.0,11463.212,2025-11-29 20:59:59.999,1041307542.58080,3174,11276.870,1024384266.35550,0,57.08884688090735,10.058822843071539,-13.366001106408552,23.424823949480093,91070.05369916376,90659.2,90248.34630083623,198.7857142857122,9664.27015,0.57018344311162,90662.36,176.46422583903492
2025-11-29 21:00:00,90925.0,90968.6,90801.5,90819.7,7258.72,2025-11-29 21:14:59.999,659631455.55050,2833,742.015,67461906.75720,0,57.38877710708675,21.624275242371368,-6.367945836652566,27.992221079023935,91044.8945974314,90651.965,90259.0354025686,195.90714285714057,9688.5388,0.5464644216898452,90702.86,186.4629266126825
2025-11-29 21:15:00,90819.9,90928.3,90798.1,90902.6,7677.358,2025-11-29 21:29:59.999,697741709.62080,2904,5880.129,534458836.52260,0,64.28199038405842,37.05220204817306,2.3160837403125614,34.736118307860494,91053.51470862766,90654.51499999998,90255.51529137231,192.07142857142648,9151.137050000001,0.7401808838506791,90795.18,130.1769833763233
2025-11-29 21:30:00,90902.6,90992.1,90902.0,90989.9,4572.6,2025-11-29 21:44:59.999,415866581.47770,2596,4418.491,401856309.19770,0,69.18275343890834,55.681464337103534,12.98915985967076,42.69230447743277,91073.76995114917,90659.695,90245.62004885085,174.98571428571344,9314.436,0.5024576130778088,90869.81999999999,107.22558930102457
2025-11-29 21:45:00,90992.0,91009.9,90905.6,90970.0,7304.859,2025-11-29 21:59:59.999,664367601.96190,2574,3363.148,305956760.36180,0,72.16494845360837,68.05502921488369,24.002333730713353,44.052695484170336,91074.41117828085,90659.85,90245.28882171916,164.61428571428405,9360.5161,0.3392806720316315,90921.44,66.63987545716766
2025-11-29 22:00:00,90964.8,90973.0,90727.2,90727.2,12656.869,2025-11-29 22:14:59.999,1149845723.23520,3110,24.277,2205893.79960,0,56.00174868848356,57.60520079472917,30.722907143516522,26.88229365121265,91075.86244843289,90660.765,90245.66755156711,158.23571428571242,9185.6139,0.009038900340609012,90881.88,109.15015804363537
2025-11-29 22:15:00,90726.4,90778.9,90678.4,90689.8,5671.016,2025-11-29 22:29:59.999,514469030.07370,2938,1002.644,91003984.66780,0,50.90656431974619,45.77806797786616,33.73393931038645,12.044128667479711,91077.03958968802,90661.755,90246.47041031199,154.90714285714162,8832.254750000002,-0.08967602058802152,90855.9,139.02212054544674
2025-11-29 22:30:00,90689.8,90856.2,90678.4,90851.6,10711.205,2025-11-29 22:44:59.999,972497015.04430,3163,10373.094,941804165.40170,0,54.10170749814422,48.89723095066438,36.766597638442036,12.130633312222344,91096.97329060099,90676.56999999999,90256.166709399,156.8142857142853,9048.57245,0.2656413301269623,90845.7,136.58879895860264
2025-11-29 22:45:00,90851.6,90868.4,90720.8,90720.8,6107.778,2025-11-29 22:59:59.999,554450527.55800,3145,2091.783,189970016.86990,0,48.51327433628336,40.34959816921037,37.48319774459571,2.8664004246146604,91093.52585179666,90692.135,90290.74414820333,160.18571428571366,8976.6858,0.11432708139294287,90791.88,117.2064503385358
2025-11-29 23:00:00,90720.8,90756.5,90670.0,90677.1,3059.335,2025-11-29 23:14:59.999,277487711.24800,2913,504.508,45767151.96440,0,52.09706031424265,29.706870512323803,35.92793229814133,-6.2210617858175254,91072.53303417693,90709.685,90346.83696582307,152.5928571428563,8270.086050000002,0.26105416791057795,90733.3,69.35243327358263
2025-11-29 23:15:00,90691.4,90828.8,90670.0,90792.0,6541.663,2025-11-29 23:29:59.999,593887907.43970,2818,6497.603,589890401.17620,0,55.18079430942514,30.19582325393276,34.78151048929961,-4.585687235366855,91024.46265865339,90737.55,90450.63734134662,159.54285714285652,7922.93265,0.19345220031186627,90746.26000000001,73.83717221674573
2025-11-29 23:30:00,90804.0,90837.7,90779.2,90812.7,132.363,2025-11-29 23:44:59.999,12017325.10990,1812,110.867,10065856.34070,0,62.13516160626838,31.886075991613325,34.202423589762354,-2.3163475981490294,91023.57266081232,90751.435,90479.29733918767,147.7642857142855,7398.9102,0.11112103263188502,90770.84,70.73431275528954
2025-11-29 23:45:00,90812.7,90812.8,90735.4,90764.9,4047.968,2025-11-29 23:59:59.999,367409390.65210,2297,1364.759,123883792.00580,0,55.2792818466799,29.033868581071147,33.168712588024114,-4.134844006952967,91025.47930625099,90756.56,90487.64069374901,137.21428571428572,7159.93055,-0.17607918614243148,90753.5,54.8249487091833
2025-11-30 00:00:00,90765.0,90870.1,90764.8,90861.3,3681.906,2025-11-30 00:14:59.999,334504988.47330,2509,3659.377,332458750.60510,0,55.31748291571784,34.158391338263755,33.36664833807204,0.7917430001917154,91035.91940163553,90763.675,90491.43059836447,137.06428571428634,6750.01955,0.04580504009593274,90781.6,68.23965123710803
2025-11-30 00:15:00,90870.0,90885.0,90814.5,90829.1,3396.331,2025-11-30 00:29:59.999,308474724.20320,2285,161.075,14637614.66380,0,46.082196257864425,35.215400434768526,33.73639875741134,1.4790016773571892,91040.3782317989,90766.57,90492.76176820112,122.88571428571491,6523.651400000001,-0.08085577310219949,90812.0,36.54380933838425
2025-11-30 00:30:00,90829.1,90836.9,90779.1,90829.1,544.145,2025-11-30 00:44:59.999,49415817.45970,1821,19.065,1731523.89210,0,50.42016806722728,35.64222636009799,34.11756427794867,1.5246620821493266,91042.41625531396,90777.48,90512.54374468603,115.07857142857081,6182.68645,-0.17672291100439538,90819.42,35.20982818702373
2025-11-30 00:45:00,90829.2,90853.6,90778.7,90792.1,85.742,2025-11-30 00:59:59.999,7786878.68230,1724,39.768,3612426.43490,0,44.84944532488105,32.6188879670226,33.81782901576345,-1.1989410487408492,91040.20504793334,90786.225,90532.24495206667,111.12857142857163,5883.675,-0.1955589754864177,90815.3,37.33389881809778
2025-11-30 01:00:00,90853.5,90977.7,90792.1,90977.7,6675.348,2025-11-30 01:14:59.999,606880642.56400,2153,6647.603,604358355.51870,0,49.47907771135793,44.68414833750285,35.99109288011133,8.693055457391516,91023.06395387462,90813.06,90603.05604612538,117.94999999999916,5721.140600000001,0.27610242573340743,90857.86000000002,71.33041427719579
2025-11-30 01:15:00,90966.1,90998.9,90878.1,90896.6,5829.36,2025-11-30 01:29:59.999,529933817.50930,2008,56.860,5173422.00030,0,47.0215874046423,47.158250925916946,38.224524489272454,8.933726436644491,91018.44183315773,90827.05500000001,90635.66816684228,119.1285714285706,5655.1014000000005,0.22803005409649477,90864.92,73.47082414779372
2025-11-30 01:30:00,90896.6,90976.9,90878.1,90926.1,3708.107,2025-11-30 01:44:59.999,337201472.69920,1929,2425.396,220524562.43000,0,59.76052605751362,50.91251077807101,40.76212174703217,10.150389031038841,91025.9656351319,90837.765,90649.5643648681,108.62857142856956,5556.294250000001,0.08200185797498337,90884.32,74.44791468506779
2025-11-30 01:45:00,90920.4,90956.4,90861.8,90879.2,4046.32,2025-11-30 01:59:59.999,367760207.33670,1883,124.663,11328315.42570,0,59.20847919097604,49.53237236276618,42.51617187017897,7.01620049258721,91020.29044567158,90835.475,90650.65955432843,108.20714285714037,5185.4496500000005,0.17460163490621133,90894.34,68.27322316219438
2025-11-30 02:00:00,90879.2,90979.2,90866.0,90921.6,2566.007,2025-11-30 02:14:59.999,233353294.48250,2008,2461.716,223868109.06510,0,53.85038503850386,51.26893203893269,44.26672390392972,7.002208135002967,91029.1346850088,90840.56999999999,90652.00531499118,103.59285714285423,4950.814,0.2696380894404431,90920.24,37.35295170336214
2025-11-30 02:15:00,90979.2,90979.2,90866.0,90928.5,5603.917,2025-11-30 02:29:59.999,509321133.38680,1919,142.258,12937321.83840,0,63.227614316647525,52.59565050844685,45.932509224833154,6.663141283613697,91032.56700813353,90841.865,90651.16299186648,101.13571428571179,4847.141949999999,0.15034364261168387,90910.4,21.58367440808697
2025-11-30 02:30:00,90928.5,90947.7,90796.1,90816.1,8676.551,2025-11-30 02:44:59.999,788383451.97050,2032,1280.298,116437250.89380,0,58.14007964394483,44.06933990183461,45.55987536023345,-1.4905354583988384,91010.86995893938,90833.175,90655.48004106063,105.78571428571117,5052.3395,0.0037439697311155064,90894.3,48.13891358303947
2025-11-30 02:45:00,90816.1,90843.6,90717.0,90732.1,4847.914,2025-11-30 02:59:59.999,439948909.00230,1938,447.925,40640885.08500,0,46.360432616357116,30.186112618568586,42.48512281190048,-12.299010193331895,90992.12857688002,90821.28,90650.43142311998,103.48571428571138,4929.492249999999,-0.03613731739911393,90855.5,82.21894551110242
2025-11-30 03:00:00,90732.1,90763.3,90569.6,90569.9,4159.322,2025-11-30 03:14:59.999,377123186.63820,2080,34.818,3158596.71710,0,37.411862297801704,6.02590762321779,35.19327977416395,-29.167372150946157,91014.33528560922,90813.41500000001,90612.49471439079,113.14285714285403,4504.6149,-0.3207085965091945,90793.64000000001,149.09073747541504
2025-11-30 03:15:00,90569.6,90660.1,90425.4,90644.3,11674.741,2025-11-30 03:29:59.999,1056944609.41330,2690,5824.282,527450187.46540,0,43.9152371342084,-7.036656491356553,26.747292521059844,-33.7839490124164,91018.86870366702,90811.14,90603.41129633298,124.37857142856852,4804.80115,-0.2034590235948643,90738.18000000001,140.94485446786226
2025-11-30 03:30:00,90644.1,90854.4,90640.5,90854.0,12858.919,2025-11-30 03:44:59.999,1167226444.09560,2741,12796.129,1161533007.86820,0,49.66947387485272,-0.462464199445094,21.305341176958855,-21.76780537640395,91019.08986364314,90811.26000000001,90603.43013635688,132.13571428571075,4912.18685,0.027414121685664813,90723.28,117.83922097912924
2025-11-30 03:45:00,90854.0,90874.9,90827.3,90843.5,3991.047,2025-11-30 03:59:59.999,362618262.65630,2000,3545.374,322133842.12290,0,50.66506558285582,3.855919666864793,17.815456874940043,-13.95953720807525,91021.18621904236,90817.395,90613.60378095765,130.49999999999585,4806.3503,0.05661285508320016,90728.76000000001,123.72496918959932
2025-11-30 04:00:00,90843.4,90922.6,90827.3,90895.6,6679.544,2025-11-30 04:14:59.999,607078415.05590,2236,5984.529,543897582.64330,0,52.93028994447869,11.351452101502218,16.52265592025248,-5.171203818750261,91023.6969970052,90828.31999999999,90632.94300299478,133.17857142856832,4987.36075,-0.09024189444225483,90761.45999999999,144.66292891050134
2025-11-30 04:15:00,90895.6,90895.9,90840.4,90840.5,6363.327,2025-11-30 04:29:59.999,578224718.23890,2252,723.357,65741414.08470,0,52.09923664122109,12.69921737536788,15.757968211275559,-3.058750835907679,91025.42660757297,90830.745,90636.06339242702,131.7928571428534,4978.44395,-0.06171848011917477,90815.58,98.25562070924481
2025-11-30 04:30:00,90840.5,90853.6,90800.0,90821.5,1720.633,2025-11-30 04:44:59.999,156313177.64330,1685,1681.938,152798386.96730,0,42.08071385114617,12.09476888764766,15.02532834654998,-2.9305594589023194,91025.73462054323,90831.185,90636.63537945677,122.36428571428301,5057.85745,-0.11503847630109046,90851.01999999999,27.544999563539832
2025-11-30 04:45:00,90821.5,90852.3,90775.8,90818.3,2998.893,2025-11-30 04:59:59.999,272260700.39290,1767,1089.385,98909844.71500,0,45.689750082571834,11.228095355807454,14.265881748401476,-3.037786392594022,91026.02549970998,90833.85500000001,90641.68450029004,119.19999999999813,5005.4037,-0.06701203355662702,90843.88,30.99083737100649
2025-11-30 05:00:00,90808.2,90820.0,90701.5,90733.9,5282.741,2025-11-30 05:14:59.999,479218200.12500,2069,28.412,2578169.47020,0,40.02284053156128,3.688358596045873,12.150377117930356,-8.462018521884483,91024.21691245915,90827.48500000002,90630.75308754088,120.60714285714182,5085.44545,-0.20644159363672837,90821.95999999999,58.16947654018588
2025-11-30 05:15:00,90733.8,90755.5,90640.4,90650.0,5900.433,2025-11-30 05:29:59.999,535036028.53540,2135,849.350,77012652.30180,0,38.54229154169211,-8.953752638495644,7.929551166645156,-16.883303805140798,91030.65500885049,90818.53,90606.40499114951,122.07142857142857,5210.65055,-0.3062846082361416,90772.84,80.02854491345728
2025-11-30 05:30:00,90644.7,90740.0,90644.5,90712.5,3312.001,2025-11-30 05:44:59.999,300481534.35890,1748,3295.097,298948997.47520,0,39.75301381946475,-13.770748589900904,3.5894912153359435,-17.360239805236848,91029.94916573232,90812.7,90595.45083426767,120.80714285714306,5349.04335,-0.11407668904523077,90747.24,73.15140464112109
2025-11-30 05:45:00,90712.5,90774.7,90685.4,90767.5,1907.034,2025-11-30 05:59:59.999,173084092.84630,1708,1729.939,157022749.26030,0,42.46536877573959,-13.000352271599695,0.2715225179488148,-13.27187478954851,91029.48744114398,90811.47,90593.45255885602,119.10000000000062,5440.10795,0.03901596017285412,90736.44,62.68419259247689
2025-11-30 06:00:00,90767.5,90827.6,90701.8,90724.3,4718.316,2025-11-30 06:14:59.999,428101490.48920,2081,758.193,68802571.40510,0,45.40632506004801,-15.694767096050782,-2.921735404851106,-12.773031691199677,91005.28983156005,90798.8,90592.31016843996,117.25714285714432,5342.25635,0.17047606323956274,90717.64,43.00102325495891
2025-11-30 06:15:00,90724.3,90859.3,90692.6,90859.3,10499.988,2025-11-30 06:29:59.999,953494227.92750,2530,10412.093,945514717.88770,0,56.0559893353644,-6.857687347714091,-3.708925793423704,-3.148761554290387,91000.35656670533,90796.935,90593.51343329466,120.1214285714294,5575.78775,0.23719086583491736,90742.72,77.54754671148623
2025-11-30 06:30:00,90859.3,90898.0,90855.9,90874.9,257.9,2025-11-30 06:44:59.999,23440661.01580,1627,199.712,18153325.50420,0,66.87693669765372,1.388545359368436,-2.6894315628652756,4.077976922233711,90992.16300855251,90794.375,90596.58699144749,109.2928571428586,5403.2774,0.023003940387868647,90787.7,75.51993115040932
2025-11-30 06:45:00,90883.7,90898.0,90836.8,90850.0,2601.969,2025-11-30 06:59:59.999,236368642.19480,1617,36.933,3355523.97090,0,62.04191546657295,5.847120325197466,-0.982121185252727,6.829241510450193,90988.48525150705,90792.915,90597.34474849293,96.90000000000042,5331.05985,0.007155162449707464,90815.2,65.68492978574128
2025-11-30 07:00:00,90850.0,90919.1,90822.0,90918.7,7530.64,2025-11-30 07:14:59.999,684355793.42180,2304,5568.238,506100252.51240,0,54.53653064086369,14.754013870217022,2.165105825841224,12.588908044375799,90987.94242150632,90792.77,90597.59757849369,88.5571428571441,5579.2915,0.025413771403666695,90845.44,72.66827368908828
2025-11-30 07:15:00,90918.7,90936.0,90890.4,90927.7,3758.16,2025-11-30 07:29:59.999,341683465.34040,1972,3085.169,280507476.63880,0,55.91624508150633,22.282161076480406,6.1885168759690625,16.093644200511342,90987.78558832726,90792.73000000001,90597.67441167276,88.414285714288,5487.003650000001,0.0959924262856293,90886.12,35.14330663077757
2025-11-30 07:30:00,90927.7,90936.0,90893.4,90914.2,1390.426,2025-11-30 07:44:59.999,126399733.63730,1536,34.195,3109187.48470,0,51.38187221396669,26.84943126855069,10.32069975448539,16.5287315140653,90999.96321982534,90797.635,90595.30678017465,84.65000000000249,5122.697399999999,0.10206834284833116,90897.09999999999,33.19103796121826
2025-11-30 07:45:00,90914.2,90986.9,90885.1,90920.9,3311.549,2025-11-30 07:59:59.999,301055554.74970,2038,555.268,50518720.47990,0,56.43611911623417,30.656273370419513,14.387814477672215,16.268458892747297,91014.0921706858,90807.075,90600.05782931419,87.95714285714452,5045.87915,0.11297282596127792,90906.3,31.847213393661903
2025-11-30 08:00:00,90920.9,90982.0,90885.1,90937.6,2044.782,2025-11-30 08:14:59.999,185994497.83350,1908,1524.959,138720266.15860,0,59.328298248433875,34.62167646022863,18.4345868741835,16.18708958604513,91007.60577623671,90825.45999999999,90643.31422376327,91.05000000000084,4940.15215,0.22450263903569853,90923.81999999999,9.113561375162432
2025-11-30 08:15:00,90937.6,91346.8,90925.5,91092.0,14623.06,2025-11-30 08:29:59.999,1331629905.20550,3199,12247.649,1115031632.87920,0,67.69230769230784,49.65073385012511,24.677816269371824,24.972917580753283,91045.61893237536,90847.845,90650.07106762464,115.67857142857247,5087.5680999999995,0.48758963044677334,90958.48,75.13978307749598
2025-11-30 08:30:00,91092.0,91154.6,90918.0,91131.3,10126.914,2025-11-30 08:44:59.999,921835556.40200,2664,3412.213,310696317.36210,0,77.27896760022102,63.99485876984545,32.54122476946655,31.453634000378898,91096.68283070458,90861.70999999999,90626.7371692954,124.11428571428716,4950.96785,0.4616783794956626,90999.2,103.93832306192985
2025-11-30 08:45:00,91131.3,91226.6,91073.3,91132.5,7445.148,2025-11-30 08:59:59.999,678693232.49490,2336,6031.994,549894582.38450,0,87.36255226885652,74.59957363551075,40.952894542675395,33.646679092835356,91140.16863943374,90876.16,90612.15136056626,126.84285714285839,5123.6729,0.40212631173052027,91042.86000000002,105.14943176697801
2025-11-30 09:00:00,91132.5,91502.6,91111.0,91454.3,17844.032,2025-11-30 09:14:59.999,1628990350.54850,3249,16770.363,1530983508.98840,0,90.98342541436546,107.7286286027811,54.30804135469654,53.42058724808456,91273.82842589222,90904.095,90534.36157410778,147.9928571428588,5681.8973,0.8046355827490539,91149.54000000001,188.2359769037206
2025-11-30 09:15:00,91454.3,91525.6,91291.6,91355.3,10624.293,2025-11-30 09:29:59.999,971103619.01680,2645,4939.091,451595707.22780,0,80.96944151738735,124.55932832241524,68.35829874824029,56.20102957417495,91349.26544227409,90929.835,90510.40455772592,158.32857142857287,5894.9456,0.5458989888762075,91233.08,161.4427824366351
2025-11-30 09:30:00,91355.3,91366.0,91276.2,91347.3,2210.885,2025-11-30 09:44:59.999,201873383.25910,1715,213.700,19520778.87440,0,84.08842197417421,135.68811780845863,81.82426256028396,53.86385524817467,91411.35109248006,90956.125,90500.89890751994,155.75714285714432,5919.458199999999,0.5198355101353715,91284.14,145.22578283787396
2025-11-30 09:45:00,91347.3,91370.1,91266.6,91360.7,7702.088,2025-11-30 09:59:59.999,703360464.33030,2159,4450.662,406541016.76180,0,81.64604897753125,143.92989740228222,94.24538952868362,49.684507873598605,91467.59406715471,90983.245,90498.89593284528,151.2428571428588,6154.61795,0.5621353880021982,91330.02,118.67877653929989
2025-11-30 10:00:00,91360.6,91385.1,91205.0,91208.0,10983.495,2025-11-30 10:14:59.999,1002483134.46350,2662,1025.144,93671542.07280,0,67.9220918971274,136.56570879457286,102.70945338186147,33.85625541271139,91486.29712837904,91006.95,90527.60287162095,161.10000000000167,6439.65565,0.31819636664404893,91345.12,88.1380848490732
2025-11-30 10:15:00,91208.0,91342.4,91187.9,91342.4,10659.828,2025-11-30 10:29:59.999,972854809.04650,2713,7529.228,687227519.02630,0,73.70042356565267,139.96110850312107,110.1597844061134,29.801324097007665,91512.30681149427,91041.57,90570.83318850574,167.76428571428758,6677.6254,0.45607664111156127,91322.73999999999,64.5292414403481
2025-11-30 10:30:00,91341.4,91342.4,91171.4,91181.4,6728.317,2025-11-30 10:44:59.999,613779134.10640,2135,296.034,26998429.08880,0,61.612589514631736,128.18301871916628,113.764431268724,14.418587450442288,91512.89643298376,91065.01499999998,90617.13356701621,173.0428571428586,6848.441199999999,0.2939034826242733,91287.95999999999,85.91375326962327
2025-11-30 10:45:00,91181.4,91221.1,91164.0,91218.4,780.914,2025-11-30 10:59:59.999,71196005.54830,1562,41.449,3780486.20080,0,62.539901647830185,120.44596240732062,115.10073749644334,5.345224910877278,91517.41571338229,91087.56,90657.7042866177,173.86428571428718,6792.1352,0.3272074957463026,91262.18000000001,82.94427045238835
2025-11-30 11:00:00,91218.4,91315.8,90751.7,91279.1,7560.518,2025-11-30 11:14:59.999,690085794.29650,2609,4477.641,408723915.41110,0,65.12476166791046,117.85372783355706,115.65133556386608,2.202392269690975,91517.14450516018,91115.3,90713.45549483983,211.11428571428718,6934.2453,0.3755322330917024,91245.86,64.74448239720881
2025-11-30 11:15:00,91279.1,91283.1,91173.6,91205.0,2098.847,2025-11-30 11:29:59.999,191441455.16480,1861,68.274,6229156.71980,0,61.152547695689854,108.56860128337576,114.23478870776802,-5.6661874243922625,91517.44586222789,91132.58499999999,90747.7241377721,211.664285714288,6514.18825,0.12405041057392525,91245.26,65.19538327890041
2025-11-30 11:30:00,91205.1,91210.7,91082.0,91123.5,7628.436,2025-11-30 11:44:59.999,695086522.89540,2187,2067.034,188336507.44980,0,56.944340679865306,93.55525596589723,110.09888215939385,-16.54362619349662,91510.39895826721,91145.01499999998,90779.63104173276,213.93571428571678,6882.715050000001,-0.008559079043098156,91201.48000000001,56.58539565023569
2025-11-30 11:45:00,91123.5,91142.0,91000.6,91000.8,7659.148,2025-11-30 11:59:59.999,697346589.13370,2431,1373.064,124999666.28510,0,46.5105601469239,70.9384725294949,102.26680023341406,-31.328327703919157,91497.98468194634,91152.555,90807.12531805364,193.94285714285903,7135.573999999999,-0.1445148547444623,91165.36,107.41695862805598
2025-11-30 12:00:00,91000.6,91195.0,90990.4,91195.0,17929.313,2025-11-30 12:14:59.999,1633605026.01710,3020,14908.790,1358671320.27600,0,52.17896969282333,67.90209265735757,95.39385871820278,-27.491766060845208,91494.06505788009,91166.37,90838.6749421199,191.65714285714472,7655.50765,-0.2835295880018795,91160.68000000001,105.01117560004155
2025-11-30 12:15:00,91195.0,91300.5,91187.2,91243.1,14699.955,2025-11-30 12:29:59.999,1341259536.62320,3263,12549.805,1145102739.20230,0,53.665650271775334,68.58638657339907,90.03236428924204,-21.44597771584297,91491.3067947226,91182.14,90872.9732052774,188.80000000000186,8202.5974,-0.12281717645281345,91153.48000000001,95.6816962689522
2025-11-30 12:30:00,91243.1,91398.0,91174.7,91398.0,10670.921,2025-11-30 12:44:59.999,973735633.48870,2656,7639.143,697240257.78770,0,47.90191548036062,80.69759819908359,88.16541107121036,-7.467812872126771,91502.66731919645,91206.33,90909.99268080355,176.7785714285731,8666.62215,0.05550246148490113,91192.08,146.88930185992263
2025-11-30 12:45:00,91400.0,91450.8,91355.1,91401.1,4920.299,2025-11-30 12:59:59.999,449707690.57390,2084,2844.045,259990410.90640,0,51.83817627227496,89.51410191494506,88.43514923995731,1.0789526749877467,91506.42562670821,91230.34,90954.25437329178,166.90000000000146,8747.05965,0.044220326683145746,91247.6,165.7405050097399
2025-11-30 13:00:00,91401.1,91465.3,91355.1,91401.7,4540.843,2025-11-30 13:14:59.999,415192168.21150,2096,3965.063,362564326.38560,0,52.196382428940346,95.44937859357742,89.83799511068135,5.611383482896073,91502.73680925783,91253.545,91004.35319074217,168.35714285714388,8871.8627,0.21237172177878813,91327.78,100.71254639251667
2025-11-30 13:15:00,91419.0,91905.4,91401.7,91800.0,18419.466,2025-11-30 13:29:59.999,1688288196.20090,3533,16013.353,1467594089.57120,0,63.531078666913146,130.78500130656175,98.02739634985744,32.75760495670431,91626.86798392439,91288.94499999999,90951.0220160756,196.94285714285797,9061.682999999999,0.5009721662667128,91448.78,207.80295233907245
2025-11-30 13:30:00,91800.0,91816.2,91672.0,91680.5,7850.817,2025-11-30 13:44:59.999,720319222.70510,2068,1986.900,182399699.20030,0,64.85755612854533,147.4464150981221,107.91120009951038,39.53521499861171,91687.97183030132,91316.405,90944.83816969868,194.37857142857163,8947.87815,0.5473704066838257,91536.26,190.95445268653322
2025-11-30 13:45:00,91680.5,91737.8,91606.8,91719.9,8494.321,2025-11-30 13:59:59.999,778774411.73710,2092,4635.569,425125828.79430,0,62.62457360711653,161.96294823856442,118.72154972732119,43.24139851124323,91747.75151084973,91345.775,90943.79848915026,192.70000000000022,9000.336800000001,0.5497794304657833,91600.63999999998,186.9079399083861
2025-11-30 14:00:00,91719.9,91734.2,91625.4,91641.6,3862.905,2025-11-30 14:14:59.999,354017104.74770,2114,542.277,49719045.30370,0,66.2914188615128,165.24441496410873,128.0261227746787,37.21829218943003,91776.04378649456,91355.13999999998,90934.23621350541,188.25714285714326,8301.28045,0.39713362642707906,91648.74,150.02647433298367
2025-11-30 14:15:00,91641.5,91650.4,91495.2,91510.1,11026.016,2025-11-30 14:29:59.999,1009555863.24530,2660,941.790,86204881.68570,0,59.678810803637035,155.44220895174658,133.50934001009227,21.932868941654306,91789.45125327083,91362.88,90936.30874672918,195.2642857142855,8321.3666,0.33452113370978104,91670.42,107.09102203629577
2025-11-30 14:30:00,91510.0,91520.2,91247.0,91311.6,13161.225,2025-11-30 14:44:59.999,1202662079.18820,2723,508.646,46460995.73230,0,50.98802213169576,130.1562388970342,132.83871978748067,-2.6824808904464703,91788.23914910782,91361.095,90933.95085089219,174.48571428571344,8868.8836,0.20642315099837671,91572.74,165.9275836044223
2025-11-30 14:45:00,91311.6,91421.5,91295.0,91418.3,2780.933,2025-11-30 14:59:59.999,254145882.78780,1892,2256.866,206250112.54610,0,56.35843319620838,117.3737126274209,129.7457183554687,-12.37200572804781,91791.88398135886,91363.975,90936.06601864116,175.69999999999916,8622.82585,0.4587871754973582,91520.3,164.7859065600464
2025-11-30 15:00:00,91393.3,91432.5,91287.4,91330.4,6438.602,2025-11-30 15:14:59.999,588126022.87640,2079,682.135,62299239.42820,0,56.14420621250805,99.00935486487288,123.59844565734954,-24.589090792476668,91792.07129006878,91370.095,90948.11870993122,176.87142857142837,8395.5812,0.14847305225066526,91442.4,136.47104088721042
2025-11-30 15:15:00,91330.4,91557.8,91316.7,91548.6,10972.258,2025-11-30 15:29:59.999,1003722255.60980,2846,10313.266,943426834.26010,0,65.39455935251809,100.89928134874208,119.05861279562805,-18.15933144688597,91809.54736370649,91380.405,90951.26263629351,183.99285714285776,8411.2027,0.3348198384316184,91423.8,105.31545471033091
2025-11-30 15:30:00,91557.8,91557.8,91343.1,91396.5,6737.787,2025-11-30 15:44:59.999,615901735.04240,2636,730.179,66729931.55330,0,55.79989637902249,89.09681028797058,113.06625229409656,-23.969442006125973,91809.9597154918,91391.16,90972.3602845082,184.71428571428572,8411.676199999998,-0.0016411737674785006,91401.08,93.65093166033763
2025-11-30 15:45:00,91396.5,91446.5,91343.1,91428.4,4886.77,2025-11-30 15:59:59.999,446798331.61410,2307,4837.665,442309766.87420,0,55.383810796675846,81.37924110602762,106.72885005648276,-25.349608950455135,91812.68017060406,91401.66,90990.63982939595,184.00714285714224,8616.969000000001,0.02986834950562778,91424.44,79.20424862874145
2025-11-30 16:00:00,91428.4,91448.0,91391.6,91448.0,568.785,2025-11-30 16:14:59.999,51987664.53920,1578,43.511,3978878.90800,0,51.576690211907156,75.96884654916357,100.57684935501892,-24.60800280585535,91817.4464679179,91410.10500000001,91002.76353208213,172.08571428571304,8267.382350000002,0.05065551297186257,91430.38,79.74052922348879
2025-11-30 16:15:00,91446.5,91728.4,91446.5,91719.1,10729.1,2025-11-30 16:29:59.999,982399172.65770,2770,10309.724,943957129.99250,0,58.57790246007766,92.49040241999319,98.95955996801379,-6.469157548020604,91853.40927859794,91435.81000000001,91018.21072140208,185.38571428571282,8698.895,-0.08812636165576708,91508.12,130.93882923267682
2025-11-30 16:30:00,91728.4,91728.4,91604.8,91663.5,13310.397,2025-11-30 16:44:59.999,1219985384.58870,2922,5130.503,470334158.70760,0,56.85843026302002,99.9452920348267,99.15670638137638,0.7885856534503262,91864.92904444654,91462.81000000001,91060.69095555348,186.34285714285528,8982.99305,-0.018542656290050773,91531.1,148.6975285632504
2025-11-30 16:45:00,91663.5,91815.1,91645.7,91789.4,6149.063,2025-11-30 16:59:59.999,564155463.79150,2178,5985.772,549184226.53420,0,49.67607871898283,114.69034467282472,102.26343403966607,12.426910633158656,91866.48022959303,91502.24,91137.99977040698,162.46428571428467,8907.488800000001,0.07577417768663071,91609.68000000001,162.91981770429183
2025-11-30 17:00:00,91811.8,91815.1,91342.5,91369.0,21904.243,2025-11-30 17:14:59.999,2005670275.08320,3741,91.784,8402851.39810,0,41.95963037530331,91.3995415296813,100.09065553766912,-8.69111400798782,91851.84581136497,91510.94,91170.03418863504,185.92142857142815,9106.2353,-0.2974631608352602,91597.8,180.64483109350667
2025-11-30 17:15:00,91369.0,91473.7,91335.5,91382.4,4831.157,2025-11-30 17:29:59.999,441640946.09430,2103,2402.337,219642683.58070,0,41.17000680236516,73.17911694140639,94.70834781841658,-21.529230877010193,91840.99654953403,91517.905,91194.81345046597,186.43571428571366,8612.795399999999,-0.13954743793309332,91584.68,195.97618988235666
2025-11-30 17:30:00,91382.4,91473.7,91281.1,91446.4,7318.511,2025-11-30 17:44:59.999,668676447.66260,2458,3955.438,361559365.74640,0,44.85449177562184,63.17531856666028,88.40174196806534,-25.226423401405057,91840.34550511818,91520.325,91200.30449488181,192.42142857142713,8445.1749,0.14762636948644897,91530.14,186.9533578217246
2025-11-30 17:45:00,91446.4,91486.5,91436.9,91444.1,82.474,2025-11-30 17:59:59.999,7543623.48890,1595,48.034,4393842.99380,0,48.133061778682965,54.4341623634391,81.60822604714009,-27.174063683700993,91839.68837250516,91522.475,91205.26162749485,184.8785714285706,8203.28365,0.028221920556390688,91486.26,173.05848144724646
2025-11-30 18:00:00,91444.1,91469.4,91152.0,91256.6,20179.282,2025-11-30 18:14:59.999,1842646512.54400,3643,1257.378,114702109.69250,0,48.43447569167711,32.008080866755336,71.68819701106314,-39.6801161443078,91850.203346658,91515.22,91180.236653342,188.03571428571325,8985.2056,-0.08080551492163437,91379.7,77.2522491636977
2025-11-30 18:15:00,91256.6,91347.7,91225.4,91344.5,3445.114,2025-11-30 18:29:59.999,314591212.12000,2207,3329.734,304062291.07830,0,47.87662561859815,21.08499045348435,61.56755569954738,-40.482565246063025,91807.23395505146,91492.44499999999,91177.65604494853,187.73571428571344,8236.488000000001,-0.22294169435688346,91374.8,78.86085848411089
2025-11-30 18:30:00,91347.7,91381.5,91296.3,91347.9,1688.145,2025-11-30 18:44:59.999,154247249.60850,1992,1634.753,149371105.99450,0,50.5292445412206,12.557953913710662,51.76563534238004,-39.207681428669375,91783.84262882105,91475.81499999999,91167.78737117893,183.4571428571414,7928.354399999999,-0.05317490275886475,91367.9,79.5360610091574
2025-11-30 18:45:00,91348.0,91432.2,91347.9,91420.3,3258.331,2025-11-30 18:59:59.999,297751514.67780,2374,3171.193,289790757.92130,0,45.74461028192358,11.509615269576898,43.71443132781941,-32.204816058242514,91747.2653959011,91460.83499999999,91174.40460409889,172.2571428571412,7666.5549,-0.008859391611349722,91362.68000000001,73.74145374789967
2025-11-30 19:00:00,91400.3,91432.3,91386.1,91429.8,101.735,2025-11-30 19:14:59.999,9298904.48610,1697,23.430,2142132.62520,0,51.2198695875157,11.314938380062813,37.23453273826809,-25.91959435820528,91723.91229303117,91450.24500000001,91176.57770696885,160.2214285714269,7478.496400000001,-0.019902020820572446,91359.82,69.97533137366446
2025-11-30 19:15:00,91429.6,91432.0,91289.7,91309.6,8014.865,2025-11-30 19:29:59.999,732093238.39270,2609,55.399,5062926.02630,0,45.912469033856674,1.4448645961965667,30.076599109853788,-28.63173451365722,91719.29134422893,91440.22,91161.14865577107,162.99999999999895,7327.9388500000005,-0.4464718908057318,91370.42,52.182535400763314
2025-11-30 19:30:00,91309.5,91428.3,91282.9,91427.2,2980.899,2025-11-30 19:44:59.999,272401754.61970,2168,2888.234,263934558.53560,0,49.32955131511077,3.0766316932276823,24.676605626528566,-21.599973933300884,91718.56756576413,91446.0,91173.43243423587,169.35714285714286,6818.92255,-0.2577907236795485,91386.95999999999,54.9461827686673
2025-11-30 19:45:00,91427.2,91432.0,91394.7,91423.1,305.661,2025-11-30 19:59:59.999,27937670.51970,1832,56.799,5192185.99560,0,38.47531537143705,3.9929548411164433,20.539875469446145,-16.5469206283297,91718.71330648832,91446.23999999999,91173.76669351166,151.8857142857149,6695.15895,-0.39906568732336023,91402.0,51.782574297190735
2025-11-30 20:00:00,91423.1,91581.3,91379.1,91517.4,13268.756,2025-11-30 20:14:59.999,1214215986.36760,3229,12519.854,1145673382.14700,0,44.4780406682284,12.187875200965209,18.869475415749957,-6.681600214784748,91724.13166708207,91455.59,91187.04833291793,157.50000000000105,7036.666649999999,0.16241832569032624,91421.42,73.86191170582246
2025-11-30 20:15:00,91517.4,91523.1,91277.5,91277.5,9596.613,2025-11-30 20:29:59.999,877011186.41350,2844,388.769,35519022.49430,0,32.18734776254378,-0.6678182516043307,14.9620166822791,-15.62983493388343,91718.07271883996,91442.035,91165.99728116005,162.94285714285797,6967.8844,-0.11479234513428645,91390.95999999999,97.24455255101286
2025-11-30 20:30:00,91277.5,91320.2,91169.3,91213.1,13525.815,2025-11-30 20:44:59.999,1233890469.64960,3179,4530.977,413266321.92980,0,42.788417059857366,-15.86965422439971,8.795682500943336,-24.665336725343046,91726.87213401879,91432.86499999999,91138.85786598119,139.96428571428572,7307.2858,-0.25512212618538116,91371.66,123.46891511976406
2025-11-30 20:45:00,91213.1,91299.6,91212.8,91272.6,4393.388,2025-11-30 20:59:59.999,401012401.84360,2481,4323.300,394615626.94620,0,45.12866015971633,-22.852635066621588,2.466018987430349,-25.318654054051937,91727.70980773689,91425.075,91122.44019226311,136.29285714285757,7282.6167000000005,-0.18754627143796046,91340.74,125.42552770811768
2025-11-30 21:00:00,91281.5,91291.2,91080.8,91116.8,6423.314,2025-11-30 21:14:59.999,585594525.52260,2584,107.188,9770609.48610,0,36.47850344601221,-40.49169259182236,-6.125523328420195,-34.36616926340216,91740.67394278944,91408.515,91076.35605721056,137.56428571428634,7575.343150000001,-0.1531943990900416,91279.48,147.92588347167742
2025-11-30 21:15:00,91116.8,91162.0,90891.7,91008.9,11217.731,2025-11-30 21:29:59.999,1020785890.01960,3062,1501.798,136652033.24670,0,33.56991845363852,-62.45743062334077,-17.391904787404314,-45.065525835936455,91716.99867483662,91373.00499999999,91029.01132516336,153.32857142857185,7599.7747,-0.3674003360903019,91177.78,114.47863119773425
2025-11-30 21:30:00,91008.9,91133.6,90942.1,91026.2,10471.873,2025-11-30 21:44:59.999,953507706.02610,2785,8160.160,743058372.54320,0,40.019060821347466,-77.57523186599428,-29.428570203122312,-48.14666166287197,91689.86825434746,91341.13999999998,90992.41174565251,144.3357142857151,7457.8485,-0.35217011009557647,91127.51999999999,114.91682644818395
2025-11-30 21:45:00,91026.2,91149.9,91012.4,91128.0,2341.915,2025-11-30 21:59:59.999,213308498.23000,2124,2274.828,207198451.61600,0,40.73281397140637,-80.41481709181971,-39.6258195808618,-40.78899751095791,91598.35960568664,91308.06999999999,91017.78039431335,145.4214285714292,7267.491099999999,-0.31973205075897027,91110.5,104.94212691253601
2025-11-30 22:00:00,91128.0,91270.5,91118.7,91233.1,13043.916,2025-11-30 22:14:59.999,1189592536.49710,3038,12921.269,1178411032.00370,0,45.47960308710075,-73.3391095953557,-46.36847758376059,-26.970632011595107,91591.92141479443,91301.275,91010.62858520556,150.17857142857247,6824.474749999999,-0.215137734086695,91102.6,90.13004494023521
2025-11-30 22:15:00,91233.0,91288.9,91174.9,91188.8,1215.273,2025-11-30 22:29:59.999,110863414.57090,1995,349.485,31899854.09360,0,40.678102601272315,-70.49359392607585,-51.19350085222364,-19.300093073852203,91583.7568763833,91291.595,90999.4331236167,152.30000000000084,6643.680549999999,-0.13229715166861195,91117.0,98.34340344387469
2025-11-30 22:30:00,91188.8,91189.8,91010.2,91046.5,17962.552,2025-11-30 22:44:59.999,1636225328.37240,3611,4067.176,370505885.23060,0,36.056747908330046,-78.81242245955218,-56.717285173689355,-22.095137285862826,91573.72027582477,91271.6,90969.47972417524,161.82857142857287,7175.8826,-0.4163968709530611,91124.51999999999,89.00503918836253
2025-11-30 22:45:00,91046.5,91191.9,91044.3,91179.0,6787.012,2025-11-30 22:59:59.999,618573462.64060,2444,5851.309,533375913.43860,0,45.29131814248605,-73.86207532812841,-60.14624320457717,-13.715832123551245,91551.73489669974,91258.345,90964.95510330026,162.20714285714348,7511.1095000000005,-0.2670003533023993,91155.08,71.27283494371176
2025-11-30 23:00:00,91191.9,91194.6,90841.9,90931.3,11609.12,2025-11-30 23:14:59.999,1056284412.13300,3062,2744.138,249671197.31030,0,33.654163095787595,-88.90140933821385,-65.8972764313045,-23.004132906909348,91569.92243071973,91242.08,90914.23756928027,177.01428571428656,7082.6014,-0.6404246624139139,91115.74000000002,124.42392455200303
2025-11-30 23:15:00,90931.3,90946.1,90616.6,90616.6,12565.788,2025-11-30 23:29:59.999,1140838068.91180,3016,782.145,71053768.22800,0,27.9343365253078,-124.77551536505052,-77.67292421805371,-47.102591146996815,91632.36781959566,91205.685,90779.00218040434,197.8857142857149,7538.6350999999995,-0.7240557640163175,90992.44,235.2010693023067
2025-11-30 23:30:00,90616.6,90642.6,90480.6,90589.0,13213.493,2025-11-30 23:44:59.999,1196584386.90500,3015,2187.294,198092656.14020,0,23.63698318945977,-153.6617748976132,-92.87069435396562,-60.791080543647595,91669.53790607186,91167.74,90665.94209392816,195.01428571428656,8114.902500000001,-0.6842218935657332,90872.48000000001,261.5017915827231
2025-11-30 23:45:00,90563.8,90653.6,90333.5,90333.9,19349.256,2025-11-30 23:59:59.999,1751055924.83790,3480,5788.854,524593068.77330,0,23.434684684684953,-194.8921859285474,-113.27499266888198,-81.61719325966543,91723.60457122345,91113.42000000001,90503.23542877658,200.3357142857151,8919.44875,-1.0284576094030538,90729.96,328.54164576352406
2025-12-01 00:00:00,90333.9,90392.9,88907.5,88916.9,43746.05,2025-12-01 00:14:59.999,3917283696.66030,5827,5342.184,476670251.67230,0,13.303074857764074,-338.0112579792185,-158.2222457309493,-179.7890122482692,92128.17338261213,90987.775,89847.37661738785,295.6571428571437,11101.664499999999,-2.4143736391093724,90277.54000000001,789.6025601535875
2025-12-01 00:15:00,88907.5,89011.1,88341.2,88358.5,26469.548,2025-12-01 00:29:59.999,2344697664.26630,3855,5255.014,465740078.58380,0,9.833218470020924,-490.8343342812732,-224.7446634410141,-266.0896708402591,92465.7713313824,90840.22,89214.6686686176,337.30714285714413,12024.39865,-2.912242648795881,89762.98000000001,1051.8247510879335
2025-12-01 00:30:00,88358.5,88365.6,87705.8,87720.3,42466.222,2025-12-01 00:44:59.999,3735908247.30450,4955,15211.855,1337534755.40790,0,8.679043285724944,-655.8845013637329,-310.9726310255579,-344.91187033817494,92770.1717330753,90654.875,88539.5782669247,369.4071428571447,13998.664799999999,-3.6318115004251457,89183.72,1244.1367457001215
2025-12-01 00:45:00,87720.3,87722.6,87018.6,87049.1,39325.634,2025-12-01 00:59:59.999,3434687118.64440,5175,3456.861,301807824.00890,0,7.632885389027024,-831.2658630224905,-415.0312774249445,-416.234585597546,93060.29916175902,90436.175,87812.05083824099,400.38571428571595,15949.663450000002,-4.476011763673069,88475.74,1251.7105528042093
2025-12-01 01:00:00,87049.1,87574.0,86971.4,87370.1,33717.878,2025-12-01 01:14:59.999,2943520346.52120,4438,22917.120,2000831230.69270,0,13.26930418533641,-933.5929599001829,-518.7436139199923,-414.8493459801906,93133.62975953415,90228.81,87323.99024046585,429.7500000000021,16972.11955,-4.234208856215562,87882.98000000001,754.9795308493743
2025-12-01 01:15:00,87370.1,87634.1,87259.3,87259.3,19366.929,2025-12-01 01:29:59.999,1693496055.30070,3511,8826.425,772273669.83190,0,11.203594135462097,-1011.9632727257122,-617.3875456811363,-394.57572704457584,93173.20015570616,90027.9,86882.59984429383,446.70000000000226,17460.635350000004,-4.3091914796553965,87551.46,512.4536544914204
2025-12-01 01:30:00,87260.2,87505.3,87178.8,87468.4,28455.092,2025-12-01 01:44:59.999,2486036933.99900,4386,13397.877,1170877332.75290,0,13.017937484036864,-1045.151828099275,-702.9404021647641,-342.2114259345109,93131.37087166356,89840.66500000001,86549.95912833646,459.1785714285735,18207.099200000004,-3.9299698505708682,87373.44,248.77941635442252
2025-12-01 01:45:00,87468.4,87468.4,87188.0,87188.0,19923.465,2025-12-01 01:59:59.999,1739245560.91380,3206,2980.604,260177064.88830,0,12.440856177243575,-1081.6117865475098,-778.6746790413133,-302.9371075061965,93057.37778435067,89636.435,86215.49221564933,471.0642857142874,18983.603049999998,-4.377104377104377,87266.98000000001,161.99712034991947
2025-12-01 02:00:00,87188.0,87444.7,87058.2,87369.0,25042.304,2025-12-01 02:14:59.999,2184922379.79890,3910,14116.708,1232352294.53390,0,15.725017242343355,-1083.412474373923,-839.6222381078354,-243.79023626608762,92938.45804035821,89449.045,85959.63195964179,485.8428571428584,19914.55255,-3.9175729369315104,87330.95999999999,108.90529372650424
2025-12-01 02:15:00,87369.0,87444.7,87084.0,87084.0,13062.94,2025-12-01 02:29:59.999,1138810286.01730,2922,598.624,52175601.99720,0,12.88878416588112,-1095.2117315100331,-890.740136788275,-204.47159472175815,92813.58241609175,89252.8,85692.01758390825,501.0642857142874,20006.813000000002,-3.8984027209142758,87273.74,150.43944961899095
2025-12-01 02:30:00,87084.0,87154.6,86623.0,86807.2,27480.727,2025-12-01 02:44:59.999,2388407225.00400,3868,3498.428,303904657.39510,0,12.821160052647585,-1114.0560300467478,-935.4033154399696,-178.6527146067782,92659.70274990723,89041.85,85423.99725009278,513.8428571428584,20857.2557,-4.1746790449171565,87183.32,258.4087305059178
2025-12-01 02:45:00,86807.2,86816.5,86492.6,86698.7,19312.961,2025-12-01 02:59:59.999,1673426010.42250,3574,6563.889,568875037.79960,0,13.316230033145303,-1124.7795570479211,-973.2785637615599,-151.50099328636122,92442.81434319392,88820.38500000001,85197.9556568061,513.442857142858,21705.808,-4.024181398124068,87029.38,274.8629694988131
2025-12-01 03:00:00,86698.7,86748.8,86372.2,86372.2,20703.075,2025-12-01 03:14:59.999,1791229991.17050,3702,2188.458,189389644.09180,0,12.610391913459722,-1146.4087641622464,-1007.9046038416973,-138.5041603205491,92170.3294261509,88577.34,84984.3505738491,528.7714285714299,22088.76595,-2.8618856482850807,86866.22,379.4133392511805
2025-12-01 03:15:00,86371.6,86558.1,86320.9,86379.4,24970.542,2025-12-01 03:29:59.999,2158011133.31220,3134,9096.228,786464748.03530,0,13.323811467047378,-1149.7158778368466,-1036.2668586407272,-113.44901919611948,91836.49922312914,88336.87,84837.24077687085,522.8500000000016,23276.5294,-2.239852419405044,86668.3,301.72929921000923
2025-12-01 03:30:00,86379.4,86395.7,86182.3,86395.7,23816.202,2025-12-01 03:44:59.999,2055033274.82270,3179,7389.095,637835277.83150,0,18.40918203688841,-1137.9044611678255,-1056.5943791461468,-81.31008202167868,91461.01136618837,88104.32999999999,84747.64863381161,431.9928571428588,23569.211900000002,-1.5100267554944589,86530.63999999998,206.70944100786468
2025-12-01 03:45:00,86395.7,86407.5,86241.5,86363.8,11297.106,2025-12-01 03:59:59.999,975126929.90300,2569,6940.151,599092068.11440,0,21.20730967984052,-1118.2276593767747,-1068.9210351922725,-49.3066241845022,90973.35973877323,87863.56999999999,84753.78026122676,396.000000000001,23794.7166,-0.7872568469978471,86441.95999999999,144.0005312552604
2025-12-01 04:00:00,86363.8,86365.5,86000.1,86010.2,25242.651,2025-12-01 04:14:59.999,2175449862.19500,4083,6811.230,587339123.18240,0,23.10571509451748,-1118.275433935065,-1078.791914940831,-39.48351899423392,90473.69628517785,87617.51499999998,84761.33371482212,374.971428571429,24476.39315,-1.5564821374818258,86304.25999999998,164.80248178295358
2025-12-01 04:15:00,86032.1,86034.6,85701.9,85702.8,20892.163,2025-12-01 04:29:59.999,1793535922.07400,3792,2213.325,190153934.98950,0,26.091280412004792,-1130.0909218774905,-1089.051716328163,-41.03920554932756,89976.0226623804,87371.825,84767.62733761959,348.45000000000124,24892.711900000002,-1.7837640228606004,86170.38,306.65878758294474
2025-12-01 04:30:00,85702.8,85947.1,85689.4,85870.0,17664.792,2025-12-01 04:44:59.999,1516498974.28860,3482,11976.347,1028217905.56530,0,21.820640943757454,-1113.1316497882071,-1093.8677030201718,-19.26394676803534,89336.62038844172,87135.875,84935.12961155828,323.8142857142874,25115.276850000002,-1.827402810615027,86068.5,304.4665663120662
2025-12-01 04:45:00,85870.0,85877.0,85732.4,85767.7,11981.884,2025-12-01 04:59:59.999,1027986316.79570,2720,2654.162,227745285.79840,0,21.890547263681285,-1095.3198935953114,-1094.1581411351997,-1.1617524601117566,88600.12525722168,86907.56499999999,85215.0047427783,307.37142857143044,24746.90825,-1.6290085791622735,85942.9,262.3659467268665
2025-12-01 05:00:00,85767.7,85875.5,85614.8,85726.5,23715.594,2025-12-01 05:14:59.999,2033778032.33600,3454,10517.018,902198179.76000,0,14.955940932684129,-1072.169145653912,-1089.760342038942,17.591196385030116,88231.72221340911,86748.045,85264.36778659088,302.6714285714302,23745.385449999998,-1.8799574219688906,85815.43999999999,126.27890956890165
2025-12-01 05:15:00,85726.5,85960.2,85673.8,85960.2,14153.498,2025-12-01 05:29:59.999,1214682930.99900,2796,11048.541,948556070.17780,0,24.82571967522334,-1023.1699084274151,-1076.4422553166366,53.27234688922158,87941.67948153144,86628.13,85314.58051846857,303.10000000000167,23129.58295,-1.2904781590188816,85805.44,107.5981551975367
2025-12-01 05:30:00,85960.2,85968.1,85674.2,85716.7,11590.624,2025-12-01 05:44:59.999,994309890.00140,3003,2479.731,212840709.38380,0,16.968533845107984,-992.544638139676,-1059.6627318812446,67.1180937415686,87795.59238939018,86527.95,85260.30761060982,296.4857142857166,21585.803050000002,-1.2562322019371666,85808.22,104.41578904510976
2025-12-01 05:45:00,85716.7,85950.3,85716.5,85950.3,15204.568,2025-12-01 05:59:59.999,1305852673.89480,3231,14003.509,1202677267.99470,0,26.860431889619164,-938.604672664791,-1035.4511200379538,96.84644737316285,87740.79472006546,86473.01000000001,85205.22527993456,287.42142857143125,20379.74975,-0.8632194023670415,85824.28,121.13109428181357
2025-12-01 06:00:00,85950.3,86178.3,85936.1,86178.3,16473.213,2025-12-01 06:14:59.999,1417924400.65600,2949,14706.928,1265924262.06830,0,36.902828106126954,-867.4596322196012,-1001.8528224742834,134.39319025468217,87613.91420630788,86413.42,85212.92579369212,266.7500000000021,19517.516499999998,-0.22449352916794316,85906.4,191.76897559796504
2025-12-01 06:15:00,86174.3,86196.1,85987.9,86006.6,9205.927,2025-12-01 06:29:59.999,792506367.82810,2528,2442.618,210438092.56430,0,35.95633294103337,-815.5305021589156,-964.5883584112099,149.0578562522943,87494.84625945195,86350.785,85206.72374054806,258.4857142857176,19009.466399999998,-0.43158438238745395,85962.42,165.14099128284772
2025-12-01 06:30:00,86006.6,86215.0,85982.3,86195.3,18265.636,2025-12-01 06:44:59.999,1572755823.57340,3014,14928.265,1285510218.58830,0,46.19782487211462,-750.4984999500157,-921.7703867189712,171.27188676895548,87303.96046271494,86287.13,85270.29953728507,248.20714285714556,18499.9936,-0.23195598855034935,86009.44,195.1025063956677
2025-12-01 06:45:00,86195.3,86266.1,86117.2,86183.7,12383.269,2025-12-01 06:59:59.999,1067533131.63060,2709,7647.495,659465850.20410,0,45.80169047925522,-691.9201677356323,-875.8003429223033,183.88017518667107,87161.42738761437,86236.91500000001,85312.40261238565,241.9000000000025,18122.9838,-0.2085364469835809,86102.84,115.44694886331723
2025-12-01 07:00:00,86183.7,86220.0,86056.2,86147.7,10338.585,2025-12-01 07:14:59.999,890412801.13260,2707,2631.604,226701127.31160,0,44.72430224642613,-641.0121277644212,-828.842699890727,187.8305721263058,86931.41868370768,86175.85,85420.28131629233,238.357142857146,17387.79785,0.1598647602261127,86142.32,77.8822958177271
2025-12-01 07:15:00,86147.7,86241.0,86025.2,86220.2,14607.046,2025-12-01 07:29:59.999,1258185061.65550,3204,9980.572,859956219.95230,0,46.9970723546632,-588.0384539662773,-780.6818507058372,192.64339673955988,86757.01181513544,86132.66,85508.30818486457,241.91428571428904,17465.00315,0.603714231040286,86150.7,84.67912967100013
2025-12-01 07:30:00,86231.0,86424.1,86127.0,86424.1,16833.742,2025-12-01 07:44:59.999,1452112427.50960,3233,12897.760,1112766574.54180,0,59.23348056931264,-523.5680433954985,-729.2590892437695,205.69104584827096,86670.6059413494,86113.505,85556.40405865062,237.03571428571846,16932.653899999998,0.6452777454291438,86234.2,109.32030919193994
2025-12-01 07:45:00,86403.5,86510.0,86403.5,86498.1,11648.553,2025-12-01 07:59:59.999,1007115128.22680,2859,7670.465,663261080.51240,0,69.80427312117136,-461.18731667028624,-675.6447347290729,214.45741805878663,86622.10985533481,86103.475,85584.8401446652,220.87857142857476,16549.4335,0.85160264295301,86294.76000000001,156.20191420661106
2025-12-01 08:00:00,86498.1,86577.9,86356.6,86430.3,15370.434,2025-12-01 08:14:59.999,1328707033.22280,3268,5830.461,504297031.02830,0,64.67906733036412,-412.46637901754,-623.0090635867664,210.54268456922637,86631.9569185128,86106.37999999999,85580.80308148717,218.2785714285731,16282.801450000003,0.8209830099210896,86344.08,151.22054093871884
2025-12-01 08:15:00,86430.3,86566.0,86422.0,86566.0,7737.673,2025-12-01 08:29:59.999,669364550.39450,2562,5983.063,517644180.49070,0,70.55461146300014,-358.76916143753624,-570.1610831569204,211.3919217193842,86667.65724348366,86115.70999999999,85563.76275651633,218.23571428571555,15421.158000000001,0.7047447539675372,86427.74,129.57527928498098
2025-12-01 08:30:00,86566.0,86716.9,86462.1,86685.1,11280.838,2025-12-01 08:44:59.999,977113550.26050,2924,10156.239,879719964.65960,0,73.73007228438453,-303.10929967045377,-516.7507264596271,213.64142678917335,86726.4297378658,86130.18000000001,85533.93026213422,217.81428571428634,14794.3898,1.1297681781963242,86520.72,108.50567727894216
2025-12-01 08:45:00,86685.1,86807.9,86677.9,86801.4,4395.616,2025-12-01 08:59:59.999,381437841.46310,2189,4105.033,356227623.18100,0,72.1089150546676,-246.76941595354583,-462.7544643584108,215.98504840486498,86813.01204190205,86152.06,85491.10795809794,206.6428571428582,14449.315299999998,0.9902234198135332,86596.18000000001,148.38186210498927
2025-12-01 09:00:00,86802.6,86856.8,86563.5,86587.9,17907.661,2025-12-01 09:14:59.999,1552948370.54740,3266,5040.871,437690712.76640,0,73.26425977355248,-216.84763337245386,-413.5730981612194,196.72546478876552,86865.85282930397,86180.945,85496.03717069604,206.60000000000062,14082.5658,0.4752936644143494,86614.14,138.6585482461872
2025-12-01 09:15:00,86585.6,86721.2,86513.2,86570.0,12173.089,2025-12-01 09:29:59.999,1054175328.71180,2717,2513.214,217691121.16880,0,68.7028430011468,-192.3613634485373,-369.330751218683,176.96938777014572,86891.32639941196,86224.30500000001,85557.28360058805,204.75714285714326,13646.612100000002,0.6550660065622803,86642.07999999999,101.43070048922336
2025-12-01 09:30:00,86569.9,86775.5,86544.2,86755.9,12093.889,2025-12-01 09:44:59.999,1048208744.16160,2836,9300.388,806297002.59710,0,67.88678310417424,-156.15518201587838,-326.6956373781221,170.54045536224373,86953.96254256209,86268.6,85583.23745743792,203.97857142857225,13368.066949999999,0.6503834895870091,86680.06,101.37451850305413
2025-12-01 09:45:00,86755.9,86834.2,86650.3,86679.9,10294.971,2025-12-01 09:59:59.999,892854449.46790,2836,6034.135,523525764.79050,0,72.16406610046715,-132.07164748014475,-287.7708393985267,155.69919191838193,86980.35998438383,86314.21,85648.06001561618,202.24285714285674,13283.7213,0.5757469219817635,86679.01999999999,101.3365531371887
2025-12-01 10:00:00,86679.9,86758.1,86666.7,86680.6,4950.699,2025-12-01 10:14:59.999,429249302.58990,2256,2606.992,226046693.75500,0,68.23202344278306,-111.64185093528067,-252.54504170587748,140.9031907705968,86986.18945137692,86361.91500000001,85737.6405486231,192.1500000000004,12345.47655,0.6185887725383368,86654.86,76.13063116598677
2025-12-01 10:15:00,86680.6,86945.0,86523.7,86546.6,22116.497,2025-12-01 10:29:59.999,1915570624.67050,3888,7989.500,692107543.27560,0,62.48537810500268,-105.0527869649668,-223.04659075769536,117.99380379272856,86990.65641674493,86391.235,85791.81358325508,211.60714285714286,12743.6265,0.37856557975974164,86646.6,86.71640560893267
2025-12-01 10:30:00,86546.6,86606.7,86280.0,86587.7,10035.273,2025-12-01 10:44:59.999,868586070.63730,2720,3500.755,303108397.85750,0,65.0850246845859,-95.41459967235278,-197.52019254062685,102.10559286827407,86948.26080182812,86434.785,85921.30919817189,223.24285714285674,12665.858949999998,0.1892990496863621,86650.14,83.09321874697167
2025-12-01 10:45:00,86587.7,86639.2,86574.7,86598.9,12179.845,2025-12-01 10:59:59.999,1054830735.12050,2977,6616.087,573016294.85310,0,63.553074225180715,-85.88252017335617,-175.19265806717274,89.31013789381657,86931.41698996136,86467.215,86003.01301003863,212.43571428571366,12514.6228,0.11653435162158285,86618.73999999999,59.43166665793161
2025-12-01 11:00:00,86598.9,86633.8,86448.3,86448.5,11419.842,2025-12-01 11:14:59.999,987872311.30250,2778,966.562,83596931.20660,0,50.90800833581403,-89.43336933883256,-158.04080032150472,68.60743098267216,86924.81473430568,86480.725,86036.63526569433,204.46428571428467,12261.954249999999,0.02105743009106423,86572.46,84.64693143729636
2025-12-01 11:15:00,86448.5,86494.7,86390.8,86420.0,4273.058,2025-12-01 11:29:59.999,369295059.28240,2368,789.917,68265394.90000,0,46.99175718357572,-93.46969424809504,-145.1265791068228,51.65688485872775,86887.22904383081,86501.39499999999,86115.56095616917,204.27857142856996,12015.3108,-0.16865744056558002,86520.34,81.59003003898495
2025-12-01 11:30:00,86417.4,86449.7,86258.5,86296.8,18457.138,2025-12-01 11:44:59.999,1593948485.26870,3707,3278.024,283245853.95180,0,45.06834133727363,-105.39479559581378,-137.180222404621,31.785426808807216,86877.74728949484,86506.47,86135.19271050516,202.1285714285706,12024.8859,-0.4479431874682072,86470.38,125.92484664185592
2025-12-01 11:45:00,86308.9,86309.8,86105.2,86105.2,10718.423,2025-12-01 11:59:59.999,924145785.88360,2647,2033.397,175468705.82640,0,33.652618135376414,-128.82107390988676,-135.50839270567414,6.687318795787377,86889.51744551696,86502.545,86115.57255448303,206.45714285714243,11941.6436,-0.802060796254435,86373.88,184.70210340383602
2025-12-01 12:00:00,86105.2,86171.8,85832.2,85842.9,16109.491,2025-12-01 12:14:59.999,1385096164.16960,3095,1158.675,99646462.39190,0,22.877753445832013,-166.6311657638289,-141.7329473173051,-24.8982184465238,86949.76361255492,86487.30500000001,86024.8463874451,212.51428571428656,12230.1889,-0.8603973534408388,86222.68,251.72307602173385
2025-12-01 12:15:00,85842.9,86005.6,85792.2,85793.0,13701.597,2025-12-01 12:29:59.999,1176813796.39920,3214,6240.854,536266949.74130,0,16.074552550127635,-198.33615321904654,-153.0535884976534,-45.28256472139313,87012.21699886803,86465.945,85919.67300113199,218.47142857143004,12184.91645,-0.8975395633591313,86091.58,274.3866833537643
2025-12-01 12:30:00,85792.9,85820.1,85382.0,85426.2,22443.145,2025-12-01 12:44:59.999,1922514893.06210,3747,1807.858,155001069.61110,0,14.571515706007702,-250.17640090368513,-172.47815097885976,-77.69824992482538,87133.79363551771,86416.05,85698.3063644823,228.81428571428737,12465.386600000002,-1.5326911483829886,85892.82,331.0949138871335
2025-12-01 12:45:00,85455.3,85485.7,84775.2,85379.7,37182.477,2025-12-01 12:59:59.999,3170509595.99470,4664,16800.356,1432727516.00110,0,14.321683352316725,-291.6503681676695,-196.31259441662172,-95.33777375104779,87212.58636925535,86360.12999999999,85507.67363074463,264.7071428571445,13742.082799999998,-1.5000017305049926,85709.4,304.2914638992866
2025-12-01 13:00:00,85379.6,86083.6,85357.1,85999.8,26365.677,2025-12-01 13:14:59.999,2262224937.66360,4066,21340.255,1830785771.42200,0,32.01731436997598,-271.3538995777053,-211.32085544883847,-60.033044128866834,87205.22410646753,86338.60500000001,85471.98589353249,300.0785714285729,14291.844950000002,-0.7854121914246127,85688.32,271.94938316160227
2025-12-01 13:15:00,85991.3,86058.7,85898.5,85981.0,11783.921,2025-12-01 13:29:59.999,1013157889.64530,3032,5592.044,480911251.78800,0,32.91281599921783,-253.85947091518028,-219.82857854210687,-34.030892373073414,87183.11852450031,86309.35500000001,85435.5914754997,298.38571428571595,14494.15735,-0.6535207622252125,85715.94,297.3962642703661
2025-12-01 13:30:00,85981.0,85987.2,85730.4,85742.5,15926.931,2025-12-01 13:44:59.999,1366796006.64700,2969,2486.877,213405638.38500,0,29.453764948092157,-256.2856653144554,-227.1199958965766,-29.165669417878803,87152.18814028332,86262.225,85372.26185971669,310.20000000000124,14726.462,-0.9761201648732984,85705.84,294.9725800849496
2025-12-01 13:45:00,85741.4,86052.1,85721.9,85965.4,13472.674,2025-12-01 13:59:59.999,1157050411.68410,2626,11733.259,1007778522.09130,0,37.74770216713014,-237.48469892851426,-229.19293650296413,-8.291762425550132,87081.83314429801,86220.425,85359.016855702,303.692857142859,15180.314899999998,-0.7315335414191173,85813.68,264.13104134489816
2025-12-01 14:00:00,85965.5,86249.1,85949.7,86193.9,16097.423,2025-12-01 14:14:59.999,1385818620.08160,2861,13112.926,1128790778.52900,0,42.30618943419812,-201.82029849592072,-223.71840890155545,21.898110405634725,87044.59052402731,86200.725,85356.8594759727,301.74285714285986,15089.803,-0.2945106045796119,85976.51999999999,160.23818833815812
2025-12-01 14:15:00,86204.5,86232.4,85955.0,86232.4,9859.73,2025-12-01 14:29:59.999,848863304.23960,2201,5732.492,493613874.20290,0,42.91513628455442,-168.50693293195218,-212.67611370763478,44.169180775682605,87009.9275050612,86183.845,85357.7624949388,316.95000000000226,14974.13505,-0.21707937977320738,86023.04,198.00073990236217
2025-12-01 14:30:00,86220.6,86500.0,85914.2,86012.2,25692.741,2025-12-01 14:44:59.999,2214084465.43450,3417,10900.236,939564713.12570,0,41.78744870684783,-158.05222278433212,-201.75133552297427,43.69911273864216,86930.1769091715,86146.66,85363.14309082851,345.54285714285965,15654.077650000001,-0.3297920664497476,86029.28,196.83281485027197
2025-12-01 14:45:00,85999.9,86215.4,85923.1,85999.0,13375.55,2025-12-01 14:59:59.999,1151054425.45200,2675,6121.038,527014942.07520,0,42.02953426732298,-149.11303708139167,-191.22367583465777,42.1106387532661,86856.75652382725,86112.61499999999,85368.47347617273,359.0000000000021,15808.1066,-0.12333749878055808,86080.57999999999,122.97183418111966
2025-12-01 15:00:00,85999.0,86038.1,85679.4,85679.9,20355.319,2025-12-01 15:14:59.999,1746974373.30140,3107,2529.904,217186326.55890,0,39.1272163276815,-165.86537834453338,-186.15201633663293,20.286637992099543,86780.01133499402,86062.58,85345.14866500598,370.96428571428885,16578.337600000003,-0.18988174910213892,86023.48000000001,218.7831506352438
2025-12-01 15:15:00,85679.5,85679.9,84921.2,84921.2,22891.628,2025-12-01 15:29:59.999,1953493670.79450,3613,1475.270,125936519.80930,0,32.60869565217391,-237.62330522199045,-196.44627411370445,-41.177031108286,86825.01590511505,85981.31,85137.60409488494,410.54285714285965,16617.094149999997,-1.0161668201368443,85768.93999999999,513.1981664054777
2025-12-01 15:30:00,84921.2,84936.6,83886.9,83887.5,29138.101,2025-12-01 15:44:59.999,2461120500.24730,4383,3983.543,336503557.38920,0,26.584279350481424,-373.59634416902554,-231.87628812476868,-141.72005604425686,87063.11342600023,85846.3,84629.48657399978,461.26428571428863,17572.23555,-1.801203846126829,85299.95999999999,905.3727867580589
2025-12-01 15:45:00,83887.5,84819.2,83872.1,84578.8,25275.291,2025-12-01 15:59:59.999,2133577746.55300,3616,16218.653,1368689077.96620,0,37.3961966450756,-420.72398044753936,-269.64582658932284,-151.07815385821652,87032.40724141881,85745.29500000001,84458.18275858121,513.6714285714303,18227.007849999998,-0.9380449919594404,85013.28,848.6251157031109
2025-12-01 16:00:00,84578.8,84698.2,84122.9,84122.9,22554.868,2025-12-01 16:14:59.999,1903186784.76330,3856,5855.486,494821422.18460,0,36.717014207382945,-489.220858096538,-313.5608328907659,-175.66002520577211,87060.7142205104,85629.015,84197.3157794896,523.47142857143,18783.759149999998,-2.182446935923117,84638.06,706.7249698448475
2025-12-01 16:15:00,84243.2,84601.5,84069.9,84601.4,14103.198,2025-12-01 16:29:59.999,1188629700.88040,3417,10629.517,896277347.62610,0,42.70967983663986,-499.1403963332705,-350.6767455792668,-148.46365075400365,86989.13490269643,85538.08499999999,84087.03509730355,510.692857142859,19275.266150000003,-1.6045405380258497,84422.36000000002,412.6504731637289
2025-12-01 16:30:00,84533.9,85347.9,84523.6,85180.0,20037.814,2025-12-01 16:44:59.999,1701013320.60890,3638,16373.213,1389768405.35070,0,42.26078090778641,-455.06777932404657,-371.55495232822284,-83.51282699582373,86895.82998707869,85482.245,84068.6600129213,517.6785714285725,19354.299949999997,-0.6560340554567455,84474.12,498.22263798651295
2025-12-01 16:45:00,85180.0,85200.0,84501.5,84555.2,18391.307,2025-12-01 16:59:59.999,1559400556.34250,3527,1731.835,146994702.45680,0,37.92186229330441,-465.1935890253808,-390.28267966765446,-74.91090935772633,86844.24575041006,85404.74500000001,83965.24424958996,556.1285714285726,19737.944150000003,-1.64042742777908,84607.66,376.2278139667661
2025-12-01 17:00:00,84528.1,84934.0,84501.5,84598.0,18925.118,2025-12-01 17:14:59.999,1603328753.65660,3668,14050.292,1190336019.06590,0,39.97231324583387,-464.4113192583609,-405.1084075857958,-59.302911672565074,86809.6232388265,85342.5,83875.3767611735,568.6785714285725,19878.7255,-1.8515231356279207,84611.5,375.9574976007404
2025-12-01 17:15:00,84598.1,84945.3,84437.1,84945.3,21770.35,2025-12-01 17:29:59.999,1844893019.18060,3358,15159.221,1285438293.39430,0,41.25293683867548,-430.80114984819375,-410.24695603827547,-20.554193809918274,86761.40701415787,85300.11499999999,83838.82298584211,581.3928571428571,20282.16315,-1.4925944308635632,84775.98000000001,275.1364606920963
2025-12-01 17:30:00,84945.3,85122.6,84676.3,85122.6,16914.74,2025-12-01 17:44:59.999,1436220041.56930,3037,11333.483,962846548.90060,0,40.73253862523587,-385.41539148012816,-405.28064312664605,19.86525164651789,86747.01957279666,85284.935,83822.85042720333,591.8857142857139,20005.7429,-1.0342718823608643,84880.22,290.74802149309943
2025-12-01 17:45:00,85122.6,85197.2,84932.7,84978.7,11092.024,2025-12-01 17:59:59.999,943950379.49270,2454,5758.460,490362647.80670,0,39.348886208009866,-356.9437529697607,-395.613265095269,38.669512125508334,86732.48548238774,85264.885,83797.28451761225,590.9642857142857,18701.22025,-1.1864091442923788,84839.95999999999,249.93177669548197
2025-12-01 18:00:00,84978.7,85408.3,84932.7,85401.3,19329.639,2025-12-01 18:14:59.999,1645242279.16940,3001,15556.125,1324477366.72050,0,44.982505708231436,-296.8574976927339,-375.86211161476206,79.00461392202817,86663.3482686107,85234.95999999999,83806.57173138928,583.0928571428574,18349.41835,-0.3251637782023453,85009.18000000001,291.84793472307075
2025-12-01 18:15:00,85365.8,85454.1,85236.6,85270.5,14797.006,2025-12-01 18:29:59.999,1262790138.62780,2479,8239.733,703295477.62620,0,44.13001788793456,-256.83256837094086,-352.05620296599784,95.22363459505698,86584.37952600645,85199.435,83814.49047399354,577.750000000001,18500.0726,0.41132249662039977,85143.68000000001,193.30595438860482
2025-12-01 18:30:00,85270.2,85289.3,84736.8,84736.8,19690.537,2025-12-01 18:44:59.999,1673341840.50490,2827,1183.693,100702137.38030,0,42.65487001355173,-265.12149761032197,-334.6692618948627,69.54776428454073,86524.06655555774,85149.15,83774.23344444224,591.5928571428574,18688.2529,1.0124273580688457,85101.98,258.3461960279217
2025-12-01 18:45:00,84760.8,85203.0,84730.5,85198.6,16379.744,2025-12-01 18:59:59.999,1391158032.18310,2532,12426.658,1055818975.51270,0,52.26522946268174,-231.75559889347642,-314.0865292945855,82.33093040110907,86431.58815325482,85110.81,83790.03184674517,571.1500000000004,18833.6064,0.7328077485138154,85117.18000000001,262.07158755213146
2025-12-01 19:00:00,85198.6,85207.1,84760.7,84992.1,19609.282,2025-12-01 19:14:59.999,1666663382.28550,2787,4909.100,417595356.01110,0,60.429019222780276,-219.4460702817887,-295.15843749202617,75.71236721023746,86269.42966034592,85050.72,83832.01033965408,528.057142857143,19009.199350000003,1.0332501613710556,85119.86,260.3643850492874
2025-12-01 19:15:00,84992.1,85029.4,84735.8,84735.8,16048.382,2025-12-01 19:29:59.999,1361778654.92610,2565,2319.791,196985284.66650,0,51.614960500329154,-227.7466268363787,-281.6760753608967,53.929448524517966,86066.11153982788,84975.89,83885.66846017212,481.37857142857166,19318.63195,0.1588626192947265,84986.76000000001,250.43662472195146
2025-12-01 19:30:00,84735.8,84970.2,84602.1,84701.5,17196.038,2025-12-01 19:44:59.999,1457674399.65010,2591,6884.243,583998011.21930,0,56.51693998918724,-234.390691067616,-272.21899850224054,37.82830743462455,85890.28238823879,84910.35500000001,83930.42761176123,466.5785714285708,18893.7968,-0.5617515848790796,84872.96,216.20978933006822
2025-12-01 19:45:00,84701.5,84989.2,84700.5,84989.2,10770.98,2025-12-01 19:59:59.999,914294925.28910,2198,9733.941,826342515.74220,0,54.564071179738235,-213.97460815968225,-260.5701204337289,46.595512274046655,85697.31825783747,84859.865,84022.41174216254,449.2285714285702,18763.5683,0.5132741688269912,84923.44,205.68041472668037
2025-12-01 20:00:00,84972.1,85750.7,84967.5,85512.4,26698.922,2025-12-01 20:14:59.999,2280050343.66660,3343,19894.793,1697651216.15300,0,53.96374910565218,-153.803892398093,-239.21687482660172,85.41298242850871,85657.1606285413,84851.48999999999,84045.81937145868,446.2928571428565,19080.74845,1.0808766164684676,84986.2,324.3009790335537
2025-12-01 20:15:00,85512.9,85537.2,85217.9,85253.3,12442.005,2025-12-01 20:29:59.999,1062197285.87350,2217,1856.567,158647498.33120,0,59.1200062707392,-125.57778868291643,-216.48905759786464,90.91126891494821,85693.26825639079,84868.095,84042.92174360921,419.20714285714246,18558.2673,0.36258627610944927,85038.44,345.813176443739
2025-12-01 20:30:00,85258.0,85398.6,85167.9,85398.6,9755.869,2025-12-01 20:44:59.999,832013544.17770,1995,5361.394,457491461.42330,0,60.186269021324264,-90.44135085841117,-191.27951624997394,100.83816539156277,85660.37128181003,84943.65,84226.92871818996,404.79285714285754,17589.1557,0.32423821640786343,85171.0,327.3417556653543
2025-12-01 20:45:00,85398.6,85482.6,85267.6,85482.6,11936.142,2025-12-01 20:59:59.999,1019219798.51220,2078,7005.748,598430621.30610,0,57.32715123414701,-55.181277339404915,-164.05986846786016,108.87859112845524,85722.47313476901,84988.84,84255.20686523098,383.85000000000065,16922.19825,0.5929721212492175,85327.22,214.03934685481687
2025-12-01 21:00:00,85482.6,85788.9,85450.0,85608.0,15168.222,2025-12-01 21:14:59.999,1298972217.97220,2273,13562.787,1161398574.82700,0,56.714435898854546,-16.92359834484523,-134.63261444325718,117.70901609841195,85724.79367677975,85063.095,84401.39632322025,376.17857142857144,16552.86595,0.24203378637093007,85450.98000000001,133.46213696028266
2025-12-01 21:15:00,85608.0,86269.2,85600.8,86151.8,19260.513,2025-12-01 21:29:59.999,1655685858.17040,2711,17920.965,1540415082.63490,0,64.61078590110856,56.623285179026425,-96.38143451880045,153.00471969782689,85926.23493027933,85140.615,84354.99506972068,405.028571428571,16810.731699999997,1.0335344579895778,85578.86,345.27465589292484
2025-12-01 21:30:00,86151.8,86406.4,86134.6,86385.3,15367.1,2025-12-01 21:44:59.999,1326448735.86420,2414,12978.653,1120313188.38190,0,62.86140011502067,132.22698839369696,-50.65974993630096,182.8867383299979,86164.07051753151,85200.88,84237.6894824685,390.4714285714269,16577.196,1.9454357492848444,85805.26000000001,437.3013011665142
2025-12-01 21:45:00,86388.0,86406.1,86204.1,86370.0,9319.263,2025-12-01 21:59:59.999,804332745.88450,1960,3451.874,297957607.10660,0,64.81845871856387,188.73328591637255,-2.7811427657662486,191.5144286821388,86337.11256404991,85291.62,84246.12743595008,389.36428571428405,16123.593799999999,1.3749052214472939,85999.54000000001,427.1314294241073
2025-12-01 22:00:00,86370.1,86725.1,84240.7,86431.5,24703.184,2025-12-01 22:14:59.999,2137402103.27490,3087,14480.814,1253149873.54450,0,76.17135620965499,235.75977786816657,44.92704136102033,190.83273650714625,86492.31461726729,85383.295,84274.27538273271,527.3571428571419,16412.4971,1.6935691670166921,86189.31999999999,342.4343980996058
2025-12-01 22:15:00,86401.2,86594.8,86384.4,86392.6,7344.99,2025-12-01 22:29:59.999,634997700.33260,1592,1875.355,162172072.07290,0,71.20932215432723,266.8140404757578,89.30444118396784,177.50959929178995,86631.22387617065,85455.66,84280.09612382935,508.63571428571385,15691.2291,1.9552538596437432,86346.24,111.03563843110747
2025-12-01 22:30:00,86392.6,86622.2,86290.7,86618.8,19063.153,2025-12-01 22:44:59.999,1647793590.46060,2367,11912.719,1030202492.54940,0,78.69465514200044,306.1481318010774,132.67317930738977,173.47495249368762,86803.20427185208,85530.47,84257.73572814792,500.42857142857036,15798.64975,2.263596276335133,86439.64,102.68871896066058
2025-12-01 22:45:00,86618.9,86792.2,86573.7,86573.7,15821.58,2025-12-01 22:59:59.999,1371289890.51560,2298,7440.352,645072284.98510,0,85.03030534060157,329.87885142287996,172.11431373048782,157.76453769239214,86936.15378830068,85610.22,84284.28621169932,495.0642857142853,16035.127550000001,1.8643545297520154,86477.32,111.91540109284468
2025-12-01 23:00:00,86573.7,86693.1,86414.3,86414.3,12943.776,2025-12-01 23:14:59.999,1120079074.71200,2055,2153.660,186644304.35980,0,81.15994760588006,331.99632290522277,204.09071556543483,127.90560733978793,87029.89313094509,85660.87000000001,84291.84686905493,488.6857142857147,15715.834399999998,1.0547008387087824,86486.18,102.66653301719198
2025-12-01 23:15:00,86414.3,86663.8,86400.0,86659.9,7596.273,2025-12-01 23:29:59.999,657699167.82970,1683,6650.496,575807495.93720,0,80.8668662010866,349.4638994466077,233.16535234166943,116.29854710493825,87155.80141508802,85730.34,84304.87858491197,486.9071428571437,15355.797750000002,1.6499068071265173,86531.86000000002,121.36421631501786
2025-12-01 23:30:00,86653.0,86772.2,86467.3,86467.3,15088.995,2025-12-01 23:44:59.999,1306736634.72260,2087,5309.045,460241872.35260,0,70.09723449930593,343.8027255180932,255.29282697695422,88.509898541139,87197.78559038795,85816.865,84435.94440961206,452.74285714285776,15125.72065,1.2514256673996962,86546.8,103.16942377349463
2025-12-01 23:45:00,86467.2,86467.3,86233.2,86274.4,16826.663,2025-12-01 23:59:59.999,1453017428.46700,2522,667.311,57574645.83050,0,72.10651656202637,320.061318873064,268.2465253561762,51.81479351688779,87233.87042102314,85870.655,84507.43957897686,446.6571428571437,15148.0666,0.9262703754916067,86477.92,148.2153905698508
2025-12-02 00:00:00,86278.5,86488.2,86247.9,86331.3,7383.576,2025-12-02 00:14:59.999,637609743.53210,1457,4820.878,416345885.18310,0,70.99635315834499,302.35211060273286,275.06764240548756,27.284468197245303,87249.7329701093,85937.615,84625.49702989071,447.3428571428573,14536.781299999999,0.8448976731146656,86429.44,148.69706789908645
2025-12-02 00:15:00,86331.3,86344.4,86157.6,86286.9,9132.894,2025-12-02 00:29:59.999,787891909.22350,1770,2334.922,201494116.57150,0,68.43456337382509,281.48988633851695,276.35209119209344,5.137795146423514,87205.94149710842,86015.17,84824.39850289158,445.3285714285708,14191.006899999998,0.156816224385319,86403.95999999999,162.23867603562346
2025-12-02 00:30:00,86288.0,86431.9,86286.1,86307.4,7249.142,2025-12-02 00:44:59.999,626057003.32240,1567,4123.134,356108778.09490,0,66.84002696715767,263.57230452079966,273.7961338578347,-10.223829337035056,87117.94118585551,86095.465,85072.98881414448,431.53571428571325,13693.662099999998,-0.09017737971623498,86333.45999999999,77.86663599905793
2025-12-02 00:45:00,86306.9,86580.0,86294.0,86471.9,8987.822,2025-12-02 00:59:59.999,776988631.34500,1805,6777.446,585906642.61070,0,59.429682436811134,259.6531472046918,270.9675365272061,-11.31438932251433,87060.9484120079,86169.6,85278.25158799211,404.22142857142796,13604.504200000001,0.11798078036354541,86334.37999999999,79.8453317471283
2025-12-02 01:00:00,86472.0,87252.0,86443.6,86738.4,22625.685,2025-12-02 01:14:59.999,1962959913.46710,3147,15300.532,1326964427.12160,0,60.20343293070539,274.88283139059786,271.75059549988447,3.132235890713389,87100.30418315894,86230.9,85361.49581684105,442.5499999999998,13400.84235,0.35507887749257405,86427.18000000001,188.46516124150375
2025-12-02 01:15:00,86666.1,91308.0,82000.0,86668.5,21316.842,2025-12-02 01:29:59.999,1847732779.41160,3561,9154.627,794600294.03850,0,58.361812986721965,278.1062838850776,273.0217331769231,5.084550708154495,87059.21905909048,86301.66,85544.10094090953,1092.9785714285713,13844.584200000001,0.3193560559584897,86494.62,205.16948360263368
2025-12-02 01:30:00,86666.6,86735.1,86515.0,86515.0,13173.466,2025-12-02 01:44:59.999,1141149824.94250,2303,3046.803,264086746.39110,0,52.22441259523682,265.2174642282189,271.4608793871822,-6.24341515896333,86988.88342463566,86357.48,85726.07657536434,931.2428571428567,14015.46405,-0.11983541679173909,86540.24,169.7350081796951
2025-12-02 01:45:00,86515.8,86533.4,86382.2,86410.0,7379.4,2025-12-02 01:59:59.999,638019596.16290,1693,435.951,37695754.16830,0,50.4477611940297,243.72089652862633,265.91288281547105,-22.191986286844724,86882.44963491043,86403.85,85925.25036508958,927.0142857142845,13787.626950000002,-0.18908744803560099,86560.76,137.73392102803345
2025-12-02 02:00:00,86430.1,86535.0,86315.2,86524.2,15202.087,2025-12-02 02:14:59.999,1313578973.26140,2252,7361.319,636405901.53140,0,47.416712179136915,233.21138170384802,259.37258259314643,-26.161200889298414,86749.54047725996,86449.66,86149.77952274005,919.0357142857132,13789.320200000002,0.12717802493336655,86571.22,131.12590133819572
2025-12-02 02:15:00,86524.2,86766.7,86524.1,86691.5,11492.444,2025-12-02 02:29:59.999,996267212.92290,2013,9817.965,851067990.88220,0,53.01556420233471,235.6656207248452,254.6311902194862,-18.965569494640988,86760.36525864924,86476.645,86192.92474135077,920.7571428571412,13400.91675,0.03646438548856602,86561.84,117.10488034986838
2025-12-02 02:30:00,86691.5,86781.5,86625.1,86749.9,7166.101,2025-12-02 02:44:59.999,621434972.88280,1878,4780.460,414618204.77450,0,59.05949681459864,239.56149892392568,251.61725196037415,-12.055753036448465,86799.93387526594,86494.875,86189.81612473406,912.0142857142835,12990.8668,0.3268287549165884,86578.12,139.2113752599014
2025-12-02 02:45:00,86756.8,86756.9,86492.6,86498.3,11051.385,2025-12-02 02:59:59.999,957067434.96340,2128,131.965,11437179.63690,0,45.65170595199679,219.81312430581602,245.25642642946255,-25.443302123646532,86800.63464490141,86501.29000000001,86201.9453550986,912.0499999999967,13077.472899999999,0.2595207848446454,86574.78,141.28919633770218
2025-12-02 03:00:00,86500.8,86566.9,86410.1,86560.0,6522.478,2025-12-02 03:14:59.999,564003923.17680,1655,2236.807,193515567.44890,0,52.68337868349438,206.75769548190874,237.55668023995182,-30.798984758043076,86806.2676086226,86507.715,86209.1623913774,901.4714285714248,12168.437600000001,0.2649097140897879,86604.78,110.01880294634775
2025-12-02 03:15:00,86520.6,86560.0,86286.1,86307.1,7950.635,2025-12-02 03:29:59.999,686928169.44770,1805,401.441,34672745.91720,0,50.914787668550666,173.9985111271817,224.8450464173978,-50.84653529021611,86811.23839199604,86503.43999999999,86195.64160800393,904.3142857142811,12198.71985,0.023410274329025198,86561.36,174.00453442872026
2025-12-02 03:30:00,86307.1,86748.8,86191.1,86748.8,14037.003,2025-12-02 03:44:59.999,1212407433.81890,2677,8219.633,710483190.59260,0,59.61051516965159,181.58492211847624,216.19302155761352,-34.60809943913728,86833.10294995035,86509.93999999999,86186.77705004963,926.9857142857093,11947.41235,0.511427757063715,86572.82,186.1793409639025
2025-12-02 03:45:00,86748.8,86986.5,86738.1,86894.9,8461.062,2025-12-02 03:59:59.999,734683041.73110,1751,7418.784,644166548.61590,0,63.36968950655315,197.11404842654883,212.37722693140057,-15.263178504851737,86891.6380954608,86526.0,86160.3619045392,931.3857142857097,11579.386450000002,0.48917625263235803,86601.81999999999,227.38963697087388
2025-12-02 04:00:00,86888.8,87185.3,86888.8,87088.0,10618.18,2025-12-02 04:14:59.999,923924299.48530,1778,7996.615,695747175.49090,0,65.95405493786822,222.4384174892475,214.38946504297,8.048952446277525,86998.75262590217,86559.685,86120.61737409783,942.1499999999962,11463.10665,0.40305101316142083,86719.76000000001,301.2181817250055
2025-12-02 04:15:00,87054.8,87185.4,86976.1,86985.1,9871.974,2025-12-02 04:29:59.999,859628969.05690,1690,4958.323,431984295.44760,0,60.75981214357641,231.53598963250988,217.81876996087797,13.71721967163191,87053.0754421772,86575.94499999999,86098.81455782278,936.671428571424,11576.891700000002,0.36529996480844346,86804.78,304.8235670050753
2025-12-02 04:30:00,86985.1,87000.0,86885.0,86893.7,9900.155,2025-12-02 04:44:59.999,860612509.17680,1579,1686.750,146704581.73010,0,53.51405168122381,228.73396222759038,220.00180841422048,8.732153813369905,87091.74560694194,86597.26499999998,86102.78439305803,887.142857142853,11317.449700000001,0.43772756169450044,86922.1,125.56980131253526
2025-12-02 04:45:00,86885.0,86967.0,86881.0,86924.9,2124.242,2025-12-02 04:59:59.999,184638442.83940,1138,1043.776,90759221.33080,0,55.905112851220586,226.4208756598964,221.28562186335566,5.135253796540752,87120.41215240568,86629.79000000001,86139.16784759433,228.42857142856727,10582.32865,0.5958801064691519,86957.31999999999,81.92040039978154
2025-12-02 05:00:00,86928.1,87043.1,86815.1,86940.4,12347.967,2025-12-02 05:14:59.999,1073337402.02710,1922,4832.440,420228105.65670,0,60.46237088047222,223.2648007061798,221.6814576319205,1.583343074259318,87148.46520690584,86660.245,86172.02479309416,228.99285714285256,10830.5482,0.4810214945645231,86966.42,75.53109956605876
2025-12-02 05:15:00,86940.4,86967.4,86870.7,86872.2,4936.88,2025-12-02 05:29:59.999,429059287.31200,1286,265.281,23066379.25380,0,61.57699629295673,212.80730835544819,219.90662777662604,-7.099319421177853,87153.04668748191,86689.51,86225.97331251808,225.09999999999542,10620.7475,0.20844027384460656,86923.25999999998,43.59349724062881
2025-12-02 05:30:00,86872.2,86909.7,86863.5,86903.9,1267.613,2025-12-02 05:44:59.999,110117883.30090,1001,87.525,7605201.22110,0,59.920572712546466,204.71773676037265,216.86884957337537,-12.151112813002726,87155.29230006941,86719.33499999999,86283.37769993057,212.69999999999501,10321.67105,0.177521818468955,86907.01999999999,26.615352743715672
2025-12-02 05:45:00,86903.9,86992.5,86898.5,86964.2,5895.598,2025-12-02 05:59:59.999,512626285.84450,1398,3986.650,346664518.00590,0,57.546908728621304,200.85704406612786,213.6664884719259,-12.809444405798047,87176.66382789581,86743.95,86311.23617210418,202.0857142857099,10167.059850000001,0.5386233024232778,86921.12,35.11263307798075
2025-12-02 06:00:00,86964.2,86983.1,86866.0,86900.0,6815.752,2025-12-02 06:14:59.999,592325674.18380,1478,608.966,52930600.06070,0,54.140689655172636,190.42194814821414,209.01758040718357,-18.59563225896943,87190.30677917959,86752.03,86313.7532208204,199.2785714285679,9376.5632,0.3927911275415897,86916.14,36.191684150784425
2025-12-02 06:15:00,86893.2,86930.1,86838.7,86879.7,5734.332,2025-12-02 06:29:59.999,498146928.97660,1421,618.776,53755017.02860,0,62.060460409815285,178.45687928778352,202.9054401833036,-24.448560895520075,87202.56682667402,86762.59,86322.61317332597,186.92857142856934,8597.4377,0.6634448382577925,86904.0,36.20006908382021
2025-12-02 06:30:00,86890.0,87124.2,86849.4,87111.3,12625.208,2025-12-02 06:44:59.999,1098772766.18130,2064,11585.923,1008286053.07900,0,65.74153389298172,185.52405463316245,199.4291630732754,-13.90510844011294,87242.43945705466,86792.405,86342.37054294534,195.3571428571418,8570.0248,0.41787321553727547,86951.82,94.56488249694495
2025-12-02 06:45:00,87114.8,87119.0,87061.0,87082.5,1934.276,2025-12-02 06:59:59.999,168445989.01280,1231,231.547,20166354.19610,0,75.38965291421067,186.6493452355644,196.87319950573323,-10.223854270168829,87255.79885391991,86826.03,86396.26114608008,179.93571428571366,8297.7686,0.21589299256919084,86987.54000000001,105.08497990508049
2025-12-02 07:00:00,87065.4,87082.5,86871.1,86902.2,19126.947,2025-12-02 07:14:59.999,1663302481.51340,2505,1559.804,135657707.07660,0,56.060366624525656,171.02101912364014,191.70276342931464,-20.6817443056745,87251.42654418116,86844.93,86438.43345581883,155.19999999999916,8494.011600000002,-0.2133474187029245,86975.13999999998,111.9606761396826
2025-12-02 07:15:00,86901.9,86985.2,86869.3,86869.3,5135.318,2025-12-02 07:29:59.999,446346039.48980,1366,1300.150,113037512.70370,0,48.88927455744572,154.20314517131192,184.20283977771413,-29.999694606402215,87253.91468143857,86853.81999999999,86453.72531856141,145.73571428571344,8176.155300000001,-0.13312624805857887,86969.0,117.80106112279529
2025-12-02 07:30:00,86882.8,86983.4,86869.3,86966.5,3841.835,2025-12-02 07:44:59.999,333990812.13740,1342,3294.815,286443237.39550,0,44.24988168480833,147.0232935542881,176.76693053302895,-29.743636978740852,87264.6267019658,86864.65,86464.67329803419,132.7071428571414,8009.942,0.08378052724190926,86986.36000000002,107.27682881988733
2025-12-02 07:45:00,86966.5,87003.8,86908.4,86971.7,1096.547,2025-12-02 07:59:59.999,95383956.93330,1157,1051.402,91457724.25820,0,49.30120984563993,140.1373893693817,169.44102230029952,-29.303632930917814,87251.33470814,86888.31999999999,86525.30529185999,124.57142857142857,7512.2001,0.05383957876282045,86958.43999999999,81.7626932143219
2025-12-02 08:00:00,86971.7,87005.2,86689.1,86689.5,9866.417,2025-12-02 08:14:59.999,857019615.89300,1757,289.255,25159493.13910,0,41.11864996520535,110.63376199522463,157.67957023928454,-47.04580824405991,87237.18607512604,86894.795,86552.40392487396,138.93571428571366,7679.397050000001,-0.28858850430869215,86879.84,114.87884053071873
2025-12-02 08:15:00,86689.5,86729.3,86468.3,86468.3,15569.676,2025-12-02 08:29:59.999,1348083503.08530,2281,965.912,83658522.85060,0,32.95759928336838,68.61201676481869,139.8660595443914,-71.2540427795727,87190.15225283036,86902.85500000001,86615.55774716966,151.43571428571366,8060.349099999999,-0.4649358482920822,86793.06000000001,214.4760779241051
2025-12-02 08:30:00,86472.4,86651.9,86421.7,86421.7,9743.078,2025-12-02 08:44:59.999,842942616.15180,1911,4063.456,351723704.25730,0,31.07901072444743,31.1897147550917,118.13079058653145,-86.94107583143975,87240.27396888807,86886.5,86532.72603111193,151.5928571428563,7845.65285,-0.5548657770249633,86703.54,262.691126614
2025-12-02 08:45:00,86421.7,86601.9,86384.1,86390.0,9094.594,2025-12-02 08:59:59.999,786614273.62150,1715,3425.378,296434543.59980,0,31.929245990106494,-1.0139659050182672,94.3018392882215,-95.31580519323977,87278.81346474939,86861.25499999999,86443.6965352506,160.24285714285568,7877.32945,-0.6602716980090625,86588.23999999999,244.2925664070925
2025-12-02 09:00:00,86390.0,86811.8,86383.7,86636.8,16117.234,2025-12-02 09:14:59.999,1395728875.67110,2470,14043.487,1216018592.48860,0,41.3799780546056,-6.545465386239812,74.13237835332924,-80.67784373956906,87253.41729631744,86838.69499999999,86423.97270368255,187.52142857142775,8152.282150000001,-0.3028768699654742,86521.26000000001,133.79119179446045
2025-12-02 09:15:00,86636.8,86886.1,86547.6,86851.1,12059.187,2025-12-02 09:29:59.999,1045910656.01620,2420,10325.467,895665717.86690,0,46.679974167792196,6.2904876171960495,60.564000206102605,-54.273512588906556,87241.04934706441,86831.99500000001,86422.9406529356,204.98571428571344,8261.6428,-0.03291908236330382,86553.58,191.61624931558734
2025-12-02 09:30:00,86851.1,86851.4,86625.8,86627.1,8145.997,2025-12-02 09:44:59.999,706205377.37660,2192,482.795,41881424.77450,0,42.676184853201825,-1.5934863843140192,48.13250288801928,-49.7259892723333,87236.53342692493,86818.66500000001,86400.79657307509,212.73571428571242,8173.9349,-0.5558406314680152,86585.34,187.0535832369018
2025-12-02 09:45:00,86625.9,86738.8,86622.3,86734.4,8379.389,2025-12-02 09:59:59.999,726439810.64600,2094,5154.661,446919478.69820,0,46.274550023075655,0.807314456498716,38.667465201715174,-37.86015074521646,87225.49430459832,86809.14,86392.78569540168,214.52857142856894,8486.69225,-0.3997358826400319,86647.87999999999,170.17692852365695
2025-12-02 10:00:00,86738.8,86886.2,86724.4,86859.2,8485.376,2025-12-02 10:14:59.999,736630815.20250,2083,8104.674,703574206.07330,0,43.16172082677786,12.634639167037676,33.46089999477967,-20.826260827741997,87217.61107112285,86805.08,86392.54892887715,206.45714285714035,8293.5627,-0.04948091072492987,86741.72,111.76433689561881
2025-12-02 10:15:00,86871.4,86887.9,86770.9,86770.9,4123.351,2025-12-02 10:29:59.999,357903749.58810,1692,22.538,1957004.91400,0,41.812066428421076,14.71320252525038,29.711360500873813,-14.998157975623432,87211.5625404011,86800.015,86388.4674595989,210.67142857142608,8252.88625,-0.11327361910365195,86768.54,95.14695476845165
2025-12-02 10:30:00,86770.9,87013.8,86770.9,87013.8,10722.707,2025-12-02 10:44:59.999,931829570.41240,2301,10552.934,917094301.57670,0,52.83911671924306,35.55067293382308,30.879222987463667,4.671449946359413,87225.74103371169,86805.51,86385.2789662883,212.92142857142713,8725.640949999999,0.05438875888992072,86801.08,145.13254976641284
2025-12-02 10:45:00,87013.2,87550.9,87012.7,87263.7,16479.585,2025-12-02 10:59:59.999,1436618344.66090,3133,13990.174,1219202678.73680,0,59.035923753665585,71.40623324897024,38.984625039764985,32.42160820920525,87283.67590654385,86820.485,86357.29409345615,243.08571428571304,9254.8403,0.33574139633926897,86928.4,216.18865604296667
2025-12-02 11:00:00,87254.7,87278.4,86978.6,87040.8,9347.529,2025-12-02 11:14:59.999,814704481.50030,2009,1314.826,114558003.58780,0,51.60954897968032,80.90325362980366,47.368350757772724,33.53490287203093,87299.99164210811,86827.525,86355.05835789187,256.34999999999854,9381.42915,0.40523938885332467,86989.68000000001,189.19018738202723
2025-12-02 11:15:00,87040.8,87338.0,86985.1,87338.0,12714.744,2025-12-02 11:29:59.999,1108572051.19230,2006,11503.014,1003102847.77120,0,57.04395984769825,111.1302268212894,60.120725970476066,51.00950085081333,87375.13098836681,86850.44,86325.74901163319,274.74285714285463,9730.44975,1.0058021263283736,87085.44,224.512589851039
2025-12-02 11:30:00,87338.0,87360.0,87293.5,87293.5,3159.524,2025-12-02 11:44:59.999,275915551.26860,1222,1995.962,174318123.83190,0,62.783609888249266,129.99602944341314,74.09578666506349,55.90024277834965,87409.05166707249,86859.55,86310.04833292752,256.91428571428384,9257.165550000002,1.0087744166106463,87189.96,151.1249582352058
2025-12-02 11:45:00,87293.5,87482.2,87290.3,87291.6,9493.951,2025-12-02 11:59:59.999,829680206.29570,1772,8263.797,722265055.88810,0,69.20815640894047,143.14392574915837,87.90541448188247,55.238511267275896,87444.7446205969,86870.005,86295.2653794031,251.97857142856915,9635.149300000001,1.043639310105343,87245.51999999999,117.49339131022806
2025-12-02 12:00:00,87291.6,87435.8,87286.4,87404.0,4251.073,2025-12-02 12:14:59.999,371335828.59000,1440,3548.500,310004470.53470,0,72.2350491194715,160.78009606563137,102.48035079863227,58.299745266999096,87517.5808027632,86895.095,86272.6091972368,246.2071428571414,8891.355599999999,0.8855359385388161,87273.58,137.90156634922948
2025-12-02 12:15:00,87406.9,87435.8,87326.7,87368.3,3497.646,2025-12-02 12:29:59.999,305548017.58380,1258,919.658,80334262.50300,0,72.10447828641176,169.91749336697103,115.96777931230002,53.949714054671006,87577.21248959347,86920.045,86262.87751040653,238.44285714285692,8809.471999999998,0.5955019567973199,87339.08,48.48058375839435
2025-12-02 12:30:00,87384.8,87461.7,87215.2,87273.8,15379.201,2025-12-02 12:44:59.999,1343119868.17680,2399,5537.158,483861177.59480,0,65.45666310783284,167.60157964730752,126.29453937930153,41.30704026800599,87611.25506758472,86935.41,86259.56493241529,225.47142857142794,9386.3403,0.7465331287784043,87326.24,56.65124007078447
2025-12-02 12:45:00,87278.3,87297.1,87187.5,87196.2,7408.527,2025-12-02 12:59:59.999,646291786.83590,1723,777.063,67827175.94880,0,58.96876137013345,157.68681442935485,132.5729943893122,25.11382004004264,87632.40242805312,86946.635,86260.86757194687,209.12142857142837,9701.9393,0.5324300392923719,87306.78,81.82678046680495
2025-12-02 13:00:00,87196.2,87249.9,87025.2,87124.1,14159.477,2025-12-02 13:14:59.999,1233677506.89710,2222,2522.173,219800936.45010,0,64.02370203160294,142.37026829643582,134.53244917073692,7.8378191256989,87647.33436533455,86968.365,86289.39563466546,209.05714285714308,9916.5923,0.3049763295079954,87273.28,116.52552081656087
2025-12-02 13:15:00,87135.8,87394.3,87118.4,87315.8,12696.72,2025-12-02 13:29:59.999,1108437624.16980,1985,10964.444,957206988.90150,0,65.65934065934107,144.0399798071594,136.43395529802143,7.606024509137967,87663.58485269807,87010.74,86357.89514730194,220.44285714285797,9772.944500000001,0.6279755079179873,87255.64,96.79510835561487
2025-12-02 13:30:00,87315.8,87504.4,87293.3,87433.7,8203.562,2025-12-02 13:44:59.999,716974154.17100,1805,7168.407,626477183.74290,0,65.53122465531249,153.1118052949605,139.76952529740925,13.342279997551259,87677.81559358325,87061.34,86444.86440641675,223.96428571428572,9695.968700000001,0.48256713302946674,87268.72,117.93518135641894
2025-12-02 13:45:00,87433.6,87785.0,87415.6,87674.6,15053.247,2025-12-02 13:59:59.999,1318735351.76280,2389,14119.290,1236919658.06450,0,72.56880275710559,177.6915910156531,147.35393844105803,30.33765257459507,87714.6068270228,87125.57,86536.53317297722,241.99285714285674,9993.90135,0.4708716224501239,87348.88,216.92133828084212
2025-12-02 14:00:00,87674.6,88286.2,87580.0,88154.9,18685.299,2025-12-02 14:14:59.999,1643292619.11790,2984,15960.353,1404249262.27490,0,75.47666889930818,233.23881240921037,164.5309132346885,68.70789917452186,87905.36996488401,87201.475,86497.580035116,275.08571428571304,10122.3046,1.2799744487642477,87540.62000000001,397.10055024073824
2025-12-02 14:15:00,88154.9,88659.2,88154.6,88560.1,17275.377,2025-12-02 14:29:59.999,1527880241.36430,2621,14689.707,1299244639.27250,0,77.066978453316,306.4243697698548,192.9096045417218,113.51476522813303,88196.58529258445,87286.925,86377.26470741555,272.6857142857126,10383.114099999999,1.3992763745448782,87827.81999999999,520.6214430864486
2025-12-02 14:30:00,88560.1,88818.5,88436.5,88778.7,20953.254,2025-12-02 14:44:59.999,1856819354.40570,2974,13780.988,1221338815.30600,0,86.3501359548215,377.7096426903736,229.86961217145216,147.84003051892142,88469.4927129822,87394.505,86319.5172870178,278.557142857142,11023.47695,1.7013867011862245,88120.4,569.6884587222428
2025-12-02 14:45:00,88778.7,89185.4,88778.7,89185.4,20147.652,2025-12-02 14:59:59.999,1793218263.30030,2852,13230.458,1177620363.42600,0,86.94800000000032,461.6988491928787,276.23545957573754,185.46338961714116,88811.60141595527,87517.055,86222.50858404471,282.39999999999935,11611.8901,2.1695100101269635,88470.74,580.335526227037
2025-12-02 15:00:00,89185.4,90774.3,89177.3,90600.6,21040.896,2025-12-02 15:14:59.999,1891823599.33580,3255,18532.375,1665677174.41980,0,92.71966311003204,635.1342805074528,348.0152237620806,287.1190567453722,89558.61385722965,87704.125,85849.63614277035,391.72142857142796,12239.666099999999,3.6572696901743695,89055.93999999999,940.38912318308
2025-12-02 15:15:00,90554.5,90731.3,90130.1,90130.1,19013.658,2025-12-02 15:29:59.999,1718962856.38260,2973,5058.670,458152695.71240,0,82.70688820777553,726.245979907646,423.6613749911937,302.58460491645224,89963.97897666058,87872.08499999999,85780.1910233394,420.95714285714246,12984.18145,3.161100765380582,89450.98000000001,880.1974818192328
2025-12-02 15:30:00,90130.1,90766.3,89992.7,90501.4,27698.39,2025-12-02 15:44:59.999,2500263906.93730,3260,20298.665,1833256737.16510,0,83.68057065808367,818.97285573509,502.7236711399731,316.2491845951169,90401.95460093547,88046.465,85690.97539906453,465.5428571428565,13832.965600000001,3.698246209057004,89839.24,814.7048993352121
2025-12-02 15:45:00,90501.1,91120.9,90501.1,90852.7,13574.557,2025-12-02 15:59:59.999,1232643289.53300,2572,9749.008,885024235.38390,0,85.45524848386181,910.3130250501999,584.2415419220185,326.0714831281814,90860.61307580327,88225.91500000001,85591.21692419675,502.0214285714267,13687.714199999999,4.19341668558951,90254.04000000001,651.3518964435998
2025-12-02 16:00:00,90852.7,91200.0,90805.5,90833.1,20088.823,2025-12-02 16:14:59.999,1827934094.27490,2913,11408.243,1038364356.47350,0,86.77798673252204,969.9383653962286,661.3809066168606,308.55745877936806,91230.77423029696,88415.53,85600.28576970304,512.5928571428552,14224.7789,4.257145841391761,90583.58,294.6918509232625
2025-12-02 16:15:00,90836.2,90853.6,90256.0,90264.0,28418.718,2025-12-02 16:29:59.999,2572505771.60090,3425,3397.478,307489487.62230,0,78.77645204862688,960.2016563750803,721.1450565685046,239.05659980657572,91444.6026785545,88561.83,85679.0573214455,547.4499999999981,15009.977600000002,3.3764794000627574,90516.26000000001,326.55586505312885
2025-12-02 16:30:00,90256.0,90791.5,90251.9,90640.0,15734.657,2025-12-02 16:44:59.999,1425501028.90750,2594,12893.857,1168093065.87760,0,81.20085902419113,971.6250136220333,771.2410479792104,200.3839656428229,91689.39942268028,88729.155,85768.91057731972,569.9428571428559,15638.73425,3.667121487481375,90618.23999999999,245.33006949938033
2025-12-02 16:45:00,90640.0,91002.2,90545.8,90788.2,18338.997,2025-12-02 16:59:59.999,1665308610.02140,2892,13662.263,1240841809.20200,0,81.05458968305075,981.3245098853367,813.2577403604358,168.0667695249009,91919.25368159708,88903.985,85888.71631840292,582.835714285712,16080.986550000001,3.5513136073617573,90675.6,244.70969535462865
2025-12-02 17:00:00,90834.9,91051.6,90740.0,90929.4,12179.396,2025-12-02 17:14:59.999,1107042286.54550,2108,7776.428,707115367.43010,0,81.1332181471652,989.0044626855524,848.4070848254592,140.59737786009327,92138.19353745488,89080.25499999999,86022.3164625451,590.0142857142845,16477.4027,3.147300944133565,90690.94,260.4826251413919
2025-12-02 17:15:00,90929.1,91816.0,90922.7,91777.4,17567.046,2025-12-02 17:29:59.999,1604678646.16750,2922,17058.104,1558142139.58390,0,82.97434578537903,1051.397537241981,889.0051753087637,162.39236193321722,92472.59260743963,89300.71,86128.82739256039,627.4357142857136,17180.8727,3.6329001435183432,90879.79999999999,559.7432804424714
2025-12-02 17:30:00,91777.4,91844.4,91580.8,91682.0,12718.723,2025-12-02 17:44:59.999,1166514643.32830,2415,6302.568,578316264.29210,0,80.21691825300287,1080.6890054871474,927.3419413444403,153.34706414270704,92712.54116873033,89521.12000000001,86329.69883126969,595.8214285714275,17047.8488,3.2702664039910503,91163.4,528.0673631274933
2025-12-02 17:45:00,91682.0,91719.0,91422.8,91422.8,12148.031,2025-12-02 17:59:59.999,1111682587.21640,2380,1207.126,110510510.27980,0,75.15420979561719,1070.645694220686,956.0026919196895,114.6430023009965,92834.14663418841,89732.45,86630.75336581159,580.9357142857136,17284.824,2.50870658201904,91319.96,443.34134479019576
2025-12-02 18:00:00,91422.8,91724.0,91421.7,91724.0,15199.704,2025-12-02 18:14:59.999,1392182848.89250,2500,13255.068,1214158105.59570,0,75.50970915830877,1074.6032629524416,979.72280612624,94.88045682620157,92929.00626391072,89962.44499999999,86995.88373608926,575.2428571428567,17336.83535,1.2399476383158545,91507.12,350.5500991303818
2025-12-02 18:15:00,91724.0,92074.5,91655.5,91873.5,16548.323,2025-12-02 18:29:59.999,1520465023.48230,2711,13583.560,1248079327.77710,0,74.36771398009333,1077.3836571103311,999.2549763230584,78.12868078727274,92996.75410502624,90190.32999999999,87383.90589497374,576.1214285714284,17529.4155,1.9343149513869329,91695.93999999999,168.63453976056525
2025-12-02 18:30:00,91873.5,92111.7,91793.4,91928.8,11265.838,2025-12-02 18:44:59.999,1036155113.06880,2170,7902.752,727100920.37530,0,65.98007603830797,1071.695548178628,1013.7430906941725,57.952457484455635,93003.48218767562,90415.08499999999,87826.68781232437,484.7857142857143,17682.529300000002,1.5772131701830123,91726.22,197.96091028343977
2025-12-02 18:45:00,91943.2,91972.3,91794.4,91906.2,7454.038,2025-12-02 18:59:59.999,684811722.41310,1868,1908.839,175421044.20350,0,73.9502144070768,1053.2231488939287,1021.6391023341239,31.584046559804847,92950.087792055,90626.665,88303.24220794499,454.5500000000008,17302.56885,1.1595692808248956,91771.06000000001,210.43903630323211
2025-12-02 19:00:00,91905.0,92133.8,91905.0,91999.5,9106.25,2025-12-02 19:14:59.999,838009527.60890,2072,7266.166,668657939.86850,0,71.83882912038264,1034.1906634270708,1024.1494145527133,10.041248874357507,92905.33746453107,90818.89499999999,88732.45253546891,415.6357142857149,16823.6164,1.2841133903830146,91886.4,101.88422350980905
2025-12-02 19:15:00,91998.3,92033.9,91877.2,91943.6,8375.879,2025-12-02 19:29:59.999,770254360.66540,1912,2656.429,244349825.63290,0,67.40149944169747,1003.0342641190946,1019.9263844659896,-16.892120346895013,92838.72013452841,90988.06999999999,89137.41986547157,382.55714285714413,16378.641500000002,1.8607639812106773,91930.31999999999,46.837025953649935
2025-12-02 19:30:00,91943.6,92207.7,91943.3,92077.7,15763.078,2025-12-02 19:44:59.999,1451943387.67380,2726,13302.165,1225227143.21490,0,69.15358571868262,977.8908257539588,1011.5192727235835,-33.62844696962475,92744.451716348,91153.01999999999,89561.58828365197,373.26428571428653,16119.132699999998,1.5861650485436862,91971.16,68.78890172237249
2025-12-02 19:45:00,92077.6,92082.1,91860.2,91922.9,8537.243,2025-12-02 19:59:59.999,785004041.36730,2024,367.939,33855392.16950,0,79.26059194976548,934.6987777384784,996.1551737265625,-61.45639598808407,92617.86156977122,91289.895,89961.92843022879,346.42857142857247,15538.61225,1.249832026629008,91969.98,69.7412145016896
2025-12-02 20:00:00,91860.2,91922.9,91528.0,91528.0,17457.531,2025-12-02 20:14:59.999,1600988048.33590,2602,1663.644,152611014.54310,0,65.55929352396986,858.7050218547083,968.6651433521918,-109.96012149748344,92627.13701090394,91336.265,90045.39298909606,336.0928571428573,15359.444,0.6583129328907986,91894.34,213.38154325103048
2025-12-02 20:15:00,91528.1,91528.1,90927.4,90927.4,18627.889,2025-12-02 20:29:59.999,1700475132.22990,2606,470.548,42951351.24990,0,52.10526315789471,741.4688310984202,923.2258809014376,-181.75704980301737,92554.50687850635,91376.13,90197.75312149366,346.40000000000146,15340.15555,-0.9261539333212752,91679.92,468.01746441799565
2025-12-02 20:30:00,90928.0,91075.2,90744.8,90847.8,10063.263,2025-12-02 20:44:59.999,914834226.76820,1905,1344.273,122213267.94330,0,48.74244852669228,634.8174698950752,865.5441987001651,-230.72672880508992,92527.0235474054,91393.45,90259.87645259459,347.74285714285776,14458.399200000003,-0.909884164830607,91460.76,561.004102480811
2025-12-02 20:45:00,90847.8,91055.0,90819.5,91031.4,13472.697,2025-12-02 20:59:59.999,1225221812.46050,2170,10528.379,957568287.22400,0,35.54263565891456,558.6704778423737,804.1694545286068,-245.49897668623316,92520.72687838793,91402.385,90284.04312161206,300.75714285714326,14453.3062,-0.4281207751239392,91251.5,459.2626481658984
2025-12-02 21:00:00,91031.4,91200.8,90937.6,91174.1,8949.369,2025-12-02 21:14:59.999,815102876.33350,1846,7489.381,682221134.43190,0,40.33418338217949,504.0280142359261,744.1411664700707,-240.11315223414465,92511.31751011893,91419.435,90327.55248988107,300.72857142857225,13896.333500000002,-0.5995159391217066,91101.74,267.7504584503898
2025-12-02 21:15:00,91174.1,91367.8,91140.2,91367.7,8204.862,2025-12-02 21:29:59.999,748834303.12540,1795,7863.284,717687907.90580,0,48.92454229613135,470.9169329005381,689.4963197561643,-218.57938685562624,92422.71770893777,91474.62,90526.52229106223,295.8285714285729,12885.6407,-0.5505396006465444,91069.68000000001,206.55456180002847
2025-12-02 21:30:00,91367.8,91412.6,91257.4,91412.6,4190.33,2025-12-02 21:44:59.999,382773297.45140,1410,2392.813,218621979.59570,0,43.24629131604071,443.19039415742736,640.235134636417,-197.04474047898964,92377.40573767475,91513.25,90649.09426232525,285.32142857143066,12308.42435,-0.5615215253544016,91166.72,235.01375917246654
2025-12-02 21:45:00,91412.6,91558.4,91401.1,91500.6,7897.925,2025-12-02 21:59:59.999,722586263.79240,1635,7343.257,671828476.04830,0,41.69080618565901,423.43666273010604,596.8754402551548,-173.43877752504875,92343.08874781274,91548.87,90754.65125218725,266.6285714285727,11786.370749999998,-0.44131951924896395,91297.28,190.69752751500903
2025-12-02 22:00:00,91500.6,91775.7,91494.1,91755.6,13941.425,2025-12-02 22:14:59.999,1277393651.14740,2189,11614.867,1064371431.69600,0,46.45604845310203,423.4764838314295,562.1956489704097,-138.7191651389802,92333.0173955445,91590.18000000001,90847.34260445551,264.00714285714326,11874.4722,-0.26511013646812664,91442.12,212.09320356931804
2025-12-02 22:15:00,91755.6,91785.4,91581.7,91581.7,4288.097,2025-12-02 22:29:59.999,393098952.13510,1414,464.332,42610504.19960,0,43.747350572276375,404.80937519196596,530.718394214721,-125.90901902275505,92317.98578506942,91580.39499999999,90842.80421493055,265.84999999999957,11210.52475,-0.39361086579164695,91523.64,153.58581640331778
2025-12-02 22:30:00,91581.7,91869.9,91544.0,91781.2,7640.624,2025-12-02 22:44:59.999,700590290.57570,1771,4150.412,380724161.88010,0,45.959053718855216,401.48546528704173,504.87180842918514,-103.3863431421434,92327.14484533382,91585.355,90843.56515466617,272.78571428571325,10956.6198,-0.3220106497012849,91606.34,159.82633700441627
2025-12-02 22:45:00,91781.2,91922.0,91654.9,91922.0,8381.871,2025-12-02 22:59:59.999,769538500.45780,1966,7076.291,649753876.31120,0,49.61234745154332,405.53783826425206,485.00501439619853,-79.46717613194647,92362.59483672677,91610.315,90858.03516327323,280.6714285714282,10768.3118,-0.0009790813823260355,91708.22,167.62026130578892
2025-12-02 23:00:00,91922.0,91924.0,91799.9,91847.9,4322.522,2025-12-02 23:14:59.999,397030268.88510,1425,322.446,29619709.50630,0,45.785033015407166,398.18014942003356,467.6400414009656,-69.45989198093201,92374.74872341963,91616.51000000001,90858.27127658039,270.65000000000043,10224.4527,0.3495105322961216,91777.68,127.14872001007822
2025-12-02 23:15:00,91878.7,91878.7,91623.1,91633.5,11544.5,2025-12-02 23:29:59.999,1058973667.60840,2077,30.297,2778836.61890,0,44.8054279149915,370.77477896463824,448.2669889137001,-77.49220994906187,92353.15974848293,91604.51000000001,90855.8602515171,273.057142857142,9974.26155,0.7765536021045426,91753.26,143.1658583608792
2025-12-02 23:30:00,91633.5,91647.9,91403.4,91433.3,12084.672,2025-12-02 23:44:59.999,1105948736.16610,2219,823.110,75311640.69770,0,48.17244972789384,329.10761089883454,424.435113310727,-95.32750241189245,92315.88944111048,91579.735,90843.58055888952,262.3142857142853,10015.20325,0.6444845114576248,91723.58,193.98640931831926
2025-12-02 23:45:00,91418.7,91433.3,91273.0,91273.0,8119.392,2025-12-02 23:59:59.999,741659401.86150,1756,66.545,6079550.85220,0,58.034966985957524,279.92441528149357,395.53297370488036,-115.6085584233868,92279.56170780337,91548.075,90816.58829219663,230.8571428571418,10048.470949999999,0.2654029269021523,91621.93999999999,273.20858881126236
2025-12-03 00:00:00,91273.0,91466.7,91190.9,91275.1,11445.738,2025-12-03 00:14:59.999,1045049849.55630,1935,5407.772,494034981.84200,0,60.30582219863969,238.36807210229745,364.0999933843638,-125.73192128206637,92220.61059881453,91511.85500000001,90803.0994011855,226.95714285714243,10165.44535,0.11077707375230464,91492.56,247.55695910290135
2025-12-03 00:15:00,91276.2,91412.9,91108.8,91200.1,12360.281,2025-12-03 00:29:59.999,1128344760.43100,1966,6384.264,583125306.29560,0,54.29371341308244,197.1103323225543,330.70206117200195,-133.59172884944763,92165.86307302036,91474.68000000001,90783.49692697966,231.8571428571418,10364.665449999999,-0.18343462733547114,91363.0,173.54765916114917
2025-12-03 00:30:00,91200.1,91360.1,90992.9,91360.1,17362.0,2025-12-03 00:44:59.999,1582303965.19570,2481,8893.386,811054979.32130,0,54.6927036027853,175.30315349431476,299.6222796364645,-124.31912614214974,92070.0868494786,91438.8,90807.51315052141,239.28571428571428,10444.61155,-0.05743190763636523,91308.32,89.94971928989203
2025-12-03 00:45:00,91360.1,91698.2,91333.5,91602.4,21132.432,2025-12-03 00:59:59.999,1933799622.41840,2739,16685.994,1526969950.51160,0,55.77936468850026,175.54877517026034,274.8075787432237,-99.25880357296336,92017.53471221324,91422.775,90828.01528778675,249.0785714285708,11074.371,0.11125610105287653,91342.14000000001,156.13126849006966
2025-12-03 01:00:00,91602.4,91768.3,91467.3,91686.3,9635.824,2025-12-03 01:14:59.999,882607779.87230,1888,7579.826,694338358.94620,0,56.61270838366743,180.43353545574064,255.9327700857271,-75.49923462998646,92035.47460333399,91430.68999999999,90825.90539666598,259.4928571428557,10683.28565,-0.07552672534428734,91424.80000000002,210.3629482591728
2025-12-03 01:15:00,91686.3,91891.8,91495.3,91853.7,12545.674,2025-12-03 01:29:59.999,1151254204.51090,2172,9264.983,850387474.04600,0,58.21583135557703,195.55825037507748,243.85786614359722,-48.29961576851974,92061.02302955982,91477.005,90892.9869704402,276.5785714285708,10379.174900000002,0.29700256710674733,91540.51999999999,260.5761923128295
2025-12-03 01:30:00,91853.7,91924.9,91821.2,91906.5,5836.227,2025-12-03 01:44:59.999,536252435.17010,1734,4899.446,450206449.60780,0,53.87578979811972,209.39148000846035,236.96458891656985,-27.573108908109504,92063.57515390433,91529.94,90996.30484609568,263.87142857142834,10167.8231,0.13652033314012338,91681.8,217.86188285288776
2025-12-03 01:45:00,91906.5,92349.2,91902.0,92168.8,17856.307,2025-12-03 01:59:59.999,1645252958.81930,2810,14183.471,1306629082.15370,0,64.42435261166537,238.76746926527994,237.32516498631188,1.4423042789680665,92138.85057784528,91586.81,91034.76942215471,281.2642857142855,10387.0036,0.2684885011205184,91843.54000000001,219.50750101113297
2025-12-03 02:00:00,92172.1,92803.3,92157.9,92803.3,21606.084,2025-12-03 02:14:59.999,1995993349.04060,3027,16929.851,1564436613.09770,0,70.68944577142634,309.67723327827116,251.79557864470377,57.88165463356739,92411.57138989466,91668.26999999999,90924.96861010532,304.08571428571514,11019.83935,1.0401979794856593,92083.72,437.9762459312965
2025-12-03 02:15:00,92803.3,92955.1,92607.9,92786.8,13753.326,2025-12-03 02:29:59.999,1276059193.73300,2438,10498.081,974253685.14800,0,68.4329439849945,360.38799159869086,273.51406123550123,86.87393036318963,92619.94663444374,91739.225,90858.50336555627,309.80714285714413,11297.26255,1.2586008392127364,92303.81999999999,464.07207091140845
2025-12-03 02:30:00,92793.9,92803.9,92608.6,92629.3,8342.588,2025-12-03 02:44:59.999,773278628.22980,1721,2833.641,262627617.38100,0,66.08348427465853,383.44755448107026,295.50075988461504,87.94679459645522,92751.06689111919,91800.06,90849.0531088808,314.89285714285717,11504.87545,1.308057348908986,92458.94000000002,401.3943484903041
2025-12-03 02:45:00,92608.6,92797.5,92382.6,92745.1,12737.879,2025-12-03 02:59:59.999,1179385146.81770,2323,6275.803,581317926.11900,0,73.84793615378021,406.381997713921,317.67700745047625,88.70499026344476,92890.51314440969,91862.285,90834.05685559032,326.27142857142877,11746.873150000001,1.6128537464529553,92626.66,264.81941582879875
2025-12-03 03:00:00,92745.1,92965.9,92592.3,92730.5,9422.674,2025-12-03 03:14:59.999,873594756.00980,1971,5438.933,504436200.37340,0,80.23776223776196,418.5547723526106,337.85256043090317,80.70221192170743,93008.09271970027,91911.03,90813.96728029972,335.49285714285674,11520.9356,1.5945203018128646,92739.0,68.12283023974992
2025-12-03 03:15:00,92724.5,92779.1,92594.4,92779.1,8631.838,2025-12-03 03:29:59.999,800308202.54370,1946,4975.281,461411757.65700,0,87.03585304677108,427.1989146210544,355.72183126893344,71.47708335212099,93121.66590879766,91970.9,90820.13409120233,337.2357142857145,11738.122650000001,1.7313577507042206,92734.16,63.08579871789848
2025-12-03 03:30:00,92779.1,92779.1,92672.2,92684.0,4076.014,2025-12-03 03:44:59.999,377809570.17680,1495,761.866,70631186.78840,0,83.1303202746551,421.516702271605,368.8808054694678,52.63589680213721,93205.64572575357,92016.04000000001,90826.43427424645,325.1714285714292,11559.89215,1.449100865695193,92713.6,58.20386584996919
2025-12-03 03:45:00,92684.0,92725.9,92633.8,92633.8,3934.075,2025-12-03 03:59:59.999,364594663.62250,1390,938.458,87009859.82500,0,84.11134903640226,408.2566589519847,376.7559761659712,31.5006827860135,93271.59284689258,92051.63,90831.66715310742,310.02857142857204,11337.502349999999,1.125953031798303,92714.5,56.58679174401742
2025-12-03 04:00:00,92725.9,92929.9,92617.2,92929.9,16154.165,2025-12-03 04:14:59.999,1498499888.35660,2518,12006.520,1113988092.99120,0,85.07776188773651,416.83575140581524,384.7719312139401,32.06382019187515,93382.30316627401,92105.73,90829.15683372598,306.13571428571385,11929.0845,1.3563640369389878,92751.45999999999,113.4006746005895
2025-12-03 04:15:00,92929.9,93106.1,92749.1,92757.1,13583.765,2025-12-03 04:29:59.999,1261543714.45050,2506,7284.432,676702981.11830,0,76.62930676629327,405.02238222969754,388.8220214170916,16.200360812605936,93449.82494799615,92161.91,90873.99505200385,305.58571428571406,12031.04775,0.9835205331957327,92756.78,112.79386951367141
2025-12-03 04:30:00,92757.1,93038.7,92749.1,92904.1,14181.032,2025-12-03 04:44:59.999,1317796938.50520,2120,11432.806,1062373270.50330,0,77.29024740050207,402.8777496019029,391.6331670540539,11.244582547849006,93516.13683628761,92235.45000000001,90954.76316371241,304.77142857142775,12135.86575,1.0854509746318333,92781.78,131.31053651500886
2025-12-03 04:45:00,92904.1,93389.0,92882.4,93256.4,14904.677,2025-12-03 04:59:59.999,1386947302.64600,2421,12195.116,1134907625.76450,0,79.02818591945703,424.70998615161807,398.2485308735668,26.46145527805129,93608.65951785703,92334.62000000001,91060.58048214299,312.63571428571385,12475.130000000001,1.1800088533212878,92896.26000000001,234.06446334251848
2025-12-03 05:00:00,93265.4,93455.9,93190.6,93280.0,9851.938,2025-12-03 05:14:59.999,919421183.90900,1972,6915.838,645483364.50710,0,78.77162847207683,438.8576360278821,406.3703519044299,32.487284123452184,93672.8828389618,92434.865,91196.84716103821,324.17857142857036,12395.439999999999,0.5136670786491397,93025.5,231.30117812017343
2025-12-03 05:15:00,93280.0,93317.8,93112.0,93292.5,10685.02,2025-12-03 05:29:59.999,996032911.60420,2193,4259.652,397177162.40150,0,76.29029993916994,445.9379014747683,414.2838618184976,31.654039656270697,93688.60412309442,92539.485,91390.36587690558,306.9357142857137,12311.676950000001,0.5450128682096991,93098.02,249.9274034589955
2025-12-03 05:30:00,93292.5,93591.0,93196.5,93373.4,12594.247,2025-12-03 05:44:59.999,1176344793.54410,2331,9811.442,916526058.02850,0,68.00126302494463,452.8567658394313,421.9984426226844,30.858323216746896,93703.81313524151,92640.15,91576.48686475848,289.0142857142845,12073.2893,0.8033095359675515,93221.28,182.68647185742398
2025-12-03 05:45:00,93373.4,93583.9,93355.7,93552.0,9629.37,2025-12-03 05:59:59.999,900221193.64330,2147,8152.527,762206821.49850,0,71.91796516956923,467.36406110133976,431.0715663184155,36.29249478292428,93757.28420991533,92737.62999999999,91717.97579008465,280.5142857142834,11498.1362,0.8700190090905009,93350.86,120.74256912815287
2025-12-03 06:00:00,93583.9,93785.9,93551.5,93640.4,14476.922,2025-12-03 06:14:59.999,1356017293.29250,2633,9722.512,910580755.42640,0,80.1550849985088,480.455941308217,440.9484413163758,39.5074999918412,93804.03716220529,92835.335,91866.63283779472,283.307142857141,11740.1911,0.9812305552110623,93427.66,161.03927471159852
2025-12-03 06:15:00,93644.0,93877.5,93627.4,93877.5,9810.189,2025-12-03 06:29:59.999,920065961.64290,2109,7991.668,749525419.80360,0,81.49404828123266,504.1517911419942,453.5891112814995,50.562679860494654,93896.24378748993,92936.525,91976.80621251006,271.53571428571325,11603.41685,1.1838873194501716,93547.16,230.69779582734026
2025-12-03 06:30:00,93877.5,93877.5,93453.6,93453.6,19824.632,2025-12-03 06:44:59.999,1857157091.71980,2939,783.092,73440808.67060,0,66.38122423089152,483.156211483074,459.5025313218144,23.653680161259615,93867.57473800222,93013.87999999999,92160.18526199776,275.1285714285706,12302.8371,0.8303482801778148,93579.37999999999,194.67730221980372
2025-12-03 06:45:00,93453.6,93479.2,93118.2,93262.0,5777.784,2025-12-03 06:59:59.999,538863015.34790,1485,2163.588,201688371.56710,0,60.274030892302434,445.91629908383766,456.7852848742191,-10.86898579038143,93829.34620231578,93068.54000000001,92307.73379768424,287.7214285714269,11698.910950000001,0.6781541942573845,93557.1,227.71545841156376
2025-12-03 07:00:00,93292.9,93293.5,93260.6,93261.5,225.394,2025-12-03 07:14:59.999,21024110.70500,547,83.840,7821563.80170,0,62.80203945910014,411.61817627437995,447.7518631542512,-36.13368687987128,93846.19747398194,93091.45,92336.70252601805,282.4357142857116,10629.87645,0.35682810376424146,93499.0,263.57760716648556
2025-12-03 07:15:00,93293.5,93298.8,93257.0,93257.0,613.579,2025-12-03 07:29:59.999,57235189.80080,555,383.840,35809940.36760,0,64.10082360394617,379.69664784787165,434.14082009297533,-54.44417224510369,93858.96744026274,93114.95999999999,92370.95255973724,278.8428571428553,9972.8891,0.5389344858776246,93422.31999999999,267.891558283644
2025-12-03 07:30:00,93257.0,93299.1,93257.0,93299.1,220.283,2025-12-03 07:44:59.999,20546267.10220,478,77.555,7235775.97230,0,59.43859290316019,353.718280586676,418.0563121917155,-64.33803160503953,93860.00262261146,93148.45,92436.89737738854,259.5142857142845,9566.773850000001,0.42516961038318,93306.64,83.88768085770373
2025-12-03 07:45:00,93299.1,93314.7,93257.0,93257.0,425.632,2025-12-03 07:59:59.999,39698236.27630,690,95.290,8891138.17230,0,63.69513999232899,325.97547682831646,399.64014511903576,-73.6646682907193,93860.90646454877,93174.045,92487.18353545123,238.13571428571282,8951.1615,0.0006433874779702206,93267.32,17.924480458274637
2025-12-03 08:00:00,93257.0,93314.7,93257.0,93257.0,223.294,2025-12-03 08:14:59.999,20831296.70240,519,130.811,12206515.85180,0,60.514868005482185,300.5248416691902,379.8170844290667,-79.2922427598765,93855.2686168287,93200.37,92545.47138317129,221.57142857142753,8491.192500000001,-0.024656946826758147,93266.32,18.427886468595847
2025-12-03 08:15:00,93257.0,93314.7,93257.0,93257.1,215.611,2025-12-03 08:29:59.999,20111073.61880,547,67.418,6290986.37530,0,50.026397164190804,277.16807803546544,359.28728315034647,-82.11920511488103,93848.61194781211,93224.27,92599.9280521879,189.5071428571412,8070.381150000001,-0.03794517244150835,93265.44,18.81656184587924
2025-12-03 08:30:00,93313.0,93316.5,93257.0,93257.1,243.674,2025-12-03 08:44:59.999,22730603.39200,654,108.141,10091198.37680,0,49.120786301159725,255.71000877219194,338.5718282747156,-82.86181950252364,93823.11934868428,93252.925,92682.73065131572,174.80714285714203,7878.764150000001,-0.12455367374433016,93265.46,18.805398153183926
2025-12-03 08:45:00,93257.1,93317.3,93257.0,93311.0,158.189,2025-12-03 08:59:59.999,14755428.11120,572,55.548,5183394.92970,0,50.688397707821686,240.28377206993173,318.91421703375886,-78.63044496382713,93776.99537922819,93286.785,92796.57462077182,164.4142857142849,7689.9698499999995,-0.25761074055070976,93267.84,24.127225279725256
2025-12-03 09:00:00,93257.0,93317.3,92729.6,92918.8,13273.793,2025-12-03 09:14:59.999,1233150209.36730,2283,5102.958,473797126.01120,0,36.26586102719072,194.17280289214978,293.96593420543707,-99.79313131328729,93778.1637614888,93286.23000000001,92794.29623851122,178.21428571428467,7545.95125,-0.7706075582761194,93200.2,159.031490591416
2025-12-03 09:15:00,92918.8,92920.9,92784.6,92910.0,4798.526,2025-12-03 09:29:59.999,445575215.81130,1693,2153.706,200005389.90400,0,28.386749259359178,155.13118541218864,266.1989844467874,-111.06779903459875,93754.97116705353,93293.875,92832.77883294647,171.64999999999833,7106.689300000001,-1.030598386194775,93130.8,198.79138562764254
2025-12-03 09:30:00,92897.1,92910.0,92776.9,92855.0,6950.961,2025-12-03 09:44:59.999,645287762.52470,1703,1398.684,129831202.63670,0,22.950819672131672,118.38768242463993,236.63672404235788,-118.24904161771795,93761.6857998777,93291.42,92821.1542001223,164.4142857142849,6745.18575,-0.6405317719167649,93050.38,215.5511122675864
2025-12-03 09:45:00,92855.0,93129.6,92826.5,93129.6,10936.359,2025-12-03 09:59:59.999,1016989964.83780,2035,10588.272,984626026.79750,0,24.890888336803016,110.1563033611601,211.34063990611833,-101.18433654495823,93760.72195557482,93285.08,92809.43804442519,168.19999999999916,6546.76985,-0.14196564517166066,93024.88,191.14165427714732
2025-12-03 10:00:00,93129.2,93133.7,92993.7,93078.9,6637.522,2025-12-03 10:14:59.999,617640543.32470,1692,2992.984,278561463.87500,0,33.21386972493504,98.40743026744167,188.753997978383,-90.34656771094134,93759.5388328457,93275.025,92790.51116715428,147.92142857142815,6386.04905,-0.19579354824874767,92978.45999999999,118.76442228135885
2025-12-03 10:15:00,93078.9,93308.6,93055.2,93194.8,8669.364,2025-12-03 10:29:59.999,807902875.65240,2050,7235.369,674208106.11530,0,46.770472895040626,97.32660456419399,170.46851929554524,-73.14191473135125,93755.8805129316,93270.14,92784.3994870684,140.2357142857145,6285.266250000001,-0.0666974060928371,93033.66,145.2828551474652
2025-12-03 10:30:00,93160.7,93194.8,92814.7,92905.0,15404.43,2025-12-03 10:44:59.999,1432258525.59110,2527,1490.647,138628585.15770,0,36.59472061367266,72.25271998683456,150.8253594338031,-78.57263944696854,93756.09070195323,93246.72,92737.34929804677,165.03571428571533,6425.7754,-0.4224049320947424,93032.66,146.36002869567852
2025-12-03 10:45:00,92907.7,92978.5,92853.5,92855.0,9705.605,2025-12-03 10:59:59.999,901793699.40780,1911,4603.341,427858658.85830,0,35.383944153578085,47.79594181380526,130.21947590980352,-82.42353409599826,93728.61816467268,93211.87000000001,92695.12183532734,170.97857142857225,6429.58715,-0.4310668368058162,93032.66,146.36002869567852
2025-12-03 11:00:00,92855.0,92948.1,92720.0,92720.0,8054.695,2025-12-03 11:14:59.999,747831913.48440,1804,1856.951,172530989.33900,0,30.277229071589403,17.320734506618464,107.6397276291665,-90.31899312254804,93685.83532166325,93165.85,92645.86467833676,184.26428571428656,6108.4758,-0.5758280879719485,92950.73999999999,187.4096528993069
2025-12-03 11:15:00,92720.0,92974.1,92716.3,92952.1,5287.029,2025-12-03 11:29:59.999,490879336.81650,1751,4693.068,435785286.10990,0,40.8057415113688,11.761860012295074,88.46415410579222,-76.70229409349714,93525.00442271616,93119.57999999999,92714.15557728382,198.5571428571441,5882.3178,-0.32705284637845267,92925.38,173.81795649429193
2025-12-03 11:30:00,92974.1,92974.7,92820.0,92862.5,2486.499,2025-12-03 11:44:59.999,230904968.87830,1455,133.561,12406838.19510,0,38.71373805573065,0.12499982430017553,70.79632324949381,-70.67132342519363,93478.76205835018,93090.025,92701.2879416498,205.48571428571555,5015.411149999999,-0.42313132190471914,92858.92000000001,86.79404933452112
2025-12-03 11:45:00,92862.5,92980.7,92820.0,92933.2,8343.463,2025-12-03 11:59:59.999,775361352.09000,1927,6903.539,641550508.49120,0,41.09332893361923,-3.353736788238166,55.96631124194741,-59.320048030185575,93459.49924887161,93073.585,92687.6707511284,212.84285714285838,5143.695099999999,-0.40488259690712014,92864.56000000001,91.33445680508854
2025-12-03 12:00:00,92933.2,93010.1,92789.0,92834.3,7304.583,2025-12-03 12:14:59.999,678536220.73030,2135,3257.749,302808655.30370,0,38.97350302524522,-13.930482148047304,41.98695256394846,-55.91743471199577,93441.62044439263,93052.225,92662.82955560739,224.38571428571595,5497.65455,-0.09093961609491297,92860.42000000001,92.33973684109385
2025-12-03 12:15:00,92837.6,92860.1,92651.4,92651.4,7036.32,2025-12-03 12:29:59.999,652688498.25260,1901,860.658,79878661.14270,0,33.88231844394504,-36.64866746244661,26.259828558669447,-62.90849602111606,93437.59342672632,93021.945,92606.29657327369,234.98571428571657,5818.7916,-0.2783338714885436,92846.7,119.51663064146915
2025-12-03 12:30:00,92651.4,92831.3,92651.3,92794.4,9564.3,2025-12-03 12:44:59.999,887035433.78270,2038,7610.168,705812584.20760,0,46.53867557039494,-42.62275946131558,12.48331095467244,-55.10607041598802,93402.67937868458,92996.70999999999,92590.7406213154,205.8642857142882,6285.99245,-0.06526304453180315,92815.16,104.62931233599883
2025-12-03 12:45:00,92785.3,92915.8,92755.4,92875.7,7293.573,2025-12-03 12:59:59.999,677225523.75050,1835,7197.238,668280565.98110,0,49.0826424177587,-40.33211633267638,1.9202254972026742,-42.25234182987905,93367.64525628612,92977.64499999999,92587.64474371386,207.58571428571824,6629.3895,-0.27263082843694025,92817.8,106.27598505731495
2025-12-03 13:00:00,92882.3,92998.0,92852.6,92872.2,8949.18,2025-12-03 13:14:59.999,831721926.36290,2340,5487.964,510077529.08610,0,50.47304730473038,-38.35702993464656,-6.135225589167176,-32.221804345479384,93327.80047472237,92958.405,92589.00952527762,208.46428571428882,7065.683800000001,-0.2220696634790453,92805.6,92.29888948361494
2025-12-03 13:15:00,92878.8,93042.1,92863.0,92976.8,6953.377,2025-12-03 13:29:59.999,646578067.65730,1737,3941.623,366606923.32450,0,45.36407766990294,-28.02832087709976,-10.513844646753695,-17.514476230346062,93286.31738473187,92944.38999999998,92602.4626152681,199.607142857146,7402.5721,-0.2339186306532124,92834.1,120.93473446406813
2025-12-03 13:30:00,92976.8,93144.4,92899.3,93142.2,12384.477,2025-12-03 13:44:59.999,1152314149.78850,2500,8933.808,831521078.09590,0,51.79554093152555,-6.422314397525042,-9.695538596907966,3.2732241993829234,93261.79536406914,92938.645,92615.49463593087,207.1142857142882,8009.61225,0.2553145686453873,92932.26,134.04311992730496
2025-12-03 13:45:00,93144.4,93171.6,93044.6,93073.9,5867.798,2025-12-03 13:59:59.999,546415053.42120,1685,3680.891,342850532.02910,0,46.47542417351737,5.130224176464253,-6.730386042233522,11.860610218697776,93206.9625400875,92926.79000000001,92646.61745991252,198.08571428571616,8295.0927,0.23574390178234256,92988.16,119.68990349990625
2025-12-03 14:00:00,93044.6,93088.0,91683.9,91990.5,30343.037,2025-12-03 14:14:59.999,2796676994.68760,3825,10441.226,960928822.93050,0,31.773428468928216,-72.30217693139275,-19.844744220065373,-52.45743271132738,93384.32720691121,92880.375,92376.42279308879,271.2285714285733,9148.5549,-0.7867773943054357,92811.12,469.9109245377317
2025-12-03 14:15:00,91990.5,92461.8,91990.5,92461.8,17670.789,2025-12-03 14:29:59.999,1631051531.37330,2401,15176.491,1400980648.49760,0,43.290102389078584,-94.54805042693624,-34.78540546143955,-59.76264496549669,93395.1370111729,92857.965,92320.79298882709,295.96428571428777,9792.16805,-0.5274759795636708,92729.04000000001,491.9027271727069
2025-12-03 14:30:00,92461.8,93570.5,92170.3,93469.0,21612.159,2025-12-03 14:44:59.999,2003358963.17690,2920,15675.060,1454217792.51160,0,59.84956078060067,-30.55324418640521,-33.938973206432685,3.385729020027476,93491.31451593875,92888.66500000001,92286.01548406127,379.68571428571573,10525.227949999999,0.6531161663750168,92827.48000000001,592.7851187402572
2025-12-03 14:45:00,93469.0,93469.0,92475.6,92475.6,25228.194,2025-12-03 14:59:59.999,2341906098.91970,2941,6146.465,570222123.35060,0,44.77922647091049,-59.31226215536299,-39.01363099621875,-20.298631159144236,93474.3368529614,92855.965,92237.5931470386,432.22857142857225,11239.8197,-0.49239668923483887,92694.16,579.1106396881025
2025-12-03 15:00:00,92475.6,92876.6,92156.6,92183.4,28870.531,2025-12-03 15:14:59.999,2672367329.13060,3552,11983.382,1109762990.58930,0,42.8757264849667,-104.47773478452291,-52.10645175387959,-52.37128303064332,93488.47101266305,92811.19,92133.90898733695,472.6071428571439,12351.47015,-0.7011417116303013,92516.06,569.9894279721779
2025-12-03 15:15:00,92183.4,92368.6,91920.9,92287.2,19392.572,2025-12-03 15:29:59.999,1788227278.00680,3420,9077.042,837150556.01840,0,43.26971161860312,-130.39281750214286,-67.76372490353226,-62.6290925986106,93456.36164188778,92765.81,92075.25835811222,493.10714285714494,12887.63055,-0.3930863430018296,92575.4,514.3221752948468
2025-12-03 15:30:00,92289.7,92647.8,92247.5,92318.8,17037.168,2025-12-03 15:44:59.999,1574543009.52090,2856,9478.785,876071386.52130,0,44.55292799932377,-146.68990148317243,-83.5489602194603,-63.140941263712136,93451.50533969904,92736.5,92021.49466030096,505.9071428571447,12969.26745,-0.512530928590509,92546.8,526.0603577537804
2025-12-03 15:45:00,92318.8,92572.7,92303.4,92326.7,10657.588,2025-12-03 15:59:59.999,985320104.69280,2180,6747.574,624083564.74670,0,46.43727095174354,-157.1563929043914,-98.27044675644653,-58.885946147944864,93445.40358695702,92710.08499999999,91974.76641304296,510.2357142857155,13016.8666,-0.5911126376436463,92318.34,104.8562253761596
2025-12-03 16:00:00,92332.3,92411.9,91785.0,91986.7,22484.48,2025-12-03 16:14:59.999,2070143070.26660,2783,3287.813,302467862.08490,0,41.50486968594211,-190.68818654886854,-116.75399471493097,-73.93419183393758,93476.64964823156,92673.42,91870.19035176844,542.1571428571436,13738.355850000002,-0.9534607772831913,92220.55999999998,142.67888070831512
2025-12-03 16:15:00,91987.0,92209.5,91986.3,92209.4,10306.901,2025-12-03 16:29:59.999,949428137.84800,2056,8057.634,742265078.75790,0,43.194492676649006,-197.02120793359063,-132.8074373586629,-64.21377057492774,93453.81230204421,92636.285,91818.75769795579,546.6428571428571,13989.34945,-0.8253671883738832,92225.76,141.45452626259552
2025-12-03 16:30:00,92209.4,92656.3,92170.0,92643.6,19412.264,2025-12-03 16:44:59.999,1794913021.41750,2753,16428.619,1518932186.80490,0,47.853924145700425,-165.10068385685736,-139.2660866583018,-25.83459719855557,93435.94745877352,92625.34,91814.73254122648,570.9928571428578,14835.637700000001,-0.5353105251969476,92297.04,237.40720924215097
2025-12-03 16:45:00,92643.6,92662.4,92209.9,92232.0,12613.925,2025-12-03 16:59:59.999,1166274425.89350,2143,4322.155,400052037.42510,0,43.38895792650452,-171.04442500635923,-145.6217543279133,-25.42267067844594,93405.46556518928,92590.28,91775.09443481072,590.5214285714288,15049.160799999998,-0.9045500403442793,92279.68000000001,238.58886604398307
2025-12-03 17:00:00,92220.0,92546.2,92209.9,92546.2,10343.559,2025-12-03 17:14:59.999,955468171.10750,2010,8303.563,767146998.32780,0,44.845895741810516,-148.6875905792549,-146.23492157818163,-2.452669001073275,93383.04717331695,92575.875,91768.70282668305,597.0357142857154,15201.1096,0.604084117381683,92323.57999999999,267.8080319933208
2025-12-03 17:15:00,92442.4,92631.8,92244.8,92473.1,10710.336,2025-12-03 17:29:59.999,990383328.20990,2328,7105.423,657142751.85490,0,44.80869595271846,-135.30844576509844,-144.049626415565,8.74118065046656,93374.55838742855,92566.95999999999,91759.36161257143,615.6071428571439,15384.810399999998,0.012221263267644486,92420.86,192.63675142634492
2025-12-03 17:30:00,92473.1,92798.0,92470.7,92797.4,11816.232,2025-12-03 17:44:59.999,1094183661.63250,2077,8643.765,800422131.81580,0,58.02486325211332,-97.41414773957513,-134.72253068036702,37.30838294079189,93374.88735051733,92567.11,91759.33264948268,538.692857142858,15497.407000000001,-0.7185269982561125,92538.45999999999,209.97256487466436
2025-12-03 17:45:00,92733.0,92979.1,92671.3,92917.2,11646.126,2025-12-03 17:59:59.999,1081222593.12220,2013,9932.416,922156719.41600,0,54.86954662104356,-57.05805501030409,-119.18963554635442,62.131580536050336,93380.50546826105,92569.18500000001,91757.86453173897,527.0142857142865,15715.034650000001,0.47753137043716526,92593.18,271.003730601668
2025-12-03 18:00:00,92914.5,93461.7,92914.5,93405.8,21274.963,2025-12-03 18:14:59.999,1981036216.52470,2583,20943.611,1950212715.56100,0,49.23990955885894,14.186838780544349,-92.51434068097467,106.70117946151902,93480.88827124225,92595.86499999999,91710.84172875773,466.08571428571514,16331.323800000002,1.326052195948521,92827.94,370.1726191926207
2025-12-03 18:15:00,93461.7,93461.7,92910.7,93051.6,8644.096,2025-12-03 18:29:59.999,804747156.29270,1644,373.647,34754060.30370,0,58.18600420669658,41.58854373030772,-65.6937637987182,107.28230752902591,93492.00773768031,92599.60500000001,91707.20226231971,434.4857142857155,16415.85975,0.8282838790211522,92929.02,341.93259862125416
2025-12-03 18:30:00,93012.2,93120.0,92964.7,93114.2,8475.162,2025-12-03 18:44:59.999,788592756.16880,1758,6054.972,563455248.53930,0,64.15191874961998,67.57690465982887,-39.039630107008776,106.61653476683765,93487.10462129905,92598.20499999999,91709.30537870093,394.15000000000146,16220.393999999997,0.8615796565813183,93057.23999999999,230.16209070964024
2025-12-03 18:45:00,93114.2,93120.0,92392.6,92534.0,14979.595,2025-12-03 18:59:59.999,1389098553.36780,2051,570.741,52872749.80090,0,53.277556440903105,40.88428824095172,-23.054846437416675,63.93913467836839,93431.61859302784,92571.20999999999,91710.80140697214,414.12857142857166,16675.98385,0.22452876578498193,93004.56000000001,317.91732887632133
2025-12-03 19:00:00,92534.0,92791.1,92525.1,92652.8,9171.696,2025-12-03 19:14:59.999,850064195.81410,1692,6849.043,634753193.44600,0,54.335185089040046,28.9822749413579,-12.647422161661758,41.62969710301966,93420.46995068894,92604.325,91788.18004931105,404.5357142857143,15617.4168,0.7241264226241465,92951.68000000001,355.81159621332836
2025-12-03 19:15:00,92653.2,92727.1,92530.4,92712.1,7421.036,2025-12-03 19:29:59.999,687443395.55480,1709,2315.791,214579607.28820,0,54.93646890050222,24.057537741493434,-5.306430181030719,29.363967922524154,93431.45767952716,92616.84,91802.22232047284,399.35000000000065,15104.929150000002,0.5451721841808012,92812.94,255.60576675797904
2025-12-03 19:30:00,92712.1,92732.2,92581.3,92729.1,8266.582,2025-12-03 19:44:59.999,766062467.56690,1728,3359.684,311420164.36810,0,60.366977601519444,21.281090787277208,0.011074012630867717,21.27001677464634,93292.31474000994,92579.845,91867.37525999006,365.35000000000065,14437.6503,0.09228915974767819,92748.44,218.29253995490194
2025-12-03 19:45:00,92729.1,92993.4,92723.5,92972.9,11421.124,2025-12-03 19:59:59.999,1060407475.37500,1807,11171.563,1037217504.36270,0,60.59916150706616,38.31172532986966,7.671204276078629,30.64052105379103,93336.3156196788,92604.71,91873.10438032121,368.6857142857147,13747.296800000002,0.8033003729724979,92720.18,160.63569653092486
2025-12-03 20:00:00,92972.9,93058.3,92855.1,92928.5,11920.344,2025-12-03 20:14:59.999,1108357326.36080,2092,7227.228,672117120.31730,0,54.435069584980816,47.67633387086971,15.67223019503685,32.004103675832866,93358.97654149728,92641.965,91924.95345850271,348.4642857142857,12899.78745,0.41309097510216836,92799.08,142.1473601581913
2025-12-03 20:15:00,92928.5,93048.1,92851.4,92982.7,9296.139,2025-12-03 20:29:59.999,864045827.75400,1765,4443.452,413065910.62660,0,63.149413207216824,58.79360456399445,24.296505068828374,34.497099495166076,93388.75086450038,92676.74,91964.72913549963,330.192857142858,12394.9658,0.5510791787016887,92865.06,133.58064230986594
2025-12-03 20:30:00,92999.9,93065.2,92944.7,93065.2,5948.145,2025-12-03 20:44:59.999,553287888.56620,1486,3950.041,367502456.31220,0,59.89400640536846,73.41490092399181,34.12018423986107,39.29471668413074,93425.32010758389,92714.06,92002.79989241611,314.77857142857204,11840.51465,0.288585671581319,92935.68000000001,125.59706206710942
2025-12-03 20:45:00,93064.9,93280.7,92886.8,92886.8,16826.278,2025-12-03 20:59:59.999,1566490861.42570,2299,9945.460,926439119.38080,0,57.58220006598004,69.80235646617075,41.25661868512301,28.54573778104774,93432.92071736735,92742.065,92051.20928263266,315.27142857142877,12148.949149999999,-0.032717300994857985,92967.22,66.78058849604284
2025-12-03 21:00:00,92924.5,93050.9,92861.3,93002.9,6402.789,2025-12-03 21:14:59.999,595049257.88200,1488,3886.632,361281183.45660,0,54.077542759633374,75.43808537851146,48.09291202380071,27.345173354710752,93393.3858697979,92792.875,92192.3641302021,305.4357142857137,11344.864599999999,-0.4313436638838367,92973.22,68.73752250318219
2025-12-03 21:15:00,92987.3,93202.2,92962.1,93185.8,9954.372,2025-12-03 21:29:59.999,926945486.92110,1837,8850.383,824111053.61860,0,55.1993805652344,93.58416261320235,57.19116214168105,36.393000471521304,93399.73524181258,92841.695,92283.65475818743,300.59999999999854,11327.238150000001,0.1442210558442811,93024.68000000001,110.50917156442966
2025-12-03 21:30:00,93200.0,93416.4,93162.1,93412.0,13871.687,2025-12-03 21:44:59.999,1294353840.74320,2186,12201.169,1138452471.68920,0,50.13358614151506,124.77913295249164,70.70875630384317,54.07037664864846,93484.60287642546,92880.115,92275.62712357455,279.67857142856934,11050.209299999999,0.3198223257032793,93110.54000000001,200.1523619641385
2025-12-03 21:45:00,93420.5,93678.4,93326.8,93678.2,10425.401,2025-12-03 21:59:59.999,974500785.09890,1888,8620.199,805937589.86110,0,64.0329660485533,169.03297999377537,90.37360104182962,78.65937895194575,93576.16388894907,92952.425,92328.68611105093,265.4357142857116,10940.783099999999,1.2365184688871087,93233.13999999998,318.304976398072
2025-12-03 22:00:00,93678.2,93758.2,93466.9,93639.0,10753.665,2025-12-03 22:14:59.999,1006380046.79520,1796,7184.687,672549354.95730,0,61.87760275212771,198.6514301829011,112.02916687004394,86.62226331285716,93671.12656111899,93007.065,92343.00343888102,275.1499999999973,10961.288400000001,1.0644038820197523,93383.58,290.2077738444013
2025-12-03 22:15:00,93636.4,93639.0,93343.9,93353.8,8734.519,2025-12-03 22:29:59.999,816450104.80370,1474,676.904,63292822.64120,0,71.41364538710732,196.84193753697036,128.99172100342923,67.85021653354113,93682.05070456205,93051.1,92420.14929543796,244.2714285714267,10862.49755,0.6921426653047412,93453.76,205.07659056970837
2025-12-03 22:30:00,93372.8,93629.8,93266.4,93556.5,12733.615,2025-12-03 22:44:59.999,1189625258.19710,1928,7419.669,693472172.44340,0,72.61398328412027,209.3508314749197,145.06354309772732,64.28728837719237,93746.5179210341,93089.05500000001,92431.59207896591,251.22857142857018,10908.3667,0.8922765345506364,93527.9,140.97418203227096
2025-12-03 22:45:00,93546.2,93958.9,93540.6,93729.3,14929.551,2025-12-03 22:59:59.999,1399365647.23300,2236,9285.434,870252824.98940,0,74.08600113657926,230.5500978767377,162.16085405352942,68.38924382320829,93840.57154058339,93129.66,92418.74845941662,267.0571428571399,11072.53795,0.8135704060000373,93591.36,147.04435725196734
2025-12-03 23:00:00,93729.3,93961.7,93663.9,93710.9,10549.679,2025-12-03 23:14:59.999,989874267.06720,1766,5695.383,534558500.50110,0,73.23237103644112,243.0640519194567,178.34149362671488,64.72255829274181,93892.90312621304,93144.91500000001,92396.92687378697,277.54999999999774,10536.27375,0.841937618706849,93597.9,152.4983114648874
2025-12-03 23:15:00,93718.1,93718.1,93547.1,93584.7,6685.235,2025-12-03 23:29:59.999,625972839.34450,1483,1144.084,107138427.84790,0,65.3302595970735,240.0312346945866,190.67944184028926,49.351792854297344,93943.17843656398,93171.56999999999,92399.96156343601,270.4857142857124,10438.3307,0.6474322642814201,93587.04,150.7632846539422
2025-12-03 23:30:00,93584.7,93599.9,93429.0,93472.2,8369.181,2025-12-03 23:44:59.999,782475628.11900,1585,459.085,42908843.72260,0,63.17421856069787,225.94533818283526,197.73262110879847,28.21271707403679,93972.00728776661,93189.47,92406.93271223339,268.17857142856934,10433.03165,0.43732780889097106,93610.72,108.2842186084295
2025-12-03 23:45:00,93494.5,93564.7,93389.7,93389.7,7344.855,2025-12-03 23:59:59.999,686562599.39990,1392,1852.038,173205357.75800,0,59.72846352423755,205.75330714734446,199.33675831650768,6.416548830836774,93955.1980915274,93232.255,92509.3119084726,266.62857142856853,10051.29465,0.5414116968180561,93577.36,147.68841525201174
2025-12-04 00:00:00,93391.0,93391.6,92976.0,92976.0,13017.513,2025-12-04 00:14:59.999,1213803027.34190,2013,89.396,8343365.49860,0,48.15930664465543,154.58686337710242,190.38677932862666,-35.79991595152424,93930.0921122582,93248.41500000001,92566.73788774182,287.70714285714035,10243.5855,-0.028923829256930895,93426.7,279.4205522142273
2025-12-04 00:15:00,92976.0,93044.2,92704.1,92818.5,9587.776,2025-12-04 00:29:59.999,890826481.80270,1592,2437.894,226639570.17990,0,48.57832729694844,100.17341753572691,172.34410697004674,-72.17068943431983,93919.258076517,93253.735,92588.211923483,283.864285714283,10351.9225,-0.3941587666790465,93248.22,332.4776037566587
2025-12-04 00:30:00,92818.5,93005.9,92684.1,93004.4,11844.302,2025-12-04 00:44:59.999,1099483749.10350,1899,7920.978,735639968.59390,0,50.03034103321332,71.22985264536692,152.12125610511077,-80.89140345974386,93897.79001512488,93267.5,92637.20998487512,293.3071428571399,10530.808500000001,-0.43634650794331115,93132.16,283.3042587039825
2025-12-04 00:45:00,93004.4,93036.6,92856.2,93000.5,5478.683,2025-12-04 00:59:59.999,509278221.28050,1441,3131.435,291177307.94750,0,45.95926555889911,47.43042314269405,131.18308951262742,-83.75266636993337,93896.56964708751,93268.87999999999,92641.19035291247,289.0428571428555,10233.68645,-0.7234340540275082,93037.81999999999,211.09961392633693
2025-12-04 01:00:00,93013.9,93561.6,93000.0,93548.0,17688.402,2025-12-04 01:14:59.999,1649840798.57010,2080,17032.445,1588744877.81730,0,52.6011781807054,71.91884249936265,119.33024010997447,-47.411397610611814,93917.88809561168,93299.855,92681.82190438831,310.99285714285674,10522.089349999998,-0.09718172983479105,93069.48,278.25550668376064
2025-12-04 01:15:00,93548.0,93673.5,93200.0,93308.6,9407.466,2025-12-04 01:29:59.999,878455843.22900,1889,4237.509,395825030.85670,0,42.85769498338111,71.18790219476796,109.70177252693317,-38.51387033216521,93915.88888178438,93316.15,92716.4111182156,319.7000000000002,10527.6557,-0.048417954062927364,93136.0,289.8360829845221
2025-12-04 01:30:00,93308.6,93464.3,93303.5,93423.0,4066.348,2025-12-04 01:44:59.999,379751646.71620,1294,3692.237,344835398.28250,0,45.943814316833134,78.92989594822575,103.5473972111917,-24.617501262965945,93923.51825780876,93334.04000000001,92744.56174219126,310.37857142857166,10433.56585,-0.14269452149236023,93256.9,247.23395802308687
2025-12-04 01:45:00,93423.0,93429.2,93138.5,93144.8,9988.417,2025-12-04 01:59:59.999,931509373.40440,1978,85.637,7984810.86800,0,46.0649194155746,61.90348198356514,95.2186141656664,-33.31513218210125,93905.70026081029,93346.93999999999,92788.17973918968,310.0642857142853,10091.6728,-0.6236043585090254,93284.98000000001,217.58116186781567
2025-12-04 02:00:00,93144.8,93606.5,93130.8,93606.5,16383.79,2025-12-04 02:14:59.999,1529766647.28110,2155,14661.752,1369321438.61120,0,50.85775063473548,84.68901540746447,93.11269441402602,-8.423679006561557,93922.68645830659,93377.12,92831.5535416934,318.08571428571304,10590.72285,-0.11140646392254708,93406.18000000001,185.98742430524047
2025-12-04 02:15:00,93606.5,93966.5,93558.5,93761.1,13737.243,2025-12-04 02:29:59.999,1288397662.02710,1892,12473.717,1169817374.98280,0,50.54895732633619,113.90857560670702,97.27187065256223,16.63670495414479,93969.35020100621,93405.885,92842.41979899378,317.34999999999957,10779.866399999999,0.1884923497110198,93448.8,242.45528453651235
2025-12-04 02:30:00,93761.1,93937.9,93571.5,93808.5,11548.642,2025-12-04 02:44:59.999,1082702014.07900,1858,6820.778,639681982.84330,0,51.66814794558021,139.28448658212437,105.67439383847467,33.6100927436497,94017.28109961766,93425.70999999999,92834.13890038233,322.249999999999,10663.714150000002,0.35978611822552903,93548.78,271.51717625159455
2025-12-04 02:45:00,93808.5,93941.1,93731.9,93902.5,11198.441,2025-12-04 02:59:59.999,1050749230.98020,2014,8981.606,842864884.08210,0,55.49218858011901,165.07718621719687,117.55495231421914,47.52223390297773,94056.49271305544,93436.925,92817.35728694456,324.97857142857123,10702.36615,0.5490969560883084,93644.68000000001,299.24884627947864
2025-12-04 03:00:00,93902.5,93989.0,93750.1,93750.1,9881.51,2025-12-04 03:14:59.999,927780406.13000,1727,6079.537,570962626.81470,0,54.737308649551885,171.24665531913342,128.29329291520202,42.95336240393141,94071.59497268006,93442.48000000001,92813.36502731996,329.83571428571406,10658.7584,0.8325804508690478,93765.74,107.41884378240483
2025-12-04 03:15:00,93750.1,93766.3,93539.5,93574.2,12546.616,2025-12-04 03:29:59.999,1174762147.48450,2112,1157.579,108415439.09070,0,53.04807533454489,160.0968472899258,134.65400379014676,25.44284349977903,94083.79467461673,93453.5,92823.20532538327,333.5357142857143,10849.363249999999,0.8141695890366653,93759.28,119.66282630604752
2025-12-04 03:30:00,93574.6,93606.9,93406.9,93429.3,8701.419,2025-12-04 03:44:59.999,813510403.08480,1652,111.083,10384940.94370,0,58.218805526344575,137.9778028534929,135.31876360281598,2.6590392506769263,94075.62300032086,93447.14,92818.65699967914,318.13571428571385,10647.75345,0.45686010554340306,93692.92000000001,189.83019253948333
2025-12-04 03:45:00,93410.0,93553.9,93405.0,93499.9,3682.445,2025-12-04 03:59:59.999,344220639.46690,1211,2748.168,256925378.20990,0,62.75647745993719,124.70757940212206,133.1965267626772,-8.48894736055513,94050.70013568246,93435.67,92820.63986431753,304.47857142857123,10085.398149999999,0.5369863602883793,93631.2,192.99818651894668
2025-12-04 04:00:00,93500.0,93525.0,93345.7,93420.0,8672.593,2025-12-04 04:14:59.999,810264543.26270,1721,2214.292,206925682.90550,0,58.101996257018335,106.51572251683683,127.86036591350913,-21.344643396672296,94022.35316013094,93421.125,92819.89683986906,294.3000000000008,9991.543849999998,-0.1368281523923547,93534.7,135.4932655139758
2025-12-04 04:15:00,93417.9,93455.1,93335.6,93359.4,4756.749,2025-12-04 04:29:59.999,444143240.75460,1370,581.674,54336178.12530,0,56.84531756627881,86.21480076892476,119.53125288459228,-33.316452115667516,94006.60959361681,93409.86000000002,92813.11040638322,289.9500000000002,9895.11955,0.054442998823247116,93456.56,82.51868273106986
2025-12-04 04:30:00,93358.2,93455.5,93328.0,93356.0,8035.223,2025-12-04 04:44:59.999,750586781.79500,1955,5086.521,475170513.00750,0,45.37883893328191,69.05579027389467,109.43616036245275,-40.38037008855808,94000.5066195085,93404.05,92807.59338049151,258.94285714285695,9878.42165,-0.07171681491709751,93412.92,59.13591970780881
2025-12-04 04:45:00,93356.0,93356.0,93212.0,93277.3,7920.65,2025-12-04 04:59:59.999,738767600.59950,1638,1199.753,111920733.86840,0,49.18349246100058,48.54709783164435,97.25834785629107,-48.711250024646716,93997.5680338345,93398.43,92799.29196616549,235.40714285714265,9907.2114,0.142251634014996,93382.51999999999,82.90341971053138
2025-12-04 05:00:00,93277.3,93300.4,93024.8,93152.2,12314.237,2025-12-04 05:14:59.999,1147058718.05480,2147,590.956,55037498.01340,0,42.97499221749493,21.946303492761217,82.19593898358511,-60.24963549082389,93985.02526479882,93407.23999999999,92829.45473520116,243.6071428571418,9872.0476,-0.485329544422666,93312.98,103.17713893944789
2025-12-04 05:15:00,93150.0,93206.4,92991.5,93183.2,8877.581,2025-12-04 05:29:59.999,826592243.69450,2140,4011.434,373665317.71920,0,51.14272110463024,3.3280594552634284,66.42236307792078,-63.09430362265735,93945.12041301861,93425.475,92905.8295869814,238.1928571428559,9836.537849999999,-0.6163536903897338,93265.62000000001,95.86032547279542
2025-12-04 05:30:00,93183.2,93185.7,92963.6,92963.6,5896.094,2025-12-04 05:44:59.999,548674480.31300,1806,95.626,8904998.62520,0,27.647590570891992,-28.8147592003952,47.374938622257574,-76.18969782265278,93950.31061011535,93423.435,92896.55938988464,220.07857142856977,9539.12745,-0.90066465192386,93186.45999999999,148.1946962606454
2025-12-04 05:45:00,92963.6,92995.7,92761.4,92905.7,7376.895,2025-12-04 05:59:59.999,685079003.67740,1596,762.488,70797636.69670,0,18.115401818994272,-58.28830932432902,26.242289032940253,-84.53059835726927,93963.00842161983,93418.69499999999,92874.38157838015,207.67142857142713,9634.03805,-1.0615265834242997,93096.4,156.02485378883225
2025-12-04 06:00:00,92905.7,92986.7,92854.4,92986.7,5655.732,2025-12-04 06:14:59.999,525615663.04780,1362,4804.953,446589515.00710,0,20.116363636363218,-74.25432940063183,6.142965346225832,-80.39729474685767,93963.9790242314,93390.63,92817.2809757686,190.94999999999916,9032.404550000001,-0.8142924647547135,93038.28,122.26470054701923
2025-12-04 06:15:00,92973.7,93150.9,92973.7,93150.9,8316.486,2025-12-04 06:29:59.999,773931281.78500,1637,7895.763,734800421.63070,0,23.99667866039252,-72.81854080628545,-9.64933588427643,-63.16920492200902,93965.11065282226,93382.745,92800.37934717773,188.66428571428384,8977.855549999998,-0.4523682810005353,93038.01999999999,121.96289189688817
2025-12-04 06:30:00,93149.3,93288.6,93095.3,93115.4,15353.347,2025-12-04 06:44:59.999,1430993169.48330,2287,10818.024,1008461140.72580,0,26.108559813294534,-73.69570312343421,-22.45860933210799,-51.237093791326224,93961.38490495423,93367.36499999999,92773.34509504575,185.40714285714162,9542.2055,-0.3359759732760587,93024.45999999999,104.27230217012556
2025-12-04 06:45:00,93115.4,93150.0,93006.6,93103.0,6935.653,2025-12-04 06:59:59.999,645583090.42330,1504,2271.424,211473851.04500,0,29.773351648351323,-74.53227527366835,-32.87334252042007,-41.65893275324828,93962.87540117276,93365.275,92767.67459882723,179.44999999999814,9389.5673,-0.42449243261222125,93052.34,102.55361036962985
2025-12-04 07:00:00,93103.0,93109.3,92890.7,93000.0,11835.063,2025-12-04 07:14:59.999,1100759501.81590,1951,1488.000,138442013.33140,0,30.884317392465462,-82.55486285261577,-42.80964658685921,-39.74521626575656,93942.48061002178,93334.95,92727.41938997821,180.77857142856996,9162.13095,-0.44958253050738595,93071.2,73.3598323323975
2025-12-04 07:15:00,93000.0,93107.5,92988.5,93069.1,6783.609,2025-12-04 07:29:59.999,631300545.42820,1628,4301.147,400288907.48880,0,30.791867308721663,-82.38731907143665,-50.72518108377471,-31.662137987661943,93884.04477424583,93300.35,92716.65522575418,178.64285714285612,8814.449250000001,-0.31094887070823973,93087.68,57.08079361598053
2025-12-04 07:30:00,93070.2,93238.4,93069.1,93238.4,6415.756,2025-12-04 07:44:59.999,597728269.27990,1535,6335.463,590246974.05250,0,42.50082590023094,-67.81175264377089,-54.14249539577395,-13.669257247996939,93804.50342309348,93271.845,92739.18657690652,177.92857142856934,8557.80495,-0.12596940742963048,93105.18000000001,86.92147030407793
2025-12-04 07:45:00,93238.4,93340.1,93201.1,93340.1,5676.51,2025-12-04 07:59:59.999,529507128.30140,1714,5612.473,523535610.24410,0,49.22917165907866,-47.50654529854364,-52.815305376327885,5.3087600777842425,93688.29742794899,93243.725,92799.15257205103,179.32142857142648,8281.7084,0.06732613401117196,93150.12,137.11884261400635
2025-12-04 08:00:00,93304.7,93572.7,93073.9,93088.2,14789.1,2025-12-04 08:14:59.999,1380101928.30470,2264,6774.513,632866086.40240,0,41.075713143161785,-51.15110882805311,-52.482466066672934,1.3313572386198231,93590.29158394555,93210.62999999999,92830.96841605443,205.84285714285528,8527.087899999999,-0.06870476489014753,93147.16,138.54267573497302
2025-12-04 08:15:00,93088.2,93176.6,93073.9,93108.1,5418.677,2025-12-04 08:29:59.999,504672738.76240,1412,2198.682,204794751.56900,0,44.13152053274158,-51.83615308816661,-52.35320347097167,0.5170503828050599,93528.26662412487,93187.325,92846.38337587513,202.89285714285612,8170.690950000001,-0.08059392680224683,93168.78,116.52122982442656
2025-12-04 08:30:00,93176.6,93310.8,93042.7,93292.8,8895.072,2025-12-04 08:44:59.999,828731244.50610,2149,5767.778,537561468.57240,0,54.68292033040251,-37.04824015137274,-49.29221080705189,12.24397065567915,93506.16922839603,93180.5,92854.83077160397,202.35714285714286,8180.373600000001,0.35411709529320834,93213.52,111.518281011587
2025-12-04 08:45:00,93292.8,93349.9,93117.5,93195.4,6072.739,2025-12-04 08:59:59.999,566165651.76460,1768,2449.894,228532778.23700,0,50.38912988007136,-32.80986688006669,-45.995742021654856,13.185875141588163,93454.50510600353,93165.275,92876.04489399646,203.60714285714286,8299.8883,0.3118215566967335,93204.92,110.77548013790292
2025-12-04 09:00:00,93195.4,93523.4,93193.4,93350.3,14828.123,2025-12-04 09:14:59.999,1384292178.81380,2363,9680.208,903367677.03020,0,62.86512742032029,-16.758607287105406,-40.14831507474497,23.389707787639566,93439.5491831025,93161.79000000001,92884.03081689752,211.31428571428634,8607.6648,0.3910236625237866,93206.96,113.93609173471562
2025-12-04 09:15:00,93350.3,93366.8,93256.6,93330.3,3388.153,2025-12-04 09:29:59.999,316154388.12480,1346,978.591,91327668.36130,0,64.49146757679172,-5.587294417564408,-33.23611094330886,27.64881652574445,93434.0105072553,93160.33499999999,92886.65949274469,202.45000000000022,8539.235,0.19259073181258446,93255.38,101.6268517654716
2025-12-04 09:30:00,93330.3,93440.6,93315.5,93440.6,5227.124,2025-12-04 09:44:59.999,488092609.93420,1557,5085.527,474872572.37050,0,65.18771331058016,12.027691955066985,-24.183350363633686,36.21104231870067,93453.18154237865,93164.565,92875.94845762136,201.9357142857147,8398.83005,0.3492440563000445,93321.88,89.18501555606167
2025-12-04 09:45:00,93438.1,93564.8,93385.7,93414.5,9880.391,2025-12-04 09:59:59.999,923524097.84700,2511,7902.870,738787686.57000,0,59.71833062970055,23.609488207657705,-14.624782649375407,38.23427085703311,93477.32825183295,93171.425,92865.52174816706,202.0714285714296,8496.8171,0.33457568499403884,93346.22,95.63799976852954
2025-12-04 10:00:00,93414.5,93504.0,93341.5,93358.7,8466.738,2025-12-04 10:14:59.999,790961302.84290,1993,3812.418,356303653.34440,0,58.83763167453669,27.963209052744787,-6.107184308951366,34.070393361696155,93498.6627424451,93181.75,92864.8372575549,199.8714285714294,8304.442149999999,0.38569892473117967,93378.88,46.53549182840434
2025-12-04 10:15:00,93358.7,93358.7,93250.2,93272.1,8728.601,2025-12-04 10:29:59.999,814379031.69980,1764,828.741,77322768.51300,0,55.82822085889575,24.147312745597446,-0.056284898041602124,24.20359764363905,93505.67677430573,93186.19499999999,92866.71322569426,197.37857142857268,8296.99315,0.21811750623998727,93363.23999999999,67.12732677321188
2025-12-04 10:30:00,93272.8,93320.1,93247.0,93255.0,5138.518,2025-12-04 10:44:59.999,479276151.15670,1666,996.331,92958581.43140,0,59.3420281359903,19.51836478136829,3.858645037840378,15.659719743527912,93503.65138326304,93200.765,92897.87861673695,186.98571428571555,8259.11435,0.017803823317437687,93348.18000000001,82.94749543972956
2025-12-04 10:45:00,93255.0,93292.5,93151.0,93200.0,7457.925,2025-12-04 10:59:59.999,695113326.09920,1695,356.349,33232619.84040,0,54.845635596357084,11.28180025346228,5.34327608096476,5.9385241724975195,93484.73721298623,93215.48000000001,92946.22278701379,188.59285714285838,8263.165850000001,-0.1500962608782354,93300.06000000001,85.67282532836329
2025-12-04 11:00:00,93200.0,93238.0,93154.1,93185.7,3870.562,2025-12-04 11:14:59.999,360812580.26640,2091,3471.926,323663187.59250,0,47.796269967383346,3.5593431418092223,4.986489493133653,-1.4271463513244305,93472.91796123372,93225.43,92977.94203876627,182.4928571428588,8173.9073499999995,0.10473937620450284,93254.3,68.68613397014119
2025-12-04 11:15:00,93185.7,93238.0,92987.9,92988.0,9692.665,2025-12-04 11:29:59.999,902407010.85380,2104,189.723,17681773.50900,0,36.37067430517943,-18.302517480042297,0.3286880984984614,-18.631205578540758,93484.99668526853,93217.285,92949.57331473147,190.42857142857352,8242.7163,-0.1289898515811254,93180.16,113.36199980503524
2025-12-04 11:30:00,92987.9,93000.0,92717.0,92777.0,13179.812,2025-12-04 11:44:59.999,1223569547.75380,2304,2526.148,234388692.81020,0,37.55996162456072,-52.05408899309987,-10.14786731982121,-41.90622167327866,93530.65193921923,93200.365,92870.07806078078,175.01428571428758,8134.0395499999995,-0.5528829663168036,93081.13999999998,197.77764787720594
2025-12-04 11:45:00,92755.3,92925.0,92728.6,92894.9,6101.093,2025-12-04 11:59:59.999,566505055.48880,1674,5520.015,512569096.36290,0,42.096678529062544,-68.49929073132807,-21.818152002122588,-46.681138729205486,93545.32151734295,93189.96,92834.59848265706,181.70714285714348,8092.31155,-0.3224408071643021,93009.12,183.7033124357639
2025-12-04 12:00:00,92894.9,92964.3,92883.2,92949.9,5110.372,2025-12-04 12:14:59.999,474862760.70780,2722,3832.244,356110347.99780,0,35.93634648511184,-76.21562496235128,-32.69764659416833,-43.51797836818295,93549.10533695381,93187.455,92825.80466304619,168.35000000000062,7756.076999999999,-0.42892202810275776,92959.09999999999,149.62407894417652
2025-12-04 12:15:00,92904.0,92958.8,92755.7,92827.8,8567.244,2025-12-04 12:29:59.999,795259851.81320,1992,1382.978,128401777.36160,0,35.22270461489023,-91.1328027791169,-44.38467783115805,-46.74812494795885,93568.40523153539,93175.39,92782.37476846461,166.25714285714432,7845.258749999999,-0.5384103554794103,92887.51999999999,86.34684128515609
2025-12-04 12:30:00,92828.4,93065.5,92803.2,93026.3,9329.049,2025-12-04 12:44:59.999,867126348.41090,1953,8483.782,788561325.72140,0,37.41649836880529,-85.94674206258787,-52.69709067744402,-33.249651385143856,93562.06466168335,93164.785,92767.50533831665,161.42142857143023,7990.9234,-0.4433832830696751,92895.18000000001,98.35317483396535
2025-12-04 12:45:00,93031.2,93116.6,92924.0,92941.2,8337.664,2025-12-04 12:59:59.999,775574239.11100,2029,2974.289,276839808.32120,0,35.6155268022179,-87.69274301615951,-59.69622114518713,-27.99652187097238,93545.10220564957,93144.84,92744.57779435042,167.30714285714515,8123.9811,-0.5066665239336536,92928.01999999999,73.23316871408551
2025-12-04 13:00:00,92941.8,92962.7,92470.2,92548.4,13774.686,2025-12-04 13:14:59.999,1277280291.99100,2557,711.471,65929767.57360,0,22.715596330274877,-119.39581791689852,-71.63614049952942,-47.759677417369105,93598.84898020234,93117.85,92636.85101979767,193.55000000000186,8073.260399999999,-0.8679426770081449,92858.72,187.38619746378637
2025-12-04 13:15:00,92612.3,92808.8,92548.4,92808.8,8882.22,2025-12-04 13:29:59.999,823366215.22470,2009,8033.559,744731476.66860,0,33.79874819451142,-122.10112368910632,-81.72913713744481,-40.37198655166151,93603.38956763035,93102.885,92602.38043236964,199.35714285714494,8246.437549999999,-0.4967187401162866,92830.5,180.72819370521535
2025-12-04 13:30:00,92786.0,92891.9,92620.4,92714.2,15021.04,2025-12-04 13:44:59.999,1393623677.68380,2447,8422.401,781547239.26100,0,33.11147214506582,-130.37563819793286,-91.45843734954242,-38.917200848390436,93594.71705891781,93073.95499999999,92553.19294108216,207.1428571428592,8552.73595,-0.5799152860436468,92807.78,188.1409896858203
2025-12-04 13:45:00,92715.7,92715.7,92425.2,92532.3,12653.467,2025-12-04 13:59:59.999,1170951093.57790,2260,2062.225,190813399.69890,0,31.536388140161733,-149.88329898749362,-103.14340967713268,-46.73988931036094,93611.0858932223,93040.8,92470.5141067777,220.1428571428592,8881.772350000001,-0.7164163090128725,92708.98,173.86716768844414
2025-12-04 14:00:00,92532.3,92638.9,92470.1,92625.5,9519.173,2025-12-04 14:14:59.999,881148566.97610,1890,5873.599,543883299.60230,0,34.86415003606636,-156.0242491902609,-113.71957757975832,-42.30467161050257,93584.07714711287,93004.56,92425.04285288713,226.97857142857225,8616.32485,-0.6011652002399478,92645.84,116.22032094272224
2025-12-04 14:15:00,92638.3,92773.0,92582.5,92759.0,5547.944,2025-12-04 14:29:59.999,514236690.40580,1370,5497.098,509526174.02820,0,39.782205746061166,-148.40790819026006,-120.65724370185866,-27.750664488401398,93544.11555235519,92975.995,92407.8744476448,230.47857142857225,8724.3144,-0.24626833569923,92687.95999999999,110.0781676810214
2025-12-04 14:30:00,92749.9,92773.0,92429.1,92611.7,21285.473,2025-12-04 14:44:59.999,1970610954.47130,3065,5922.353,548324136.59010,0,37.47271933653426,-152.4998585955036,-127.02576668058767,-25.474091914915945,93480.46571549961,92934.55,92388.6342845004,249.05000000000084,9527.23185,-0.17816915830432425,92648.54000000001,89.32022727259029
2025-12-04 14:45:00,92611.7,92637.5,91826.4,91840.0,24388.866,2025-12-04 14:59:59.999,2248373226.92830,3331,3726.662,343338265.37980,0,29.965095986038392,-215.52802647887438,-144.72621864024504,-70.80180783862934,93545.5005968974,92855.825,92166.1494031026,289.1214285714294,10252.655600000002,-1.135584407755425,92473.7,363.48761326914223
2025-12-04 15:00:00,91840.0,92630.6,91826.4,92612.6,17662.618,2025-12-04 15:14:59.999,1628881360.75490,2774,17570.405,1620376709.97230,0,47.6011206443706,-200.8210010145267,-155.9451751151014,-44.87582589942531,93473.50749076685,92818.51999999999,92163.53250923313,326.35000000000167,10712.4496,-0.36288366098294716,92489.76000000001,368.4639100374576
2025-12-04 15:15:00,92611.3,92839.2,92373.5,92544.9,14052.971,2025-12-04 15:29:59.999,1301572060.88300,2282,8090.676,749507725.49520,0,44.816964814595465,-192.41041410068283,-163.23822291221768,-29.17219118846515,93411.35882357438,92782.16,92152.96117642563,345.58571428571616,10978.668099999999,-0.30475784193960076,92473.64,362.7597042121654
2025-12-04 15:30:00,92545.1,93201.2,92413.4,92965.4,20437.856,2025-12-04 15:44:59.999,1895323789.14790,3658,16037.213,1487772657.64450,0,50.2071140329779,-150.08405211291392,-160.60738875235694,10.523336639443016,93363.50562479834,92767.68000000001,92171.85437520167,396.0642857142874,11743.634999999998,-0.06546535764618042,92514.92,411.7814311015998
2025-12-04 15:45:00,92965.4,92986.3,92719.8,92985.5,12333.85,2025-12-04 15:59:59.999,1145317418.24460,2529,8680.333,806150595.68860,0,52.16626830407423,-113.60859412122227,-151.20762982613002,37.59903570490775,93327.1873237603,92756.955,92186.7226762397,400.5928571428584,11987.43125,0.04766454489505506,92589.68000000001,464.32468919933115
2025-12-04 16:00:00,92985.5,92985.5,92527.2,92769.2,16745.332,2025-12-04 16:14:59.999,1552116277.61150,3066,4484.330,415688481.98930,0,46.48549635016536,-100.99097211494518,-141.16429828389306,40.17332616894788,93269.67570504961,92736.13,92202.5842949504,414.5928571428584,12631.16975,0.2385778684450546,92775.51999999999,199.94653535380354
2025-12-04 16:15:00,92769.2,93066.3,92747.6,92888.0,12781.112,2025-12-04 16:29:59.999,1187732397.85710,2411,9563.826,888741249.46180,0,49.27940618735443,-80.47755348192004,-129.02694932349846,48.549395841578416,93256.54980048843,92731.13,92205.71019951158,423.60000000000065,12785.592099999998,0.08533673530957957,92830.6,180.86891662187173
2025-12-04 16:30:00,92888.0,92919.5,92452.7,92452.7,11202.118,2025-12-04 16:44:59.999,1038312162.97440,2203,1159.979,107636905.86520,0,48.71849808511213,-98.21344995484105,-122.86424944976697,24.65079949492592,93254.20771917563,92714.91500000001,92175.62228082439,421.76428571428653,12686.707400000001,-0.28204956738018555,92812.16,218.13872421002594
2025-12-04 16:45:00,92479.1,92620.8,92240.9,92415.6,13134.546,2025-12-04 16:59:59.999,1214068302.15860,2230,4178.734,386588268.51020,0,44.39981769498099,-113.94939790421631,-121.08127914065685,7.131881236440535,93239.09183144227,92690.95,92142.80816855772,430.3000000000008,13038.38005,-0.1261181230770197,92702.2,256.7388459116064
2025-12-04 17:00:00,92390.0,92494.6,92128.1,92224.0,15173.992,2025-12-04 17:14:59.999,1399878333.53420,2678,2968.046,273986081.68900,0,43.206009535425295,-140.26389389984251,-124.917802092494,-15.346091807348515,93226.2314220286,92654.655,92083.07857797139,437.08571428571514,13541.56105,-0.43346594620271955,92549.9,272.0750080402263
2025-12-04 17:15:00,92224.0,92238.9,92060.0,92106.3,8682.419,2025-12-04 17:29:59.999,799839367.29000,3161,2830.798,260768460.58360,0,43.988824293051906,-168.67138912263908,-133.66851949852304,-35.002869624116045,93233.5697786126,92618.57999999999,92003.59022138738,429.11428571428615,13547.319800000001,-0.703651397708036,92417.32,298.7057197312188
2025-12-04 17:30:00,92087.7,92225.7,91763.0,91871.8,22205.853,2025-12-04 17:44:59.999,2042693349.63370,3507,7483.349,688518067.46800,0,39.772573072434774,-207.71234533282404,-148.47728466538325,-59.23506066744079,93229.13012291216,92560.855,91892.57987708783,450.1071428571439,14191.16,-0.798927133396746,92214.08,237.9182359556145
2025-12-04 17:45:00,91871.8,92373.9,91856.7,92373.9,12125.739,2025-12-04 17:59:59.999,1117325156.82000,3707,10342.941,953179731.86170,0,45.2495497495867,-195.8793355791713,-157.95769484814087,-37.921640731030436,93180.64668639135,92532.49,91884.33331360866,473.442857142858,14380.563750000001,0.5813371080139309,92198.31999999999,220.10303723537746
2025-12-04 18:00:00,92373.9,92377.6,92174.3,92337.8,8574.693,2025-12-04 18:14:59.999,791169550.63000,2326,4492.119,414622336.20800,0,46.52596331904323,-187.25598793081008,-163.81735346467474,-23.43863446613534,93175.84589509029,92521.95999999999,91868.0741049097,463.40000000000146,14120.564099999998,-0.2967198847673026,92182.76000000001,202.98700204753146
2025-12-04 18:15:00,92348.9,92424.5,92153.5,92416.8,10372.872,2025-12-04 18:29:59.999,957167935.17070,2059,5304.604,489840849.59650,0,58.87548470486861,-172.0638382014149,-165.46665041202277,-6.597187789392137,93143.4183959016,92502.36,91861.30160409841,424.82142857142964,14195.0967,-0.13841929701149525,92221.32,229.3766051719906
2025-12-04 18:30:00,92416.1,92492.1,91990.1,92002.0,14561.708,2025-12-04 18:44:59.999,1343951801.22600,2234,5177.249,478553737.84350,0,39.44183151196561,-191.28977401797601,-170.63127513321345,-20.658498884762565,93136.73238312121,92466.75,91796.76761687879,403.2357142857145,14172.1301,-1.0362995264904944,92200.45999999999,246.55145102034373
2025-12-04 18:45:00,92002.0,92168.9,91960.3,92081.0,12388.165,2025-12-04 18:59:59.999,1140270412.86940,2272,7339.200,675760708.61350,0,42.00971442350762,-197.87089439826377,-176.07919898622353,-21.79169541204024,93134.94896235819,92444.185,91753.4210376418,384.87142857142834,14158.865000000002,-0.9727323077253981,92242.3,187.51722587596808
2025-12-04 19:00:00,92081.0,92117.8,91277.8,91278.9,20784.344,2025-12-04 19:14:59.999,1908937102.40330,2985,4818.763,443091028.77270,0,24.32638148881108,-264.7572890620504,-193.81481700138892,-70.94247206066149,93235.35221448108,92376.85500000001,91518.35778551894,388.59999999999957,14722.12355,-1.6064599026401036,92023.3,450.4627731570359
2025-12-04 19:15:00,91277.8,91409.6,90921.6,91269.6,21598.782,2025-12-04 19:29:59.999,1969504270.40900,2780,8529.633,777776792.80690,0,23.792650517762723,-314.8858627836744,-218.02902615784603,-96.85683662582835,93272.45240791728,92302.385,91332.3175920827,404.4214285714282,15524.66545,-1.742313323572468,91809.66,512.9839256745056
2025-12-04 19:30:00,91286.8,91901.4,91263.3,91882.1,15542.775,2025-12-04 19:44:59.999,1424691239.49360,2242,13216.352,1211351881.10170,0,37.913839614158476,-301.7115446136304,-234.7655298490029,-66.9460147646275,93241.85194522979,92265.905,91289.9580547702,417.2642857142845,15237.53055,-0.6171804609275784,91702.72,397.5103105587037
2025-12-04 19:45:00,91882.1,92017.5,91815.6,92000.0,11672.744,2025-12-04 19:59:59.999,1073208387.96400,1756,8947.856,822718904.15300,0,37.898609975470066,-278.5463489577378,-243.5216936707499,-35.024655286987894,93237.69952817235,92273.905,91310.11047182765,408.9214285714271,14601.72445,-0.44970762511957485,91702.31999999999,397.13469629393586
2025-12-04 20:00:00,92000.0,92111.2,91716.0,92014.2,18760.157,2025-12-04 20:14:59.999,1724923114.50410,4542,10198.492,938101726.48150,0,43.249484282151464,-256.0898982420622,-246.03533458501238,-10.054563657049812,93200.63515830087,92243.985,91287.33484169914,403.807142857141,14656.6014,-0.2274895905621128,91688.95999999999,382.0477758088414
2025-12-04 20:15:00,92014.2,92141.9,91874.1,91962.4,14705.974,2025-12-04 20:29:59.999,1352947814.57950,3868,10474.409,963709770.86520,0,43.05461901550888,-239.70960325693886,-244.77018831939768,5.060585062458813,93168.39941303922,92214.86,91261.32058696078,395.79999999999666,14689.251549999997,-0.15623252698242002,91825.66,315.0507070304954
2025-12-04 20:30:00,91962.4,92276.0,91939.6,92271.4,12794.932,2025-12-04 20:44:59.999,1178414905.28450,7221,8591.596,791506541.99980,0,50.701183431952586,-199.4947327898699,-235.7150972134921,36.220364423622215,93066.86678569534,92180.16,91293.45321430467,393.6499999999963,14307.105350000002,0.43495392492581103,92026.01999999999,146.44842778371
2025-12-04 20:45:00,92271.4,92466.0,92237.9,92462.5,8296.845,2025-12-04 20:59:59.999,766407927.58340,6446,7738.401,714793476.12350,0,55.15723634678866,-150.46946695056977,-218.66597116090765,68.19650421033788,92968.63284434885,92154.01,91339.38715565114,397.1642857142828,14105.255099999998,0.0959145386305069,92142.1,216.92023879819791
2025-12-04 21:00:00,92462.5,92607.2,92350.1,92451.7,10071.993,2025-12-04 21:14:59.999,931286897.08350,2902,5480.864,506922822.51810,0,58.97761401987796,-111.20614508842118,-197.17400594641035,85.96786085798917,92913.71893424653,92138.135,91362.55106575346,382.4785714285681,13771.58815,0.12335143354075381,92232.44,236.15182192865817
2025-12-04 21:15:00,92454.9,92523.2,92303.2,92335.0,7799.564,2025-12-04 21:29:59.999,720654437.24670,1548,1748.191,161619819.70200,0,49.31617621207337,-88.48637844328186,-175.43648044578467,86.9501020025028,92809.12088069765,92110.485,91411.84911930235,361.2499999999969,13522.510750000001,-0.08851204542897277,92296.6,203.3335068310045
2025-12-04 21:30:00,92335.0,92357.5,92185.7,92195.1,8500.077,2025-12-04 21:44:59.999,784092766.11290,1676,623.070,57490904.49940,0,47.579797157491306,-80.83771365357097,-156.51672708734193,75.67901343377096,92778.96094678498,92097.60500000001,91416.24905321504,358.9999999999969,13387.4087,0.20988674159258042,92343.13999999998,115.28314274069689
2025-12-04 21:45:00,92195.1,92200.0,92109.6,92111.0,4876.788,2025-12-04 21:59:59.999,449387427.95870,1303,825.195,76064771.63760,0,44.82256535283755,-80.6327744177106,-141.33993655341567,60.70716213570506,92747.21969061601,92082.375,91417.53030938399,346.09999999999644,12974.5208,0.03258001107720376,92311.06000000001,155.52936378763934
2025-12-04 22:00:00,92111.1,92297.0,92111.0,92257.2,4652.286,2025-12-04 22:14:59.999,429092778.02490,1483,4211.327,388435460.61870,0,54.753035834016195,-67.89063941049972,-126.65007712483248,58.75943771433276,92750.53232112092,92084.035,91417.53767887909,323.5285714285679,12448.4355,1.071770146222186,92270.0,130.66631164997432
2025-12-04 22:15:00,92264.1,92304.9,92147.0,92150.0,6374.022,2025-12-04 22:29:59.999,587778758.56950,1621,1542.566,142340474.17290,0,51.271748746682405,-65.68536965374369,-114.45713563061472,48.77176597687102,92753.31091813736,92086.22,91419.12908186264,319.90714285713955,12333.01565,0.9646147238510896,92209.66,88.70635828528638
2025-12-04 22:30:00,92150.0,92379.9,92147.0,92370.0,7646.621,2025-12-04 22:44:59.999,705587278.59870,1397,7255.432,669503771.46460,0,75.60426151030212,-45.659185432305094,-100.6975455909528,55.038360158647706,92781.70616735106,92111.13,91440.55383264895,276.5428571428534,11605.05405,0.5310065834368111,92216.66,101.52471620366244
2025-12-04 22:45:00,92370.0,92420.3,92327.0,92337.4,5449.182,2025-12-04 22:59:59.999,503337418.39610,1350,1460.042,134919331.12340,0,74.78644382544077,-32.04939226243005,-86.96791492524825,54.918522662818205,92777.0628050605,92109.305,91441.54719493949,248.34999999999647,11271.226200000001,0.3667391304347763,92245.12,113.23926880822147
2025-12-04 23:00:00,92327.0,92397.4,92222.3,92294.0,10538.97,2025-12-04 23:14:59.999,972714470.32780,1852,2725.779,251610585.64450,0,62.99451069468091,-24.483321918392903,-74.47099632387719,49.987674405484285,92771.99863295928,92107.115,91442.23136704073,215.2785714285679,11369.440050000001,0.30408350015541397,92281.72,85.14077754051769
2025-12-04 23:15:00,92294.0,92320.9,92182.7,92182.7,1862.444,2025-12-04 23:29:59.999,171805139.63620,1141,218.297,20150925.15490,0,55.78787302794136,-27.15510929079028,-65.00781891725981,37.85270962646953,92745.41434298815,92095.41,91445.40565701186,210.7285714285681,10943.91865,0.2395544265917407,92266.81999999999,96.29315655959559
2025-12-04 23:30:00,92182.7,92259.0,92048.4,92058.1,5580.232,2025-12-04 23:44:59.999,514361855.97990,1557,666.265,61437111.95090,0,51.29981642683748,-38.878531200331054,-59.78196137387406,20.903430173543008,92747.005139704,92098.215,91449.424860296,197.54285714285444,10494.84485,-0.2311658867211166,92248.44,127.78643511820114
2025-12-04 23:45:00,92058.1,92114.5,92048.4,92079.9,819.595,2025-12-04 23:59:59.999,75476178.87950,1039,21.793,2007066.70350,0,53.54193042744321,-45.88145684226765,-57.00186046755278,11.120403625285128,92746.95647089076,92098.16,91449.36352910925,183.13571428571282,9916.41635,-0.4137893740705755,92190.42,124.61419261161274
2025-12-05 00:00:00,92070.0,92201.8,92055.9,92055.9,8890.228,2025-12-05 00:14:59.999,819106763.07050,1904,5314.609,489786349.79390,0,42.15622042658503,-52.75974380566913,-56.153437135176056,3.393693329506924,92660.130716277,92137.01,91613.889283723,169.528571428571,9321.71055,-0.4281154375744339,92134.12,103.39106344491
2025-12-05 00:15:00,92055.9,92400.0,92052.8,92284.1,8996.718,2025-12-05 00:29:59.999,829851052.14020,1754,7954.642,733693027.68270,0,43.67734618656097,-39.343475827685324,-52.79144487367791,13.447969045992586,92517.85059236798,92187.735,91857.61940763202,178.03571428571325,8691.60735,-0.05512535874803074,92132.13999999998,99.58869413879543
2025-12-05 00:30:00,92284.1,92375.0,92249.5,92372.0,5694.523,2025-12-05 00:44:59.999,525767579.86630,1566,4813.918,444515947.52000,0,47.3217286107938,-21.371830251446227,-46.50752194923158,25.135691697785354,92518.71368447728,92212.23,91905.74631552272,168.63571428571387,8199.194749999999,0.1918757070603472,92170.0,147.88613863460665
2025-12-05 00:45:00,92375.0,92375.0,92225.5,92259.9,4937.894,2025-12-05 00:59:59.999,455561735.74730,1350,442.667,40863238.66320,0,47.468482437807374,-15.990377674577758,-40.40409309430082,24.41371541972306,92515.42697595945,92225.225,91935.02302404057,163.5999999999996,7862.45225,0.16165278848345385,92210.36,136.8365740591208
2025-12-05 01:00:00,92259.9,92433.3,92215.8,92323.6,9999.844,2025-12-05 01:14:59.999,923448827.17210,1918,7472.610,690156653.92150,0,54.56612891763199,-6.510431893009809,-33.62536085404262,27.11492896103281,92516.14346095092,92240.69499999999,91965.24653904907,166.8642857142851,7424.436600000001,0.07197270240155644,92259.1,121.26679265246908
2025-12-05 01:15:00,92323.6,92482.3,92320.4,92466.9,8112.94,2025-12-05 01:29:59.999,749762827.18520,1737,5985.158,553203172.75820,0,62.13598854259009,12.422408042897587,-24.415807074654573,36.83821511755216,92526.03572001347,92265.92000000001,92005.80427998655,171.971428571429,7094.784899999999,0.34389582202929375,92341.3,82.05019805083627
2025-12-05 01:30:00,92466.9,92483.7,92371.0,92417.9,3244.281,2025-12-05 01:44:59.999,299812902.52620,1705,1052.840,97306892.20780,0,55.86881893214513,23.20543183265545,-14.891559293192568,38.09699112584802,92542.11423824007,92273.245,92004.37576175992,166.7357142857145,6617.25235,0.05185666341885264,92368.06000000001,80.53597332975045
2025-12-05 01:45:00,92417.9,92446.1,92319.9,92339.9,3095.651,2025-12-05 01:59:59.999,285929922.06090,1482,203.481,18794998.57320,0,57.086349727591426,25.166998256725492,-6.879847783208954,32.046846039934444,92523.09796223773,92267.11499999999,92011.13203776225,164.47142857143004,6357.19265,0.0027074619818188515,92361.64,81.4179832725739
2025-12-05 02:00:00,92328.6,92339.9,92232.7,92323.1,7188.076,2025-12-05 02:14:59.999,663263545.27360,1519,1978.738,182643901.55890,0,47.93701064484935,25.07686370855663,-0.4885054848558356,25.565369193412465,92503.25473627396,92260.685,92018.11526372604,155.4928571428588,6212.9968,0.03152967690208012,92374.28,64.90571623645441
2025-12-05 02:15:00,92323.1,92545.9,92321.3,92508.9,5981.206,2025-12-05 02:29:59.999,553013860.21070,1479,5426.123,501691200.35210,0,56.647802155206016,39.54212166987418,7.51761994609017,32.024501723784006,92534.57755180304,92269.38,92004.18244819697,164.8714285714294,6122.0788999999995,0.3538624926369016,92411.34,79.90286603214582
2025-12-05 02:30:00,92508.9,92630.1,92433.9,92612.0,5864.731,2025-12-05 02:44:59.999,542732605.66560,2707,4641.086,429570060.89030,0,61.78126852400732,58.64917993963172,17.743931944798486,40.90524799483323,92593.62570344472,92290.225,91986.82429655529,166.3785714285737,5990.311599999999,0.6016852400820722,92440.36,120.93861252775537
2025-12-05 02:45:00,92599.4,92612.0,92462.3,92476.0,3820.263,2025-12-05 02:59:59.999,353470691.75590,4672,154.133,14262396.51920,0,60.67088699701698,62.1017278154759,26.61549111893397,35.48623669654192,92610.39044216744,92308.475,92006.55955783257,167.2000000000023,5937.48535,0.43016988506721426,92451.98000000001,121.03225603174242
2025-12-05 03:00:00,92462.3,92581.8,92457.8,92517.2,5216.329,2025-12-05 03:14:59.999,482693937.86850,4055,4132.430,382422490.99860,0,67.78216748005262,67.38561315620609,34.769515526388396,32.616097629817695,92636.21246370787,92321.475,92006.73753629214,161.01428571428758,5965.6875,0.5011085655563663,92487.44,104.88075610004113
2025-12-05 03:15:00,92518.6,92518.6,92353.4,92360.6,6557.55,2025-12-05 03:29:59.999,605986695.61050,2073,349.096,32284136.85630,0,59.8442870169045,58.26517445554782,39.468647312220284,18.796527143327538,92636.51250903918,92332.00499999999,92027.4974909608,168.09285714285943,5974.8639,0.08289618688376436,92494.93999999999,90.55301209850948
2025-12-05 03:30:00,92354.8,92382.2,92287.0,92287.0,4039.614,2025-12-05 03:44:59.999,372920282.20740,1554,444.636,41068324.41780,0,57.83230529383879,44.5843159356009,40.49178103689641,4.092534898704486,92632.44455628534,92327.855,92023.26544371466,164.47142857143004,5794.51355,-0.09201922660546485,92450.56,128.4480751126105
2025-12-05 03:45:00,92287.0,92300.0,91989.2,92121.8,7116.356,2025-12-05 03:59:59.999,656067681.57460,4449,2098.403,193332223.81090,0,44.25405367131608,20.179263637255644,36.42927755696826,-16.250013919712615,92635.20230902183,92317.075,91998.94769097817,161.87142857143044,5877.87225,-0.14968583317344944,92352.51999999999,158.0796381580579
2025-12-05 04:00:00,92135.3,92289.9,92111.1,92274.2,5079.016,2025-12-05 04:14:59.999,468450424.03050,1403,3253.795,300126879.16130,0,46.68878656554697,12.985798005931429,31.740581646760894,-18.754783640829466,92634.63761006159,92316.08499999999,91997.5323899384,165.67857142857247,5604.87455,-0.0535074455502263,92312.16,143.78695351179144
2025-12-05 04:15:00,92289.9,92321.5,92170.7,92224.4,7379.156,2025-12-05 04:29:59.999,680697494.36220,1582,2919.106,269395632.10130,0,48.74513962530927,3.2292560097994283,26.038316519368603,-22.809060509569175,92633.57701258468,92318.17000000001,92002.76298741535,165.77142857142982,5880.71015,-0.26225600728476894,92253.6,88.33572323941641
2025-12-05 04:30:00,92224.4,92224.4,91900.0,91900.5,12293.785,2025-12-05 04:44:59.999,1131414501.04810,1975,124.549,11455634.57640,0,37.367886785692434,-30.289735651094816,14.772706085275919,-45.06244173637074,92659.15506456193,92310.29000000001,91961.42493543809,173.4071428571437,6216.3877999999995,-0.5598482545048028,92161.58,159.7693712833423
2025-12-05 04:45:00,91907.1,92032.9,91791.3,91974.4,9547.745,2025-12-05 04:59:59.999,877530001.55440,1839,2594.978,238607934.29860,0,34.66018812682948,-50.31071503611747,1.7560218609972373,-52.06673689711471,92671.30320563538,92305.015,91938.72679436461,179.0999999999996,6652.7953,-0.39582022505980624,92099.06,159.58338886082277
2025-12-05 05:00:00,91974.5,92144.9,91950.9,92057.0,9032.775,2025-12-05 05:14:59.999,831626177.93310,3054,8549.247,787134225.21410,0,38.98956617243267,-58.83415227467776,-10.362012966137767,-48.472139308539994,92671.20100388881,92305.06999999999,91938.93899611117,184.90714285714265,6659.922649999999,-0.2882268901282624,92086.1,159.90587856708245
2025-12-05 05:15:00,92120.0,92120.0,91892.6,91926.3,6797.267,2025-12-05 05:29:59.999,625197189.26940,3712,513.620,47253701.32930,0,37.774887680302655,-75.26779509946937,-23.343169392804093,-51.924625706665275,92690.68373690074,92287.18000000001,91883.67626309927,192.13571428571282,6549.9501,-0.6297772430544426,92016.51999999999,130.60159646934767
2025-12-05 05:30:00,91931.1,91991.6,91856.5,91989.0,5474.366,2025-12-05 05:44:59.999,503120056.77280,3009,2391.319,219869308.04900,0,40.38561151079104,-82.2836942345748,-35.13127436115824,-47.152419873416555,92690.49269023458,92268.03,91845.56730976542,194.1285714285706,6538.94225,-0.6726990022891203,91969.43999999999,60.59647679827554
2025-12-05 05:45:00,91989.9,91991.6,91855.5,91895.0,4397.0,2025-12-05 05:59:59.999,404053433.57040,1413,700.296,64360178.39200,0,31.34836239897915,-94.34135088761104,-46.97328966644881,-47.368061221162236,92704.04729973005,92249.785,91795.52270026995,187.80714285714308,6511.89755,-0.628271118993036,91968.34,62.189774081952564
2025-12-05 06:00:00,91895.0,92058.2,91855.5,92058.0,7937.587,2025-12-05 06:14:59.999,730091882.10820,1860,7744.683,712352488.74760,0,33.75938086303918,-89.7102687680599,-55.520685486771036,-34.18958328128887,92697.16546168088,92236.505,91775.84453831913,188.27142857142775,6408.7847,-0.4963401399955869,91985.06000000001,74.28773788692932
2025-12-05 06:15:00,92058.0,92064.2,91968.0,91993.4,2793.528,2025-12-05 06:29:59.999,257018226.12090,1573,354.359,32607101.54540,0,35.23436543874645,-90.21286518413399,-62.459121426243634,-27.753743757890355,92672.30254932979,92212.82999999999,91753.35745067018,184.44999999999916,6142.8141,-0.39757212491041805,91972.34,63.560742603925995
2025-12-05 06:30:00,91993.4,92063.6,91928.2,92063.3,6569.263,2025-12-05 06:44:59.999,604183123.00760,1673,1538.610,141564183.12090,0,36.35215587227146,-84.0025020892499,-66.76779755884489,-17.23470453040501,92648.58122923871,92195.1,91741.6187707613,185.2642857142855,6309.0632,-0.24239600377084217,91999.74,68.11775099305045
2025-12-05 06:45:00,92063.6,92233.6,92008.1,92233.6,10743.115,2025-12-05 06:59:59.999,989714778.02170,2166,9105.740,838858861.73310,0,46.212573064535384,-64.5943543415342,-66.33310891538275,1.7387545738485528,92638.58809726423,92189.785,91740.98190273577,189.57142857142753,6691.4364000000005,0.1213610676300321,92048.66,123.66227395746738
2025-12-05 07:00:00,92233.6,92349.0,92168.5,92300.8,5021.279,2025-12-05 07:14:59.999,463367394.74930,2623,4550.302,419893260.27080,0,50.413124176745384,-43.291738820189494,-61.7248348963441,18.433096076154605,92636.18750851754,92188.67,91741.15249148245,195.6642857142849,6583.096549999999,0.0288271261089295,92129.82,130.57362674100355
2025-12-05 07:15:00,92299.2,92441.6,92291.4,92441.4,5478.888,2025-12-05 07:29:59.999,506252263.00380,1660,5297.225,489482556.21790,0,59.710743801652676,-14.892347869608784,-52.35833749099704,37.46598962138825,92623.5664874887,92185.29500000001,91747.02351251132,184.19285714285692,6557.98065,0.23529564844010914,92206.5,180.77801304435584
2025-12-05 07:30:00,92441.3,92441.6,92270.1,92270.1,5567.986,2025-12-05 07:44:59.999,514075042.98270,1670,267.854,24744537.09640,0,49.876839891859674,-6.137356693288893,-43.114141331455414,36.97678463816652,92560.67097379535,92168.2,91775.72902620464,183.6714285714292,6543.1434,0.40217409045653263,92261.84,136.05470590993883
2025-12-05 07:45:00,92270.1,92293.9,92170.0,92186.0,10054.272,2025-12-05 07:59:59.999,927138801.18520,2002,40.897,3772640.86620,0,48.86979044031097,-5.916923644123017,-35.67469779398893,29.757774149865917,92518.76090624974,92153.7,91788.63909375026,181.75,6854.84385,0.23006401781365884,92286.38,96.65149766159331
2025-12-05 08:00:00,92186.0,92186.0,92050.3,92082.1,6600.878,2025-12-05 08:14:59.999,607988483.11330,1554,176.398,16244684.36310,0,56.14011360562643,-13.965109447264695,-31.332780124644085,17.36767067737939,92455.26939943791,92131.94499999999,91808.62060056208,168.27142857142877,6924.0713000000005,0.02726571580651751,92256.08,133.90312543119808
2025-12-05 08:15:00,92061.3,92106.6,91988.2,92036.8,10281.136,2025-12-05 08:29:59.999,946361009.91120,2238,5192.707,478108617.83960,0,52.15142738932592,-23.72519679222023,-29.811263458159317,6.086066665939086,92422.8931686478,92115.755,91808.6168313522,159.47142857143004,7110.250600000001,0.12020499030201368,92203.28,161.1403332510766
2025-12-05 08:30:00,92036.8,92057.7,91922.7,91984.0,5731.135,2025-12-05 08:44:59.999,527163591.38220,1528,141.532,13024871.29340,0,47.430301323570816,-35.31358207055018,-30.911727180637488,-4.401854889912695,92402.01567963534,92100.60500000001,91799.19432036468,155.25714285714432,7194.826650000001,-0.005435432497363815,92111.8,115.54702506041325
2025-12-05 08:45:00,91984.1,92097.2,91964.0,92079.9,2174.815,2025-12-05 08:59:59.999,200144133.92600,1444,1909.557,175736994.50130,0,55.54272517320988,-36.34022487181937,-31.997426718873868,-4.342798152945505,92399.88285109507,92098.51,91797.13714890492,148.5285714285731,6947.7496,0.2012079003210122,92073.76,74.37736887205311
2025-12-05 09:00:00,92080.0,92097.2,91825.2,91825.2,11899.24,2025-12-05 09:14:59.999,1093859590.34190,2446,359.268,33037494.40580,0,44.808569979715905,-57.04838974609447,-37.00761932431799,-20.04077042177648,92388.99951258206,92076.06000000001,91763.12048741797,158.3071428571441,7288.760800000001,-0.25288405135892905,92001.6,106.39184649381143
2025-12-05 09:15:00,91826.1,91873.4,91287.8,91315.6,21959.551,2025-12-05 09:29:59.999,2010178996.90170,3343,2258.466,206414923.75700,0,35.46558298213928,-113.27446319749288,-52.26098809895297,-61.01347509853991,92484.87976617645,92030.62,91576.36023382354,190.4142857142859,8017.780549999999,-0.7367919872512467,91848.3,313.00487216723826
2025-12-05 09:30:00,91315.0,91400.2,90967.2,91005.7,17241.273,2025-12-05 09:44:59.999,1572589738.14190,2765,2903.660,265038086.79420,0,25.41470024765181,-180.7567205944797,-77.96013459805835,-102.79658599642136,92630.47993827946,91985.87999999999,91341.28006172052,206.86428571428613,8265.15495,-1.1487748103750417,91642.07999999999,461.97869756139306
2025-12-05 09:45:00,91005.7,91092.8,90967.2,91091.9,4622.346,2025-12-05 09:59:59.999,420846294.28750,1775,3189.854,290460130.36000,0,29.148355460979616,-224.69117615513096,-107.30634290947289,-117.38483324565807,92700.39592741277,91941.755,91183.11407258724,208.96428571428675,8018.884999999999,-1.2378352357492406,91463.66,469.12619091306533
2025-12-05 10:00:00,91088.2,91252.5,91058.0,91237.9,9015.917,2025-12-05 10:14:59.999,821997861.03210,1949,5806.134,529343601.36330,0,31.557779962462718,-244.90545129631937,-134.8261645868422,-110.07928670947717,92719.31990684627,91900.8,91082.28009315373,213.1857142857147,8018.042100000001,-1.1515609832200897,91295.26,320.0549062281023
2025-12-05 10:15:00,91237.9,91369.5,91187.6,91315.5,11750.949,2025-12-05 10:29:59.999,1072693700.88820,2768,10425.901,951809786.60280,0,28.600065265022238,-251.76158764572756,-158.21324919861928,-93.54833844710828,92729.3479482019,91870.26,91011.17205179809,210.07142857142858,8265.726200000001,-1.2179607838046527,91193.31999999999,139.06384145681753
2025-12-05 10:30:00,91315.5,91413.6,91235.7,91413.6,8514.587,2025-12-05 10:44:59.999,777666798.72290,2056,6891.357,629489584.43110,0,29.61397058823522,-246.43848549619725,-175.8582964581349,-70.58018903806234,92722.1043068805,91841.49,90960.87569311951,209.8857142857149,8417.73725,-0.9282530310468937,91212.92000000001,165.0795929263147
2025-12-05 10:45:00,91413.6,91438.7,91263.8,91280.8,5870.143,2025-12-05 10:59:59.999,536018553.90250,1727,454.028,41496227.45940,0,23.235863850198484,-250.05328027367068,-190.6972932212421,-59.35598705242859,92725.7071207148,91810.78,90895.8528792852,211.64999999999938,8491.394400000001,-0.9819278415377575,91267.94,117.83107824632434
2025-12-05 11:00:00,91280.8,91476.0,91224.0,91475.9,11000.569,2025-12-05 11:14:59.999,1004921231.61920,2076,7918.000,723641717.79630,0,31.884124087590976,-234.4722416488803,-199.45228290676977,-35.01995874211053,92700.51524584113,91781.675,90862.83475415887,217.39999999999938,8644.5435,-0.6583255594735693,91344.73999999999,97.85541886197781
2025-12-05 11:15:00,91475.9,91475.9,91305.7,91376.1,6729.11,2025-12-05 11:29:59.999,614892752.10330,1824,846.363,77324738.76380,0,31.65738098473524,-227.55408042835188,-205.0726424110862,-22.481438017265674,92681.10489133882,91750.81000000001,90820.5151086612,220.70714285714243,8841.3226,-0.7178650279018794,91372.38,77.54280753647826
2025-12-05 11:30:00,91376.2,91376.2,91120.5,91120.5,10593.356,2025-12-05 11:44:59.999,966334941.60940,2445,826.664,75366318.02000,0,29.621937780791555,-239.9304033418739,-212.04419459724375,-27.886208744630153,92662.40577744672,91703.67,90744.93422255327,229.278571428571,9042.52725,-0.9387502174291181,91333.38,138.43296934133164
2025-12-05 11:45:00,91120.7,91345.6,91100.5,91308.0,11171.72,2025-12-05 11:59:59.999,1019336174.93540,2584,6793.633,619938974.28690,0,35.43332267348886,-231.93543806509115,-216.02244329081327,-15.912994774277877,92597.5993896734,91657.38999999998,90717.18061032657,238.3285714285708,9063.9575,-0.838293699276383,91312.26,130.98985838860997
2025-12-05 12:00:00,91308.0,91363.7,91215.0,91215.0,8735.774,2025-12-05 12:14:59.999,797616050.79010,2643,5814.936,531007178.91200,0,34.87292469903211,-230.44724090446834,-218.90740281354428,-11.539838090924064,92511.74322916301,91603.1,90694.456770837,239.30714285714203,9249.68225,-0.6645234641470937,91299.1,138.05544176407744
2025-12-05 12:15:00,91219.3,91299.0,91075.3,91166.5,10882.856,2025-12-05 12:29:59.999,992251552.09640,2446,3310.663,301980508.54860,0,31.690987812700513,-230.52404095351812,-221.23073044153907,-9.293310511979058,92376.43748094428,91539.35500000001,90702.27251905574,245.77142857142775,9519.88065,-0.16327987769888805,91237.22,104.18261371603748
2025-12-05 12:30:00,91166.5,91249.1,91114.0,91148.6,6704.379,2025-12-05 12:44:59.999,611230378.31630,2078,3786.203,345276274.04110,0,35.01506024096399,-229.385077562285,-222.86159986568828,-6.5234776965967285,92262.50657093506,91483.28,90704.05342906494,235.99285714285674,9576.7003,0.1570231315181453,91191.72,73.53684111196173
2025-12-05 12:45:00,91148.6,91210.5,91111.5,91194.6,6051.52,2025-12-05 12:59:59.999,551691465.72740,2375,3140.263,286355150.91660,0,46.627647714604244,-222.2091366994864,-222.7311072324479,0.5219705329614897,92148.1547646203,91433.71,90719.26523537972,201.2357142857145,9376.562699999999,0.11274328452915315,91206.54000000001,62.186236425102834
2025-12-05 13:00:00,91194.6,91232.3,91059.6,91071.4,11843.603,2025-12-05 13:14:59.999,1079471530.67150,2831,4999.112,455739647.65530,0,52.04380016176187,-223.88258318361477,-222.9614024226813,-0.9211807609334812,92045.59989108196,91383.175,90720.75010891804,182.64285714285714,9638.69895,-0.18248995209227745,91159.22,55.320177157550724
2025-12-05 13:15:00,91071.5,91077.7,90620.5,90737.9,23342.362,2025-12-05 13:29:59.999,2122092790.50740,4032,1387.342,126172647.05630,0,40.456163054027854,-249.24630811355019,-228.21838356085507,-21.02792455269511,91965.3497923827,91318.23000000001,90671.11020761733,206.3285714285708,10291.76025,-0.6325322645115077,91063.8,187.82674197459988
2025-12-05 13:30:00,90737.9,90872.2,90309.2,90364.8,21048.758,2025-12-05 13:44:59.999,1907800746.12110,3829,4345.743,394494492.31560,0,29.029158860546858,-296.0407215701707,-241.78285116271823,-54.25787040745249,91936.71606082901,91237.26999999999,90537.82393917096,232.64999999999938,11057.641399999999,-1.1473128724828723,90903.45999999999,350.22302608605855
2025-12-05 13:45:00,90364.8,90625.1,90302.2,90436.5,10537.906,2025-12-05 13:59:59.999,953447432.58800,3095,5335.363,482732313.44320,0,28.8274400231235,-323.60966975902556,-258.1482148819797,-65.46145487704587,91823.16663078408,91155.1,90487.03336921593,242.721428571429,11475.795950000002,-0.9249480723218934,90761.04,369.85315058946105
2025-12-05 14:00:00,90441.9,90663.1,90436.5,90478.9,10969.912,2025-12-05 14:14:59.999,993380906.47840,2524,6542.017,592472853.12770,0,26.865006682836935,-338.139077374115,-274.1463873804068,-63.99268999370821,91742.73748611023,91087.785,90432.83251388978,246.20000000000022,11429.329549999999,-1.089904554095669,90617.9,289.9779388178065
2025-12-05 14:15:00,90477.1,90478.9,90300.0,90415.5,10402.464,2025-12-05 14:29:59.999,940178494.47720,2993,1212.237,109558570.20450,0,27.820782283282483,-350.72662946714263,-289.462435797754,-61.264193669388646,91753.17374583016,91042.78,90332.38625416983,246.4857142857145,10851.475199999999,-1.0512595744401498,90486.72,146.2971018205461
2025-12-05 14:30:00,90400.1,90574.0,90000.0,90165.5,19158.84,2025-12-05 14:44:59.999,1730661065.72130,3789,7385.300,667832928.68580,0,17.331471878739293,-376.5348069820029,-306.8769100346038,-69.65789694739914,91812.53610865894,91000.77,90189.00389134107,269.4857142857145,10947.35355,-1.0480627301211034,90372.24,122.65185690053514
2025-12-05 14:45:00,90165.5,90411.3,89972.4,90235.6,21412.27,2025-12-05 14:59:59.999,1930818123.74430,3955,9910.928,893867447.25070,0,21.139733792195884,-386.87187133717816,-322.8759022951187,-63.99596904205947,91837.02124976907,90957.95499999999,90078.88875023091,288.67857142857247,11786.849750000001,-1.1744863538791717,90346.4,137.34129022679804
2025-12-05 15:00:00,90235.5,91329.3,90188.0,90923.8,22744.881,2025-12-05 15:14:59.999,2065992650.22930,3985,15740.596,1428527089.19210,0,45.91654556778081,-335.66276937797375,-325.4332757116897,-10.229493666284043,91811.42533935088,90942.25,90073.07466064912,351.93571428571573,12473.29795,-0.3192457380913195,90443.86000000002,297.1662043387726
2025-12-05 15:15:00,90923.8,91120.9,90869.0,91120.3,19084.749,2025-12-05 15:29:59.999,1736754996.26610,3591,12452.864,1133369745.11270,0,46.11789038262671,-276.04124767915346,-315.5548701051825,39.51362242602903,91788.29906602063,90932.49,90076.68093397938,352.4214285714292,12839.98795,-0.050676509463451036,90572.14,426.40810616245227
2025-12-05 15:30:00,91120.8,91320.3,86200.0,90931.5,24106.71,2025-12-05 15:44:59.999,2191537523.98650,4393,12015.663,1095838634.49050,0,44.360004774599105,-241.24442871079373,-300.6927818263047,59.448353115511,91733.75338672128,90908.385,90083.01661327871,707.5357142857154,13619.594099999998,-0.23818248442653622,90675.34,441.20511443204884
2025-12-05 15:45:00,90931.5,90999.9,90261.2,90370.3,24136.834,2025-12-05 15:59:59.999,2188711698.92010,4049,4532.982,411683116.16940,0,36.8440185062789,-256.00083061638,-291.75439158431976,35.75356096793979,91702.06371381006,90862.86,90023.65628618994,744.3214285714296,14532.928650000002,-0.9038912391742525,90716.3,388.38504734474134
2025-12-05 16:00:00,90370.3,90416.6,89252.9,89329.7,29568.452,2025-12-05 16:14:59.999,2654028505.33460,4466,4279.918,383936381.25430,0,27.537234173932262,-347.655551988355,-302.9346236651268,-44.72092832322818,91790.69061796302,90755.55,89720.40938203699,817.7928571428586,15461.3228,-1.912455501946821,90535.12000000001,729.8677770672373
2025-12-05 16:15:00,89362.3,89362.4,88981.3,89034.4,25108.848,2025-12-05 16:29:59.999,2238290464.99790,5020,6246.429,556914600.17200,0,24.869706840390734,-439.05961514887167,-330.1596219618758,-108.89999318699586,91886.0140536117,90638.465,89390.9159463883,837.942857142858,16380.309700000002,-1.8773853042664643,90157.24,937.8099210401105
2025-12-05 16:30:00,89032.1,89095.2,88052.6,88324.4,27401.431,2025-12-05 16:44:59.999,2428572061.58950,4596,4502.834,398499638.04030,0,21.88216508352434,-562.3071334068372,-376.58912425086817,-185.71800915596907,92096.31808001625,90498.66,88901.00191998376,900.0785714285719,17220.71345,-2.2579588512341187,89598.06,1047.1814947761095
2025-12-05 16:45:00,88324.3,88908.4,88314.6,88908.4,24659.693,2025-12-05 16:59:59.999,2184812816.40710,4411,19854.079,1759398988.90620,0,32.18701925885533,-605.8736262481834,-422.44602465033125,-183.42760159785217,92077.62211617552,90378.68000000001,88679.73788382449,909.8357142857141,17895.112100000002,-1.689693873601926,89193.43999999999,752.5520400621573
2025-12-05 17:00:00,88803.6,88908.4,88591.4,88655.1,14500.798,2025-12-05 17:14:59.999,1286811004.35750,3119,7080.185,628558626.51690,0,32.95583690559265,-653.3086434173601,-468.61854840373707,-184.69009501362308,92066.06160094893,90250.68500000001,88435.3083990511,892.2642857142855,18183.3633,-2.0157185819014027,88850.4,381.3681226870769
2025-12-05 17:15:00,88655.2,88946.2,88651.4,88732.8,16191.659,2025-12-05 17:29:59.999,1437462314.00990,3564,10585.627,939887135.86010,0,33.03594543463106,-676.8294273143692,-510.2607241858635,-166.56870312850572,92010.946133803,90129.0,88247.053866197,890.2571428571422,18448.80345,-1.8610747051113992,88731.01999999999,271.389907700933
2025-12-05 17:30:00,88732.1,89057.0,88729.4,88972.8,13158.024,2025-12-05 17:44:59.999,1169543229.67430,3134,8051.394,715758026.30270,0,35.571267076699115,-668.3989368939219,-541.8883667274753,-126.51057016644666,91905.53755428786,90020.20999999999,88134.88244571212,897.471428571428,18771.485699999997,-1.322789758832366,88718.7,255.08290809446325
2025-12-05 17:45:00,88963.6,89390.0,88939.5,89281.0,17370.528,2025-12-05 17:59:59.999,1548704436.20620,3242,14737.099,1313714316.69660,0,39.618221416936606,-629.5910149189876,-559.4288963657777,-70.1621185532099,91752.25975326143,89924.53,88096.80024673857,916.8714285714284,19337.4361,-1.0578973265540494,88910.01999999999,243.90635908447786
2025-12-05 18:00:00,89270.2,89721.2,89191.2,89552.9,20591.372,2025-12-05 18:14:59.999,1842354663.51320,3493,16141.730,1444229380.79110,0,44.41649349228912,-570.3210929737543,-561.607335687373,-8.713757286381224,91600.31617479581,89848.60500000001,88096.89382520421,913.7285714285712,19774.824549999998,-1.5077460466896553,89038.92000000001,376.8876715969792
2025-12-05 18:15:00,89553.0,89586.2,89202.8,89334.5,17444.267,2025-12-05 18:29:59.999,1558407288.98150,3407,5142.959,459394006.06270,0,42.00315933334508,-534.8073809884663,-556.2473447475917,21.439963759125362,91492.17630366998,89778.43500000001,88064.69369633004,909.7642857142845,19479.9198,-1.9598267345476286,89174.8,322.45547754959733
2025-12-05 18:30:00,89331.1,89397.9,89015.1,89050.0,13483.365,2025-12-05 18:44:59.999,1202808444.34890,3108,2741.177,244839192.39880,0,32.08741205261538,-523.5837333534,-549.7146224687534,26.130889115353398,91432.58958976546,89712.695,87992.80041023456,855.585714285712,19101.650149999998,-2.0691399570005995,89238.24,232.37793139993673
2025-12-05 18:45:00,89051.8,89118.1,88878.8,88890.1,17194.452,2025-12-05 18:59:59.999,1530342416.43510,3149,2894.643,257783077.89150,0,28.5301705880087,-521.5790665925597,-544.0875112935147,22.50844470095501,91357.30041299107,89635.375,87913.44958700893,854.6857142857126,19434.47745,-1.6379275049435458,89221.7,257.571941410008
2025-12-05 19:00:00,88895.0,89070.9,88823.0,89070.9,9677.827,2025-12-05 19:14:59.999,860659581.60900,2731,4523.014,402470435.38370,0,32.06062709707258,-499.64174572187767,-535.1983581791873,35.5566124573096,91256.55496886413,89564.975,87873.39503113588,506.65714285714057,19369.8732,-0.2897132756518861,89179.68000000001,262.56854724383686
2025-12-05 19:15:00,89070.8,89404.8,89022.4,89388.1,22338.206,2025-12-05 19:29:59.999,1993035562.34430,3108,20533.964,1832146438.78150,0,40.06232546845277,-451.45675933350867,-518.4500384100515,66.99327907654288,91158.17934643652,89513.605,87869.03065356347,481.2071428571414,19966.660299999996,0.3972621818083928,89146.72,208.8557444787074
2025-12-05 19:30:00,89383.1,89546.7,89309.7,89433.8,20053.044,2025-12-05 19:44:59.999,1794208532.69600,3122,12366.147,1106314240.47170,0,51.31875649243719,-404.91459895134903,-495.74295051831103,90.828351566962,91092.83657453315,89477.01999999999,87861.20342546683,415.0142857142834,20011.3705,1.2560515554025942,89166.58,234.34183792431853
2025-12-05 19:45:00,89433.8,89740.0,89333.3,89643.3,13662.08,2025-12-05 19:59:59.999,1223269869.21640,2917,10966.304,982162646.81850,0,57.885058662039505,-347.123281284963,-466.01901667164145,118.89573538667844,91025.96294749154,89447.405,87868.84705250846,416.8428571428553,19623.860999999997,0.8265810654561423,89285.24,301.2202151279009
2025-12-05 20:00:00,89609.3,89643.3,89338.2,89627.4,11532.135,2025-12-05 20:14:59.999,1032121960.85880,2772,4564.052,408631110.82210,0,70.57151878749625,-299.1577385972196,-432.64676105675716,133.48902245953758,90804.58418761885,89382.58499999999,87960.58581238113,364.16428571428486,19063.2237,1.0967220159922986,89432.7,231.92135520826966
2025-12-05 20:15:00,89627.3,89667.5,89500.0,89500.1,9666.287,2025-12-05 20:29:59.999,865906250.13610,2315,4926.854,441486149.04480,0,60.91576578238609,-268.3236782168242,-399.78214448877054,131.45846627194635,90468.46848970912,89301.575,88134.68151029087,333.7142857142857,18592.3006,0.8647309675790721,89518.54000000001,113.96386708779794
2025-12-05 20:30:00,89500.1,89511.8,89287.9,89287.9,10241.516,2025-12-05 20:44:59.999,915370119.02270,2247,33.931,3032071.91440,0,61.85373894799926,-258.03575423540315,-371.4328664380971,113.39711220269396,90099.13807607646,89219.39499999999,88339.65192392352,327.0642857142863,17899.0409,0.35415317939863783,89498.5,146.73382364545205
2025-12-05 20:45:00,89288.0,89315.2,89200.8,89283.5,10136.377,2025-12-05 20:59:59.999,904552491.23380,2230,1776.800,158563478.60730,0,60.60711121383723,-247.38583368888067,-346.6234598882539,99.23762619937321,89860.41145528352,89165.055,88469.69854471646,314.17857142857144,17199.01805,0.0028001478478063644,89468.43999999999,175.81535200779769
2025-12-05 21:00:00,89283.6,89388.9,89264.5,89388.8,8640.343,2025-12-05 21:14:59.999,771848514.71610,2260,6000.825,536096871.82390,0,58.45116203477984,-227.8226670648146,-322.863301323566,95.04063425875142,89866.806266981,89168.01,88469.21373301899,299.66428571428486,16152.612599999999,-0.18324364705106289,89417.54,147.0175261716915
2025-12-05 21:15:00,89388.8,89437.6,89364.0,89383.5,2985.124,2025-12-05 21:29:59.999,266896118.35210,1543,2960.540,264698493.94500,0,52.37455404716676,-210.32192207939806,-300.35502547473243,90.03310339533436,89887.64099016745,89185.465,88483.28900983254,272.74285714285674,15046.4264,0.054850029943638794,89368.76000000001,88.98970727933389
2025-12-05 21:30:00,89383.4,89421.9,89203.2,89229.7,7870.352,2025-12-05 21:44:59.999,702712377.96670,2054,228.559,20409388.31300,0,42.07920792079214,-206.4826270386402,-281.580545787514,75.09791874887378,89804.09278990865,89230.73,88657.36721009134,250.50714285714224,14069.87245,0.20179674340257955,89314.68,69.17537135195066
2025-12-05 21:45:00,89229.8,89254.9,89064.2,89116.2,10918.324,2025-12-05 21:59:59.999,973220592.16970,2531,1444.452,128782917.06150,0,44.36004753784936,-210.1756850319216,-267.2995736363955,57.123888604473905,89797.15855830825,89241.12,88685.08144169174,236.74285714285674,13382.803999999998,0.254359034358147,89280.34,113.93187877715604
2025-12-05 22:00:00,89116.1,89133.1,88918.9,88918.9,13953.118,2025-12-05 22:14:59.999,1242325422.03620,2814,4423.483,393936520.12100,0,46.45311400898205,-226.41297337385186,-259.1222535838868,32.70928021003493,89762.25248287033,89254.31,88746.36751712966,224.70000000000124,13355.420000000002,-0.17065057162327987,89207.42,197.46148232432463
2025-12-05 22:15:00,88919.9,89160.2,88919.0,89160.2,7141.563,2025-12-05 22:29:59.999,636299725.74640,2008,5973.484,532234313.84780,0,56.999222596527325,-217.30528790532844,-250.7588604481751,33.45357254284667,89723.66423657564,89275.68,88827.69576342434,224.84285714285838,12902.9152,-0.2549556372716376,89161.69999999998,169.44289599076149
2025-12-05 22:30:00,89160.2,89254.3,89056.6,89254.2,11257.926,2025-12-05 22:44:59.999,1003728667.07580,2319,7753.665,691492513.50600,0,54.97367992619526,-200.19464786125172,-240.64601793079046,40.45137006953874,89714.76831788295,89289.75,88864.73168211705,221.25714285714432,12807.9103,-0.2008189297558706,89135.84,133.09854620447575
2025-12-05 22:45:00,89254.2,89297.9,89183.2,89232.2,4779.863,2025-12-05 22:59:59.999,426641403.00710,1999,3375.902,301367804.74520,0,44.96284329563789,-186.26244101347402,-229.7693025473272,43.50686153385317,89713.09944093264,89287.31,88861.52055906736,202.1357142857149,12178.37705,-0.4585953439911358,89136.34,133.54324393897576
2025-12-05 23:00:00,89232.2,89256.2,88937.9,89064.5,15483.964,2025-12-05 23:14:59.999,1379275546.80410,2711,1386.823,123484873.74190,0,38.93980233602876,-186.60202321520774,-221.13584668090334,34.533823465695605,89680.48678312085,89262.88999999998,88845.29321687912,207.94285714285797,11923.00665,-0.628044548876788,89126.0,137.437240228944
2025-12-05 23:15:00,89024.1,89199.4,89023.9,89191.6,9628.657,2025-12-05 23:29:59.999,858220105.91010,2229,8473.243,755282557.56030,0,35.76964274462884,-174.60252752466477,-211.8291828496556,37.226655324990844,89673.07280238239,89255.745,88838.4171976176,191.42857142857247,11532.226149999999,-0.3446923522990477,89180.54,74.32340144078358
2025-12-05 23:30:00,89191.5,89276.5,89188.1,89231.3,2600.54,2025-12-05 23:44:59.999,232098411.00550,1528,2532.636,226040158.92110,0,37.70563039294838,-160.0444892768137,-201.47224413508727,41.42775485827357,89671.04947255574,89264.81,88858.57052744426,175.95000000000022,10988.0849,-0.06339044820181824,89194.76000000001,76.23596921219315
2025-12-05 23:45:00,89217.2,89333.2,89176.6,89290.6,2292.99,2025-12-05 23:59:59.999,204772360.40870,2023,2092.470,186870042.20390,0,43.210836736016695,-142.084265700556,-189.59464844818103,47.510382747625044,89650.78939622309,89284.835,88918.88060377692,175.17142857142815,10243.0118,0.007952197214497438,89202.04000000001,84.6092370945397
2025-12-06 00:00:00,89290.6,89328.6,89028.2,89074.1,10843.746,2025-12-06 00:14:59.999,966839037.06120,2591,317.066,28248693.29080,0,43.09074457083807,-143.66432682229788,-180.40858412300443,36.74425730070655,89650.55815302809,89284.995,88919.4318469719,180.63571428571387,10301.30775,-0.35205752845993804,89170.42,98.86200990133653
2025-12-06 00:15:00,89082.4,89160.7,89040.2,89145.2,2140.159,2025-12-06 00:29:59.999,190713751.18620,1496,2110.887,188106441.67030,0,45.71534791498848,-137.5932712701033,-171.84552155242423,34.252250282320944,89640.12588083254,89272.85,88905.57411916748,181.07142857142858,9291.4054,-0.2666040152824659,89186.56,82.476196576501
2025-12-06 00:30:00,89145.3,89374.3,89132.0,89363.3,10357.4,2025-12-06 00:44:59.999,924629245.41600,2390,9237.285,824591362.25240,0,49.26159726646204,-113.87044117914047,-160.2505054777675,46.38006429862702,89631.4133165156,89269.325,88907.2366834844,189.49285714285776,8806.6232,0.14972593206074417,89220.9,114.59138275504245
2025-12-06 00:45:00,89363.3,89389.2,89321.7,89382.2,643.723,2025-12-06 00:59:59.999,57513602.29870,1296,231.539,20691114.46700,0,49.962650117795704,-92.47881713430979,-146.69616780907594,54.21735067476615,89578.18452348532,89256.26999999999,88934.35547651465,189.05714285714308,8155.705350000001,0.29848669489946833,89251.07999999999,135.904477489526
2025-12-06 01:00:00,89355.1,89389.2,89278.1,89335.5,2614.845,2025-12-06 01:14:59.999,233577260.99930,1620,1309.598,116997682.79120,0,53.23903992162636,-78.39046419736405,-133.03502708673358,54.644562889369524,89515.63896134347,89241.675,88967.71103865653,181.37142857142837,7709.8408500000005,0.46851681700966374,89260.06,140.5718784170494
2025-12-06 01:15:00,89318.8,89416.7,89318.8,89386.8,4427.197,2025-12-06 01:29:59.999,395704858.76510,1623,2408.945,215327208.79920,0,58.6123488224063,-62.366934526580735,-118.90140857470301,56.53447404812228,89491.53964110534,89236.01,88980.48035889465,174.74285714285674,7447.886349999999,0.2541492728818529,89322.6,101.20209978886932
2025-12-06 01:30:00,89405.7,89405.7,89181.4,89220.7,9127.589,2025-12-06 01:44:59.999,814825416.25120,2288,188.871,16867298.01140,0,59.799974022600416,-62.35229521726433,-107.59158590321528,45.23929068595095,89487.07160204803,89232.65,88978.22839795196,175.46428571428467,7392.19,-0.03753324773512059,89337.7,68.44753466467
2025-12-06 01:45:00,89254.5,89322.2,89191.2,89286.7,6595.85,2025-12-06 01:59:59.999,588837126.69590,1912,3986.543,355949569.50890,0,54.63539758153169,-56.365300941091846,-97.34632891079059,40.981027969698744,89487.37023505825,89232.81000000001,88978.24976494178,167.58571428571304,7215.16365,0.06107660687509666,89322.37999999999,69.84337478728095
2025-12-06 02:00:00,89284.6,89290.3,89158.6,89262.7,10151.71,2025-12-06 02:14:59.999,905733154.59920,2203,2509.510,223930009.94630,0,50.32831208960988,-52.946826212559245,-88.46642837114433,35.51960215858509,89470.83859833004,89226.505,88982.17140166997,162.87142857142732,7290.731999999999,0.22253535359205642,89298.48000000001,64.49730228222415
2025-12-06 02:15:00,89262.7,89273.2,89201.0,89235.9,1929.472,2025-12-06 02:29:59.999,172206178.16940,1371,1172.680,104677314.72440,0,50.14238436080955,-51.80304314933892,-81.13375132678325,29.330708177444336,89452.1469585525,89219.125,88986.1030414475,159.83571428571304,7237.9494,0.049668354419012954,89278.56,65.57696243110641
2025-12-06 02:30:00,89235.9,89246.2,89170.5,89202.6,2316.162,2025-12-06 02:44:59.999,206612152.46690,1535,472.207,42128551.62060,0,55.92754742896413,-52.97297900408739,-75.50159686224409,22.528617858156693,89450.84820329635,89217.77,88984.69179670366,142.5071428571412,6960.239899999999,-0.03216360178546887,89241.72,33.426965188319045
2025-12-06 02:45:00,89202.6,89317.6,89202.6,89317.6,7793.056,2025-12-06 02:59:59.999,695675966.47790,1829,7719.332,689094015.00020,0,55.46495489243587,-44.11212556831015,-69.2237026034573,25.11157703514715,89459.84151907229,89227.84,88995.8384809277,138.18571428571263,6803.9765,0.030238345357742023,89261.1,44.46195004377766
2025-12-06 03:00:00,89317.6,89719.7,89289.5,89719.7,22032.356,2025-12-06 03:14:59.999,1972437233.60590,4882,21272.010,1904338385.06220,0,66.11668426610348,-4.590805918414844,-56.29712326644881,51.70631734803396,89547.00858838146,89267.88,88988.75141161855,162.59999999999854,7207.938399999999,0.724789809832478,89347.7,212.17225313802768
2025-12-06 03:15:00,89711.6,89727.5,89515.0,89515.0,8029.077,2025-12-06 03:29:59.999,719651263.66270,2103,821.437,73699850.52780,0,56.75659400216781,10.096163105496089,-43.018465992059824,53.11462909755591,89580.58291008447,89285.62,88990.65708991552,166.5928571428563,7252.3141000000005,0.41482884103687345,89398.16,216.8533444557668
2025-12-06 03:30:00,89515.2,89673.6,89501.9,89626.4,4305.393,2025-12-06 03:44:59.999,385743042.72050,1517,2441.757,218759802.53240,0,67.75313404050141,30.374601365198032,-28.33985252060825,58.71445388580628,89635.56921624255,89304.23000000001,88972.89078375747,157.39999999999938,6904.687449999999,0.2944161641300078,89476.26000000001,214.10781863730858
2025-12-06 03:45:00,89626.4,89683.0,89584.0,89656.5,1862.029,2025-12-06 03:59:59.999,166961378.51070,1245,1764.362,158203582.38720,0,66.88015846814156,48.31725696621288,-13.00843062324402,61.325687589456905,89690.03164973856,89325.445,88960.85835026145,155.8642857142851,6758.79575,0.30688436847605327,89567.04,157.9242318379244
2025-12-06 04:00:00,89656.5,89683.0,89513.2,89532.4,8450.574,2025-12-06 04:14:59.999,757008361.14110,1805,318.870,28549178.04520,0,55.95212953185474,51.92455401014013,-0.021833696567188105,51.94638770670731,89702.81824139076,89348.84,88994.86175860923,150.68571428571366,6407.126249999999,0.22040510211505412,89610.0,85.89537241077686
2025-12-06 04:15:00,89524.9,89606.8,89524.9,89592.0,2447.878,2025-12-06 04:29:59.999,219254253.72720,1468,2099.214,188022420.54540,0,57.17903093347944,58.913467033038614,11.765226449353976,47.14824058368464,89730.59971102988,89368.86,89007.12028897012,151.71428571428572,6048.0873,0.22956409671226297,89584.45999999999,60.29202270278884
2025-12-06 04:30:00,89592.0,89612.6,89517.1,89524.7,4765.84,2025-12-06 04:44:59.999,426802705.70310,1958,1267.575,113565703.78240,0,56.384127412606176,58.349071628952515,21.08199548527369,37.26707614367882,89745.57779040337,89383.53,89021.48220959662,150.60000000000062,6156.3523000000005,0.3407281045766285,89586.4,57.59396671173952
2025-12-06 04:45:00,89522.4,89630.0,89517.1,89625.7,2801.248,2025-12-06 04:59:59.999,250980101.17820,1581,2772.710,248423716.37250,0,57.799542931766055,65.29891486928682,29.925379362076317,35.373535507210505,89775.01833270637,89400.285,89025.55166729364,151.6714285714292,6181.7652,0.3796758083790755,89586.25999999998,57.47315026682506
2025-12-06 05:00:00,89625.8,89683.7,89625.1,89659.8,6315.016,2025-12-06 05:14:59.999,566158834.81580,2046,5790.667,519149871.29240,0,65.68774562343714,72.72002948928275,38.48430938751761,34.23572010176514,89788.16909943402,89429.56999999999,89070.97090056597,139.8357142857141,5955.3287,0.44486666883256476,89586.92,58.49134125315412
2025-12-06 05:15:00,89659.9,89675.0,89550.1,89565.6,6493.856,2025-12-06 05:29:59.999,581794119.21660,1990,608.704,54526035.26280,0,59.76745814947151,70.19104488112498,44.82565648623909,25.36538839488589,89787.64201786439,89450.59,89113.5379821356,139.39999999999938,6173.01355,0.36947013477760815,89593.56,52.31302898505363
2025-12-06 05:30:00,89562.2,89575.2,89497.8,89500.6,4664.748,2025-12-06 05:44:59.999,417602985.35360,1968,387.419,34679685.24780,0,58.098999114863794,62.224563551309984,48.30543789925328,13.919125652056707,89792.60875561724,89457.455,89122.30124438276,135.52142857142775,5888.380950000001,0.33407097999385665,89575.28,66.92336663375549
2025-12-06 05:45:00,89501.5,89578.6,89497.5,89556.7,3443.777,2025-12-06 05:59:59.999,308355744.65870,2021,2192.629,196329834.43230,0,60.70761014686268,59.74912018976465,50.59417435735556,9.15494583240909,89802.16932691245,89466.18000000001,89130.19067308756,136.15714285714265,6028.383650000001,0.2676964002615288,89581.68000000001,62.243529797033624
2025-12-06 06:00:00,89556.7,89600.6,89496.8,89600.6,8753.729,2025-12-06 06:14:59.999,784006807.25490,2620,5740.227,514224556.90440,0,63.191038048521754,60.630762910004705,52.601492067885395,8.02927084211931,89814.63313639276,89479.43500000001,89144.23686360726,138.1642857142859,6335.32785,-0.13274676576046426,89576.66,58.71803812795418
2025-12-06 06:15:00,89600.5,89685.0,89599.4,89685.0,7627.242,2025-12-06 06:29:59.999,683783411.26800,2147,7576.708,679254328.47400,0,62.428958051420636,67.36332329870493,55.55385831404931,11.80946498465562,89838.59982285979,89494.345,89150.09017714021,136.06428571428634,6495.3301,0.18991230520024577,89581.7,67.98808720352231
2025-12-06 06:30:00,89684.9,89700.6,89609.8,89610.5,2497.214,2025-12-06 06:44:59.999,223864759.97350,1875,186.911,16763082.60300,0,45.25382475660656,65.9274281810358,57.6285722874466,8.298855893589192,89836.30646443988,89513.835,89191.36353556013,111.8214285714296,6163.81135,-0.017740308659049322,89590.68000000001,68.29448734407933
2025-12-06 06:45:00,89610.5,89641.6,89604.7,89641.6,730.098,2025-12-06 06:59:59.999,65432018.26820,1345,316.959,28407135.53210,0,56.48034398034416,66.53204108677164,59.40926604731162,7.1227750394600235,89840.18574475174,89531.57999999999,89222.97425524823,99.27857142857309,5870.52375,-0.016618984680412664,89618.88,47.85077848458973
2025-12-06 07:00:00,89641.4,89653.8,89614.5,89638.9,1678.425,2025-12-06 07:14:59.999,150454574.70380,1932,890.818,79861915.93610,0,50.71996313788731,66.0321561430028,60.73384406644986,5.298312076552932,89834.91100395887,89550.38999999998,89265.8689960411,89.8214285714296,5446.8595000000005,0.11895135168944428,89635.32,32.94642623374665
2025-12-06 07:15:00,89638.9,89655.8,89548.2,89617.4,4491.199,2025-12-06 07:29:59.999,402325253.80900,1930,136.858,12268994.37460,0,47.725421756835104,63.1729054760217,61.22165634836424,1.951249127657455,89813.48062743111,89569.465,89325.44937256888,90.43571428571575,5574.94585,0.028350745602279417,89638.68000000001,29.159338153922366
2025-12-06 07:30:00,89548.2,89617.4,89439.7,89592.8,6390.832,2025-12-06 07:44:59.999,572138526.41200,2272,1851.921,165808006.36100,0,53.97368421052682,58.250439506431576,60.62741297997771,-2.376973473546137,89761.37234858463,89588.975,89416.57765141538,91.00000000000104,5778.67935,0.07606839229844481,89620.24,20.373585879264663
2025-12-06 07:45:00,89592.8,89641.3,89545.2,89545.2,4926.059,2025-12-06 07:59:59.999,441252386.17730,2710,1093.642,97985900.96130,0,46.87165775401056,49.932832954698824,58.48849697492194,-8.555664020223112,89718.99269663206,89600.35500000001,89481.71730336796,92.01428571428654,5635.3295,-0.08981798747457483,89607.18000000001,39.823510663719944
2025-12-06 08:00:00,89545.2,89584.1,89501.0,89501.0,3345.374,2025-12-06 08:14:59.999,299511541.95600,1794,90.876,8138011.79370,0,48.36529176438152,39.321228585613426,54.65504329706024,-15.333814711446813,89701.89689076829,89589.42,89476.94310923171,91.12857142857267,4700.9803999999995,-0.17711393511919823,89579.06000000001,55.855689070948806
2025-12-06 08:15:00,89501.9,89550.0,89269.6,89269.7,7672.242,2025-12-06 08:29:59.999,685922018.19240,2157,142.762,12768409.77370,0,29.18615528531366,12.107906318255118,46.145615901299216,-34.0377095830441,89757.07687166733,89577.155,89397.23312833266,103.09285714285839,4683.13865,-0.33037237510831025,89505.22,139.05078928797764
2025-12-06 08:30:00,89269.7,89380.0,89190.3,89351.2,10029.257,2025-12-06 08:44:59.999,895223864.96800,2409,2917.587,260554331.06120,0,32.90494128074431,-2.849630003081984,36.34656672042298,-39.19619672350496,89767.87651096207,89563.39499999999,89358.9134890379,112.45714285714452,4969.33185,-0.16692625524299134,89451.98,136.295458477619
2025-12-06 08:45:00,89351.2,89365.5,89228.2,89232.6,5994.349,2025-12-06 08:59:59.999,535080142.59350,2304,241.055,21521313.17200,0,32.03883495145631,-23.996991736305063,24.277855029077365,-48.27484676538243,89789.45120405023,89542.2,89294.94879594976,113.34285714285943,5175.94785,-0.36189363833190735,89379.93999999999,138.4325756519907
2025-12-06 09:00:00,89238.1,89474.3,89224.1,89453.8,12911.989,2025-12-06 09:14:59.999,1154042976.25730,2497,11891.538,1062956544.16690,0,47.83973412112246,-22.646383501793025,14.893007322903287,-37.53939082469631,89788.65585887655,89538.27,89287.88414112346,125.68571428571678,5399.0186,-0.16383818858356183,89361.66,115.24750757239781
2025-12-06 09:15:00,89453.7,89575.0,89449.0,89575.0,5544.057,2025-12-06 09:29:59.999,496286291.83890,1819,5437.705,486770603.71320,0,50.796830096664756,-11.661760144270374,9.582053829468554,-21.24381397373893,89787.15242609069,89537.42000000001,89287.68757390934,128.8928571428592,5553.82755,-0.1226515024809054,89376.46,139.75967945600462
2025-12-06 09:30:00,89559.3,89599.8,89465.5,89592.7,7977.387,2025-12-06 09:44:59.999,714445517.01580,2376,4108.452,367991853.34460,0,49.6479814633273,-1.5107103895716136,7.3635009856605205,-8.874211375232134,89791.67232898447,89540.82,89289.96767101555,131.07142857143066,5714.4048999999995,-0.019863743646116146,89441.06000000001,152.17367709832268
2025-12-06 09:45:00,89592.8,89608.3,89540.1,89540.1,1295.635,2025-12-06 09:59:59.999,116079618.16770,1690,519.541,46552967.28700,0,43.35503989727618,2.2635959468898363,6.343519977906384,-4.079924031016548,89784.19522215812,89536.54,89288.88477784187,129.82857142857287,5639.124249999999,-0.11322867954164137,89478.84,147.66920126286294
2025-12-06 10:00:00,89540.1,89578.5,89467.3,89537.7,5633.549,2025-12-06 10:14:59.999,504223437.56700,1934,591.429,52949919.18770,0,46.4250638381456,5.003424604277825,6.075500903180673,-1.0720762989028483,89771.22106601819,89530.43500000001,89289.64893398184,131.28571428571533,5605.0509,-0.11289741395755312,89539.86,53.474133948962624
2025-12-06 10:15:00,89537.6,89636.1,89485.6,89493.9,6769.892,2025-12-06 10:29:59.999,606252405.02460,1857,2774.749,248581666.20440,0,42.8363565816271,3.5989778303919593,5.580196288622931,-1.9812184582309715,89767.56662748221,89526.85,89286.1333725178,139.4000000000004,5618.8527,-0.1378080595955696,89547.87999999999,38.15209039606002
2025-12-06 10:30:00,89493.9,89531.2,89485.6,89530.1,683.017,2025-12-06 10:44:59.999,61133540.54140,1638,410.422,36735432.26760,0,44.88913942127072,5.3453630892472574,5.533229648747796,-0.18786655950053888,89768.72569075364,89528.325,89287.92430924636,139.8499999999996,5419.7661499999995,-0.06998330222964019,89538.9,35.354490543519866
2025-12-06 10:45:00,89531.2,89534.7,89444.7,89492.8,3185.618,2025-12-06 10:59:59.999,285072663.17410,1501,393.552,35222209.81730,0,44.2325495278656,3.6771992539870553,5.1620235697956485,-1.4848243158085932,89765.6413246247,89525.13,89284.61867537531,138.5928571428563,5406.8582,-0.058517932842848286,89518.92000000001,23.635397216847867
2025-12-06 11:00:00,89493.9,89529.4,89463.1,89468.1,2410.302,2025-12-06 11:14:59.999,215654206.15320,1965,203.228,18187441.92460,0,44.22845505878012,0.3579575112235034,4.2012103580812195,-3.843252846857716,89757.55837415266,89518.50499999999,89279.45162584732,130.63571428571282,5089.68685,-0.0367593658171352,89504.51999999999,28.860907844395477
2025-12-06 11:15:00,89474.2,89549.4,89468.1,89545.0,4429.964,2025-12-06 11:29:59.999,396548103.98000,1798,3434.997,307497605.65600,0,49.99098774333106,3.887805632853997,4.138529413035775,-0.25072378018177766,89737.894208198,89511.505,89285.115791802,129.57857142856872,4929.82295,0.3083913130659148,89505.98000000001,31.059893779637328
2025-12-06 11:30:00,89545.0,89667.7,89528.9,89661.9,9093.503,2025-12-06 11:44:59.999,814702941.37670,2190,7978.035,714817838.03400,0,56.80453353632732,15.934406803586171,6.497704891145855,9.436701912440316,89746.28810427933,89514.075,89281.86189572066,133.55714285713995,5259.6374,0.3477289616703493,89539.58,74.79837566144724
2025-12-06 11:45:00,89662.2,89667.7,89571.0,89582.1,4457.826,2025-12-06 11:59:59.999,399473398.92800,2335,141.490,12683578.97430,0,65.15327900659761,18.82522644668643,8.96320920225397,9.862017244432458,89737.89536802357,89511.1,89284.30463197644,120.43571428571158,5446.0238,0.391672998433308,89549.98000000001,76.74058249445217
2025-12-06 12:00:00,89582.0,89582.1,89524.2,89530.9,5248.993,2025-12-06 12:14:59.999,470092895.67330,1780,1188.996,106490321.99980,0,58.98050974512742,16.791250652007875,10.528817492204753,6.2624331598031215,89724.69178549625,89505.7,89286.70821450374,111.0214285714267,5624.5522,0.08618974263808946,89557.6,71.34535725319186
2025-12-06 12:15:00,89530.8,89576.5,89524.2,89566.9,3226.614,2025-12-06 12:29:59.999,288976410.99910,1743,2557.494,229057638.28480,0,68.21004466717456,17.878121460729744,11.998678285909753,5.879443174819992,89717.86630717847,89503.175,89288.48369282154,104.94999999999813,5561.32295,-0.009042701646671304,89577.36000000002,51.19714837351663
2025-12-06 12:30:00,89571.7,89581.0,89531.2,89553.5,3934.557,2025-12-06 12:44:59.999,352355369.36580,2078,1338.066,119839157.75290,0,57.020138008731045,17.45697327426751,13.090337283581304,4.366635990686207,89713.14913627092,89501.20999999999,89289.27086372906,90.63571428571284,5438.5092,-0.043753564743552874,89579.06000000001,49.98067628173275
2025-12-06 12:45:00,89553.4,89570.0,89526.4,89533.1,2871.135,2025-12-06 12:59:59.999,257114560.37250,2213,1861.621,166720997.45470,0,46.56162809781758,15.300723575186566,13.532414541902357,1.7683090332842095,89712.0839871585,89500.60500000001,89289.12601284152,84.74999999999896,5335.763,-0.007817726359474694,89553.3,21.93308007524646
2025-12-06 13:00:00,89550.9,89570.7,89539.5,89559.8,2651.411,2025-12-06 13:14:59.999,237457138.68300,1602,2098.291,187928161.27170,0,47.3394792172089,15.56690146253095,13.939311926028076,1.6275895365028745,89716.67554538944,89503.545,89290.41445461055,77.84285714285527,5301.064850000001,0.02468234051132185,89548.84,16.105837500372626
2025-12-06 13:15:00,89559.7,89630.0,89548.6,89612.2,227.308,2025-12-06 13:29:59.999,20360369.95610,1466,169.705,15201229.46190,0,55.83238958097333,19.778101784933824,15.107069897809225,4.671031887124599,89708.18791608182,89520.67,89333.15208391818,78.7857142857122,4928.818150000001,0.13218778039620904,89565.1,29.190323766330582
2025-12-06 13:30:00,89624.3,89735.3,89556.4,89735.3,9244.196,2025-12-06 13:44:59.999,828919606.54470,2948,9102.914,816254284.45250,0,63.37303735787825,32.67202680351329,18.62006127895004,14.05196552456325,89732.90808554446,89539.875,89346.84191445554,83.62142857142733,4889.5651,0.22919666123459828,89598.78,81.70279677938063
2025-12-06 13:45:00,89735.3,89736.1,89619.3,89619.5,3385.81,2025-12-06 13:59:59.999,303593284.51050,2533,696.407,62480895.90080,0,57.74543660582188,33.16416718214168,21.52888245958837,11.635284722553312,89690.15272844465,89559.22,89428.28727155535,81.21428571428467,4759.138150000001,0.14157563513489027,89611.98000000001,77.79657448479621
2025-12-06 14:00:00,89619.4,89665.4,89603.8,89663.7,1514.975,2025-12-06 14:14:59.999,135810189.64820,1892,1270.975,113945122.09250,0,58.158280410356355,36.69773394965159,24.56265275760102,12.135081192050574,89698.7036535567,89569.715,89440.72634644329,82.35714285714182,4189.287450000001,0.21862540950348927,89638.1,65.6712646563202
2025-12-06 14:15:00,89655.3,90230.0,89623.7,89885.5,10817.646,2025-12-06 14:29:59.999,972060849.86700,3332,6913.702,620974947.57410,0,69.57041762184826,56.74143744043249,30.99840969416732,25.74302774626517,89776.5801864661,89585.23999999999,89393.89981353388,119.23571428571346,4452.9669,0.3802557373387682,89703.24,113.03830324956665
2025-12-06 14:30:00,89885.5,90015.9,89876.3,90010.4,7957.207,2025-12-06 14:44:59.999,715847761.76250,2152,4119.331,370588305.67690,0,74.57181694608077,81.76210043247556,41.15114784182897,40.61095259064659,89875.97262856302,89606.125,89336.27737143698,124.47142857142795,4451.957899999999,0.38868237233429137,89782.88,162.37069317311065
2025-12-06 14:45:00,90009.8,90095.1,89957.3,89980.3,11958.734,2025-12-06 14:59:59.999,1076580820.50510,3332,6695.320,602800802.46280,0,70.597142045993,98.0322825438052,52.52737478222422,45.504907761580974,89943.31017453167,89628.135,89312.95982546832,128.50714285714326,4985.11285,0.4445084453255696,89831.88,180.39038777468656
2025-12-06 15:00:00,89980.3,89980.4,89779.9,89797.4,7835.08,2025-12-06 15:14:59.999,703933507.77230,2496,789.800,70929682.49300,0,56.034559543956625,95.07208582143357,61.0363169900661,34.03576883136748,89961.95543971623,89641.12,89320.28456028376,132.9142857142859,5095.189400000001,0.2976625947019409,89867.45999999999,141.34770249809964
2025-12-06 15:15:00,89804.3,89840.4,89502.0,89549.5,17642.44,2025-12-06 15:29:59.999,1581153703.27070,4051,3505.090,313901953.49100,0,48.737217229624804,71.89390222614747,63.207834037282375,8.6860681888651,89960.29714552077,89643.9,89327.50285447921,150.17857142857142,5638.8168000000005,-0.019426819505860067,89844.62,184.99242417325718
2025-12-06 15:30:00,89537.9,89820.1,89503.0,89788.0,9867.358,2025-12-06 15:44:59.999,884406198.03290,2602,8525.090,764137150.27730,0,58.69697584737197,71.94069397085696,64.9544060239973,6.986287946859662,89974.68201387195,89656.795,89338.90798612805,168.69285714285692,6098.033850000001,0.2618546455470752,89825.12,184.74454525507483
2025-12-06 15:45:00,89788.0,89851.5,89695.2,89701.6,4420.834,2025-12-06 15:59:59.999,397079850.08010,1756,2713.845,243808148.69990,0,54.40628066732136,64.26520950905979,64.81656672100979,-0.5513572119500054,89976.02925463193,89667.23500000002,89358.4407453681,176.12142857142837,6159.794650000001,0.18819855450107278,89763.36,156.8273031124514
2025-12-06 16:00:00,89695.3,89919.4,89695.2,89899.2,6533.256,2025-12-06 16:14:59.999,587140508.68980,2073,6310.366,567141313.39190,0,60.09225199976655,73.28224920983484,66.5097032187748,6.772545991060042,89999.23675381912,89688.79000000001,89378.3432461809,188.5785714285708,6365.942349999999,0.3789646694164058,89747.13999999998,130.817919267696
2025-12-06 16:15:00,89899.2,89922.2,89824.0,89828.8,3681.655,2025-12-06 16:29:59.999,330869312.51870,2038,1177.622,105840836.47160,0,58.387700686447,73.89580169094552,67.98692291320894,5.908878777736575,90011.69269288174,89702.98000000001,89394.26730711828,192.47857142857018,6328.5269,0.24170816027282652,89753.42000000001,134.53476131293257
2025-12-06 16:30:00,89828.8,89861.1,89762.6,89768.4,6423.433,2025-12-06 16:44:59.999,576848032.63990,2333,1724.603,154913673.13490,0,55.80605655755939,68.71615418538568,68.1327691676443,0.583385017741378,90017.70742898544,89708.30500000001,89398.90257101458,196.8285714285708,6195.0234,0.03688626437978284,89797.2,73.23933370473381
2025-12-06 16:45:00,89768.5,89768.6,89636.1,89636.2,7663.672,2025-12-06 16:59:59.999,687343311.15400,1560,65.131,5840560.87480,0,50.639590661976335,53.32906677578285,65.17202868927201,-11.842961913489162,90016.6902381729,89711.01,89405.32976182709,200.47857142857123,6355.315700000001,0.01863433739308643,89766.84,103.30018393750936
