open_time,open,high,low,close,volume,close_time,quote_asset_volume,number_of_trades,taker_buy_base_asset_volume,taker_buy_quote_asset_volume,ignore,rsi_14,macd,macd_signal,macd_hist,bb_upper,bb_middle,bb_lower,atr_14,volume_ma_20,roc_12,close_ma_5,close_std_5
2021-11-17,4302.17,4652.4,3713.93,4290.33,315407.017,2021-11-17 23:59:59.999,1322265937.57918,71223,156476.777,656015514.37030,0,38.16365532941975,-21.092528511272576,13.830208515628948,-34.92273702690152,4867.4231059019185,4527.959,4188.494894098081,778.9621428571428,211976.56064999997,-4.112133240358307,4466.838000000001,201.51109378890214
2021-11-18,4290.03,4500.0,3584.44,3995.98,321444.942,2021-11-18 23:59:59.999,1334729574.21649,73302,159341.493,661557565.54933,0,32.54528926693074,-53.216759393203574,0.29598374355923185,-53.51274313676281,4919.663209583221,4507.0915,4094.5197904167803,784.3592857142856,215117.75559999997,-11.536997024652873,4337.206,259.16976266532293
2021-11-19,3995.04,4700.0,3667.44,4294.47,262747.084,2021-11-19 23:59:59.999,1088235545.55955,59200,132236.776,547672994.47043,0,44.94601779361432,-57.43198504508746,-11.335434734118882,-46.096550310968574,4920.910983528295,4505.8855,4090.860016471706,804.5421428571427,218486.9898,-6.900409081744812,4271.0160000000005,203.42648482928627
2021-11-20,4294.78,4856.58,3819.45,4411.85,197695.684,2021-11-20 23:59:59.999,852621222.42801,47067,98880.735,426544391.46351,0,47.160804155631205,-52.04566793042795,-19.525828927154045,-32.51983900327391,4916.855429953637,4512.1765,4107.497570046362,812.2514285714285,217072.91655000002,-8.262670453836586,4240.746,154.44311260137155
2021-11-21,4411.58,4746.91,3878.8,4265.51,206495.126,2021-11-21 23:59:59.999,898508965.88504,48227,101477.400,441560188.29345,0,40.88345864661654,-57.30835013001615,-27.118187065324108,-30.190163064692044,4920.239374868189,4509.4800000000005,4098.720625131812,835.3864285714286,215514.95184999998,-9.858008998328389,4251.628,153.7473421558887
2021-11-22,4264.69,4544.18,3667.44,4087.43,301847.123,2021-11-22 23:59:59.999,1260372361.55391,67390,147922.035,617610603.34335,0,30.866455659292015,-73.10451158628803,-36.3503300194783,-36.75418156680973,4934.371774117851,4484.531,4034.6902258821488,832.8592857142858,219824.57599999997,-11.788876683593417,4211.048,167.16940306168473
2021-11-23,4086.57,4690.37,3786.41,4339.9,277487.867,2021-11-23 23:59:59.999,1166170103.10541,63499,139607.999,586726001.30858,0,40.48985413038521,-66.81673231567675,-42.46208211599941,-24.354650199677337,4922.212298412878,4471.464,4020.715701587121,829.5421428571428,222108.68624999997,-8.06835296634674,4279.832,120.90785466627018
2021-11-24,4340.33,4734.6,3812.39,4272.66,269313.285,2021-11-24 23:59:59.999,1147237224.94840,63495,133669.804,569375367.40373,0,41.1092559484232,-65.90301100053694,-47.16163070416444,-18.741380296372498,4916.634814996549,4458.415999999999,4000.1971850034492,833.3135714285715,224968.97544999997,-8.438356516651925,4275.47,120.64086020084537
2021-11-25,4271.85,4962.57,3960.0,4521.84,224525.167,2021-11-25 23:59:59.999,987504414.84940,54886,113429.100,498775109.24118,0,45.46283837715798,-46.604895845838655,-47.05006793872705,0.44517209288839155,4919.85008611249,4460.7919999999995,4001.733913887508,866.0749999999999,227064.36360000004,-2.633426210234837,4297.468,156.44166730765792
2021-11-26,4522.15,4832.57,3657.39,4037.85,297844.589,2021-11-26 23:59:59.999,1245590737.72301,79465,145886.003,609803221.02485,0,38.01371430314864,-65.89506605660245,-50.82490884567793,-15.070157210924513,4932.11367158353,4436.8285000000005,3941.543328416471,892.3964285714285,231442.38805,-12.703062640798027,4251.936,196.15705322521518
2021-11-27,4041.09,4562.57,3684.6,4097.95,213211.774,2021-11-27 23:59:59.999,877126160.18734,61039,107759.814,443240692.03228,0,39.732846095139266,-75.82430392011611,-55.83098508277918,-19.99331883733693,4921.163118826319,4411.0875,3901.01188117368,926.6414285714285,234729.6807,-10.195696002805049,4254.04,193.99593307592795
2021-11-28,4097.96,4523.7,3627.39,4296.04,213387.085,2021-11-28 23:59:59.999,874056281.11492,61663,107410.810,440124579.51681,0,44.199544951853646,-68.21306821980852,-58.30985666569284,-9.903211554115678,4861.685872802165,4385.4285,3909.1711271978347,934.7342857142856,236684.46465000004,2.017050176913386,4245.268,190.09537650874083
2021-11-29,4295.45,4866.86,3874.26,4444.0,242391.047,2021-11-29 23:59:59.999,1055588142.32407,58550,122936.602,535422262.64357,0,47.96239316239317,-50.585591611986274,-56.76377872580872,6.178187113822446,4819.788457259677,4371.029,3922.269542740324,955.6007142857142,240010.21149999998,3.5817757608389114,4279.536,210.60485257942165
2021-11-30,4443.55,4999.0,4004.26,4620.0,336234.03,2021-11-30 23:59:59.999,1531527146.81018,77008,168109.227,765702031.94351,0,57.43752046273054,-23.19030004504475,-50.04482434637993,26.854524301335182,4817.455784132873,4370.3445,3923.233215867127,959.5792857142857,245327.16845,15.616194275246622,4299.168,241.19237419537117
2021-12-01,4620.22,4999.0,4144.1,4583.85,318202.846,2021-12-01 23:59:59.999,1490776207.30320,76191,158124.997,740786005.39781,0,55.42386411512962,-4.195592897814095,-40.87032603334945,36.674733135535355,4791.81128039814,4363.4974999999995,3935.1837196018587,953.6099999999999,251652.46639999998,6.73843338060343,4408.368,215.53920146924568
2021-12-02,4583.0,4999.0,4040.0,4509.43,276423.836,2021-12-02 23:59:59.999,1252703395.26086,69149,137523.552,623262033.47189,0,60.32728720900764,5.137608596040991,-31.665004985630905,36.80261358167189,4765.960870300515,4355.6475,3945.334129699485,956.7128571428572,254587.97799999997,2.2117705724355976,4490.664,128.27667804398476
2021-12-03,4508.97,4999.0,3765.0,4221.98,226434.309,2021-12-03 23:59:59.999,1011464217.60406,56145,110074.897,491832911.80267,0,48.535466795967416,-9.237248292220102,-27.17799752977892,17.94074923755882,4725.3346862266135,4334.5395,3943.7443137733862,971.1014285714284,258825.24450000003,-1.0205110291618271,4475.852,157.34932338589886
2021-12-04,4222.57,4525.12,3466.04,4118.76,406717.357,2021-12-04 23:59:59.999,1624524373.09557,92122,202418.779,808518042.40349,0,44.04455660810585,-28.17378347788872,-27.377206436990043,-0.7965770408986756,4686.046066046205,4309.206499999999,3932.3669339537933,972.6692857142856,271407.8567,0.7664963069704039,4410.804,226.04157433976636
2021-12-05,4118.76,4635.12,3670.03,4194.9,360334.619,2021-12-05 23:59:59.999,1495329844.41072,84347,181367.482,752675009.05375,0,48.523106141418694,-36.893375089503024,-29.280835535788224,-7.6125395537148,4650.998841301321,4290.7915,3930.58415869868,979.5964285714284,281092.69704999996,-3.341090808543976,4325.784,206.81437457294922
2021-12-06,4195.0,4771.94,3577.36,4352.01,399181.887,2021-12-06 23:59:59.999,1643247360.06164,95704,200115.428,823919892.96474,0,55.58298727168373,-31.333639962218513,-29.691464648538354,-1.6421753136801591,4656.992002345048,4297.8369999999995,3938.6819976549514,1002.2992857142856,283366.3337,1.8571568999171562,4279.416,153.64612565893117
2021-12-07,4350.98,4765.52,3879.93,4305.39,241404.391,2021-12-07 23:59:59.999,1050660617.37582,58222,119848.940,521698208.54864,0,49.202512397916514,-30.18365081970387,-29.789914969063677,-0.39373585064019423,4657.741881726055,4298.59,3939.438118273945,1000.9871428571429,279666.20239999995,-4.786768218247435,4238.608,92.01938909816813
2021-12-08,4305.83,4821.94,4200.0,4435.35,221004.436,2021-12-08 23:59:59.999,960511580.61451,55336,110688.402,481023838.61427,0,53.65367253715658,-18.977341081373197,-27.627170209054963,8.649829127681766,4654.649895580687,4320.5585,3986.467104419313,979.5392857142855,274644.1771,9.844347858389996,4281.282000000001,125.69391858797334
2021-12-09,4435.36,4746.94,3706.1,4106.51,325621.207,2021-12-09 23:59:59.999,1389432094.05714,75381,159086.433,678697047.58843,0,40.994774614600736,-35.26357576227201,-29.154581257460077,-6.108994504811935,4658.647944769778,4311.1605,3963.6730552302215,982.272857142857,277787.88325,0.20888493027002283,4278.832,129.70898550216205
2021-12-10,4106.46,4578.56,3513.09,3900.3,324120.662,2021-12-10 23:59:59.999,1321810322.96512,74583,161073.415,656945949.96136,0,46.60917925128312,-63.50506499297171,-36.0251455909411,-27.47991940203061,4674.680348181792,4285.5830000000005,3896.4856518182087,974.4364285714283,284109.13215,-9.211739183061605,4219.912,215.74391421312464
2021-12-11,3901.49,4100.0,3593.09,4079.46,224051.971,2021-12-11 23:59:59.999,896745325.97164,53151,111838.631,447596377.46738,0,49.56946533602194,-71.04548344650084,-43.029594520526764,-28.015888925974075,4676.145630129749,4276.2805,3876.4153698702507,947.9321428571428,284986.9744,-8.202970297029703,4165.402,208.3278235618088
2021-12-12,4090.41,4173.02,3650.0,4131.3,162724.25,2021-12-12 23:59:59.999,664208860.14105,40567,82148.550,335281262.43660,0,45.88372278969357,-72.12089544167793,-48.84810813676792,-23.27278730491001,4674.439491872311,4278.474,3882.508508127689,921.2685714285714,278030.83074999996,-10.577922077922073,4130.584000000001,193.0717281996517
2021-12-13,4132.12,4330.0,3438.09,3781.32,289911.418,2021-12-13 23:59:59.999,1131549586.21502,66654,141408.445,552035312.41974,0,34.960283237256604,-99.30645908712995,-58.94012998247739,-40.366329104652564,4703.0315921828615,4250.545,3798.0584078171387,914.0764285714286,278652.0083,-17.507771851173143,3999.778,152.19949710823727
2021-12-14,3780.56,4188.54,3378.09,3859.81,311144.816,2021-12-14 23:59:59.999,1180180221.96759,71371,155840.025,591202266.38343,0,31.948290027973158,-113.35427785971206,-69.823262935393,-43.53101492431905,4714.658990659834,4229.9025,3745.1460093401665,900.9128571428571,280743.58485,-14.405811821006209,3950.4380000000006,148.90088220020854
2021-12-15,3859.81,4271.84,3318.58,4019.21,287648.959,2021-12-15 23:59:59.999,1114483646.19274,67762,142984.970,553968500.12523,0,37.33332136896322,-110.63668592633394,-77.98612957159013,-32.65055635474381,4677.774625707696,4204.771,3731.767374292304,907.9385714285714,283899.77444999997,-4.802722893050169,3974.2200000000003,148.38610295442209
2021-12-16,4019.23,4469.4,3627.99,3959.69,215804.773,2021-12-16 23:59:59.999,872209503.50096,53342,108825.261,439852851.71145,0,37.58457772116678,-111.88977432086631,-84.76697949585048,-27.12279482501583,4680.912486313096,4200.863,3720.8135136869037,899.5392857142857,279797.78365,-3.8620847051054237,3950.2660000000005,136.32721199379233
2021-12-17,3960.3,4278.54,3382.99,3877.36,254933.132,2021-12-17 23:59:59.999,987812800.92177,60582,126344.323,489678595.77747,0,41.42232753556815,-118.02978928609991,-91.41963640379258,-26.610152882307332,4689.571489720081,4189.833500000001,3690.09551027992,875.3642857142856,281883.85154999996,-7.569667930105593,3899.478,92.17551990632023
2021-12-18,3877.45,4360.38,3697.99,3959.87,200484.434,2021-12-18 23:59:59.999,782417999.50250,49655,100149.248,390896099.35135,0,46.003993742800944,-115.02840573412186,-96.14144418337251,-18.886961550749348,4680.279457997057,4173.025,3665.7705420029424,847.0292857142857,281238.719,-9.010549148554354,3935.1879999999996,65.7555436446266
2021-12-19,3959.87,4393.73,3537.85,3924.18,210585.315,2021-12-19 23:59:59.999,831343885.92893,50826,104189.793,411291686.74574,0,43.05012168448293,-114.16184619075648,-99.74555750620881,-14.416288684547666,4649.070777071784,4147.034,3644.9972229282157,839.2285714285714,279648.4324,-8.854250137618205,3948.0620000000004,52.21541889136171
2021-12-20,3923.89,4328.55,3552.2,3939.41,296609.827,2021-12-20 23:59:59.999,1143834236.42316,69162,147574.082,569134373.56409,0,38.57557399018706,-110.98296011328375,-101.99305445122612,-8.989905662057637,4570.329708967135,4113.0045,3655.679291032865,809.3549999999999,277667.22225,-11.181530206184416,3932.1020000000003,34.07715906586679
2021-12-21,3940.12,4424.0,3552.2,4015.87,222239.788,2021-12-21 23:59:59.999,888596473.91748,57425,110805.277,443076298.39788,0,42.11383619703423,-101.21459337088208,-101.83736132497428,0.6227679540921969,4485.933482235545,4084.6055,3683.2775177644553,808.37,272869.06935,-2.207227061421994,3943.3379999999997,50.66989411870105
2021-12-22,4014.62,4369.0,3592.27,3979.64,187493.268,2021-12-22 23:59:59.999,751773719.33350,51716,93905.971,376564393.87230,0,36.919093628185465,-95.25814251103793,-100.52151140821323,5.263368897175297,4408.022073857106,4058.1159999999995,3708.209926142893,819.4264285714287,268422.54095,2.0342024972437938,3963.7940000000003,35.85474766332019
2021-12-23,3979.24,4507.12,3861.08,4107.76,180592.599,2021-12-23 23:59:59.999,718628367.49217,55398,92066.001,366420672.30563,0,50.04055360537773,-79.41168805585903,-96.29953094143809,16.88784288557906,4394.695594701406,4052.405,3710.114405298594,791.2264285714288,266130.45544999995,0.6937192667657038,3993.3720000000003,73.27819027514498
2021-12-24,4107.76,4513.79,3800.0,4042.99,150275.835,2021-12-24 23:59:59.999,613834496.95928,46096,74887.178,305919418.65700,0,55.097054431926146,-71.19897727910302,-91.2794051829548,20.080427903851785,4389.489109282319,4048.6165,3707.7438907176806,766.1064285714285,253308.37934999997,-2.137583811391097,4017.1339999999996,63.89448825994555
2021-12-25,4043.25,4441.74,3662.97,4095.71,111640.236,2021-12-25 23:59:59.999,453381160.88389,36376,56063.971,227709948.36023,0,50.63811072104548,-59.79217147550344,-84.98194336203927,25.189771886535837,4378.399366736585,4043.657,3708.9146332634155,785.5250000000002,240873.66019999998,8.314292363513266,4048.3940000000002,53.79881996847406
2021-12-26,4096.13,4471.47,3641.0,4060.56,102132.624,2021-12-26 23:59:59.999,414405636.31841,35974,51303.879,208187392.06310,0,47.18526181760305,-52.95022660328914,-78.57558773814996,25.625361134860825,4331.080014464753,4029.0845,3727.088985535247,807.4857142857144,226021.19705,5.201033211479322,4057.332,50.665604407726875
2021-12-27,4060.92,4471.47,3647.0,4036.06,144970.879,2021-12-27 23:59:59.999,590762621.52068,42461,71894.256,293004268.04330,0,63.67922501933153,-48.922606666803404,-72.64498243525446,23.72237576845106,4288.336527315328,4015.618,3742.8994726846727,802.6685714285715,221199.52144999997,0.4192366161509329,4068.6160000000004,31.811246910491555
2021-12-28,4037.27,4191.84,3422.97,3792.01,218911.048,2021-12-28 23:59:59.999,850808181.57410,56128,108724.100,422473235.21804,0,46.90885217201007,-64.51211359058107,-71.01840667214371,6.506293081562646,4191.911217070404,3983.451,3774.990782929596,799.6985714285717,221094.85205000002,-4.234674936674331,4005.4660000000003,121.53891940444542
2021-12-29,3792.48,4171.84,3350.0,3629.17,242802.18,2021-12-29 23:59:59.999,913327109.11091,64267,120134.545,452063825.57473,0,32.27284296258591,-88.8765263717869,-74.59003411511435,-14.286492256672545,4213.145258322505,3959.5840000000003,3706.022741677496,790.3114285714286,216953.90069999997,-6.401004807394724,3922.702,203.1182329826654
2021-12-30,3629.43,4116.47,3306.83,3709.55,178295.46,2021-12-30 23:59:59.999,661203583.56457,48276,88693.537,328954048.43714,0,38.842798265803154,-100.58411659845206,-79.78885469097258,-20.79526190747947,4226.328720718688,3950.0465000000004,3673.764279281313,788.042142857143,209662.64059999998,-6.321419642564016,3845.4700000000003,194.10445911931126
2021-12-31,3709.52,4166.99,3623.0,3677.62,199298.262,2021-12-31 23:59:59.999,743502383.45444,50829,98217.947,366453307.03987,0,40.67141175811243,-111.1383083210385,-86.05874935266243,-25.079558968376062,4224.4553035713925,3929.9545,3635.4536964286067,762.9307142857143,208424.95515,-6.283096086316122,3768.882,160.69184008530246
2022-01-01,3677.6,4123.08,3356.65,3767.49,110094.519,2022-01-01 23:59:59.999,410144946.77332,33548,56035.413,208756028.08886,0,41.07649776425405,-111.01440686735941,-91.0498833619903,-19.964523505369115,4198.747496052127,3911.764,3624.7805039478735,770.362142857143,205793.4686,-4.364105284801533,3715.168,66.10475565343562
2022-01-02,3767.88,4130.0,3457.36,3829.87,137724.923,2022-01-02 23:59:59.999,520396339.06531,38509,69266.779,261697747.22376,0,45.73114979676454,-104.70364155528932,-93.78063609768773,-10.92300545760159,4197.324679841844,3914.1915,3631.058320158156,757.2735714285716,198184.14385,-4.631624031654411,3722.7400000000002,78.17374047594514
2022-01-03,3829.87,3850.78,3572.77,3761.53,126515.98,2022-01-03 23:59:59.999,480691808.15588,38165,61400.821,233288244.31172,0,42.31779155941751,-103.98786924560318,-95.82208338336669,-8.16578586223649,4199.702280142877,3909.2775,3618.852719857124,721.6778571428573,188952.70205,-5.480646490637335,3749.2120000000004,58.502179617518884
2022-01-04,3761.91,4226.84,3467.77,3790.7,154430.51,2022-01-04 23:59:59.999,585979395.42093,43483,77137.786,292742434.33623,0,39.86131748390292,-99.9257113184417,-96.64280918139858,-3.2829021370431235,4188.046401019632,3897.852,3607.6575989803678,713.6257142857143,182291.77959999998,-7.718561941301351,3765.442,55.94893984697514
2022-01-05,3790.7,4171.47,3116.61,3534.99,231227.005,2022-01-05 23:59:59.999,858170515.77866,62882,112953.689,419494923.89853,0,33.28295474197891,-115.90857464297278,-100.4959630662612,-15.412611576711583,4207.11491547075,3876.6169999999997,3546.11908452925,733.492142857143,183062.8912,-12.56495811268393,3736.9159999999997,116.02574360890979
2022-01-06,3535.06,3861.84,2982.77,3407.51,292704.405,2022-01-06 23:59:59.999,1001697846.41566,72510,144099.248,493190510.38106,0,23.660751228099215,-137.2343561604157,-107.84364289415618,-29.390713266259525,4244.575247562644,3853.1245000000004,3461.6737524373566,750.137142857143,184951.45485,-16.80294747430848,3664.9199999999996,184.05455441254492
2022-01-07,3407.51,3552.2,2800.0,3200.58,338092.708,2022-01-07 23:59:59.999,1088463707.80732,82607,168125.905,541081293.20939,0,21.37483434707262,-168.8190499579373,-120.03872591227757,-48.780324045659725,4299.320407172734,3815.16,3330.9995928272656,752.8807142857144,191831.86854999998,-21.178852178024705,3539.0620000000004,247.33897199996701
2022-01-08,3200.58,3440.59,2874.3,3080.07,314094.287,2022-01-08 23:59:59.999,987499005.23965,87820,156494.387,492172087.99644,0,17.008393752761094,-201.21698631095842,-136.27437970182766,-64.94260660913076,4354.476918899857,3772.9545,3191.4320811001426,737.7035714285714,197007.31715,-23.686218738076235,3402.7699999999995,279.73664713440814
2022-01-09,3080.12,3440.59,3001.0,3150.98,259738.011,2022-01-09 23:59:59.999,814041325.98635,67975,130738.149,409789471.33204,0,21.12444444444442,-218.66697044997136,-152.7528992397689,-65.91407121020245,4371.682180615303,3733.5330000000004,3095.3838193846977,709.7835714285715,195163.72634999998,-16.904754998008976,3274.826,189.7831331546626
2022-01-10,3151.01,3440.59,2702.87,3085.53,319938.886,2022-01-10 23:59:59.999,984223114.99393,84582,159967.665,492078451.26062,0,20.589127138834726,-235.04962273992123,-169.21224504915708,-65.83737769076416,4372.394169922487,3687.0160000000005,3001.6378300775136,703.5871428571429,200048.68125,-14.97973365810915,3184.934,133.9919409143714
2022-01-11,3085.5,3440.59,2775.06,3236.95,249237.989,2022-01-11 23:59:59.999,785207001.27707,65604,126443.438,398494143.68117,0,31.78124097366276,-233.16051682520765,-182.001900093984,-51.158616731223646,4348.847886851616,3649.8815000000004,2950.915113148385,696.2057142857144,203135.9173,-12.740089768300747,3150.822,69.21489485652879
2022-01-12,3239.34,3679.98,2928.45,3370.88,245747.328,2022-01-12 23:59:59.999,814495359.33056,64270,122310.980,405407711.67613,0,41.35812795685253,-218.36699463787363,-189.2749193164903,-29.092075321383334,4287.640081918835,3613.0375,2938.4349180811646,691.1835714285716,206393.65375,-8.340720357187523,3184.882,121.7703304175544
2022-01-13,3371.44,3552.2,2932.97,3244.04,217520.929,2022-01-13 23:59:59.999,721600330.03034,58134,107857.607,357873684.66354,0,34.89457254667816,-214.3806954734241,-194.29607472115075,-20.084620752273366,4234.993953026085,3573.09,2911.186046973915,677.5828571428572,209755.90845,-13.893865677148442,3217.6760000000004,107.76007484221796
2022-01-14,3240.82,3623.99,2948.36,3307.5,222519.435,2022-01-14 23:59:59.999,726884416.64159,58645,113415.745,370555355.49394,0,38.23073009412362,-203.76291862575454,-196.1894435543417,-7.573475071412844,4157.318673323957,3533.6794999999997,2910.0403266760427,686.9857142857144,215299.86839999998,-13.63936634924945,3248.9800000000005,106.26526643264229
2022-01-15,3307.79,3667.44,2948.36,3327.0,178783.04,2022-01-15 23:59:59.999,594056303.88361,52962,89842.908,298560839.83409,0,35.33684413760045,-191.56925027192938,-195.2654048774513,3.6961546055219117,4074.7658807962025,3497.0015,2919.237119203797,683.6035714285715,219132.3892,-11.551948276366272,3297.274,56.74260550944532
2022-01-16,3326.15,3667.44,2950.0,3346.84,180077.591,2022-01-16 23:59:59.999,600073422.04819,48597,89573.653,298516360.51406,0,33.45209628020747,-178.25267163537092,-191.86285816891743,13.61018653354651,3984.443632350074,3462.5405,2940.637367649926,686.8035714285714,220887.72480000003,-11.70918300050122,3319.2519999999995,48.17035935095933
2022-01-17,3346.55,3552.2,2879.94,3209.39,231169.96,2022-01-17 23:59:59.999,750951410.60041,61971,115144.395,374101151.75537,0,31.939683370404268,-176.73242286005234,-188.83677106437133,12.104348204318995,3942.7705856325974,3433.4095,2924.048414367403,714.9642857142857,221500.6704,-9.21077570233579,3286.954,58.03003256935594
2022-01-18,3209.07,3440.59,2793.18,3160.12,245683.431,2022-01-18 23:59:59.999,774556895.35294,61282,118959.614,375082034.28658,0,29.64163491961,-177.4505132450281,-186.5595194747519,9.109006229723803,3924.5331630946757,3409.957,2895.380836905324,706.9885714285714,221644.73295,-7.26014010230345,3270.1699999999996,81.09666700919638
2022-01-19,3160.12,3437.0,2764.71,3082.51,260843.8,2022-01-19 23:59:59.999,812144536.27997,68773,129670.430,403814682.71649,0,33.493360572012264,-182.17180475854457,-185.681976523572,3.5101717650274225,3892.7322820697186,3378.6050000000005,2864.4777179302823,679.6621428571428,225772.14995,-3.6890188653306497,3225.1719999999996,111.80935144253523
2022-01-20,3082.82,3442.0,2837.0,3004.45,226263.551,2022-01-20 23:59:59.999,711725952.53938,61331,111096.035,349573339.52836,0,34.746211719826206,-190.01223225612057,-186.54802767634934,-3.464204579771234,3864.7595628874137,3344.9464999999996,2825.1334371125854,660.0857142857143,227120.41439999998,-2.4551390065810303,3160.6620000000003,129.94891638640243
2022-01-21,3004.45,3332.48,2304.66,2570.17,402578.74,2022-01-21 23:59:59.999,1117267773.21816,100698,196025.124,544121263.94961,0,29.64488902378386,-228.58606572835652,-194.9556353354275,-33.630430392929014,3871.5119117196928,3285.0805,2698.6490882803073,679.7728571428571,241744.62545000002,-18.432678087452157,3005.3280000000004,255.40271145780673
2022-01-22,2570.38,2850.0,2105.0,2412.8,544004.235,2022-01-22 23:59:59.999,1336159125.68693,123416,265948.262,653372888.39266,0,28.955651290849573,-268.7399056351751,-209.71248946372611,-59.02741617144898,3862.659418297326,3214.227,2565.794581702674,692.5378571428572,262058.59105000002,-21.802737293106855,2846.0099999999998,332.96365619989075
2022-01-23,2412.35,2775.0,2200.0,2540.22,361530.071,2022-01-23 23:59:59.999,887701991.74674,79359,181164.141,444985070.67294,0,31.40081612765698,-286.98297532363404,-225.1665866929705,-61.81638863066354,3814.4794522987418,3153.1614999999997,2491.8435477012576,702.21,273809.2956,-21.524274394105564,2722.03,300.60206893832026
2022-01-24,2540.22,2751.55,1993.0,2440.74,505384.033,2022-01-24 23:59:59.999,1180704711.32634,109841,248952.351,581897846.56019,0,30.763218034166087,-305.93204171171647,-241.31967774460196,-64.6123639671145,3748.56640886371,3085.6635,2422.7605911362903,703.6978571428572,291356.97174999997,-27.593388076704016,2593.6760000000004,238.87805598254124
2022-01-25,2441.37,2665.09,2189.65,2456.59,391507.261,2022-01-25 23:59:59.999,949429534.33106,85624,198072.760,480435184.38973,0,24.66955776571713,-316.02788034141213,-256.2613182993969,-59.76656204201521,3715.8538486018742,3031.7435,2347.633151398126,690.12,299370.98455,-24.2737450832912,2484.1040000000003,67.59822283165262
2022-01-26,2456.51,2900.0,2190.22,2461.11,397325.892,2022-01-26 23:59:59.999,1004909776.03680,88054,199043.316,503502346.50469,0,17.760374215953803,-319.9753997029734,-269.00413460428706,-50.97126509868633,3689.6926287511733,2984.4235,2279.1543712488265,687.1378571428571,304602.05889999995,-25.590022675736957,2462.292,47.48849829166708
2022-01-27,2461.25,2751.55,2110.0,2425.5,397153.272,2022-01-27 23:59:59.999,961747552.58778,88280,199395.264,482979609.07229,0,18.988118691843738,-322.2594942334217,-279.65520654627926,-42.60428768714246,3685.2719508078767,2945.6695,2206.0670491921232,688.732142857143,307555.0871,-27.09648331830478,2464.832,44.420054817589815
2022-01-28,2425.37,2771.55,2141.56,2545.54,394149.096,2022-01-28 23:59:59.999,960472267.56333,84519,198758.319,484565273.75882,0,22.318535203080728,-310.80771343782453,-285.8857079321532,-24.922005505671336,3676.509739977386,2918.943,2161.3762600226146,685.4721428571429,311557.82755000005,-23.941987068398852,2465.8959999999997,46.68333567770932
2022-01-29,2545.54,2850.0,2320.59,2598.36,274418.001,2022-01-29 23:59:59.999,703968819.97768,61493,136473.445,350337034.10709,0,24.154736737560484,-294.08270873542597,-287.52510809440014,-6.557600641025829,3653.541808352452,2891.312,2129.082191647548,671.9242857142857,312291.82705,-19.038820461209134,2497.4200000000005,71.87212498596243
2022-01-30,2598.2,2850.0,2400.0,2603.02,252195.538,2022-01-30 23:59:59.999,655172823.44363,58119,126379.144,328617474.15963,0,23.329078339691918,-277.2559637623135,-285.47127922638686,8.215315464073342,3634.0631021994773,2867.1865,2100.3098978005223,652.8214285714286,308904.65965,-17.629077376808475,2526.706,80.40262980772398
2022-01-31,2602.62,2950.0,2271.89,2686.14,310361.816,2022-01-31 23:59:59.999,803486453.53890,70413,156740.631,406047350.52674,0,30.47734887434612,-254.28625117210458,-279.2342736116531,24.948022439548538,3589.9942546797947,2839.6459999999997,2089.2977453202047,653.2392857142859,311960.85099999997,-12.858676857496013,2571.7120000000004,95.97785744638198
2022-02-01,2685.69,2940.0,2500.24,2788.44,305235.792,2022-02-01 23:59:59.999,841693688.09772,69239,155052.688,427579301.43576,0,36.660350000717806,-225.23605712515973,-268.4346303089835,43.19857318382378,3518.0486046946935,2810.524,2102.9993953053063,638.4071428571431,314935.2742,-7.18966865815706,2644.3,94.99340082341602
2022-02-02,2787.9,3057.79,2400.0,2681.44,311361.515,2022-02-02 23:59:59.999,847964795.16358,70195,153485.336,418178272.06040,0,35.902933505796,-208.44014966153645,-256.4357341747202,47.99558451318376,3461.51234229231,2782.3940000000002,2103.2756577076902,637.3714285714286,319627.30350000004,4.329285611457607,2671.48,77.50333025101713
2022-02-03,2681.35,2900.0,2470.0,2692.62,308390.751,2022-02-03 23:59:59.999,813783588.65906,70723,154898.196,408880641.28146,0,38.49887507837569,-192.01405835131663,-243.55139900593858,51.53734065462194,3384.7921013858804,2751.65,2118.5078986141198,624.8714285714286,323920.8693,11.597314323607415,2690.332,65.86053537588558
2022-02-04,2692.07,3227.77,2600.0,2994.37,307202.974,2022-02-04 23:59:59.999,873587776.27117,70773,154559.384,439568772.38694,0,67.34089868532931,-152.89608472632835,-225.42033614539986,72.5242514190715,3320.1825548472048,2735.0185,2149.8544451527955,596.2964285714287,330341.866,17.878372739369038,2768.602,133.7303219916801
2022-02-05,2994.01,3332.48,2751.55,3014.0,253238.244,2022-02-05 23:59:59.999,762545241.79850,61172,126299.934,380418647.91477,0,77.69536936372513,-118.94047865127231,-204.12436464223626,85.18388599096394,3246.4208798842355,2718.3765,2190.332120115764,584.577142857143,333999.89865,23.487139146324488,2834.174,160.82362786605268
2022-02-06,3013.14,3100.0,2883.6,3054.91,188438.804,2022-02-06 23:59:59.999,566555956.42512,47955,94790.782,284975252.79594,0,75.76361288255728,-87.71948607978129,-180.84338892595136,93.12390284617007,3212.315829078441,2710.6525,2208.9891709215594,558.9628571428573,331863.34085,24.355712593473054,2887.468,184.31527872099676
2022-02-07,3054.83,3200.0,2991.5,3138.97,251332.511,2022-02-07 23:59:59.999,778302104.31674,61068,127026.498,393416562.48869,0,85.49900859220092,-55.55578508361441,-155.7858681542172,100.2300830706028,3207.3428617469317,2709.595,2211.847138253068,519.6735714285714,332145.79485,27.542856678490583,2978.9739999999997,169.4310087616755
2022-02-08,3139.28,3485.71,2800.0,3115.04,281750.086,2022-02-08 23:59:59.999,874827962.83237,68659,141257.513,438842633.02300,0,83.20373564087824,-31.631571658843313,-130.95500885255268,99.32343719370937,3214.2844502630132,2711.2215,2208.158549736987,534.6928571428572,333191.10915000003,28.42877757163471,3063.458,62.56012843656247
2022-02-09,3115.92,3350.0,2980.0,3243.19,248360.734,2022-02-09 23:59:59.999,784672754.66353,79119,125010.354,395049122.86115,0,85.06582015136841,-2.3074940868618796,-105.22550589726772,102.91801181040584,3265.3278790601653,2723.1585,2180.9891209398347,510.42285714285714,334295.9683,27.40675848739364,3113.222,87.75425955473234
2022-02-10,3243.55,3549.08,3050.0,3071.95,298194.463,2022-02-10 23:59:59.999,948622005.84337,105736,146119.731,465128496.52766,0,75.84166806578241,7.037175957759246,-82.77296952476365,89.8101454825229,3306.8005441709106,2748.2475,2189.6944558290893,500.2464285714286,329076.75445,18.22649671331146,3124.812,74.14508156310416
2022-02-11,3071.76,3250.0,2775.29,2927.7,330504.555,2022-02-11 23:59:59.999,1006155121.74849,94384,162805.709,495890789.64027,0,64.98666666666666,2.7742129387020213,-65.66353303115689,68.43774596985891,3314.622583469827,2773.9925,2233.3624165301726,489.15500000000003,318401.77045,12.4732042012739,3099.37,114.80455848963177
2022-02-12,2927.42,3227.77,2689.52,2917.33,274929.905,2022-02-12 23:59:59.999,803232171.70851,75457,135050.054,394726854.82968,0,62.93943450569956,-1.4243535364225863,-52.81569713166118,51.391343595238595,3325.39296692171,2792.848,2260.30303307829,489.7864285714286,314071.76214999997,8.606774032626745,3055.042,136.44219497647765
2022-02-13,2917.98,3150.0,2720.0,2871.08,220978.817,2022-02-13 23:59:59.999,642292103.98054,75739,111098.651,323011773.03625,0,60.519252201484925,-8.386203521868538,-43.92979840939897,35.54359488753043,3321.160972629663,2814.365,2307.5690273703367,488.35785714285714,299851.50135,2.963664271061951,3006.25,152.31944344041892
2022-02-14,2871.08,3188.47,2720.0,2929.3,272315.825,2022-02-14 23:59:59.999,788690659.94931,97540,137172.372,397437567.19081,0,59.732317248887334,-9.101707165040807,-36.9641801603369,27.862472995296095,3317.920365305344,2838.0005,2358.080634694656,473.3835714285714,293891.92955,9.243540784056332,2943.472,75.63101857041707
2022-02-15,2929.59,3450.0,2800.0,3183.68,240698.901,2022-02-15 23:59:59.999,741337138.74416,73502,122941.142,378643866.19042,0,64.10241772043501,10.729894500439059,-27.425365227973074,38.15525972841213,3343.2552009040855,2874.129,2405.0027990959143,488.4007142857142,286060.58,18.23725590688623,2965.818,124.0733372646953
2022-02-16,3183.76,3440.59,3028.4,3122.44,245052.202,2022-02-16 23:59:59.999,764880149.77252,126082,120386.800,375823721.61049,0,66.26634011036029,21.26079820347968,-17.68813254151214,38.94893074499182,3339.760161043881,2908.9759999999997,2478.1918389561183,470.85785714285714,278455.52650000004,4.277026553164778,3004.7659999999996,138.80697705806776
2022-02-17,3122.85,3350.0,2800.0,2892.23,293907.891,2022-02-17 23:59:59.999,883097183.48329,74545,142653.003,428773370.12807,0,56.33847541264711,10.907941514089543,-11.968917730311745,22.876859244401288,3321.988791251029,2926.3105,2530.632208748971,479.42928571428575,273443.46625,-4.04014598540146,2999.746,143.14573231500452
2022-02-18,2892.22,3100.0,2510.72,2779.72,305976.231,2022-02-18 23:59:59.999,871283296.91478,83934,148817.228,424248814.93926,0,42.252860288013856,-6.3013282381716635,-10.835399831871035,4.534071593699371,3306.992021666299,2935.3785,2563.7649783337006,476.68,275021.37775000004,-9.008121352183863,2981.474,167.4440010272058
2022-02-19,2779.35,2990.0,2467.58,2763.87,232026.519,2022-02-19 23:59:59.999,641576104.69209,64238,117080.457,323943410.78015,0,40.94761756552328,-20.97674310715456,-12.863668486945913,-8.113074620208648,3290.9288952468755,2943.421,2595.913104753124,472.5007142857143,274012.92679999996,-11.949779704807625,2948.388,194.49031562008128
2022-02-20,2763.42,2967.0,2500.0,2620.72,318311.346,2022-02-20 23:59:59.999,843441554.65120,92737,158346.968,419712931.67284,0,35.369083642784446,-43.65335243698746,-19.021605276998358,-24.631747159989104,3298.9041851873503,2940.15,2581.39581481265,490.40071428571434,274410.4033,-15.868817093841498,2835.796,187.0328394426994
2022-02-21,2620.54,2995.89,2444.55,2567.77,388501.834,2022-02-21 23:59:59.999,1037588304.39039,121033,194249.699,518848248.71431,0,30.340056446616643,-65.1458251904819,-28.246449259747965,-36.89937593073394,3319.6796193559094,2929.1165,2538.553380644091,514.8892857142857,278573.7054,-20.82579189008353,2724.862,130.44780975546595
2022-02-22,2567.9,2884.99,2271.89,2636.53,376068.56,2022-02-22 23:59:59.999,970629052.69228,148926,187956.370,485283757.84591,0,34.023358463603415,-75.75771330983298,-37.74870206980856,-38.00901124002442,3323.892868516037,2926.871,2529.849131483963,509.70285714285717,281809.05765,-14.17405882257197,2673.7219999999998,93.24768238405755
2022-02-23,2636.73,2900.0,2415.0,2578.44,312546.014,2022-02-23 23:59:59.999,833642706.29913,114124,155103.388,413939260.05779,0,26.71579788016561,-87.84197915470213,-47.76735748682404,-40.07462166787809,3335.2822486234713,2921.1620000000003,2507.041751376529,517.9171428571428,282016.8208,-11.929500973460389,2633.466,78.2957165494893
2022-02-24,2578.5,2840.81,2220.0,2596.3,455150.927,2022-02-24 23:59:59.999,1117867845.03272,137555,224818.153,552517757.41305,0,31.33373623527382,-94.88404259073877,-57.19069450763465,-37.69334808310412,3338.199283186399,2901.2585,2464.317716813601,526.6121428571429,289414.21845000004,-11.00424017851939,2599.9519999999998,28.64020024367672
2022-02-25,2596.36,2980.0,2500.0,2767.54,351241.977,2022-02-25 23:59:59.999,936211777.07877,105419,176562.999,470693397.26600,0,43.84511329049713,-85.66107292395827,-62.88477019091274,-22.776302733045533,3326.389808686502,2888.9355,2451.481191313498,526.99,294314.40510000003,-3.6063084274906996,2629.316,81.58469482689718
2022-02-26,2767.55,2999.0,2500.0,2778.77,277151.689,2022-02-26 23:59:59.999,772993909.70405,99090,138811.017,387233125.27928,0,44.67871023242239,-76.56313420857668,-65.62044299445067,-10.942691214126015,3307.932340496344,2875.1285,2442.3246595036558,524.1864285714286,298750.04935,-5.138770354692253,2671.5160000000005,95.22163320379457
2022-02-27,2778.96,3090.0,2340.0,2616.32,293788.3,2022-02-27 23:59:59.999,798858424.32092,93024,146965.543,399877287.00152,0,41.017812063689064,-81.52056947540632,-68.80046829064656,-12.720101184759756,3277.8199442646596,2848.996,2420.1720557353406,547.0435714285715,300872.8388,-17.82088652125841,2667.474,97.48016095595035
2022-02-28,2616.85,3100.0,2345.0,2922.22,341176.584,2022-02-28 23:59:59.999,924278717.95051,102311,174526.303,473040114.60162,0,49.78749204595934,-60.07505134529674,-67.0553849015745,6.980333556277756,3251.3337293180184,2839.355,2427.3762706819816,567.51,303844.16370000003,-6.4122929503849635,2736.23,133.5487371711093
2022-03-01,2922.03,3332.48,2605.0,2975.17,324721.763,2022-03-01 23:59:59.999,954166713.72271,93035,163816.349,481485540.14678,0,42.880653377857,-38.36474798776135,-61.31725751880636,22.95250953104501,3198.1373220279384,2825.954,2453.770677972062,573.0442857142856,307662.21514999995,2.8676834138363843,2812.004,141.54900575418432
2022-03-02,2975.17,3253.13,2705.0,2947.9,301714.879,2022-03-02 23:59:59.999,895939951.31402,90493,150357.336,446645780.54334,0,43.89899470085709,-23.093305758214683,-53.67246716668215,30.579161408467463,3178.568091312351,2819.7515,2460.9349086876487,582.7542857142856,307838.23595,6.05024966543394,2848.076,150.10763947913549
2022-03-03,2947.71,3200.0,2665.09,2834.25,258532.14,2022-03-03 23:59:59.999,742916512.72883,79727,128831.787,370288582.72549,0,47.793524424215676,-19.9309149041228,-46.924156714166116,26.993241810043315,3170.3935610596536,2815.0789999999997,2459.764438940346,581.6764285714286,304239.6152,2.5464294630355306,2859.172,145.68926202709008
2022-03-04,2833.9,2950.0,2380.0,2621.55,289422.166,2022-03-04 23:59:59.999,780217529.26134,107761,142644.490,384531227.12112,0,44.40719917966127,-34.19274976926681,-44.377875325185,10.18512555591819,3162.2449240908954,2800.29,2438.3350759091045,580.2992857142856,304964.22825000004,0.031670685918388154,2860.218,143.512277070633
2022-03-05,2621.55,2932.97,2394.78,2665.08,215880.582,2022-03-05 23:59:59.999,570745794.41774,90995,107646.337,284623715.81302,0,46.57390773584513,-41.504572089023895,-43.803214677952546,2.298642588928651,3155.1727843984627,2789.9900000000002,2424.807215601538,581.4257142857142,304709.3165,3.789669635520313,2808.79,160.7742903887254
2022-03-06,2665.51,2900.0,2336.16,2550.84,221782.512,2022-03-06 23:59:59.999,582632332.01934,64585,107655.318,282883822.30369,0,47.52693195169945,-55.87296385849368,-46.21716451406153,-9.655799344432147,3144.9728596463224,2771.067,2397.1611403536776,588.342857142857,302182.65085,-3.2501052519789284,2723.924,162.97100824992856
2022-03-07,2551.06,2776.38,2271.89,2492.58,287759.312,2022-03-07 23:59:59.999,730864871.87684,83526,142206.394,361220684.20398,0,47.348973648396125,-71.14083781042791,-51.201899173336066,-19.938938637091844,3076.0166305613384,2736.5119999999997,2397.007369438661,584.9964285714285,304535.6714,-3.3299204169963286,2632.86,130.5083669731498
2022-03-08,2492.33,2850.0,2300.0,2576.06,290686.356,2022-03-08 23:59:59.999,744158817.83466,88968,145788.893,373254922.99840,0,47.88986983982971,-75.63299977549832,-56.088119293769495,-19.544880481728825,3002.765905038238,2709.193,2415.6200949617623,580.4892857142858,306817.3791,-0.7795709278588852,2581.2219999999998,66.07879402651321
2022-03-09,2576.05,3028.12,2408.23,2727.41,262139.628,2022-03-09 23:59:59.999,710180165.10814,107867,133727.038,362218590.09834,0,54.880709778456335,-66.21750861847158,-58.11399715871024,-8.103511459761343,2981.8715518180297,2700.952,2420.0324481819707,590.1242857142857,305228.96595,-1.4500242092255256,2602.394,93.49992502669899
2022-03-10,2726.89,2850.0,2375.0,2607.04,263942.172,2022-03-10 23:59:59.999,689557434.61619,93002,128542.141,335742742.42330,0,50.32972700814185,-67.68792840635933,-60.0287834082403,-7.659144998119032,2973.6584647004283,2692.318,2410.977535299572,579.7092857142858,303127.263,-6.180072478110819,2590.786,87.15971879256116
2022-03-11,2606.72,2850.0,2307.37,2556.97,262856.4,2022-03-11 23:59:59.999,679371670.60655,75459,131276.868,339327747.45868,0,43.015688745895375,-72.06265483117068,-62.43555769282661,-9.627097138344062,2967.4211916380477,2681.9730000000004,2396.524808361953,584.1828571428571,304668.75705,-2.2684534001957086,2592.0119999999997,86.4979622303228
2022-03-12,2556.96,2850.0,2327.96,2568.75,153247.789,2022-03-12 23:59:59.999,396126082.77217,46099,77098.534,199306189.85557,0,43.036472148541115,-73.72922683927118,-64.69429152211572,-9.034935317155458,2968.097881254646,2679.3745000000004,2390.651118745355,585.8285714285714,296415.5792,-12.095940757369391,2607.246,69.68072567072143
2022-03-13,2568.73,2840.81,2271.89,2514.04,167463.24,2022-03-13 23:59:59.999,429539095.06517,50122,82116.979,210690604.70540,0,46.347821118935045,-78.55893757776357,-67.46722073324547,-11.091716844518103,2970.7346284254563,2676.6879999999996,2382.641371574543,572.8942857142857,285363.6495,-15.499282393947238,2594.8419999999996,81.18976210088522
2022-03-14,2513.78,2800.0,2300.0,2590.05,231340.572,2022-03-14 23:59:59.999,592567836.31467,68952,116139.904,297544953.28680,0,35.809188547211576,-75.38430828922856,-69.05063824444215,-6.333670044786402,2970.4744708789744,2674.364,2378.2535291210256,554.6800000000001,278127.2501,-12.139149903321005,2567.37,35.50438212387819
2022-03-15,2590.06,2900.0,2300.0,2617.93,230754.488,2022-03-15 23:59:59.999,593921427.31012,163367,117353.930,302109276.86620,0,34.40408626560725,-69.81398506719142,-69.203307608992,-0.6106774581994188,2970.2744442051053,2676.3385,2382.4025557948944,545.5742857142858,274037.6738,-7.6323542383346625,2569.548,38.733483189591375
2022-03-16,2618.19,3024.74,2421.68,2773.67,258840.25,2022-03-16 23:59:59.999,694887858.57689,164404,130121.536,349329001.07815,0,43.16085321525863,-52.23072623388134,-65.80879133396975,13.57806510008841,2979.677574070894,2685.207,2390.7364259291057,549.4978571428571,264222.13995,5.802673990578089,2612.888,97.61779766004948
2022-03-17,2773.56,3097.85,2527.24,2812.18,212831.092,2022-03-17 23:59:59.999,593741482.98068,111970,107046.046,298688843.51403,0,49.079365609070344,-34.78748529868608,-59.604530126912856,24.817044828226777,2985.1955761631116,2687.439,2389.682423836888,552.0478571428572,257301.5957,5.519534122803065,2661.5739999999996,126.52513872744176
2022-03-18,2812.18,3115.47,2598.93,2939.0,213732.863,2022-03-18 23:59:59.999,609260340.59703,96721,106894.792,304814083.46389,0,64.2642102898225,-10.608178765832236,-49.80525985469652,39.19708108886429,3011.607706430366,2695.4505,2379.293293569634,548.2292857142857,254130.65440000003,15.216948142572637,2746.566,144.1484884762877
2022-03-19,2938.6,3256.67,2661.99,2952.51,167564.601,2022-03-19 23:59:59.999,494244070.79659,62404,82532.218,243458488.28156,0,63.2733922584578,9.53431234554364,-37.93734541464829,47.47165776019193,3045.964822544465,2712.26,2378.5551774555356,552.2642857142857,247819.46944999998,18.45196543340636,2819.058,136.70714088883034
2022-03-20,2952.51,3212.84,2700.0,2861.09,191791.274,2022-03-20 23:59:59.999,553915872.76280,62802,94070.743,271660558.84100,0,64.63567661405213,17.914158726856385,-26.7670445863472,44.68120331320358,3035.8564267892125,2709.2035,2382.5505732107877,548.6214285714286,240350.20395,11.06457147737243,2867.69,77.85279217856275
2022-03-21,2861.06,3227.77,2562.83,2890.36,208394.748,2022-03-21 23:59:59.999,603700026.78154,84000,105184.797,304749127.00584,0,69.29247662282233,26.61030920688563,-16.09157382770052,42.701883034586146,3019.0380834869375,2704.9629999999997,2390.887916513062,560.0821428571429,234533.8532,5.974532615191713,2891.028,57.434933359397924
2022-03-22,2890.22,3321.17,2687.19,2969.56,198988.649,2022-03-22 23:59:59.999,596015345.59830,56908,99799.109,298965467.57989,0,69.16445881711212,39.438144468220344,-4.985630168516252,44.423774636736596,3023.776348923938,2706.0460000000003,2388.3156510760627,566.0807142857144,229397.5417,13.905425309930036,2922.504,45.25389850607849
2022-03-23,2969.55,3261.98,2677.0,3036.61,183350.879,2022-03-23 23:59:59.999,545153256.72180,54161,91340.263,271617929.75193,0,66.4059681219093,54.3876551581684,6.889026896820759,47.49862826134764,3062.6694244216724,2716.164,2369.658575578328,563.5871428571429,225638.47865,18.7581395166936,2942.026,68.98220806844648
2022-03-24,3036.44,3140.9,2715.72,3110.01,210298.929,2022-03-24 23:59:59.999,644129975.50490,64534,105683.292,323811601.76956,0,78.0872711839798,71.33563381202293,19.778348279861262,51.55728553216167,3125.7176675374667,2740.587,2355.4563324625333,560.0285714285716,221682.3168,21.0709489051095,2973.526,102.69084686571846
2022-03-25,3110.59,3440.59,2815.16,3102.64,186570.12,2022-03-25 23:59:59.999,583860309.94569,55166,91773.278,287268141.72581,0,81.99772479388271,83.2131057042684,32.465299764742745,50.747805939525655,3178.0444629695576,2762.4649999999997,2346.885537030442,565.9428571428572,220216.79370000004,23.412515313996593,3021.8360000000002,92.9259524029666
2022-03-26,3102.64,3300.0,3085.75,3145.49,106051.007,2022-03-26 23:59:59.999,331007483.59762,37842,53255.139,166230541.53161,0,82.63063797044376,94.98871750880198,44.969983313554636,50.01873419524735,3228.5936157082238,2792.1975,2355.8013842917767,543.9578571428573,214430.21845,21.44514584660526,3072.862,69.86959331496344
2022-03-27,3145.18,3455.55,2906.61,3296.83,131764.547,2022-03-27 23:59:59.999,419874809.80709,49287,68245.358,217547548.99503,0,89.92319226414513,115.20472690934503,59.016932032712745,56.18779487663228,3299.6842612213554,2832.41,2365.1357387786443,542.5307142857145,206630.4802,25.93270255507214,3138.316,96.9487899872834
2022-03-28,3296.18,3700.0,2959.35,3331.25,200979.216,2022-03-28 23:59:59.999,674072131.15359,61893,100405.954,336836459.01335,0,89.47676771980652,132.47633493026842,73.70881261222391,58.76752231804451,3371.0634993955723,2870.1695,2369.2755006044276,559.7200000000001,202145.12319999997,20.10260773632047,3197.244,108.52781155076526
2022-03-29,3331.55,3786.41,3148.69,3401.29,186252.987,2022-03-29 23:59:59.999,634877699.56674,58513,93533.849,318848657.81733,0,89.92904764817416,150.08570982667197,88.98419205511355,61.10151777155842,3452.6906305735997,2903.8635,2355.0363694264,562.4142857142858,198350.79115,20.94851680902361,3255.5,126.65833490141281
2022-03-30,3401.34,3667.44,3273.38,3386.0,193526.571,2022-03-30 23:59:59.999,655709326.77044,61213,96707.981,327671739.60787,0,86.42696522266769,160.9521404967354,103.37778174343795,57.57435875329746,3513.0867376758824,2942.8115,2372.536262324117,547.4857142857144,194830.0111,15.209254848587955,3312.172,102.19445640541578
2022-03-31,3386.0,3667.44,3261.71,3281.98,193498.012,2022-03-31 23:59:59.999,648719821.23951,60471,95611.369,320511237.98415,0,75.92715231788078,159.33367379518586,114.56896015378756,44.7647136413983,3538.1299094650794,2979.062,2419.9940905349204,535.7085714285714,191362.0917,11.158979986519936,3339.47,52.86206437511122
2022-04-01,3282.2,3667.44,3200.0,3455.16,219128.008,2022-04-01 23:59:59.999,732758747.68996,68691,110579.584,369816070.80365,0,77.0989961779159,170.06471840625818,125.66811180428166,44.396606601976515,3586.0215146770965,3023.3825,2460.743485322904,532.2014285714287,194656.10265000002,20.76376485884749,3371.136,66.57687308666867
2022-04-02,3455.06,3858.26,3434.13,3442.99,189894.959,2022-04-02 23:59:59.999,660338992.50412,61552,93854.613,326380498.14508,0,75.78704969401271,175.56334940226589,135.64715932387853,39.91619007838736,3608.281171729449,3069.8300000000004,2531.378828270552,520.0192857142858,195777.6886,19.11976362806016,3393.4840000000004,68.56540476069824
2022-04-03,3442.98,3667.44,3413.12,3521.48,177197.784,2022-04-03 23:59:59.999,618612004.20141,57245,89664.203,313028664.04066,0,85.19864831732559,184.1319473506287,145.34411692922856,38.787830421400145,3641.074167370084,3116.4015,2591.728832629916,501.55357142857144,193070.54919999998,18.585918452565366,3417.522,89.77440347893373
2022-04-04,3521.89,3841.09,3174.3,3520.96,219532.836,2022-04-04 23:59:59.999,763981396.45093,70392,110341.001,383909063.56108,0,84.67349946114761,188.70538320163132,154.0163701837091,34.68901301792221,3660.3952959360145,3161.553,2662.7107040639853,501.6857142857143,192509.46659999999,15.950352531276652,3444.514,97.85284502761473
2022-04-05,3520.82,3850.0,3266.0,3406.92,177814.925,2022-04-05 23:59:59.999,618695934.61924,57162,86659.297,301579270.35070,0,73.16083797580968,181.0409019330209,159.42127653357147,21.619625399449433,3668.213281024158,3193.2155,2718.2177189758418,498.1157142857143,188458.20035,9.546914640145847,3469.5020000000004,50.43491865759651
2022-04-06,3406.35,3406.76,3162.77,3168.92,296322.281,2022-04-06 23:59:59.999,971398177.34884,82061,143478.679,470279895.90877,0,55.93249217580012,153.98714537155593,158.33445030116837,-4.347304929612449,3651.327003983452,3211.0525000000002,2770.7779960165485,473.77071428571435,192632.75980000003,2.1362452620993797,3412.254,144.85501572261265
2022-04-07,3169.07,3448.15,3102.0,3228.5,235229.008,2022-04-07 23:59:59.999,755091135.82003,71408,119024.905,382062810.17113,0,55.37950259236727,135.7891451196133,153.82538926485736,-18.03624414524407,3646.766055883882,3225.5275,2804.2889441161183,468.1257142857143,193707.56705,2.6390164966348717,3369.3559999999998,163.97525813365363
2022-04-08,3228.5,3311.95,2932.97,3193.43,233977.205,2022-04-08 23:59:59.999,760756188.83428,74083,114434.345,372084935.84692,0,54.020779266791266,117.18640089353403,146.4975915905927,-29.311190697058663,3639.264320212684,3237.5735,2835.8826797873157,450.5221428571429,197028.19725000003,-3.1363461264305434,3303.746,153.16365978912336
2022-04-09,3193.43,3526.0,3000.36,3257.73,153535.66,2022-04-09 23:59:59.999,494012461.79984,48477,76659.614,246667318.60641,0,54.878048780487816,106.40547138919783,138.47916755031372,-32.07369616111589,3617.8844184856907,3257.4055,2896.926581514309,472.7642857142858,195115.41655,-2.2069793621013125,3251.1,93.42640231753694
2022-04-10,3258.04,3574.91,2932.97,3201.37,129891.528,2022-04-10 23:59:59.999,422706487.56599,41876,64382.538,209511502.24402,0,45.47788683821579,92.2503353270331,129.2334011056576,-36.98306577862451,3591.11524773938,3272.956,2954.7967522606205,479.40714285714284,191190.25555,-5.87776990494783,3209.9900000000002,34.121146668865926
2022-04-11,3201.69,3333.0,2900.0,2979.11,268967.491,2022-04-11 23:59:59.999,825524396.07033,74218,130101.779,399322806.04576,0,35.83872213106844,62.37875091653905,115.8624710678339,-53.48372015129485,3589.6985409670306,3273.4335,2957.1684590329696,457.4321428571429,194689.19765,-12.016834022445359,3172.028,110.75905479913698
2022-04-12,2979.72,3288.88,2700.0,3027.53,243520.134,2022-04-12 23:59:59.999,734152592.36354,66033,122500.688,369306366.91369,0,34.703282311533115,42.126773413426235,101.11533153695237,-58.98855812352613,3590.6986826937136,3272.9795,2955.260317306286,453.94357142857143,197697.6604,-7.7529418217051855,3131.834,121.12294365642788
2022-04-13,3027.77,3348.88,2748.88,3116.82,199901.431,2022-04-13 23:59:59.999,612398571.91219,55670,100514.379,307929478.31136,0,39.61256463687583,32.902594272104125,87.47278408398273,-54.570189811878606,3590.317572031186,3273.32,2956.3224279688143,468.65357142857147,197177.7855,-9.79231063105615,3116.5119999999997,116.12558340003379
2022-04-14,3116.93,3440.59,2977.32,3021.66,180299.746,2022-04-14 23:59:59.999,552439388.37054,50267,89281.714,273564959.14654,0,39.88530042584937,17.7096210140935,73.52015147000489,-55.81053045591139,3597.3238337999737,3269.271,2941.2181662000266,472.7635714285715,196864.2668,-12.237328601012491,3069.298,89.23168422706274
2022-04-15,3021.36,3300.0,2983.67,3041.81,136513.846,2022-04-15 23:59:59.999,413312765.77696,42176,67677.085,204919738.07311,0,31.771637223167914,7.211879654994846,60.25849710700288,-53.046617452008036,3603.4572951427026,3264.087,2924.7167048572974,461.96999999999997,198387.40875,-13.621261515044814,3037.386,50.174376229289194
2022-04-16,3041.31,3085.47,3011.0,3058.63,98964.478,2022-04-16 23:59:59.999,300787177.81669,33209,49903.633,151668191.55837,0,33.11930151256965,0.24673082837080074,48.25614385127646,-48.00941302290566,3603.226988828975,3252.177,2901.127011171025,436.9942857142857,196747.4053,-13.13079387439789,3053.29,38.27662929253655
2022-04-17,3059.07,3081.87,2982.96,2988.38,118247.76,2022-04-17 23:59:59.999,360154769.30936,37662,57688.583,175717943.17013,0,26.41609598131339,-10.817084810831147,36.441498118854945,-47.25858292968609,3602.9092729837644,3235.0335000000005,2867.1577270162365,425.8935714285714,192610.8325,-12.284996419052984,3045.46,47.70636068700134
2022-04-18,2987.64,3069.2,2885.14,3054.96,214518.492,2022-04-18 23:59:59.999,634069217.84132,59951,104324.577,308456332.59504,0,30.52295449225936,-14.050828316242132,26.343032831835526,-40.39386114807766,3585.2458155748805,3217.717,2850.1881844251197,391.41285714285704,194024.10775,-3.5961778776365456,3033.088,28.88016568509022
2022-04-19,3054.94,3129.96,3031.09,3102.23,170897.06,2022-04-19 23:59:59.999,525559587.56888,49949,85667.138,263444591.29034,0,36.51229294118689,-12.653444121767734,18.543737441114875,-31.19718156288261,3565.572289807081,3203.5285,2841.484710192919,356.76071428571424,192892.6322,-3.9111042279696444,3049.202,40.88999841034812
2022-04-20,3102.22,3192.94,3037.32,3075.61,185712.95,2022-04-20 23:59:59.999,574559594.79568,71341,92250.776,285394200.16214,0,44.91847559713766,-13.537958388217248,12.12739827524845,-25.665356663465698,3557.595186075885,3193.21,2828.824813924115,350.43714285714276,192503.37910000002,-3.6894499018296854,3055.9620000000004,42.13733700648719
2022-04-21,3075.6,3179.05,2894.98,2983.46,223700.607,2022-04-21 23:59:59.999,689843621.25697,65062,109511.559,337733571.28713,0,37.11265383401705,-21.42766261348379,5.416386097502,-26.84404871098579,3523.5327767768536,3169.625,2815.7172232231464,346.0028571428571,192732.00905,-8.419052530442976,3040.928,52.96587741176646
2022-04-22,2983.08,3192.94,2695.7,2962.47,219456.081,2022-04-22 23:59:59.999,654988130.03616,73416,108517.391,323885172.17031,0,37.67056009907967,-29.039278695760913,-1.4747468611505843,-27.564531834610328,3486.366150313242,3145.5989999999997,2804.8318496867573,354.44999999999993,194210.06515,-7.462430147093278,3035.746,60.16983571523423
2022-04-23,2962.53,2978.48,2915.0,2931.9,120622.604,2022-04-23 23:59:59.999,356603491.31122,44464,59514.805,175943229.54097,0,31.956273743202388,-37.11049320093662,-8.601896129107793,-28.508597071828824,3419.9832651634024,3116.12,2812.2567348365974,321.43857142857144,191381.30615000002,-1.5847014712447687,3011.134,73.93865315244963
2022-04-24,2932.05,2967.43,2912.98,2921.41,135927.531,2022-04-24 23:59:59.999,399733675.49423,45705,67916.146,199719249.87604,0,33.66665888777392,-43.84799079134609,-15.651115061555455,-28.196875729790637,3335.1932227876005,3086.1425000000004,2837.0917772124003,279.47499999999997,187201.0409,-3.505167578851418,2974.9700000000003,61.40121782178449
2022-04-25,2920.88,3163.7,2799.3,3006.46,248580.059,2022-04-25 23:59:59.999,718337369.24625,67208,124587.228,360089179.62455,0,51.899806893485774,-41.84235581578832,-20.88936321240203,-20.952992603386292,3266.1497254501974,3066.1195000000002,2866.089274549803,274.57499999999993,190739.2976,-3.5407883676311154,2961.1400000000003,35.31042409824915
2022-04-26,3006.41,3050.0,2700.0,2810.79,238548.717,2022-04-26 23:59:59.999,694220435.59811,62922,113028.560,329234358.42132,0,37.501441653403454,-55.403142255077,-27.79211902093703,-27.61102323413997,3272.181883468389,3048.2129999999997,2824.2441165316104,257.5121428571428,187850.61940000003,-6.978614404003094,2926.606,72.68297345319732
2022-04-27,2810.37,2919.19,2794.72,2889.25,244494.942,2022-04-27 23:59:59.999,700254740.60152,65190,126743.282,362979898.26678,0,36.71093047428845,-59.13740279906051,-34.06117577656173,-25.076227022498777,3249.029283701482,3031.2504999999996,2813.471716298517,223.54571428571424,188313.91609999997,-5.015434889095635,2911.962,71.0075155881276
2022-04-28,2889.14,3227.77,2644.06,2936.57,242917.912,2022-04-28 23:59:59.999,708264842.44621,65221,121338.615,354061211.98603,0,44.737069978599465,-57.614362954468106,-38.77181321214301,-18.842549742325097,3225.9720479184775,3018.4075000000003,2810.842952081523,232.1485714285714,188760.95145,-3.9906755638962523,2912.8959999999997,71.36514751612431
2022-04-29,2936.72,2946.67,2570.0,2817.5,225481.875,2022-04-29 23:59:59.999,645598350.98048,64187,110634.121,316808755.19189,0,37.638734280455424,-65.2629789115881,-44.07004635203203,-21.192932559556077,3190.000528698584,2996.396,2802.7914713014165,236.4585714285714,192358.2622,-5.718148294393622,2892.114,82.52331203967884
2022-04-30,2817.49,2841.4,2600.0,2727.06,166633.187,2022-04-30 23:59:59.999,466859995.91522,52638,82092.005,230064730.88803,0,33.09920177790464,-77.7263286601069,-50.80130281364701,-26.92502584645989,3176.497719816315,2972.6805,2768.8632801836848,248.38214285714284,194195.34515,-10.733364757640038,2836.2340000000004,80.30462520925099
2022-05-01,2726.78,2847.83,2717.71,2825.53,197215.255,2022-05-01 23:59:59.999,548169670.95208,56488,98882.154,274842993.81536,0,41.93132834563744,-78.75013916287435,-56.39107008349249,-22.35906907938186,3179.111418182643,2965.0015,2750.891581817357,250.61142857142858,190607.73335,-8.919390245081757,2839.182,79.40254448062898
2022-05-02,2825.41,2881.86,2779.61,2855.88,237717.203,2022-05-02 23:59:59.999,672583791.36822,64330,118922.226,336454545.08375,0,39.76894297578425,-76.2337510704574,-60.35960628088547,-15.874144789571929,3173.7128943022094,2956.419,2739.1251056977903,244.76785714285714,190317.5868,-7.144273818852195,2832.5080000000003,75.44594667706325
2022-05-03,2855.97,2861.26,2755.89,2781.29,186707.439,2022-05-03 23:59:59.999,526307933.23848,53073,91748.826,258640357.80609,0,33.95685035591458,-79.34365750663983,-64.15641652603635,-15.187240980603477,3156.6031756388134,2939.6425,2722.6818243611865,245.2321428571429,189657.8872,-6.776360333304286,2801.452,49.34666017065674
2022-05-04,2781.82,2965.53,2771.65,2939.98,204376.952,2022-05-04 23:59:59.999,584510285.36446,57402,104630.821,299218001.05537,0,44.01091573862282,-68.2169673546332,-64.96852669175573,-3.2484406628774707,3149.0662233435232,2935.5585,2722.050776656477,247.96500000000006,190861.7475,-0.7591638058781958,2825.9480000000003,80.11331019249084
2022-05-05,2940.44,2953.72,2650.0,2747.25,221324.992,2022-05-05 23:59:59.999,623714447.49413,59503,107978.242,304312917.74552,0,40.42047546820885,-74.09653978254892,-66.79412930991437,-7.3024104726345485,3143.9017809819156,2920.8305,2697.7592190180844,249.36857142857144,195102.30479999998,-6.297963777755042,2829.986,74.17139158731115
2022-05-06,2747.25,2758.13,2634.75,2692.71,265453.779,2022-05-06 23:59:59.999,717378567.26682,68734,131920.190,356485640.89788,0,39.349673099396746,-82.20940473159953,-69.8771843942514,-12.332220337348133,3137.713791468773,2902.5345,2667.3552085312276,222.66428571428574,203426.76984999998,-7.828411623154567,2803.422,96.56888096068151
2022-05-07,2692.58,2703.39,2588.88,2635.64,166685.412,2022-05-07 23:59:59.999,444946093.01246,46789,86256.591,230316561.66239,0,38.54316518941329,-92.18136939641363,-74.33802139468385,-17.84334800172978,3144.5981859220524,2884.8975,2625.1968140779477,226.30928571428572,205848.65245,-12.334107222447669,2759.374,115.10866748424442
2022-05-08,2645.3,2645.3,2485.82,2519.47,253599.053,2022-05-08 23:59:59.999,646780888.95786,65496,121052.234,308623379.45053,0,35.63083610987975,-108.21078140736154,-81.11257339721939,-27.098208010142145,3152.147577067908,2858.123,2564.098422932092,233.8114285714286,207802.68050000002,-10.36434596679226,2707.0099999999998,155.21251318755992
2022-05-09,2519.11,2723.42,2156.09,2230.72,439431.104,2022-05-09 23:59:59.999,1041718596.20697,107698,215623.195,511163107.68741,0,25.793224824005208,-142.57044658200812,-93.40414803417715,-49.16629854783096,3200.2688227938725,2814.5475,2428.826177206128,248.3064285714286,221229.38270000002,-22.792420178246957,2565.1580000000004,205.14073868931726
2022-05-10,2230.83,2456.41,2201.25,2342.13,460675.168,2022-05-10 23:59:59.999,1083956609.10782,110664,230910.730,543242157.06424,0,34.563851231176656,-158.97827285199855,-106.51897299774144,-52.45929985425711,3197.104495101319,2777.8735,2358.642504898681,241.53214285714287,234977.4936,-20.242664060451478,2484.134,194.99387177549687
2022-05-11,2357.0,2493.0,2000.0,2083.3,586767.823,2022-05-11 23:59:59.999,1330874586.12853,159323,287858.131,653190163.72316,0,26.27367627750337,-190.66909064000765,-123.3489965261947,-67.32009411381296,3242.6614583773203,2732.8655000000003,2223.0695416226804,267.85571428571427,253130.85439999998,-26.05856255545696,2362.252,220.78172381336086
2022-05-12,2084.77,2194.36,1730.0,1958.51,647376.416,2022-05-12 23:59:59.999,1268090275.94997,152137,319624.538,626142313.70619,0,22.462976518948153,-223.27996686443475,-143.33519059384273,-79.94477627059203,3286.3401275539145,2682.6675,2078.9948724460855,259.3307142857143,274526.87114999996,-28.182364891128174,2226.826,218.8286286800689
2022-05-13,1958.98,2150.0,1940.72,2009.15,457417.731,2022-05-13 23:59:59.999,948904108.60182,107079,228270.665,473443577.24981,0,26.3290131012551,-242.2456402932885,-163.1172805337319,-79.12835975955659,3298.255599291613,2636.5299999999997,1974.8044007083863,247.3742857142857,291366.62750000006,-28.892986448560094,2124.7619999999997,159.06044816358263
2022-05-14,2009.15,2252.0,1939.71,2056.11,345044.506,2022-05-14 23:59:59.999,696139412.20907,85578,176981.121,357191276.53478,0,29.83912162933673,-250.59805589291318,-180.61343560556818,-69.984620287345,3288.849148165336,2593.2650000000003,1897.6808518346647,252.43785714285715,301822.47625,-28.004327912937516,2089.84,148.81966738304405
2022-05-15,2056.26,2200.0,2001.6,2146.02,299756.878,2022-05-15 23:59:59.999,619807989.15691,73037,150628.751,311472274.58387,0,29.47632941290179,-247.11384662788987,-193.91351781003254,-53.200328817857326,3244.6579133463656,2550.243,1855.8280866536343,257.315,304381.3172,-22.84084004185108,2050.618,71.42005229625613
2022-05-16,2145.95,2146.17,1840.0,2022.65,385355.842,2022-05-16 23:59:59.999,784216262.79706,93110,187940.572,382406198.00035,0,26.172324058451792,-251.40942034355385,-205.41269831673682,-45.996722026817025,3231.934393589834,2510.8360000000002,1789.7376064101666,271.8807142857143,311721.67345,-31.201912938183252,2038.4879999999998,69.60909940517823
2022-05-17,2022.79,2130.0,1900.0,2091.58,305717.283,2022-05-17 23:59:59.999,632135179.30857,78480,153843.212,318098915.47704,0,30.21247539864241,-246.4111451341155,-213.61238768021255,-32.79875745390294,3192.162493446646,2470.9525000000003,1749.7425065533548,280.78285714285715,314782.7905,-23.86641186641187,2065.102,55.36800041540172
2022-05-18,2091.25,2109.88,1878.0,1913.91,315047.728,2022-05-18 23:59:59.999,630450538.37571,78192,152729.716,305682577.26246,0,20.879569977919942,-253.8601163447429,-221.66193341311862,-32.198182931624274,3147.0186439828663,2419.8195,1692.6203560171339,283.4971428571429,318389.28130000003,-28.922535289726703,2046.054,86.85724627225963
2022-05-19,1913.94,2045.0,1730.0,2019.01,332212.486,2022-05-19 23:59:59.999,654461267.56473,79122,166564.058,328133518.15210,0,28.250325540277387,-248.4191677308727,-227.0133802766694,-21.405787454203278,3102.8287142941217,2379.8949999999995,1656.9612857058771,284.30285714285714,323725.81185,-23.395835546584507,2038.634,87.3666093539172
2022-05-20,2019.15,2084.5,1900.0,1959.09,291936.016,2022-05-20 23:59:59.999,582560431.09899,73437,143773.442,286929200.62534,0,28.159831380394394,-246.10527087478522,-230.83175839629257,-15.273512478492648,3068.3602608179835,2341.4965,1614.6327391820168,288.6685714285714,329990.95330000005,-22.24197946393487,2001.248,67.71009466837303
2022-05-21,1958.98,1992.8,1800.0,1975.14,189518.509,2022-05-21 23:59:59.999,373377513.28917,50662,95077.335,187322146.45021,0,29.844369850473,-240.20742848130067,-232.70689241329418,-7.5005360680064825,3005.8369802714874,2298.977,1592.1170197285123,294.26071428571424,329606.11600000004,-11.457287333237687,1991.7459999999999,67.28812993388992
2022-05-22,1974.62,2100.0,1965.5,2042.86,181167.897,2022-05-22 23:59:59.999,364039398.88874,48331,90488.832,181817146.24158,0,35.01273544857081,-227.44704056327646,-231.65492204329064,4.20788148001418,2922.56237055996,2258.326,1594.08962944004,292.4764285714286,326778.6507,-12.777685269391545,1982.002,50.69974230703812
2022-05-23,2042.69,2200.0,1935.82,1972.92,266009.979,2022-05-23 23:59:59.999,542538661.53620,65784,129907.623,264971559.47843,0,40.59974913217234,-220.43685517732956,-229.4113086700984,8.974453492768845,2845.5244511606106,2217.9075000000003,1590.2905488393897,270.8228571428572,330743.77770000004,-5.298324773196375,1993.804,35.466116646738314
2022-05-24,1972.92,2000.0,1910.0,1979.29,251755.081,2022-05-24 23:59:59.999,494210179.24774,62456,127018.805,249345740.69531,0,35.67208971726424,-211.92429564555368,-225.91390606518948,13.989610419635795,2705.0449408543595,2169.873,1634.7010591456406,259.02571428571434,333112.68415,1.0610106662718073,1985.86,32.75347233500693
2022-05-25,1979.06,2021.24,1911.4,1943.57,248951.132,2022-05-25 23:59:59.999,490778065.38232,61425,124709.600,245864191.81244,0,43.30211199417115,-205.68927809521188,-221.86898047119396,16.17970237598209,2598.954170324759,2129.689,1660.4238296752408,231.65714285714287,334493.99115,-3.2640668939601403,1982.7559999999999,36.45132686199604
2022-05-26,1943.1,1965.58,1645.83,1793.2,339483.07,2022-05-26 23:59:59.999,629283157.65736,83668,162395.212,301139728.26972,0,42.26561988265788,-210.4555820185774,-219.58630078067065,9.130718762093267,2495.5593128133214,2084.7135,1673.8676871866785,221.32785714285714,338195.4557,-12.786767244943123,1946.368,92.96213998182358
2022-05-27,1793.17,1850.0,1660.0,1725.43,445441.214,2022-05-27 23:59:59.999,784752200.00342,106889,219256.894,386252430.39545,0,36.93497881746177,-217.19766487320726,-219.108573599178,1.910908725970728,2390.415441878768,2039.203,1687.9905581212322,219.95071428571433,352133.2458,-19.598605791185538,1882.882,116.10164800725407
2022-05-28,1726.25,1808.63,1722.79,1792.33,241564.918,2022-05-28 23:59:59.999,427501003.45226,63709,119859.145,212081324.45918,0,38.072241214028594,-214.66798468983484,-218.22045581730936,3.5524711274745187,2289.300408856982,2002.846,1716.391591143018,203.77571428571432,351531.53905,-11.387041752156831,1846.764,108.95944695160861
2022-05-29,1792.16,1830.0,1760.0,1813.43,199329.512,2022-05-29 23:59:59.999,357806803.84121,51575,99859.282,179253163.39707,0,33.96275544154379,-208.5564919355893,-216.28766304096533,7.731171105376035,2259.1901136941515,1981.9814999999999,1704.772886305848,194.6042857142857,339526.45945,-13.298558984117264,1813.5919999999999,79.89798382938395
2022-05-30,1813.48,2050.0,1800.0,1999.15,297786.326,2022-05-30 23:59:59.999,569010734.70691,70270,152347.189,291065433.32730,0,48.931118550323845,-186.57630349435271,-210.3453911316428,23.769087637290085,2184.7453894403916,1964.8325,1744.9196105596081,190.59214285714285,331382.01735,4.453709944563747,1824.708,103.02234573140181
2022-05-31,1999.1,2050.0,1900.0,1941.97,289025.061,2022-05-31 23:59:59.999,568691894.22896,71631,142887.787,281157102.94823,0,43.12156906016386,-171.79049969161247,-202.63441284363677,30.8439131520243,2170.6199958600746,1957.766,1744.9120041399256,184.87785714285715,316494.87925000006,-3.815731472355261,1854.4620000000002,112.67823090553215
2022-06-01,1941.86,1980.0,1701.0,1817.92,333203.165,2022-06-01 23:59:59.999,629643430.36783,81468,160437.834,303375983.39500,0,45.35791316458879,-168.1441799127549,-195.73636625746042,27.59218634470551,2172.583049457574,1950.7365000000002,1728.8899505424263,188.2435714285714,300786.2167,-7.205896615265243,1872.9599999999998,91.87044628170901
2022-06-02,1817.92,2000.0,1783.86,1834.38,303349.893,2022-06-02 23:59:59.999,552191985.28328,73225,149508.340,272148210.00853,0,40.23400721486983,-162.05815529752954,-189.00072406547426,26.94256876794472,2167.888031521907,1941.998,1716.107968478093,181.18214285714288,293082.82479999994,-7.126583432060511,1881.3700000000001,84.25303347654823
2022-06-03,1834.34,1843.74,1724.0,1775.14,284195.907,2022-06-03 23:59:59.999,506375678.87208,69689,138223.518,246254676.72737,0,40.26297123619772,-160.1687835765631,-183.23433596769203,23.065552391128932,2158.850614261675,1927.9495,1697.0483857383247,176.55642857142857,290040.39485,-13.105156496284613,1873.712,93.233630037666
2022-06-04,1775.14,1816.93,1748.68,1804.63,209573.424,2022-06-04 23:59:59.999,371662760.03727,50544,100150.022,177657112.53062,0,41.10100936296358,-154.51074276402437,-177.48961732695852,22.978874562934152,2123.6677079946066,1910.8799999999999,1698.092292005393,167.66000000000003,285531.22215,-8.529996147841775,1834.8080000000002,63.71825460572877
2022-06-05,1804.55,1830.21,1755.0,1805.78,230719.941,2022-06-05 23:59:59.999,415314314.26822,54729,104985.179,189049103.40229,0,36.70271240437035,-148.22526072273536,-171.6367460061139,23.41148528337854,2110.9369446875044,1900.0365000000002,1689.136055312496,163.425,277799.4271,-8.766274775298212,1807.5700000000002,21.733908990343817
2022-06-06,1805.89,1987.0,1760.0,1859.66,289248.356,2022-06-06 23:59:59.999,542694500.65668,68454,146903.682,275514279.42768,0,43.53095727667352,-137.31344149321785,-164.7720851035347,27.45864361031684,2079.5740953254112,1888.4405000000002,1697.3069046745888,160.76928571428576,276975.98075,-4.317312985897079,1815.9180000000001,32.199577947552726
2022-06-07,1859.47,1988.0,1710.0,1813.63,405766.092,2022-06-07 23:59:59.999,724582586.38138,87871,229781.805,410893163.69428,0,40.948134548554194,-130.8713785263733,-157.99194378810242,27.120565261729126,2076.992675304514,1883.4265,1689.8603246954863,174.19785714285717,281511.89895,1.1393040374749088,1811.768,30.518552881821506
2022-06-08,1813.24,1946.0,1751.0,1792.03,380328.608,2022-06-08 23:59:59.999,685580880.84985,79965,185252.128,333736419.96083,0,41.58989499855707,-126.0558433360909,-151.6047236977001,25.548880361609207,2058.662766961999,1872.0775,1685.4922330380011,180.2807142857143,283917.70505000005,3.8599073854053723,1815.146,26.05979719799304
2022-06-09,1791.7,1897.0,1754.89,1788.45,245783.94,2022-06-09 23:59:59.999,442166225.18454,60887,122958.663,221223615.66094,0,49.685075913279846,-121.1320383341797,-145.51018662499604,24.37814829081634,2048.9799979512654,1863.5454999999997,1678.1110020487342,167.59214285714285,281610.10124999995,-0.2164779923339944,1811.9099999999999,28.575268152731965
2022-06-10,1788.01,1803.87,1630.0,1662.8,349894.423,2022-06-10 23:59:59.999,605628815.89499,89226,179651.118,310499064.57866,0,46.14361538366808,-125.91729580095489,-141.5916084601878,15.674312659232925,2045.9720286839613,1847.9285,1649.8849713160387,166.44,289628.89695,-8.306358668379817,1783.3139999999999,73.09880799302167
2022-06-11,1662.93,1700.0,1400.0,1531.44,531405.077,2022-06-11 23:59:59.999,834225290.95437,121855,332431.574,521253452.60782,0,35.117343038711226,-138.71033432561785,-141.01535363327383,2.305019307655982,2044.9688188471264,1822.3575,1599.7461811528738,181.73714285714283,307140.75595,-23.395443063301904,1717.67,119.83308120048017
2022-06-12,1531.71,1690.0,1340.78,1436.21,604351.174,2022-06-12 23:59:59.999,897038284.29459,139470,286967.042,424064811.29145,0,30.159264480023566,-154.74932062091239,-143.76214703080154,-10.987173590110842,2065.9711354919245,1795.5220000000002,1525.0728645080756,201.68142857142857,324057.81570000004,-26.043656699125112,1642.1860000000001,157.29121726911873
2022-06-13,1436.03,1509.94,1100.0,1209.56,994523.037,2022-06-13 23:59:59.999,1255801360.49624,210624,540280.315,679982610.96379,0,10.184055267006201,-183.63229442158672,-151.73617650895858,-31.896117912628142,2120.464944305669,1757.0355,1393.6060556943307,213.10571428571424,361196.2135,-33.46461890512234,1525.6919999999998,221.2577001371964
2022-06-14,1209.25,1326.0,1060.0,1210.34,745890.394,2022-06-14 23:59:59.999,890479156.71240,160911,378417.522,451892146.37676,0,10.88167673635246,-204.10650699522716,-162.21024260621232,-41.896264389014846,2147.0093312976833,1720.3740000000003,1293.7386687023172,221.39142857142855,386043.1766,-34.01912362760171,1410.07,199.61385372764565
2022-06-15,1210.22,1334.4,1000.0,1237.67,1569245.113,2022-06-15 23:59:59.999,1763900602.20298,174784,750605.774,844154342.49706,0,15.396634185322569,-215.64138574287244,-172.89647123354436,-42.74491450932808,2168.7339133090964,1692.5974999999999,1216.4610866909031,225.34857142857143,447531.27874999994,-30.277611906666518,1325.0439999999999,149.23552368656127
2022-06-16,1237.78,1350.0,1005.0,1068.13,836968.457,2022-06-16 23:59:59.999,946743912.19630,156614,501267.901,565159930.15187,0,11.359441659690773,-235.74579037419608,-185.46633506167473,-50.27945531252135,2211.119740059019,1659.7325,1108.3452599409811,234.55285714285714,467107.6409,-40.81168993089996,1232.382,131.8704188588269
2022-06-17,1068.38,1210.0,1005.0,1086.59,532170.495,2022-06-17 23:59:59.999,578934228.88678,117093,261360.544,284391854.81237,0,13.788352108379868,-247.33795025133122,-197.84065809960606,-49.49729215172516,2227.9683598634815,1624.4455000000003,1020.9226401365191,240.64285714285714,481637.91975000006,-39.82711072223638,1162.458,78.77476480448966
2022-06-18,1086.7,1148.0,820.0,995.28,839875.637,2022-06-18 23:59:59.999,830914798.49345,157325,310459.872,306989386.54603,0,10.034072391486845,-260.8854491784841,-210.4496163153817,-50.43583286310243,2241.574131677876,1583.538,925.5018683221242,259.19642857142856,513665.2260000001,-46.480539453448486,1119.6019999999999,101.69630755343478
2022-06-19,995.18,1168.0,864.66,1128.41,675841.247,2022-06-19 23:59:59.999,704692808.10530,141500,305794.919,315021292.86281,0,20.408377237818158,-257.9064761227489,-219.9409882768552,-37.96548784589373,2197.4768142086828,1540.001,882.5251857913173,275.49142857142857,532567.97205,-37.781686452032666,1103.216,89.26119974548209
2022-06-20,1128.41,1220.0,958.6,1128.8,657147.124,2022-06-20 23:59:59.999,729260670.57994,133871,366225.609,407051996.40671,0,16.50626924769027,-252.60230661642072,-226.47325194476832,-26.129054671652398,2152.7140848983076,1499.3425000000002,845.9709151016928,277.9485714285714,550974.0752000001,-37.00998309180092,1081.442,54.9462798559003
2022-06-21,1128.75,1300.0,1050.0,1125.94,527243.032,2022-06-21 23:59:59.999,602934531.58665,111516,223246.639,255888913.05826,0,17.18629219273383,-245.7961076323188,-230.33782308227845,-15.45828455004036,2120.3660679707223,1464.7435,809.1209320292777,275.9485714285714,560676.06855,-37.043808884788504,1093.0040000000001,57.46920505803857
2022-06-22,1125.75,1200.0,1043.94,1049.36,449458.561,2022-06-22 23:59:59.999,488801957.40732,124938,219822.360,239094212.91078,0,16.32950990615224,-243.7714661037462,-233.024551686572,-10.746914417174196,2081.933303468055,1425.4924999999998,769.0516965319447,273.16714285714284,567981.5019500001,-36.89198941544383,1085.558,60.82204139950343
2022-06-23,1049.36,1153.45,1045.88,1144.34,401322.822,2022-06-23 23:59:59.999,443451502.65548,135126,208424.412,230313591.81585,0,23.032865815365284,-231.83043402700582,-232.78572815465876,0.9552941276529339,2040.1953958663948,1393.9524999999999,747.7096041336048,270.7,573837.8477,-25.276863605495492,1115.3700000000001,37.61220679517253
2022-06-24,1144.08,1300.0,1040.0,1224.82,658969.731,2022-06-24 23:59:59.999,788204721.92305,131953,441731.664,530178530.58975,0,30.942145020364123,-213.41292537530126,-228.91116759878727,15.498242223486017,1985.128827117293,1364.962,744.795172882707,276.8521428571429,596307.66305,-14.718599647683842,1134.652,62.46798315939752
2022-06-25,1224.82,1300.0,1160.0,1241.5,380272.806,2022-06-25 23:59:59.999,462516245.24855,93841,185997.284,226263338.77578,0,35.985112142304715,-195.22059894441668,-222.17305386791315,26.952454923496475,1922.8833363245626,1336.748,750.6126636754375,265.42357142857145,603785.3063,2.6406296504514084,1157.192,78.18405668678699
2022-06-26,1241.62,1300.0,1170.0,1198.29,451626.373,2022-06-26 23:59:59.999,556542479.21017,101881,228067.297,280832315.31519,0,37.89063295262526,-182.1895671077384,-214.17635651587824,31.986789408139828,1837.9271556596016,1303.6795,769.4318443403984,249.76500000000001,611904.2071499999,-0.9955880165903758,1171.6619999999998,77.6473445779229
2022-06-27,1198.18,1260.0,1150.0,1191.56,474051.426,2022-06-27 23:59:59.999,573120543.40213,110439,213330.453,257481847.18260,0,48.819610209060144,-170.44070093825007,-205.42922540035258,34.988524462102504,1751.3728174891921,1272.576,793.7791825108079,228.3407142857143,615318.47385,-3.7255488134963377,1200.102,37.11611402076778
2022-06-28,1192.07,1240.0,1136.0,1143.88,442205.705,2022-06-28 23:59:59.999,527075148.66120,137416,201199.426,240136247.26187,0,45.89428684392608,-163.09693737640487,-196.96276779556305,33.865830419158186,1654.299332430231,1240.1685,826.0376675697688,216.76928571428576,618412.3287000001,7.091833391066629,1200.0099999999998,37.28905335353295
2022-06-29,1143.9,1213.0,1045.0,1099.4,515439.0,2022-06-29 23:59:59.999,580719958.99659,132001,202535.939,227308023.67424,0,41.635309917605355,-159.03288399287544,-189.37679103502555,30.343907042150107,1533.4223247159387,1205.716,878.0096752840611,204.88357142857143,631895.0817,1.1789175309914661,1174.926,54.5955463385308
2022-06-30,1099.39,1128.0,1000.0,1070.72,592837.43,2022-06-30 23:59:59.999,619949546.00380,147170,339607.733,356164798.51938,0,50.18887187340479,-156.32431925838614,-182.7662966796977,26.44197742131155,1428.2103593004622,1176.112,924.013640699538,189.38357142857143,644042.23205,7.579776545293793,1140.77,55.93819357114345
2022-07-01,1070.66,1115.0,1028.05,1058.15,519053.167,2022-07-01 23:59:59.999,553352029.01682,122019,225048.266,240082524.84738,0,47.9080852065435,-153.42348569288538,-176.89773448233524,23.47424878944986,1346.211541405994,1152.4475,958.6834585940059,180.95142857142855,643424.6365499999,-6.226460240515414,1112.742,55.01362576673852
2022-07-02,1059.19,1122.0,1020.0,1066.63,400580.321,2022-07-02 23:59:59.999,422709018.84865,90793,168855.636,178380841.24328,0,55.97641264469872,-148.7258698167525,-171.2633615492187,22.537491732466208,1277.8620358296607,1133.9685,990.0749641703391,164.8085714285714,633236.0939,-5.507618710134643,1087.7559999999999,34.994765751506314
2022-07-03,1067.07,1100.0,1040.0,1074.18,428191.399,2022-07-03 23:59:59.999,454293104.42464,94203,288822.318,306247896.61496,0,44.24737456242706,-142.74824062992275,-165.56033736535952,22.812096735436768,1268.8399740657192,1127.1995000000002,985.5590259342813,147.42714285714285,604919.512,-4.597047800060393,1073.816,15.502587848576148
2022-07-04,1074.19,1165.0,1039.81,1150.66,433418.508,2022-07-04 23:59:59.999,474830308.43342,95398,222489.689,243966876.31018,0,51.996565833698675,-130.33718370755219,-158.51570663379806,28.178522926245876,1260.909226567956,1124.2155,987.5217734320439,137.69785714285715,589295.9177,9.653503087596267,1084.068,37.70365592356794
2022-07-05,1150.9,1196.32,1070.0,1132.94,658503.135,2022-07-05 23:59:59.999,739502050.52134,131660,356266.336,398178825.72103,0,50.622443535479285,-120.54165837798564,-150.92089698263558,30.37923860464994,1244.9784614687032,1118.9789999999998,992.9795385312963,128.86357142857142,543758.8188,-0.9962074208714076,1096.5120000000002,42.19686090223743
2022-07-06,1132.96,1207.4,1110.0,1186.67,621475.796,2022-07-06 23:59:59.999,707196307.20929,124109,311910.018,355797476.49811,0,62.726851422745405,-107.20725355289164,-142.1781682966868,34.97091474379516,1251.981791292082,1124.906,997.8302087079177,124.67357142857144,532984.18575,-3.114743390865586,1122.2160000000001,51.17529706804567
2022-07-07,1186.45,1265.0,1163.25,1238.1,419304.918,2022-07-07 23:59:59.999,504055875.82225,85070,236614.413,284233059.69111,0,59.453518854607786,-91.43565715363593,-132.02966606807664,40.59400891444071,1267.740488419619,1132.4814999999999,997.2225115803807,124.25785714285715,527340.9069,-0.2738622633910665,1156.51,61.103498263214426
2022-07-08,1238.04,1310.0,1163.0,1234.0,130932.738,2022-07-08 23:59:59.999,162715607.43636,35020,57315.036,71451512.07349,0,51.094107551487426,-78.36405704311596,-121.2965442630845,42.932487219968536,1270.519892459813,1144.4175,1018.315107540187,116.18642857142858,491893.7619499999,2.9800799472581794,1188.474,47.572404606058974
2022-07-09,1231.53,1234.0,1184.75,1217.28,26696.611,2022-07-09 23:59:59.999,32337360.50004,10598,17868.225,21725463.23943,0,47.113642863952705,-68.56352638788485,-110.74994068804457,42.186414300159726,1278.7933091616899,1148.861,1018.9286908383103,109.70428571428572,459436.53015,2.158514888045925,1201.798,43.4878629045226
2022-07-10,1217.28,1220.0,1050.44,1151.8,60512.705,2022-07-10 23:59:59.999,68634691.33492,11437,15317.079,17732752.00914,0,44.73892673652762,-65.32717299508681,-101.66538714945303,36.33821415436621,1279.602396383867,1150.011,1020.4196036161329,112.53,429604.8092,0.692380319613932,1205.57,36.23538601978109
2022-07-11,1151.8,1151.89,1000.0,1111.0,58430.912,2022-07-11 23:59:59.999,62719871.51629,12723,21388.698,23534715.34893,0,41.53603698255937,-65.30180012322057,-94.39266974420654,29.09086962098597,1279.6096558373463,1149.2640000000001,1018.918344162654,115.52214285714287,406164.2032,1.0551209750773065,1190.436,56.331824752998884
2022-07-12,1111.11,1113.4,1000.0,1038.73,333130.616,2022-07-12 23:59:59.999,355307334.48193,71114,181981.228,194747030.88591,0,39.49529461128094,-70.3028692252476,-89.57470964041477,19.271840415167162,1280.8678043181376,1148.7325,1016.5971956818626,116.19357142857145,400347.80595,-2.9877092050209213,1150.5620000000001,79.82210232763019
2022-07-13,1038.62,1117.44,1010.0,1115.93,411033.783,2022-07-13 23:59:59.999,437349994.03270,82187,200095.027,213273739.35312,0,51.5500459481255,-67.26150891411817,-85.11206949515545,17.850560581037286,1280.2544981509495,1147.3120000000001,1014.3695018490508,111.86785714285716,400833.354,5.46047346784482,1126.9479999999999,65.06850751325645
2022-07-14,1115.58,1216.91,1073.7,1193.61,395175.598,2022-07-14 23:59:59.999,444907528.08457,95712,204831.289,231017228.51459,0,60.55375208258189,-57.915468695221534,-79.67274933516867,21.75728063994714,1275.5589879475244,1145.7515,1015.9440120524757,112.95428571428575,387643.64735,11.90478422695778,1122.214,57.24408467259059
2022-07-15,1193.48,1391.0,1170.0,1231.93,653083.692,2022-07-15 23:59:59.999,795683360.67124,116531,327382.794,398795992.83543,0,64.29205868807159,-46.87620107997304,-73.11343968412955,26.237238604156502,1273.6571300402588,1145.2730000000001,1016.8888699597416,122.52928571428573,401284.19165000005,14.68562065947979,1138.2400000000002,75.80509019849985
2022-07-16,1231.26,1449.41,1191.6,1355.77,829813.034,2022-07-16 23:59:59.999,1057817984.00531,130934,408050.337,514828117.07193,0,69.98700436874412,-27.814026172814238,-64.05355698186648,36.23953080905224,1311.1276718487215,1153.1470000000002,995.1663281512789,133.65857142857146,420193.52470000007,17.825421931760893,1187.194,119.97964360674945
2022-07-17,1355.86,1402.37,1320.0,1338.47,373167.16,2022-07-17 23:59:59.999,504955466.83228,81626,174670.907,236417761.29727,0,68.02624578826033,-13.94236177148855,-54.03131793979089,40.08895616830234,1338.3983997716578,1160.4924999999998,982.5866002283419,135.2564285714286,415149.31139999995,18.14129609688068,1247.142,100.56653876912794
2022-07-18,1338.48,1623.24,1336.71,1580.62,790878.554,2022-07-18 23:59:59.999,1161612443.36249,142156,450645.221,664699320.31464,0,73.92015488350357,16.401447764662635,-39.94476479890018,56.346212563562815,1440.6780887810173,1182.3295,923.9809112189828,146.7807142857143,432582.95385,33.197940455223424,1340.0800000000002,151.04481387986266
2022-07-19,1582.06,1670.0,1470.0,1543.42,545146.851,2022-07-19 23:59:59.999,844017972.51841,114709,235226.482,363690950.04079,0,72.35194180044,37.02065526513934,-24.551680786092273,61.572336051231616,1505.6460845551446,1204.5305,903.4149154448555,152.04357142857148,434068.3464,24.66036669089736,1410.042,147.20600419141283
2022-07-20,1542.46,1670.0,1341.49,1522.01,714423.922,2022-07-20 23:59:59.999,1116801643.30929,130774,369319.140,578993374.66689,0,68.92651540805961,51.04549698085816,-9.432245232702185,60.47774221356035,1552.6359028547122,1227.0949999999998,901.5540971452875,168.5514285714286,440147.671,23.339546191247972,1468.0580000000002,112.54121231798678
2022-07-21,1521.75,1604.63,1460.0,1574.83,404863.04,2022-07-21 23:59:59.999,617967707.82890,93920,205581.765,314161416.85046,0,68.97519413044215,65.6654670151404,5.587297216866336,60.07816979827406,1603.0927161098843,1252.929,902.7652838901159,171.61428571428573,434438.16465,29.372864090431122,1511.8700000000001,99.8202211478322
2022-07-22,1574.98,1687.38,1473.0,1535.4,449730.557,2022-07-22 23:59:59.999,713066877.41803,99649,257391.707,408369834.41714,0,66.33391862305176,73.22612197947797,19.115062169388665,54.1110598100893,1636.6348761978957,1276.3674999999998,916.1001238021039,176.42714285714288,436895.67644999997,33.30439312380623,1551.2559999999999,25.426964624234902
2022-07-23,1535.22,1601.82,1490.0,1549.18,359698.474,2022-07-23 23:59:59.999,553685441.76378,80449,176111.727,271553394.47548,0,68.04431976339598,79.41448558860384,31.174946853231706,48.239538735372136,1666.832760593989,1300.1174999999998,933.4022394060106,180.89642857142857,433471.03020000004,39.44014401440145,1544.968,19.5607558647947
2022-07-24,1548.93,1667.82,1490.0,1597.96,405924.042,2022-07-24 23:59:59.999,648279617.00635,83368,211611.646,338121903.02632,0,74.70486610999139,87.24919228031376,42.38979593864813,44.85939634166564,1705.03600837964,1322.4825,939.9289916203602,181.4864285714286,432096.3069,53.83785969404946,1555.876,30.58319031759261
2022-07-25,1598.0,1609.22,1437.27,1437.42,476549.88,2022-07-25 23:59:59.999,724529723.83878,95840,223579.585,340056069.54692,0,65.95842459324157,79.58659277880474,49.82915530667945,29.75743747212529,1712.6585680256742,1337.7065,962.7544319743258,182.9192857142857,422998.64414999995,28.809154696083088,1538.958,61.63430554490015
2022-07-26,1437.77,1462.39,1250.0,1448.82,553977.991,2022-07-26 23:59:59.999,774081719.77297,102504,275231.033,384688814.60363,0,71.31777304153455,73.5855636212275,54.58043696958907,19.00512665163842,1721.842742730964,1350.8139999999999,979.7852572690358,189.99000000000004,419623.7539,21.38135571920477,1513.756,68.66131574622021
2022-07-27,1448.8,1641.3,1382.33,1636.01,574246.082,2022-07-27 23:59:59.999,861315950.09927,107772,280874.139,424530047.69383,0,74.26108374384238,82.97785627996541,60.25992083166434,22.71793544830107,1758.5813594409824,1370.7095000000002,982.8376405590178,200.81357142857146,427370.81210000004,32.800564967165336,1533.8780000000002,88.47401946335498
2022-07-28,1636.22,1820.0,1596.36,1725.11,514148.059,2022-07-28 23:59:59.999,860422378.65225,106532,260047.299,436257060.03218,0,74.53242988756163,96.49856583618566,67.5076498325686,28.99091600361706,1808.0762930165502,1395.265,982.4537069834502,206.55857142857144,446531.57814999996,27.24208383427867,1569.0639999999999,123.95146441249518
2022-07-29,1725.1,1900.0,1573.0,1720.6,565665.629,2022-07-29 23:59:59.999,964250080.66496,114130,283540.347,483863395.30141,0,73.28219543570444,105.63224351318149,75.13256856869118,30.49967494449031,1848.6366019150973,1420.431,992.2253980849027,214.13000000000005,473480.02905,28.549762041734212,1593.5919999999999,141.92949718082573
2022-07-30,1721.18,1800.0,1646.62,1696.88,355457.195,2022-07-30 23:59:59.999,607941667.83195,80328,175214.662,299858424.02195,0,67.96582853170133,109.69227880508174,82.0445106159693,27.64776818911244,1873.278332778083,1447.685,1022.0916672219167,206.6707142857143,488227.25355,7.355341574825084,1645.484,115.53219001647099
2022-07-31,1696.6,1760.0,1657.22,1679.5,441034.036,2022-07-31 23:59:59.999,751814983.57050,88784,195501.152,333363642.21907,0,67.96010153674388,110.23672493121808,87.68295347901906,22.553771452199015,1882.5289686309593,1476.1100000000001,1069.691031369041,208.12857142857143,507357.40975,8.816783506757716,1691.6200000000001,36.154026746710834
2022-08-01,1679.5,1705.0,1606.29,1630.1,461044.07,2022-08-01 23:59:59.999,767599497.84873,96173,258102.893,430589308.31307,0,53.26963233156239,105.46628557404802,91.23961989802486,14.22666567602316,1860.9437167649598,1505.6785,1150.4132832350401,194.7128571428572,513753.08245,7.101793023698918,1690.4379999999996,38.45031625360039
2022-08-02,1630.11,1686.98,1550.0,1630.77,534569.658,2022-08-02 23:59:59.999,862051431.13750,104578,273399.147,442150678.17498,0,56.06487717495452,100.5803141622207,93.10775875086404,7.472555411356666,1839.2155468102922,1531.4205,1223.6254531897077,190.21142857142863,519929.8762,3.5521294361931166,1671.5700000000002,40.285924340914846
2022-08-03,1630.53,1720.0,1560.0,1618.3,518844.976,2022-08-03 23:59:59.999,853488139.41267,104127,214545.302,352431224.37934,0,56.769639618104875,94.61130164151064,93.40846732899337,1.2028343125172682,1817.9923385352145,1552.655,1287.3176614647855,178.17500000000004,526113.3451,5.399244496548121,1651.11,34.75815300043941
2022-08-04,1618.3,1674.2,1558.1,1607.48,496132.392,2022-08-04 23:59:59.999,804344351.23572,99245,285503.141,463760338.63332,0,52.43951643031128,87.9933995057429,92.32545376434328,-4.33205425860038,1790.2849642067642,1571.4325,1352.5800357932355,176.1371428571429,518265.7801,3.763281219742054,1633.23,27.58046772630924
2022-08-05,1607.6,1752.32,1581.4,1736.64,551960.241,2022-08-05 23:59:59.999,924816980.72685,102792,256577.982,430279608.69122,0,63.25831444684552,92.10902148086166,92.28216730764697,-0.17314582678531565,1796.2034699461076,1590.4759999999999,1384.7485300538922,173.03285714285715,504373.14045,8.678565170592508,1644.658,52.3030784945014
2022-08-06,1736.64,1750.0,1686.0,1690.39,301588.619,2022-08-06 23:59:59.999,518118727.44664,68453,124555.562,214099762.19178,0,58.92164419565575,90.59437748558958,91.9446093432355,-1.3502318576459231,1780.5593209799742,1608.0720000000001,1435.584679020026,169.61714285714288,500794.21340000007,17.598892460102128,1656.716,54.98852543942197
2022-08-07,1690.39,1731.66,1651.69,1700.23,304628.12,2022-08-07 23:59:59.999,516024922.77677,67019,158179.682,267983546.76592,0,56.795800385407674,89.16023330112125,91.38773413481266,-2.2275008336914084,1790.774444888474,1614.0525000000002,1437.3305551115266,162.62785714285718,476481.6917,17.352742231609177,1670.6079999999997,55.5659218406564
2022-08-08,1700.39,1891.06,1670.0,1777.3,479599.941,2022-08-08 23:59:59.999,844944158.76754,92085,222078.445,390720923.27482,0,75.4028521032019,93.16857921395854,91.74390315064184,1.4246760633166957,1813.4031691731611,1625.7465,1438.0898308268388,166.1357142857143,473204.3461999999,8.636255279613202,1702.4080000000001,63.129119033944086
2022-08-09,1777.31,1790.56,1670.0,1702.79,443172.93,2022-08-09 23:59:59.999,765254486.09427,90318,255652.977,440901095.21411,0,67.34554494665957,89.30345331575609,91.2558131836647,-1.952359867908612,1818.7830629670061,1634.7855000000002,1450.7879370329943,159.57642857142858,459641.7966,-1.2938305383424789,1721.47,35.753196360631236
2022-08-10,1702.78,1895.0,1620.0,1854.08,545872.043,2022-08-10 23:59:59.999,975333862.75957,101989,253181.993,452861204.39734,0,65.66167281920166,97.32623554833299,92.46989765659836,4.856337891734626,1854.6647576931289,1648.748,1442.8312423068712,160.7214285714286,466692.24675000005,7.757758921306522,1744.958,70.19618344327422
2022-08-11,1853.98,1950.0,1815.17,1880.5,537059.543,2022-08-11 23:59:59.999,1014129739.20327,99016,280750.290,529725102.46881,0,62.264210509699936,104.61033860123302,94.89798584552531,9.712352755707713,1889.051093761033,1666.003,1442.954906238967,154.37785714285715,471058.69605,10.82103625477346,1782.98,83.47996975323927
2022-08-12,1880.31,2013.0,1853.88,1958.01,519014.009,2022-08-12 23:59:59.999,985727388.23619,93699,271749.817,514485898.92282,0,66.80160224200648,115.30825023839884,98.98003872410003,16.328211514298815,1937.580036438017,1686.4445,1435.308963561983,142.38642857142855,479024.4728,16.582911580827627,1834.536,97.94571726217359
2022-08-13,1958.09,2030.0,1945.87,1983.49,370842.712,2022-08-13 23:59:59.999,736559715.64410,74210,191185.493,379876761.83020,0,70.2331031951092,124.40834339822413,104.06569965892486,20.342643739299277,1985.778466726706,1705.721,1425.663533273294,137.44,477270.40630000003,21.67903809582235,1875.7740000000001,110.43315321950003
2022-08-14,1983.65,2035.0,1907.26,1935.72,327066.256,2022-08-14 23:59:59.999,644409281.19210,70869,148741.252,293149256.81178,0,67.34356808274444,126.3095748671401,108.51447470056792,17.795100166572183,1998.591945349844,1730.636,1462.6800546501559,139.22285714285712,469796.22510000004,18.699755330304093,1922.36,53.85328912890538
2022-08-15,1935.73,2036.09,1850.02,1900.22,491922.457,2022-08-15 23:59:59.999,943815166.88112,93962,236596.756,453983143.90503,0,68.6351343893151,123.5278094957473,111.5171416596038,12.010667836143512,1996.0844505530838,1753.2060000000001,1510.3275494469165,145.46285714285713,466693.4484,17.420750169931416,1931.5879999999997,41.84181007080666
2022-08-16,1899.0,1928.38,1840.0,1876.72,374322.161,2022-08-16 23:59:59.999,705322659.25174,80020,172184.687,324830345.14365,0,66.44952447196994,118.06599549283806,112.82691242625064,5.239083066587412,2007.5227475548852,1765.2415,1522.960252445115,141.99142857142857,456697.2523499999,16.749197501679646,1930.8319999999999,43.01338245245841
2022-08-17,1876.82,2079.0,1806.63,1833.84,676827.859,2022-08-17 23:59:59.999,1263271512.46879,121030,341948.454,636669599.29982,0,63.85218508997429,109.02068827745211,112.06566759649094,-3.0449793190388306,2014.0447668007846,1770.6779999999999,1527.3112331992152,150.01785714285714,464831.2423500001,5.597014925373124,1905.998,56.97756330347508
2022-08-18,1834.02,1950.0,1771.0,1846.98,420452.03,2022-08-18 23:59:59.999,780150952.61311,90426,171942.415,319483564.16669,0,65.3462681976625,101.73971324213267,110.0004767256193,-8.260763483486627,2021.4494123400245,1776.997,1532.5445876599756,154.51071428571427,457570.5624,9.263542732742144,1878.696,41.03927728410382
2022-08-19,1846.79,1878.0,1570.0,1610.24,584284.973,2022-08-19 23:59:59.999,1003723510.18969,111340,261264.249,448412144.84618,0,42.88208131546345,75.99057652749707,103.19849668599485,-27.207920158497785,2026.0045902318807,1772.6650000000002,1519.3254097681197,164.30214285714283,469011.9513,-5.292813325255995,1813.6,116.58294300626352
2022-08-20,1609.27,1678.0,1500.0,1575.86,597032.225,2022-08-20 23:59:59.999,963844944.45294,107050,319039.260,515198937.89941,0,43.463123409015665,52.20819788785229,93.00043692636635,-40.792239038514055,2032.8030376187498,1767.4830000000002,1502.1629623812505,172.44499999999996,476811.86075,-11.334046024869187,1748.7279999999998,143.4762451418416
2022-08-21,1576.12,1665.1,1563.48,1617.75,507250.956,2022-08-21 23:59:59.999,814557759.25288,95093,344897.712,553235465.71880,0,45.45854990749714,36.32196735344496,81.66474301178208,-45.34277565833712,2033.585612593735,1766.8654999999999,1500.1453874062647,173.99142857142851,479122.20505,-4.9941566487940365,1696.934,132.00560965353677
2022-08-22,1618.0,1640.0,1530.05,1625.31,549414.612,2022-08-22 23:59:59.999,869079444.46737,119728,309263.621,490116506.29638,0,40.937548445568055,24.064641808162833,70.14472277105823,-46.080080962895394,2033.9096471746502,1766.5925,1499.2753528253497,166.055,479864.45275,-12.338734035208835,1655.2279999999998,108.84819277324726
2022-08-23,1625.42,1694.0,1551.0,1664.08,728658.787,2022-08-23 23:59:59.999,1178977503.78772,132345,379721.164,613994374.97310,0,47.58915336995379,17.27984667344822,59.57174755153623,-42.29190087808801,2031.5964859506828,1768.8815,1506.1665140493171,167.65785714285715,490355.1433,-11.508641318798196,1618.648,31.665291250864293
2022-08-24,1665.5,1692.9,1538.0,1656.61,440819.862,2022-08-24 23:59:59.999,726811880.70879,92242,201300.295,332761107.90530,0,35.017678032199825,11.171305224100934,49.89165908604917,-38.72035386194823,2028.5599135788648,1771.3380000000002,1514.1160864211356,159.07928571428573,487589.51680000004,-15.393179810113333,1627.922,35.18219109154586
2022-08-25,1656.44,1728.0,1654.67,1695.48,369141.435,2022-08-25 23:59:59.999,626352683.03943,80330,194632.771,330495855.97798,0,36.22255979507344,9.358843345030891,41.78509593784551,-32.42625259281462,2028.3230013478033,1769.28,1510.2369986521967,154.68642857142854,478448.57649999997,-14.52036561817806,1651.846,31.39661175990199
2022-08-26,1695.36,1712.0,1470.52,1508.34,691532.746,2022-08-26 23:59:59.999,1117603449.37793,121599,338747.730,545727583.56764,0,21.21522487805504,-7.096377138537491,32.008801322568914,-39.105178461106405,2042.6289881400712,1760.1775000000002,1477.7260118599293,160.56928571428574,497945.78284999996,-22.078606410017983,1629.964,72.42291439870425
2022-08-27,1508.32,1543.0,1448.0,1491.5,618737.384,2022-08-27 23:59:59.999,923607027.36951,112804,205385.320,306077181.38431,0,18.153925820441472,-21.251135327683187,21.35681399251849,-42.607949320201676,2055.945262949309,1749.741,1443.5367370506908,161.3457142857143,513651.24605,-21.50908842134069,1603.202,95.59015440934319
2022-08-28,1491.09,1530.0,1420.0,1427.25,426724.861,2022-08-28 23:59:59.999,632705819.35056,86765,231950.475,344172103.77848,0,17.774707515242184,-37.22422353447746,9.640606487119298,-46.86483002159676,2070.182496311616,1732.2385000000002,1394.294503688384,160.07857142857145,511007.49205,-23.949763417025448,1555.836,114.65731128018888
2022-08-29,1427.05,1560.0,1421.0,1552.0,587758.611,2022-08-29 23:59:59.999,869861610.29443,120960,237713.588,354913249.75416,0,30.173768475711142,-39.36297670522663,-0.16011015134989043,-39.20286655387674,2072.0077534561656,1724.699,1377.3902465438343,156.71642857142857,518236.7761,-15.368843519609122,1534.914,100.31931708301327
2022-08-30,1552.0,1725.0,1460.0,1524.33,577426.588,2022-08-30 23:59:59.999,894830980.80375,112870,281110.934,437197949.70026,0,30.031166770555913,-42.79735053739432,-8.68755822855878,-34.109792308835544,2060.9250556031584,1708.2115000000001,1355.497944396842,169.33214285714283,519814.50335,-17.46905759672547,1500.684,46.71182323568832
2022-08-31,1524.32,1748.0,1426.0,1554.4,525227.76,2022-08-31 23:59:59.999,827895615.79239,114319,268906.314,424223643.92183,0,33.93173402028661,-42.601633733227345,-15.470373329492498,-27.13126040373485,2041.2186476196357,1691.9064999999998,1342.594352380364,172.87714285714284,519222.9142,-3.467806041335448,1509.896,52.750514973810304
2022-09-01,1554.25,1614.0,1476.92,1585.38,514102.328,2022-09-01 23:59:59.999,800785986.45463,106221,256302.477,399184456.41306,0,35.25997881403684,-39.49146662200428,-20.274591987994857,-19.216874634009425,2001.9675630912318,1673.275,1344.5824369087684,169.88285714285712,518977.33015,0.6041145787062435,1528.672,60.677833432005194
2022-09-02,1585.39,1735.0,1520.0,1575.35,426817.088,2022-09-02 23:59:59.999,681365183.99389,104048,221287.628,353427194.36027,0,47.35949869072305,-37.40479476420569,-23.700632543237028,-13.704162220968662,1949.5909263380909,1652.868,1356.145073661909,163.23999999999998,521776.04895,-2.6209241230103593,1558.2920000000001,23.626729989614127
2022-09-03,1575.36,1719.72,1533.0,1557.39,300976.837,2022-09-03 23:59:59.999,468573023.16577,69945,146839.928,228526804.19348,0,48.566550252231295,-36.77637898080843,-26.315781830751312,-10.460597150057119,1901.5590156109804,1633.9515,1366.3439843890194,163.86285714285714,520471.57800000004,-4.178895103088017,1559.3700000000001,23.389652626794835
2022-09-04,1557.39,1590.0,1538.0,1579.21,237746.995,2022-09-04 23:59:59.999,370831721.62294,62298,113548.444,177155121.05062,0,46.91274952737992,-34.12429961802923,-27.8774853882069,-6.246814229822327,1855.0377862779142,1617.9009999999998,1380.7642137220855,160.31857142857143,507762.8049,-5.100115379068307,1570.346,13.709162264781826
2022-09-05,1579.21,1653.09,1540.0,1617.43,319520.808,2022-09-05 23:59:59.999,505938116.98861,75211,158939.351,251728111.43518,0,49.39832630871665,-28.60868986532364,-28.023726283630253,-0.5849635816933869,1808.4644342288907,1604.9365,1401.4085657711094,160.54285714285717,505022.73725000006,-2.3650708374330613,1582.952,21.90796932630013
2022-09-06,1617.5,1700.0,1550.0,1558.46,449338.277,2022-09-06 23:59:59.999,733507524.13780,108922,219403.874,358607083.00747,0,42.17675989570989,-28.66547778125414,-28.15207658315503,-0.5134011980991104,1764.5145753777094,1591.1675,1417.8204246222906,161.04285714285717,493648.25815,-8.081487248448816,1577.568,24.335478626937096
2022-09-07,1559.08,1669.0,1478.88,1630.0,484579.065,2022-09-07 23:59:59.999,749841250.98056,107892,249600.473,386839244.80696,0,48.19986199618461,-22.6764030399861,-27.056941874521247,4.380538834535148,1707.1815861283326,1580.3185,1453.4554138716676,163.5585714285714,496854.60990000004,8.065820703554907,1588.498,33.599600741706716
2022-09-08,1630.49,1800.0,1511.0,1635.27,407237.65,2022-09-08 23:59:59.999,663313298.87920,104798,206175.549,336415004.29850,0,45.73287409108304,-17.305288606924933,-25.106611221001984,7.801322614077051,1710.1580395514643,1581.57,1452.9819604485356,178.9635714285714,488002.24375,9.639289306067717,1604.074,33.62508780660775
2022-09-09,1635.18,1750.0,1602.0,1718.09,415825.575,2022-09-09 23:59:59.999,707433372.39718,102981,202556.466,344806924.22840,0,67.44456827292535,-6.293215605614023,-21.343932097924394,15.050716492310372,1730.9446633014375,1588.6815,1446.4183366985624,172.2864285714286,478941.91125,20.377649325626198,1631.85,57.11060540742008
2022-09-10,1718.34,1899.0,1707.34,1774.34,256431.95,2022-09-10 23:59:59.999,444825607.37329,65554,134874.697,234123960.68991,0,72.07617858257882,6.89337396061137,-15.696470886217242,22.589844846828612,1761.0085864673536,1596.511,1432.0134135326464,179.19071428571428,466400.9609499999,14.326030927835046,1663.232,83.99077193359985
2022-09-11,1774.17,1796.73,1710.0,1766.77,260845.127,2022-09-11 23:59:59.999,459708860.07696,71664,138106.663,243429025.82421,0,79.07247568160022,16.542315940306707,-9.248713520912451,25.79102946121916,1784.6281143563042,1603.584,1422.539885643696,177.52857142857144,451972.48669999995,15.904692553449717,1704.8939999999998,69.43006070861465
2022-09-12,1766.31,1788.0,1661.0,1716.55,406868.458,2022-09-12 23:59:59.999,706415321.02446,99367,185293.910,321683832.83420,0,66.15167160721646,19.907358050512812,-3.4174992066273973,23.32485725714021,1792.390494290721,1606.2075,1420.0245057092789,176.67142857142855,435882.9702500001,10.431677817807506,1722.2040000000002,55.47680578405616
2022-09-13,1716.54,1770.0,1557.34,1574.4,556079.559,2022-09-13 23:59:59.999,916191779.14216,124006,231911.548,382647312.97060,0,54.01285524227805,10.977321435637123,-0.5385350781744924,11.515856513811615,1787.2216469527336,1602.097,1416.9723530472663,172.9328571428571,441645.9551,-0.6925784354539616,1710.03,80.4023858476967
2022-09-14,1574.39,1649.0,1550.0,1638.31,464981.044,2022-09-14 23:59:59.999,743547383.08086,108231,242316.050,387845058.14437,0,56.37895120949962,8.953989940298243,1.3599699255200552,7.594020014778188,1780.0061421059145,1599.2385,1418.4708578940854,157.0042857142857,446437.93554999994,3.9965721903069182,1694.074,86.11620016002753
2022-09-15,1638.72,1660.0,1426.0,1476.11,683579.83,2022-09-15 23:59:59.999,1061761549.86593,141855,321024.832,498970143.89629,0,43.074797510552244,-5.672312398466602,-0.04648653927727652,-5.625825859189325,1782.3382219082741,1597.627,1412.9157780917258,163.92714285714283,446040.28975,-5.218988178940419,1634.4279999999999,115.04504300491186
2022-09-16,1475.0,1551.0,1425.19,1470.0,348434.664,2022-09-16 23:59:59.999,512580938.95247,75074,203958.179,301194153.17381,0,43.28989439624973,-17.554431753347217,-3.548075582091266,-14.00635617125595,1784.0924333215282,1596.552,1409.0115666784716,157.55642857142857,432525.15374999994,-6.915483057984691,1575.0739999999998,105.88805801412215
2022-09-17,1464.13,1479.0,1380.0,1468.9,309803.732,2022-09-17 23:59:59.999,447713848.19279,67074,123416.382,179021421.01099,0,44.240057280479064,-26.751483307699345,-8.188757127212885,-18.56272618048646,1779.048845849551,1598.6345,1418.2201541504487,151.29071428571427,426679.0973,-9.183086748731009,1525.544,77.20181105390056
2022-09-18,1468.89,1484.0,1300.0,1353.0,339634.974,2022-09-18 23:59:59.999,474458411.05533,66597,144293.189,202248026.35888,0,36.882270391890785,-42.897874316742445,-15.1305805651188,-27.767293751623647,1799.3430303253756,1588.6844999999998,1378.025969674624,160.7192857142857,414272.91545000003,-13.18352732825995,1481.264,101.76125210512211
2022-09-19,1347.59,1490.0,1220.0,1375.67,677965.258,2022-09-19 23:59:59.999,904256906.20810,110449,388894.630,519821897.49294,0,35.723059479378264,-53.250882949865854,-22.754641042068215,-30.49624190779764,1811.088748437613,1581.2514999999999,1351.4142515623867,171.92714285714283,419299.84895,-15.603067484662573,1428.736,59.397185371045126
2022-09-20,1375.87,1393.0,1280.0,1323.35,533346.802,2022-09-20 23:59:59.999,720191203.07044,105274,246727.565,333627857.68760,0,36.005856933680924,-64.92904204471665,-31.18952124259791,-33.73952080211875,1826.8258329994362,1569.699,1312.572167000564,169.2842857142857,419705.80105,-19.07452591926716,1398.184,67.65148209760339
2022-09-21,1323.26,1390.0,1220.0,1245.82,705476.032,2022-09-21 23:59:59.999,930829860.94411,136151,322238.051,425590621.16638,0,27.294863005602693,-79.52339413270033,-40.8562958206184,-38.66709831208193,1847.564099177392,1552.721,1257.877900822608,167.84714285714284,429274.48624999996,-27.488082696482724,1353.348,81.10611610724825
2022-09-22,1245.6,1359.0,1235.91,1326.2,601610.867,2022-09-22 23:59:59.999,774690244.35845,108946,295052.010,380651460.97753,0,33.22332352653805,-83.63938629134668,-49.41291391476406,-34.22647237658262,1851.6694993521783,1540.2635,1228.8575006478218,155.99642857142857,438014.17520000006,-25.256715172965716,1324.808,49.05328602654946
2022-09-23,1326.07,1355.0,1262.51,1330.01,659020.891,2022-09-23 23:59:59.999,863758169.60795,124437,327213.464,429607907.88062,0,26.958153232318438,-85.60707944936007,-56.65174702168327,-28.9553324276768,1853.9704237938467,1528.8944999999999,1203.818576206153,152.03142857142856,455916.3778999999,-24.720818216293008,1320.21,46.77462827219988
2022-09-24,1331.71,1360.0,1300.6,1317.01,532056.463,2022-09-24 23:59:59.999,709159581.13649,92943,231495.758,308356765.42372,0,21.37644422747131,-87.21017717201767,-62.763433051750155,-24.44674412026751,1853.2297444922324,1515.7845000000002,1178.339255507768,142.58428571428573,470631.85130000004,-23.2757566048178,1308.4779999999998,35.34718050994307
2022-09-25,1317.0,1363.0,1271.0,1294.67,414121.274,2022-09-25 23:59:59.999,543207729.53287,82852,176933.962,232132688.54876,0,20.988397817216452,-89.25442550545836,-68.0616315424918,-21.19279396296656,1847.3397269913876,1499.6465,1151.9532730086125,142.9607142857143,475361.87460000004,-17.76740345528455,1302.7419999999997,34.650644582785326
2022-09-26,1294.76,1340.0,1277.2,1336.21,601011.659,2022-09-26 23:59:59.999,790124241.34622,118057,344796.892,454302774.45713,0,26.375223613595708,-86.52516792620418,-71.75433881923428,-14.770829106969899,1842.4632120956271,1488.534,1134.604787904373,138.375,482945.5437,-18.439733627945866,1320.8200000000002,16.190978969860964
2022-09-27,1336.36,1420.0,1287.0,1329.0,679583.173,2022-09-27 23:59:59.999,923918107.98383,173302,322965.654,439036407.06663,0,31.687113817497973,-83.97597560141435,-74.1986661756703,-9.77730942574405,1827.6832843998523,1473.484,1119.2847156001476,132.685,492695.74909999996,-9.966059440014627,1321.3799999999999,16.469602302498963
2022-09-28,1329.0,1355.31,1255.0,1337.32,491617.719,2022-09-28 23:59:59.999,648244152.44091,155558,305916.362,405265674.99742,0,25.50656706215517,-80.35805026887351,-75.43054299431094,-4.927507274562572,1809.1795605655723,1458.5865,1107.9934394344275,132.7785714285714,496914.75255,-9.025850340136058,1322.842,17.705300618811208
2022-09-29,1337.51,1380.0,1280.0,1335.6,553109.387,2022-09-29 23:59:59.999,734289567.41400,142930,237338.793,314911228.42543,0,34.52362594999448,-76.74494010498529,-75.69342241644581,-1.0515176885394766,1771.7007472949272,1439.462,1107.2232527050728,123.20714285714284,503778.94315,-9.074817890938808,1326.56,18.121447238078737
2022-09-30,1335.91,1400.0,1302.0,1328.62,534503.694,2022-09-30 23:59:59.999,716122704.82146,117709,276102.896,370265820.50705,0,34.457587617079284,-73.5963786933321,-75.27401367182307,1.6776349784909712,1712.5888735674266,1417.176,1121.7631264325732,121.22071428571428,517682.53035,-1.8019216555802002,1333.35,4.192207056249298
2022-10-01,1329.0,1363.6,1305.0,1325.0,347973.557,2022-10-01 23:59:59.999,461606763.22763,73874,148415.390,197015147.12183,0,34.26772204486815,-70.57962683299434,-74.33513630405733,3.755509471062993,1642.6223147228782,1395.0875,1147.552685277122,118.335,522038.95185,-3.683296139335747,1331.1079999999997,5.164989835659742
2022-10-02,1325.0,1338.4,1281.01,1290.0,289542.782,2022-10-02 23:59:59.999,380182157.22398,44680,124330.916,164000940.17109,0,41.632132610774626,-70.20377136595903,-73.50886331643767,3.3050919504786407,1573.5794184755036,1373.76,1173.9405815244963,109.29142857142857,516172.66805,-2.5201193939622857,1323.3079999999998,19.28686392347072
2022-10-03,1289.99,1350.0,1270.0,1323.24,665021.581,2022-10-03 23:59:59.999,873672384.70706,94685,299283.166,393732835.66003,0,43.22627322291413,-66.45763079930703,-72.09861681301155,5.64098601370452,1538.1937295239745,1361.202,1184.2102704760255,95.72,521619.76914999995,6.214380889695146,1320.4919999999997,17.691464608745086
2022-10-04,1323.24,1398.0,1306.0,1361.5,477577.421,2022-10-04 23:59:59.999,643190430.83084,92801,251321.154,338736411.32291,0,55.114626625553036,-59.71318869382935,-69.62153118917512,9.908342495345764,1467.167395518291,1347.3615,1227.555604481709,94.22,522249.588,2.6617403106620383,1325.672,25.353471557214295
2022-10-05,1361.51,1400.0,1310.0,1352.23,452381.343,2022-10-05 23:59:59.999,607767549.80617,104337,242700.153,326036434.00041,0,67.46201056811844,-54.48807663177058,-66.5948402776942,12.106763645923621,1444.6430126633315,1341.1675,1237.6919873366685,88.50571428571428,510689.66365,1.6706641303448868,1330.394,28.090676033204844
2022-10-06,1352.22,1395.0,1315.0,1352.3,571983.454,2022-10-06 23:59:59.999,779867225.10562,87891,289381.565,394542244.92963,0,55.81602638381317,-49.76779707737387,-63.229431637630135,13.461634560256265,1419.5034727280254,1335.2825,1251.0615272719747,85.42785714285715,521867.10315000004,2.67955444529654,1335.854,29.40265260146544
2022-10-07,1352.23,1380.0,1318.45,1330.98,645588.458,2022-10-07 23:59:59.999,866463300.61689,85451,259815.640,349812978.48626,0,50.20050436148664,-47.20315871335538,-60.02417705277519,12.821018339419808,1384.405945974183,1328.3865,1272.3670540258172,83.21785714285714,538656.3394500001,2.8045756833787716,1344.05,16.150529403163603
2022-10-08,1331.18,1339.3,1288.29,1315.07,298240.888,2022-10-08 23:59:59.999,395403819.71365,55478,127255.871,168827736.30563,0,49.603758169934636,-45.925072716319164,-57.20435618548399,11.279283469164824,1381.561088220414,1326.49,1271.418911779586,82.61857142857141,536586.63515,-1.5820866480568248,1342.416,18.95252568927041
2022-10-09,1315.32,1337.49,1245.0,1323.22,379680.86,2022-10-09 23:59:59.999,501022381.37105,61722,203139.418,268389935.21038,0,56.19010450544207,-43.750218186263055,-54.5135285856398,10.763310399376742,1373.8367283720315,1323.8674999999998,1273.8982716279681,82.65357142857142,521672.41524999996,-0.4349134687735119,1334.76,16.941137801294868
2022-10-10,1323.15,1337.49,1255.76,1290.18,500806.985,2022-10-10 23:59:59.999,656937155.36143,80768,241540.281,316872855.92496,0,39.63801719868534,-44.18336386001579,-52.447495640514994,8.264131780499206,1374.4028802209343,1322.209,1270.0151197790658,84.00571428571428,520045.4244,-3.5249603684981814,1322.35,22.694402393596455
2022-10-11,1290.1,1321.99,1252.0,1280.3,499724.124,2022-10-11 23:59:59.999,641180028.10786,72572,242134.607,311236625.28816,0,39.167185692677265,-44.80735703620189,-50.919467919652384,6.112110883450491,1366.9791119204126,1323.933,1280.8868880795874,79.505,509757.829,-4.140461215932911,1307.95,21.763177617308024
2022-10-12,1280.3,1307.99,1275.4,1294.79,414505.516,2022-10-12 23:59:59.999,536915261.28277,67143,207641.230,269150164.38557,0,40.792379302879425,-43.629717991492726,-49.461517934020456,5.831799942527731,1367.310288598391,1322.3625,1277.4147114016089,74.66785714285713,500402.56145000004,-2.5462509972753633,1300.712,17.856406973478887
2022-10-13,1294.41,1307.99,1150.0,1287.37,450010.088,2022-10-13 23:59:59.999,571804397.17119,60335,201248.671,255863060.33281,0,39.809845763786186,-42.801770386759245,-48.12956842456822,5.327798037808975,1367.629200613894,1320.2305000000001,1272.8317993861062,78.80999999999999,489952.02129999996,-2.8400000000000083,1295.172,16.53635298372991
2022-10-14,1286.53,1351.0,1277.0,1297.66,598825.318,2022-10-14 23:59:59.999,787919088.61376,95932,316799.023,417866539.16105,0,43.548924820803514,-40.844469324513284,-46.672548604557235,5.828079280043951,1367.7166884033145,1319.263,1270.8093115966853,77.09571428571428,493290.46404999995,0.5937984496124095,1290.06,6.757236861507737
2022-10-15,1297.66,1333.0,1260.0,1274.85,3853550.453,2022-10-15 23:59:59.999,4978482756.45870,69784,278798.948,360224549.68493,0,40.32413660042447,-40.66510844298409,-45.471060572242614,4.805952129258522,1369.5707471262947,1318.272,1266.9732528737052,78.12428571428572,665261.923,-3.6569329826788866,1286.994,9.578216431179778
2022-10-16,1274.91,1320.0,1256.0,1305.75,433019.79,2022-10-16 23:59:59.999,559099369.25582,50585,244981.772,316461938.55905,0,53.0876298764948,-37.59620623161345,-43.89608970411678,6.299883472503332,1367.612191073714,1316.749,1265.885808926286,78.59642857142856,656862.3295499999,-4.094748439221447,1292.084,11.66625818343301
2022-10-17,1305.83,1345.0,1290.0,1331.34,702762.346,2022-10-17 23:59:59.999,926844198.43485,90819,356931.151,469770930.44445,0,51.637025060630535,-32.72198135112217,-41.661268033517864,8.939286682395696,1367.8584483149075,1316.866,1265.8735516850925,76.81071428571428,658021.2882000001,-1.5448555349311952,1299.3939999999998,21.277552255898993
2022-10-18,1331.44,1342.0,1286.0,1310.9,689388.428,2022-10-18 23:59:59.999,908226055.87233,95231,306264.929,404591209.21807,0,38.97987629584462,-30.160785432203966,-39.36117151325509,9.200386081051121,1365.6678337491328,1315.545,1265.4221662508673,74.23928571428571,667909.8236499999,-3.0614508614952203,1304.1,20.54273715945635
2022-10-19,1310.27,1339.57,1200.0,1290.0,416694.517,2022-10-19 23:59:59.999,543069069.17772,70600,148618.866,194463058.50811,0,37.10045188839602,-29.477674265730684,-37.38447206375021,7.906797798019525,1363.6943016315222,1313.2649999999999,1262.8356983684776,77.77999999999999,661089.08015,-3.0789343190731655,1302.568,21.410379959321386
2022-10-20,1290.01,1424.0,1272.15,1282.87,485689.584,2022-10-20 23:59:59.999,627673362.38134,73516,278004.475,360105318.26526,0,36.017239295927844,-29.175320226290978,-35.74264169625837,6.567321469967389,1362.610252914882,1310.9775,1259.344747085118,82.91214285714284,658648.3746499999,-2.4485388610492254,1304.172,18.976808741263877
2022-10-21,1282.87,1325.25,1255.0,1293.9,335300.277,2022-10-21 23:59:59.999,428950252.66229,34473,132609.696,170683557.35672,0,42.209429363812134,-27.726064836687783,-34.13932632434425,6.41326148765647,1361.150270357911,1309.4225000000001,1257.6947296420892,83.53357142857142,658014.71065,-2.2158068953008523,1301.8020000000001,19.464175297261168
2022-10-22,1279.53,1444.0,1279.52,1313.52,274833.969,2022-10-22 23:59:59.999,360906203.42220,39484,141394.271,185794390.98492,0,49.679341304977456,-24.709513578889982,-32.2533637752534,7.543850196363415,1361.5303782491899,1310.5985,1259.6666217508102,91.63857142857141,657279.27,1.809049900013945,1298.238,13.38585148589803
2022-10-23,1313.7,1385.83,1300.0,1345.0,99912.381,2022-10-23 23:59:59.999,132591667.49106,11407,52526.150,70176194.69155,0,54.10912383971019,-19.55330374923369,-29.713351770049456,10.160048020815765,1364.6447712678064,1311.6865,1258.7282287321937,91.16285714285712,629023.8099999999,5.053503085214406,1305.058,25.05254717593622
2022-10-24,1320.09,1385.83,1320.09,1343.61,357657.694,2022-10-24 23:59:59.999,480705814.23718,60247,190804.384,256725874.47240,0,61.44748682349909,-15.401591731705594,-26.85099976238068,11.449408030675087,1360.7255776058216,1310.792,1260.8584223941782,90.02071428571426,623027.8236499999,3.7704956016033444,1315.78,28.263171265845152
2022-10-25,1344.03,1655.11,1315.01,1459.64,671086.539,2022-10-25 23:59:59.999,940869747.70812,77618,439559.861,619210101.90307,0,76.41081526861447,-2.7173547751681326,-22.02427076493817,19.306915989770037,1397.8618772758014,1316.1625,1234.4631227241985,109.31428571428569,633963.08345,13.381545321080981,1351.134,64.33959185449078
2022-10-26,1459.29,1650.0,1437.0,1569.95,253140.138,2022-10-26 23:59:59.999,388869957.16432,34654,129181.516,199036703.86307,0,81.60288510130007,16.05106283778423,-14.40920404439369,30.46026688217792,1466.547004739006,1327.045,1187.542995260994,122.20071428571427,618020.91765,20.983154293112214,1406.344,107.1474718787261
2022-10-27,1569.95,1571.81,1486.0,1540.44,157208.039,2022-10-27 23:59:59.999,242502246.73149,87498,69086.880,106990298.39675,0,77.66215595828868,28.21867136260289,-5.883628962994371,34.10230032559726,1506.5817447638333,1337.518,1168.4542552361668,117.04499999999997,593601.8966999999,20.83303918108014,1451.7279999999998,106.05332135299838
2022-10-28,1540.44,1598.0,1450.0,1554.87,479523.454,2022-10-28 23:59:59.999,732355399.37996,172792,236326.448,361511788.40947,0,77.86251272829685,38.581228795293555,3.0093425886632166,35.57188620663034,1543.973469114138,1349.508,1155.042530885862,122.33071428571427,602666.025,19.078690407811592,1493.702,94.111039044324
2022-10-29,1554.88,1809.0,1513.83,1619.72,555171.631,2022-10-29 23:59:59.999,896488337.92501,170643,320367.758,518582713.32622,0,84.23978872540258,51.43358884887675,12.694191840705928,38.739397008170826,1592.6253989418494,1364.333,1136.0406010581507,138.2,611440.56355,21.660883020115083,1548.924,58.16599547847675
2022-10-30,1619.72,1650.0,1573.38,1590.65,420869.002,2022-10-30 23:59:59.999,673447807.73089,155439,171462.601,274468083.31665,0,78.38893539001155,58.59798958773786,21.87495139011232,36.72303819762554,1625.9178399731638,1379.3564999999999,1132.795160026836,139.10142857142856,607443.6644,21.340300556869323,1575.126,31.103997010065136
2022-10-31,1590.65,1634.0,1540.0,1572.75,543962.344,2022-10-31 23:59:59.999,861783791.23206,145192,265737.224,421929034.32551,0,74.42975976036753,62.11542048470665,29.92304520903119,32.19237527567546,1650.299873651294,1393.9789999999998,1137.6581263487055,141.88714285714283,609655.5754,21.91860465116279,1575.6860000000001,31.012581801619486
2022-11-01,1572.65,1610.0,1560.0,1578.51,478350.983,2022-11-01 23:59:59.999,757972782.40060,85414,244913.896,388360342.72037,0,77.91034813625076,64.62286155230663,36.863008477686286,27.759853074620345,1672.646711276772,1408.165,1143.6832887232279,141.4585714285714,612847.84875,23.04520333315146,1583.3,24.09849787854274
2022-11-02,1578.79,1622.0,1500.0,1518.33,668226.707,2022-11-02 23:59:59.999,1041253754.32956,104424,314752.367,492129820.75600,0,72.01025660799318,61.050254279888804,41.70045763812679,19.349796641762012,1682.1481561892974,1419.713,1157.2778438107025,140.2035714285714,623758.6797,17.345235335033603,1575.9920000000002,36.97550567608428
2022-11-03,1518.4,1569.5,1515.0,1530.46,485683.53,2022-11-03 23:59:59.999,748743854.94896,84327,241826.303,373328683.10990,0,73.63898489564436,58.523108932211926,45.064987896943826,13.4581210352681,1691.6367214795798,1431.353,1171.0692785204203,133.24999999999997,618101.5903,16.515926670320972,1558.14,31.765970786396096
2022-11-04,1530.07,1700.0,1520.0,1644.73,637897.706,2022-11-04 23:59:59.999,1025590153.70296,104549,345624.240,554336317.07769,0,77.9799977668958,64.99177729021426,49.05034577559792,15.94143151461634,1715.8098659554948,1449.8470000000002,1183.8841340445056,141.0892857142857,457318.95295,22.284758364312268,1568.956,49.73003699980674
2022-11-05,1644.73,1680.0,1620.0,1627.13,382245.762,2022-11-05 23:59:59.999,627696954.52121,65256,165315.750,271459797.74071,0,75.09241330751628,67.91518666141064,52.82331395276047,15.091872708650172,1734.0472444855438,1465.916,1197.784755514456,133.62642857142856,454780.25155000004,21.10136125810319,1579.8319999999999,56.28207814217709
2022-11-06,1627.06,1645.0,1500.0,1568.53,438967.645,2022-11-06 23:59:59.999,706354430.78165,69897,182543.806,295078715.49903,0,67.14108246553072,64.75700099313144,55.210051360834676,9.546949632296766,1741.7947212677723,1477.7755000000002,1213.756278732228,137.85285714285712,441590.5165,7.460058644597289,1577.8359999999998,56.517158279606846
2022-11-07,1568.52,1620.0,1540.0,1568.1,498518.753,2022-11-07 23:59:59.999,786668354.27385,85903,235352.474,371628127.89070,0,67.2400817116439,61.510365486723,56.470114186012346,5.040251300710658,1745.321147104321,1490.6354999999999,1235.9498528956788,138.87142857142857,432047.03274999995,-0.11783814771171926,1587.7900000000002,46.997797288831606
2022-11-08,1568.1,1587.99,1106.05,1334.36,1302727.302,2022-11-08 23:59:59.999,1880665703.86224,172734,564663.258,816389420.18061,0,41.85202528681807,39.619806437698344,53.100052636349545,-13.480246198651201,1740.867394795177,1492.8535,1244.8396052048229,149.00285714285715,476348.67199999996,-13.377995897276113,1548.57,124.58347181710022
2022-11-09,1334.36,1350.0,1025.0,1101.68,1291730.45,2022-11-09 23:59:59.999,1560233248.17425,184550,621238.054,749799056.44701,0,23.72664534590136,3.4562082490060675,43.171283758880854,-39.71507550987479,1773.7881498791041,1483.794,1193.799850120896,157.00285714285715,516650.7153000001,-29.14648813084051,1439.96,219.9814945626164
2022-11-10,1101.9,1405.92,1051.0,1299.27,1229758.454,2022-11-10 23:59:59.999,1523657000.04640,160103,658058.501,822485973.81653,0,38.615786939569304,-9.154316921614054,32.70616362278187,-41.86048054439593,1773.3253804663386,1484.0625,1194.7996195336614,176.225,561373.62415,-19.784283703356138,1374.388,198.00887800803926
2022-11-11,1299.95,1330.0,1199.0,1288.31,788246.913,2022-11-11 23:59:59.999,994505867.35664,128129,399464.427,503658234.08197,0,37.3759187694173,-19.804337304047067,22.20406343741608,-42.00840074146315,1775.394526551137,1482.802,1190.2094734488628,175.0107142857143,587044.2713499999,-19.00732404991671,1318.344,166.46600202444552
2022-11-12,1288.25,1350.0,1208.46,1257.03,659543.925,2022-11-12 23:59:59.999,834574567.84731,103872,359650.400,455486491.16126,0,32.25916903902406,-30.417950568869628,11.679660636158939,-42.09761120502857,1782.1506264943548,1478.4035,1174.656373505645,164.03714285714287,615025.84855,-20.074391988555078,1256.1299999999999,90.65340230792695
2022-11-13,1256.69,1275.86,1190.0,1221.68,538150.411,2022-11-13 23:59:59.999,665062293.64847,74062,216932.177,268700283.60627,0,32.06218946590566,-41.20675924565171,1.1023766597968068,-42.309135905448514,1791.9253008459978,1472.307,1152.6886991540023,164.69714285714286,624050.4844000001,-22.60549505546369,1233.594,79.68637041554162
2022-11-14,1221.92,1316.0,1160.55,1242.9,712564.098,2022-11-14 23:59:59.999,877841611.91410,104786,380606.843,468675366.36951,0,34.015642717994936,-47.49717334574461,-8.61753334131148,-38.879640004433135,1797.1887525921031,1461.4699999999998,1125.7512474078965,169.08642857142857,626124.36235,-18.14032522574143,1261.838,32.0013713769089
2022-11-15,1243.03,1298.65,1235.63,1253.22,528315.039,2022-11-15 23:59:59.999,664872318.85359,95976,236891.084,298812855.06063,0,34.30597771023302,-51.061034269228,-17.10623352689479,-33.95480074233321,1789.586645969036,1445.6335,1101.6803540309638,170.01642857142858,639883.1074,-18.114815153613947,1252.6280000000002,24.21438560035884
2022-11-16,1253.82,1272.82,1193.21,1217.5,514271.013,2022-11-16 23:59:59.999,633054164.52536,77173,240233.556,295984524.93711,0,35.13524197294173,-56.12079955948661,-24.90914673341316,-31.211652826073454,1784.8321436395067,1429.4865,1074.1408563604932,166.98857142857145,657736.2561,-25.975692058878963,1238.466,18.050664253785705
2022-11-17,1219.05,1227.66,1176.0,1200.17,489622.844,2022-11-17 23:59:59.999,589024360.45130,79901,240081.605,288787666.22393,0,33.76299049248345,-60.827900005592255,-32.092897387848986,-28.73500261774327,1776.0415611945832,1411.7514999999999,1047.4614388054165,166.78571428571428,658241.2256,-26.240066866199996,1227.094,21.087054796792223
2022-11-18,1197.99,1319.07,1176.0,1212.89,344761.435,2022-11-18 23:59:59.999,418788319.55257,60587,137707.707,167482606.09010,0,26.41610415710946,-62.807902919144226,-38.235898494108035,-24.57200442503619,1752.2216283572134,1391.41,1030.5983716427868,164.14785714285713,647720.7158,-22.67345858861481,1225.336,21.997982407550936
2022-11-19,1212.95,1233.92,1196.0,1218.3,226364.012,2022-11-19 23:59:59.999,273861316.14151,46735,115187.693,139391415.13323,0,27.371450711241465,-63.21186072413025,-43.23109094011248,-19.980769784017767,1728.7100440802249,1372.7925,1016.8749559197752,162.57071428571427,637995.4663,-22.3072508130859,1220.416,19.720700545440263
2022-11-20,1218.23,1250.0,1130.0,1146.4,387509.866,2022-11-20 23:59:59.999,459445201.17425,110034,205347.095,243294695.33017,0,26.97430862379315,-68.5436013323199,-48.29359301855397,-20.250008313765925,1708.037244510567,1351.475,994.9127554894328,160.785,630172.8424000001,-14.086153661680493,1199.0520000000001,30.314136471338887
2022-11-21,1146.4,1203.71,1073.0,1107.37,547709.615,2022-11-21 23:59:59.999,614553143.44266,80571,249572.851,280817323.74681,0,25.884323475529953,-75.05327159420813,-53.64552873368481,-21.407742860523314,1683.5768333662825,1327.9180000000001,972.2591666337178,164.40714285714284,633640.774,0.5164839154745322,1177.026,48.25796442042488
2022-11-22,1107.37,1150.0,1071.0,1139.52,395480.927,2022-11-22 23:59:59.999,441435215.94961,72484,199953.344,223516998.18653,0,37.07374678236871,-76.73346029974186,-58.263115046896225,-18.47034525284564,1662.27920591882,1308.9775000000002,955.6757940811804,135.62571428571428,620003.485,-12.295365859290216,1164.896,48.60734337528652
2022-11-23,1139.45,1205.0,1127.73,1184.83,446369.58,2022-11-23 23:59:59.999,519206418.80382,76757,261762.546,305096686.73476,0,57.34164474032738,-73.5609191396934,-61.322675865455665,-12.238243274237732,1632.9907644915725,1291.696,950.4012355084274,117.93071428571429,618037.7875,-8.032228268041079,1159.284,42.97430313574632
2022-11-24,1184.44,1226.43,1169.55,1204.29,389306.08,2022-11-24 23:59:59.999,467018912.58400,71184,215165.059,258283236.40200,0,37.76535449299257,-68.68464422353372,-62.79506953707128,-5.889574686462446,1569.3571612077362,1269.674,969.9908387922637,96.64214285714286,605608.2062,-4.195603923534046,1156.482,38.37498755704061
2022-11-25,1204.17,1210.0,1150.99,1198.51,270159.18,2022-11-25 23:59:59.999,321143427.58010,53267,135942.346,161704032.88589,0,38.27615019061047,-64.54255254593227,-63.14456613884348,-1.397986407088787,1497.3260569654435,1248.243,999.1599430345562,91.5,600003.8770999999,-1.8965686595507885,1166.904,41.86936326245016
2022-11-26,1198.96,1235.0,1194.69,1205.36,305643.807,2022-11-26 23:59:59.999,371577115.45165,56673,159205.344,193755971.40610,0,42.79458931808673,-60.01535761281525,-62.51872443363784,2.503366820822592,1428.6911309882748,1230.0845,1031.477869011725,84.26928571428572,593337.6852,-3.0203556199211676,1186.502,27.506058787165124
2022-11-27,1205.24,1229.0,1190.0,1193.29,263195.625,2022-11-27 23:59:59.999,319441155.72043,51076,139021.809,168853841.05376,0,45.766098965013256,-56.74732331920154,-61.36444421075059,4.61712089154905,1330.4963139156737,1211.344,1092.1916860843264,80.92214285714286,581571.5288,-4.782081358420713,1197.2559999999999,8.46845794716922
2022-11-28,1193.36,1210.0,1102.21,1167.56,409440.929,2022-11-28 23:59:59.999,478932562.89501,74362,191336.988,224048364.07352,0,38.913414562363855,-55.592740059883454,-60.21010338057717,4.61736332069372,1308.4654336886683,1203.0040000000001,1097.542566311332,77.51785714285714,536907.2101499999,-4.101848049281319,1193.802,15.448749787700523
2022-11-29,1167.98,1225.8,1157.46,1216.24,349055.941,2022-11-29 23:59:59.999,421165238.83468,64585,184930.011,223267255.25588,0,45.110276617125926,-50.1713116936387,-58.20234504318948,8.031033349550782,1302.856755420867,1208.732,1114.6072445791328,77.89785714285713,489773.4846999999,1.3389769782614076,1196.1919999999998,18.16287890184192
2022-11-30,1215.88,1315.0,1208.0,1294.54,468287.773,2022-11-30 23:59:59.999,595857670.16756,77070,267759.998,340689679.14922,0,59.155733029092985,-39.10584717086999,-54.38304546872559,15.277198297855598,1301.6814999586913,1208.4955,1115.3095000413086,79.85428571428572,451699.9506499999,6.7318553207627945,1215.398,47.807333328715856
2022-12-01,1295.74,1297.68,1253.82,1276.05,371435.927,2022-12-01 23:59:59.999,474694091.99329,63159,205636.224,262746872.25867,0,58.99307860054991,-31.46565875934607,-49.799568126849685,18.333909367503615,1298.996062425003,1207.8825000000002,1116.7689375749974,79.29714285714286,430859.40135000006,4.740211770499877,1229.5359999999998,54.130982163664136
2022-12-02,1275.97,1320.0,1263.88,1295.42,278042.998,2022-12-02 23:59:59.999,356112227.85908,56097,138388.841,177482654.11368,0,59.62943084498168,-23.575987966735056,-44.554852094826764,20.978864128091708,1306.7085024372311,1209.8020000000001,1112.8954975627692,73.08642857142857,411784.355,12.998953244940681,1249.962,56.26160875768569
2022-12-03,1295.32,1314.56,1235.0,1240.32,172961.791,2022-12-03 23:59:59.999,219484698.49836,38576,67752.046,86193826.52364,0,52.302287650035545,-21.521391329028575,-39.94815994166713,18.426768612638554,1308.4764354100114,1210.734,1112.9915645899885,76.06071428571428,393524.924,12.005923945925938,1264.514,35.019814105772596
2022-12-04,1240.05,1290.0,1237.88,1279.24,371670.369,2022-12-04 23:59:59.999,469070738.17955,64737,175674.129,222067878.52160,0,64.9177971431138,-16.56167725300179,-35.270863403934065,18.709186150932275,1314.0885618125021,1212.551,1111.0134381874977,71.21214285714284,376480.23755,12.261303004773943,1277.114,22.350757929046736
2022-12-05,1279.17,1307.0,1242.12,1259.54,428945.994,2022-12-05 23:59:59.999,549037107.49283,89242,179935.644,230738810.50186,0,67.86410274471132,-14.058634290268628,-31.028417581200976,16.969783290932348,1314.975213618207,1212.867,1110.758786381793,66.50999999999999,371511.7853,6.305545943299887,1270.114,20.966673079028496
2022-12-06,1259.45,1273.92,1240.65,1271.26,320077.445,2022-12-06 23:59:59.999,402457225.80622,88421,148065.207,186257563.08700,0,66.24494426358882,-11.00241961245456,-27.023217987451698,16.02079837499714,1320.9541765666747,1215.5549999999998,1110.155823433325,63.24357142857142,361802.1069,5.560952926620667,1269.156,20.7358018895547
2022-12-07,1271.11,1276.02,1212.76,1231.14,347578.747,2022-12-07 23:59:59.999,430047133.26465,77030,166197.071,205554969.18152,0,55.784556196757364,-11.683021564452474,-23.955178702851853,12.272157138399379,1322.4609591613387,1217.1035,1111.7460408386612,62.24285714285713,354699.90205000003,2.7225471627270617,1256.3,20.30350216102841
2022-12-08,1231.05,1297.0,1222.34,1280.0,392017.642,2022-12-08 23:59:59.999,490030798.91524,66878,199055.820,249151871.20687,0,58.809839651842026,-8.185453047477267,-20.801233571776937,12.61578052429967,1329.4630568819473,1220.459,1111.4549431180528,63.51285714285713,357062.71239999996,6.1923408774142255,1264.236,20.25066616195301
2022-12-09,1280.0,1295.55,1250.0,1262.79,363813.973,2022-12-09 23:59:59.999,464429519.64462,61507,174167.883,222537012.54802,0,57.285999274573804,-6.724788790046659,-17.98594461543088,11.261155825384222,1333.3058878116176,1222.6834999999999,1112.0611121883821,62.55142857142856,363935.21045,5.824233840893664,1260.9460000000001,18.46082555041554
2022-12-10,1262.79,1287.34,1250.0,1266.33,273620.517,2022-12-10 23:59:59.999,347184872.36624,48345,144017.576,182840423.39251,0,56.9630661702565,-5.221364784481011,-15.433028649240907,10.211663864759895,1334.8019949417055,1228.6799999999998,1122.5580050582942,62.3392857142857,358240.743,8.459522422830517,1262.304,18.580891528741894
2022-12-11,1266.27,1285.0,1251.0,1263.54,237704.343,2022-12-11 23:59:59.999,302323412.04414,50952,112872.421,143598469.80919,0,58.19662567381513,-4.206529853801612,-13.18772889015305,8.981199036351438,1326.8370294255258,1236.4885,1146.139970574474,61.98214285714284,342740.47939999995,3.889035058869956,1260.76,17.961042564474795
2022-12-12,1263.42,1285.0,1240.0,1275.3,383186.468,2022-12-12 23:59:59.999,480277595.75493,61804,167422.082,210065940.71672,0,62.99450019297568,-2.425373941117641,-11.03525790034597,8.609883959228329,1322.6900825565622,1243.2775,1163.8649174434377,57.49714285714284,342125.75645,-1.486242217312714,1269.592,7.655754045347949
2022-12-13,1275.4,1349.99,1255.67,1320.93,555368.829,2022-12-13 23:59:59.999,724661340.94243,82166,333804.284,435505052.16611,0,62.72022551092318,2.6377581721376373,-8.30065468584925,10.938412857986886,1331.701437140115,1250.0825,1168.4635628598849,59.35285714285713,347575.7189,3.5171035617726663,1277.7779999999998,24.630535317017543
2022-12-14,1320.54,1354.95,1300.0,1307.34,399386.146,2022-12-14 23:59:59.999,529768590.36491,68867,220194.773,292379373.40150,0,51.84544405997692,5.490437085119538,-5.542436331655491,11.032873416775029,1337.6886168169603,1255.2350000000001,1172.78138318304,55.63499999999999,348079.7222,0.9201648886075439,1286.6879999999999,25.879452660418266
2022-12-15,1307.41,1319.66,1255.0,1266.39,458227.369,2022-12-15 23:59:59.999,588134486.62171,74966,182159.199,233514645.34084,0,48.691978551698014,4.396206181214893,-3.554707829081414,7.950914010296307,1336.7243109710944,1258.6290000000001,1180.5336890289059,57.12071428571427,357483.13165,2.101876934984533,1286.7,25.867664177556293
2022-12-16,1266.39,1280.0,1133.33,1166.65,603941.301,2022-12-16 23:59:59.999,731348536.60686,81882,234860.604,284645463.75909,0,35.68044836865867,-4.467663685732532,-3.7372990004116375,-0.7303646853208945,1341.939022128967,1256.6934999999999,1171.4479778710327,63.58857142857143,372398.00635000004,-8.801319533472993,1267.3220000000001,60.56943676478155
2022-12-17,1166.77,1190.31,1158.82,1187.17,424989.698,2022-12-17 23:59:59.999,500522230.75801,64018,201021.477,236674697.52632,0,43.597156969039894,-9.724454451167503,-4.9347300905628115,-4.7897243606046915,1342.6294313991825,1256.3875,1170.1455686008176,60.15500000000001,380487.71,-5.74574844784603,1249.696,69.78886358154081
2022-12-18,1187.29,1196.64,1171.0,1183.34,319831.745,2022-12-18 23:59:59.999,378529006.52956,57228,147623.580,174815119.95106,0,37.380250552689745,-14.037729786466343,-6.755330029743519,-7.282399756722825,1340.2263874227715,1257.1765,1174.1266125772286,58.263571428571446,376007.2508,-6.915973129021606,1222.1779999999999,61.28738915962223
2022-12-19,1183.34,1195.0,1141.88,1167.37,353317.756,2022-12-19 23:59:59.999,416403085.74806,62718,175142.598,206609122.36956,0,37.75084389867899,-18.531062544475844,-9.110476532689985,-9.42058601178586,1345.382230982822,1254.733,1164.083769017178,57.423571428571435,376220.34155,-5.1797520996799875,1194.184,41.40533395594164
2022-12-20,1167.49,1249.99,1162.23,1216.83,502771.606,2022-12-20 23:59:59.999,607823468.76727,84819,213503.505,257928474.44585,0,43.42585211488754,-17.894772682010625,-10.867335762554115,-7.027436919456511,1340.9727842313234,1250.8475,1160.7222157686767,61.31571428571429,377944.5332,-4.935156250000006,1184.272,20.405286569981577
2022-12-21,1216.75,1223.02,1202.75,1214.0,286716.274,2022-12-21 23:59:59.999,347534461.73989,53220,149370.733,181102866.20448,0,47.72485929701602,-17.418080935839498,-12.177484797211193,-5.240596138628305,1338.4872662494854,1247.7450000000001,1157.0027337505148,58.245000000000005,373708.55055,-3.863666959668667,1193.7419999999997,21.15607170537693
2022-12-22,1214.0,1227.55,1180.0,1217.56,407290.3,2022-12-22 23:59:59.999,491802590.36430,68077,170301.634,206160354.39808,0,40.57879171947612,-16.562119243701773,-13.05441168650931,-3.5077075571924627,1332.6419642496871,1243.852,1155.062035750313,56.308571428571426,380170.91565,-3.851286789383493,1199.82,23.074406818010228
2022-12-23,1217.56,1230.0,1211.43,1220.04,283995.892,2022-12-23 23:59:59.999,346520193.25709,56123,130783.874,159656533.40741,0,43.24964471814306,-15.50491712885082,-13.544512774977612,-1.9604043538732085,1332.2587637719894,1242.838,1153.4172362280106,54.381428571428565,385722.62069999997,-3.4427085806543523,1207.16,22.347220185137598
2022-12-24,1220.03,1230.0,1213.55,1220.66,167628.942,2022-12-24 23:59:59.999,204499439.78849,37130,83795.841,102285791.76303,0,42.72144837917958,-14.45047197187273,-13.725704614356635,-0.7247673575160949,1328.1389912959994,1239.909,1151.6790087040008,52.88928571428572,375520.54935,-4.2844820826472105,1217.818,2.675541067335402
2022-12-25,1220.84,1230.0,1188.0,1218.53,289165.976,2022-12-25 23:59:59.999,350676404.88763,48855,188859.444,229045261.11387,0,42.811511802472296,-13.62957651302213,-13.706478994089736,0.07690248106760578,1326.0736895912394,1237.8584999999998,1149.6433104087603,53.46071428571429,368531.54845,-7.7521140408651545,1218.158,2.6261606963393187
2022-12-26,1218.48,1230.0,1200.0,1227.35,248389.663,2022-12-26 23:59:59.999,302751808.19497,48735,118086.460,144059172.23982,0,42.269370908973656,-12.12751224739236,-13.39068564475026,1.2631733973578996,1322.553714687064,1235.663,1148.772285312936,52.38928571428572,364947.15935,-6.118530757109858,1220.828,3.845330935431936
2022-12-27,1227.0,1232.98,1198.11,1211.53,270481.991,2022-12-27 23:59:59.999,328885435.21751,50351,125141.072,152261935.97055,0,30.486586757990864,-12.074470304264878,-13.127442576653186,1.052972272388308,1322.2282161468843,1234.6825000000001,1147.136783853116,48.14285714285716,361092.32155,-4.331998831323693,1219.6219999999998,5.649050362936485
2022-12-28,1211.41,1215.4,1167.68,1190.07,341482.224,2022-12-28 23:59:59.999,408327348.19834,60945,146870.643,175730555.58475,0,29.65404767687984,-13.6072212570366,-13.223398312729868,-0.3838229443067309,1317.167459705576,1230.1860000000001,1143.2045402944243,47.62642857142858,358565.55065,2.007457249389264,1213.628,14.327882607105957
2022-12-29,1190.08,1206.0,1180.0,1200.89,280860.6,2022-12-29 23:59:59.999,336360519.88585,53918,126811.005,151943002.77895,0,37.30915291017594,-13.789892558985457,-13.336697161980986,-0.4531953970044711,1313.59148053342,1227.091,1140.5905194665797,44.86500000000001,354417.882,1.155689581104646,1209.674,14.626943631634703
2022-12-30,1200.86,1203.0,1172.0,1199.85,243311.405,2022-12-30 23:59:59.999,290587744.57586,48981,99051.073,118294201.05122,0,60.416666666666565,-13.858824290609391,-13.441122587706666,-0.41770170290272546,1309.018918724429,1223.767,1138.515081275571,36.60285714285715,352902.4264,1.395203407304747,1205.938,14.178184651182594
2022-12-31,1199.81,1210.0,1186.0,1195.59,200895.519,2022-12-31 23:59:59.999,240787376.96878,41396,117845.904,141212067.11912,0,52.94199860237589,-14.094724373327608,-13.571842944830854,-0.5228814284967545,1304.354044310478,1220.3695000000002,1136.3849556895225,36.06785714285714,351061.98520000005,2.4173997961229112,1199.5859999999998,7.920724714509907
2023-01-01,1195.85,1205.62,1185.45,1200.07,164775.226,2023-01-01 23:59:59.999,197261310.17899,35056,76156.499,91192335.71667,0,55.81913043478259,-13.761543818496648,-13.609783119564014,-0.1517606989326339,1296.8909204087283,1216.608,1136.3250795912716,35.67714285714284,340141.4231,-1.377349342143109,1197.2939999999999,4.534873758226881
2023-01-02,1200.19,1221.55,1165.0,1213.89,407476.712,2023-01-02 23:59:59.999,492727754.42276,54886,214358.990,259949099.68884,0,66.4265536723164,-12.24122806962896,-13.336072109577001,1.0948440399480415,1274.7786101137992,1211.2559999999999,1147.7333898862005,35.922142857142845,332746.81725,-0.009060955518937394,1202.058,6.92861602364001
2023-01-03,1213.94,1221.12,1204.12,1214.53,300495.31,2023-01-03 23:59:59.999,364168886.29935,60627,105512.200,128031733.36824,0,48.760508730329846,-10.859542191517448,-12.840766125965091,1.9812239344476428,1251.3715138727166,1206.6154999999999,1161.8594861272832,30.867857142857133,327802.27544999996,-0.24885837248266804,1204.786,8.789191089231942
2023-01-04,1214.6,1281.0,1209.5,1256.66,470274.458,2023-01-04 23:59:59.999,586557469.47385,83115,305862.784,381248083.49703,0,66.14930345245301,-6.292471578279219,-11.531107216427918,5.238635638148699,1248.2852411672784,1206.129,1163.9727588327214,34.52714285714285,328404.62989999994,3.0015409330841707,1216.148,24.135410085660563
2023-01-05,1256.73,1264.0,1245.0,1251.22,305710.369,2023-01-05 23:59:59.999,382787371.66851,45327,176611.070,221210770.78154,0,62.56345177664971,-3.0765333875278884,-9.840192450647912,6.7636590631200235,1252.8048885488508,1210.3575,1167.9101114511493,32.48785714285714,313493.08329999994,2.5035636458964774,1227.2740000000001,25.092561248365552
2023-01-06,1251.2,1283.0,1236.0,1268.69,192829.058,2023-01-06 23:59:59.999,241900831.54271,40548,106225.084,133321431.50571,0,66.33098355152731,0.8717547492433368,-7.697803010669662,8.569557759913,1262.7552367551948,1214.4334999999999,1166.111763244805,34.51857142857143,301885.0513,4.116435377052685,1240.998,25.25882558637561
2023-01-07,1268.71,1280.0,1251.0,1263.86,182669.319,2023-01-07 23:59:59.999,231138175.71369,39383,61529.655,77829803.43120,0,64.10289892922421,3.5699092182323966,-5.44426056488925,9.014169783121647,1269.2287474145376,1218.4595,1167.6902525854623,35.415,295026.93,2.974701592862671,1250.992,21.450293005059862
2023-01-08,1264.02,1290.0,1250.5,1288.47,231862.413,2023-01-08 23:59:59.999,294285686.65736,48345,142219.761,180771936.71948,0,69.91004327032559,7.606356061819497,-2.8341372395475,10.440493301366997,1278.4174847712477,1224.5145,1170.6115152287523,35.23642857142857,288954.16284999996,6.350647528331948,1265.7800000000002,14.336654072791504
2023-01-09,1289.5,1349.99,1230.0,1320.5,407594.518,2023-01-09 23:59:59.999,536565606.85911,79085,232079.166,305245207.00773,0,73.42217752074421,13.23723200979407,0.3801366103208147,12.857095399473256,1298.3972945944563,1229.6979999999999,1160.9987054055434,41.66428571428571,284195.30845,10.959859504062793,1278.548,27.00996797485812
2023-01-10,1320.5,1349.99,1316.84,1334.99,270538.054,2023-01-10 23:59:59.999,359933268.89232,71563,131567.773,175016794.77088,0,81.25253138922628,18.653932743850874,4.034895837026828,14.619036906824046,1318.4977471606255,1235.7475,1152.9972528393744,41.54142857142857,283386.39745,11.166718017470368,1295.3020000000001,31.438633399097153
2023-01-11,1335.0,1405.72,1320.28,1388.94,278743.854,2023-01-11 23:59:59.999,373278758.19763,69246,156986.783,210590576.64821,0,93.2307290987347,26.988909868894098,8.625698643400284,18.363211225493814,1351.1313598517318,1244.3165000000001,1137.5016401482685,44.23571428571428,276959.07515,15.759469933741732,1319.352,47.75304880322073
2023-01-12,1389.14,1450.0,1344.15,1416.02,455427.829,2023-01-12 23:59:59.999,639030652.81554,82278,209629.659,294948657.47132,0,93.67767084906795,35.37182459798623,13.974923834317476,21.396900763668757,1384.835814769995,1254.1155,1123.3951852300052,49.9392857142857,285530.67199999996,18.43692235632617,1349.784,51.85610311238895
2023-01-13,1416.17,1499.0,1400.0,1450.35,352644.727,2023-01-13 23:59:59.999,503633731.41777,62222,208682.904,299322310.66150,0,94.80254685935034,44.275113065531514,20.034961680560286,24.240151384971227,1421.817046714158,1265.6,1109.3829532858417,54.796428571428564,294781.46125,20.85545009874424,1382.16,54.473178262358125
2023-01-14,1450.21,1738.0,1440.0,1549.57,353734.901,2023-01-14 23:59:59.999,542808449.00959,74706,145919.369,224134481.18560,0,97.25782334721772,58.66105003508392,27.760179351465016,30.9008706836189,1481.5520944514626,1282.152,1082.7519055485375,74.36785714285713,298009.90750000003,27.653246999316234,1427.974,79.9982001672697
2023-01-15,1549.67,1600.0,1496.18,1552.47,266099.566,2023-01-15 23:59:59.999,408988176.11674,70703,129759.921,199517921.64855,0,97.24620582399308,69.49492030997408,36.10712754316683,33.387792766807245,1529.4902592746216,1298.408,1067.3257407253782,80.34285714285714,298895.40264999995,27.82475525511927,1471.47,75.81650183174145
2023-01-16,1552.47,1613.5,1514.0,1576.57,365618.301,2023-01-16 23:59:59.999,570540890.95273,85346,181765.537,283975182.64885,0,97.32007724022749,79.11353753035837,44.708409540605146,34.405127989753225,1574.9168698426784,1316.66,1058.4031301573218,83.41071428571429,303652.21815,25.45716422898794,1508.9959999999999,71.03937907951034
2023-01-17,1576.58,1699.0,1530.0,1564.95,316224.046,2023-01-17 23:59:59.999,497129847.91188,78247,148422.483,233588083.60973,0,94.44698122780312,84.8209608508264,52.7309198026494,32.09004104817699,1608.9403140250533,1335.404,1061.8676859749467,94.26785714285714,302389.30925,25.073927846421896,1538.782,50.588185577289835
2023-01-18,1564.94,1620.0,1478.61,1512.17,409037.492,2023-01-18 23:59:59.999,637268953.85635,81676,209976.671,327469085.83809,0,81.55613190070395,84.11559780161087,59.00785540244171,25.10774239916916,1627.6827447498822,1350.968,1074.253255250118,99.26,308798.15385,19.191449447855664,1551.146,24.291436351156428
2023-01-19,1511.88,1600.0,1505.9,1551.21,280442.217,2023-01-19 23:59:59.999,429671673.58634,72664,139193.932,213478282.02561,0,84.2102862356027,85.71868261716463,64.3500208453863,21.368661771778335,1649.4368079205437,1368.5359999999998,1087.635192079456,104.62428571428572,310654.69444999995,22.73590429319704,1551.474,24.275903278812986
2023-01-20,1551.35,1720.0,1540.07,1659.58,311316.471,2023-01-20 23:59:59.999,494180506.94782,63497,165169.201,262245610.50827,0,86.92169642013789,94.64270994995286,70.40855866629961,24.234151283653247,1688.678506579935,1391.7355,1094.792493420065,114.11928571428572,316175.74205,28.802378014233927,1572.896,54.19567030678958
2023-01-21,1659.5,1817.87,1550.39,1626.71,222395.426,2023-01-21 23:59:59.999,367554747.50886,54756,113284.642,187591669.37401,0,82.54902312563917,97.93381159302112,75.91360925164392,22.0202023413772,1713.3158974362693,1413.0674999999999,1112.8191025637304,131.1535714285714,319056.75205,23.188943581976527,1582.924,59.43131985748098
2023-01-22,1626.95,1700.0,1591.32,1627.26,197593.311,2023-01-22 23:59:59.999,322455098.73387,49347,95010.188,155069581.35040,0,81.76176101100634,99.44012984222809,80.61891336976076,18.821216472467327,1733.163959345459,1433.736,1134.3080406545412,136.095,308562.582,21.89304788799916,1595.386,61.225885293739815
2023-01-23,1627.26,1695.0,1588.0,1626.59,218237.1,2023-01-23 23:59:59.999,355470251.78042,52897,106413.285,173439276.79302,0,80.48887383708191,99.43362556633929,84.38185580907647,15.051769757262818,1746.88605826746,1454.339,1161.79194173254,135.16714285714286,304449.6715,17.110170345731266,1618.27,40.07753672572881
2023-01-24,1626.42,1641.82,1546.8,1556.0,247363.323,2023-01-24 23:59:59.999,398723521.50161,55645,107886.135,174555005.31354,0,69.8012794093931,92.66427178247955,86.03833900375709,6.625932778722458,1749.644408762091,1469.306,1188.9675912379091,139.58642857142857,293304.11475,9.885453595288203,1619.228,38.081348059150145
2023-01-25,1555.85,1680.0,1500.39,1611.13,274372.191,2023-01-25 23:59:59.999,428389588.67394,61807,139598.125,218377728.23928,0,69.86499776486367,90.70247868364345,86.97116693973437,3.7313117439090746,1754.598494077845,1487.3015,1220.004505922155,146.31285714285713,291737.20585,11.085600027579565,1609.538,30.694337751483648
2023-01-26,1611.04,1670.0,1540.8,1601.0,259743.187,2023-01-26 23:59:59.999,417355602.80130,57958,117124.840,188264329.78426,0,67.05513553383737,87.32372364969933,87.04167828172737,0.28204536797196056,1754.8065158890706,1503.917,1253.0274841109292,147.98071428571424,295082.9123,3.3189852668804933,1604.3960000000002,29.216384615522884
2023-01-27,1601.11,1640.0,1540.0,1597.33,253494.681,2023-01-27 23:59:59.999,402228624.32544,56397,124819.375,198176748.18215,0,64.36361504182628,83.38864521968935,86.31107166931977,-2.9224264496304215,1747.482485381638,1520.5905,1293.698514618362,148.05214285714283,298624.1804,2.889588848737811,1598.41,26.279238002692768
2023-01-28,1597.34,1607.84,1557.69,1572.24,226036.064,2023-01-28 23:59:59.999,357673500.93656,51324,103202.485,163388990.25031,0,52.590797924618876,77.35382713099534,84.5196227616549,-7.165795630659559,1734.4056755613722,1534.779,1335.1523244386278,130.3485714285714,298332.86295000004,-0.27464685995546834,1587.54,22.70663669507636
2023-01-29,1572.32,1675.0,1566.55,1645.91,327789.913,2023-01-29 23:59:59.999,529367228.87447,74096,169916.255,274499663.23103,0,59.19178405603212,77.62097732212146,83.13989367374822,-5.518916351626757,1729.0095023035979,1551.0494999999999,1373.0894976964018,130.6792857142857,294342.6327,5.173328221348927,1605.522,26.729614101257813
2023-01-30,1645.99,1648.54,1520.3,1566.07,381706.408,2023-01-30 23:59:59.999,608286495.71490,71850,178573.389,284876087.84169,0,49.0691819439027,70.57671063628436,80.62725706625545,-10.050546429971092,1708.6427024185803,1562.6035,1416.5642975814196,132.73214285714283,299901.05039999995,3.564414053975404,1596.5099999999998,31.531012511528644
2023-01-31,1565.9,1604.52,1553.49,1585.27,319510.52,2023-01-31 23:59:59.999,504577260.21110,60368,164743.259,260236570.97271,0,51.777466759972,65.78502920850588,77.65881149470555,-11.87378228619967,1693.5835402859889,1572.4199999999998,1451.2564597140108,124.30571428571427,301939.3837,2.195705288129908,1593.364,31.75495992757951
2023-02-01,1585.45,1679.99,1550.0,1641.21,281011.711,2023-02-01 23:59:59.999,447801676.41696,52999,159846.045,254936136.17875,0,61.22555501426682,65.74362604761404,75.27577440528725,-9.532148357673208,1683.6462775281957,1583.6794999999997,1483.7127224718038,123.49142857142854,293218.5778,-1.1069065667216942,1602.1399999999999,38.47703730801229
2023-02-02,1641.09,1720.24,1600.0,1643.62,364944.705,2023-02-02 23:59:59.999,610216364.42421,66064,190410.565,318708067.16825,0,58.586215226803915,65.15422327429246,73.2514641790883,-8.09724090479584,1674.6700036328562,1593.343,1512.015996367144,125.35857142857141,293833.5767,1.0395214881570687,1616.416,37.846694439569596
2023-02-03,1643.78,1675.58,1615.0,1663.67,238836.027,2023-02-03 23:59:59.999,394055012.53769,55218,120895.815,199535078.71058,0,50.454636402036435,65.54937240317986,71.71104582390662,-6.161673420726757,1683.3978455612967,1599.048,1514.6981544387033,116.8335714285714,288088.63300000003,2.2375035335471947,1619.968,41.92090791004107
2023-02-04,1663.7,1705.86,1645.46,1666.49,261396.935,2023-02-04 23:59:59.999,437076799.05466,54461,139529.581,233497994.69454,0,54.738421955403076,65.33691804657383,70.43622026844007,-5.099302221866239,1691.2294734632355,1604.749,1518.2685265367645,102.04214285714284,287853.50145,2.452984464431731,1640.0520000000001,32.67995134638544
2023-02-05,1666.5,1676.11,1611.11,1629.41,330180.464,2023-02-05 23:59:59.999,543456696.50392,68268,170294.563,279999044.11280,0,50.23559578338339,61.46793622249152,68.64256345925035,-7.1746272367588375,1693.4743732702395,1607.391,1521.3076267297606,98.92214285714283,286081.6096,4.71786632390746,1648.8799999999999,15.767320634848208
2023-02-06,1629.35,1798.99,1605.87,1613.59,288513.923,2023-02-06 23:59:59.999,471345320.49099,66303,133276.276,218177147.79819,0,48.62124554556253,56.474199052939866,66.20889057798826,-9.73469152504839,1693.574569499225,1609.8229999999999,1526.0714305007748,105.07357142857141,284696.10345,0.15268786503881182,1643.3560000000002,22.518969337030388
2023-02-07,1613.6,1750.0,1608.0,1671.21,299656.049,2023-02-07 23:59:59.999,492886666.51433,74964,161670.085,266284602.25143,0,62.56461709599318,56.51461353203263,64.27003516879714,-7.75542163676451,1692.1646072247836,1617.775,1543.3853927752166,108.4292857142857,279227.03130000003,4.38538413491568,1648.8740000000003,25.7485432598062
2023-02-08,1670.65,1740.0,1629.44,1650.3,294829.356,2023-02-08 23:59:59.999,490538455.85597,66698,154710.839,257541520.78963,0,54.61638185032408,54.23420192981689,62.26286852100109,-8.028666591184198,1691.434284012583,1622.7295,1554.0247159874168,103.49714285714285,279946.38825,3.316158840064359,1646.2,24.491378074786077
2023-02-09,1650.29,1660.11,1530.0,1545.37,418927.396,2023-02-09 23:59:59.999,672554255.13555,78719,175581.639,282601685.99797,0,44.64117137077352,43.45901674939387,58.50209816667965,-15.043081417285784,1691.564622314227,1617.0189999999998,1542.4733776857724,103.56214285714283,285326.9345,-1.709026611713232,1621.976,48.01120785818787
2023-02-10,1545.52,1563.46,1520.0,1531.16,376886.501,2023-02-10 23:59:59.999,579513524.61872,85526,137493.135,211903213.14790,0,43.752714363941934,33.38809939436828,53.47929841221738,-20.0911990178491,1695.8664130022644,1612.2415,1528.6165869977358,99.5235714285714,293051.48825,-6.971827135141047,1602.3259999999998,62.21328901450332
2023-02-11,1531.16,1543.96,1502.0,1538.55,205502.639,2023-02-11 23:59:59.999,313227779.43076,64857,114935.527,175349812.38786,0,46.70925394127645,25.70680403764618,47.924799537303144,-22.217995499656965,1697.282556740942,1607.806,1518.329443259058,98.93857142857142,293446.95465,-1.7572650009258834,1587.318,67.6318591345981
2023-02-12,1538.56,1580.0,1518.0,1555.84,241601.777,2023-02-12 23:59:59.999,370515280.09393,47775,114338.908,175578297.37926,0,40.11327962064498,20.774999367420605,42.49483950332664,-21.719840135906033,1696.1793330531862,1604.2685000000001,1512.357666946814,95.62071428571427,294615.18850000005,-1.8564660909498105,1564.2440000000001,48.9571826191226
2023-02-13,1555.84,1578.0,1450.0,1505.07,232274.049,2023-02-13 23:59:59.999,347721932.65760,90620,102086.169,153462302.37155,0,42.84776287402683,12.624269219894131,36.520725446640135,-23.896456226746004,1701.7292701773229,1601.7220000000002,1501.7147298226776,95.60357142857141,293860.7248,-8.295099347432693,1535.1979999999999,19.136349442935092
2023-02-14,1504.98,1580.0,1466.66,1555.66,310832.571,2023-02-14 23:59:59.999,475814798.39128,68770,186100.781,285572844.27408,0,46.7662669549833,10.13017273143464,31.242614903599037,-21.112442172164396,1700.9147051905013,1598.9485,1496.9822948094986,100.0542857142857,295683.7438,-5.351601951789331,1537.2559999999999,20.96930208667239
2023-02-15,1555.69,1699.99,1524.0,1675.4,364945.984,2023-02-15 23:59:59.999,577958268.55974,75736,186465.417,296036292.12667,0,53.277227153346246,17.612573799092388,28.51660668269771,-10.904032883605321,1710.2252056849256,1602.6685,1495.1117943150743,103.33999999999999,300943.88365,0.7050677117457198,1566.104,64.50661694742729
2023-02-16,1675.3,1750.0,1482.18,1638.62,356332.208,2023-02-16 23:59:59.999,601042159.45568,74941,168725.630,285376390.56031,0,49.55035971223022,20.34012365211106,26.88131007658038,-6.54118642446932,1713.43721578957,1604.733,1496.0287842104299,113.88142857142854,306085.76,-1.672377271990838,1586.118,69.1754307540047
2023-02-17,1638.4,1755.0,1540.0,1693.94,295679.866,2023-02-17 23:59:59.999,495191845.77735,66279,154947.172,259664946.81887,0,52.55974427926327,26.65828808223,26.836705677710306,-0.17841759548030467,1725.3333911232455,1610.818,1496.3026088767544,124.91142857142856,309567.95009999996,3.960329198912488,1613.7379999999998,80.67754532707403
2023-02-18,1693.8,1718.0,1677.0,1691.65,188087.414,2023-02-18 23:59:59.999,318612384.61840,50926,90676.533,153637053.79081,0,52.12953245082439,31.121940691784857,27.693752680525222,3.4281880112596355,1732.3024802802586,1613.105,1493.9075197197415,123.52571428571427,302582.82515000005,4.8376601243190755,1651.054,57.73775090876032
2023-02-19,1691.65,1736.0,1665.0,1681.3,248800.698,2023-02-19 23:59:59.999,421585057.41754,59339,120787.861,204746105.91795,0,54.600095742983264,33.438797400788644,28.842761624577903,4.596035776210741,1739.6207575076155,1618.8665,1498.1122424923847,123.9542857142857,295937.53965000005,0.6037541661430891,1676.182,22.317677298546062
2023-02-20,1680.88,1726.44,1651.0,1703.29,254605.832,2023-02-20 23:59:59.999,432169720.76987,61661,126233.621,214351884.07536,0,57.865937072503414,36.62711764401615,30.399632828465553,6.2274848155506,1750.0585064185523,1624.7675000000002,1499.476493581448,115.54857142857142,292692.30525,3.2109313458159128,1681.7599999999998,25.352399294781446
2023-02-21,1703.7,1720.0,1627.83,1659.5,282558.744,2023-02-21 23:59:59.999,474321128.28527,63211,137860.198,231678483.79867,0,48.94760492495731,35.214466921257326,31.36259964702391,3.851867274233417,1751.742960123539,1625.682,1499.621039876461,111.98928571428571,292769.65689999994,7.385286371548569,1685.9360000000001,16.719970992858485
2023-02-22,1659.6,1673.43,1580.0,1642.98,351330.681,2023-02-22 23:59:59.999,572439124.95919,73551,166552.772,271508968.56450,0,49.336908471628384,32.38855006529184,31.567789730677497,0.8207603346143415,1751.692111091179,1625.65,1499.6078889088212,110.76571428571428,292088.95569999993,7.302959847435926,1675.7440000000001,24.39261835068208
2023-02-23,1643.06,1680.0,1623.0,1650.55,323859.399,2023-02-23 23:59:59.999,536023084.30131,75514,158436.662,262293810.25645,0,61.56841179058513,30.40928700075756,31.336089184693513,-0.9268021839359548,1750.3375684991877,1624.9940000000001,1499.6504315008126,105.54357142857144,296340.12429999997,7.279581424068117,1667.524,24.616529609228724
2023-02-24,1650.5,1700.0,1567.04,1607.9,388735.419,2023-02-24 23:59:59.999,632348479.05456,96312,157031.809,255785634.70639,0,57.94344153693276,25.109758537082143,30.090823055171246,-4.981064518089102,1746.0559646421696,1622.0645,1498.0730353578303,111.93642857142858,302707.0485,3.346102426984791,1652.8440000000003,34.320639999889806
2023-02-25,1609.14,1649.0,1530.0,1594.71,358621.201,2023-02-25 23:59:59.999,571215452.29546,70612,152897.799,244164693.74095,0,55.74421078471483,19.619361495319026,27.996530743200804,-8.377169247881778,1744.8581299734228,1620.3295,1495.8008700265773,117.43928571428572,304129.08534999995,5.955869162231664,1631.128,28.233247599276293
2023-02-26,1594.93,1655.0,1588.4,1641.23,240658.848,2023-02-26 23:59:59.999,387864591.79028,62932,125142.326,201802626.12945,0,58.24116432142375,18.805183055244242,26.15826120560949,-7.353078150365249,1746.538340108523,1621.7115,1496.8846598914768,117.76785714285714,301736.33160000003,5.500559248164762,1627.474,24.590580107066252
2023-02-27,1641.23,1670.0,1607.89,1633.25,289296.399,2023-02-27 23:59:59.999,473983687.52859,73512,152792.517,250369339.65542,0,63.484682713347915,17.31640868703471,24.389890701894537,-7.073482014859827,1742.6092246422938,1619.8135,1497.0177753577061,113.06142857142856,301218.34910000005,-2.515817118300113,1625.528,23.4135541941424
2023-02-28,1633.44,1650.0,1596.0,1604.98,280311.702,2023-02-28 23:59:59.999,456445526.56292,77722,135838.877,221260024.02681,0,55.44418933239137,13.697495336590919,22.251411628833814,-8.553916292242896,1739.6450997647812,1617.5475000000001,1495.449900235219,108.82285714285715,300492.4664,-2.0529469919810497,1616.414,19.834143036744713
2023-03-01,1605.06,1670.0,1595.0,1665.08,345305.51,2023-03-01 23:59:59.999,568536300.60530,86436,175182.123,288705703.23173,0,48.68809112173292,15.500369545370404,20.901203212141134,-5.40083366677073,1742.4273681721631,1623.5330000000001,1504.6386318278371,101.60928571428572,296811.3721,-1.7037203206725224,1627.85,28.35292665673233
2023-03-02,1665.17,1685.0,1612.5,1647.99,293470.95,2023-03-02 23:59:59.999,481850970.47050,73082,152980.216,251201956.68233,0,51.25391430024357,15.372930597315644,19.795548689176037,-4.422618091860393,1740.377864097458,1629.3745,1518.3711359025417,87.65785714285714,292640.59455,-2.5809121272130806,1638.506,22.10860759980238
2023-03-03,1647.99,1680.0,1530.0,1569.53,331397.236,2023-03-03 23:59:59.999,521161699.13209,88499,156428.728,246248074.93201,0,34.32215137233156,8.838977796449171,17.604234510630665,-8.765256714181493,1737.361110937138,1630.9234999999999,1524.4858890628618,83.015,298935.3243999999,-6.647832034735026,1624.166,37.67377244187314
2023-03-04,1569.54,1660.0,1512.6,1566.57,322710.245,2023-03-04 23:59:59.999,505260116.89139,57429,139122.792,218606855.46935,0,34.26429146537839,3.382929558773185,14.759973520259168,-11.377043961485983,1736.4017564772569,1631.4599999999998,1526.5182435227428,90.61500000000001,302990.74779999995,-8.026818686189669,1610.83,44.785009210695044
2023-03-05,1566.8,1660.0,1536.0,1575.56,312364.282,2023-03-05 23:59:59.999,493172146.56679,49765,125539.988,199058809.15894,0,36.65168652797413,-0.21315301557410749,11.765348213092512,-11.97850122866662,1725.8430993317752,1634.9845,1544.1259006682249,94.4007142857143,306995.25945,-5.058150045194338,1604.946,47.5905224808684
2023-03-06,1568.0,1587.0,1562.0,1571.0,143742.459,2023-03-06 23:59:59.999,226172988.26566,62791,79843.539,125851179.17041,0,32.53136141555525,-3.3919282175206718,8.733892926969876,-12.125821144490548,1724.0124507200426,1635.7514999999999,1547.4905492799571,90.79785714285715,298640.75385,-4.381063676977201,1586.1299999999999,34.732747515882465
2023-03-07,1572.12,1584.0,1530.0,1561.61,203396.888,2023-03-07 23:59:59.999,318438167.76130,80397,75389.123,118127984.94006,0,35.7821350762527,-6.592826985797501,5.6685489444164,-12.261375930213902,1722.1489480660034,1630.0620000000001,1537.9750519339968,88.07142857142857,290563.29905000003,-5.388506861349251,1568.854,5.18953080750436
2023-03-08,1561.89,1569.99,1540.01,1540.01,168574.206,2023-03-08 23:59:59.999,262633805.50412,45230,80544.353,125721909.47574,0,35.26178684911115,-10.748598647714743,2.3851194259901707,-13.133718073704914,1725.478220245908,1625.1315,1524.784779754092,83.53928571428571,281175.39894999994,-4.2222775048199574,1562.95,13.828938860304394
2023-03-09,1540.01,1564.0,1408.0,1438.69,286869.696,2023-03-09 23:59:59.999,429588437.80118,81583,97295.668,146193157.03359,0,26.092353525322736,-21.9645610763082,-2.484816674469505,-19.479744401838694,1737.6880877883732,1612.3690000000001,1487.049912211627,90.61071428571428,280734.89045,-9.78359701763957,1537.374,56.83692136280814
2023-03-10,1438.69,1447.0,1357.0,1426.8,538697.091,2023-03-10 23:59:59.999,758186718.87815,83408,267340.473,377097424.51532,0,28.038901823826137,-31.450177667641583,-8.277888873103922,-23.17228879453766,1743.6702475605434,1599.1264999999999,1454.5827524394563,87.54214285714285,298265.37429999997,-13.065201099175622,1507.6219999999998,69.39789960799999
2023-03-11,1426.65,1484.73,1409.02,1471.91,420570.03,2023-03-11 23:59:59.999,607177176.16767,77206,226474.239,326996065.59106,0,36.17864217540068,-34.9250034566619,-13.607311789815519,-21.31769166684638,1738.3799695977257,1588.657,1438.9340304022742,84.45,306853.8409,-9.878463186897285,1487.804,60.330515330154846
2023-03-12,1472.18,1579.8,1444.4,1542.72,616648.782,2023-03-12 23:59:59.999,920109343.80703,86118,371478.874,557886477.56068,0,39.487332721490624,-31.6007786080977,-17.206005153471956,-14.394773454625742,1721.4239419526243,1580.6285,1439.8330580473757,89.36428571428571,324955.98840000003,-3.8791760644992457,1484.026,54.900271675120656
2023-03-13,1544.58,1700.0,1527.0,1639.0,399133.569,2023-03-13 23:59:59.999,644875569.48906,66693,206322.639,334123516.18359,0,50.516315572077644,-20.955750266822633,-17.955954176142093,-2.9997960906805403,1718.2635912147666,1579.6035,1440.9434087852333,97.285,330784.72965,-1.5662911091358933,1503.824,88.00438585662677
2023-03-14,1639.0,1765.14,1600.86,1699.6,319550.467,2023-03-14 23:59:59.999,539138741.69597,55729,143746.594,243908445.37390,0,58.0300767193971,-7.542628343979231,-15.87328900970952,8.330660665730289,1728.649005216437,1582.4344999999998,1436.2199947835627,105.16214285714287,329195.71895,3.131693760277666,1556.0059999999999,113.41305736114354
2023-03-15,1699.61,1735.0,1593.18,1649.69,506671.323,2023-03-15 23:59:59.999,842424066.48893,89917,258159.254,429326642.69881,0,48.67091559148144,-0.929240759483946,-12.884479359664407,11.955238600180461,1728.5221418060048,1582.3915,1436.260858193995,109.93500000000002,338336.31515000004,5.107261409466533,1600.584,91.64687299631136
2023-03-16,1649.89,1690.32,1620.0,1673.39,465282.75,2023-03-16 23:59:59.999,770887388.43788,88434,199802.245,331032420.12474,0,52.16878991768845,6.1533761885903,-9.076908250013465,15.230284438603766,1737.0441446225705,1585.666,1434.2878553774294,109.77928571428572,342163.6817,6.8187186017860775,1640.8799999999999,59.62691212868587
2023-03-17,1673.54,1750.0,1662.73,1744.0,417618.425,2023-03-17 23:59:59.999,715189923.57352,67258,230549.003,395180865.18612,0,65.09961400654285,17.265017658579154,-3.80852306829494,21.073540726874093,1760.287132561715,1593.1305,1425.973867438285,105.29857142857144,345113.5429,10.690802000558536,1681.136,42.18144058708785
2023-03-18,1743.14,1815.54,1668.0,1705.46,208174.433,2023-03-18 23:59:59.999,364425776.14179,31261,81519.527,144177133.13061,0,61.322985113564116,22.699551372575115,1.4930918198790726,21.206459552696042,1769.7411101291552,1596.342,1422.942889870845,105.30857142857143,343489.32215,8.558879694462128,1694.4279999999999,35.53140821867354
2023-03-19,1705.46,1815.0,1700.0,1779.53,290127.366,2023-03-19 23:59:59.999,515610399.91213,46468,160939.209,286095872.14493,0,65.03338787423165,32.60741053456559,7.7159555628163785,24.89145497174921,1795.0196357027444,1603.656,1412.2923642972555,104.66571428571429,343530.87049999996,13.954828670410672,1710.414,52.41126720469571
2023-03-20,1779.39,1785.15,1722.19,1729.68,238756.282,2023-03-20 23:59:59.999,418949958.13681,55180,121513.420,213350445.63876,0,60.963409241653785,36.021745655389395,13.377113581330985,22.64463207405841,1809.3893108645134,1609.891,1410.3926891354868,107.37714285714286,341453.0995,12.316153791209153,1726.4119999999998,39.97454902812546
2023-03-21,1729.3,1790.0,1693.63,1759.0,181751.569,2023-03-21 23:59:59.999,316216843.51104,34837,93016.711,162429061.34026,0,63.27241430319659,40.62520769414982,18.826732403894756,21.798475290255066,1823.7430012197003,1614.587,1405.4309987802997,110.40357142857142,333275.40245000005,22.26400405924834,1743.534,28.181062435649938
2023-03-22,1759.01,1805.0,1714.69,1734.18,294479.511,2023-03-22 23:59:59.999,517220043.06307,52526,121833.548,214653387.54811,0,62.99961169208523,41.78900037187759,23.419185997491326,18.369814374386266,1834.40563789615,1618.8965,1403.3873621038501,114.71285714285713,333325.83050000004,21.543313708999168,1741.5700000000002,28.481058618000834
2023-03-23,1734.33,2035.0,1720.93,1813.54,409164.322,2023-03-23 23:59:59.999,723114801.51199,71886,233277.845,412723533.95513,0,75.85636045083947,48.55528807811015,28.446406413615094,20.10888166449506,1861.9224716490482,1631.0970000000002,1400.2715283509522,126.0035714285714,337214.18480000005,23.209978870990746,1763.1860000000001,34.583862999988945
2023-03-24,1813.72,1818.0,1725.0,1749.28,367827.823,2023-03-24 23:59:59.999,650038658.06122,62804,160404.247,283651990.76223,0,70.74520096752615,48.177020177545046,32.39252916640108,15.784491011143963,1874.7381312979007,1640.2325,1405.7268687020994,126.21785714285713,339470.0637,13.389338311553617,1757.136,33.64302423983319
2023-03-25,1749.49,1763.0,1701.41,1741.95,305319.548,2023-03-25 23:59:59.999,532804174.12540,56385,142072.016,248096497.80125,0,68.25927027831122,46.746901222087445,35.263403577538355,11.48349764454909,1885.193353648814,1648.5520000000001,1411.9106463511862,125.20928571428568,339117.827,6.281269066503968,1759.5899999999997,31.520169733077328
2023-03-26,1742.05,1789.0,1733.36,1773.68,356344.016,2023-03-26 23:59:59.999,628367219.07488,56038,186094.588,328360538.66406,0,66.48819212427541,47.62487752510947,37.73569836705258,9.88917915805689,1898.679251343507,1658.6860000000001,1418.6927486564932,119.51214285714285,349747.90485,4.358672628853857,1762.5259999999998,32.129285395134524
2023-03-27,1772.55,1779.83,1670.0,1715.5,363430.569,2023-03-27 23:59:59.999,630656231.73061,70215,153248.198,265999701.89330,0,55.77550280847979,43.12887744884347,38.81433418341076,4.314543265432711,1903.1146780383235,1666.3805,1429.6463219616764,114.99999999999999,357749.5889,3.9892343409973963,1758.7900000000002,36.97067892265448
2023-03-28,1715.79,1792.0,1688.45,1772.55,395414.341,2023-03-28 23:59:59.999,688025033.43723,76635,214896.212,374626575.55714,0,55.537170008956636,43.665870238676916,39.78464139446399,3.8812288442129272,1911.4275209581706,1678.0075000000002,1444.5874790418297,110.66214285714283,369091.59565000003,5.925695743371231,1750.592,24.09908442248404
2023-03-29,1772.32,1876.17,1758.49,1792.92,232705.462,2023-03-29 23:59:59.999,417122182.40859,62026,110909.187,199556321.82974,0,61.382094438881744,45.21393159551303,40.8704994346738,4.343432160839228,1905.2103019571275,1695.7189999999998,1486.2276980428721,108.93785714285711,366383.38395,2.805045871559637,1759.3200000000002,30.545506216168885
2023-03-30,1792.85,1833.16,1750.07,1793.4,371553.661,2023-03-30 23:59:59.999,665874951.23918,74075,175122.837,314000309.76084,0,59.902305394656516,45.94983229849822,41.88636600743869,4.063466291059534,1885.0926988051779,1714.0490000000002,1543.0053011948226,109.85,358026.21245,5.156380096865365,1769.61,31.868561310514323
2023-03-31,1793.52,1847.99,1771.04,1821.98,305792.768,2023-03-31 23:59:59.999,554610674.57385,66778,171490.974,311370171.15832,0,56.91385608398057,48.28263390569782,43.16561958709052,5.117014318607303,1865.9956814830075,1731.5525000000002,1597.109318516993,109.11285714285714,352287.34935,2.38546132967694,1779.27,39.755171990597724
2023-04-01,1822.01,1846.0,1807.5,1820.7,263040.972,2023-04-01 23:59:59.999,479764419.45021,50872,120992.873,220893374.40455,0,60.940229361282,49.45798976426477,44.42409362252537,5.0338961417393975,1852.3523617507967,1745.4515000000004,1638.550638249204,101.32428571428571,334606.95885,5.262245039544886,1800.31,20.96615606166267
2023-04-02,1820.7,1825.0,1766.0,1794.16,284258.572,2023-04-02 23:59:59.999,512900199.23571,55646,116009.471,209512674.85995,0,51.526661796932075,47.69807780429005,45.07889045887831,2.6191873454117385,1849.5847397712087,1753.2095000000002,1656.8342602287917,97.32428571428571,328863.209,1.9988629903354225,1804.632,15.265363408775816
2023-04-03,1794.35,1845.0,1751.18,1810.16,378803.994,2023-04-03 23:59:59.999,681810658.22000,71115,188252.985,339295917.03881,0,59.036604536267696,47.05201484072836,45.47351533524833,1.578499505480032,1854.8482834188194,1758.7375,1662.6267165811805,99.52857142857142,331825.88535,4.381321431454636,1808.0800000000004,13.838981176444655
2023-04-04,1810.19,1910.88,1784.65,1870.38,339532.689,2023-04-04 23:59:59.999,627933068.43779,68604,180509.173,334145793.74659,0,61.69466610667788,50.81350950072124,46.541514168342914,4.271995332378324,1863.8207885923869,1769.7720000000002,1675.7232114076135,101.66142857142857,323468.95365,3.134201616727513,1823.476,28.489792558072082
2023-04-05,1870.58,1945.0,1852.0,1908.79,385820.634,2023-04-05 23:59:59.999,736128575.49173,72207,201959.322,385912193.91771,0,67.82498621858348,56.24552372720336,48.48231608011501,7.76320764708835,1883.3989026362146,1781.5420000000001,1679.6850973637856,101.85357142857143,319495.84784999996,9.11860879904875,1840.8380000000002,47.475568664334794
2023-04-06,1908.81,1945.0,1857.0,1872.41,297228.602,2023-04-06 23:59:59.999,558475606.83238,64455,131015.894,246413854.69609,0,56.587811373962104,56.9582924376698,50.177511351625974,6.780781086043824,1895.8645717566646,1787.9625,1680.0604282433355,85.7057142857143,313476.3567,7.48930795947071,1851.1799999999998,47.62401127584662
2023-04-07,1872.22,1887.0,1840.0,1863.81,237441.867,2023-04-07 23:59:59.999,441976019.80919,54192,108070.913,201302638.44313,0,64.6401636200946,56.18159222578288,51.378327526457355,4.803264699325524,1901.5069660541371,1795.8800000000003,1690.2530339458635,82.42,314939.7284,5.081525416084067,1865.11,35.391375361830285
2023-04-08,1863.54,1882.59,1846.88,1848.49,213711.26,2023-04-08 23:59:59.999,398270622.13918,44498,113357.357,211407134.06727,0,63.34619431778324,53.71071209138927,51.84480443944374,1.8659076519455269,1907.1863196601319,1799.328,1691.469680339868,80.57142857142857,311118.9231,7.7522588166715245,1872.7760000000003,22.20969337928761
2023-04-09,1848.5,1875.0,1830.0,1858.53,285124.199,2023-04-09 23:59:59.999,526921950.54002,52564,130445.921,241132616.94219,0,61.23989932441382,51.96366113605109,51.86857577876521,0.09508535728587475,1911.4837647102381,1805.7704999999999,1700.0572352897616,79.81142857142856,313437.31895,4.850638910044851,1870.4060000000002,23.14198090056188
2023-04-10,1858.66,1920.0,1846.72,1910.47,419070.873,2023-04-10 23:59:59.999,787277427.89356,69590,229812.280,432156690.59758,0,76.26141537135317,54.14607236892198,52.32407509679658,1.821997272125401,1926.3973136268592,1813.3439999999998,1700.2906863731405,77.20071428571428,325303.28415,6.556343841331456,1870.7419999999997,23.840266777072195
2023-04-11,1910.45,1940.0,1877.0,1890.1,330590.822,2023-04-11 23:59:59.999,631599077.48037,67767,155228.954,296824036.48683,0,67.56942576151616,53.61393219673937,52.58204651678514,1.0318856799542289,1932.7021026009736,1821.1399999999999,1709.5778973990261,74.30428571428571,327108.8497,5.391992862718848,1874.28,25.41060802109965
2023-04-12,1890.1,1930.22,1852.31,1915.0,530246.447,2023-04-12 23:59:59.999,1006336309.32732,82772,260846.284,495135822.10964,0,68.00271338406182,54.572353062445245,52.980107825917166,1.592245236528079,1945.2938845144781,1826.2130000000002,1707.1321154855223,71.46357142857143,333162.95595,5.105434746813905,1884.518,30.03002780554795
2023-04-13,1915.0,2043.77,1899.52,2010.57,618697.761,2023-04-13 23:59:59.999,1221355116.89152,90761,354943.844,701794899.49122,0,75.01094091903718,62.325163107514754,54.84911888223669,7.476044225278066,1978.4566082133617,1839.2774999999997,1700.0983917866376,75.83214285714284,345706.45285,10.428406656780354,1916.934,56.88654260896876
2023-04-14,2010.57,2330.02,2003.32,2100.2,714372.195,2023-04-14 23:59:59.999,1500301288.94000,96130,316223.695,662733396.62251,0,78.0916801292407,74.83901527265402,58.84709816032016,15.991917112333866,2031.4264820095595,1857.19,1682.9535179904406,93.67142857142856,366159.0852,17.05756454273865,1965.268,88.65500081778839
2023-04-15,2099.83,2111.89,2073.26,2090.07,284955.633,2023-04-15 23:59:59.999,596999375.46881,55297,144905.517,303661479.70046,0,76.72056343616708,82.98235796303243,63.67415012086262,19.308207842169807,2071.1355699626824,1873.0095000000001,1674.8834300373178,93.68071428571425,362589.66605,15.463273964732402,2001.188,96.90242912333056
2023-04-16,2090.07,2160.0,2065.13,2118.68,456190.153,2023-04-16 23:59:59.999,959413792.68434,69319,210066.969,441978569.97583,0,82.05959061092234,90.69908106275307,69.07913630924072,21.619944753512343,2105.361688766413,1893.1685000000002,1680.9753112335873,96.2428571428571,367227.64525,13.275377196077788,2046.904,84.51979963299802
2023-04-17,2118.67,2122.05,2048.0,2075.07,326271.319,2023-04-17 23:59:59.999,679697483.45132,56724,157021.549,327188610.16587,0,74.8168549641205,92.23247857891306,73.7098047631752,18.52267381573786,2127.305038124049,1908.2945,1689.283961875951,94.83071428571427,363770.49415,8.711277825219128,2078.918,41.36593852437264
2023-04-18,2074.76,2125.0,2050.88,2103.05,408085.413,2023-04-18 23:59:59.999,854101732.62178,75992,209735.960,439124768.36849,0,73.19787034636788,94.6147988143216,77.89080357340448,16.72399524091712,2152.1341240371053,1923.801,1695.4678759628948,91.1085714285714,372539.4917,12.31781500846503,2097.4139999999998,16.16290289527866
2023-04-19,2103.41,2104.52,1907.94,1946.91,290554.849,2023-04-19 23:59:59.999,584776204.66438,45100,117271.073,236420684.46349,0,53.07806595394207,82.9474451661165,78.9021318919469,4.045313274169601,2151.523104085104,1931.4765,1711.429895914896,98.50714285714282,368489.5511,4.458608978382997,2066.756,68.90044470104789
2023-04-20,1956.71,1981.53,1910.0,1942.59,535538.55,2023-04-20 23:59:59.999,1045635391.32829,96130,287963.189,563059262.48899,0,55.976224538456286,72.51647071050184,77.62499965565789,-5.108528945156053,2151.444571129911,1937.507,1723.569428870089,97.33071428571425,379976.84020000004,5.090641550671084,2037.2599999999998,85.89625719437444
2023-04-21,1942.6,1953.95,1822.0,1859.0,794232.218,2023-04-21 23:59:59.999,1510254127.89176,107221,418275.115,796932981.96378,0,49.636789247149444,56.849508151709415,73.4699013548682,-16.620393203158784,2149.610001019432,1939.4219999999998,1729.2339989805678,103.39857142857139,406536.40249999997,0.02528880351675934,1985.324,101.45607266202491
2023-04-22,1859.0,1888.88,1840.0,1873.95,384561.486,2023-04-22 23:59:59.999,718145055.71332,59947,191084.855,356741545.42693,0,51.923599987911395,45.11955733611194,67.79983255111695,-22.68027521500501,2144.8366548889035,1943.4115000000002,1741.986345111097,104.3392857142857,411551.5482,-1.9115714981130287,1945.1,96.73845047343904
2023-04-23,1873.95,1900.0,1836.09,1880.0,231145.982,2023-04-23 23:59:59.999,431663229.96339,46030,113210.194,211790789.38055,0,51.63197981118594,35.89786302376501,61.41943864564656,-25.521575621881546,2140.885928208324,1946.9035,1752.9210717916756,105.68999999999998,404168.6476,-0.5343632612031062,1900.4899999999998,41.148688314476544
2023-04-24,1865.0,1890.0,1798.31,1845.2,221191.433,2023-04-24 23:59:59.999,411188028.12360,36069,95903.024,178861491.36007,0,44.90595488956527,25.48772801524524,54.233096519566296,-28.745368504321057,2142.0300879022257,1945.6444999999999,1749.2589120977739,107.005,398251.5848,-3.644908616187987,1880.148,37.43675025962989
2023-04-25,1847.1,1890.0,1760.0,1866.47,201963.937,2023-04-25 23:59:59.999,372044867.59783,40684,106224.918,196226438.01665,0,48.1583664562388,18.737933031188277,47.13406382189069,-28.396130790702415,2142.4812682931106,1943.5285,1744.575731706889,111.79071428571429,389058.74995,-7.167121761490518,1864.9239999999998,13.557972931152781
2023-04-26,1865.88,1999.99,1770.0,1861.29,381216.229,2023-04-26 23:59:59.999,725044732.71604,34789,153633.978,291960917.30677,0,45.681295530932886,12.82287504617284,40.271826066747124,-27.448951020574285,2142.8222415426158,1942.9725000000003,1743.1227584573849,122.65357142857142,393258.1313,-11.375583277783061,1865.382,13.344829335809141
2023-04-27,1861.2,1950.0,1804.0,1898.8,211312.84,2023-04-27 23:59:59.999,399118302.10058,30063,118521.266,224251244.24882,0,40.08726963123258,11.034691439152994,34.4243991412283,-23.389707702075306,2142.253028619004,1944.7219999999998,1747.1909713809957,122.77857142857142,391951.67995,-9.151368135995455,1870.352,20.200157672698545
2023-04-28,1898.8,1915.0,1860.52,1889.84,149151.377,2023-04-28 23:59:59.999,282093062.26916,30896,86462.981,163805945.69420,0,28.2281101221279,8.793183582495203,29.298156029481678,-20.504972446986475,2140.915804242524,1946.7895,1752.6631957574764,103.3342857142857,388723.6858,-10.801064813940753,1872.3200000000002,21.791733524478637
2023-04-29,1885.68,1913.0,1873.0,1894.0,99945.247,2023-04-29 23:59:59.999,189260303.60461,20678,43608.383,82939502.16445,0,29.453188858382376,7.268661089871557,24.892257041559652,-17.623595951688095,2139.9226450993397,1948.563,1757.2033549006608,103.43214285714286,379464.7382,-8.7259706901454,1882.08,17.012925968272206
2023-04-30,1894.0,1933.0,1872.0,1901.99,123261.912,2023-04-30 23:59:59.999,233517571.26578,21425,66964.806,127253209.63579,0,26.26667542879676,6.628779808301488,21.23956159490802,-14.610781786606534,2139.891204450151,1948.139,1756.386795549849,101.01285714285716,364674.29015,-9.560400370889905,1889.184,16.264689668171624
2023-05-01,1891.03,1901.99,1795.0,1860.9,194417.797,2023-05-01 23:59:59.999,361316264.24446,33602,127180.792,236600604.36417,0,26.412476045727885,2.7740719118196466,17.546463658290346,-14.7723917464707,2140.7228356224473,1946.679,1752.6351643775527,103.36571428571429,357865.6389,-4.417769696596144,1889.1059999999998,16.431977361289384
2023-05-02,1860.71,1879.99,1833.0,1860.91,193261.117,2023-05-02 23:59:59.999,359959707.52772,32344,85036.889,158467829.24381,0,21.581146425050477,-0.2768140117693747,13.981808124278402,-14.258622136047777,2141.356456245986,1943.9745000000003,1746.5925437540143,101.42785714285716,341016.3724,-4.204695792730315,1881.5280000000002,19.32582391521536
2023-05-03,1860.71,1876.99,1849.0,1860.91,171604.274,2023-05-03 23:59:59.999,319345325.01786,29858,79714.490,148347483.41416,0,34.066992737512976,-2.6639546754156527,10.652655564339591,-13.316610239755244,2134.5893593123196,1936.4915,1738.3936406876805,89.38571428571431,318661.69805,0.10274341043572253,1875.7420000000002,20.509592146161673
2023-05-04,1860.9,1880.0,1859.77,1867.0,102657.491,2023-05-04 23:59:59.999,191232570.41830,19985,42386.580,79042506.10170,0,36.08687649549053,-4.018051153481338,7.718514220775405,-11.736565374256742,2109.3437175128015,1924.8314999999998,1740.319282487198,85.7214285714286,288075.96285,-0.3708743563062005,1870.342,17.88743609357932
2023-05-05,1867.98,1987.36,1860.61,1934.4,422794.252,2023-05-05 23:59:59.999,818148227.64238,53243,129734.562,247398371.43657,0,64.75769200657639,0.34347498083752726,6.243506372787829,-5.900031391950302,2084.5615434082133,1917.048,1749.5344565917867,85.35000000000002,294967.89379999996,2.893617021276601,1876.824,32.293928686394
2023-05-06,1934.4,1981.35,1860.0,1907.49,149561.678,2023-05-06 23:59:59.999,284429871.25677,50890,87090.082,165993986.80326,0,56.271034328023326,1.610044174610266,5.316813933152317,-3.706769758542051,2044.5156296403493,1906.4885,1768.4613703596506,90.52642857142858,279636.47005,3.375785822675047,1886.1420000000003,33.25768888545808
2023-05-07,1905.93,1939.0,1866.84,1893.99,96933.086,2023-05-07 23:59:59.999,184772869.05965,27830,42515.855,81413666.92067,0,52.54483937861535,1.5070993073427417,4.5548710079904025,-3.047771700647661,2010.37748747559,1897.4344999999998,1784.4915125244097,91.11571428571429,268169.55840000004,1.4744410571828093,1892.7580000000003,30.12629864424001
2023-05-08,1869.85,1900.0,1810.0,1862.41,187944.342,2023-05-08 23:59:59.999,350167227.22708,28496,72700.106,135726821.89967,0,53.16767899871158,-1.1099327032782185,3.421910265736678,-4.531842969014896,1944.599163801045,1885.4025000000001,1826.2058361989552,90.995,257162.50485,0.06017332065396141,1893.0580000000002,29.734792247499186
2023-05-09,1862.41,1879.82,1858.81,1860.91,37174.86,2023-05-09 23:59:59.999,69281526.03893,18801,19492.666,36362324.24105,0,48.896299825313655,-3.267323222103414,2.0840635681686592,-5.351386790272073,1933.6022719786035,1881.1025000000002,1828.6027280213968,83.21000000000001,244493.5054,-1.9954708236781058,1891.8400000000001,31.159622911741614
2023-05-10,1860.91,1888.21,1785.41,1861.1,126746.292,2023-05-10 23:59:59.999,235207537.22308,25843,55076.235,102757833.64660,0,49.961521325286554,-4.90519530127267,0.6862117942803929,-5.591407095553063,1921.464661297614,1877.0280000000002,1832.5913387023866,74.125,224053.8925,-1.5207636625322785,1877.1799999999998,22.03806025951226
2023-05-11,1860.91,1870.17,1820.0,1860.71,127228.172,2023-05-11 23:59:59.999,236381502.49446,25050,70957.105,132109881.86008,0,40.9210087238404,-6.1636398612915855,-0.6837585368340032,-5.479881324457582,1921.4104697302068,1877.1135000000002,1832.8165302697935,67.28,190703.6902,-1.7576557550158376,1867.824,14.642365929106798
2023-05-12,1860.91,1870.9,1812.75,1860.71,275367.489,2023-05-12 23:59:59.999,511241961.26170,42887,139097.984,258783677.73643,0,42.74687515561976,-7.079359788813008,-1.9628787872298048,-5.116481001583203,1921.3393238198157,1876.4515,1831.563676180184,67.54214285714286,185243.99035,-2.1703584140820915,1861.1680000000001,0.7129656386178008
2023-05-13,1860.9,1864.2,1855.28,1860.9,64617.303,2023-05-13 23:59:59.999,120239784.71846,22174,32123.221,59791657.28914,0,41.59215606584029,-7.700971016485482,-3.110497233080941,-4.5904737834045415,1920.8764660285512,1875.4965,1830.1165339714487,65.32214285714288,176917.5564,0.0,1860.866,0.16318701495173624
2023-05-14,1860.91,1871.67,1852.31,1860.9,71062.482,2023-05-14 23:59:59.999,132237124.68910,23656,38315.723,71312570.84114,0,39.120995499073345,-8.100228006639554,-4.108443387792664,-3.99178461884689,1919.966320089205,1876.2815000000003,1832.5966799107955,62.347857142857166,169411.10885000002,-0.0005373715010393251,1860.864,0.16257306618518616
2023-05-15,1861.1,1871.28,1858.24,1860.91,52827.413,2023-05-15 23:59:59.999,98308961.20409,23251,24370.525,45361213.95737,0,50.00338363673276,-8.319928178336795,-4.95074034590149,-3.369187832435305,1920.0207178144065,1876.0035,1831.9862821855936,55.63714285714288,161954.28265,0.0,1860.8259999999998,0.10597170305693268
2023-05-16,1860.91,1868.68,1830.0,1860.91,97094.741,2023-05-16 23:59:59.999,180202242.25007,24401,48142.742,89534926.00096,0,50.0,-8.397243946152912,-5.640041065951775,-2.7572028802011372,1920.0287789034048,1875.9845,1831.9402210965952,55.043571428571454,147748.20825,-0.3261917514729469,1860.8660000000004,0.0873498817908802
2023-05-17,1860.9,1870.0,1858.0,1861.1,58894.008,2023-05-17 23:59:59.999,109599278.70005,25144,25800.543,48021508.91141,0,50.064210882054695,-8.346967195055413,-6.181426291772503,-2.16554090328291,1917.250287501685,1874.0995000000003,1830.9487124983154,53.901428571428596,140127.26665,-3.789288668320936,1860.944,0.08734988179189539
2023-05-18,1860.71,1867.19,1840.43,1860.52,95298.568,2023-05-18 23:59:59.999,177361493.65993,31778,41252.565,76769220.05679,0,47.72535804549283,-8.258722251089239,-6.596885483635851,-1.661836767453388,1915.5240855320098,1872.6335,1829.74291446799,54.36785714285717,137434.6262,-2.4623982301348906,1860.868,0.21182540416314422
2023-05-19,1860.71,1864.14,1857.48,1861.1,74906.65,2023-05-19 23:59:59.999,139391492.30796,42713,45013.808,83770138.90811,0,1.5339857180635192,-8.049200175319811,-6.887348421972643,-1.1618517533471682,1912.9420704636327,1870.9885,1829.0349295363671,45.79000000000003,136182.69635,-1.7365455995015866,1860.9080000000001,0.23679105103227224
2023-05-20,1860.9,1873.17,1856.76,1860.9,47405.333,2023-05-20 23:59:59.999,88217531.95558,19994,23385.816,43530660.29301,0,2.3717031281939143,-7.8092703418788005,-7.071732805953874,-0.7375375359249263,1908.4488214153755,1868.934,1829.4191785846244,38.294285714285756,132389.86740000002,-0.08107774335404078,1860.9059999999997,0.23681216575371009
2023-05-21,1860.9,1864.33,1858.6,1860.91,50610.45,2023-05-21 23:59:59.999,94182861.60923,20204,25408.732,47293059.96930,0,3.3032185206088087,-7.531498873036071,-7.163686019370314,-0.36781285366575744,1908.448893632202,1868.9345,1829.420106367798,33.54928571428575,125199.50005,0.0,1860.9060000000002,0.23681216575371009
2023-05-22,1860.9,1871.67,1859.0,1860.71,95758.526,2023-05-22 23:59:59.999,178235169.63775,26387,35470.157,66050772.48470,0,28.960396039599658,-7.243997022825624,-7.179748220061375,-0.06424880276424894,1908.4475445624955,1868.9244999999999,1829.4014554375042,28.025714285714326,120324.37049999999,-0.020955348987151293,1860.828,0.2206127871379552
2023-05-23,1860.9,1871.67,1853.8,1860.91,180906.741,2023-05-23 23:59:59.999,336659505.74158,30697,80046.131,149040457.94733,0,50.0,-6.920239196902003,-7.127846415429502,0.20760721852749953,1908.4475445624955,1868.9244999999999,1829.4014554375042,27.801428571428623,120789.49385000001,0.010748585217473194,1860.9060000000002,0.13794927273804586
2023-05-24,1860.71,1862.05,1811.0,1836.8,147001.65,2023-05-24 23:59:59.999,271895294.75583,32679,81882.062,152039557.52632,0,4.426106526631116,-8.51102449913401,-7.404482032170404,-1.1065424669636057,1909.4733942832675,1867.4145,1825.3556057167327,24.10500000000005,123006.70180000001,-1.2849933627486325,1856.0459999999998,10.7591788720997
2023-05-25,1815.12,1836.8,1760.9,1812.48,131941.489,2023-05-25 23:59:59.999,236990021.14521,40213,63046.161,113575905.25891,0,2.332476774065711,-11.600431508014935,-8.24367192733931,-3.356759580675625,1897.417874698102,1861.3185,1825.2191253018982,25.94285714285718,108464.06365,-2.6019667902627797,1846.3619999999999,21.61351128349602
2023-05-26,1806.88,1841.0,1806.0,1837.99,212374.655,2023-05-26 23:59:59.999,389190761.32933,23522,127371.296,233815824.70593,0,35.07227332457285,-11.853722680124065,-8.965682077896261,-2.888040602227804,1888.1435158227182,1857.8435000000002,1827.5434841772822,24.289285714285743,111604.7125,-1.23112472459563,1841.7779999999998,20.136759173258152
2023-05-27,1837.99,1840.0,1825.84,1836.0,92740.975,2023-05-27 23:59:59.999,170085661.80956,22002,38976.621,71598969.67449,0,34.017971758664814,-12.075831459637811,-9.587711954244572,-2.4881195053932395,1881.5536898835549,1854.9440000000002,1828.3343101164455,24.66357142857146,111395.10695,-1.3385924090901806,1836.836,17.13770783978367
2023-05-28,1830.02,1890.92,1830.0,1860.9,218050.663,2023-05-28 23:59:59.999,404954049.60883,37471,73929.585,136852758.65613,0,50.0,-10.125907210429432,-9.695351005481545,-0.43055620494788727,1881.3974429018274,1854.8685,1828.3395570981727,27.632142857142885,112900.423,-0.0005373715010393251,1836.834,17.134196216974477
2023-05-29,1860.91,1904.89,1850.83,1864.0,393228.983,2023-05-29 23:59:59.999,734118437.98699,56465,171488.552,320067529.89510,0,51.459061290017914,-8.235500380303847,-9.403380880446006,1.167880500142159,1881.735445432085,1855.0230000000004,1828.3105545679157,30.5621428571429,130703.12915000001,0.15582182580194998,1842.2740000000001,21.002054185288564
2023-05-30,1862.12,1880.0,1853.8,1868.0,235060.467,2023-05-30 23:59:59.999,437773868.81735,36921,136802.180,254875882.49890,0,53.2259532259532,-6.341472232709293,-8.790999150898664,2.4495269181893704,1882.58439258191,1855.368,1828.15160741809,29.670714285714325,136118.8379,0.4020381398748747,1853.378,15.182190882801647
2023-05-31,1862.0,1869.89,1857.0,1865.0,105389.102,2023-05-31 23:59:59.999,196320651.02505,20768,48949.525,91270872.24627,0,51.730257320319474,-5.024595795332061,-8.037718479785344,3.0131226844532826,1883.042692718188,1855.5825,1828.122307281812,29.73428571428576,135026.8844,0.20955348987158623,1858.78,12.984298209831701
2023-06-01,1862.96,1869.0,1854.55,1860.82,119372.749,2023-06-01 23:59:59.999,222247579.13593,25220,64018.543,119216085.37471,0,50.12897678417883,-4.269041939320459,-7.283983171692367,3.014941232371908,1883.0525605887035,1855.5880000000002,1828.1234394112969,28.85500000000005,127227.14739999999,-0.004298995109901371,1863.744,3.0164018303022355
2023-06-02,1860.79,1900.0,1857.48,1879.99,77034.233,2023-06-02 23:59:59.999,144085239.01173,21616,40399.989,75762654.89931,0,57.00200163095859,-2.099202970202441,-6.247027131394382,4.147824161191941,1886.0363129981984,1856.5425,1827.0486870018017,31.416428571428614,127847.9939,1.0253048239839608,1867.5620000000004,7.405290001199164
2023-06-03,1866.1,1892.0,1865.0,1889.0,68685.473,2023-06-03 23:59:59.999,129262288.18836,18317,41087.493,77577731.38499,0,59.777313848295016,0.34348229586089474,-4.928925245943327,5.272407541804221,1890.8011620551788,1857.9474999999998,1825.0938379448207,32.17285714285718,127729.14345000002,1.5203873790112357,1872.5620000000004,11.632425370569672
2023-06-04,1889.0,1916.3,1869.0,1892.72,105238.325,2023-06-04 23:59:59.999,198626005.10983,18241,56214.321,106545142.52340,0,60.789634353164594,2.550104857068618,-3.4331192253409375,5.9832240824095555,1895.8893014885252,1859.538,1823.1866985114748,35.14214285714289,130349.68905,1.709378744807645,1877.506,14.182477921783834
2023-06-05,1871.01,1892.88,1825.0,1860.71,231813.355,2023-06-05 23:59:59.999,431828145.07971,30372,134492.678,250550768.28475,0,50.0,1.6963748995299284,-2.4072204003667643,4.103595299896693,1895.8778223251165,1859.5279999999998,1823.178177674883,39.085714285714324,137085.61975,1.3017203832752657,1876.648,15.2200154402643
2023-06-06,1860.71,1881.6,1850.0,1863.0,267756.245,2023-06-06 23:59:59.999,498735536.14116,38970,86944.206,161824377.93734,0,50.57636092879596,1.1908443071615693,-1.6876074588610974,2.8784517660226667,1896.0000419779778,1859.623,1823.2459580220223,40.066428571428595,147528.7316,2.787341101694914,1877.084,14.674700337720152
2023-06-07,1860.91,1870.0,1850.0,1860.91,161806.85,2023-06-07 23:59:59.999,301064558.81076,48611,124117.454,230952034.11172,0,57.56795781279432,0.614478808216063,-1.2271902054456651,1.8416690136617282,1896.0219846020348,1859.6425000000004,1823.263015397966,37.848571428571454,150854.14570000002,1.2470144016017537,1873.268,16.137932643367712
2023-06-08,1860.9,1865.69,1854.0,1861.1,114034.245,2023-06-08 23:59:59.999,212241332.51936,26513,49902.171,92908515.36583,0,67.98609055933707,0.17106448501726845,-0.9475392673530784,1.1186037523703467,1896.0219846020348,1859.6425000000004,1823.263015397966,33.2621428571429,152810.52545000002,1.3671023965141562,1867.688,14.023318794132097
2023-06-09,1860.91,1867.19,1849.44,1860.9,77640.596,2023-06-09 23:59:59.999,144480138.75671,22104,40848.776,76041201.71330,0,60.427856167501204,-0.1942437680306739,-0.7968801674885975,0.6026363994579236,1896.0219846020348,1859.6425000000004,1823.263015397966,32.03000000000004,154322.28860000003,0.0,1861.3239999999998,0.9470110885525841
2023-06-10,1860.9,1864.2,1760.0,1761.0,306386.33,2023-06-10 23:59:59.999,559741213.36716,41221,115947.946,213923156.01602,0,31.950327300731587,-8.44747110283447,-2.3269983545577726,-6.120472748276697,1911.8007236795277,1854.6470000000002,1797.4932763204727,38.461428571428605,167111.08260000002,-5.5257510729613735,1841.382,44.943571509191244
2023-06-11,1765.0,1802.84,1760.0,1771.05,128990.19,2023-06-11 23:59:59.999,228036068.53446,20266,81075.426,143195277.36301,0,26.711938209527688,-14.015697976508818,-4.664738278947982,-9.350959697560835,1918.3214898839276,1850.164,1782.0065101160724,37.17000000000002,168772.66580000002,-5.190042826552465,1822.9919999999997,52.12482681028049
2023-06-12,1771.05,1790.04,1721.62,1749.15,129673.191,2023-06-12 23:59:59.999,227075324.23041,21356,42353.165,74156819.80512,0,22.87563176042697,-19.96555438207679,-7.724901499573744,-12.240652882503046,1926.0488796717923,1844.5760000000002,1763.1031203282082,38.1957142857143,166210.98830000003,-6.211796246648789,1800.64,55.64350141752101
2023-06-13,1748.66,1769.91,1736.13,1741.0,229326.065,2023-06-13 23:59:59.999,402003300.58125,21977,81100.658,142594128.72060,0,20.58278513851566,-25.049737555874117,-11.18986871083382,-13.859868845040296,1933.5250921986374,1839.786,1746.0469078013627,38.73714285714287,170327.20905,-6.439096742296403,1776.6200000000001,48.48069976806845
2023-06-14,1742.44,1757.01,1620.75,1646.0,195129.606,2023-06-14 23:59:59.999,332747045.01719,42676,58722.841,100796155.10736,0,14.431884622880503,-36.32595243499304,-16.217085455665668,-20.108866979327374,1958.9147357758577,1831.462,1704.0092642241423,47.549285714285716,173486.6149,-12.446342799695744,1733.64,50.307993897604874
2023-06-15,1648.87,1675.01,1633.0,1662.0,135648.287,2023-06-15 23:59:59.999,223952590.18699,27670,79511.509,131376645.11935,0,18.90327827827825,-43.470269477779084,-21.667722260088354,-21.80254721769073,1970.8345763341435,1822.6625,1674.4904236658563,49.517857142857146,169650.2965,-12.016940179989412,1713.8400000000001,56.00691251980765
2023-06-16,1669.09,1725.54,1650.0,1709.96,137028.486,2023-06-16 23:59:59.999,229375946.06371,21993,82197.753,137694803.07266,0,25.603351794989493,-44.74641223804974,-26.283460255680634,-18.46295198236911,1972.6434690654355,1816.3605,1660.0775309345645,51.87642857142857,171864.67205,-9.655944883553827,1701.622,46.21355234129217
2023-06-17,1709.96,1760.44,1700.0,1718.18,95265.716,2023-06-17 23:59:59.999,165239786.44401,24140,46112.467,80165027.39473,0,25.43430740911181,-44.5805820674575,-29.942884618036008,-14.637697449421491,1969.9157266917423,1809.2244999999998,1648.5332733082573,54.265,165725.4247,-7.659979255230528,1695.4279999999999,39.8942291566253
2023-06-18,1718.18,1755.99,1709.0,1722.56,66189.772,2023-06-18 23:59:59.999,114830694.89057,30339,34376.017,59795880.08419,0,25.57558707010388,-43.593215613946086,-32.67295081721802,-10.920264796728063,1965.1268606406325,1802.1524999999997,1639.178139359367,54.24285714285715,149373.46414999999,-7.538378958668816,1691.7400000000002,35.204863300420904
2023-06-19,1722.56,1747.43,1705.86,1722.05,95726.431,2023-06-19 23:59:59.999,165111975.78087,26048,43360.961,75161943.41738,0,28.118293144804895,-42.36353288696159,-34.611067231166736,-7.7524656557948575,1958.4839111628135,1794.855,1631.2260888371866,52.36357142857144,142406.76235,-7.461940663438861,1706.95,25.628878243133567
2023-06-20,1734.74,1800.0,1720.0,1790.63,90385.154,2023-06-20 23:59:59.999,158537179.90269,22853,59499.420,104704899.67565,0,40.555425051549086,-35.446561714686595,-34.77816612787071,-0.6683955868158833,1951.3991019050618,1791.1364999999998,1630.8738980949379,55.8207142857143,141656.56495,-3.7864703669872553,1732.6760000000002,32.7874294509563
2023-06-21,1791.29,1899.99,1780.0,1860.91,216304.248,2023-06-21 23:59:59.999,395318128.33004,35355,88660.182,162197419.00571,0,50.0,-24.016951118577026,-32.625923126011976,8.60897200743495,1951.4118452191951,1791.141,1630.870154780805,62.96285714285716,146503.1399,0.000537374388736144,1762.866,62.59158034433644
2023-06-22,1860.9,1885.0,1857.48,1860.0,200697.654,2023-06-22 23:59:59.999,373872177.18578,31583,64099.920,119419512.11820,0,49.87832935138484,-14.86102314591517,-29.072943129992613,14.211919984077444,1948.3149359589645,1790.1415000000002,1631.9680640410359,64.09357142857144,152686.31095,5.621805792163544,1791.23,69.07679892700303
2023-06-23,1860.0,1930.0,1842.4,1861.1,128189.851,2023-06-23 23:59:59.999,239973279.32321,18666,63014.809,118369641.07815,0,50.0220779794233,-7.43046962720905,-24.7444484294359,17.31397880222685,1943.7084005498186,1788.7465,1633.7845994501813,69.08285714285715,155661.52985,5.084554360407665,1818.938,62.07656216320035
2023-06-24,1860.9,1893.3,1851.61,1862.01,90628.741,2023-06-24 23:59:59.999,168951768.21499,18376,48535.977,90628307.45487,0,64.26896454301455,-1.4515405783402002,-20.08586685921676,18.63432628087656,1938.397571374964,1787.211,1636.024428625036,64.61785714285715,154931.05065000002,6.45227682016979,1846.9299999999998,31.48075046757537
2023-06-25,1862.01,1930.0,1741.83,1860.91,151263.856,2023-06-25 23:59:59.999,284004133.22394,20616,69063.851,130088269.31112,0,63.02318840579712,3.161598027791797,-15.436373881815049,18.597971909606848,1938.4280658189978,1787.221,1636.0139341810022,74.99857142857145,150903.5757,6.887421022400924,1860.986,0.7150734240528757
2023-06-26,1860.71,1884.74,1795.81,1861.1,160078.485,2023-06-26 23:59:59.999,297739586.14461,47301,96339.801,179105537.02432,0,67.31417612669736,6.755007499515841,-10.998097605548871,17.753105105064712,1938.1348591890908,1787.1259999999997,1636.1171408109087,76.46357142857144,145519.6877,13.068043742405827,1861.0240000000001,0.7150734240529429
2023-06-27,1860.71,1900.0,1858.25,1889.05,202433.585,2023-06-27 23:59:59.999,378595085.61444,43295,85679.804,160856924.41100,0,71.57597131947885,11.723006287908674,-6.453876826857361,18.176883114766035,1942.9229976440774,1788.5330000000001,1634.1430023559228,77.03285714285717,147551.02445,13.66125150421179,1866.834,12.426513187608148
2023-06-28,1889.05,1893.77,1821.47,1860.68,193779.985,2023-06-28 23:59:59.999,360388869.37933,55073,128194.803,238577225.22684,0,88.82659335889463,13.218583614565432,-2.519384738572802,15.737968353138234,1942.860546321258,1788.512,1634.163453678742,72.46428571428574,151538.31144999998,8.814241268801611,1866.75,12.476283501179301
2023-06-29,1860.68,1886.7,1850.83,1860.71,165438.164,2023-06-29 23:59:59.999,308232532.87810,37683,78285.409,145750950.63878,0,88.14157933126036,14.242086265198623,0.8329094621814839,13.40917680301714,1942.8323089530518,1788.5024999999998,1634.1726910469479,72.02571428571432,155928.18985,8.295405603603811,1866.4900000000002,12.612559216978854
2023-06-30,1860.71,1910.99,1800.0,1860.91,216607.938,2023-06-30 23:59:59.999,404584327.15142,34598,91033.136,169696969.96631,0,85.47924599257279,14.897627244866271,3.645853018718442,11.251774226147829,1950.5239015305622,1793.4980000000003,1636.4720984694384,74.55785714285717,151439.27025,8.03165056659856,1866.4900000000002,12.612559216978854
2023-07-01,1860.91,1927.88,1860.16,1920.99,79451.964,2023-07-01 23:59:59.999,150180042.17727,19657,42313.104,80201573.37483,0,88.3253335349031,20.03416075036239,6.923514565047233,13.110646185315156,1967.5372863953833,1800.9950000000001,1634.452713604617,75.07785714285717,148962.35895,11.552510089718652,1878.468,26.740148092368845
2023-07-02,1922.28,1922.28,1873.06,1922.1,94740.931,2023-07-02 23:59:59.999,181297044.57777,16947,59535.163,114242647.47721,0,88.17924383897142,23.918747847257237,10.322561221489236,13.596186625768,1982.6837268337172,1809.6425,1636.6012731662827,75.23714285714289,147215.74594999998,7.34210864332664,1885.078,33.2920947073299
2023-07-03,1899.58,1963.9,1875.0,1938.41,123191.485,2023-07-03 23:59:59.999,238258376.65339,51085,57645.603,112115421.30679,0,89.03724018475754,27.990732064513622,13.856195390094115,14.134536674419508,1998.4874205301933,1819.5130000000001,1640.538579469807,78.61785714285716,141909.01695,4.164629133058558,1900.6240000000003,36.99359241817217
2023-07-04,1938.41,1955.99,1860.0,1880.0,97889.087,2023-07-04 23:59:59.999,188890581.48553,29545,68097.096,131897501.21222,0,66.73908971717549,26.202563208352558,16.325468953745805,9.877094254606753,1992.1087630658433,1831.2130000000002,1670.317236934157,79.76000000000002,137046.991,1.0752688172043012,1904.482,32.5265456204905
2023-07-05,1880.0,1963.91,1863.0,1929.05,85550.392,2023-07-05 23:59:59.999,164125739.13702,47400,42183.621,81594529.75811,0,63.86537522383198,28.41579201667787,18.743533566332218,9.672258450345652,1989.9062070116481,1844.5655,1699.2247929883517,78.39714285714288,134542.09625,3.6510665735317844,1918.11,22.407365976434388
2023-07-06,1930.0,1940.0,1860.9,1860.9,83797.232,2023-07-06 23:59:59.999,159208507.58107,30161,35986.468,68784538.15560,0,50.14378834355829,24.389509265175775,19.87272870610093,4.516780559074846,1982.9781654537242,1852.1125,1721.2468345462757,82.08142857142859,131880.53355,-0.059612998856069514,1906.092,33.73013593215797
2023-07-07,1860.71,1930.0,1845.0,1901.07,63314.95,2023-07-07 23:59:59.999,118614083.92829,26775,30740.747,57925600.09795,0,55.67707297673495,24.161515550863214,20.73048607505339,3.431029475809826,1977.4547814984985,1861.257,1745.0592185015016,81.89571428571432,130282.99525,2.1580839481758844,1901.886,32.52460806838189
2023-07-08,1925.0,1930.0,1864.0,1928.0,50785.34,2023-07-08 23:59:59.999,96084210.82267,25772,21785.122,41661050.81176,0,58.727681523608005,25.855805198614462,21.755549899765604,4.100255298848857,1971.2566624028213,1871.529,1771.8013375971786,83.63214285714288,129512.77365000002,3.594648326258669,1899.804,29.82308384459679
2023-07-09,1928.0,1928.0,1864.0,1890.19,45086.681,2023-07-09 23:59:59.999,84852550.66847,21347,21816.551,41352901.01217,0,53.529752145819266,23.872404720942313,22.178920864000947,1.6934838569413664,1950.7691472800316,1879.9360000000001,1809.1028527199687,74.76285714285716,126980.78614999999,0.06034779386464626,1901.842,28.44788515868713
2023-07-10,1890.19,1910.11,1862.0,1873.17,60080.359,2023-07-10 23:59:59.999,112667888.56260,23927,31061.076,58446849.43294,0,51.39831784795758,20.688687483781223,21.880874187957005,-1.192186704175782,1941.3010341336908,1884.063,1826.8249658663094,71.84714285714287,125465.54639999999,0.6712599694735263,1890.666,25.953911651268317
2023-07-11,1880.92,1895.0,1862.0,1871.9,54772.787,2023-07-11 23:59:59.999,102728875.71425,23806,25345.165,47626885.13147,0,47.88224543725768,17.857243067386435,21.076147963842892,-3.2189048964564577,1941.1210047619995,1884.6125,1828.1039952380004,71.22214285714287,117388.97335000001,0.6013833429174914,1892.866,23.110442012255923
2023-07-12,1875.52,1906.41,1871.0,1874.77,40730.564,2023-07-12 23:59:59.999,76741559.71480,24722,20795.772,39256059.43319,0,51.856830341846546,15.66431945833233,19.99378226274078,-4.32946280440845,1940.8827733224116,1885.3509999999999,1829.8192266775882,68.58714285714288,109390.61885,0.7447969004411765,1887.6060000000002,23.760217381199197
2023-07-13,1874.77,2037.24,1862.0,2003.76,96079.904,2023-07-13 23:59:59.999,185415586.61107,22499,40497.922,78127204.75043,0,64.06947695576056,24.05750672236877,20.80652715466638,3.250979567702391,1967.965515729038,1892.484,1817.0024842709618,78.54214285714286,107785.12150000001,4.308715818406133,1902.7580000000003,56.943728100659584
2023-07-14,2001.19,2017.14,1868.68,1930.0,111865.149,2023-07-14 23:59:59.999,219564539.13641,18413,53414.841,105895719.80090,0,55.93628099599608,24.47521746516213,21.540265216765533,2.9349522483965984,1971.7095958476039,1895.8835,1820.057404152396,81.21857142857144,108846.9419,0.4110087924665778,1910.72,57.52729221857963
2023-07-15,1930.0,1945.0,1908.05,1939.99,40166.03,2023-07-15 23:59:59.999,77577791.37306,17759,21194.497,41099466.12344,0,51.7862515042118,25.320486936408543,22.296309560694137,3.0241773757144053,1976.2300322536294,1899.8375,1823.4449677463708,79.0207142857143,103292.05059999999,0.08151010364164069,1924.084,54.29388851428735
2023-07-16,1939.99,1943.93,1900.0,1929.09,40386.177,2023-07-16 23:59:59.999,77898553.05482,19876,20608.016,39894789.27477,0,50.64527444934734,24.824666870446208,22.801981022644554,2.022685847801654,1978.4127561978025,1903.2370000000003,1828.061243802198,78.64285714285715,97307.43519999999,2.611170212765953,1935.5220000000002,45.93216813957162
2023-07-17,1918.4,1943.31,1869.0,1899.91,51190.351,2023-07-17 23:59:59.999,97708174.33313,24897,20740.488,39798289.86458,0,46.52840396753832,21.82555238149621,22.606695294414887,-0.7811429129186784,1978.6806696612311,1903.78,1828.8793303387688,77.60071428571429,89745.2735,-1.5105881133200214,1940.55,38.373367717752934
2023-07-18,1899.91,1918.05,1869.0,1905.95,53897.316,2023-07-18 23:59:59.999,102379108.80295,28026,31423.521,59766780.52480,0,52.583992193256734,19.70891792569205,22.02713982067032,-2.3182218949782722,1978.1438018529045,1906.0435000000002,1833.943198147096,74.24785714285714,82751.14005,2.420871621258528,1920.988,17.16361034286963
2023-07-19,1900.0,1934.3,1862.0,1905.1,54767.615,2023-07-19 23:59:59.999,104358108.29643,24444,24306.637,46447809.52017,0,47.36192805058048,17.758176766008773,21.173347209738015,-3.4151704437292416,1977.1487094943732,1908.2630000000001,1839.3772905056271,72.2042857142857,77217.61260000001,0.21198588163507778,1916.0080000000003,17.504060100498304
2023-07-20,1900.0,1925.0,1862.0,1874.0,47123.106,2023-07-20 23:59:59.999,89699116.22555,17524,23847.642,45540735.63796,0,51.571195547879476,13.546534241857671,19.64798461616195,-6.101450374304278,1976.1374434293757,1908.9175,1841.6975565706243,71.05428571428571,68743.371,-2.8008298755186725,1902.81,19.647952819615597
2023-07-21,1898.97,1924.98,1874.0,1901.85,62226.184,2023-07-21 23:59:59.999,118054192.01593,31931,43775.697,83201217.37612,0,50.09640102827764,12.3140902785849,18.18120574864654,-5.867115470061641,1975.0015103782987,1907.9605,1840.9194896217011,68.62428571428572,67882.08200000001,0.6168692036250246,1897.3619999999999,13.285780744910493
2023-07-22,1899.94,1909.93,1862.0,1870.76,51425.969,2023-07-22 23:59:59.999,97027492.68174,39695,20539.792,38879306.67663,0,42.99765120375806,8.728054805608963,16.290575560039024,-7.562520754430061,1974.066674191934,1905.3935000000001,1836.7203258080663,67.33357142857143,65716.3339,-0.1286589044240556,1891.532,17.587477647514607
2023-07-23,1870.76,1898.94,1862.0,1890.96,40387.508,2023-07-23 23:59:59.999,75989921.08192,17747,24711.435,46653138.31486,0,50.09843777965278,7.430413853213167,14.518543218673852,-7.088129365460684,1970.152739421872,1903.021,1835.889260578128,65.4007142857143,61576.13505,1.0182167850846702,1888.534,15.690649444870715
2023-07-24,1890.96,1890.96,1836.23,1860.9,148977.222,2023-07-24 23:59:59.999,277392532.29611,25710,101015.804,188060708.85831,0,48.48199925770135,3.9311177924678304,12.401058133432647,-8.469940340964817,1971.0933115735304,1902.066,1833.0386884264697,65.87357142857145,64130.541800000006,-0.7398240850877649,1879.694,16.4564844362886
2023-07-25,1860.9,1865.69,1857.29,1861.1,85778.524,2023-07-25 23:59:59.999,159621100.14139,26730,39716.485,73905362.38920,0,48.66031557011013,1.1606594224542732,10.152978391236973,-8.9923189687827,1968.7840032853926,1898.6685000000002,1828.5529967146078,64.1164285714286,64141.94840000001,-7.119615123567696,1877.114,18.46142410546399
2023-07-26,1860.71,1877.0,1854.0,1860.86,118324.656,2023-07-26 23:59:59.999,220219025.76921,35710,40017.487,74467334.98768,0,48.263203895617416,-1.0422998067299432,7.9139227516435895,-8.956222558373533,1968.7865415146518,1898.6665,1828.5464584853482,63.23000000000002,65868.3196,-3.5823834196891244,1868.916,13.034411379183911
2023-07-27,1860.86,1874.91,1858.24,1860.9,83852.977,2023-07-27 23:59:59.999,156180704.34585,26334,30169.209,56243642.87596,0,23.690607734806633,-2.7531960711137344,5.780498987092125,-8.53369505820586,1968.761356107857,1896.6580000000001,1824.5546438921433,51.90357142857145,66895.22095,-4.076825138273905,1866.9440000000002,13.42567987111999
2023-07-28,1860.91,1880.0,1859.38,1872.23,63576.861,2023-07-28 23:59:59.999,118500821.57369,56244,30055.314,56057658.75299,0,36.184053187927475,-3.158448744678253,3.9927094407380492,-7.151158185416302,1965.1785204592547,1893.8695,1822.5604795407453,42.77214285714287,67534.79699999999,-2.9475037452892248,1863.1979999999999,5.049912870712885
2023-07-29,1870.92,1889.0,1868.0,1886.7,50804.895,2023-07-29 23:59:59.999,95105912.39741,132742,24656.419,46208325.91330,0,37.522828377429164,-2.2856586884145145,2.7370358149075362,-5.02269450332205,1965.0589919516804,1893.6950000000002,1822.33100804832,41.632857142857155,67820.7077,-0.6952960929728269,1868.3579999999997,11.357174824832159
2023-07-30,1878.72,1888.9,1868.0,1868.0,56277.604,2023-07-30 23:59:59.999,105422608.89913,122641,26668.668,50020286.46205,0,36.2005873051728,-3.067539314550686,1.5761207890158917,-4.643660103566578,1965.1501305836625,1893.4365000000003,1821.722869416338,39.98785714285715,67630.56995,-1.9911330307720583,1869.738,10.652104017601564
2023-07-31,1868.44,1880.0,1868.0,1869.93,54324.007,2023-07-31 23:59:59.999,101547410.92020,42178,21806.341,40787540.76159,0,42.27717671303451,-3.4912060237509195,0.5626554264625293,-4.053861450213449,1965.1814753578221,1893.3380000000002,1821.4945246421782,35.537142857142875,67608.13094999999,-1.8460973177260955,1871.5520000000001,9.468820940423658
2023-08-01,1869.0,1870.0,1839.03,1860.9,140626.583,2023-08-01 23:59:59.999,261720009.95596,31580,83765.480,155862849.89980,0,38.57121112182253,-4.503694687383813,-0.45061459630673956,-4.0530800910770735,1965.503249999502,1892.6444999999999,1819.7857500004977,34.24571428571431,72602.93190000001,-0.6990394877267827,1871.5520000000001,9.468820940423658
2023-08-02,1860.9,1869.0,1845.0,1860.9,170437.157,2023-08-02 23:59:59.999,317059785.42239,34918,60742.273,113083726.85844,0,38.73827965756221,-5.245630880402587,-1.4096178531259094,-3.8360130272766773,1937.5247698026888,1885.5014999999999,1833.478230197311,30.795714285714308,76320.79455,-2.1531666535215614,1869.286,10.558952599656923
2023-08-03,1861.1,1868.68,1845.0,1861.1,61734.578,2023-08-03 23:59:59.999,114822337.59531,30779,30697.094,57129122.58004,0,46.09894762307968,-5.75118623526987,-2.277931529554702,-3.473254705715168,1930.6871250802935,1882.0565,1833.4258749197063,27.987142857142885,73814.266,-0.5163676794457911,1864.166,4.434442467976472
2023-08-04,1860.9,1867.99,1833.16,1860.71,66777.878,2023-08-04 23:59:59.999,124095125.23861,26350,30316.064,56364714.15236,0,35.0812300551204,-6.11284714024805,-3.044914651693372,-3.067932488554678,1919.1792395039854,1878.0925000000002,1837.005760496015,26.83357142857145,75144.8584,-1.5997165460929899,1862.708,4.039575472966245
2023-08-05,1860.9,1865.69,1843.11,1860.9,98639.092,2023-08-05 23:59:59.999,183392442.61279,22835,70315.850,130714741.56514,0,45.391661992895905,-6.31138093029972,-3.6982079074146426,-2.613173022885077,1908.6517597021111,1874.6829999999998,1840.7142402978884,25.02285714285717,78057.50415000001,0.0,1860.902,0.13791302254154839
2023-08-06,1860.9,1867.19,1815.0,1852.99,146823.696,2023-08-06 23:59:59.999,272484431.67027,35962,92130.931,171349000.97286,0,29.950364346815874,-7.025999928997635,-4.363766311731242,-2.662233617266393,1905.4397886234237,1872.3370000000002,1839.2342113765767,26.112142857142885,82839.1714,-0.43576379560474454,1859.3200000000002,3.5412638989183876
2023-08-07,1820.02,1869.0,1815.2,1827.06,145330.181,2023-08-07 23:59:59.999,267494102.36389,26480,73036.343,135357893.76957,0,31.316254416961044,-9.574308262119985,-5.405874701808991,-4.168433560310993,1903.37825883074,1868.3925,1833.40674116926,26.045714285714308,87410.81465,-1.8163644766398308,1852.5520000000001,14.657287266126938
2023-08-08,1827.06,1865.0,1827.05,1860.91,52628.895,2023-08-08 23:59:59.999,97584663.69932,28183,21084.541,39194545.33241,0,49.92351662507052,-8.761452303602027,-6.076990222167599,-2.684462081434428,1896.7045203441849,1866.1829999999998,1835.6614796558147,28.15642857142859,87303.87865,0.000537374388736144,1852.514,14.629806218872746
2023-08-09,1861.1,1863.11,1850.83,1860.91,62980.022,2023-08-09 23:59:59.999,117195326.32451,13964,37555.956,69890986.93278,0,50.02016616923457,-8.024753734351862,-6.466542924604453,-1.5582108097474086,1895.9052807953524,1865.5285,1835.1517192046474,27.390714285714303,88096.72445000001,-0.6046265683169235,1852.554,14.658063651170576
2023-08-10,1852.1,1861.67,1852.0,1859.11,11696.794,2023-08-10 23:59:59.999,21708319.83317,5721,5441.252,10110150.46846,0,49.28815716217284,-7.499707804205855,-6.6731759005247335,-0.8265319036811212,1888.579915276083,1863.3915000000002,1838.2030847239173,26.890714285714303,85570.25495,-1.46234165474109,1852.196,14.423244433960296
2023-08-11,1852.32,1861.0,1852.32,1860.91,32318.68,2023-08-11 23:59:59.999,59974855.39722,17194,14397.494,26760787.53111,0,45.12908777969023,-6.859290533530839,-6.710398827125955,-0.1488917064048838,1887.8649944706765,1862.899,1837.9330055293233,26.037857142857174,84614.89050000001,-0.3795503211991391,1853.78,14.957255764403158
2023-08-12,1860.71,1861.0,1832.33,1857.71,52904.073,2023-08-12 23:59:59.999,98048198.95487,19039,13977.985,25991170.09277,0,36.18602878109221,-6.534641212819224,-6.67524730426461,0.1406060914453855,1882.4864265859862,1861.2365000000002,1839.9865734140142,26.58571428571432,85240.71875,-0.6535003984106371,1859.9100000000003,1.4560219784700283
2023-08-13,1857.71,1860.31,1844.93,1854.97,29257.084,2023-08-13 23:59:59.999,54216569.23044,16813,12702.804,23616320.65834,0,42.67730695740143,-6.424392984765518,-6.625076440364792,0.20068345559927359,1882.3743776974793,1860.9399999999998,1839.5056223025204,26.19142857142859,79254.71184999999,-0.3186630125208267,1858.7220000000002,2.4913289629803463
2023-08-14,1845.22,1860.31,1837.0,1854.02,41918.99,2023-08-14 23:59:59.999,77591813.75728,27437,20733.884,38468518.03959,0,40.95919990908058,-6.34058718803044,-6.568178589897922,0.22759140186748184,1882.241965895271,1860.586,1838.930034104729,26.99928571428573,77061.73515,-0.36971357945080924,1857.3439999999998,2.857180428636159
2023-08-15,1837.56,1859.98,1826.0,1829.47,28560.366,2023-08-15 23:59:59.999,52482951.96005,14809,7923.416,14614263.95159,0,34.817891991112006,-8.161074530326232,-6.886757777983585,-1.2743167523426466,1884.7541351695381,1859.0165000000002,1833.2788648304622,27.21428571428573,72573.52064999999,-1.6995325345225878,1851.416,12.557757761709286
2023-08-16,1830.58,1844.83,1829.49,1831.78,31817.189,2023-08-16 23:59:59.999,58372811.73113,7736,10764.957,19823326.80490,0,36.240786240786235,-9.31010507451424,-7.3714272372897165,-1.9386778372245237,1886.0021429112069,1857.5605,1829.1188570887932,26.597142857142867,69971.73125,-1.5547828517071474,1845.5900000000001,13.75240160851038
2023-08-17,1818.42,1836.0,1501.19,1681.49,389619.701,2023-08-17 23:59:59.999,685400737.49212,16005,129993.376,230966804.57372,0,14.907584697745392,-22.093190485778223,-10.31577988698742,-11.777410598790803,1931.1327405459215,1848.0235,1764.9142594540785,48.82071428571429,86273.87325,-9.641033908323934,1810.346,73.02008648311568
2023-08-18,1681.49,1721.15,1661.32,1661.44,114304.043,2023-08-18 23:59:59.999,192942600.26823,13298,71636.010,121117849.58450,0,13.844032369271062,-33.45608429248591,-14.943840768087119,-18.51224352439879,1952.4637231681027,1836.7604999999999,1721.057276831897,50.60642857142859,89448.83064999999,-10.33734666673862,1771.64,92.22073438225065
2023-08-19,1661.44,1699.99,1657.45,1699.99,38549.913,2023-08-19 23:59:59.999,64678718.92778,13225,19716.886,33255376.03852,0,24.371675214219763,-38.90215682717212,-19.735503979904124,-19.166652847267997,1958.0627091382567,1828.36,1698.6572908617431,52.03214285714286,88562.4461,-6.954889275666915,1740.834,83.0976313140247
2023-08-20,1699.99,1710.43,1661.0,1700.0,60339.683,2023-08-20 23:59:59.999,101439155.92214,13554,29563.273,50017183.85600,0,25.004084566872564,-42.7248956298215,-24.333382309887604,-18.3915133199339,1959.9481962260697,1819.8635,1679.7788037739301,51.835,88863.2299,-8.64684482323165,1714.94,67.2299118696547
2023-08-21,1679.0,1712.0,1655.0,1668.52,91276.18,2023-08-21 23:59:59.999,152141753.59334,21812,22577.789,37838438.97861,0,24.558700815199984,-47.744250581984716,-29.01555596430703,-18.728694617677686,1964.1980387840056,1810.2445,1656.2909612159945,52.063571428571436,86395.70975000001,-10.338490308504984,1682.2879999999998,17.691166439822005
2023-08-22,1666.65,1679.0,1520.0,1637.52,68601.367,2023-08-22 23:59:59.999,112869373.07375,70357,27431.592,45491028.39356,0,13.82113821138212,-53.60563408488201,-33.933571588422026,-19.672062496459986,1969.1255728080191,1799.0755000000001,1629.0254271919812,60.71,81303.92025,-11.919144106588634,1673.494,26.780470122861406
2023-08-23,1637.52,1699.99,1619.01,1693.0,51432.894,2023-08-23 23:59:59.999,85084015.41148,48686,29229.946,48450760.76536,0,26.94873836522885,-53.161240714389805,-37.77910541361558,-15.382135300774223,1964.3901604905723,1790.6705000000002,1616.950839509428,65.61714285714287,80788.83605,-9.023004873959518,1679.806,26.947878951811443
2023-08-24,1693.61,1693.61,1630.0,1662.85,60407.261,2023-08-24 23:59:59.999,100252152.11229,58591,24271.555,40424414.04431,0,25.002547381292047,-54.612371370392566,-41.14575860497098,-13.466612765421587,1960.1466235381772,1780.7774999999997,1601.4083764618222,69.47,80470.3052,-10.489258280355928,1672.378,25.044904072514868
2023-08-25,1662.85,1690.0,1625.0,1652.22,57019.245,2023-08-25 23:59:59.999,94159727.57562,64555,21850.999,36268990.28090,0,24.004085801838585,-55.97491109950761,-44.11158910387831,-11.863321995629299,1954.3075356468762,1770.3435000000002,1586.3794643531241,73.49285714285713,78389.31285,-10.930095904515975,1662.8220000000001,20.58988392394332
2023-08-26,1653.0,1679.45,1630.0,1650.0,34169.003,2023-08-26 23:59:59.999,56450563.18729,28802,17156.252,28430570.12223,0,24.062835593516624,-56.58163127360626,-46.605597537823904,-9.976033735782359,1947.3303181604324,1760.194,1573.0576818395675,74.97714285714285,72756.5782,-11.004196286987195,1659.118,20.97088267101446
2023-08-27,1646.02,1668.09,1630.0,1657.7,65965.708,2023-08-27 23:59:59.999,109040290.04816,26972,40217.574,66504339.39827,0,25.66790833066088,-55.79793190831447,-48.44406441192202,-7.353867496392446,1941.4320468916944,1751.7259999999999,1562.0199531083053,76.5992857142857,68788.35455,-9.389058033200872,1663.154,17.415526980297184
2023-08-28,1660.0,1663.33,1631.25,1654.35,104823.384,2023-08-28 23:59:59.999,172972548.07423,65314,48120.486,79683192.29277,0,25.516835470976275,-54.81528503341838,-49.7183085362213,-5.096976497197076,1928.5497329360262,1741.3980000000004,1554.2462670639745,77.22571428571428,71398.079,-9.686206858902272,1655.4239999999998,5.029028733408701
2023-08-29,1654.35,1740.03,1640.0,1721.07,72622.136,2023-08-29 23:59:59.999,122514085.96399,43048,33409.658,56171165.84272,0,37.95394941547762,-48.09833622791962,-49.39431407456097,1.2959778466413496,1913.0115701845755,1734.4060000000002,1555.8004298154249,81.94357142857142,71880.18470000001,2.353864727117017,1667.068,30.321208254313717
2023-08-30,1723.0,1730.0,1681.0,1705.0,39572.289,2023-08-30 23:59:59.999,67805609.26766,43084,18573.838,31918217.90934,0,36.329523398749195,-43.56957763411947,-48.229366786472674,4.659789152353206,1895.6918680103502,1726.7005000000001,1557.7091319896501,84.34642857142856,73273.95945,2.6218220338983014,1677.6239999999998,32.934520339629636
2023-08-31,1702.6,1720.0,1500.0,1695.0,88254.453,2023-08-31 23:59:59.999,147089273.25471,35301,43305.918,72962789.88959,0,52.08868000371046,-40.32260634115232,-46.64801469740861,6.32540835625629,1875.5286972308215,1718.405,1561.2813027691784,76.14571428571428,76070.7481,-0.2935311384184618,1686.6239999999998,29.464260214732892
2023-09-01,1686.9,1700.0,1591.33,1625.79,62918.093,2023-09-01 23:59:59.999,103141711.66429,33351,31026.401,51084640.53793,0,45.21566417049144,-42.84019172311628,-45.88645010255015,3.0462583794338727,1854.5994832628317,1706.809,1559.0185167371683,79.63428571428571,76571.4491,-4.3652941176470605,1680.2419999999997,39.15705134457243
2023-09-02,1629.13,1670.0,1616.87,1667.0,69763.327,2023-09-02 23:59:59.999,115138199.75352,26258,42498.769,70230430.49391,0,45.60402952855582,-41.03704418222674,-44.916568918485474,3.8795247362587375,1828.4918861245144,1697.4105,1566.3291138754855,80.39071428571428,78596.76125000001,-0.09109869824754763,1682.7719999999997,37.436776971335085
2023-09-03,1667.0,1700.0,1650.0,1660.25,57512.338,2023-09-03 23:59:59.999,95848504.49393,22668,40336.211,67402495.37248,0,44.796711783647936,-39.69512466520791,-43.87228006782997,4.177155402622056,1796.8748075387289,1687.7219999999998,1578.5691924612706,80.43142857142857,79376.42865,1.3880746494699312,1670.6079999999997,31.251953058992495
2023-09-04,1660.25,1700.0,1630.48,1690.96,42896.595,2023-09-04 23:59:59.999,71675970.11012,63701,15201.303,25725447.85827,0,52.94333683105982,-35.74159655739891,-42.24614336574376,6.504546808344855,1767.3100599405464,1680.7965,1594.2829400594535,81.32571428571428,80093.24010000001,-0.1204961606615454,1667.8,27.83302085655574
2023-09-05,1690.96,1694.79,1610.0,1634.14,40433.04,2023-09-05 23:59:59.999,66523631.49715,25421,16699.682,27688990.92472,0,49.5847869883544,-36.76944095660929,-41.15080288391687,4.38136192730758,1723.1882017398436,1670.9145,1618.6407982601565,76.02499999999999,80524.03265000001,-1.7265538082208143,1655.628,26.225349759373078
2023-09-06,1639.97,1674.99,1530.0,1644.82,119505.405,2023-09-06 23:59:59.999,195866027.21707,17128,58207.123,95976315.46431,0,43.34934570150737,-36.303741372439845,-40.181390581621464,3.8776492091816195,1722.3556839839155,1669.0810000000001,1615.8063160160848,80.59714285714286,67018.31784999999,-0.4478822432847981,1659.434,21.824036748536106
2023-09-07,1648.92,1670.48,1643.1,1669.98,35294.475,2023-09-07 23:59:59.999,58534100.57542,79608,16820.149,28052231.07831,0,50.99795649861436,-33.518093648404374,-38.84873119497805,5.330637546573676,1722.6615779248925,1669.5079999999998,1616.354422075107,78.00928571428572,63067.83944999999,1.210909090909092,1660.03,22.120985511533053
2023-09-08,1669.98,1695.0,1653.48,1670.0,62834.23,2023-09-08 23:59:59.999,104356430.42179,114972,16825.183,28180313.28219,0,52.56476833419883,-30.95203809654322,-37.269392575291086,6.317354478747866,1719.1971259046582,1668.0085,1616.8198740953417,76.33214285714287,64282.05529999999,0.7419919165108255,1661.98,22.57040097121576
2023-09-09,1670.0,1686.16,1644.25,1661.99,39199.704,2023-09-09 23:59:59.999,65096621.76283,15483,14772.640,24748906.02530,0,51.70114355438268,-29.227840292702695,-35.66108211877341,6.433241826070713,1715.0695026419162,1666.1080000000002,1617.1464973580842,75.79357142857144,63225.05634999999,0.4618127965666335,1656.1860000000001,16.04680279686426
2023-09-10,1661.99,1666.27,1621.43,1654.25,48944.131,2023-09-10 23:59:59.999,80311166.02087,19267,16101.736,26648765.24312,0,49.510568875017725,-28.16132816385084,-34.161131327788894,5.999803163938054,1714.6231807600543,1665.3944999999999,1616.1658192399454,76.2757142857143,61108.4539,-3.8824684643855236,1660.208,10.803229609772128
2023-09-11,1654.25,1656.22,1567.89,1567.89,166106.789,2023-09-11 23:59:59.999,265742272.87000,21301,28705.456,45894243.05190,0,40.072566940706395,-33.89393173054714,-34.10769140834054,0.213759677793405,1726.8002256011714,1661.913,1597.0257743988286,80.29357142857144,65983.725,-8.041642228738997,1644.8220000000001,43.50004793102454
2023-09-12,1567.9,1616.87,1563.0,1587.4,174203.9,2023-09-12 23:59:59.999,276070471.66935,21033,117645.530,186160285.32903,0,32.7855763039279,-36.442678892710546,-34.57468890521454,-1.8679899874960029,1727.7554145874096,1656.6329999999998,1585.51058541259,76.99642857142858,72122.27530000001,-6.348082595870201,1628.306,47.088975673732904
2023-09-13,1596.11,1622.0,1573.5,1603.61,40982.262,2023-09-13 23:59:59.999,65526400.19081,233993,20504.387,32851686.81345,0,36.947398233734106,-36.73115397540005,-35.005981919251646,-1.725172056148402,1728.5388954166049,1653.6709999999998,1578.8031045833948,76.96071428571429,71151.02535,-1.3642598367562886,1615.028,41.41093720264486
2023-09-14,1611.0,1637.86,1590.0,1631.62,83708.477,2023-09-14 23:59:59.999,135379448.06805,72657,52622.804,85324231.69831,0,42.20226377952754,-34.30416261311484,-34.86561805802429,0.5614554449094484,1728.1569538104443,1652.641,1577.1250461895559,64.66499999999999,72485.48695,-2.1223755248950273,1608.954,34.441473981253885
2023-09-15,1631.62,1680.36,1606.56,1662.8,91412.337,2023-09-15 23:59:59.999,150084162.69997,41460,71866.699,118267500.27964,0,55.023481825338656,-29.524449578696704,-33.79738436215877,4.27293478346207,1728.919572698731,1653.2810000000002,1577.6424273012694,62.1742857142857,75347.65365000001,0.1535913266074359,1610.6640000000002,37.342683754671256
2023-09-16,1669.04,1696.34,1641.62,1656.62,75401.518,2023-09-16 23:59:59.999,124818905.38927,18044,24484.193,40822246.82300,0,48.4430311393772,-25.9361906533984,-32.2251456204067,6.288954967008301,1728.853830409557,1653.227,1577.600169590443,62.28785714285713,75819.44415,-2.030799072716099,1628.41,32.73240137847224
2023-09-17,1680.99,1681.0,1535.0,1631.41,229344.026,2023-09-17 23:59:59.999,376274130.09020,38122,68367.816,111693082.33814,0,45.901080159181355,-24.840361687384757,-30.74818883380231,5.907827146417553,1728.3284045728244,1652.08,1575.8315954271754,69.14499999999998,82045.47625,-0.1670603497864331,1637.212,23.587307391930658
2023-09-18,1631.41,1684.17,1618.0,1639.0,115079.69,2023-09-18 23:59:59.999,190632334.37496,29256,66972.895,111381582.42249,0,42.09565534866737,-23.093255099341377,-29.217202086910127,6.1239469875687504,1717.0917100778943,1647.9765,1578.8612899221057,68.90571428571427,84168.35394999999,-0.3538381099451573,1644.2900000000002,14.569286187093601
2023-09-19,1639.0,1679.99,1638.0,1640.88,41868.127,2023-09-19 23:59:59.999,69174708.87003,341865,20433.354,33885033.20889,0,51.23109519982466,-21.31129688820397,-27.6360210471689,6.32472415896493,1708.4860608433687,1644.7705,1581.0549391566315,65.84857142857142,84283.14585,-1.7425358387525545,1646.1419999999998,13.067192506481163
2023-09-20,1643.87,1678.19,1626.93,1633.1,93553.771,2023-09-20 23:59:59.999,153624650.57095,195347,24165.128,39969506.91854,0,47.83636095111505,-20.292938781036582,-26.167404593942436,5.874465812905854,1700.9785800558554,1641.6755,1582.3724199441447,59.15357142857142,84548.11175000001,-2.209580838323359,1640.202,9.989905905534457
2023-09-21,1640.0,1668.0,1583.0,1583.61,154119.621,2023-09-21 23:59:59.999,248815882.87744,19652,52041.375,84103796.93568,0,35.36944811464576,-23.211741531477628,-25.576271981449477,2.3645304499718485,1704.0243332253817,1639.5665000000001,1575.1086667746185,63.269285714285694,89108.18815,-4.7160331891287015,1625.6,23.802334969523837
2023-09-22,1583.61,1621.0,1583.61,1608.03,108164.18,2023-09-22 23:59:59.999,173630337.08059,18288,75609.544,121507931.15817,0,40.30415871327095,-23.285997344142515,-25.118217053988086,1.832219709845571,1701.1869172729043,1636.618,1572.0490827270955,62.974285714285706,91028.2308,-2.7940154148405636,1620.924,24.65678669253987
2023-09-23,1608.03,1620.4,1585.0,1615.0,163015.784,2023-09-23 23:59:59.999,260644888.83884,11933,66777.179,106876523.59248,0,42.62392867233855,-22.522796088035193,-24.59913286079751,2.0763367727623177,1698.6081714489087,1634.3555000000001,1570.1028285510915,62.5092857142857,96303.4031,3.0046750728686256,1616.124,22.49989177754873
2023-09-24,1601.05,1621.0,1583.63,1611.71,169617.003,2023-09-24 23:59:59.999,272385569.19151,11631,94391.914,152170186.96419,0,43.22784004075395,-21.930626487517884,-24.06543158614159,2.134805098623705,1689.517576098671,1630.393,1571.268423901329,61.975714285714275,102639.4235,1.5314350510268329,1610.29,17.758283982451488
2023-09-25,1594.98,1621.0,1586.43,1590.46,160660.841,2023-09-25 23:59:59.999,256272958.85733,28711,39322.013,63244724.12792,0,54.53267461943205,-22.91191097158503,-23.83472746323028,0.9228164916452499,1689.9211603294818,1628.209,1566.4968396705183,58.13571428571428,108650.81354999999,-0.820024819002118,1601.7620000000002,13.88097150783688
2023-09-26,1595.23,1598.0,1450.0,1598.0,106758.467,2023-09-26 23:59:59.999,168167852.48517,87302,56768.975,90577625.23491,0,52.2362869198312,-22.818137721533958,-23.63140951489102,0.8132717933570603,1688.4727059262361,1625.868,1563.2632940737637,64.85928571428572,108013.46665,-2.060528799597939,1604.6399999999999,10.173109160988274
2023-09-27,1597.0,1619.0,1555.0,1595.0,59106.685,2023-09-27 23:59:59.999,94501901.97513,134370,22331.580,35828200.53518,0,48.07632155145451,-22.723949132786856,-23.449917438470187,0.725968305683331,1682.5434174756217,1622.119,1561.6945825243781,65.96642857142857,109204.07715,-4.077459706519122,1602.034,10.740692715154765
2023-09-28,1586.2,1670.0,1573.6,1622.29,73730.194,2023-09-28 23:59:59.999,119653415.97121,15572,51144.751,83076934.66588,0,47.90872820190973,-20.214212214164718,-22.802776393609097,2.588564179444379,1675.8093892827126,1619.7334999999998,1563.657610717287,69.43357142857144,109748.87535000002,-2.0722917748186025,1603.492,13.16253660968814
2023-09-29,1622.29,1660.0,1600.0,1654.8,69097.536,2023-09-29 23:59:59.999,113119990.25410,16629,38754.265,64090987.84323,0,48.2174688057041,-15.424142409384558,-21.32704959676419,5.902907187379633,1674.3914389186089,1619.374,1564.3565610813912,68.44785714285716,111243.76695,1.4337291054976904,1612.1100000000001,26.863707860260014
2023-09-30,1608.89,1682.0,1608.81,1670.85,87899.676,2023-09-30 23:59:59.999,145893992.47697,17783,68335.107,113981294.33825,0,53.037093951423564,-10.21512313316748,-19.10466430404485,8.889541170877369,1677.8737101551017,1620.2040000000002,1562.5342898448987,69.76714285714287,113191.5442,1.943258084197676,1628.1879999999999,33.82229250067807
2023-10-01,1671.11,1699.9,1629.0,1674.86,221449.395,2023-10-01 23:59:59.999,372502403.88064,29470,170510.404,287081384.09638,0,60.19617965926686,-5.697684975069706,-16.42326843824982,10.725583463180115,1682.6321731715734,1625.5525,1568.4728268284266,64.40285714285717,115958.67450000001,2.0708400370532756,1643.56,34.13670385379134
2023-10-02,1674.86,1710.0,1646.2,1662.04,109009.341,2023-10-02 23:59:59.999,181904312.29188,31093,46466.180,78039037.57305,0,55.277141548327975,-3.1161287546219683,-13.761840501524249,10.64571174690228,1685.6163944798557,1629.2845,1572.9526055201443,64.23357142857144,112698.94655,1.7720898903925086,1656.968,20.891521486035337
2023-10-03,1662.3,1675.0,1626.0,1656.92,148867.501,2023-10-03 23:59:59.999,246544935.09997,41118,57611.708,95517064.21191,0,53.62011374921006,-1.4664635818539864,-11.302765117590196,9.83630153573621,1688.2116709754773,1631.95,1575.6883290245228,64.73428571428573,118093.2085,4.629296354531745,1663.8939999999998,8.709390334660927
2023-10-04,1656.89,1666.06,1626.0,1646.9,187393.093,2023-10-04 23:59:59.999,307746653.60472,50735,111563.198,183258526.51165,0,53.08338546787028,-0.9565952717723576,-9.233531148426628,8.27693587665427,1689.3704046261623,1632.714,1576.0575953738376,63.93428571428573,123277.43930000001,2.417243459388203,1662.3139999999999,11.147052525285908
2023-10-05,1646.89,1655.14,1611.03,1611.53,225642.961,2023-10-05 23:59:59.999,367129864.22801,55247,71151.083,116092968.37711,0,56.65839931317373,-3.367762888981588,-8.06037749653762,4.692614607556033,1685.7040165299873,1630.1505000000002,1574.5969834700131,61.013571428571446,129988.97050000001,-0.21486068111455278,1650.45,23.976060977597495
2023-10-06,1611.53,1662.0,1611.03,1645.24,288893.105,2023-10-06 23:59:59.999,473036790.09478,62544,133258.182,218379191.68215,0,58.49737382964149,-2.529358453587747,-6.9541736879476455,4.424815234359898,1684.2190638173972,1629.5815,1574.9439361826028,61.983571428571445,140663.54985,2.080399079238819,1644.5259999999998,19.718222029419085
2023-10-07,1645.23,1656.0,1611.03,1634.03,149210.873,2023-10-07 23:59:59.999,244518202.58396,31717,69338.447,113662437.42678,0,54.263183834401175,-2.7379092981805115,-6.1109208099942185,3.373011511813707,1684.3810776667976,1629.7125,1575.0439223332025,62.66714285714287,136656.8922,2.7394590244331787,1638.9240000000002,17.333110799895778
2023-10-08,1633.8,1656.0,1620.0,1653.74,179327.854,2023-10-08 23:59:59.999,294594168.83517,45840,135390.669,222824198.44643,0,58.770502065857016,-1.297794896672258,-5.148295627329826,3.8505007306575685,1686.0350022645785,1630.4495000000002,1574.863997735422,62.56928571428573,139869.3004,3.488110137672091,1638.288,16.548279971086497
2023-10-09,1653.74,1653.74,1470.0,1580.91,169492.908,2023-10-09 23:59:59.999,272463775.98738,32079,67356.317,109617212.18960,0,48.3601772038875,-5.9645110220239985,-5.311538706268661,-0.6529723157553375,1686.9963829215035,1627.451,1567.9056170784966,73.22428571428574,146250.53944999998,-0.8833855799372989,1625.09,29.33647303275319
2023-10-10,1580.91,1626.39,1540.0,1625.98,105189.518,2023-10-10 23:59:59.999,168177040.63952,37710,64538.986,103831115.42930,0,54.25590167924071,-5.95747082368689,-5.440725129752307,-0.5167456939345829,1686.5832879220777,1627.0949999999998,1567.6067120779219,68.82357142857146,146832.3268,0.22745625011558074,1627.98,28.362266305805946
2023-10-11,1614.0,1626.39,1535.0,1566.93,200250.247,2023-10-11 23:59:59.999,313082309.68723,45760,101699.514,159244996.26415,0,46.35236634872782,-10.594604903921663,-6.471501084586179,-4.123103819335484,1688.7102025645854,1626.261,1563.8117974354145,70.78000000000004,149138.8581,-5.31000725163161,1612.318,36.81160238296417
2023-10-12,1566.78,1645.0,1494.04,1557.0,166380.329,2023-10-12 23:59:59.999,259416569.83581,42632,73879.662,115867352.73463,0,41.114830842927525,-14.899087674431485,-8.157018402555241,-6.742069271876243,1693.0811952662282,1623.7095,1554.3378047337717,74.6771428571429,152049.66555,-6.813897118233229,1596.9119999999998,41.29867516036621
2023-10-13,1592.99,1600.0,1538.17,1552.12,71409.43,2023-10-13 23:59:59.999,111285101.51962,28822,36044.444,56489668.39808,0,34.89022308552592,-18.491043261874438,-10.223823374419082,-8.267219887455356,1696.944828830066,1620.5655,1544.186171169934,74.80785714285717,147469.34784999996,-7.328373714817955,1576.5880000000002,29.72330348399112
2023-10-14,1552.12,1599.85,1545.0,1550.5,59452.853,2023-10-14 23:59:59.999,93237147.17148,39629,28507.847,45024862.10733,0,31.504533579222382,-21.223760109450723,-12.423810721425411,-8.799949388025311,1700.0359895219885,1617.5049999999999,1534.9740104780112,73.49785714285716,141961.14035,-6.711029818776923,1570.506,31.66563405336194
2023-10-15,1554.83,1636.99,1495.0,1576.05,141954.068,2023-10-15 23:59:59.999,223667860.24946,28300,72321.547,115723104.67699,0,35.75773299893339,-21.084734732372908,-14.155995523614912,-6.928739208757996,1700.551950900848,1616.7845000000002,1533.0170490991525,78.5757142857143,141025.8017,-4.880742582623188,1560.52,10.789112567835748
2023-10-16,1634.98,1634.98,1560.0,1599.33,81078.607,2023-10-16 23:59:59.999,130278378.62289,18967,47144.154,76193019.81784,0,41.22568910032181,-18.878435821757876,-15.100483583243504,-3.777952238514372,1700.5577517612885,1616.851,1533.1442482387117,79.37428571428573,139741.8087,-2.8884571012204847,1567.0,20.741237909089143
2023-10-17,1599.5,1619.98,1500.01,1592.91,151135.047,2023-10-17 23:59:59.999,238067500.25447,35281,66108.829,104372067.28689,0,41.076258190436356,-17.446851936555277,-15.569757253905859,-1.8770946826494175,1700.5732426924483,1616.7465,1532.9197573075517,84.44357142857145,144343.2268,-1.1554237277618098,1574.182,22.5511545159321
2023-10-18,1592.91,1596.99,1562.4,1578.47,155783.816,2023-10-18 23:59:59.999,245210942.20095,38167,77085.484,121533050.82706,0,40.576197427493305,-17.278324938900596,-15.91147079090481,-1.3668541479957863,1700.046322769431,1614.5555,1529.0646772305688,84.05285714285716,148445.9079,-4.058374462084558,1579.4519999999998,18.887885535481434
2023-10-19,1578.47,1596.98,1568.0,1596.98,56914.027,2023-10-19 23:59:59.999,89948438.95674,15816,24712.885,39347773.11575,0,47.898674215071786,-15.472802932886907,-15.823737219301231,0.3509342864143239,1695.315849747845,1611.6645,1528.0131502521551,82.97214285714287,147836.73244999998,-2.267400231329899,1588.748,10.769671304244149
2023-10-20,1596.98,1628.65,1577.18,1610.0,199256.286,2023-10-20 23:59:59.999,320346800.67505,44554,104227.112,167800390.77888,0,44.58712214303268,-12.84325944745865,-15.227641664932715,2.384382217474066,1687.499740865911,1608.6219999999998,1529.7442591340887,83.00785714285715,153404.56295,-2.644913952616494,1595.538,11.443678167506587
2023-10-21,1627.0,1650.0,1610.0,1629.02,260998.914,2023-10-21 23:59:59.999,424825295.00433,37344,166183.661,270968111.24996,0,49.24849248492485,-9.119448916738975,-14.00600311529397,4.886554198554995,1679.5658928388207,1606.3300000000002,1533.0941071611796,82.65285714285714,155382.03889999999,3.0431839889683725,1601.476,19.06696698485295
2023-10-22,1629.04,1669.0,1577.17,1663.44,245756.402,2023-10-22 23:59:59.999,402763838.75585,51770,152351.106,250387047.92873,0,51.393517986438354,-3.3522532141325883,-11.875253135061694,8.522999920929106,1679.8624229034585,1606.4,1532.9375770965416,86.64071428571428,162219.39195,2.30384137566268,1615.5819999999999,32.501775643824224
2023-10-23,1663.53,1770.95,1590.0,1729.49,309528.643,2023-10-23 23:59:59.999,524818739.37424,41438,248972.557,424124584.80688,0,71.76932544101273,6.473353142201631,-8.20553187960903,14.678885021810661,1699.4359216329788,1610.0285,1520.621078367021,86.44142857142857,170252.44905,10.374426426196443,1645.786,53.06078005458934
2023-10-24,1735.0,1820.0,1726.0,1783.98,191334.688,2023-10-24 23:59:59.999,340220361.43607,60410,112120.385,199971038.22807,0,72.52766054522644,18.44448800095688,-2.875527903495846,21.320015904452728,1734.6959868291701,1616.8825000000002,1499.0690131708302,86.985,170449.5288,14.578034682080926,1683.1860000000001,72.42848458998385
2023-10-25,1783.98,1820.0,1730.01,1772.05,162112.816,2023-10-25 23:59:59.999,286789257.09012,50967,88929.654,158108035.29600,0,83.78574252207142,26.66170775638102,3.031919228479529,23.62978852790149,1761.5525279316062,1624.9085,1488.2644720683938,86.88499999999999,167273.02155,14.169651831043998,1715.596,67.58720463224937
2023-10-26,1776.0,1830.0,1761.31,1803.18,340899.218,2023-10-26 23:59:59.999,611793080.61426,54083,162047.626,291567406.86716,0,87.9018352013795,35.279168160130666,9.481369014809758,25.79779914532091,1790.9594289456725,1632.8055,1474.6515710543274,81.00857142857141,169873.3272,16.29667849080942,1750.4279999999999,55.635719371655185
2023-10-27,1803.18,1803.43,1734.75,1779.46,264267.997,2023-10-27 23:59:59.999,470094301.64230,59679,123533.728,219986423.77097,0,83.08207217694996,39.736504166941586,15.532396045236126,24.20410812170546,1811.3008968931292,1640.077,1468.8531031068708,81.49785714285714,175626.1834,12.906316423971326,1773.632,27.22659490280744
2023-10-28,1779.65,1800.0,1770.45,1776.33,160174.255,2023-10-28 23:59:59.999,285853682.17830,38279,72108.789,128731597.12950,0,82.71855350467965,42.52619472308197,20.931155780805298,21.595038942276673,1827.9440178683622,1646.2064999999998,1464.4689821316374,79.6907142857143,174668.50345,11.067134362514304,1783.0,12.094583498475027
2023-10-29,1776.33,1812.75,1754.28,1794.92,402506.801,2023-10-29 23:59:59.999,719568728.79252,58062,200089.189,358056409.74379,0,82.36285672039034,45.710183680478394,25.88696136073992,19.823222319738473,1847.445049146444,1656.907,1466.3689508535558,73.72500000000001,186319.19809999998,12.68182132072747,1785.188,13.250519612512807
2023-10-30,1795.06,1829.87,1776.87,1807.53,198311.627,2023-10-30 23:59:59.999,357209547.53144,59268,99476.085,179122463.32767,0,81.78820080615608,48.68977407524267,30.447523903640477,18.24225017160219,1867.311854532511,1665.9845,1464.657145467489,72.155,190975.30354999998,14.511520649743101,1792.284,13.938229084126569
2023-10-31,1807.53,1812.5,1781.23,1806.1,221315.475,2023-10-31 23:59:59.999,398375476.78601,46379,103059.159,185542637.72401,0,83.05373810040614,50.35526769991293,34.429072662894974,15.926195037017955,1882.8772833919588,1677.943,1473.0087166080411,65.81928571428571,192028.56494999997,13.094716276972779,1792.868,14.556361839470464
2023-11-01,1810.0,1857.73,1768.5,1846.86,503022.466,2023-11-01 23:59:59.999,912947515.52387,54370,280504.777,510289882.01858,0,88.47223416759834,54.33780238932741,38.410818608181465,15.926983781145942,1902.2958981674442,1692.4360000000001,1482.576101832556,69.72214285714287,208860.67179999998,14.71180124223602,1806.348,25.85710869377331
2023-11-02,1846.9,1860.0,1781.14,1800.4,434549.056,2023-11-02 23:59:59.999,792186937.39439,68348,159253.336,290242259.93891,0,76.99596560144388,53.132576833862004,41.355170253317574,11.77740658054443,1909.0589165533745,1704.85,1500.6410834466253,73.285,227017.6531,10.520435599317388,1811.1619999999998,20.571738380642774
2023-11-03,1800.21,1835.71,1777.79,1831.5,293948.156,2023-11-03 23:59:59.999,529982244.82939,66647,149808.112,270296335.59356,0,78.04933644007698,54.06372402734246,43.896881008122556,10.166843019219904,1916.969279532795,1718.9,1520.830720467205,73.74571428571429,238742.41825000002,10.10315971721252,1818.4779999999998,19.84312273815842
2023-11-04,1831.5,1865.0,1819.29,1855.72,219902.315,2023-11-04 23:59:59.999,403965163.30664,44577,115059.397,211464116.81279,0,78.33466653334665,56.10922426123898,46.339349658745846,9.769874602493132,1927.95550400961,1732.8835,1537.8114959903899,74.15357142857144,242639.8306,7.298683426906198,1828.116,24.380579976728008
2023-11-05,1855.71,1905.55,1844.92,1878.14,228735.352,2023-11-05 23:59:59.999,428860960.16429,39358,155656.700,292115506.46712,0,77.66467374497473,58.86089282897865,48.84365829279241,10.017234536186237,1941.5590830336314,1746.8239999999998,1552.0889169663683,71.925,250022.66785,5.2780860771981795,1842.524,28.971514975949166
2023-11-06,1890.0,1911.85,1865.55,1900.67,136647.651,2023-11-06 23:59:59.999,258438918.57868,30279,70467.570,133327142.80183,0,74.84326018808777,62.14324406776109,51.503575447786154,10.639668619974934,1954.3586469129905,1762.212,1570.0653530870095,62.30714285714286,249298.29805,7.258260207104772,1853.286,39.18050510141055
2023-11-07,1900.67,1907.16,1800.0,1885.14,335939.598,2023-11-07 23:59:59.999,630847298.69853,63505,155244.733,291886350.28157,0,66.55321377143605,62.767841259766556,53.75642861018225,9.011412649584308,1956.4423725533782,1777.5454999999997,1598.6486274466213,63.24714285714286,258306.08715000004,4.545303297507738,1870.234,27.02786858044265
2023-11-08,1885.53,1907.94,1870.17,1888.0,325601.667,2023-11-08 23:59:59.999,613990619.08357,62614,184923.405,349024450.67637,0,69.553779216837,62.770043147979095,55.55915151774162,7.210891630237477,1955.8556923041792,1792.0965,1628.337307695821,59.51714285714286,271740.46914999996,6.099603250424284,1881.534,16.574684914099823
2023-11-09,1888.22,2086.71,1882.2,2068.59,344659.045,2023-11-09 23:59:59.999,679625785.61839,102147,167603.270,330811298.05980,0,79.75782038345106,76.46248003306869,59.73981722080703,16.722662812261653,1998.6476807973802,1815.0260000000003,1631.4043192026204,69.21857142857142,279010.6071,16.453023931364115,1924.1080000000002,81.17841135426178
2023-11-10,2071.43,2100.0,2037.06,2054.3,119855.236,2023-11-10 23:59:59.999,248182808.47262,78132,62752.040,130150939.25066,0,81.48080271236142,85.17886243554017,64.82762626375367,20.351236171786496,2027.5550621517386,1836.2900000000002,1645.0249378482617,68.80857142857143,271953.4232,14.450783321819364,1959.3400000000001,93.52829598576984
2023-11-11,2056.25,2089.18,2032.0,2053.34,357148.531,2023-11-11 23:59:59.999,736170680.04457,62817,160945.713,331790367.08965,0,81.88787843904689,90.96065648379476,70.0542323077619,20.90642417603287,2052.279820341305,1855.7849999999999,1659.2901796586948,70.78214285714284,277523.02965,13.599221036442005,1989.8740000000003,94.5018173370322
2023-11-12,2053.21,2067.37,2013.15,2045.12,303304.182,2023-11-12 23:59:59.999,621433964.75002,52968,126630.353,259498598.99126,0,79.50610877871596,93.79823693204253,74.80303323261802,18.995203699424508,2075.8958104947947,1871.5665000000001,1667.2371895052056,70.4785714285714,277211.80659999995,13.234040197109795,2021.8700000000001,75.31029743668407
2023-11-13,2045.12,2120.0,2028.81,2054.33,434400.873,2023-11-13 23:59:59.999,899696974.21219,82897,241814.925,501436962.40434,0,79.340434637881,95.68718757460647,78.97986410101572,16.707323473590748,2100.4863724052384,1885.0840000000003,1669.681627594762,73.20642857142855,289365.11585000006,11.233661457825717,2055.136,8.454355682241447
2023-11-14,2054.26,2065.13,1907.94,2010.09,405691.154,2023-11-14 23:59:59.999,825425946.33149,75714,173032.691,352042945.32918,0,72.01061740650424,92.54756557006704,81.69340439482599,10.854161175241046,2112.3965150536997,1896.986,1681.5754849463005,82.20071428571427,301544.03274999995,11.646856254165732,2043.4360000000001,19.036717941962277
2023-11-15,2010.09,2071.81,1990.54,2059.14,191345.025,2023-11-15 23:59:59.999,386955911.25544,47829,90107.832,182662961.43799,0,72.50254409769335,92.94589516115343,83.94390254809149,9.001992613061944,2132.034027756592,1909.784,1687.533972243408,81.63214285714284,294066.32310000004,12.429156429156423,2044.404,19.83362372341043
2023-11-16,2063.44,2106.83,1930.0,1961.82,316695.109,2023-11-16 23:59:59.999,638347330.57598,62189,161386.189,325433565.88085,0,65.44570750564549,84.43534546572369,84.04219113161794,0.39315433410574485,2133.469985702277,1918.902,1704.334014297723,88.62999999999998,296687.6787,5.717457375035022,2026.1,40.738720524849384
2023-11-17,1961.83,1991.05,1900.0,1960.86,378556.42,2023-11-17 23:59:59.999,739972713.60178,65059,183157.007,358152549.70092,0,63.1356620633631,76.72872851955253,82.57949860920486,-5.850770089652329,2132.511205960415,1928.1285,1723.7457940395852,90.99642857142854,307606.78695,4.404357502635575,2009.248,47.73133425750584
2023-11-18,1960.85,1982.98,1917.12,1974.69,200974.343,2023-11-18 23:59:59.999,391332393.60397,39534,100681.968,196151650.16313,0,62.34103026908154,70.9196271683411,80.24752432103212,-9.327897152691023,2132.4445176774066,1937.1170000000002,1741.7894823225938,92.43571428571427,297530.16405,3.8944161795577337,1993.3199999999997,41.85237090060395
2023-11-19,1974.69,2017.79,1945.0,2011.08,241093.415,2023-11-19 23:59:59.999,475271177.75557,41634,116471.463,229770875.06513,0,63.40175007056734,68.46304203940463,77.89062786470663,-9.427585825302003,2135.2654331922777,1947.2945,1759.323566807722,93.3042857142857,299669.25345,6.680670931601887,1993.518,41.95376169071994
2023-11-20,2010.98,2067.45,1985.77,2021.15,387520.168,2023-11-20 23:59:59.999,783285817.43746,68703,199033.443,402397707.24109,0,62.45863666446061,66.56146631685442,75.62479555513619,-9.063329238281767,2136.365764617328,1958.047,1779.7282353826724,95.83142857142855,307979.4881,7.052436440677972,1985.92,28.32448146042067
2023-11-21,2021.43,2034.93,1936.66,1943.03,332812.261,2023-11-21 23:59:59.999,662341718.88413,73627,151144.307,301107058.26473,0,55.300214242551846,58.081297687314645,72.11609598157189,-14.034798294257243,2133.574747208045,1962.8555000000001,1792.136252791955,95.19642857142854,299468.97785,-6.069835008387363,1982.1619999999998,33.15582256560238
2023-11-22,1936.66,2090.05,1936.66,2059.6,394226.569,2023-11-22 23:59:59.999,798988267.77953,70096,228720.401,463416974.50401,0,63.003546421751366,60.07442713497039,69.7077622122516,-9.633335077281203,2133.461017267858,1975.8155,1818.1699827321418,103.45499999999997,297452.8535,0.2579954242320852,2001.9099999999999,44.69391849012271
2023-11-23,2059.6,2086.77,1990.0,2058.1,380325.344,2023-11-23 23:59:59.999,783550107.29198,61489,157480.222,324298062.44340,0,48.90895097039917,60.831728814644066,67.93255553273009,-7.100826718086026,2133.2701156680137,1987.1455,1841.0208843319865,95.7592857142857,301771.7129,0.2318174291641795,2018.5919999999999,47.47401257532122
2023-11-24,2058.14,2127.14,2050.32,2076.9,580143.892,2023-11-24 23:59:59.999,1206290854.17496,67656,343251.362,713536951.84589,0,52.328744538784925,62.231532366358124,66.7923508994557,-4.560818533097574,2135.6711231602144,1998.2044999999998,1860.737876839785,96.75071428571424,319783.79175,1.55394304490691,2031.7559999999999,53.60052639668549
2023-11-25,2076.9,2087.31,2054.44,2080.77,189638.848,2023-11-25 23:59:59.999,393247359.70162,38378,97678.546,202645359.93732,0,52.80958721704391,62.92777124742929,66.01943496905042,-3.0916637216211313,2138.202106010927,2008.336,1878.4698939890732,95.01428571428566,317828.96655,1.2870376229719693,2043.6799999999998,57.16432847503585
2023-11-26,2080.77,2091.72,2033.99,2061.79,282459.976,2023-11-26 23:59:59.999,584859583.28357,53201,148733.546,308046877.67023,0,51.67064199955904,61.24205787792744,65.06395955082583,-3.8219016728983917,2137.8542366435004,2016.3920000000003,1894.9297633565002,95.26499999999996,325119.5828,2.5720241382226687,2067.432,10.58068854100851
2023-11-27,2061.8,2070.09,1997.0,2027.22,381010.973,2023-11-27 23:59:59.999,771082618.44800,57237,141587.005,287359791.39876,0,47.41450016213021,56.4657062878282,63.3443088982263,-6.878602610398104,2128.0833371419403,2023.4960000000003,1918.90866285806,93.97214285714281,327373.15154999995,-1.5501617179987688,2060.956,21.17649475248022
2023-11-28,2027.28,2074.0,1993.73,2050.18,213618.148,2023-11-28 23:59:59.999,434244585.26835,48725,98897.943,201262646.59397,0,53.985168691226455,53.91163360284668,61.45777383915038,-7.5461402363037,2114.9504193476264,2031.6050000000002,1948.259580652374,88.4778571428571,321773.9756,4.503980997237254,2059.3720000000003,21.732440498062388
2023-11-29,2052.63,2083.37,2020.7,2048.68,157015.539,2023-11-29 23:59:59.999,322625184.09287,36560,90684.952,186619617.95970,0,48.85165993325136,51.17654379435294,59.40152783019089,-8.224984035837949,2112.5588102563697,2030.6095,1948.66018974363,87.14928571428565,312391.8003,4.478647124221002,2053.728,19.602361337395532
2023-11-30,2051.96,2061.28,2024.59,2051.0,255994.3,2023-11-30 23:59:59.999,522698581.92417,37742,144792.665,295625804.43567,0,62.37099101098657,48.63552991254869,57.24832824666245,-8.612798334113762,2112.206044293017,2030.4445,1948.6829557069832,77.13928571428569,319198.7535,3.8644040330380944,2047.7740000000001,12.608845308029343
2023-12-01,2051.0,2115.0,2042.14,2086.95,495552.208,2023-12-01 23:59:59.999,1032169875.50070,62695,289578.043,603690408.52377,0,65.94340338365828,48.95826228535134,55.59031505440023,-6.63205276904889,2117.1831214286353,2032.125,1947.0668785713644,75.83999999999996,326118.93735,3.7725997971239282,2052.8059999999996,21.492077144887965
2023-12-02,2087.04,2200.0,2083.37,2165.02,297888.165,2023-12-02 23:59:59.999,631833088.33047,57157,138497.651,294140060.62603,0,70.7028955555072,54.880992636859446,55.44845057089208,-0.5674579340326318,2141.8799553621634,2038.1199999999997,1934.360044637836,79.46642857142854,325848.1365,7.1182247730252515,2080.366,49.96800956613989
2023-12-03,2165.02,2196.0,2147.65,2165.44,359457.783,2023-12-03 23:59:59.999,777925406.73178,50695,179127.351,387578775.25567,0,68.21571866886948,58.9293882953134,56.14463811577634,2.7847501795370633,2161.96991975948,2043.6754999999998,1925.3810802405196,77.72071428571425,322100.98199999996,11.446555122669237,2103.418,58.430782298390206
2023-12-04,2165.22,2260.43,2163.2,2233.0,251384.722,2023-12-04 23:59:59.999,555150883.95928,34821,142096.830,314179574.14748,0,72.01313410503127,66.81904998446862,58.2795204895148,8.539529494953818,2198.970625027976,2054.821,1910.6713749720236,78.83142857142855,314385.66040000005,8.419110506894548,2140.282,71.86288833606605
2023-12-05,2233.0,2300.0,2168.37,2278.58,215143.153,2023-12-05 23:59:59.999,481266889.36185,22558,117283.498,263207131.68987,0,87.39551989301238,75.87494959865626,61.7986063113431,14.076343287313158,2241.317797480138,2065.793,1890.2682025198624,81.2142857142857,315575.56680000003,10.71279335309266,2185.798,73.23528671345481
2023-12-06,2278.58,2295.04,2211.64,2235.39,87978.115,2023-12-06 23:59:59.999,198394355.28967,23159,42599.809,96367244.12325,0,73.42180296852932,78.65999972830559,65.1708849947356,13.489114733569991,2263.3211321823946,2079.4715,1895.6218678176056,76.21499999999999,304139.7171,7.631084789830987,2215.486,49.33351173393127
2023-12-07,2235.39,2395.0,2226.46,2364.4,194954.541,2023-12-07 23:59:59.999,447743687.37859,23410,120913.834,279094372.74475,0,80.46063884800509,90.23700481873357,70.1841089595352,20.052895859198372,2314.6278625613554,2099.6485000000002,1884.6691374386448,81.34142857142855,294959.62315,13.631011596668547,2255.362,73.16636330993867
2023-12-08,2364.4,2395.0,2345.0,2367.45,81242.641,2023-12-08 23:59:59.999,192375201.29256,25638,39972.084,94813574.17318,0,79.82875798205448,98.52227086030871,75.8517413396899,22.670529520618814,2356.780697537812,2119.2864999999997,1881.7923024621873,79.42571428571429,288973.03805,14.824982175682289,2295.764,66.57592004622934
2023-12-09,2368.07,2400.0,2345.0,2388.99,78380.056,2023-12-09 23:59:59.999,186258256.65568,27032,35183.592,83854619.95729,0,80.53497127006142,105.60910584034264,81.80321423982045,23.805891600522187,2398.4681294885495,2138.182,1877.89587051145,81.00642857142859,280837.3701,17.845621096871568,2326.962,66.36001032249705
2023-12-10,2388.99,2560.0,2195.0,2300.0,181218.548,2023-12-10 23:59:59.999,423261172.51398,33352,92360.587,219073737.88948,0,70.72436533208054,102.85902947609202,86.01437728707477,16.844652189017253,2415.8659358578134,2152.1245,1888.3830641421864,102.95428571428575,270522.2891,12.185271537133334,2331.246,63.065386940872045
2023-12-11,2292.06,2300.0,2196.87,2220.01,180726.186,2023-12-11 23:59:59.999,402595680.12024,16914,77955.202,174457512.57405,0,65.54432135197462,93.15125990893148,87.44175381144612,5.7095060974853595,2411.977297084355,2165.9735,1919.9697029156448,105.10000000000002,262917.98535000003,8.3629458968702,2328.17,69.00496032896399
2023-12-12,2223.92,2238.84,2199.58,2201.01,66822.166,2023-12-12 23:59:59.999,148381188.34068,8609,35295.384,78582750.79610,0,62.23931707158743,82.96823520635371,86.54705009042765,-3.5788148840739353,2414.2568430200504,2173.044,1931.8311569799491,102.17071428571433,246547.76519999997,7.3139931740614434,2295.492,84.50522540057445
2023-12-13,2225.01,2289.46,2195.0,2263.06,76859.748,2023-12-13 23:59:59.999,171148952.26768,16108,45196.435,100714564.87176,0,65.83963825511292,78.99443254528705,85.03652658139954,-6.042094036112488,2421.337814396095,2183.292,1945.246185603905,104.44142857142863,231374.48540000003,8.438630537387102,2274.614,74.5971831237743
2023-12-14,2265.77,2370.21,2200.0,2321.88,96629.135,2023-12-14 23:59:59.999,220762000.60911,17268,51621.622,118363441.27008,0,68.47194566432997,79.67302667071544,83.96382659926273,-4.290799928547287,2435.7379421689006,2195.541,1955.3440578310997,113.97857142857147,207198.74755,7.245198658672905,2261.192,51.260154798848866
2023-12-15,2321.88,2333.91,2228.04,2255.01,139354.188,2023-12-15 23:59:59.999,315702724.42447,9586,71695.687,162956514.63781,0,60.99667600177982,73.96237504054488,81.96353628751916,-8.001161246974277,2439.5111619008667,2204.2529999999997,1968.9948380991325,116.33642857142861,204684.51455000002,4.136341805822381,2252.1940000000004,46.46974854679075
2023-12-16,2248.24,2274.94,2233.49,2257.19,83686.563,2023-12-16 23:59:59.999,188335114.60474,7105,37052.619,83576481.75721,0,56.695968034871065,68.81924484550518,79.33467799911637,-10.515433153611184,2440.4334212868544,2214.023,1987.612578713146,110.96642857142862,194745.84389999998,1.0832960143304995,2259.63,42.867323802658305
2023-12-17,2257.19,2269.9,2235.0,2235.01,59306.479,2023-12-17 23:59:59.999,133162783.12559,6467,22911.278,51578533.95747,0,54.89922677145394,62.23611725855926,75.91496585100495,-13.67884859244569,2433.1073080329807,2224.4125,2015.717691967019,110.00571428571435,178660.61920000002,-1.912155816341744,2266.43,32.74549511004454
2023-12-18,2235.01,2436.35,2117.26,2331.99,194198.682,2023-12-18 23:59:59.999,432678955.68323,14192,84204.437,189077345.34200,0,56.69366944808839,64.10544900943023,73.55306248269001,-9.447613473259779,2435.386264595592,2238.5029999999997,2041.6197354044075,125.85285714285718,177689.6459,4.321393582327912,2280.216,43.66221913739518
2023-12-19,2249.61,2339.82,2080.0,2148.65,108017.582,2023-12-19 23:59:59.999,236208424.55360,10261,31317.971,69264727.69949,0,42.593964819480384,50.214065634648705,68.88526311308175,-18.671197478433044,2424.530973991413,2243.5015,2062.472026008587,135.00928571428577,175239.74805,-9.124936558957874,2245.5700000000006,65.56972319601472
2023-12-20,2149.0,2230.0,2108.12,2198.0,324999.93,2023-12-20 23:59:59.999,709142264.15019,13997,169799.706,372632544.02426,0,47.88362483726722,42.695015234068705,63.64721353727914,-20.952198303210437,2409.529289149576,2250.8514999999998,2092.1737108504235,137.75785714285718,178690.02955,-7.157490126507417,2234.168,68.41293313403555
2023-12-21,2198.0,2230.0,2171.83,2172.05,70685.317,2023-12-21 23:59:59.999,155139160.44883,12463,21481.534,47413587.62685,0,37.67445436952924,34.247382980235216,57.767247425870366,-23.51986444563515,2399.1696570963077,2255.1065,2111.043342903692,129.87428571428578,157446.685,-9.080824951129959,2217.1400000000003,71.76382654236089
2023-12-22,2172.05,2398.98,2172.05,2370.0,111616.902,2023-12-22 23:59:59.999,253178687.61307,21756,80378.439,182420986.00302,0,50.13074375249952,43.02946730580379,54.81969140185706,-11.790224096053265,2411.582804451982,2265.3555,2119.128195548018,142.5121428571429,148133.12185,3.0434782608695654,2244.138,100.00321229841558
2023-12-23,2370.19,2391.99,2337.08,2349.45,46560.869,2023-12-23 23:59:59.999,109877570.10269,10052,25411.953,60225200.52567,0,47.97064257852596,47.780337164231696,53.41182055433198,-5.631483390100286,2417.4304833611445,2274.556,2131.6815166388556,142.5057142857143,132488.27615,5.830604366646979,2247.63,104.06037069894559
2023-12-24,2362.82,2369.99,2265.86,2279.0,99520.295,2023-12-24 23:59:59.999,230715926.01276,8306,38478.172,89160954.39433,0,48.90128288303371,45.33808036198343,51.797072515862276,-6.458992153878846,2418.388483516863,2276.856,2135.3235164831376,123.87214285714286,124895.0548,3.543373269544426,2273.7,88.18029116532736
2023-12-25,2279.0,2302.98,2259.0,2283.19,37107.812,2023-12-25 23:59:59.999,84765240.38310,11106,19083.025,43661467.24980,0,53.59034391835064,43.2422030341595,50.08609861952173,-6.843895585362226,2418.6458186095065,2277.0865,2135.5271813904933,119.64714285714285,115993.28774999999,0.889503592480982,2290.738,77.47767078327705
2023-12-26,2283.19,2291.77,2210.0,2234.56,67247.13,2023-12-26 23:59:59.999,150477302.75758,11158,31325.386,70248476.71816,0,51.84444029071236,37.22802902479134,47.51448470057566,-10.286455675784318,2418.656264716694,2277.045,2135.4337352833063,122.68357142857141,114956.7385,-3.7607456027012662,2303.2400000000002,55.449941839481085
2023-12-27,2234.51,2398.23,2227.01,2349.56,70322.723,2023-12-27 23:59:59.999,162667071.69814,26873,36435.006,84334703.32352,0,54.49378662565978,41.265607461613854,46.264709252783305,-4.999101791169451,2416.1313397370104,2276.303,2136.4746602629893,128.16642857142853,108725.1476,4.19288606258951,2299.152,49.75909534951215
2023-12-28,2350.99,2364.0,2322.73,2343.9,76814.78,2023-12-28 23:59:59.999,180802932.88539,20069,42207.693,99453318.65315,0,51.210848143586134,43.50717908634215,45.71320321949508,-2.20602413315293,2412.089329642906,2275.1255,2138.1616703570944,118.95642857142853,108503.75455,3.8415020445775516,2298.0420000000004,48.39990826439503
2023-12-29,2325.0,2364.0,2242.14,2264.99,69024.471,2023-12-29 23:59:59.999,160705565.01016,8347,31797.288,74298271.85970,0,50.54161420570483,38.47277304775207,44.26511718514648,-5.792344137394409,2394.978525178956,2268.9255000000003,2142.8724748210448,120.0985714285714,108035.9753,1.341381022903681,2295.24,50.151733270165906
2023-12-30,2264.99,2371.52,2122.23,2339.0,97561.879,2023-12-30 23:59:59.999,221033609.51162,13795,64023.950,144684336.98317,0,54.118713185319436,39.99393329617578,43.410880407352344,-3.4169471111765617,2400.118840860435,2270.8755,2141.6321591395654,134.94428571428566,103853.14185,0.3006016320824797,2306.402,52.93290394453942
2023-12-31,2318.64,2445.0,2296.87,2318.19,74410.64,2023-12-31 23:59:59.999,173521143.94360,9040,39877.453,93631405.66607,0,54.19347032608038,39.069897213930744,42.54268376866803,-3.472786554737283,2404.349570720621,2275.7845,2147.2194292793793,143.03214285714282,98537.36455,7.8905359179019365,2323.128,34.59211572023019
2024-01-01,2339.99,2445.0,2296.87,2384.09,67172.706,2024-01-01 23:59:59.999,158600383.93873,13158,39696.707,94013499.96844,0,52.711564484230266,43.15767638352236,42.665682291638895,0.49199409188346266,2417.1071194578676,2284.9384999999997,2152.769880542132,130.82071428571427,98554.89155,8.466333030027304,2330.034,43.49054069567064
2024-01-02,2374.99,2445.0,2347.01,2387.74,177156.698,2024-01-02 23:59:59.999,423909414.71063,10216,96795.033,232073042.56065,0,65.30646214517098,46.15969509037086,43.36448485138529,2.795210238985568,2430.5604919124994,2291.1725,2151.784508087501,119.26142857142852,103569.73905,9.930250224442327,2338.802,50.79132770465608
2024-01-03,2387.74,2445.0,2106.85,2216.0,212813.607,2024-01-03 23:59:59.999,482542357.69511,16364,88020.250,201197274.31701,0,50.99623644011512,34.285610657384495,41.54871001258513,-7.263099355200637,2428.3641290848823,2285.8785000000003,2143.3928709151182,134.70928571428567,109378.96265,-6.4978902953586495,2329.004,69.76953439719789
2024-01-04,2216.0,2308.58,2210.31,2272.85,62210.252,2024-01-04 23:59:59.999,139855412.23231,11983,30786.178,69361181.93625,0,55.3944129294659,29.126876578464817,39.06434332576107,-9.937466747296256,2428.6646029112126,2286.7705,2144.8763970887876,137.57357142857137,105521.76585,-3.260337525803908,2315.774,73.56857161860496
2024-01-05,2272.85,2285.66,2215.8,2259.01,33692.152,2024-01-05 23:59:59.999,75717536.15755,9620,15654.010,35303855.48530,0,42.602540689691956,23.649157552775705,35.981306171164,-12.332148618388295,2428.6780396445956,2286.8615,2145.0449603554043,126.35428571428565,103022.0453,-0.8771390960947688,2303.9379999999996,77.72579861282757
2024-01-06,2260.01,2291.37,2219.24,2263.46,45030.259,2024-01-06 23:59:59.999,101461679.93858,8124,22622.857,51083085.08483,0,44.143088722091306,19.44297703347229,32.67364034362566,-13.230663310153368,2428.472034536809,2288.284,2148.095965463191,127.58428571428567,102308.2343,-0.864141836640841,2279.812,64.16581075621104
2024-01-07,2263.46,2329.99,2255.0,2255.02,71916.754,2024-01-07 23:59:59.999,164475244.31048,9825,35012.047,80453244.67522,0,48.21598619211998,15.252687714548301,29.189449817810186,-13.936762103261884,2423.7951740695353,2284.4355,2145.075825930465,125.50285714285711,96194.1379,0.9156164972075056,2253.268,21.864786072632658
2024-01-08,2261.51,2411.7,2215.8,2405.91,63167.519,2024-01-08 23:59:59.999,144519252.03399,7569,34495.540,79455198.80835,0,57.494076552920184,23.83268682120797,28.11809721848974,-4.285410397281769,2431.2737772595287,2297.2985,2163.323222740471,136.35428571428565,93951.63475,2.398321387834314,2291.25,64.43948750573554
2024-01-09,2405.91,2445.0,2260.43,2362.75,117622.603,2024-01-09 23:59:59.999,276342786.66780,8611,79595.690,187964073.16214,0,57.880758874230004,26.840347809944888,27.86254733678077,-1.0221995268358839,2433.948255096129,2305.536,2177.1237449038713,143.6971428571428,83582.7684,0.8042151968940616,2309.2300000000005,70.29772080232604
2024-01-10,2445.0,2618.75,2362.75,2526.41,96778.86,2024-01-10 23:59:59.999,238390006.04078,11457,56087.526,139342006.37318,0,60.2584776732369,41.946403025508516,30.679318474526326,11.26708455098219,2470.519868185938,2323.254,2175.988131814062,149.7528571428571,84887.44554999999,11.541772811358996,2362.71,111.9281356496283
2024-01-11,2615.0,2785.0,2526.41,2700.0,84702.762,2024-01-11 23:59:59.999,227475738.93544,10150,41818.335,112399252.18071,0,67.28808622196331,67.15124511148588,37.97370380191824,29.177541309567637,2563.2768615081,2339.754,2116.2311384919,165.27571428571426,83541.73855,15.433946130825138,2450.018,170.22938750404197
2024-01-12,2700.0,2780.0,2350.0,2547.37,172912.207,2024-01-12 23:59:59.999,455190083.53602,12910,69590.147,184222255.26919,0,62.79335278447294,73.95775962202106,45.17051496593881,28.78724465608225,2591.7345895656945,2349.65,2107.5654104343057,187.28571428571425,89859.30545,9.886161186097766,2508.488,132.54401616067426
2024-01-13,2520.43,2611.67,2501.08,2583.09,58624.889,2024-01-13 23:59:59.999,149914788.21594,7346,34450.254,88294151.41901,0,61.456074643537704,81.29713412888441,52.39583879852793,28.901295330356476,2625.724614927014,2364.8545,2103.984385072986,177.3785714285714,87814.53515,8.347000322974383,2543.924,121.4869609464364
2024-01-14,2583.09,2599.97,2502.58,2515.9,39777.994,2024-01-14 23:59:59.999,101493039.51130,7310,19749.206,50632158.57143,0,58.89215712730839,80.76100721398916,58.06887248162019,22.69213473236897,2642.7272252036505,2376.4900000000002,2110.25277479635,173.7542857142857,87948.04425,5.3674185631601565,2574.554,74.67708570907719
2024-01-15,2515.9,2577.2,2509.04,2524.17,42122.136,2024-01-15 23:59:59.999,107099939.68543,7899,16670.643,42631088.23071,0,56.644656952034005,80.08032650045061,62.471163285386275,17.609163215064335,2656.2061629568125,2390.9705,2125.7348370431873,168.0421428571428,86691.79455,13.906588447653434,2574.1059999999998,75.04393333242108
2024-01-16,2524.17,2610.0,2515.0,2586.14,50850.844,2024-01-16 23:59:59.999,130015912.55224,10013,28742.586,73637139.73266,0,58.917655519597275,83.57790911519442,66.69251245134791,16.885396663846507,2681.0421410601734,2402.7995,2124.5568589398267,167.8285714285714,85718.20060000001,13.78401566315419,2551.334,32.51563362447279
2024-01-17,2587.91,2592.74,2507.86,2530.15,56771.067,2024-01-17 23:59:59.999,144509540.42130,9452,25101.705,64013159.25257,0,65.76029699493304,80.89928684338156,69.53386732975464,11.365419513626918,2694.490857237342,2412.112,2129.733142762658,149.73785714285708,84716.01495000001,12.00260291012434,2547.8900000000003,33.92200097283412
2024-01-18,2530.8,2560.47,2417.49,2470.29,67583.972,2024-01-18 23:59:59.999,169367178.56908,11408,27073.025,68185876.58864,0,59.875357621591355,73.10356527038493,70.24780691788071,2.8557583525042247,2697.058454787434,2422.377,2147.695545212566,152.9314285714285,84643.98999999999,9.137780212594873,2525.3300000000004,41.35444534752038
2024-01-19,2468.73,2514.19,2420.0,2492.85,45951.886,2024-01-19 23:59:59.999,113752707.91502,7203,20932.563,52033900.35210,0,61.59483528035065,67.96237525996958,69.79072058629849,-1.8283453263289147,2703.5339251258374,2430.0695,2156.6050748741627,154.66928571428568,82063.49035000001,10.546691381894615,2520.72,43.87631935339462
2024-01-20,2492.85,2707.28,2470.5,2515.0,75321.863,2024-01-20 23:59:59.999,189123351.73980,17604,36477.838,92122728.64128,0,62.25732886324653,64.92682895255075,68.81794225954894,-3.891113306998193,2710.573014252302,2439.91,2169.2469857476976,166.42999999999998,82109.0515,4.534251073398429,2518.886,43.887708188068764
2024-01-21,2520.0,2542.52,2489.0,2492.01,28158.494,2024-01-21 23:59:59.999,70871926.87367,5833,15339.878,38841441.31645,0,61.38685219530478,59.974684934458764,67.0492907945309,-7.07460586007214,2715.586135718743,2445.306,2175.025864281257,164.89642857142854,80158.3409,5.470743836631053,2500.06,23.084904158370314
2024-01-22,2539.0,2539.0,2325.0,2365.01,76886.851,2024-01-22 23:59:59.999,184924990.16763,9132,22646.366,54634918.06666,0,47.98866966972876,45.28027369595975,62.69548737481667,-17.415213678856922,2715.657288421573,2444.1695,2172.681711578427,166.18928571428572,75144.84855,-6.3885117617488705,2467.032,59.182982520326284
2024-01-23,2407.96,2407.96,2265.86,2352.62,180226.434,2024-01-23 23:59:59.999,416903018.61165,9333,34311.030,79876423.12333,0,49.48629268639005,32.26316775473151,56.60902345079964,-24.345855696068128,2704.601276395406,2451.0004999999996,2197.3997236045934,163.15571428571428,73515.4899,-12.86592592592593,2443.498,77.97555238663809
2024-01-24,2352.62,2352.63,2300.0,2300.55,29537.866,2024-01-24 23:59:59.999,68354911.55320,5921,10386.677,24215678.76989,0,37.08456277590981,17.54317685770411,48.79585413218054,-31.252677274476426,2702.163430125595,2452.3855,2202.607569874405,148.62928571428571,71881.8706,-9.68920887032507,2405.038,93.43901738568029
2024-01-25,2326.89,2326.92,2250.0,2285.0,85279.077,2024-01-25 23:59:59.999,195618568.81303,5916,36533.090,84497842.67653,0,21.03330820560069,4.570042373050455,39.950691780354525,-35.38064940730407,2699.465332346494,2453.685,2207.904667653506,135.65285714285713,74461.21685,-11.540054740640091,2359.038,81.6407984404955
2024-01-26,2285.0,2321.0,2246.01,2287.05,41295.909,2024-01-26 23:59:59.999,94610856.66777,5996,17241.369,39969380.25241,0,26.993778280543026,-5.482641822881305,30.86402505970736,-36.346666882588664,2697.0004835841173,2454.8645,2212.728516415883,110.29499999999997,74274.49935,-9.096148495568182,2318.0460000000003,37.946933077677606
2024-01-27,2319.0,2319.0,2286.03,2307.03,19107.124,2024-01-27 23:59:59.999,44051115.80350,5290,10674.932,24727695.56026,0,24.90454892549363,-11.702350046783522,22.35075003840918,-34.0531000851927,2691.547161599041,2457.465,2223.3828384009594,104.75071428571424,71634.01784999999,-8.602431690417042,2306.45,27.401084832571602
2024-01-28,2307.03,2319.98,2286.04,2319.98,32210.965,2024-01-28 23:59:59.999,74315669.50482,4820,20378.722,47187275.57841,0,30.241236032111004,-15.408932272954189,14.798813576136506,-30.207745849090696,2694.2837536180577,2453.1684999999998,2212.053246381942,100.2185714285714,70086.19015000001,-10.291786214203402,2299.922,14.505135987015567
2024-01-29,2319.98,2352.16,2287.02,2320.6,44842.521,2024-01-29 23:59:59.999,103556887.40349,5043,24037.754,55819981.34067,0,29.147972876078057,-18.087890629378762,8.221472735033451,-26.309363364412214,2696.2070390438307,2451.061,2205.9149609561696,100.00285714285711,66447.18604999999,-8.282117661008249,2303.932,17.23644888025943
2024-01-30,2352.16,2400.0,2318.11,2365.02,24433.033,2024-01-30 23:59:59.999,57777054.11504,5642,11968.390,28535341.78691,0,26.505588847804844,-16.437184035360133,3.289741380954733,-19.726925416314867,2688.319208845332,2442.9915,2197.663791154668,99.06642857142853,62829.894700000004,-4.261442988475037,2319.936,28.64028508939352
2024-01-31,2365.02,2395.0,2305.48,2305.48,43978.785,2024-01-31 23:59:59.999,103052215.18438,5209,19520.895,45874012.60358,0,26.30713095564508,-19.70620668636684,-1.3094482325095829,-18.39675845385726,2643.770062308534,2423.2655,2202.760937691466,99.39785714285712,60793.69585,-7.516296608299733,2323.6220000000003,24.18996527491774
2024-02-01,2328.04,2328.04,2250.0,2298.72,33646.702,2024-02-01 23:59:59.999,77253159.91114,6586,11667.290,26915598.12485,0,29.62496734199462,-22.582093872353653,-5.563977360478399,-17.018116511875256,2629.909558605563,2410.8329999999996,2191.7564413944365,94.7592857142857,53830.4206,-8.599602385685893,2321.96,25.843865809931362
2024-02-02,2328.04,2328.04,2298.72,2304.23,18603.267,2024-02-02 23:59:59.999,43067694.73234,7104,9840.253,22862375.03250,0,26.654784890341148,-24.138391879923347,-9.27886026436739,-14.859531615555957,2605.028435004796,2396.8900000000003,2188.7515649952047,90.12571428571427,51829.339499999995,-7.535282763712833,2318.81,27.076011523150022
2024-02-03,2325.52,2349.5,2298.72,2328.44,30860.514,2024-02-03 23:59:59.999,71861833.76732,4651,17336.977,40499643.42327,0,27.02689390207864,-23.151350240498232,-12.05335825959356,-11.097991980904672,2589.893719287084,2387.5170000000003,2185.1402807129166,76.83999999999999,51383.465500000006,-1.5462936731768644,2320.378,27.430281077702197
2024-02-04,2343.26,2345.48,2266.43,2302.58,29890.28,2024-02-04 23:59:59.999,69138054.34622,5971,11494.085,26770682.76770,0,26.837201340148198,-24.17709995045925,-14.478106597766702,-9.698993352692549,2571.4423547706942,2376.4375,2181.4326452293058,78.66357142857143,50771.87269999999,-2.126990334180614,2307.8900000000003,11.766384321523631
2024-02-05,2313.46,2340.0,2256.82,2302.0,29618.017,2024-02-05 23:59:59.999,68413038.70600,6428,11921.899,27583356.73084,0,38.8473928280647,-24.751495307830737,-16.53278433977951,-8.218710968051226,2532.7756133368716,2362.2305,2191.6853866631286,69.3192857142857,49710.23135,0.06302840625067127,2307.1940000000004,12.044221851236392
2024-02-06,2302.0,2394.0,2300.06,2369.64,53866.805,2024-02-06 23:59:59.999,126383408.85987,6974,25829.196,60788561.90068,0,52.51968970213774,-19.523668362092394,-17.13096114424209,-2.3927072178503046,2505.4987461396895,2354.205,2202.9112538603104,65.87928571428571,49565.01825,3.70415754923413,2321.3779999999997,29.163410637333367
2024-02-07,2385.99,2438.85,2341.51,2410.0,43637.766,2024-02-07 23:59:59.999,104120947.69298,4894,24756.091,59212865.17683,0,66.78526515964782,-11.985699463156834,-16.101908808025037,4.116209344868203,2494.9608939178593,2351.1904999999997,2207.42010608214,69.0728571428571,48367.707949999996,5.375920946197057,2342.532,46.7021532694331
2024-02-08,2434.99,2455.0,2410.0,2415.0,47414.245,2024-02-08 23:59:59.999,114872845.51046,3740,28420.340,69002909.46257,0,70.60352478762518,-5.54443380771545,-13.990413807963119,8.445980000247669,2478.593854361665,2347.298,2216.0021456383347,66.7928571428571,48440.8259,4.680043172390467,2359.844,55.4050185452684
2024-02-09,2431.39,2540.0,2415.0,2464.31,35033.685,2024-02-09 23:59:59.999,87057195.40741,4363,24266.893,60521574.10003,0,74.433478524563,3.4988875326757807,-10.492553539835338,13.991441072511119,2463.814776042285,2344.7635,2225.712223957715,70.36499999999998,46426.417,6.221174320468276,2392.1899999999996,60.58367189269211
2024-02-10,2464.32,2520.0,2464.3,2485.06,17492.068,2024-02-10 23:59:59.999,43622950.51877,3479,10008.654,25050573.49201,0,74.48763445297236,12.199508098136903,-5.95414121224089,18.153649310377794,2461.6848239448213,2344.416,2227.147176055179,71.9885714285714,45893.0957,7.086960268895977,2428.8019999999997,46.01612021891016
2024-02-11,2485.06,2564.86,2484.06,2493.2,21672.635,2024-02-11 23:59:59.999,54656787.19358,4034,12127.859,30771678.65701,0,74.14552550878166,19.526552608419934,-0.8580024481087238,20.384555056528658,2485.5476882984685,2350.8255,2216.1033117015313,75.33571428571427,43132.3849,5.41982731647089,2453.514,38.93417110972138
2024-02-12,2510.09,2729.19,2475.5,2637.98,20575.418,2024-02-12 23:59:59.999,52493033.95381,9284,8957.322,23424903.51509,0,81.55749115061843,36.59399144002737,6.632396329518496,29.96159511050887,2551.243294381701,2365.0935,2178.9437056182987,88.80357142857143,35149.8341,14.422159376789216,2499.1099999999997,83.37076765869936
2024-02-13,2637.98,2930.5,2472.97,2620.88,71110.498,2024-02-13 23:59:59.999,185855709.54624,33782,34655.524,92819428.67881,0,76.90204819783824,48.184788342967295,14.942874732208258,33.241913610759035,2596.6758883275725,2381.1099999999997,2165.544111672427,115.63500000000002,37228.4657,14.01475603814298,2540.286,82.27828619994848
2024-02-14,2638.09,2960.0,2600.0,2776.86,40808.444,2024-02-14 23:59:59.999,111509040.87503,34682,26387.078,72553821.68555,0,91.2059862232945,69.15963163338438,25.786226112443487,43.37340552094089,2679.4722902771923,2405.703,2131.9337097228076,134.955,35004.934049999996,20.511407281391186,2602.796,120.14186397755086
2024-02-15,2780.98,2887.34,2758.47,2828.23,90153.192,2024-02-15 23:59:59.999,254165789.08813,27247,50725.078,143363815.07335,0,92.93858155338232,88.90266120127944,38.409513130210684,50.49314807106876,2759.0868162634965,2432.7619999999997,2106.437183736503,138.58571428571435,37447.798200000005,21.46458573121918,2671.43,133.36215992551996
2024-02-16,2818.59,2866.41,2775.0,2826.67,36445.726,2024-02-16 23:59:59.999,102877714.58070,23938,21029.208,59431240.22103,0,92.6384173413424,103.23326657554207,51.37426381927697,51.859002756265106,2823.4128901281547,2458.7439999999997,2094.0751098718447,143.02071428571432,38314.7283,22.76098984617256,2738.1240000000003,101.5319399499466
2024-02-17,2809.72,2851.3,2729.94,2837.5,38191.52,2024-02-17 23:59:59.999,106573427.77896,8055,16294.510,45731436.91171,0,92.47405132997365,114.14843299041377,63.92909765350434,50.219335336909424,2879.982714105916,2484.62,2089.257285894084,148.06214285714287,38613.75605,23.262380538662033,2778.0280000000002,90.99459033370785
2024-02-18,2837.5,2976.2,2780.02,2926.15,37685.149,2024-02-18 23:59:59.999,107014867.38078,9655,24646.864,70145958.54436,0,97.0938750849634,128.47115957767346,76.83751003833818,51.63364953933528,2948.290988396105,2514.8975,2081.504011603895,156.42857142857142,38255.88745,23.48500194122315,2839.082,54.14503735338023
2024-02-19,2910.92,3000.0,2882.48,2946.33,65315.007,2024-02-19 23:59:59.999,191244456.44247,24363,33385.564,98148575.17542,0,97.26252475610653,139.83841078333126,89.4376901873368,50.40072059599446,3011.648627930309,2543.963,2076.2773720696914,158.8814285714286,40299.98615,22.254356846473026,2872.9759999999997,58.337981452898326
2024-02-20,2946.73,3063.12,2895.61,3018.27,63680.082,2024-02-20 23:59:59.999,187950716.66181,53632,35062.988,103817670.53015,0,97.27968510824407,152.8895801235658,102.12806817458261,50.761511948983184,3078.3707260961446,2579.6025,2080.8342739038553,164.13642857142855,41285.051,24.980124223602484,2910.984,79.84106387065772
2024-02-21,3020.5,3020.5,2893.94,2996.66,49298.201,2024-02-21 23:59:59.999,145225024.01410,17431,21284.724,62934075.55222,0,93.96432853717026,159.6486492063873,113.63218438094356,46.016464825443734,3127.9690703164806,2614.4995000000004,2101.02992968352,166.22357142857143,42067.62595,21.602395802476146,2944.982,70.62327569575218
2024-02-22,2995.49,3230.0,2928.97,3045.57,59454.812,2024-02-22 23:59:59.999,178855350.89137,14202,36912.921,111542212.91151,0,94.33702240159751,167.02651074755613,124.31104965426607,42.71546109329006,3177.607845554293,2651.5665,2125.525154445707,184.51142857142858,44110.2032,22.555189814330447,2986.596,49.642544052434864
2024-02-23,3058.47,3123.0,2955.0,2985.01,35334.436,2024-02-23 23:59:59.999,106405024.39943,7942,10845.826,32489113.18074,0,86.04158591284126,166.07245342798706,132.66333040901026,33.4091230189768,3207.47036667386,2684.3949999999995,2161.319633326139,187.58285714285716,44333.8993,19.72605486924436,2998.368,37.12622146135882
2024-02-24,2985.01,3032.31,2970.0,3000.0,23398.864,2024-02-24 23:59:59.999,70225585.47747,5448,9255.462,27880274.64403,0,85.92938878035167,164.6281925260114,139.0563028324105,25.571889693600895,3227.9570602671643,2719.266,2210.574939732836,188.05500000000004,44009.3285,13.723379252306689,3009.102,23.622243119521627
2024-02-25,2995.26,3122.99,2985.91,3112.11,49369.971,2024-02-25 23:59:59.999,150704058.64831,6033,28937.772,88479678.86612,0,87.7122000560586,170.563792189409,145.3578007038102,25.205991485598815,3257.459398027571,2759.7715,2262.083601972429,192.07500000000002,44996.9262,18.74294130215805,3027.87,52.434359441092376
2024-02-26,3122.99,3402.75,3080.0,3180.44,73396.235,2024-02-26 23:59:59.999,232308636.19750,14559,37920.353,119930348.36115,0,86.44976616674731,178.72127007737708,152.0304945785236,26.690775498853498,3296.281039780894,2800.3115000000003,2304.3419602191066,197.00785714285715,45973.3977,14.533681928509177,3064.626,81.46467228190043
2024-02-27,3184.41,3499.99,3157.63,3334.48,66219.975,2024-02-27 23:59:59.999,221469199.95591,12957,28722.251,95405427.68567,0,90.49667446030917,195.3638379944191,160.6971632617027,34.66667473271639,3361.3051943794635,2846.5355000000004,2331.7658056205373,188.78142857142853,47102.50815,17.899887915763568,3122.4080000000004,143.44879215245095
2024-02-28,3334.48,3590.0,3289.07,3499.0,89875.71,2024-02-28 23:59:59.999,306382158.10768,9064,69562.937,238051016.08809,0,90.58790467625899,219.30062097222208,172.4178548038066,46.882766168415486,3451.2236025904494,2900.7355000000002,2350.247397409551,184.56214285714282,49225.581399999995,23.785231385340346,3225.206,195.2027176552529
2024-02-29,3499.0,3768.24,3436.97,3557.0,50368.3,2024-02-29 23:59:59.999,180333490.02280,10783,25879.843,92900394.53644,0,90.65753210671367,240.1821390206751,185.9707116471803,54.211427373494786,3539.3569812535507,2955.37,2371.383018746449,199.01928571428564,49992.31215,25.356828193832598,3336.6059999999998,193.4787584723337
2024-03-01,3561.99,3600.0,3503.56,3506.38,26438.67,2024-03-01 23:59:59.999,93408623.84375,7359,10419.722,36988049.74130,0,85.95245903373568,249.7671216623894,198.72999365022216,51.037128012167244,3595.8531196913236,3006.436,2417.0188803086767,199.37857142857138,50439.642250000004,19.829127009893547,3415.46,155.7811849999709
2024-03-02,3522.57,3592.82,3467.33,3478.68,30367.291,2024-03-02 23:59:59.999,106587646.79108,5643,11217.297,39550663.29683,0,83.31982206701586,252.2206878727079,209.42813249471936,42.79255537798855,3629.0206500612376,3055.71,2482.3993499387625,199.6735714285714,50874.37505,18.06824082842044,3475.108,83.73180232142839
2024-03-03,3484.97,3550.0,3400.0,3495.2,34369.508,2024-03-03 23:59:59.999,119523402.82393,8249,24054.126,83906108.95194,0,81.96802354976796,252.58652250617524,218.05981049701057,34.52671200916467,3668.550876427745,3098.571,2528.5911235722547,196.37499999999997,51564.07955,15.801435921902277,3507.2519999999995,29.602910667611166
2024-03-04,3495.2,3906.0,3489.26,3834.92,41086.375,2024-03-04 23:59:59.999,150239025.27370,7625,21201.893,78261697.84869,0,86.73164843704787,277.09483713346526,229.86681582430154,47.22802130916372,3772.0307927988742,3159.273,2546.515207201126,217.7478571428571,50062.873400000004,27.97314343302211,3574.436,148.52197036127075
2024-03-05,3834.92,4088.26,3400.0,3527.0,82068.572,2024-03-05 23:59:59.999,310511190.02249,7666,17119.688,66465182.75845,0,67.5964165888416,268.5753134125839,237.60851534195803,30.966798070625885,3802.77469825713,3196.78,2590.7853017428706,254.9442857142857,52125.8798,15.807549982433494,3568.436,150.00105226295653
2024-03-06,3527.0,4237.05,3506.37,4051.06,49863.33,2024-03-06 23:59:59.999,191300970.21319,14462,35629.994,136087034.00572,0,77.06365503080082,300.6451416835448,250.21584061027542,50.429301073269386,3948.236459917012,3257.9215,2567.606540082988,298.0957142857143,50111.3867,35.713448196153436,3677.3720000000003,254.8239492669273
2024-03-07,4144.2,4182.0,4013.75,4023.01,26136.77,2024-03-07 23:59:59.999,106071978.03127,8456,8532.321,35067735.79502,0,75.35985968845024,320.1073132156821,264.1941351313568,55.913178084325295,4056.3518694480044,3317.7385000000004,2579.1251305519963,288.6114285714286,49595.938899999994,34.10033333333334,3786.238,264.79665164044815
2024-03-08,4064.21,4170.0,3988.22,4004.13,28386.787,2024-03-08 23:59:59.999,115261198.25535,7451,12212.324,49910822.31088,0,77.02576559566366,330.2014098495147,277.3955900749884,52.8058197745263,4138.864601145557,3376.0699999999997,2613.2753988544423,289.5957142857143,49105.702249999995,28.66286860040294,3888.024,218.7698128855811
2024-03-09,4004.13,4147.0,4004.13,4050.0,41779.96,2024-03-09 23:59:59.999,170393487.03020,8236,20553.215,84625360.01812,0,77.39597357462664,338.00605638770776,289.5176833375323,48.48837305017548,4220.654042342263,3432.2625,2643.8709576577367,295.34999999999997,49310.442800000004,27.34087107444253,3931.04,226.71856595786744
2024-03-10,4114.5,4159.0,3971.01,4000.94,28480.359,2024-03-10 23:59:59.999,115810968.64257,6566,14850.838,61076041.14828,0,73.979787297185,336.35526884483625,298.8852004389931,37.470068405843165,4277.599546849978,3484.993,2692.386453150022,298.9864285714285,47468.710399999996,19.986924497972698,4025.828,24.078498084208835
2024-03-11,4000.94,4309.81,4000.94,4224.52,35397.142,2024-03-11 23:59:59.999,146842167.20969,9727,20049.504,83759973.74480,0,75.9910183516385,349.06424989991046,308.9210103311766,40.14323956873386,4371.251500260484,3545.3055,2719.359499739516,297.995,46054.5634,20.73506716204631,4060.5199999999995,93.732703737762
2024-03-12,4221.14,4298.0,3936.0,3983.13,39874.705,2024-03-12 23:59:59.999,163725715.61316,9159,14756.803,60979773.10726,0,65.47433309954243,335.7873062832318,314.2942695215877,21.493036761644134,4400.189874628733,3594.629,2789.068125371267,299.39785714285716,45583.388600000006,11.980039359010405,4052.5440000000003,99.25649616015625
2024-03-13,4042.17,4282.0,3969.07,4124.38,40486.5,2024-03-13 23:59:59.999,166382179.79507,12694,25993.967,107514658.96889,0,65.08670185562235,332.82631277975725,318.0006781732216,14.82563460653563,4443.737581363922,3648.5695,2853.4014186360782,300.25500000000005,44634.973000000005,17.625014972706893,4076.594,99.16134720742231
2024-03-14,4124.41,4279.0,3902.24,3953.0,44036.856,2024-03-14 23:59:59.999,180420809.27535,7701,8750.596,36439505.44726,0,59.0576395242452,313.04221459008613,317.00898545659453,-3.966770866508398,4438.078382647665,3696.969,2955.8596173523347,303.5042857142858,45070.094,13.635056975634441,4057.1940000000004,114.03763317427757
2024-03-15,3953.0,4118.0,3700.0,3744.0,43059.382,2024-03-15 23:59:59.999,165904749.02768,7753,22769.419,87848076.08489,0,55.06786442470929,277.30205544330556,309.06759945393674,-31.765544010631174,4398.710651932871,3734.1690000000003,3069.62734806713,326.4728571428572,46053.119900000005,7.118333714808886,4005.8059999999996,182.8528530813546
2024-03-16,3744.0,3820.0,3500.0,3500.02,31396.956,2024-03-16 23:59:59.999,114880644.45891,7398,10416.835,39654935.85111,0,50.41668944725188,226.6775768474722,292.5895949326438,-65.91201808517161,4361.930522148013,3753.5645000000004,3145.198477851988,340.3664285714286,45154.46915,-8.732907074984617,3860.906,243.28187227985637
2024-03-17,3819.0,3819.0,3500.02,3550.0,423326.454,2024-03-17 23:59:59.999,1488688759.94560,6524,10351.038,38609170.21416,0,51.056234869628234,188.41831211458248,271.75533836903156,-83.33702625444909,4327.239357221299,3772.0425000000005,3216.845642778702,352.4364285714286,62650.9801,0.652112276722427,3774.2799999999997,265.0225428147441
2024-03-18,3550.0,3800.0,3550.0,3606.0,27658.061,2024-03-18 23:59:59.999,102114832.84951,6280,12081.167,44991925.47154,0,45.04587950138504,160.76312393793523,249.5568954828123,-88.79377154487707,4308.078244841636,3785.6185000000005,3263.1587551583652,340.52642857142865,60722.884399999995,-10.986260386170532,3670.6040000000003,182.31317582663485
2024-03-19,3606.0,3721.88,3020.0,3464.0,53289.617,2024-03-19 23:59:59.999,183282593.37695,9010,12109.238,42491391.92115,0,48.53111243751399,125.93625999397636,224.83276838504514,-98.89650839106878,4310.58762492232,3783.8685000000005,3257.1493750776813,341.49928571428575,58893.57975,-13.895317187876744,3572.804,109.61967013266373
2024-03-20,3464.0,3721.0,3100.01,3431.36,45363.435,2024-03-20 23:59:59.999,151216922.25980,12240,17668.440,61060960.30571,0,31.25597376985712,94.61132374165572,198.78847945636727,-104.17715571471155,4318.5039622231025,3777.5865000000003,3236.669037776898,333.6642857142857,58643.3365,-14.304480623755971,3510.2760000000003,69.30993637274788
2024-03-21,3448.11,3749.5,3250.0,3501.02,37113.449,2024-03-21 23:59:59.999,132610435.30249,8259,17259.865,61862710.64161,0,34.59906648492036,74.54772612241095,173.94032878957603,-99.39260266716508,4318.8067428144695,3777.3185,3235.83025718553,357.325,59177.075450000004,-13.555061728395062,3510.476,69.2743767925368
2024-03-22,3501.02,3800.0,3501.01,3501.07,26446.764,2024-03-22 23:59:59.999,94628953.78397,5341,9543.756,34841060.84157,0,34.99081057857552,57.982825125880936,150.74882805683703,-92.76600293095609,4317.413328157136,3778.4380000000006,3239.4626718428653,365.69714285714286,58981.049100000004,-12.493813953720872,3500.69,65.65678639710003
2024-03-23,3649.98,3649.99,3501.07,3510.19,15293.457,2024-03-23 23:59:59.999,54579213.22641,3734,6963.561,25320887.41666,0,33.53324100568,45.0713747710397,129.61333739967756,-84.54196262863786,4316.543681116582,3779.1875,3241.831318883418,366.1292857142857,58027.24655,-16.90913997329875,3481.528,33.194114990379404
2024-03-24,3510.19,3619.98,3510.14,3520.02,16914.554,2024-03-24 23:59:59.999,60361470.77987,3632,8759.569,31681044.21753,0,34.96993486930107,35.22609173210731,110.7358882661635,-75.50979653405619,4312.254420918351,3763.4424999999997,3214.630579081648,360.54714285714283,56818.65550000001,-11.626785969827752,3492.732,35.19286959022329
2024-03-25,3520.02,3649.99,3520.02,3594.99,29583.311,2024-03-25 23:59:59.999,106257451.72478,4313,18745.384,67873290.04798,0,28.310766580534008,33.09162676733558,95.20703596639791,-62.11540919906233,4310.30343009803,3766.8419999999996,3223.3805699019695,347.76857142857136,54194.39245,-12.835626203211156,3525.458,39.65278388706512
2024-03-26,3649.99,3799.99,3594.99,3603.02,16758.723,2024-03-26 23:59:59.999,61769659.43188,11902,7747.271,29170826.56164,0,34.39473187233658,31.682782401575878,82.50218525343351,-50.81940285185763,4275.364681465703,3744.44,3213.515318534297,336.55428571428564,52539.1621,-8.853528965342779,3545.858,49.05920168525159
2024-03-27,3603.02,3799.84,3600.0,3750.0,17766.76,2024-03-27 23:59:59.999,65094052.11876,5008,7357.440,27515029.09247,0,34.70194995178241,41.942829893911494,74.3903141815291,-32.44748428761761,4245.3435283217,3730.7895000000003,3216.2354716783,328.4764285714286,52120.66160000001,0.16025641025641024,3595.6440000000002,96.04944471465694
2024-03-28,3750.0,3799.84,3598.0,3610.0,31793.926,2024-03-28 23:59:59.999,118868522.78410,4542,24313.793,91820640.89104,0,35.61531235321746,38.33525650592492,67.17930264640827,-28.844046140483357,4211.555603975991,3711.083,3210.610396024009,315.98214285714283,52291.01855,3.142267758469952,3615.6059999999998,83.38657673746923
2024-03-29,3670.0,3799.79,3610.0,3651.0,11832.93,2024-03-29 23:59:59.999,43950461.50130,3847,6153.094,23329101.02847,0,45.460048426150124,38.34259636997058,61.411961391120734,-23.069365021150155,4165.8697389727795,3691.1330000000003,3216.396261027221,299.6814285714285,50793.667050000004,2.845070422535211,3641.8019999999997,64.22262934506587
2024-03-30,3799.77,3799.78,3613.01,3616.06,10774.748,2024-03-30 23:59:59.999,40109853.73525,3458,5981.372,22692678.81883,0,57.117271835132485,35.124157843282774,56.15440068155314,-21.030242838270368,4124.432702147832,3671.889,3219.345297852168,290.16499999999996,49908.38650000001,0.2789794786466984,3646.0160000000005,60.993201916227434
2024-03-31,3616.06,3798.99,3616.04,3650.1,33803.136,2024-03-31 23:59:59.999,124661426.73714,3714,15157.322,56608901.75464,0,56.262042389210016,34.91775548940177,51.90707164312286,-16.98931615372109,4013.4753780750557,3643.168,3272.8606219249446,280.44857142857137,49828.686200000004,5.372401847575055,3655.432,56.13688733794961
2024-04-01,3788.99,3789.0,3584.01,3585.54,43819.983,2024-04-01 23:59:59.999,159139021.95864,4215,7800.844,28916531.55396,0,48.73362877868831,29.20803563391837,47.36726444128197,-18.159228807363597,3957.7004165765484,3623.2885,3288.876583423452,277.23357142857134,50025.9501,4.493262146787274,3622.54,28.007888174472722
2024-04-02,3649.94,3705.0,3255.0,3300.12,60976.101,2024-04-02 23:59:59.999,213234941.12529,6209,18119.421,65872499.19708,0,41.38598040452461,1.6332062812289223,38.220452809271364,-36.58724652804244,3853.746267423749,3582.0755,3310.404732576251,259.24214285714277,51050.43015,-5.7383276873596865,3560.564,148.0962939441564
2024-04-03,3540.0,3680.0,3275.0,3450.03,24100.355,2024-04-03 23:59:59.999,83587003.07934,22277,13770.297,48925692.67270,0,50.87364647967731,-8.030984308840743,28.97016538564894,-37.00114969448968,3771.0474118787693,3556.9269999999997,3342.80658812123,243.81428571428566,50053.6051,-1.4578400317617173,3520.37,144.6472917133055
2024-04-04,3450.03,3671.0,3279.03,3595.91,22438.779,2024-04-04 23:59:59.999,77740708.71272,138485,7643.326,26943176.11141,0,54.14464546224873,-3.8739714171988453,22.401338025079383,-26.27530944227823,3745.9123918906416,3549.5225,3353.1326081093584,236.13357142857134,49022.574949999995,2.4420330523418903,3516.34,141.5625895142997
2024-04-05,3595.91,3647.98,3300.0,3400.0,21675.362,2024-04-05 23:59:59.999,73736633.28583,69686,6541.502,22855580.40672,0,46.230391096457524,-16.201052810730744,14.680859857917357,-30.8819126686481,3751.051213042577,3544.5215,3337.991786957423,239.6328571428571,48536.49525,-3.4096397179561477,3466.3199999999997,125.79062266319481
2024-04-06,3499.0,3548.0,3354.0,3408.03,19598.158,2024-04-06 23:59:59.999,68002331.83283,70253,10437.234,36786979.12704,0,46.18663680477791,-25.033825380469352,6.737922810240013,-31.771748190709367,3752.732384653747,3537.423,3322.1136153462526,242.85285714285712,28350.080449999998,-5.200570794355467,3430.818,107.44240163917759
2024-04-07,3542.0,3684.99,3388.03,3455.99,25448.108,2024-04-07 23:59:59.999,89997121.51238,5189,17455.560,62681398.87682,0,47.67608138614867,-27.842934084618264,-0.17824856873164455,-27.66468551588662,3745.624292870025,3529.9224999999997,3314.2207071299745,256.21857142857135,28239.582799999996,-4.080743376389813,3461.9919999999997,78.84803371038662
2024-04-08,3461.3,3684.99,3421.0,3630.0,34527.521,2024-04-08 23:59:59.999,125483106.19919,10838,21661.748,79546402.11419,0,51.18543750465576,-15.845364732203961,-3.3116718014261095,-12.533692930777852,3756.0086971243127,3538.2225,3320.436302875687,265.7914285714285,27301.477999999996,-3.2,3497.986,107.7889235032717
2024-04-09,3630.0,3690.93,3449.0,3510.29,19564.186,2024-04-09 23:59:59.999,69981881.35662,8094,10035.833,36713911.89499,0,47.08093304372462,-15.814501396469495,-5.812237720434788,-10.002263676034708,3754.5963571339685,3542.1689999999994,3329.7416428660304,268.42928571428564,26011.51555,-2.762049861495846,3480.862,94.29996007419207
2024-04-10,3609.87,3631.4,3463.01,3477.07,27209.978,2024-04-10 23:59:59.999,96104213.81206,4138,7103.295,25582791.60436,0,40.7455631734923,-18.260126972216767,-8.301815570791186,-9.958311401425581,3754.641941890942,3540.9715000000006,3327.3010581090593,266.182857142857,25516.342,-4.763900301287314,3496.2760000000003,83.45311426180679
2024-04-11,3477.07,3798.99,3465.07,3521.0,19580.674,2024-04-11 23:59:59.999,70546934.76639,7758,10549.274,38651305.71244,0,46.77190029887125,-16.46373530680785,-9.93419951799452,-6.5295357888133285,3755.0399646750875,3541.968,3328.896035324912,275.6171428571427,25173.0375,-2.628828061481279,3518.87,67.32229311301067
2024-04-12,3766.99,3780.0,3100.01,3442.66,36559.733,2024-04-12 23:59:59.999,127674270.47309,329819,5157.794,19014108.40774,0,42.6426341587445,-21.118029753489736,-12.170965565093564,-8.947064188396173,3755.8822911701363,3538.5915,3321.3007088298637,310.63142857142844,26236.3513,-5.683131968987152,3516.204,70.61815722598634
2024-04-13,3442.66,3600.51,3099.98,3212.0,74397.34,2024-04-13 23:59:59.999,243727322.44559,4922,6477.498,22666946.10695,0,37.46385534692661,-42.924123354127005,-18.321597122900254,-24.60252623122675,3785.1048728677592,3523.1905000000006,3261.276127132242,333.042857142857,29110.4906,-10.417956570000612,3432.6040000000003,127.07619812535458
2024-04-14,3299.99,3299.99,3099.98,3107.1,34765.3,2024-04-14 23:59:59.999,110867191.50528,4269,16042.717,52526689.93256,0,33.862723187751115,-67.88759699161665,-28.234797096643533,-39.652799894973114,3817.3189768725683,3498.796,3180.2730231274313,334.26142857142844,29369.59005,-5.848878222610086,3351.9659999999994,181.6581574826593
2024-04-15,3246.99,3280.0,3080.05,3080.13,42552.414,2024-04-15 23:59:59.999,136006067.87700,12150,18993.505,61914603.65741,0,34.636593002401426,-88.82367922051299,-40.352573521417426,-48.47110569909556,3837.6080488354287,3472.6515,3107.694951164571,333.90142857142837,30659.274599999997,-10.721645898731317,3272.578,199.20483934883427
2024-04-16,3090.0,3218.98,3080.05,3095.53,48381.968,2024-04-16 23:59:59.999,153025222.50558,8699,36787.289,117043437.93918,0,42.5594437130409,-102.98586695858967,-52.87923220885188,-50.106634749737786,3817.329078937419,3439.928,3062.5269210625806,311.68214285714265,32190.034999999996,-13.915253718808303,3187.484,151.7875424071262
2024-04-17,3095.53,3199.0,2900.0,2983.05,30778.997,2024-04-17 23:59:59.999,94750576.62454,15343,10240.011,32412802.57682,0,32.54149842978913,-121.88073351168532,-66.67953246941859,-55.20120104226673,3828.2820693874455,3408.5805,2988.8789306125545,304.1107142857141,32139.288550000005,-12.263235294117642,3095.5620000000004,81.52918354795065
2024-04-18,2983.76,3198.0,2983.0,3179.94,22876.053,2024-04-18 23:59:59.999,71278849.59105,7663,13293.343,41934304.27732,0,35.01991486664602,-119.58912487366433,-77.26145095026774,-42.32767392339659,3800.295092352043,3385.0275,2969.7599076479573,291.46999999999986,32691.4447,-6.692722775327686,3089.15,70.61214732604756
2024-04-19,3179.94,3179.94,3016.2,3060.12,27973.791,2024-04-19 23:59:59.999,86629564.24329,5012,11455.245,36182626.90743,0,37.05041453304071,-125.98915656896224,-87.00699207400665,-38.9821644949556,3781.707757786399,3357.2305,2932.7532422136014,278.3099999999999,33551.39685,-11.454604903370667,3079.754,70.7520595459629
2024-04-20,3173.81,3173.89,3060.08,3173.89,17142.087,2024-04-20 23:59:59.999,53658135.80453,4417,9200.543,29129754.94618,0,41.744354963823795,-120.49198303600224,-93.70399026640578,-26.787992769596457,3741.8475038421157,3333.4199999999996,2924.9924961578836,272.58214285714274,32718.3444,-12.565013774104687,3098.5060000000003,82.35088542326314
2024-04-21,3173.89,3196.98,3097.72,3166.02,20683.16,2024-04-21 23:59:59.999,65309953.79942,4548,10946.231,34858726.58386,0,39.47836309934179,-115.43975895136418,-98.05114400339747,-17.388614947966715,3709.2789218185076,3312.4440000000004,2915.6090781814933,258.46071428571423,31561.503249999998,-9.807451805976145,3112.6040000000003,87.58166035189886
2024-04-22,3196.96,3264.25,3113.01,3223.01,31436.934,2024-04-22 23:59:59.999,100765707.30475,5160,15724.294,50684313.46484,0,33.86177088702962,-105.61970009358402,-99.56485522143478,-6.054844872149232,3707.4208876556686,3308.5885000000003,2909.756112344332,250.4071428571428,30084.544899999997,-7.306726640533551,3160.5960000000005,60.35576716433378
2024-04-23,3223.01,3264.25,3200.01,3260.0,27118.9,2024-04-23 23:59:59.999,87652174.99630,5361,11093.381,36002193.06748,0,39.37855936447043,-93.77150924952684,-98.40618602705321,4.634676777526366,3692.7523997923204,3299.0870000000004,2905.4216002076805,237.71499999999992,30235.472149999998,-7.412666856006816,3176.608,75.49224907230695
2024-04-24,3264.24,3400.0,3232.23,3344.0,33744.221,2024-04-24 23:59:59.999,110679514.12117,5652,17287.448,57257796.40421,0,44.58629303260348,-76.7192627563254,-94.06880137290766,17.34953861658225,3655.5185208491575,3286.4915,2917.4644791508426,237.6707142857142,30800.74425,-2.8658072536933608,3233.384,72.67973465825996
2024-04-25,3344.0,3345.0,3097.44,3166.08,37059.986,2024-04-25 23:59:59.999,118098647.16790,6229,13533.358,43511815.34174,0,36.98019075568599,-76.67799541542536,-90.5906401814112,13.912644765985846,3643.502571433713,3274.7955,2906.0884285662873,231.50214285714281,31569.975450000005,-1.429638854296391,3231.822,74.34290228391059
2024-04-26,3166.08,3193.0,3108.67,3152.01,24502.939,2024-04-26 23:59:59.999,77661024.35125,5837,9981.387,31779127.77504,0,38.81022229408731,-76.89423330599811,-87.85135880632859,10.957125500330477,3628.9982520229305,3261.9945000000002,2894.99074797707,188.95499999999996,31815.214500000002,1.445399246886174,3229.02,77.63418158256762
2024-04-27,3152.01,3333.02,3097.85,3280.07,73999.891,2024-04-27 23:59:59.999,237154817.82953,10009,49294.000,158415382.69155,0,52.84542650046401,-65.97175036207636,-83.47543711747815,17.503686755401787,3608.883431203479,3253.1985,2897.5135687965208,170.00071428571422,34242.80365,6.491284458772846,3240.432,80.66454964849827
2024-04-28,3327.99,3540.0,3180.07,3400.01,76360.156,2024-04-28 23:59:59.999,257207570.88602,8428,36045.823,122160361.25062,0,62.092026717966945,-47.094571413281756,-76.19926397663887,29.10469256335712,3558.8774770622663,3241.6989999999996,2924.520522937733,181.4235714285714,36334.4354,9.836118532206116,3268.434,108.61485823769672
2024-04-29,3455.0,3455.0,3183.0,3271.8,49537.018,2024-04-29 23:59:59.999,161043182.08515,6537,22356.199,73297613.91872,0,57.3022150090292,-41.99564692162494,-69.35854056563609,27.36289364401115,3521.3334516609693,3229.7745,2938.2155483390306,186.56999999999996,37833.077,9.679690249912003,3253.994,100.55755978540355
2024-04-30,3279.79,3285.0,2800.0,3002.41,57000.902,2024-04-30 23:59:59.999,175300805.30703,16342,12656.813,40554912.18605,0,47.02757916241061,-59.011980759539256,-67.28922860441672,8.277247844877465,3490.019223979893,3206.0415000000003,2922.0637760201075,211.28928571428568,39322.6232,-5.582809738548533,3221.2599999999998,150.54513874580977
2024-05-01,3002.41,3087.99,2810.01,2856.67,32602.055,2024-05-01 23:59:59.999,96462250.44616,12191,10236.863,31156708.64409,0,46.04978557943562,-83.2973479458301,-70.4908524726994,-12.806495473130695,3457.097209241995,3172.825,2888.5527907580044,209.7878571428571,39973.69225000001,-6.648432087630544,3162.192,224.35491842167232
2024-05-02,2856.67,3243.04,2800.0,2805.0,49890.209,2024-05-02 23:59:59.999,146360955.48073,7783,27324.212,82046624.04438,0,37.11050301146833,-105.49691086448229,-77.49206415105598,-28.004846713426303,3440.4168252734885,3140.942,2841.4671747265115,226.07642857142852,40640.21605,-11.622646027430058,3067.178,259.7561927461893
2024-05-03,2805.0,3090.0,2805.0,3089.0,37568.038,2024-05-03 23:59:59.999,112460584.20650,6501,14158.222,43344557.05442,0,50.892117977042176,-99.03221616126666,-81.80009455309812,-17.23212160816854,3433.172486211035,3134.7920000000004,2836.4115137889657,234.73785714285708,38798.75095,-2.4327073107560904,3004.976,187.24765293587936
2024-05-04,3089.0,3099.0,2860.01,3006.61,32350.092,2024-05-04 23:59:59.999,98313092.05898,3006,16337.910,50332939.94676,0,44.73047554245105,-99.4111338022085,-85.3223024029202,-14.088831399288296,3433.448672968862,3129.7675000000004,2826.086327031139,243.67928571428564,38677.99055,-6.714220557801561,2951.938,117.2488911248019
2024-05-05,3006.61,3100.0,3006.52,3061.78,18512.638,2024-05-05 23:59:59.999,56815423.94588,3117,9595.106,29700328.04663,0,46.81133529922792,-94.17409054309246,-87.09266003095466,-7.0814305121378,3433.272591664521,3128.85,2824.427408335479,243.26642857142846,37476.00175,-6.080368098159504,2963.812,126.29538063601386
2024-05-06,3100.0,3348.0,3061.79,3220.0,27574.914,2024-05-06 23:59:59.999,87798069.95097,5062,13187.345,42623907.22661,0,49.913294964194556,-76.37624650198313,-84.94937732516037,8.573130823177237,3441.7091500902498,3135.0735,2828.43784990975,252.90785714285704,36435.64905,-3.7081339712918657,3036.478,151.28882814006917
2024-05-07,3166.02,3260.0,3110.0,3188.0,17216.922,2024-05-07 23:59:59.999,54457595.63321,3758,6546.275,20963029.92710,0,47.92001294214169,-64.1143886748805,-80.7823795951044,16.6679909202239,3444.164595347056,3145.321,2846.4774046529437,259.03357142857135,35757.5453,0.69233879118658,3113.078,88.87110058953428
2024-05-08,3132.66,3188.0,2861.02,3048.48,40335.317,2024-05-08 23:59:59.999,122020751.74586,3506,11035.298,33902173.83970,0,41.728153165761626,-64.90667227273616,-77.60723813063076,12.700565857894603,3440.157396814989,3138.748,2837.338603185011,270.4057142857142,36630.5085,-3.2845707976814853,3104.9739999999997,93.3502377072236
2024-05-09,3048.48,3140.0,2861.03,3068.98,44618.531,2024-05-09 23:59:59.999,135128752.71409,4906,19083.501,58758362.16675,0,47.019424389764744,-63.15240247307611,-74.71627099911983,11.56386852604372,3440.1395015500457,3139.191,2838.242498449954,272.6492857142856,37462.745500000005,-6.435533388006967,3117.4480000000003,80.15478101769797
2024-05-10,3068.98,3099.98,2900.07,2978.32,33625.989,2024-05-10 23:59:59.999,100801668.49257,5530,10950.607,33329873.94587,0,44.90785531261177,-68.29042582122793,-73.43110196354145,5.140676142313524,3438.220251325807,3129.4125,2820.6047486741927,280.9049999999999,38286.940599999994,-12.402610580557116,3100.7560000000003,100.70217912237639
2024-05-11,2978.32,3045.09,2937.04,2951.51,34436.023,2024-05-11 23:59:59.999,102445929.58320,4734,20941.144,62636418.39746,0,39.75950929423646,-73.67639367723086,-73.48016030627933,-0.19623337095153204,3436.898794091453,3118.6870000000004,2800.4752059085477,271.82499999999993,38974.583750000005,-9.789412555779691,3047.058,92.46834117683409
2024-05-12,2951.51,3009.88,2950.0,2950.01,28672.362,2024-05-12 23:59:59.999,85439096.87191,3018,10426.267,31235054.95000,0,34.85643904211928,-77.17621016068279,-74.21937027716002,-2.956839883522761,3427.7952556389705,3105.0370000000003,2782.27874436103,250.39285714285708,38836.35515,-1.745264637407937,2999.46,55.73911418380804
2024-05-13,2950.01,2998.0,2937.13,2955.01,49033.538,2024-05-13 23:59:59.999,145618919.06226,5057,18151.576,54316591.90438,0,38.37527613260236,-78.6398702527249,-75.103470272273,-3.536399980451904,3410.5316542724545,3089.7875,2769.0433457275453,235.3121428571428,39932.08705,3.4424697287401114,2980.7660000000005,50.62832537222293
2024-05-14,2993.99,3188.0,2760.0,2880.02,126413.789,2024-05-14 23:59:59.999,370474074.42775,5623,48282.107,147309507.64435,0,44.76146451287056,-84.87253989460623,-77.05728419673966,-7.815255697866576,3376.861519419915,3066.5885000000003,2756.3154805800855,231.2407142857142,44565.56545,2.674509803921568,2942.9740000000006,37.01276712157378
2024-05-15,2880.02,3100.0,2880.02,3014.0,23354.295,2024-05-15 23:59:59.999,69282049.32439,5333,16097.844,48036732.23284,0,56.80251813803063,-78.10061394571449,-77.26595014653464,-0.8346637991798502,3366.4323891898903,3058.9845,2751.53661081011,227.0978571428571,43880.2809,-2.4279702168986725,2950.1099999999997,47.48820958928452
2024-05-16,3014.0,3098.99,2901.06,3090.0,28027.554,2024-05-16 23:59:59.999,83826839.17479,4668,10084.012,30779549.90234,0,62.06870267798161,-65.84226040802832,-74.98121219883338,9.138951790805052,3360.6206170041078,3055.884,2751.1473829958923,209.58999999999995,44056.51165,2.773555599163173,2977.808,78.66364516087265
2024-05-17,2969.2,3185.0,2959.21,3093.08,38588.981,2024-05-17 23:59:59.999,117497426.12628,4952,22963.603,70458023.16385,0,50.22671200906848,-55.24210011031937,-71.03338978113058,15.79128967081121,3333.251614975632,3046.5345,2759.8173850243684,205.36071428571424,42285.96615,1.022281156712753,3006.422,91.06725053495107
2024-05-18,3093.08,3169.97,3033.01,3051.72,19269.645,2024-05-18 23:59:59.999,59617427.14065,3664,8332.307,26199265.80517,0,52.626369659637376,-49.60696483307902,-66.74810479152026,17.141139958441244,3262.8533200127004,3029.12,2795.3866799872994,198.0728571428571,39431.4406,-5.226086956521745,3025.764,87.62295178773344
2024-05-19,3151.7,3167.9,3051.72,3060.91,21412.377,2024-05-19 23:59:59.999,65911495.33425,2838,7907.991,24590606.78048,0,49.94648195765306,-43.89354585708588,-62.17719300463339,18.283647147547505,3223.4589329922387,3018.5755,2813.692067007761,199.69428571428566,38025.208549999996,-3.9865119196988754,3061.942,32.2521940338216
2024-05-20,3090.97,3366.6,2962.0,3299.33,86618.926,2024-05-20 23:59:59.999,275219312.60361,5067,68895.569,221163228.95706,0,54.44171957760831,-19.897749840486995,-53.72130437180411,33.823554531317114,3273.397591727909,3033.4215000000004,2793.4454082720918,208.14999999999995,39506.10975,8.228691019786908,3119.008,102.3875010438041
2024-05-21,3299.33,3600.0,3299.33,3555.13,72032.608,2024-05-21 23:59:59.999,250164401.84763,5765,42687.273,148605532.36558,0,66.43654695068992,19.534828233378448,-39.070077850767596,58.604906084146045,3389.556625187265,3068.3445,2747.132374812735,218.9121428571428,41477.63739999999,15.84076794244342,3212.034,216.80899019642737
2024-05-22,3599.99,3768.15,3530.0,3651.14,85399.324,2024-05-22 23:59:59.999,311591832.69752,6882,42366.470,155703158.47641,0,78.07509549986023,57.865596488020856,-19.6829429830099,77.54853947103075,3501.2231360345304,3110.6515,2720.0798639654695,212.56714285714284,43253.09315,22.59058798248676,3323.6459999999997,275.86336532782667
2024-05-23,3651.14,3980.0,3550.0,3761.0,135193.837,2024-05-23 23:59:59.999,505958605.46506,9873,77552.964,292037685.11251,0,79.76020504704728,96.00114886430174,3.4538753864524336,92.5472734778493,3630.807527531592,3144.2515,2657.695472468408,223.355,48134.3831,27.426300436047978,3465.5019999999995,283.33793139993327
2024-05-24,3761.0,3848.99,3550.0,3724.0,52387.559,2024-05-24 23:59:59.999,193941352.12040,5555,26823.618,100400418.91780,0,83.61947700631197,121.83383350253507,27.12986700966897,94.7039664928661,3726.097742859176,3180.121,2634.1442571408243,230.43214285714285,49136.25645,26.236860214033165,3598.12,184.60118729302002
2024-05-25,3650.0,3740.0,3650.0,3687.51,26130.773,2024-05-25 23:59:59.999,96832355.53201,2704,13304.553,49595859.83600,0,82.895913040369,137.77381339286057,49.2586562863073,88.51515710655327,3798.9612997628374,3211.4075000000003,2623.853700237163,229.1428571428571,49517.163199999995,24.78841019150527,3675.756,78.88085781729511
2024-05-26,3687.51,3788.0,3687.51,3785.0,41095.56,2024-05-26 23:59:59.999,154078502.07906,3885,29647.113,111512356.79225,0,84.3710637457087,156.46930973550434,70.70078697614672,85.76852275935762,3880.8349934774815,3239.6575000000003,2598.480006522519,232.04357142857137,50193.1955,31.422698453482962,3721.7300000000005,54.093287938450686
2024-05-27,3785.0,3803.12,3733.0,3799.99,35869.025,2024-05-27 23:59:59.999,135519357.89277,8546,21872.527,83036314.06050,0,84.49855470089656,170.52943581893715,90.66651674470481,79.86291907423234,3957.7915995381377,3270.257,2582.7224004618624,232.70428571428565,51125.800650000005,26.07796947577969,3751.5,45.86597377132623
2024-05-28,3799.99,3803.12,3734.14,3799.0,63554.954,2024-05-28 23:59:59.999,239367722.66213,11463,30716.291,116257150.47020,0,89.9327342568613,179.52287436500092,108.43778826876405,71.08508609623686,4025.610611649399,3307.7830000000004,2589.955388350602,207.05999999999995,52286.782499999994,22.944983818770226,3759.1,50.724624690498715
2024-05-29,3780.08,3800.0,3753.22,3780.0,43439.057,2024-05-29 23:59:59.999,163833980.69920,8169,10096.360,38319676.32435,0,86.98053452803957,183.0075014382419,123.35173090265961,59.65577053558228,4081.503546988372,3343.334,2605.1644530116278,194.68857142857138,52227.8088,22.20828429914519,3770.3,47.08914471501794
2024-05-30,3795.0,3797.56,3766.01,3777.35,27876.242,2024-05-30 23:59:59.999,105334787.21750,7906,12559.122,47598709.19735,0,85.71280122203403,183.4406707812277,135.36951887837324,48.07115190285447,4124.7577270406355,3383.2855000000004,2641.813272959365,182.80428571428567,51940.32145,23.777738455690567,3788.268,10.616302086500147
2024-05-31,3778.86,3792.79,3766.0,3766.71,19521.926,2024-05-31 23:59:59.999,73778870.53059,8955,8884.545,33674487.24077,0,84.72713400488718,180.8407815681121,144.463771416321,36.3770101517911,4155.132184225304,3424.0455,2692.958815774696,168.58999999999995,51194.6166,23.05850221012706,3784.6099999999997,14.473995647085308
2024-06-01,3766.71,3795.99,3450.04,3732.31,38648.08,2024-06-01 23:59:59.999,143721489.01467,10435,9420.736,35600032.65719,0,85.33953662259981,173.99880817814346,150.3707787686855,23.62802940945795,4170.793239490563,3463.1604999999995,2755.5277605094357,183.5178571428571,51693.402500000004,13.12327048218881,3771.0740000000005,24.599874593011954
2024-06-02,3740.0,3787.99,3701.02,3784.99,24068.652,2024-06-02 23:59:59.999,90150235.21165,29681,9599.794,36317580.91289,0,85.97305299974168,170.85778847741904,154.46818071043222,16.389607766986813,4183.582548564863,3504.6595,2825.736451435138,181.4314285714285,50445.1582,6.46558634986624,3768.272,21.184622252755116
2024-06-03,3784.6,3795.08,3712.06,3755.0,17248.026,2024-06-03 23:59:59.999,64790935.85538,21737,8119.863,30731571.95555,0,78.5511096630284,164.05741362953086,156.38602729425196,7.671386335278896,4168.028886986622,3548.4085,2928.788113013378,158.4614285714285,44986.87005,2.8445910044534073,3763.272,20.668532119914758
2024-06-04,3755.0,3950.0,3715.03,3785.0,29256.31,2024-06-04 23:59:59.999,111338048.39559,6974,20904.910,80135810.82312,0,70.08685926003604,159.2530468554928,156.95943120650014,2.2936156489926702,4160.832831898159,3586.9584999999997,3013.08416810184,153.76857142857133,45281.970799999996,0.6381281574049454,3764.8020000000006,22.19777173483727
2024-06-05,3817.0,3927.97,3785.0,3850.0,27308.126,2024-06-05 23:59:59.999,105319790.40375,14549,7480.431,29051076.57414,0,68.37281495990248,158.85927748146833,157.3394004614938,1.5198770199745297,4159.584564470823,3624.9584999999997,3090.332435529176,146.96999999999989,45245.99939999999,3.3834586466165413,3781.46,44.26787266169292
2024-06-06,3850.0,3889.12,3760.01,3831.12,29930.647,2024-06-06 23:59:59.999,114573274.32168,17277,7369.042,28520013.33662,0,57.78764993336295,155.2343097100079,156.91838231119664,-1.6840726011887455,4140.903748260734,3661.8605,3182.817251739266,125.47785714285702,44813.0827,3.894497913225989,3801.222,38.523655330092566
2024-06-07,3832.52,3889.12,3689.01,3705.01,24908.229,2024-06-07 23:59:59.999,94597935.26808,7598,5632.461,21763608.21368,0,48.23941703287535,140.56512630262432,153.64773110948218,-13.082604806857859,4077.9424908839915,3694.525,3311.1075091160087,118.41499999999986,45095.0119,-2.1133421400264143,3785.226,58.41703330358209
2024-06-08,3705.01,3879.0,3705.01,3780.01,13616.995,2024-06-08 23:59:59.999,51582145.05964,9993,6934.329,26591130.19163,0,58.00422276833618,133.45320054125386,149.60882499583653,-16.155624454582664,3972.5226647906024,3730.4800000000005,3488.4373352093985,124.41428571428557,44705.2428,-0.5257908573443499,3790.228,56.21097464011631
2024-06-09,3780.01,3829.0,3706.02,3770.0,16788.015,2024-06-09 23:59:59.999,62791624.48892,8671,5575.859,21091631.05043,0,48.47044907615124,125.56182622062215,144.79942524079365,-19.2375990201715,3886.0996684100683,3754.0135,3621.927331589932,126.02071428571415,41213.69725,-0.7633587786259541,3787.228,56.95510222966696
2024-06-10,3750.0,3783.8,3310.0,3697.0,28659.618,2024-06-10 23:59:59.999,106243718.70704,10520,6674.749,25152406.23048,0,40.6091000273548,112.12485971618844,138.26451213587262,-26.139652419684182,3859.0453567889335,3761.107,3663.1686432110664,154.85499999999988,39045.047750000005,-2.195767195767196,3756.6279999999997,55.889405704408475
2024-06-11,3715.0,3778.0,3450.0,3590.0,50372.198,2024-06-11 23:59:59.999,183729887.29073,10566,9090.815,33649271.97686,0,34.030197444831586,91.78393314187542,128.9683963370732,-37.184463195197765,3872.8125352400634,3758.05,3643.287464759937,173.35642857142847,37293.69145,-4.959826333275972,3708.404,75.96473543686044
2024-06-12,3616.62,3687.99,3440.01,3650.0,36570.552,2024-06-12 23:59:59.999,129768839.66426,10662,17216.532,60959019.57812,0,40.652323976069944,79.5876637957108,119.0922498288007,-39.50458603308991,3876.986006484729,3752.5,3628.013993515271,187.72785714285698,32362.5272,-3.098459929222054,3697.4019999999996,80.43141811501431
2024-06-13,3633.28,3661.0,3460.01,3530.0,46122.081,2024-06-13 23:59:59.999,164201832.96698,10195,11496.550,41772765.52665,0,34.782394704138,59.552550617995166,107.1843099866396,-47.63175936864444,3902.0230065364785,3742.8,3583.576993463522,199.83071428571412,32049.2533,-5.420503655912825,3647.4,92.97203880733429
2024-06-14,3530.0,3716.0,3369.0,3445.0,58288.13,2024-06-14 23:59:59.999,205540212.71908,11702,17906.612,64533888.30591,0,31.866707249709705,36.39623629792777,93.02669524889724,-56.63045895096947,3937.4589738623154,3730.6745,3523.890026137685,222.702857142857,33657.121150000006,-8.982586479752912,3582.4,99.22852412483405
2024-06-15,3506.4,3700.0,3350.0,3350.01,33609.31,2024-06-15 23:59:59.999,119662823.57906,15338,13831.784,50427758.42722,0,29.829263659962436,10.26150301242842,76.47365680160348,-66.21215378917506,3974.731627417253,3708.925,3443.1183725827473,222.9921428571427,33282.80865,-10.785352862849528,3513.0020000000004,118.50816436006876
2024-06-16,3357.2,3900.0,3300.08,3591.0,33362.955,2024-06-16 23:59:59.999,118112621.62174,10340,15946.304,58479347.58029,0,41.46148225745399,8.892905674644226,62.95750657621163,-54.0646009015674,3965.636856918459,3698.4754999999996,3431.31414308154,259.63142857142844,33157.50515,-5.125495376486129,3513.202,118.67132770805704
2024-06-17,3591.0,3611.0,3475.52,3520.01,14974.434,2024-06-17 23:59:59.999,53216973.90290,11549,6369.095,22824635.88844,0,40.017162714427734,2.05627920572897,50.7772611021151,-48.72098189638613,3958.6312982763075,3684.5260000000003,3410.420701723693,263.3785714285713,30728.47915,-8.571168831168825,3487.204,92.58065688897003
2024-06-18,3520.02,3611.0,3380.01,3504.0,35494.294,2024-06-18 23:59:59.999,123746582.26874,8834,9203.622,32435561.22730,0,37.91896679220623,-4.60063645174796,39.70168159134249,-44.30231804309045,3952.2820881133084,3670.726,3389.169911886692,263.0942857142856,30331.241,-8.538495270312595,3482.004,90.2775167469355
2024-06-19,3500.0,3731.0,3455.6,3550.0,43040.43,2024-06-19 23:59:59.999,153947873.13413,16741,26057.374,93965341.92002,0,36.887882655291165,-6.094224087073599,30.542500455659273,-36.63672454273287,3941.146918070955,3659.3585,3377.5700819290446,272.55357142857133,31089.4504,-4.183794375723688,3503.004,91.71870054679763
2024-06-20,3560.0,3731.0,3500.0,3541.01,25781.032,2024-06-20 23:59:59.999,91974243.53798,17086,8882.258,32070768.46465,0,37.209568905466064,-7.912114979853868,22.851577368556644,-30.763692348410512,3929.837635424582,3648.0735,3366.309364575418,279.8314285714285,31402.405699999996,-6.322734595940221,3541.204,33.129941593564325
2024-06-21,3544.23,3751.0,3460.01,3590.0,42634.204,2024-06-21 23:59:59.999,152866660.57948,29686,22315.227,81038412.14189,0,44.55944823410313,-5.338187730838399,17.213624348677637,-22.551812079516036,3920.9472929230724,3640.958,3360.968707076928,286.32285714285706,31601.711900000002,-4.774535809018567,3541.004,32.75507640035341
2024-06-22,3591.4,3856.3,3333.0,3530.02,147178.894,2024-06-22 23:59:59.999,530097213.16618,20884,63594.249,237973440.33463,0,38.0037429819089,-8.045473359320113,12.161804807078086,-20.207278166398197,3903.769430436352,3628.2095,3352.6495695636477,311.2735714285714,37757.224,-4.516635109548283,3543.0060000000003,31.430241487983867
2024-06-23,3530.02,3629.89,3400.11,3438.01,34181.56,2024-06-23 23:59:59.999,119995013.23707,13823,5247.673,18753003.31556,0,35.231104586502966,-17.414708841928586,6.246502077276751,-23.661210919205338,3893.6199260096046,3612.3599999999997,3331.100073990395,318.9021428571428,38603.9007,-4.233704735376039,3529.808,56.087423456538176
2024-06-24,3438.01,3531.0,3129.0,3369.0,80167.205,2024-06-24 23:59:59.999,267595764.76093,14430,13611.757,46670626.82228,0,35.356619879281396,-30.06189095688387,-1.0151765295553754,-29.046714427328496,3880.4874771141685,3591.56,3302.6325228858313,313.77357142857136,41149.44545,-7.698630136986301,3493.608,88.7165321120769
2024-06-25,3369.0,3551.0,3353.88,3414.9,30047.87,2024-06-25 23:59:59.999,102751196.62743,10894,21381.110,73333114.92067,0,41.731673686795226,-35.96652775969051,-8.005446775582405,-27.9610809841081,3841.8257363999246,3569.8050000000003,3297.784263600076,304.4249999999999,41286.43265,-3.260623229461754,3468.386,89.79107071414879
2024-06-26,3391.6,3475.24,3111.0,3283.32,21820.087,2024-06-26 23:59:59.999,73426249.52251,12698,5837.407,20057262.77338,0,33.78153639290895,-50.67920300109563,-16.54019802068505,-34.139004980410576,3813.96473137623,3542.415,3270.86526862377,312.72928571428565,40880.90465,-4.693178519593609,3407.05,90.68996692023624
2024-06-27,3283.32,3606.0,3283.31,3532.7,99688.516,2024-06-27 23:59:59.999,345227924.48789,17031,76136.383,264920572.74135,0,50.107158165452205,-41.73512573437711,-21.579183563423463,-20.155942170953644,3794.339093635122,3533.7994999999996,3273.259906364877,321.42214285714283,44619.919,5.4534165569654895,3407.5860000000002,91.60178153285847
2024-06-28,3530.88,3751.24,3072.4,3438.82,91399.809,2024-06-28 23:59:59.999,311565917.64632,32922,42881.663,152710740.87937,0,49.75644360368882,-41.741046670887044,-25.611556184916182,-16.129490485970862,3752.9447031930167,3516.7400000000002,3280.5352968069838,345.12499999999994,48509.0597,-4.237816764132549,3407.7480000000005,91.6697295730359
2024-06-29,3445.78,3727.87,3111.0,3344.75,112609.716,2024-06-29 23:59:59.999,384096480.45866,14575,46665.201,163253868.78475,0,49.792550758017946,-48.77416368187505,-30.24407768430796,-18.53008599756709,3711.378645983099,3495.4775,3279.576354016901,364.18714285714276,53300.14475,-4.978963127945665,3402.898,94.81967791547045
2024-06-30,3336.39,3659.99,3325.0,3497.26,60124.639,2024-06-30 23:59:59.999,208542686.90611,13345,29035.425,102504084.97135,0,46.0256084117697,-41.562569731146596,-32.507776093675695,-9.054793637470901,3679.511797742973,3485.4905,3291.4692022570266,345.2635714285713,54873.3958,-0.19235159817350975,3419.37,104.12323275808089
2024-07-01,3488.72,3660.0,3280.0,3481.91,72790.06,2024-07-01 23:59:59.999,253082098.70312,28550,38474.401,135611129.63816,0,48.3046473132442,-36.663314416688536,-33.338883758278264,-3.3244306584102716,3667.7680748975968,3480.0860000000002,3292.4039251024037,362.72928571428565,55994.2889,-1.9180281690140886,3459.0879999999997,72.25067798985236
2024-07-02,3500.27,3648.99,3390.0,3447.5,26649.01,2024-07-02 23:59:59.999,93098049.91001,54133,10986.881,38628256.99406,0,47.52639966376548,-35.15200823679379,-33.70150865398137,-1.4504995828124194,3640.073924339511,3469.9610000000002,3299.8480756604895,364.72928571428565,55498.211800000005,-2.640771983134761,3442.0480000000002,59.46509286962742
2024-07-03,3459.58,3503.0,3295.01,3299.58,28916.042,2024-07-03 23:59:59.999,97613742.44869,35996,7581.986,25918585.13767,0,39.93472563867586,-45.367229796855554,-36.03465288255621,-9.332576914299345,3642.1031746602644,3458.44,3274.7768253397358,359.9142857142856,54637.90985000001,-8.089693593314767,3414.2,87.39786124381722
2024-07-04,3332.6,3376.0,3050.0,3067.83,67234.817,2024-07-04 23:59:59.999,213098247.91114,23273,18035.800,57278096.56547,0,33.869670152855974,-71.34078253141297,-43.09587881232756,-28.244903719085407,3693.1914144064226,3439.5815000000002,3185.971585593578,366.6999999999999,55085.244199999994,-13.093126951122091,3358.8160000000003,180.5308018870845
2024-07-05,3092.3,3271.0,2700.0,3100.0,54187.59,2024-07-05 23:59:59.999,160861679.54784,20991,10196.568,30834219.05727,0,33.102516000882815,-88.31116393277398,-52.138935836416856,-36.172228096357124,3720.7610040788586,3427.0809999999997,3133.4009959211407,386.7007142857142,56114.15819999999,-9.831559535894318,3279.364,191.4558440737551
2024-07-06,3100.0,3111.0,2966.0,3000.01,27042.485,2024-07-06 23:59:59.999,82195930.88662,3335,19636.569,60060978.90267,0,32.213593927231486,-108.57706202292593,-63.42656107371867,-45.150500949207256,3737.108474997405,3397.5315,3057.954525002595,359.6792857142856,55798.13470000001,-10.952508162659537,3182.9839999999995,185.19558183173365
2024-07-07,3099.0,3104.01,2967.0,2967.0,14769.155,2024-07-07 23:59:59.999,44794043.41064,4794,4984.105,15372353.03119,0,33.54182245113317,-125.8508333240652,-75.911415523788,-49.93941780027721,3754.5339169003737,3369.8810000000003,2985.228083099627,353.0528571428571,55787.87075,-13.116050250373364,3086.8839999999996,130.0902937578151
2024-07-08,2986.38,3077.08,2888.0,3029.67,46845.624,2024-07-08 23:59:59.999,139822099.97211,10025,6940.945,21218881.19413,0,38.09025754778569,-132.95090105773124,-87.31931263057665,-45.6315884271546,3753.8036687948475,3346.1645000000003,2938.525331205153,337.8442857142856,56355.437249999995,-7.72541208289171,3032.9020000000005,52.81455736816078
2024-07-09,3030.0,3199.0,2761.29,3053.08,232820.565,2024-07-09 23:59:59.999,703393409.26090,21229,139369.039,428251172.12855,0,37.09721132586833,-135.13105781706918,-96.88166166787516,-38.24939614919401,3737.139609171474,3321.3185000000003,2905.4973908285265,355.02928571428566,65844.44399999999,-13.57658448212415,3029.9519999999998,50.74737402067968
2024-07-10,3063.99,3109.9,2981.0,3093.04,26467.807,2024-07-10 23:59:59.999,81318542.32285,15809,14478.161,44633173.98700,0,42.74006470911421,-132.11151045966062,-103.92763142623227,-28.183879033428354,3713.171903480001,3298.9200000000005,2884.66809652,338.2192857142857,65878.78274999998,-10.055193351207688,3028.56,48.38612662731697
2024-07-11,3093.04,3411.0,3009.01,3371.8,78813.819,2024-07-11 23:59:59.999,246225372.64732,23529,42771.324,136200197.43225,0,43.99564133566195,-106.00295899206549,-104.34269693939892,-1.6602620526665675,3680.92767017634,3288.0099999999998,2895.0923298236594,343.8835714285714,67687.7635,0.8087300994095279,3102.918,157.09702677006527
2024-07-12,3345.12,3345.12,2950.0,3050.0,31706.467,2024-07-12 23:59:59.999,96732443.71840,10295,7598.734,23703060.84844,0,37.59966321805355,-110.01018551754396,-105.47619465502792,-4.533990862516035,3653.3091450051265,3264.009,2874.7088549948735,325.5235714285714,61914.14215000001,-12.7888690003031,3119.518,142.88694419013433
2024-07-13,3070.0,3151.0,3000.01,3140.0,30785.624,2024-07-13 23:59:59.999,95217612.11808,4514,13767.241,43019089.66326,0,43.45306994263643,-104.7165859518359,-105.32427291438952,0.607686962553629,3633.1440657473754,3249.1085000000003,2865.072934252625,292.2464285714285,61744.34535,-9.819610501132995,3141.584,133.7712812228189
2024-07-14,3140.0,3248.97,3032.01,3130.8,40413.531,2024-07-14 23:59:59.999,127675775.50464,3939,25851.737,82143434.61260,0,37.10011264432554,-100.10973061173081,-104.28136445385779,4.17163384212698,3620.3520949417684,3237.1985,2854.0449050582315,283.81571428571425,59756.66165,-9.186366932559821,3157.128,125.15418458842858
2024-07-15,3169.99,3411.0,3110.81,3376.9,49137.559,2024-07-15 23:59:59.999,160236525.12586,4880,34109.356,111108035.76983,0,46.82009508524363,-75.72761055196997,-98.57061367348024,22.843003121510264,3615.1040467167386,3235.2985,2855.492953283261,278.11499999999995,60711.1461,2.3433285448451064,3213.9,150.60829990407004
2024-07-16,3398.21,3440.89,3315.0,3398.94,17391.603,2024-07-16 23:59:59.999,58798444.81401,4974,9461.761,32233153.42169,0,48.51841003673465,-54.00364058432933,-89.65721905565006,35.65357847132073,3627.426025692539,3241.0795000000003,2854.7329743074615,268.6078571428571,60489.721900000004,10.792970927333005,3219.3280000000004,158.02809535014427
2024-07-17,3417.55,3441.0,3150.0,3376.99,30938.926,2024-07-17 23:59:59.999,104687437.82124,4682,13610.279,46433330.77795,0,52.558483880989684,-38.11900724119869,-79.3495766927598,41.23056945156111,3600.7086224863683,3233.294,2865.8793775136314,274.53714285714284,57052.2424,8.935161290322574,3284.7259999999997,136.64951364711885
2024-07-18,3340.57,3769.92,3251.0,3600.0,32843.658,2024-07-18 23:59:59.999,112977225.98024,7604,23901.185,83037486.43104,0,67.69099842427546,-7.44940553656761,-64.96954246152136,57.520136924953746,3633.956335916279,3241.353,2848.749664083721,288.3171428571428,54124.434850000005,19.99960000133332,3376.7259999999997,166.4515232131983
2024-07-19,3600.0,3650.2,3343.12,3506.64,15531.939,2024-07-19 23:59:59.999,53825643.53940,14957,6935.795,24421709.10892,0,62.989535284872794,9.216856830725646,-50.13226260307195,59.3491194337976,3657.4021894795796,3249.4474999999998,2841.49281052042,269.4657142857142,49270.545999999995,18.188068756319513,3451.8940000000002,98.7058092515011
2024-07-20,3506.64,3548.0,3379.0,3508.92,31950.958,2024-07-20 23:59:59.999,111993792.56549,10073,25730.706,90573074.44440,0,67.33876188204829,22.35131473295587,-35.63554713586639,57.98686186882226,3659.5068103474346,3250.0305,2840.554189652565,271.17999999999995,47861.861950000006,15.81855449603422,3478.2980000000002,90.98537750646338
2024-07-21,3538.97,3798.78,3439.01,3479.0,18882.784,2024-07-21 23:59:59.999,68140403.05552,8596,12883.830,47168784.13365,0,67.4808461822105,30.000347964242337,-22.50836811584464,52.50871608008698,3659.016310152777,3249.8849999999998,2840.7536898472226,287.09142857142854,45166.49815,13.950502443434173,3494.31,79.89717704646144
2024-07-22,3644.8,3644.8,3188.0,3517.68,14891.18,2024-07-22 23:59:59.999,51307776.19510,10020,4757.055,16828617.39176,0,66.93926287947681,38.73688000625543,-10.259318491424622,48.996198497680055,3670.7821822349947,3253.394,2836.005817765005,306.2142857142857,44578.60665,13.72888808421488,3522.4479999999994,45.71015992089175
2024-07-23,3481.36,3600.0,3335.9,3435.96,25012.068,2024-07-23 23:59:59.999,87373790.86986,14442,14585.163,51666654.08532,0,62.77305541840697,38.62132100776125,-0.48319059158744454,39.1045115993487,3685.165869763177,3260.2129999999997,2835.2601302368225,293.8135714285714,44383.40795,1.902841212408798,3489.6400000000003,33.32308509117352
2024-07-24,3435.96,3765.83,3079.08,3390.56,210829.144,2024-07-24 23:59:59.999,725104326.73658,56098,139846.621,493659574.07628,0,59.88951084282884,34.469001894893154,6.507247905708677,27.961753989184476,3695.006465795906,3276.3495,2857.6925342040936,333.65999999999997,51563.1243,11.165901639344261,3466.424,53.09106591502634
2024-07-25,3396.0,3499.99,2889.0,3300.05,94028.417,2024-07-25 23:59:59.999,300546102.71930,132642,24573.661,81557377.30439,0,47.27387402448384,23.602780346122472,9.926354393791438,13.676425952331034,3696.7462722283735,3286.3520000000003,2875.957727771627,348.5885714285714,53555.16565,5.09713375796179,3424.65,84.29666007614891
2024-07-26,3330.0,3368.56,3120.0,3262.91,19170.127,2024-07-26 23:59:59.999,62606878.78102,103530,8003.324,26547420.96566,0,60.32230852023154,11.857646308240874,10.312612776681327,1.5450335315595467,3687.5049745843053,3299.4970000000003,2911.4890254156953,336.21428571428567,53161.547750000005,4.2196882585920426,3381.432,102.82343492606134
2024-07-27,3262.91,3350.0,3150.0,3155.06,40856.482,2024-07-27 23:59:59.999,132864542.90835,85711,13098.176,43156310.75708,0,50.71771703076747,-6.082930459993349,7.033504129346391,-13.11643458933974,3671.2469864791055,3308.9,2946.5530135208946,339.715,54465.91410000001,-6.56933874263378,3308.9080000000004,110.30950444088803
2024-07-28,3304.0,3340.0,3156.01,3315.98,20879.822,2024-07-28 23:59:59.999,68132205.10637,14017,9720.780,32200169.44317,0,57.710179201918585,-7.232693677726729,4.180264567931767,-11.412958245658496,3660.8964210497625,3323.2155,2985.534578950237,337.42785714285714,53167.623999999996,-2.4407609431175614,3284.9120000000003,86.17062939305016
2024-07-29,3257.67,3459.0,3180.0,3318.56,84332.909,2024-07-29 23:59:59.999,284381183.31241,32301,42946.652,146999157.38782,0,46.95307930141221,-7.845269490165265,1.7751577563123595,-9.620427246477625,3649.424477236261,3336.4895000000006,3023.5545227637404,335.91428571428565,45743.241200000004,-1.7302390590436998,3270.5119999999997,68.25576437191557
2024-07-30,3342.29,3448.88,3150.0,3342.3,27355.324,2024-07-30 23:59:59.999,91432050.81408,23632,13868.799,46962196.70330,0,47.047108627197474,-6.3420138504502575,0.15172343495983565,-6.493737285410093,3640.163763653919,3348.9525000000003,3057.7412363460817,348.27071428571435,45787.61705,-7.158333333333328,3278.9620000000004,75.09894886078256
2024-07-31,3344.98,3659.05,2989.0,3309.09,159227.832,2024-07-31 23:59:59.999,535044340.62395,31355,92441.015,319523153.86431,0,46.50115425838901,-7.741206567477548,-1.4268625655276417,-6.314344001949906,3637.3427084699597,3345.817,3054.2912915300403,375.3457142857143,49808.3177,-5.633597974129073,3288.1980000000003,75.47005975878383
2024-08-01,3309.09,3325.0,2950.0,3249.98,74353.529,2024-08-01 23:59:59.999,233844447.23428,26947,9915.547,32389139.68223,0,28.29790927804372,-13.464548934749928,-3.8343998393721,-9.630149095377828,3616.7321256156483,3355.816,3094.8998743843513,365.0657142857143,51940.6708,-7.379478586003672,3307.182,34.33601199898353
2024-08-02,3249.98,3250.0,3040.0,3046.01,41881.907,2024-08-02 23:59:59.999,131137744.92313,30776,7657.654,24570743.08226,0,24.884682071469868,-34.06631803805749,-9.88078347910918,-24.18553455894831,3631.0895523328923,3351.1165,3071.143447667108,358.13142857142856,52495.48495,-12.445817763725202,3253.188,120.69848329616433
2024-08-03,3046.01,3129.99,2925.0,3050.0,79336.858,2024-08-03 23:59:59.999,238221725.60169,3926,11147.588,34192740.57843,0,25.024490062476858,-49.50079448038559,-17.804785679364468,-31.696008801021126,3642.349318381072,3347.0765,3051.8036816189283,360.70214285714286,54441.651300000005,-13.295126333265102,3199.476,142.17899433458726
2024-08-04,2950.01,3211.0,2777.01,2850.0,134249.789,2024-08-04 23:59:59.999,390741312.21800,4405,19964.840,59774582.45014,0,21.115519553277863,-76.98363733998349,-29.640556011488275,-47.34308132849522,3689.6411601023146,3320.7315000000003,2951.821839897686,366.0035714285714,58697.262800000004,-17.053749170537493,3101.0160000000005,183.11361727079404
2024-08-05,2816.61,2909.63,2315.46,2598.01,88012.274,2024-08-05 23:59:59.999,231255200.04500,5866,4098.203,10582732.60411,0,14.685937655994408,-117.74023915488169,-47.260492640166966,-70.47974651471472,3768.555443565937,3280.685,2792.814556434063,375.8157142857143,62228.296350000004,-23.375194658109567,2958.8,246.33091594437582
2024-08-06,2598.01,2690.0,2590.5,2635.05,23015.305,2024-08-06 23:59:59.999,60877188.41679,3805,15250.787,40690063.93963,0,18.153405702015974,-145.37552275168446,-66.88349866247047,-78.49202408921398,3807.52707997226,3243.588,2679.6489200277406,364.0585714285714,61832.115300000005,-20.151209830154087,2835.814,216.28463290302312
2024-08-07,2665.0,2665.0,2400.0,2546.0,80591.781,2024-08-07 23:59:59.999,206527864.11108,3764,37876.105,98545959.06985,0,17.54438551994467,-172.47410080898862,-88.00161909177412,-84.4724817172145,3808.9807050412574,3190.888,2572.7952949587425,333.9335714285714,64219.52145,-21.97149170525696,2735.812,210.31165319590758
2024-08-08,2431.06,2665.0,2400.02,2585.01,127105.264,2024-08-08 23:59:59.999,332703695.40883,13388,118654.112,311642302.77356,0,21.389244558258653,-188.6277548332696,-108.12684624007323,-80.50090859319636,3800.084993571892,3144.8065,2489.5280064281083,309.2185714285714,69798.1877,-18.067802197105593,2642.814,120.11241580284658
2024-08-09,2606.33,2795.04,2585.0,2637.89,37565.379,2024-08-09 23:59:59.999,100428616.97115,9757,28396.937,76338814.52603,0,25.30229029351794,-194.91579995390885,-125.48463698284036,-69.43116297106849,3770.276764841421,3101.255,2432.233235158579,306.46714285714285,70078.90875,-20.449158318204578,2600.392,38.105270239115825
2024-08-10,2658.0,2740.0,2585.0,2685.23,25110.296,2024-08-10 23:59:59.999,66048155.42110,5395,17395.531,45907109.60355,0,30.50222853016608,-193.8446580973855,-139.1566412057494,-54.688016891636096,3730.412332862733,3061.5665,2392.720667137267,303.2528571428571,70390.28435,-19.08448242611253,2617.8360000000002,53.56863149265617
2024-08-11,2685.23,2687.0,2620.0,2620.0,14755.199,2024-08-11 23:59:59.999,39056252.40036,5377,5957.100,15910690.89338,0,18.625241177849503,-195.99992122293042,-150.5252972091856,-45.47462401374483,3677.078718162327,3016.6825,2356.286281837673,294.8285714285715,70383.4853,-21.610866768393027,2614.826,52.77654242176159
2024-08-12,2620.0,2687.0,2568.01,2612.41,39523.548,2024-08-12 23:59:59.999,103227841.79219,4561,11340.504,30249062.64289,0,18.309922362338995,-196.06037043840888,-159.63231185503025,-36.42805858337863,3628.4845573006673,2975.505,2322.525442699333,283.39928571428567,71109.0593,-21.05352226745118,2628.108,37.17598310732309
2024-08-13,2685.98,2687.0,2612.41,2686.99,21316.931,2024-08-13 23:59:59.999,56773238.35280,6253,10553.431,28333419.70535,0,21.874865878677042,-187.9240230096425,-165.29065408595272,-22.633368923689773,3574.6990703658485,2940.3265,2305.953929634152,267.37857142857143,61633.44865,-17.32287583308206,2648.504,35.559397913855506
2024-08-14,2636.0,2740.0,2625.11,2628.37,53087.05,2024-08-14 23:59:59.999,141547329.93908,19550,28605.300,76978036.32080,0,21.407930107526866,-184.0840468416959,-169.04933263710137,-15.034714204594536,3531.982464203171,2906.7425000000003,2281.5025357968298,227.72428571428568,59586.380300000004,-13.7110515067252,2646.6,36.511909016044584
2024-08-15,2628.37,2719.99,2625.13,2633.71,33704.257,2024-08-15 23:59:59.999,89573484.75373,26345,14430.092,38811899.73064,0,22.89047447278358,-178.55171170337144,-170.9498084503554,-7.601903253016047,3488.2632478688324,2875.2825000000003,2262.301752131168,207.71428571428564,60313.086800000005,-13.648852459016393,2636.296,29.47664804546048
2024-08-16,2647.31,2717.0,2617.0,2711.22,28065.287,2024-08-16 23:59:59.999,74509997.12134,21451,11114.992,30004512.09814,0,33.42902679746972,-165.99934985193886,-169.9597167306721,3.9603668787332538,3455.4685932087687,2853.0905000000002,2250.712406791232,199.8571428571428,59673.52705,-4.869473684210533,2654.54,42.306381315303746
2024-08-17,2711.22,2711.23,2615.0,2662.0,30505.72,2024-08-17 23:59:59.999,80939648.88231,21541,8214.838,21841733.45874,0,31.618343755921913,-158.19952959965485,-167.60767930446866,9.408149704813809,3386.903708639699,2820.3915,2253.8792913603015,192.08857142857138,60154.82195,2.463039018325556,2664.4579999999996,35.17172401227791
2024-08-18,2662.0,2668.91,2615.08,2639.51,15915.161,2024-08-18 23:59:59.999,42154998.39917,19866,7893.845,21045190.86275,0,38.011595985829665,-152.07978974843945,-164.50210139326282,12.422311644823367,3306.75008297768,2786.439,2266.1279170223197,164.93428571428566,56733.93454999999,0.16925675034629462,2654.962,33.956009335548835
2024-08-19,2639.51,2690.0,2589.04,2658.93,22393.299,2024-08-19 23:59:59.999,58995467.80677,23411,6044.385,16136115.08229,0,54.72013884584389,-144.00284496759014,-160.4022501081283,16.399405140538164,3204.1355416812685,2752.2704999999996,2300.405458318731,129.70499999999996,56485.8333,4.4355852317360505,2661.074,30.5527008625401
2024-08-20,2658.93,2750.0,2589.04,2590.02,68604.909,2024-08-20 23:59:59.999,182476502.63177,11674,43171.536,115963725.08813,0,46.675231471226674,-141.53079028210914,-156.62795814292448,15.097167860815347,3089.1549812986814,2716.317,2343.4790187013186,134.09499999999997,51954.68715,0.19380969512689555,2652.3360000000002,43.737824934441875
2024-08-21,2590.02,2680.0,2590.02,2654.99,17952.245,2024-08-21 23:59:59.999,47213577.03779,12566,7530.140,20047791.67351,0,58.34392368819954,-132.7983167788734,-151.86202987011427,19.063713091240857,2962.4595115875436,2686.5675,2410.6754884124566,121.5935714285714,49134.622950000004,0.6482453779346338,2641.09,29.830123197799985
2024-08-22,2617.02,2890.09,2550.0,2600.02,52042.864,2024-08-22 23:59:59.999,137274567.06932,21678,27724.281,73968947.16697,0,51.12170624897243,-128.8283353529323,-147.25529096667788,18.426955613745577,2884.267576420474,2664.2679999999996,2444.268423579525,126.9585714285714,49642.67080000001,-3.1732849700025714,2628.694,31.782690729325505
2024-08-23,2624.98,2749.0,2600.0,2748.51,54998.209,2024-08-23 23:59:59.999,146837010.44033,19223,10498.949,28422983.92724,0,57.23309096615581,-112.40446574169118,-140.28512592168053,27.88066017998935,2781.9075514946876,2649.1935,2516.479448505312,122.5985714285714,48425.73835,4.904961832061077,2650.4939999999997,63.05403579467305
2024-08-24,2662.01,2890.01,2662.01,2890.01,79819.14,2024-08-24 23:59:59.999,218441314.00494,21566,52224.626,144281290.73333,0,61.9218946485958,-86.96804977001602,-129.62171069134763,42.65366092133161,2797.194099985287,2651.194,2505.193900014713,127.81285714285711,45704.2059,10.626203390738834,2696.71,125.02039893551702
2024-08-25,2820.0,2890.01,2550.0,2716.27,59579.771,2024-08-25 23:59:59.999,161497443.83184,25653,24992.619,69719761.35866,0,54.975965265932714,-79.90774609112486,-119.67891777130308,39.77117168017821,2803.6160011387065,2657.107,2510.5979988612935,147.3135714285714,44282.58075000001,1.0896951607560952,2721.96,109.92318408777909
2024-08-26,2666.73,2778.99,2600.0,2634.38,41489.311,2024-08-26 23:59:59.999,111959444.83239,28714,19856.384,54574814.50648,0,51.05457687322999,-79.99807516218016,-111.74274924947849,31.744674087298336,2803.604041493748,2657.0735,2510.542958506252,151.5992857142857,45206.281050000005,0.22865882657313158,2717.8380000000006,113.3939445913924
2024-08-27,2737.86,2737.86,2450.0,2490.0,46785.837,2024-08-27 23:59:59.999,121155239.53575,4131,8424.392,22611948.97052,0,41.138152863376675,-90.67467970318194,-107.52913534021917,16.854455637037233,2811.4911701295923,2654.2735000000002,2497.055829870408,166.83285714285714,43515.983850000004,-5.456561276678147,2695.8340000000003,147.5135076187799
2024-08-28,2490.0,2589.98,2452.0,2501.0,31334.391,2024-08-28 23:59:59.999,78427477.16296,3771,6450.864,16609926.21526,0,44.01361119727776,-97.1287182500837,-105.44905192219207,8.320333672108376,2819.126139835808,2650.073,2481.019860164192,168.48214285714286,38727.4402,-7.753704974144475,2646.332,165.81181070718688
2024-08-29,2501.0,2587.02,2501.0,2555.55,87542.337,2024-08-29 23:59:59.999,223270634.45492,2872,14511.875,37218929.03097,0,46.48889527779775,-96.72685422557606,-103.70461238286889,6.977758157292826,2820.189514015644,2645.9559999999997,2471.7224859843554,167.8507142857143,41226.2881,-3.9988730277986404,2579.44,95.47765681035605
2024-08-30,2585.48,2585.49,2301.0,2489.3,132403.742,2024-08-30 23:59:59.999,326841316.83350,4046,6561.172,16774849.86453,0,39.92902394307394,-100.59460344596937,-103.08261059548899,2.4880071495196177,2822.6938116142364,2636.1595,2449.625188385764,181.02857142857144,46590.9604,-5.690828979621219,2534.046,62.3771318673456
2024-08-31,2496.2,2549.0,2377.33,2465.0,22364.812,2024-08-31 23:59:59.999,55516320.29987,3341,12792.151,31995229.73359,0,40.85303567780398,-104.4169755879193,-103.34948359397508,-1.0674919939442162,2830.0395310206704,2628.4095,2426.77946897933,186.41714285714286,46971.44105,-7.293535369490729,2500.1699999999996,33.63832635545774
2024-09-01,2465.0,2513.06,2440.01,2440.01,28084.735,2024-09-01 23:59:59.999,69594266.69583,2717,18488.545,45942760.71280,0,40.7584123925289,-108.21527882633609,-104.32264264044728,-3.8926361858888043,2838.3310674273575,2619.7895,2401.247932572642,187.79,46399.5004,-5.791847167203333,2490.172,43.422760966989536
2024-09-02,2440.01,2508.0,2430.02,2462.73,26425.132,2024-09-02 23:59:59.999,65388412.66598,2530,17909.795,44500886.92718,0,40.93898361443113,-108.14551322878515,-105.08721675811488,-3.058296470670271,2835.454223271289,2608.5765,2381.6987767287114,186.14857142857142,46654.91045,-7.241458536566984,2482.518,44.39888478325034
2024-09-03,2489.0,2550.0,2440.0,2531.0,53045.319,2024-09-03 23:59:59.999,132290922.92720,3970,20582.631,51792009.07180,0,47.27269366555147,-101.41238618536045,-104.35225064356399,2.9398644582035445,2832.963736825252,2603.7079999999996,2374.4522631747473,182.50857142857143,46652.8239,-2.6545949646541174,2477.608,34.57359787462613
2024-09-04,2531.0,2531.98,2350.0,2420.03,36083.85,2024-09-04 23:59:59.999,87625730.11617,4742,7041.985,17538003.86855,0,39.585291040939005,-103.83375518341427,-104.24855155153406,0.41479636811979503,2835.904064263748,2593.024,2350.143935736252,189.07999999999998,46771.80355,-11.951202651618512,2463.754,41.833573000598285
2024-09-05,2494.0,2494.0,2333.98,2462.99,73104.303,2024-09-05 23:59:59.999,174795170.14784,4064,11012.689,27307551.80659,0,43.860718093923886,-101.12053995187944,-103.62294923160316,2.5024092797237216,2823.4308582648678,2580.6125,2337.7941417351326,176.21785714285713,49023.75435,-14.775727419628321,2463.3520000000003,41.82826341119587
2024-09-06,2462.99,2463.0,2251.03,2354.66,77721.009,2024-09-06 23:59:59.999,182166944.51651,6453,8356.157,20309378.63819,0,31.695868383138887,-106.48414009866065,-104.19518740501466,-2.2889526936459816,2824.707007172314,2565.2455,2305.783992827686,180.71571428571426,51384.5188,-13.312741369598758,2446.282,64.82783329709888
2024-09-07,2354.99,2365.0,2262.0,2349.0,31180.837,2024-09-07 23:59:59.999,72576036.47183,4609,16653.912,39223360.86482,0,21.223178476824685,-109.92440642336214,-105.34103120868416,-4.583375214677986,2824.7919833987557,2550.7200000000003,2276.6480166012448,171.7871428571428,52147.8026,-10.832909451180168,2423.536,76.51297295228112
2024-09-08,2349.0,2409.0,2288.0,2382.1,11705.568,2024-09-08 23:59:59.999,27333825.51423,4586,5101.174,12161753.27607,0,29.09791460775358,-108.72661614871686,-106.0181481966907,-2.7084679520261545,2815.857825872235,2536.8785,2257.8991741277646,156.1435714285714,51613.41605,-4.333333333333337,2393.756,47.83076656292023
2024-09-09,2388.98,2388.98,2300.01,2380.0,13386.951,2024-09-09 23:59:59.999,31526238.14942,3749,6742.439,16064052.26720,0,32.32441146224184,-106.7166480856904,-106.15784817449065,-0.5587999111997419,2812.6498693763274,2526.3774999999996,2240.105130623672,149.71357142857138,48852.51815,-4.8380647740903635,2385.75,45.63319296298014
2024-09-10,2380.0,2382.0,2321.01,2345.68,15753.121,2024-09-10 23:59:59.999,37245755.29284,3843,10069.631,23926349.04786,0,38.161176007350015,-106.66352042279868,-106.25898262415227,-0.40453779864641604,2801.3193935261484,2510.912,2220.5046064738513,133.50857142857134,48742.56195,-8.212322200700449,2362.2879999999996,17.441425400369404
2024-09-11,2375.0,2375.0,2345.67,2346.0,14099.599,2024-09-11 23:59:59.999,33216725.16572,3381,6822.816,16135507.53512,0,37.05831273796004,-105.38083042568633,-106.08335218445909,0.702521758772761,2794.371547349287,2498.2110000000002,2202.0504526507134,125.74785714285706,46845.3987,-5.7566384124051,2360.5559999999996,18.76783631633264
2024-09-12,2346.0,2387.9,2345.67,2386.99,23592.731,2024-09-12 23:59:59.999,55923771.67781,4065,7712.156,18365006.60088,0,35.60005467468555,-99.90509518093268,-104.84770078375381,4.942605602821132,2755.3624724275533,2480.135,2204.907527572447,122.61999999999992,45275.124800000005,-3.16470588235295,2368.1539999999995,20.527383661748885
2024-09-13,2386.99,2439.99,2370.0,2414.95,14422.593,2024-09-13 23:59:59.999,34513491.80892,4284,10211.499,24493187.34737,0,43.203714875957466,-92.24604226631436,-102.32736908026594,10.081326813951577,2653.6158905006328,2456.382,2259.1481094993674,107.29857142857135,42005.29745,-1.0270449711271838,2374.7239999999997,29.432312685152915
2024-09-14,2431.95,2439.99,2373.05,2378.22,16883.328,2024-09-14 23:59:59.999,40569116.89707,4870,7018.347,17085958.17613,0,42.24375245790279,-88.12415132447586,-99.48672552910793,11.362574204632068,2596.8489088473416,2439.4795000000004,2282.110091152659,99.81785714285704,39870.4753,-3.431557661619431,2374.368,29.36322649159342
2024-09-15,2433.97,2434.0,2297.0,2359.8,67468.942,2024-09-15 23:59:59.999,160560062.37346,3837,12915.719,31307933.05356,0,42.74577190919777,-85.35988746606108,-96.66135791649857,11.301470450437492,2557.3217978575035,2425.7504999999996,2294.179202142496,104.3857142857142,41169.45685,-6.764124851837211,2377.192,26.448755547219985
2024-09-16,2398.96,2398.96,2200.0,2249.32,45689.866,2024-09-16 23:59:59.999,104355257.99958,6378,11738.100,27372640.02619,0,33.343219743681786,-91.0346107967498,-95.53600849254883,4.501397695799028,2563.3340196992644,2413.7165,2264.0989803007355,113.02714285714276,41114.6583,-7.054044784568787,2357.8559999999998,63.84952959886741
2024-09-17,2249.32,2389.79,2249.32,2323.1,16624.199,2024-09-17 23:59:59.999,38840608.82750,6716,8012.990,18975406.68541,0,33.91165727728591,-88.55760359661372,-94.14032751336183,5.582723916748108,2553.7412457159962,2404.8215,2255.901754284004,115.20357142857132,40379.1487,-5.679682012513242,2345.078,62.94809941528569
2024-09-18,2323.1,2388.0,2233.15,2379.99,38819.81,2024-09-18 23:59:59.999,89960322.50432,9636,18573.164,43714369.52816,0,46.618471724883406,-81.06949136178855,-91.52616028304718,10.456668921258625,2527.1903743970533,2396.0435,2264.896625602947,113.26571428571417,37943.02235,1.0757391725344605,2338.086,54.64010413603471
2024-09-19,2370.0,2495.85,2281.2,2460.11,66428.36,2024-09-19 23:59:59.999,162112174.13210,12360,45586.900,111670752.37448,0,49.77113795295616,-67.88752888308727,-86.7984340030552,18.910905119967936,2521.956455486843,2394.584,2267.2115445131567,117.16785714285705,34644.25325,4.730097914005965,2354.464,77.26591764805926
2024-09-20,2484.0,2585.49,2459.01,2488.05,73109.155,2024-09-20 23:59:59.999,183446745.67175,11894,41652.825,105011766.83859,0,62.15265756819304,-54.55730154070761,-80.35020751058569,25.792905969878078,2526.1719580904833,2395.7365,2265.3010419095167,111.06142857142845,37181.470400000006,4.447756181520519,2380.114,97.98880308482497
2024-09-21,2501.44,2582.99,2488.03,2539.0,17013.987,2024-09-21 23:59:59.999,43020383.77653,7729,9857.464,25097251.85011,0,65.99057397744488,-39.42726813524587,-72.16561963551773,32.73835150027186,2544.9722856520834,2400.686,2256.399714347917,110.4871428571427,36627.933000000005,6.680672268907563,2438.05,86.25835061022441
2024-09-22,2534.51,2585.49,2501.01,2550.0,32799.421,2024-09-22 23:59:59.999,83423322.26963,7788,22502.130,57492155.80585,0,64.67657342657344,-26.24644688441049,-62.98178508529628,36.73533820088579,2561.962105977478,2405.0495,2248.136894022522,107.87857142857125,36946.64745,8.710480542955569,2483.4300000000003,68.52844336475334
2024-09-23,2550.0,2695.07,2518.01,2608.0,93326.096,2024-09-23 23:59:59.999,241294038.47401,5770,76491.311,198259127.83616,0,68.15575728619208,-10.993707193478258,-52.584169506932675,41.59046231345442,2581.7890997569475,2408.8995000000004,2236.0099002430534,114.17071428571411,38960.6863,11.167945439045184,2529.032,57.45591675359458
2024-09-24,2608.0,2664.0,2580.01,2659.95,26419.432,2024-09-24 23:59:59.999,69069445.04713,6729,8839.449,23435202.06694,0,74.34201353926234,5.2258889426475434,-41.022157817016634,46.24804675966418,2627.1175317468587,2420.8955,2214.6734682531414,115.81357142857125,38477.4654,11.435322309687097,2569.0,66.34531822213071
2024-09-25,2659.95,2679.99,2522.0,2560.0,51769.293,2024-09-25 23:59:59.999,135465275.80955,7654,17676.782,46942927.76282,0,64.35933222395192,9.900776069895983,-30.83757103963411,40.738347109530096,2640.522906667832,2425.746,2210.969093332168,125.00357142857125,37410.7149,6.006335534897211,2583.3900000000003,50.248238775062916
2024-09-26,2579.18,2671.1,2523.01,2631.06,35386.951,2024-09-26 23:59:59.999,93159372.61547,8301,26567.902,70413936.12128,0,65.74177985888062,19.11921155625987,-20.846214520455312,39.96542607671518,2670.077600109782,2439.566,2209.0543998902176,132.5649999999998,35294.012,10.63148068723668,2601.802,46.65428726275498
2024-09-27,2633.34,2689.99,2580.0,2689.98,23408.423,2024-09-27 23:59:59.999,62128837.41426,7311,15733.045,42074051.18528,0,67.05739341842497,30.823920708752212,-10.512187474613805,41.336108183366015,2708.381680835367,2456.6150000000002,2204.8483191646333,135.42214285714266,34905.3913,13.991863717264167,2629.798,49.69789351668293
2024-09-28,2689.98,2689.99,2648.01,2655.01,13384.406,2024-09-28 23:59:59.999,35768282.71395,5700,6371.105,17121323.88929,0,67.20410725606956,36.85337750106146,-1.0390744794787499,37.89245198054021,2734.3058668733456,2470.2605000000003,2206.215133126655,133.6392857142855,34989.3332,18.036117582202625,2639.2,48.98475936447496
2024-09-29,2655.01,2687.99,2620.0,2669.99,25540.828,2024-09-29 23:59:59.999,67853415.06162,17400,7982.948,21403725.49194,0,69.3629133946741,42.352315130351144,7.639203442487232,34.713111687863915,2759.5651923203563,2484.76,2209.954807679644,128.70999999999978,35597.02705,14.93220266023847,2641.208,50.23775442827346
2024-09-30,2669.98,2684.99,2531.95,2531.95,49542.636,2024-09-30 23:59:59.999,129870400.33295,6633,12478.390,32813902.01355,0,67.05569971637198,35.16621424013283,13.144605602016354,22.021608638116476,2761.560369035152,2494.0735,2226.586630964848,125.42999999999977,37286.5028,6.384900776894023,2635.598,61.80723800652762
2024-10-01,2555.54,2622.0,2301.94,2474.79,85956.886,2024-10-01 23:59:59.999,215693957.89727,11723,13929.574,35795525.09884,0,59.34132252780413,24.575551557025847,15.430794793018253,9.144756764007594,2759.0414543108054,2500.513,2241.9845456891944,138.25785714285692,40879.36715,0.5967212848205907,2604.344,95.17759127019185
2024-10-02,2486.88,2574.25,2342.9,2378.3,26994.259,2024-10-02 23:59:59.999,65881258.27667,11848,9806.887,24484565.44278,0,49.90076685495522,8.3007525710359,14.004786348621783,-5.704033777585883,2759.4381722515654,2500.0785,2240.7188277484347,143.72214285714264,41049.44355,-4.411084986234199,2542.0080000000003,123.05341978180027
2024-10-03,2378.3,2441.99,2288.01,2423.35,20832.716,2024-10-03 23:59:59.999,49152805.20022,6128,6992.423,16853842.12929,0,47.74881806824582,-0.951021592586585,11.01362476038011,-11.964646352966694,2759.3043452339934,2500.4985,2241.692654766007,139.38857142857117,41369.949700000005,-4.554942890901933,2495.676,113.07693655204908
2024-10-04,2423.35,2436.97,2290.0,2381.28,17965.486,2024-10-04 23:59:59.999,42985876.29140,5091,8817.977,21322159.85191,0,43.57264113461514,-11.544736147076037,6.501952578888879,-18.046688725964916,2759.1564168847613,2500.6515,2242.1465831152386,140.8521428571426,41424.0576,-6.616470588235286,2437.9339999999997,65.52853523463189
2024-10-05,2381.28,2449.0,2301.11,2410.99,30477.617,2024-10-05 23:59:59.999,72842655.95492,3687,12974.562,31413103.72360,0,42.091802063384165,-17.343062522848868,1.732949558541329,-19.076012081390196,2756.8110917232066,2503.2110000000002,2249.610908276794,144.63285714285692,39574.491350000004,-7.554064417177922,2413.7419999999997,39.16842567676804
2024-10-06,2411.0,2690.0,2347.28,2472.8,43532.348,2024-10-06 23:59:59.999,106827541.20682,16630,24007.214,59507773.27293,0,45.51246279761905,-16.7575568340917,-1.9651517199852784,-14.792405114106423,2738.909669609092,2514.3849999999998,2289.8603303909076,163.07857142857122,39466.61545,-7.035846538468755,2413.344,38.395505335865984
2024-10-07,2472.8,2565.97,2434.76,2489.28,27039.058,2024-10-07 23:59:59.999,67973257.75810,2930,7800.097,19710005.62677,0,42.74894947718166,-14.79321412256877,-4.530764200501977,-10.262449922066793,2728.9709342819424,2522.694,2316.4170657180575,159.8035714285712,39987.3584,-2.762499999999992,2435.54,44.642304487967955
2024-10-08,2474.62,2489.28,2421.0,2424.1,20778.818,2024-10-08 23:59:59.999,50974197.75769,3738,11589.616,28541245.77584,0,35.824107132124,-18.285159700463282,-7.281643300494239,-11.003516399969044,2725.620508416944,2524.8995,2324.178491583056,158.68142857142837,39085.3088,-7.866031181348963,2435.69,44.59233790682478
2024-10-09,2484.57,2484.57,2300.0,2380.01,44613.685,2024-10-09 23:59:59.999,107012963.71086,3350,10474.387,25650731.88199,0,38.402855633303695,-24.329787606784976,-10.691272161752389,-13.638515445032587,2730.0768041195324,2520.8945,2311.7121958804673,160.57999999999984,37994.57505,-11.523134000996283,2435.436,44.98165770618557
2024-10-10,2380.01,2419.99,2310.0,2379.99,51375.557,2024-10-10 23:59:59.999,121463696.21840,4487,22491.001,53467051.59290,0,32.192859270607215,-28.789940096276496,-14.311005748657214,-14.478934347619282,2733.6359916875012,2515.4914999999996,2297.347008312498,157.85857142857125,36907.89515,-10.358529723051905,2429.236,50.93586683267958
2024-10-11,2379.99,2440.99,2340.0,2409.25,39433.013,2024-10-11 23:59:59.999,93877807.26759,7517,23940.049,57425266.06641,0,29.214731012423897,-29.622140022843723,-17.373232603494518,-12.248907419349205,2731.871057412965,2509.004,2286.136942587035,157.2157142857141,38028.84645,-9.765579646365708,2416.5260000000003,44.92145289276053
2024-10-12,2424.69,2449.99,2365.13,2416.96,16113.004,2024-10-12 23:59:59.999,38939701.02069,7681,8148.705,19873099.89728,0,31.633361623331496,-29.321531532001245,-19.762892389195866,-9.55863914280538,2727.991507048225,2502.352,2276.712492951775,160.27857142857127,37194.5256,-4.541558877544967,2402.062,20.81318740598224
2024-10-13,2409.43,2448.0,2374.02,2447.9,18549.135,2024-10-13 23:59:59.999,44805072.68566,6017,8580.661,20976095.53733,0,33.276607280010865,-26.28371540348462,-21.06705699205362,-5.216658411431002,2715.52069160177,2494.3469999999998,2273.1733083982294,160.70642857142843,33455.67755,-1.0865568391661462,2406.8219999999997,28.43816045380789
2024-10-14,2447.9,2566.96,2378.02,2562.95,40790.917,2024-10-14 23:59:59.999,101455064.23706,4885,19006.108,47609036.87849,0,52.418021278587254,-14.426352734093598,-19.738916140461615,5.312563406368017,2699.3446273367417,2489.4970000000003,2279.649372663259,163.27071428571415,34174.2518,7.7639490392296855,2443.41,71.06084751814018
2024-10-15,2562.95,2640.0,2510.0,2515.0,67163.439,2024-10-15 23:59:59.999,171459421.68325,5373,30907.896,79697822.88246,0,53.182127538342236,-8.797064571646843,-17.550545826698663,8.75348125505182,2694.8648710589973,2487.2470000000003,2279.6291289410033,149.69499999999988,34943.9591,3.781954732085753,2470.4120000000003,66.43806868051064
2024-10-16,2515.0,2773.15,2515.0,2599.01,39921.675,2024-10-16 23:59:59.999,104612084.35206,5101,28204.667,74112212.68926,0,67.81844896904721,2.4152502515994456,-13.55738661103904,15.972636862638486,2689.04042496802,2485.6445,2282.2485750319797,151.6092857142856,35170.69530000001,9.143401867902977,2508.3640000000005,76.24131380030182
2024-10-17,2599.01,2734.19,2521.04,2553.82,27610.362,2024-10-17 23:59:59.999,71713345.50687,2896,10718.202,27894978.66747,0,60.5307763087801,7.567402888027118,-9.332428711225807,16.899831599252927,2661.492322939199,2478.8365,2296.180677060801,155.8357142857142,35380.79225,5.924122455920614,2535.736,57.481250247328184
2024-10-18,2554.37,2730.0,2516.01,2660.0,36953.157,2024-10-18 23:59:59.999,97131147.45837,29775,21014.022,56084003.20534,0,70.38678720851982,19.987950932089007,-3.468352782562843,23.45630371465185,2662.765828694894,2479.0860000000002,2295.4061713051065,160.62285714285707,36559.2298,7.570365577483007,2578.156,54.64767451590016
2024-10-19,2670.0,2670.0,2610.0,2665.98,25228.355,2024-10-19 23:59:59.999,66704216.24030,3772,10872.608,28880976.48779,0,69.32181556414336,29.968403662541277,3.2189985064579836,26.749405156083295,2661.694605781834,2478.8855,2296.0763942181657,154.34499999999994,36543.60615,7.098438102583872,2598.7619999999997,65.7728471331116
2024-10-20,2620.99,2911.6,2484.0,2718.0,100861.745,2024-10-20 23:59:59.999,274452547.24040,4558,60876.388,170805284.72808,0,68.85979755714854,41.59607000506003,10.894412806178396,30.701657198881634,2699.1358490401108,2488.188,2277.2401509598894,160.40785714285707,39109.5616,12.1240872901283,2639.362,63.76538575116959
2024-10-21,2676.65,2718.0,2534.55,2585.02,21997.661,2024-10-21 23:59:59.999,58153276.56985,4747,11830.605,31692387.49691,0,56.24478188269671,39.62394454686137,16.640319154314994,22.983625392546372,2708.8907850390433,2493.6994999999997,2278.508214960956,164.13928571428568,35911.60035,8.613829353658167,2636.564,66.23768323239788
2024-10-22,2585.02,2641.98,2567.01,2576.0,40347.001,2024-10-22 23:59:59.999,104640128.12891,15461,20683.050,53819777.79445,0,60.69115990990991,36.90773292523227,20.69380190849845,16.213931016733817,2714.577982909875,2503.5845,2292.5910170901248,164.6171428571428,36579.23745,8.235748889701227,2641.0,59.7343301627755
2024-10-23,2576.0,2615.9,2490.76,2530.0,31617.479,2024-10-23 23:59:59.999,80902735.38962,7237,8395.640,21795463.27665,0,60.52842161418481,30.689530282357282,22.692947583270218,7.996582699087064,2716.739383283413,2508.917,2301.0946167165866,160.37214285714276,37118.4756,5.011933174224343,2615.0,75.58564810859014
2024-10-24,2530.0,2606.98,2530.0,2542.0,19969.85,2024-10-24 23:59:59.999,51423615.48530,4024,14578.407,37718676.11151,0,61.184056110121645,26.425245815348717,23.43940722968592,2.9858385856627976,2716.2490846366363,2516.953,2317.6569153633636,158.01428571428565,37218.6938,5.173441016814509,2590.204,75.01431916638155
2024-10-25,2604.99,2604.99,2480.0,2515.05,26885.459,2024-10-25 23:59:59.999,68257435.65573,5147,6466.682,16789058.33884,0,57.327072772098965,20.633282249284093,22.878182233605557,-2.2448999843214636,2715.137566766087,2522.156,2329.174433233913,159.72857142857134,37039.08589999999,2.7431676130560927,2549.614,29.946443528338936
2024-10-26,2515.82,2589.0,2472.17,2574.9,10859.503,2024-10-26 23:59:59.999,27469331.52852,5333,5187.110,13326878.05980,0,60.201260786441395,20.634640911207043,22.429473969125855,-1.7948330579188116,2720.146921332626,2527.261,2334.375078667374,162.0121428571428,35405.443649999994,0.4662595836828761,2547.59,27.16832714754454
2024-10-27,2501.01,2574.99,2494.0,2538.0,17340.748,2024-10-27 23:59:59.999,43794455.22642,6816,10888.819,27604537.68953,0,55.77504871295252,17.4569630433557,21.434971783971825,-3.9780087406161257,2721.7922266151772,2529.697,2337.601773384823,162.51285714285706,34920.52815,0.9145129224652087,2539.9900000000002,22.070976416915745
2024-10-28,2514.36,2597.98,2508.38,2554.87,26806.032,2024-10-28 23:59:59.999,68144555.09787,7235,17042.497,43582814.09190,0,49.40753776213522,16.114144622179992,20.37080635161346,-4.256661729433468,2721.99462546521,2536.2355,2350.4763745347896,155.41714285714278,35221.88885,-1.698338982920432,2544.964,22.059141642321922
2024-10-29,2567.1,2699.98,2518.02,2639.28,31490.318,2024-10-29 23:59:59.999,82643926.15494,10046,23225.758,61333417.73056,0,58.65025892310263,21.612003185393405,20.61904571836945,0.992957467023956,2724.9717993923755,2549.199,2373.4262006076247,159.12857142857135,34565.720499999996,3.3463595711522363,2564.42,47.27701820119286
2024-10-30,2625.17,2690.0,2590.02,2654.26,31145.589,2024-10-30 23:59:59.999,82121480.89948,11248,23862.057,63140023.73310,0,54.2543852894522,26.86813735104124,21.86886404490381,4.999273306137432,2725.3941052258206,2562.9125,2400.4308947741793,147.8307142857142,33554.2221,-0.21578947368420232,2592.2619999999997,51.716558470143454
2024-10-31,2665.98,2665.99,2548.02,2600.0,33771.959,2024-10-31 23:59:59.999,88538078.43940,6888,5963.520,15706568.07379,0,53.50698663426488,26.351568536650575,22.765404943253163,3.586163593397412,2718.5179962783086,2572.45,2426.382003721691,141.03214285714276,33271.1694,-2.474887283475496,2597.282,50.82038291862563
2024-11-01,2569.22,2629.01,2482.26,2539.0,50082.813,2024-11-01 23:59:59.999,128346458.98846,9897,27987.947,72479517.90069,0,40.13404650859398,20.78044973863325,22.368413902329184,-1.5879641636959327,2706.320217050796,2578.552,2450.783782949204,136.22928571428562,34969.659850000004,-6.5857247976453275,2597.482,50.52989530956639
2024-11-02,2535.22,2588.0,2413.34,2507.0,20300.148,2024-11-02 23:59:59.999,51198217.61580,12125,10777.701,27535286.97444,0,37.56492084350166,13.626092278777833,20.619949577618915,-6.993857298841082,2698.8616224682064,2581.507,2464.1523775317937,144.41928571428562,35057.2105,-3.0181584668590564,2587.9080000000004,63.494062084542996
2024-11-03,2491.66,2587.99,2425.01,2491.66,22100.419,2024-11-03 23:59:59.999,54855580.18672,10217,5935.096,14977218.13822,0,31.218467870419545,6.641839656056163,17.824327593306364,-11.182487937250201,2701.819789176033,2577.9425,2454.0652108239674,125.51785714285701,34122.685600000004,-3.2740683229813725,2558.384,67.80900736624888
2024-11-04,2491.66,2650.0,2237.0,2480.0,130942.662,2024-11-04 23:59:59.999,322296524.40333,6918,68256.830,172417952.40063,0,39.08860443853379,0.1640139299229304,14.292264860629677,-14.128250930706747,2704.715480271284,2576.1925,2447.6695197287163,141.9142857142856,37311.64675,-1.9762845849802373,2523.532,48.14244613640057
2024-11-05,2480.0,2550.0,2370.0,2445.0,13896.615,2024-11-05 23:59:59.999,34397523.07159,7367,6765.583,16970629.37369,0,37.08647135365325,-7.70509755271587,9.892792377960568,-17.597889930676438,2709.1417126455867,2568.492,2427.8422873544137,149.41642857142847,36010.39375,-3.8158929976396543,2492.532,34.58937871654323
2024-11-06,2446.0,2696.54,2436.0,2696.54,33213.951,2024-11-06 23:59:59.999,85003391.60453,7634,21656.381,56020547.53440,0,61.68275436332004,6.283320488552363,9.170898000078926,-2.8875775115265636,2727.2012900505897,2575.628,2424.0547099494106,159.08785714285705,36290.5732,7.216158724478629,2524.04,99.09833399203154
2024-11-07,2696.54,2839.0,2588.01,2757.7,62858.49,2024-11-07 23:59:59.999,172912217.69640,16172,45297.520,125371574.58575,0,64.155029399412,22.05016287999024,11.74675097606119,10.30341190392905,2748.900404216781,2580.513,2412.1255957832186,171.51714285714274,37585.839850000004,7.099304827371926,2574.18,142.31870502501027
2024-11-08,2800.0,2980.0,2730.0,2905.0,42561.399,2024-11-08 23:59:59.999,122166800.70035,20530,26299.610,75897194.57063,0,72.09924399560222,45.90224551852407,18.577849884553768,27.3243956339703,2812.4226980750395,2592.464,2372.5053019249603,180.44642857142847,38452.49205,14.460204885736799,2656.848,193.3137256378743
2024-11-09,2900.05,3198.0,2781.01,3164.0,53818.276,2024-11-09 23:59:59.999,160245965.45791,8487,39902.679,119708181.75265,0,77.23733609513415,84.7276407992149,31.807808067485997,52.9198327317289,2949.038390624363,2614.764,2280.4896093756374,201.88642857142847,36100.3186,23.841917592675955,2793.648,265.44185902000174
2024-11-10,3116.47,3197.0,2858.78,3127.9,48506.705,2024-11-10 23:59:59.999,148842321.70686,10435,19087.464,60585550.98129,0,77.2945161111214,111.30106854563428,47.706460163115665,63.594608382518615,3046.7341259822756,2641.9080000000004,2237.081874017725,220.2599999999999,37425.770800000006,18.5133824376345,2930.228,211.38590993723696
2024-11-11,3127.9,3500.0,2960.0,3499.99,52179.449,2024-11-11 23:59:59.999,164987559.46106,10377,31325.703,101582739.39779,0,82.91174504123022,160.53471058575633,70.27211024764381,90.26260033811252,3243.980051007048,2688.1075,2132.234948992952,252.43142857142848,38017.3932,31.863118157226477,3090.9179999999997,282.68723285637196
2024-11-12,3185.99,3499.99,3034.47,3091.08,25740.062,2024-11-12 23:59:59.999,83362405.77479,8408,10894.288,36314004.33660,0,62.832748219094036,164.65902032561507,89.14949226323807,75.509528062377,3294.6115537879614,2716.1615,2137.711446212039,272.6857142857142,37723.52235,18.887692307692305,3157.594,215.86201166484165
2024-11-13,3091.0,3443.98,3088.8,3099.01,29840.02,2024-11-13 23:59:59.999,95388439.73158,11111,13690.080,44566563.64751,0,62.68329825642079,166.64645365085335,104.64888454076114,61.9975691100922,3340.5103692252223,2744.012,2147.513630774778,290.9142857142856,38217.030849999996,22.056321386372595,3196.3959999999997,172.10898619767647
2024-11-14,3167.73,3333.0,3099.0,3150.0,24766.474,2024-11-14 23:59:59.999,79050781.01049,7098,11497.321,37473043.35894,0,65.71410612450144,170.37203299511884,117.7935142316327,52.578518763486144,3388.3198781015635,2775.7595,2163.1991218984367,299.20214285714275,38111.081600000005,25.64818508177104,3193.596,172.87994426766804
2024-11-15,3110.0,3298.94,3100.0,3149.9,16941.651,2024-11-15 23:59:59.999,53179266.26273,5045,4719.281,15190544.06197,0,68.08338069527329,171.3413953532181,128.5030904559498,42.8383048972683,3431.1881055983313,2804.5095,2177.830894401669,302.9299999999999,38415.189,26.417729545764683,3197.996,171.06027922925878
2024-11-16,3110.1,3199.9,3100.15,3120.22,13226.825,2024-11-16 23:59:59.999,41736812.28239,6003,5978.562,18983298.39169,0,68.17702157932179,167.78062346451225,136.3585970576623,31.422026406849938,3462.260745993757,2833.6205,2204.980254006243,297.5792857142856,38209.492849999995,25.815322580645155,3122.0420000000004,27.614109074755383
2024-11-17,3112.6,3190.0,3112.29,3179.9,20530.786,2024-11-17 23:59:59.999,64399214.94844,9011,6973.297,22124385.19523,0,69.87823053017088,167.839612742996,142.65480019472906,25.184812548266933,3497.2976029505007,2864.8720000000003,2232.4463970495,291.4885714285714,37895.73055,30.057259713701434,3139.806,31.069520112038532
2024-11-18,3136.04,3183.8,3100.22,3154.73,12334.474,2024-11-18 23:59:59.999,38813281.50377,9212,5709.478,18139227.79278,0,69.337116327057,163.9652640267882,146.9168929611409,17.048371065647302,3526.3640103262214,2890.6445,2254.9249896737783,267.9585714285714,36937.93835,16.991774644544495,3150.95,21.20571149460204
2024-11-19,3114.6,3396.3,3113.0,3120.61,38100.057,2024-11-19 23:59:59.999,121668167.30800,9108,17189.774,56094335.30422,0,69.37210756005666,156.33943225167604,148.80140081924793,7.538031432428113,3547.3811325978336,2913.9620000000004,2280.5428674021673,275.33714285714285,37285.66175,13.159879609819788,3145.072,25.226907658140174
2024-11-20,3120.61,3353.68,3120.31,3249.68,21823.85,2024-11-20 23:59:59.999,69689576.41292,9521,5898.229,19453514.30916,0,67.05853327576637,158.87931411161162,150.81698347772067,8.062330633890952,3578.705818558915,2946.4460000000004,2314.186181441086,273.39642857142854,36688.256299999994,11.86506024096385,3165.028,53.55815036007313
2024-11-21,3204.78,3314.89,3128.01,3314.89,22249.651,2024-11-21 23:59:59.999,72203603.99664,10488,14412.586,47117502.46008,0,67.14061586735166,164.26059688949226,153.505706160075,10.75489072941727,3607.3697376981577,2985.2405000000003,2363.111262301843,268.8171428571428,35296.5982,4.7689633375474045,3203.962,78.01519448153631
2024-11-22,3314.89,3332.0,3148.1,3270.01,22401.385,2024-11-22 23:59:59.999,73472505.30777,9620,9676.208,32119214.22189,0,61.98380752890811,163.0246150557573,155.40948793921146,7.615127116545835,3614.862532291728,3023.391,2431.9194677082724,264.0957142857143,35401.66004999999,4.543303814060556,3221.984,81.40159445607813
2024-11-23,3270.01,3470.0,3270.0,3302.24,25512.824,2024-11-23 23:59:59.999,85492300.86296,4931,17650.556,59458938.42527,0,55.332674978397726,162.76947698025833,156.88148574742084,5.887991232837493,3611.431141112264,3063.92,2516.408858887736,248.59642857142856,35572.2803,-5.650016142903266,3251.486,77.57409896345287
2024-11-24,3302.24,3460.67,3302.24,3359.66,16594.449,2024-11-24 23:59:59.999,56183242.86841,5138,7952.642,27370127.75523,0,58.79557943953608,165.29517248258526,158.56422309445372,6.730949388131535,3596.0163671639825,3107.903,2619.789632836017,235.75428571428574,29854.869649999997,8.688872497638364,3299.296,42.47078325144511
2024-11-25,3327.1,3590.0,3327.0,3493.0,30707.837,2024-11-25 23:59:59.999,105778122.19969,7129,23044.248,79620128.88147,0,49.676007898176564,176.02709719258428,162.05679791407985,13.970299278504427,3566.997956996358,3160.303,2753.608043003642,215.96857142857147,30695.43075,12.713414929283859,3347.96,87.22619646637611
2024-11-26,3427.71,3529.99,3148.1,3288.1,39140.121,2024-11-26 23:59:59.999,131973068.75446,6180,7830.937,27041969.65292,0,61.261889518931774,166.08399436204127,162.86223720367215,3.2217571583691154,3536.1126032216434,3189.881,2843.6493967783563,209.99500000000003,30991.739249999995,4.384126984126981,3342.602,90.52581300375537
2024-11-27,3288.1,3576.0,3284.0,3560.0,32217.645,2024-11-27 23:59:59.999,111380729.62406,6964,23205.240,80482709.14278,0,70.24212033125784,178.0911474792847,165.90801925879467,12.183128220490033,3550.336584371927,3229.996,2909.655415628073,205.4821428571429,29459.696999999996,13.019460935267782,3400.6,120.36729539202274
2024-11-28,3560.0,3770.0,3414.0,3582.23,51667.462,2024-11-28 23:59:59.999,186098020.23355,10031,27923.421,102111001.54991,0,69.47104772373032,187.242265762261,170.17486855948795,17.067397202773066,3582.72070927049,3263.8575,2944.9942907295103,214.1964285714286,29915.00015,14.80696873938377,3456.5979999999995,128.0517771059426
2024-11-29,3560.29,3628.9,3470.0,3599.85,12161.578,2024-11-29 23:59:59.999,43308722.99431,12975,6434.892,23045688.75837,0,69.95432169941017,193.68371437983842,174.87663772355805,18.807076656280373,3633.990871530903,3285.65,2937.3091284690972,211.3364285714286,27832.165250000002,13.20639013805465,3504.636,127.646918215794
2024-11-30,3606.36,3690.0,3486.0,3642.97,44911.648,2024-11-30 23:59:59.999,164046856.50334,18745,38046.980,139569871.94749,0,72.90974590013062,199.9629836456911,179.89390690798467,20.06907673770644,3685.8221055472704,3311.4034999999994,2936.9848944527284,218.78285714285718,27652.4124,15.4764433089361,3534.63,141.1361415442174
2024-12-01,3672.96,3891.9,3576.0,3686.38,36027.292,2024-12-01 23:59:59.999,133308286.35776,15077,26804.900,99595776.14994,0,72.51782824420694,206.06676459591017,185.12847844556978,20.93828615034039,3723.1379688070315,3320.7230000000004,2918.3080311929693,235.7964285714286,26844.80455,18.130109177372372,3614.286,50.50562275617246
2024-12-02,3686.28,3773.08,3599.1,3621.11,14935.894,2024-12-02 23:59:59.999,54901273.75020,15245,6819.727,25359403.71765,0,70.02112095610964,203.29386631364923,188.7615560191857,14.532310294463542,3755.7273985518077,3347.2245000000003,2938.721601448193,242.25357142857143,26304.596150000005,11.429740774476265,3626.5080000000003,40.48451086512862
2024-12-03,3642.38,3745.0,3280.0,3615.84,91382.984,2024-12-03 23:59:59.999,320218861.35973,16039,23471.626,83943579.35268,0,71.79958974178385,198.38422958180763,190.6860907317101,7.698138850097536,3780.843705820435,3373.066,2965.2882941795647,255.23214285714286,29381.74435,9.078732627628678,3633.2300000000005,33.47880299515898
2024-12-04,3615.84,4000.0,3350.0,3817.34,53727.228,2024-12-04 23:59:59.999,198230352.33242,15212,31965.946,120599547.96861,0,73.49002731109826,208.35093322971716,194.21905923131152,14.131873998405638,3845.378251452388,3406.433,2967.487748547612,284.99142857142857,30829.782049999998,16.737869303151975,3676.728,83.37446953347487
2024-12-05,3600.0,4332.9,3560.0,4090.0,40331.84,2024-12-05 23:59:59.999,162572045.67254,12637,17745.779,70943589.38821,0,77.37453646477134,235.53588984013413,202.48242535307608,33.05346448705805,3971.0156978681543,3453.4380000000006,2935.8603021318468,326.84999999999997,31999.2915,23.85532244779302,3766.1340000000005,198.42642712095483
2024-12-06,3859.14,4220.56,3810.0,4021.43,30826.43,2024-12-06 23:59:59.999,124010721.95110,13934,18493.937,75925840.81744,0,76.10112265881175,248.68050382447655,211.72204104735619,36.95846277712036,4049.7522674591164,3498.4985,2947.244732540884,343.0400000000001,32879.27175,19.697528916616562,3833.1440000000002,220.14531253239775
2024-12-07,4007.76,4150.0,3920.0,4093.43,18038.591,2024-12-07 23:59:59.999,72587578.43494,9514,8613.475,35278172.61498,0,76.74366722777698,261.88861445238535,221.75535572836205,40.13325872402331,4134.294530104286,3544.175,2954.055469895714,345.18285714285724,32754.662,17.189521900944744,3927.608,207.3818836590756
2024-12-08,4093.53,4119.77,3930.1,4029.85,16285.264,2024-12-08 23:59:59.999,65555247.22130,8002,4927.199,20184624.78226,0,72.55969893023287,264.1804548081277,230.24037554431519,33.94007926381252,4186.185668705015,3587.9309999999996,2989.676331294984,347.41428571428577,32952.2015,22.55862047991241,4010.41,112.91840793239061
2024-12-09,4036.72,4097.0,3800.0,3866.39,28078.131,2024-12-09 23:59:59.999,110422422.10761,11589,4328.170,17570890.83900,0,62.319117909059116,249.92590859330312,234.1774821541128,15.748426439190325,4193.024115259166,3625.22,3057.4158847408335,349.8428571428572,32451.1052,8.606460674157299,4020.22,92.17757644886159
2024-12-10,3919.07,4069.99,3600.0,3690.1,69776.013,2024-12-10 23:59:59.999,262687112.71724,29441,22010.057,82946803.06931,0,63.518239535133965,221.84663838404413,231.71131340009904,-9.864675016054917,4187.199638217083,3647.2410000000004,3107.282361782918,356.1357142857143,34848.71335,3.0112527671310856,3940.2400000000002,162.87478810419472
2024-12-11,3704.22,3880.0,3610.0,3876.9,16706.065,2024-12-11 23:59:59.999,63079148.77208,16340,10616.247,40430426.36095,0,61.30348556834881,212.2204678396497,227.8131442880092,-15.592676448359498,4200.774880875139,3675.3415,3149.9081191248606,354.56428571428575,34571.53405,7.696154006416939,3911.334,157.60325323414662
2024-12-12,3876.9,4030.0,3830.0,3939.18,17203.52,2024-12-12 23:59:59.999,67253349.29132,13015,9613.799,37981897.18746,0,62.37836638161225,207.22833458874675,223.6961823481567,-16.46784775940995,4210.231389859898,3708.8,3207.3686101401026,343.42142857142863,34311.64080000001,8.13100300029921,3880.4839999999995,124.7126454293501
2024-12-13,3939.18,4499.0,3853.19,4299.86,145996.78,2024-12-13 23:59:59.999,600317357.89471,9825,79695.807,334129892.22218,0,69.60933166749771,229.72773634842406,224.9024931482102,4.825243200213862,4287.554169708848,3758.6810000000005,3229.8078302911526,378.20071428571424,40335.8386,16.641800356989773,3934.486,224.275457373263
2024-12-14,4299.86,4450.59,3755.1,4383.9,69763.607,2024-12-14 23:59:59.999,283039218.32921,6228,23215.751,98996606.87326,0,70.29044643199457,251.44153845246228,230.21030220906061,21.231236243401668,4373.310224372837,3809.893,3246.475775627163,413.3071428571429,42994.296500000004,21.065087776952357,4037.988,293.6709388413934
2024-12-15,4383.9,4383.9,4000.1,4050.0,11769.879,2024-12-15 23:59:59.999,49461861.76088,4772,8206.824,34911068.27195,0,58.59093701271086,238.95244849463006,231.9587314661745,6.993717028455563,4390.164054025387,3837.743,3285.321945974613,418.1571428571429,42047.3986,12.007168458781358,4109.968,222.58880636722253
2024-12-16,4050.0,4498.9,4040.0,4398.07,27058.5,2024-12-16 23:59:59.999,114500091.11899,9187,16094.680,69576674.36277,0,66.19273894377059,254.2107119351358,236.40912755996678,17.80158437516903,4436.101392529221,3893.241499999999,3350.381607470777,438.5085714285715,41443.31755,15.21294933120968,4214.201999999999,207.69060094280667
2024-12-17,4398.07,4399.57,4180.0,4330.0,12575.968,2024-12-17 23:59:59.999,54144869.90489,10026,4610.348,20170042.19238,0,64.5042446890613,257.83811819837956,240.69492568764935,17.143192510730216,4484.223590941939,3931.741499999999,3379.2594090580596,420.9778571428572,40461.2337,5.8679706601467,4292.366,141.21399073740366
2024-12-18,4330.0,4378.89,4080.0,4200.0,14716.943,2024-12-18 23:59:59.999,61972116.02285,21468,5585.544,23936993.47393,0,58.00409973226238,247.3714066587745,242.0302218818744,5.341184776900093,4501.75122148236,3962.6299999999997,3423.5087785176393,395.8985714285714,38613.707749999994,4.44046023429477,4272.394,146.838754012637
2024-12-19,4200.0,4220.0,3577.48,3883.03,110275.432,2024-12-19 23:59:59.999,428808215.68738,30780,38808.907,155040695.34291,0,45.74959646118018,211.0665881401801,235.83749513353558,-24.77090699335548,4490.047490406869,3976.7889999999998,3463.5305095931303,386.58571428571435,43519.40045,-5.139943763543035,4172.219999999999,209.31021463365045
2024-12-20,3883.03,3999.99,2459.23,3489.9,63784.951,2024-12-20 23:59:59.999,207189739.31835,27408,28370.173,92146036.75276,0,40.368285814726356,148.85652704281802,218.4413015153921,-69.58477447257408,4507.313140931829,3969.1355000000003,3430.9578590681713,467.3142857142857,44463.0656,-13.398761740511429,4060.2,375.20778103603624
2024-12-21,3489.9,3559.99,3202.11,3361.01,35570.945,2024-12-21 23:59:59.999,123959336.58545,8838,24979.869,87917683.69345,0,36.99612237941026,88.13825664411206,192.38069254113609,-104.24243589702402,4544.090484652133,3952.8669999999997,3361.643515347867,476.44857142857137,44440.24825,-13.071107674083567,3852.7880000000005,425.0692138581535
2024-12-22,3361.11,3440.0,3111.01,3288.9,56406.004,2024-12-22 23:59:59.999,186038322.76840,8511,30281.206,101820805.85904,0,36.88440147414406,33.81017292268598,160.66658861744608,-126.8564156947601,4582.803773096423,3936.2565000000004,3289.709226903578,486.3999999999999,46513.753749999996,-10.872334083087175,3644.568,386.06861044378
2024-12-23,3288.9,3500.0,3136.1,3444.47,32734.046,2024-12-23 23:59:59.999,109923358.63182,10583,20652.692,70470974.83929,0,42.51065038341379,3.2702762985181835,129.1873261536605,-125.91704985514232,4596.281162727764,3927.6880000000006,3259.0948372722364,491.1785714285713,43581.30685,-11.154014805643692,3493.4620000000004,231.06561550778812
2024-12-24,3444.37,3600.0,3320.01,3535.0,23761.265,2024-12-24 23:59:59.999,82791941.80017,11070,13437.426,47412058.69714,0,47.16042240318707,-13.47249486057126,100.65536195081414,-114.1278568113854,4603.555175620219,3913.571,3223.5868243797804,477.6071428571427,42083.0087,-10.260511070831997,3423.8559999999998,99.1242620653174
2024-12-25,3541.46,3600.0,3140.0,3495.12,70669.731,2024-12-25 23:59:59.999,240060135.67009,9874,29267.259,102787813.79895,0,42.61295915050384,-29.617828448341697,74.60072387098297,-104.21855231932467,4592.814596806361,3883.8269999999998,3174.8394031936386,491.1785714285713,43599.90325,-18.715493062564825,3424.9,100.0172177677109
2024-12-26,3490.0,3598.0,3300.12,3487.9,19947.607,2024-12-26 23:59:59.999,69013537.54891,20110,10490.385,36856786.73747,0,41.078108071773705,-42.50573563592934,51.17943196960051,-93.68516760552984,4584.256095704093,3857.1504999999997,3130.044904295906,498.16999999999996,43055.9621,-20.438422409270277,3450.278,95.7609378608703
2024-12-27,3487.9,3530.0,3300.24,3485.72,26825.731,2024-12-27 23:59:59.999,91952741.49860,29953,15080.405,52273053.16492,0,31.24585360459973,-52.29260610328856,30.48502435502269,-82.77763045831125,4563.029989724982,3826.7649999999994,3090.500010275016,468.45214285714286,43495.3191,-13.932839506172845,3489.642,32.195818361909744
2024-12-28,3485.72,3510.38,3360.56,3460.0,12598.203,2024-12-28 23:59:59.999,43386305.90285,30662,6371.582,22221352.88504,0,28.129852668257385,-61.41619286713649,12.10478091059085,-73.52097377772733,4545.470175328142,3798.2725,3051.074824671857,429.4757142857142,43310.96605,-21.329128458619344,3492.7479999999996,27.093289205872576
2024-12-29,3460.0,3529.88,3326.95,3350.24,12539.668,2024-12-29 23:59:59.999,43142111.02716,34251,6214.309,21687428.21075,0,31.469201843122704,-76.62018599702151,-5.640212470931626,-70.97997352608988,4544.982187640502,3772.465,2999.9478123594986,416.5564285714285,42534.04289999999,-22.627251732101623,3455.796,60.48188224578854
2024-12-30,3350.24,3488.0,3350.14,3406.0,14062.23,2024-12-30 23:59:59.999,47662970.96748,17030,5574.443,19140778.56567,0,18.916022784952915,-83.21089074554038,-21.15434812585338,-62.056542619687,4547.42281919512,3758.2599999999998,2969.09718080488,393.625,39748.353749999995,-18.904761904761905,3437.972,59.1122281765254
2024-12-31,3406.0,3599.77,3350.18,3500.1,35424.917,2024-12-31 23:59:59.999,123331678.31223,13176,26971.481,94171913.36195,0,24.414546620463426,-79.91972334628326,-32.907423169939364,-47.0123001763439,4534.625039590081,3739.4199999999996,2944.214960409919,395.76928571428573,40684.29635,-9.861628676574744,3440.4120000000003,61.87555510856912
2025-01-01,3508.53,3599.65,3500.0,3546.51,15814.501,2025-01-01 23:59:59.999,56135637.69590,7927,11035.865,39304561.78486,0,28.758378135909467,-72.72818508935734,-40.871575553822964,-31.856609535534375,4513.613769459724,3719.7864999999997,2925.9592305402757,381.5378571428572,40614.8454,1.6221095160319814,3452.5699999999997,77.10256675360074
2025-01-02,3546.51,4550.1,3502.0,3640.35,19001.395,2025-01-02 23:59:59.999,69507572.72707,12934,12858.558,47042878.99772,0,40.77332522241653,-58.77916582721491,-44.453093608501355,-14.326072218713556,4432.5138412500555,3686.8109999999992,2941.1081587499434,410.5078571428572,34265.07615,8.311192171400847,3488.6399999999994,114.54270186263763
2025-01-03,3658.56,3685.93,3550.0,3655.0,38418.617,2025-01-03 23:59:59.999,138547336.79040,11212,4826.015,17722599.87330,0,58.8136063718477,-46.01193801981299,-44.76486249076368,-1.2470755290493045,4319.986404751027,3650.3659999999995,2980.7455952489718,310.1628571428572,32697.826649999995,11.131381312900967,3549.5919999999996,102.98723255817899
2025-01-04,3647.17,3684.0,3627.0,3682.8,14647.059,2025-01-04 23:59:59.999,53632289.34537,13486,7551.762,27786923.25592,0,69.25663949828251,-33.26710782290547,-42.465311557192045,9.198203734286572,4275.100885211541,3632.006,2988.9111147884587,288.67142857142863,32841.68565,6.919206728466219,3604.952,77.82599353681178
2025-01-05,3671.73,3683.0,3634.1,3634.31,9754.03,2025-01-05 23:59:59.999,35685681.22694,5491,4471.574,16426454.36628,0,71.27144634257489,-26.77087780740294,-39.326424807234226,12.555546999831286,4126.625299720799,3593.818,3061.010700279201,268.6650000000001,31976.46215,2.8093352192362078,3631.7940000000003,51.21773745482684
2025-01-06,3634.31,3890.0,3634.1,3650.0,19474.947,2025-01-06 23:59:59.999,71822418.30093,11841,13886.729,51383008.83310,0,65.291728047855,-20.124533746170073,-35.4860465950214,15.361512848851326,3966.737019105094,3559.818,3152.8989808949063,260.95071428571435,32321.411099999998,4.431321385245717,3652.4919999999997,18.76891232840518
2025-01-07,3681.11,4291.35,3326.95,3494.87,30103.48,2025-01-07 23:59:59.999,110972661.23771,23460,11598.764,44131728.91941,0,47.276108765594664,-27.06298744467813,-33.801434764952745,6.7384473202746165,3798.343780867149,3524.5615000000007,3250.7792191328526,309.837142857143,33090.73795,0.19983371082885976,3623.3959999999997,73.94840924584982
2025-01-08,3489.89,3494.89,3139.03,3274.14,35930.374,2025-01-08 23:59:59.999,118459829.51348,18497,9021.109,30184554.84314,0,37.95723067532808,-49.79877894698848,-37.000903601359894,-12.797875345628583,3733.290318710787,3494.1169999999997,3254.9436812892127,302.39857142857153,29373.48505,-6.069908082117896,3547.2239999999997,168.70354302738434
2025-01-09,3255.98,3550.0,3139.03,3291.69,25261.487,2025-01-09 23:59:59.999,84580984.09430,27600,9651.247,32704690.29731,0,39.426175617852806,-65.64421355481636,-42.729565592051195,-22.914647962765166,3739.966650739495,3484.2065000000002,3228.4463492605055,310.4764285714287,27447.31185,-4.864450867052022,3469.0020000000004,180.39325699702124
2025-01-10,3277.64,3780.11,3140.0,3420.71,22447.379,2025-01-10 23:59:59.999,76840615.55535,35289,11570.478,40332174.65074,0,46.91793485990614,-67.01845191075154,-47.58734285579127,-19.431109054960267,3738.247871633679,3487.1915,3236.1351283663207,339.78714285714295,26791.13355,2.1034313959597,3426.282,154.95749342963003
2025-01-11,3402.43,3590.0,3150.0,3534.54,13503.14,2025-01-11 23:59:59.999,45793923.65942,37393,6831.009,23632804.54759,0,53.26140221918862,-58.25093550117617,-49.72006138486826,-8.530874116307913,3733.114968135701,3499.4735,3265.832031864299,360.5142857142858,24645.99035,3.77392836171462,3403.19,117.31490506322761
2025-01-12,3516.19,3539.08,3140.0,3295.0,13937.087,2025-01-12 23:59:59.999,46333389.69419,30902,7206.238,24327693.61429,0,47.82953777484402,-69.82657437685157,-53.741363983264925,-16.085210393586642,3742.036442564879,3492.0,3241.963557435121,374.52500000000003,23706.1424,-5.859832576212106,3363.2160000000003,112.20672675911452
2025-01-13,3318.25,3550.0,2860.0,3205.0,34228.28,2025-01-13 23:59:59.999,107764513.48443,31451,8774.995,28938226.58285,0,42.309340516383784,-85.2795498563487,-60.04900115788168,-25.23054869846701,3755.3633340907554,3475.5,3195.6366659092446,413.96357142857147,24229.493150000002,-9.629466715165055,3349.3880000000004,128.94097397644686
2025-01-14,3200.88,3500.0,2920.0,3280.52,11795.156,2025-01-14 23:59:59.999,38281460.66374,21368,6206.994,20624269.61326,0,41.4772550846142,-90.39034774078209,-66.11727047446178,-24.273077266320314,3757.6202960108726,3464.7699999999995,3171.9197039891264,437.56428571428575,21285.7644,-9.88448912879256,3347.154,130.28035876522134
2025-01-15,3297.47,3318.3,3140.2,3289.16,17070.298,2025-01-15 23:59:59.999,55583405.22477,16289,12380.389,40510988.72438,0,39.709539918268106,-92.6752139153009,-71.4288591626296,-21.246354752671294,3757.6948414288195,3454.833,3151.9711585711807,443.16785714285714,21141.89895,-10.0093023255814,3320.844,124.88357169778222
2025-01-16,3289.16,3318.3,3190.01,3306.4,22838.89,2025-01-16 23:59:59.999,74968393.12459,13113,12525.504,41380005.96500,0,35.77519743063307,-92.03395278234257,-75.5498778865722,-16.484074895770362,3755.422102422428,3445.8669999999997,3136.3118975775715,377.46714285714285,20942.556900000003,-10.220484414032803,3275.216,40.363048447753485
2025-01-17,3306.73,3490.0,3275.99,3397.68,20357.223,2025-01-17 23:59:59.999,68404613.83557,16393,11582.401,39205273.12061,0,39.710986357020616,-83.2011247974624,-77.08012726875025,-6.120997528712152,3752.9610385154547,3442.751,3132.5409614845457,383.04428571428576,21330.5079,-6.511002088429444,3295.7520000000004,68.94579552079595
2025-01-18,3407.5,3489.0,3300.0,3426.16,14954.605,2025-01-18 23:59:59.999,50420155.62369,13208,6963.535,23760747.48976,0,39.743753696628666,-73.06074817344052,-76.2762514496883,3.2155032762477873,3753.834815306367,3446.547,3139.259184693633,392.4728571428572,21451.25475,-6.132602739726031,3339.9839999999995,67.085882866627
2025-01-19,3426.16,3520.0,3095.54,3342.37,18006.376,2025-01-19 23:59:59.999,60371926.79350,11544,5734.618,19626314.20151,0,38.653182425919596,-70.96751009851232,-75.2145031794531,4.246993080940783,3753.7231565308784,3443.3655,3133.0078434691213,419.2985714285715,21648.46205,-4.3635385579434995,3352.3540000000003,58.53781666576429
2025-01-20,3342.37,3497.88,3150.0,3200.1,17448.723,2025-01-20 23:59:59.999,59995922.31545,19786,8522.958,29745400.12434,0,34.08019702481211,-79.86793599310067,-76.14518974218262,-3.72274625091805,3755.7115123622143,3428.3655,3101.0194876377855,425.8685714285715,20749.65235,-2.2613571808169466,3334.542,88.47056866548824
2025-01-21,3224.1,3497.78,3200.0,3416.33,11145.424,2025-01-21 23:59:59.999,38230034.67435,24317,5524.351,19202568.97009,0,47.336037771687515,-68.6819114262612,-74.65253407899834,5.970622652737148,3744.453721528431,3421.8564999999994,3099.259278471568,378.2528571428572,20516.198500000002,3.7865048045229006,3356.528,93.25844449697077
2025-01-22,3437.61,3587.0,3392.51,3455.54,15393.795,2025-01-22 23:59:59.999,53423417.02209,39334,7642.111,26744685.79385,0,57.016865232864006,-56.0073689716005,-70.92350105751878,14.916132085918278,3719.043642933291,3412.6159999999995,3106.1883570667082,366.7264285714286,20335.8185,1.018209669922324,3368.1,102.74833696948298
2025-01-23,3484.57,3749.99,3427.26,3664.99,16436.901,2025-01-23 23:59:59.999,58184544.30735,24171,8536.659,30574374.48729,0,62.57325698888514,-28.73064916841531,-62.48493067969808,33.75428151128277,3721.2346393275793,3413.1155,3104.9963606724205,360.42357142857145,19236.7327,3.690720716132787,3415.8659999999995,169.99532178855318
2025-01-24,3664.99,3800.0,3460.0,3700.01,12256.266,2025-01-24 23:59:59.999,44389661.00581,26815,5864.798,21732260.22982,0,60.04314994606258,-4.238966711009198,-50.835737885960306,46.59677117495111,3725.345330362665,3413.9759999999997,3102.606669637334,338.9871428571428,19117.19305,12.291654021244316,3487.3940000000002,203.31534282978438
2025-01-25,3700.0,3708.0,3500.0,3581.05,15392.891,2025-01-25 23:59:59.999,55927606.70986,24611,7563.969,27960924.42829,0,51.66627257940859,5.508294094207031,-39.566931489926844,45.075225584133875,3715.5779133203873,3411.3129999999996,3107.048086679612,322.4157142857143,19399.136099999996,11.733229329173172,3563.5840000000003,125.05752468360977
2025-01-26,3581.05,3704.18,3510.0,3594.37,12376.787,2025-01-26 23:59:59.999,44824270.05861,18254,5824.529,21389160.21293,0,62.8000444668679,14.144828410609534,-28.824579509819568,42.969407920429106,3704.513380474873,3408.5315,3112.549619525127,307.78000000000003,19044.2281,9.567080828649113,3599.192,94.18323481379872
2025-01-27,3594.37,3708.9,2880.0,3575.19,40665.748,2025-01-27 23:59:59.999,133068689.85248,30939,12004.197,40518820.97170,0,66.84841478622599,19.220120784878418,-19.21563945087997,38.43576023575839,3715.5580794140037,3412.5474999999997,3109.5369205859956,317.70142857142855,19572.341500000002,8.696141264030945,3623.1220000000003,56.033251913402175
2025-01-28,3588.48,3620.11,3100.02,3170.1,17380.454,2025-01-28 23:59:59.999,60257832.60668,7895,5780.088,20724557.94596,0,46.13418664575398,-9.337415056191276,-17.23999457194223,7.902579515750954,3723.641877167747,3407.3455000000004,3091.0491228322535,313.42214285714283,18644.845500000003,-4.122308250665382,3524.1440000000002,204.35978195328016
2025-01-29,3170.1,3560.0,3170.0,3360.11,9429.291,2025-01-29 23:59:59.999,31766579.14223,9091,4322.206,15041282.17214,0,52.20405957018509,-16.44765065752881,-17.081525789059548,0.6338751315307363,3723.2529879453023,3410.7665,3098.280012054698,328.55785714285713,17853.235699999997,-1.1057545148454153,3456.1639999999998,187.03180419381388
2025-01-30,3360.11,3519.2,3200.0,3443.51,11258.307,2025-01-30 23:59:59.999,38486284.52148,13599,6390.282,22339428.35457,0,54.091150511132724,-15.17791899866188,-16.700804430980014,1.5228854323181338,3724.7119199472722,3411.9065,3099.101080052728,342.1942857142857,17293.782100000004,0.5063978331426543,3428.656,173.7122214468329
2025-01-31,3456.18,3509.92,3300.1,3380.79,10768.94,2025-01-31 23:59:59.999,36879784.30698,14088,5724.637,19936465.70912,0,49.4872900135387,-19.01345209785495,-17.163333964355,-1.8501181334999508,3711.848871309782,3404.219,3096.589128690218,341.895,17157.0721,1.1494837495549586,3385.94,146.97830145975325
2025-02-01,3419.01,3493.8,3324.14,3370.14,12607.72,2025-02-01 23:59:59.999,42941481.79376,9983,6523.607,22572530.35615,0,48.28085680967287,-22.651394530581,-18.260946077600202,-4.390448452980799,3711.8014143695195,3407.976,3104.1505856304807,340.5135714285715,17090.603750000002,5.313583950501545,3344.9300000000003,102.99934635712336
2025-02-02,3370.14,3465.89,2950.0,3142.73,22451.535,2025-02-02 23:59:59.999,72892295.52444,13305,5161.356,17482914.82428,0,44.36974031541187,-43.38446743906343,-23.28565034989285,-20.098817089170577,3718.5617350291323,3404.8625,3091.163264970868,347.0442857142857,16501.766499999998,-8.00859401755685,3339.4559999999997,114.67884408204816
2025-02-03,3142.73,3312.9,2522.71,2900.0,57921.782,2025-02-03 23:59:59.999,166866284.74311,21196,10971.645,32563189.08363,0,41.99041305020872,-78.4969950176287,-34.32791928344003,-44.169075734188674,3769.6181157673777,3385.8365,3002.054884232622,378.6378571428572,18808.0978,-16.076792628648487,3247.434,225.25524129306268
2025-02-04,2919.35,3250.0,2741.0,3178.9,25810.349,2025-02-04 23:59:59.999,77722478.61902,19771,16996.365,51700918.84190,0,43.868185222489096,-82.86382437385328,-44.03510030152268,-38.828724072330594,3773.01678244153,3380.3235,2987.63021755847,393.72499999999997,19245.10035,-13.263064837830383,3194.5119999999997,196.98167166007232
2025-02-05,3081.21,3179.0,2801.27,2900.0,23541.961,2025-02-05 23:59:59.999,71738338.17186,24105,7809.039,24650009.91348,0,37.23330912700967,-107.58924538657811,-56.74592931853378,-50.84331606804433,3807.093741604376,3360.0035,2912.9132583956234,406.8135714285714,19280.2539,-21.621833454504184,3098.3540000000003,200.63221072399566
2025-02-06,2921.1,3174.0,2802.01,2951.21,16108.319,2025-02-06 23:59:59.999,49213414.05771,18849,10201.239,31814748.03075,0,32.31028500619581,-121.64979751464944,-69.72670295775693,-51.92309455689251,3820.0430066988374,3337.6800000000003,2855.316993301163,410.33214285714286,19067.8087,-17.588137557420314,3014.568,135.735398735919
2025-02-07,2951.21,3142.0,2951.1,3139.89,19981.565,2025-02-07 23:59:59.999,60901520.56356,12937,9544.100,29547012.58680,0,37.10090458556716,-116.22818111909646,-79.02699859002485,-37.201182529071616,3811.6279661180542,3323.3665,2835.105033881946,399.6821428571428,19319.1567,-12.644218597417629,3014.0,135.06932127614667
2025-02-08,3119.75,3139.99,2677.14,2905.21,38569.031,2025-02-08 23:59:59.999,110764639.61878,17785,13429.536,39206283.82230,0,35.223535996641715,-129.37684997022689,-89.09696886606527,-40.27988110416162,3824.1203140455314,3301.5085,2778.8966859544685,417.88571428571424,20347.289450000004,-18.73970334443764,3015.042,133.98574689122313
2025-02-09,2921.41,3101.8,2825.61,2920.14,18907.109,2025-02-09 23:59:59.999,56634692.06640,18630,8540.072,26206481.14010,0,35.2691075774856,-137.01313639239152,-98.68020237133052,-38.33293402106099,3835.9195161443204,3287.5105000000003,2739.1014838556803,423.74357142857144,20420.208749999998,-7.88492476578026,2963.29,100.71534068849463
2025-02-10,2923.13,3093.88,2681.02,2924.38,36209.466,2025-02-10 23:59:59.999,103256802.34248,24747,9225.047,27595629.02349,0,35.687361175254566,-141.09634499787762,-107.16343089663995,-33.93291410123767,3830.7793091404533,3262.913,2695.0466908595467,394.02642857142865,21673.410849999997,-12.967730223117696,2968.166,97.4215152314902
2025-02-11,2976.96,3064.86,2700.2,3000.51,20550.19,2025-02-11 23:59:59.999,60540960.38157,15437,8845.458,26433435.84859,0,45.6394407047244,-136.61445607057613,-113.0536359314272,-23.56082013914893,3811.9804347677327,3240.1614999999997,2668.3425652322667,382.92428571428576,21931.2306,-12.86478041300882,2978.026,97.77056934476428
2025-02-12,3000.51,3000.51,2810.0,3000.45,18301.064,2025-02-12 23:59:59.999,53572315.35102,7288,6965.448,20677562.66622,0,39.751174030000456,-131.5509310583534,-116.75309495681245,-14.797836101540952,3751.388243720745,3206.9345000000003,2662.4807562792557,368.67500000000007,22024.438749999998,-11.25003327624609,2950.138,46.504073692524024
2025-02-13,3000.45,3000.47,2800.01,2918.49,35306.001,2025-02-13 23:59:59.999,102748358.79531,15583,13319.174,39087937.63947,0,35.02680812229066,-132.62274558087574,-119.9270250816251,-12.69572049925064,3674.151535775419,3167.8585,2661.565464224581,360.19357142857143,23176.925499999998,-13.40152041161495,2952.794,43.58415572200155
2025-02-14,2918.49,3351.74,2900.04,3000.01,27581.067,2025-02-14 23:59:59.999,81078789.07958,11924,19093.440,56335048.55748,0,39.2556433408578,-125.44809604061948,-121.03123927342399,-4.416856767195483,3610.789006378488,3138.8065,2666.8239936215123,377.4707142857143,23786.3343,-4.541274624291613,2968.768,43.25950207757257
2025-02-15,3000.01,3097.82,2690.01,2760.12,33453.404,2025-02-15 23:59:59.999,95268519.91804,14172,11572.047,33646303.30788,0,34.758949451340186,-137.53384815534127,-124.33176104980745,-13.20208710553382,3546.4707074468124,3097.094,2647.7172925531877,394.4814285714286,24840.16515,-4.823448275862073,2935.916,104.46645624314009
2025-02-16,2760.12,3160.0,2760.11,2893.01,63421.761,2025-02-16 23:59:59.999,183667719.42497,15095,52082.477,151101592.25871,0,43.4515817739364,-134.83449328048982,-126.43230749594395,-8.402185784545878,3460.0845595432206,3062.9849999999997,2665.8854404567787,386.19571428571425,25977.965799999998,-8.993362483878068,2914.416,98.75506559159456
2025-02-17,2893.01,3039.94,2840.0,3039.92,31250.407,2025-02-17 23:59:59.999,90641302.23148,8399,18161.995,52893516.40533,0,53.863272405985974,-119.46372244371923,-125.03859048549903,5.574868041779794,3450.4381449299926,3056.4759999999997,2662.5138550700067,344.03499999999997,26671.46345,4.824827586206899,2922.31,108.4528475882495
2025-02-18,3039.94,3039.94,2302.23,2642.27,81722.354,2025-02-18 23:59:59.999,220405642.07353,17770,16220.187,42558985.84669,0,36.09514678827767,-137.78105329874325,-127.58708304814789,-10.193970250595356,3428.6184687400114,3020.584,2612.5495312599883,360.3714285714285,30286.116599999998,-10.468248616669097,2867.066,165.97920963181122
2025-02-19,2642.27,3100.0,2600.01,3100.0,43105.975,2025-02-19 23:59:59.999,120849938.80677,24240,29476.581,83314014.21769,0,54.74275307330398,-114.04800991394723,-124.87926842130778,10.831258507360559,3362.465202765726,3003.4085,2644.351797234274,369.10428571428565,31878.5,-1.2704266709980245,2887.064,190.25044896136373
2025-02-20,3100.0,3180.0,2800.01,2930.92,16465.363,2025-02-20 23:59:59.999,47897499.64530,24654,8365.528,24835159.59602,0,49.544321422956855,-107.64191598097068,-121.43179793324039,13.78988195226971,3293.828906202134,2980.915,2668.001093797866,369.6757142857142,32163.321150000003,0.8849618444105601,2921.224,176.60335141214065
2025-02-21,2930.93,2950.0,2800.01,2874.72,22360.375,2025-02-21 23:59:59.999,64369501.28090,17473,10322.664,30237115.80039,0,43.66794500136111,-105.87939889979543,-118.3213181265514,12.44191922675597,3212.682091510265,2956.144,2699.6059084897347,366.7535714285714,32650.9539,-1.555404877848325,2917.566,177.52088772874052
2025-02-22,2874.78,3198.68,2824.84,2939.86,38658.003,2025-02-22 23:59:59.999,112926925.53097,13722,29019.893,85286867.85562,0,50.90031335581735,-98.09555333591425,-114.27616516842399,16.18061183250974,3187.0504119726957,2946.0005,2704.9505880273045,360.39571428571423,33461.2773,0.5293429718436051,2897.554,165.5134305124521
2025-02-23,2891.66,3250.0,2830.0,3042.81,64991.69,2025-02-23 23:59:59.999,198383628.43299,24380,40741.277,126579610.02042,0,53.04792903818918,-82.66666517804833,-107.95426517034886,25.287599992300528,3196.89900500959,2953.141,2709.38299499041,370.66785714285703,33814.7727,1.4097603407420647,2977.662,91.40802656221962
2025-02-24,3042.45,3094.55,2824.84,2897.99,45504.451,2025-02-24 23:59:59.999,132930970.76067,15929,14266.466,42556110.50679,0,49.387114304691735,-81.18902727455725,-102.60121759119055,21.4121903166333,3159.317550186532,2939.0955,2718.8734498134677,360.44285714285706,34799.4778,-3.4148211101668093,2937.2599999999998,64.50027635599623
2025-02-25,2877.02,3029.88,2467.0,2525.08,74232.515,2025-02-25 23:59:59.999,203478947.82693,20122,16936.379,47516590.32296,0,40.29619832551609,-108.85390894818056,-103.85175586258855,-5.002153085592013,3208.0688240842824,2920.3495,2632.6301759157172,374.6014285714285,37334.0055,-13.4799159839506,2856.0919999999996,195.92860835008435
2025-02-26,2510.81,2779.98,2501.91,2619.0,55790.794,2025-02-26 23:59:59.999,146926473.42216,23923,29021.859,77034612.11433,0,42.50168070861035,-121.79597967311884,-107.44060062469461,-14.355379048424226,3220.816915504989,2903.739,2586.661084495011,380.8557142857141,39318.12925,-12.70029099903001,2804.948,221.55086813190624
2025-02-27,2619.0,2740.0,2504.01,2504.01,79443.791,2025-02-27 23:59:59.999,207008443.40069,15636,44169.931,116047368.42943,0,41.956842350384235,-139.72078175478828,-113.89663685071336,-25.824144904074913,3215.718558059644,2871.945,2528.1714419403565,383.3935714285713,42291.24055,-9.278944393722002,2717.778,240.16064221683425
2025-02-28,2504.01,2679.63,2016.04,2154.27,6518866.586,2025-02-28 23:59:59.999,14079191296.65870,254690,3917530.913,8459866845.17076,0,35.13543914904986,-180.07165766772187,-127.13164101411508,-52.94001665360679,3303.9132107887854,2834.398,2364.882789211215,398.5285714285714,366306.11830000003,-25.53534208315907,2540.07,266.7879940139818
2025-03-01,2154.27,2162.34,2154.25,2154.35,32284.865,2025-03-01 23:59:59.999,69709273.15992,5621,18197.452,39345809.39843,0,38.372981293737844,-209.62711135828022,-143.63073508294812,-65.9963762753321,3352.961198665912,2796.1085000000003,2239.2558013340886,369.9771428571429,366975.0061,-29.13135871996632,2391.342,220.66741778070957
2025-03-02,2154.35,2162.43,2154.35,2157.43,86339.631,2025-03-02 23:59:59.999,186591004.52486,7665,70818.972,153135093.14361,0,35.14099870717517,-230.14848263882232,-160.93428459412297,-69.21419804469934,3379.295508773018,2757.761,2136.226491226982,341.9907142857142,369481.51435,-18.349373833862558,2317.8120000000004,226.14823881694738
2025-03-03,2159.93,2510.52,2046.58,2149.62,70277713.848,2025-03-03 23:59:59.999,159523847958.39537,354002,36918169.497,83894474684.38781,0,30.94473695475365,-244.2267252929364,-177.59277273388568,-66.63395255905073,3381.6535544532658,2715.2165,2048.779445546734,360.8478571428571,3882339.69725,-30.657419354838712,2223.936,156.590967427908
2025-03-04,2149.56,2220.57,1996.61,2152.17,77103781.065,2025-03-04 23:59:59.999,161900833102.39264,307024,38623666.394,81459809666.32702,0,37.37506439979392,-252.2700581382628,-192.52822981476112,-59.74182832350169,3370.0665388765556,2672.8025,1975.5384611234438,324.15142857142854,7736613.6973,-26.570155446071542,2153.568,2.896570387362303
2025-03-05,2152.17,2500.1,1908.92,2221.43,152171563.432,2025-03-05 23:59:59.999,337272234245.47995,596526,76736274.731,172424872016.35595,0,21.705216646377195,-250.17192793858067,-204.05696943952506,-46.114958499055604,3352.964636901916,2637.9494999999997,1922.9343630980834,330.66499999999996,15343426.56885,-22.725343685645907,2167.0,30.562336298273802
2025-03-06,2244.49,2679.79,1955.37,2204.56,410801405.412,2025-03-06 23:59:59.999,949365214974.47986,1328752,211648686.310,501722980386.75031,0,24.0644995429616,-247.02288658055522,-212.65015286773112,-34.3727337128241,3316.878048518067,2598.177,1879.4759514819334,355.26714285714286,35882117.78610001,-25.011395100446965,2177.042,33.47666306561435
2025-03-07,2204.36,2455.02,1938.18,2122.25,287539498.671,2025-03-07 23:59:59.999,625598623519.44188,1151742,145333346.556,323869871712.74428,0,23.62401239457948,-248.30665319087166,-219.7814529323593,-28.52520025851237,3310.8724369174874,2566.2835000000005,1821.6945630825135,381.4707142857143,50257420.04945,-30.25361425787348,2170.006,41.39068168088977
2025-03-08,2122.25,2225.45,2106.53,2183.63,104525056.184,2025-03-08 23:59:59.999,225656453331.78075,461334,54582132.372,118274475307.02833,0,23.422156930278973,-241.5863375358099,-224.14242985304944,-17.443907682760454,3277.452261772147,2530.8145,1784.176738227853,363.26214285714286,55480501.770600006,-24.650188578980593,2176.808,39.97324880477779
2025-03-09,2183.64,2210.15,1997.7,2001.43,105315461.299,2025-03-09 23:59:59.999,222761379700.09438,440697,56298930.044,119446103597.35942,0,15.33170874613829,-248.10248524154986,-228.93444093074953,-19.168044310800326,3220.8800998629595,2478.8900000000003,1736.8999001370412,348.4371428571429,60744712.31520001,-20.737956817209746,2146.66,89.43900826825508
2025-03-10,2002.6,2486.98,1873.0,1990.72,39561587.898,2025-03-10 23:59:59.999,81914182854.88430,176516,24132669.134,50254837315.00877,0,16.834940525365354,-251.23470939571598,-233.39449462374287,-17.84021477197311,3214.8381245119504,2446.3125,1677.7868754880496,373.0278571428571,62718705.5924,-23.98930889652539,2100.518,100.09827006501924
2025-03-11,1985.81,2186.52,1838.23,1907.19,107999044.605,2025-03-11 23:59:59.999,205395063224.93279,450401,66714165.451,127264835013.20389,0,21.352336266609797,-257.48901938093786,-238.21339957518188,-19.27561980575598,3126.1890837241694,2386.672,1647.1549162758306,357.7,68116502.5239,-23.834569350761384,2041.0440000000003,110.61628397306697
2025-03-12,1907.21,2130.0,1831.15,1910.0,107093793.343,2025-03-12 23:59:59.999,202401850844.65812,463944,65676685.972,124555707764.17796,0,14.094721063079831,-259.23061245333747,-242.41684215081304,-16.813770302524432,3057.6994230168457,2335.626,1613.5525769831547,359.1842857142857,73470368.9229,-11.338875814080872,1998.5940000000003,112.37432104360258
2025-03-13,1892.52,1910.79,1839.85,1848.71,113788629.894,2025-03-13 23:59:59.999,212921407537.12132,417125,53288851.509,99957865522.44797,0,14.905421906128808,-262.5301442057489,-246.43950256180023,-16.090641643948686,2990.7520385571147,2284.3255,1577.8989614428851,347.395,79158682.39885001,-14.187109801100096,1931.61,63.84466109246242
2025-03-14,1856.97,2099.99,1848.38,1910.49,125651095.338,2025-03-14 23:59:59.999,239042885549.95065,464081,72021313.488,136874292868.73651,0,31.121642969984194,-257.1951318270885,-248.59062841485792,-8.6045034122306,2886.18532542612,2232.857,1579.52867457388,317.9678571428571,85439304.2656,-11.446026058782897,1913.422,50.55138049560651
2025-03-15,1910.49,1953.0,1905.62,1938.06,115152334.268,2025-03-15 23:59:59.999,222126150765.60783,421161,61951331.481,119538418989.67600,0,33.93448711282774,-247.88496393124842,-248.44949551813608,0.5645315868876537,2719.999791850934,2177.6195,1635.2392081490657,320.77428571428567,91193671.3945,-9.841739470231946,1902.89,32.784155471991404
2025-03-16,1938.06,1940.53,1870.41,1887.74,121346572.769,2025-03-16 23:59:59.999,231192125045.07782,445764,61509548.564,117207970238.68810,0,31.28166687488722,-241.77990402503474,-247.11557721951584,5.335673194481103,2565.1418517303227,2127.107,1689.0721482696772,325.20571428571424,97258724.81040001,-12.286668804044293,1899.0,33.29630384910236
2025-03-17,1886.96,1950.62,1883.36,1927.04,123738440.196,2025-03-17 23:59:59.999,236795585725.16092,458870,66462811.485,127215801282.95312,0,35.19843592062563,-231.10636815520866,-243.91373540665444,12.807367251445783,2501.176267216765,2097.205,1693.2337327832347,296.8714285714285,103441935.19444999,-13.25227443583637,1902.4080000000001,35.50262201601045
2025-03-18,1927.04,1934.03,1875.47,1933.36,84506258.244,2025-03-18 23:59:59.999,160773645622.88382,312927,44265394.447,84232734230.56803,0,35.52173625355651,-219.60606092779267,-239.05220051088207,19.446139583089405,2389.382727191225,2062.923,1736.4632728087745,285.0571428571428,107664458.56695001,-12.301774503755853,1919.3380000000002,20.513235239998707
2025-03-19,1931.89,2045.94,1928.88,2045.94,94860137.298,2025-03-19 23:59:59.999,188922755487.16847,347486,62981622.015,125674356682.00657,0,39.01773533424285,-199.11247479887356,-231.06425536848036,31.951780569606797,2291.9489193114605,2040.0194999999999,1788.0900806885395,251.1914285714285,112403493.2423,-3.595712098009186,1946.4279999999999,59.08386006356754
2025-03-20,2045.0,2080.0,1954.54,1983.15,91976874.27,2025-03-20 23:59:59.999,183848767006.97767,338808,43966049.284,87805212284.83551,0,36.89711086650334,-185.7960472072832,-222.01061373624097,36.21456652895776,2278.6335518626133,2031.4635000000003,1784.2934481373873,208.40857142857138,116676393.62650001,-9.181042575894269,1955.446,60.9004727404569
2025-03-21,1983.12,1996.04,1941.51,1964.94,105593795.71,2025-03-21 23:59:59.999,207960177486.52062,392248,55369489.290,109092155635.12609,0,39.92622856337812,-174.69826436820472,-212.54814386263374,37.84987949442902,2263.794306347692,2021.9929999999997,1780.1916936523078,175.3864285714285,121954469.16875,-1.8231964145635875,1970.886,47.82660326649763
2025-03-22,1964.94,2004.05,1964.41,1979.61,110862723.321,2025-03-22 23:59:59.999,220455753140.45229,424412,58900908.516,117154089185.20149,0,36.10369442022666,-162.84230044165338,-202.6069751784377,39.764674736784315,2246.8785604023524,2013.1019999999996,1779.3254395976467,169.72357142857138,127493288.35325,-0.5580895354444687,1981.4,41.08056535651427
2025-03-23,1980.75,2019.43,1978.28,2004.06,113426765.514,2025-03-23 23:59:59.999,227040650853.67361,436370,60268488.866,120667091803.50292,0,50.22816788992416,-149.74725975342517,-192.0350320934352,42.28777234001004,2230.5951063466373,2005.824,1781.0528936533628,157.48785714285714,129650740.93654999,5.079200289431042,1995.5400000000002,31.449910174922195
2025-03-24,2004.06,2099.17,1981.9,2075.62,119683330.468,2025-03-24 23:59:59.999,247298461658.08121,450482,64113193.525,132470965282.31247,0,56.6621676763238,-132.07260098340703,-180.04254587142958,47.96994488802255,2218.738438940435,2001.9965,1785.2545610595646,122.00857142857139,131779718.40670002,8.671204188481669,2001.4759999999999,43.74029412350361
2025-03-25,2072.88,2094.15,2041.24,2066.99,123028523.947,2025-03-25 23:59:59.999,254113736401.99598,478912,62871661.423,129900091484.63104,0,64.21000213416801,-117.40826603842493,-167.51568990482866,50.107423866403735,2187.8674434851328,1994.2745000000002,1800.6815565148677,100.90999999999997,130322566.43245001,11.80715201410712,2018.244,50.5056088965415
2025-03-26,2066.99,2230.0,2001.07,2006.69,145057132.33,2025-03-26 23:59:59.999,295661891784.02658,3056686,66494671.534,135707931886.84250,0,57.80047436952419,-109.39138520075062,-155.89082896401305,46.499443763262434,2151.0815561064037,1984.3809999999999,1817.6804438935958,95.91571428571426,117035352.77835,5.035357421394513,2026.5939999999998,42.26946924211754
2025-03-27,2006.69,2032.44,2006.51,2023.16,200955408.073,2025-03-27 23:59:59.999,406792815139.36660,1785880,81524202.572,165066407404.37622,0,65.1708844247326,-100.54988157920229,-144.8226394870509,44.272757907848614,2134.3479513734546,1979.4265,1824.5050486265454,92.70071428571427,112706148.24845,4.390988927071408,2035.304,33.80757208097347
2025-03-28,2026.02,2350.0,1858.84,1898.08,578479715.158,2025-03-28 23:59:59.999,1160672797934.84795,1461015,62148919.994,121998791442.79724,0,49.02781041911476,-102.4548017437537,-136.34907193839146,33.894270194637755,2090.6747239137767,1965.1490000000001,1839.6232760862238,109.81142857142858,136403881.19715,0.5477449224999162,2014.1080000000002,71.02762540033602
2025-03-29,1896.59,1999.46,1803.29,1828.96,128351612.988,2025-03-29 23:59:59.999,238655460368.55009,476093,71131951.009,132315783929.46758,0,41.97558105325096,-108.29353062773248,-130.73796367625965,22.444433048527173,2094.6240138030216,1956.5255000000002,1818.4269861969788,120.43928571428572,137555688.7816,-5.089671205579538,1964.7759999999998,98.1166638752614
2025-03-30,1828.96,1989.0,1780.0,1807.17,123541465.993,2025-03-30 23:59:59.999,225520951022.65509,464267,71785709.611,131138730339.22116,0,43.81439341594117,-113.37215262369637,-127.264801465747,13.892648842050633,2099.5538641372286,1947.348,1795.1421358627715,130.35928571428573,141754682.68635,-6.526978938221534,1912.812,99.24487629097854
2025-03-31,1806.83,2085.87,1620.0,1822.68,120546417.958,2025-03-31 23:59:59.999,219277122840.87405,890763,68595984.261,124906169087.35378,0,41.68419710588386,-114.82187467040603,-124.77621610667882,9.954341436272784,2104.4419394749034,1943.1225000000002,1781.803060525097,158.8314285714286,142382051.354,-10.912343470483005,1876.0099999999998,89.35455276600102
2025-04-01,1822.68,2055.81,1821.95,1904.61,39485643.482,2025-04-01 23:59:59.999,72639093412.77022,691809,26962426.765,49622071456.98489,0,47.955453782588286,-108.11345889879226,-121.44366466510151,13.330205766309248,2104.423240498064,1942.8529999999998,1781.282759501936,171.35285714285715,139001643.86095,-3.960366084259899,1852.3,45.527358258659554
2025-04-02,1904.54,2139.13,1855.68,1859.0,7134576.307,2025-04-02 23:59:59.999,13378488477.16548,377723,3773628.400,7101910886.76524,0,35.30623152864237,-105.26391994497772,-118.20771572107675,12.943795776099037,2103.7365509414626,1943.3674999999998,1782.9984490585373,183.23785714285714,133668941.1816,-5.391513226866981,1844.484,38.51815714714854
2025-04-03,1866.0,2048.0,1783.07,1815.85,2769049.527,2025-04-03 23:59:59.999,5159508644.96426,201304,1408940.532,2690608466.11915,0,36.43102777056836,-105.27395159147613,-115.62096289515664,10.347011303680503,2108.399144173371,1938.6354999999999,1768.8718558266287,193.20000000000002,127524838.89105001,-8.27233647031486,1841.8619999999999,40.24652370096655
2025-04-04,1815.85,1900.0,1597.56,1816.2,2762804.774,2025-04-04 23:59:59.999,4978196656.54071,317492,1407735.238,2556438714.82539,0,37.576425779292364,-104.05418776361648,-113.3076078688486,9.253420105232124,2110.9218581251143,1932.5425,1754.163141874886,210.90785714285718,121905362.41634998,-9.373970839196428,1843.6680000000001,38.46370328000728
2025-04-05,1816.2,1890.0,1784.03,1812.0,1001892.551,2025-04-05 23:59:59.999,1819927204.09854,86445,661506.447,1207958801.03755,0,35.751083907166546,-102.24777236841464,-111.09564076876181,8.847868400347167,2114.2151458273083,1928.7555,1743.2958541726919,215.64571428571435,115888128.40544999,-12.700783380387543,1841.532,40.17891076189682
2025-04-06,1812.0,1970.0,1570.0,1602.51,3329863.412,2025-04-06 23:59:59.999,5781490760.19054,261010,1847888.938,3269473692.26964,0,24.032902650060137,-116.3787258637019,-112.15225778774983,-4.22646807595207,2148.52399476376,1912.529,1676.5340052362399,241.27785714285716,109867699.56625001,-22.471323034944525,1781.1119999999999,101.68232378350328
2025-04-07,1600.0,1758.88,1360.0,1568.37,7911912.736,2025-04-07 23:59:59.999,12408520768.52011,642158,5048333.856,8015702129.05173,0,15.529309430936294,-128.84715124190438,-115.49123647858075,-13.35591476332364,2175.5904835991937,1894.2795,1612.9685164008065,261.3928571428572,106037982.29085,-21.84293538115006,1722.986,126.15133621969252
2025-04-08,1568.99,1699.99,1490.0,1492.91,5019159.418,2025-04-08 23:59:59.999,7972475126.02788,376947,2857932.192,4619013184.19525,0,14.236232245203098,-143.16711811950609,-121.02641280676582,-22.140705312740266,2190.648739855802,1866.628,1542.6072601441977,272.6128571428572,101545933.39684999,-26.208999782518433,1658.398,147.5718749288451
2025-04-09,1493.1,1669.0,1413.58,1657.99,9157487.759,2025-04-09 23:59:59.999,13900348229.19305,798377,4927151.687,7566118878.82453,0,30.78533800612753,-139.58615634988314,-124.7383615153893,-14.84779483449384,2182.3071616497145,1850.3700000000001,1518.4328383502857,274.50500000000005,97404964.0713,-12.64909803590997,1626.7559999999999,119.58516580251533
2025-04-10,1656.83,1688.87,1438.22,1528.31,6551132.185,2025-04-10 23:59:59.999,10275333963.82805,639114,3118592.765,4903378746.04340,0,25.756670161377244,-145.53467739818575,-128.8976246919486,-16.637052706237142,2185.257436228604,1828.5385,1471.8195637713961,290.55642857142857,92452830.89505,-16.43830373545622,1570.018,64.19252230607371
2025-04-11,1528.31,1638.0,1413.31,1561.26,7401608.532,2025-04-11 23:59:59.999,11450691024.04380,586951,2798444.412,4398251341.76110,0,31.861361824957456,-145.90819471639202,-132.2997386968373,-13.608456019554723,2175.915578830105,1807.6210000000003,1439.3264211698956,271.52285714285716,87279775.1556,-13.607463603313471,1561.768,61.56983774557044
2025-04-12,1561.26,1618.0,1476.0,1605.88,2813291.29,2025-04-12 23:59:59.999,4426258348.39890,266702,1187801.069,1900526073.17222,0,37.66095844948892,-140.9786348407256,-134.03551792561495,-6.943116915110636,2154.3404637410417,1787.712,1421.0835362589582,267.65357142857147,81749101.4444,-11.894572826826428,1569.27,64.77704415929908
2025-04-13,1576.1,1660.0,1508.0,1596.12,2784953.553,2025-04-13 23:59:59.999,4388090038.72477,195590,997074.913,1595044433.85818,0,38.168914600921596,-136.28842542428401,-134.48609942534875,-1.8023259989352596,2113.4130937358714,1763.7370000000003,1414.0609062641292,263.5821428571429,75904182.59865001,-16.19701671208279,1589.9119999999998,48.84637622194239
2025-04-14,1596.33,1699.99,1540.01,1621.72,1935991.528,2025-04-14 23:59:59.999,3118903224.29549,118250,977719.305,1589967372.32749,0,38.86055741557838,-129.01845023562714,-133.39256958740444,4.374119351777296,2065.621512862963,1741.4734999999996,1417.3254871370366,241.73285714285717,69849555.97770001,-12.7638515330823,1582.658,37.60952698473654
2025-04-15,1621.92,1645.45,1560.0,1600.0,1085908.741,2025-04-15 23:59:59.999,1745750758.18483,109152,259498.887,420453598.52137,0,31.90743754528934,-123.58495457231311,-131.43104658438617,7.846092012073058,2025.665140673559,1721.139,1416.6128593264407,231.1321428571429,62650994.79825,-11.886995071178783,1596.9959999999999,22.23204174194189
2025-04-16,1604.96,1640.0,1430.0,1574.78,1680139.026,2025-04-16 23:59:59.999,2637292164.53232,132306,554774.798,887326195.55111,0,32.69947164666068,-119.93141860165565,-129.13112098784006,9.199702386184413,1974.2668631072897,1698.72,1423.1731368927103,225.88571428571433,52687231.3459,-13.292588921924903,1599.7,17.007245515232967
2025-04-17,1575.05,1620.0,1460.0,1575.0,991669.546,2025-04-17 23:59:59.999,1544902659.76340,101966,352537.916,557314482.04653,0,34.530950943493195,-115.68467197391419,-126.4418311850549,10.757159211140703,1946.5404983214398,1682.566,1418.5915016785602,218.3907142857143,23812829.0653,-13.079470198675496,1593.5240000000001,19.609744516833718
2025-04-18,1575.16,1575.67,1510.0,1572.63,410913.481,2025-04-18 23:59:59.999,635621933.29385,47424,159345.130,250741820.52283,0,34.39674059268941,-111.2281648214223,-123.3990979123284,12.170933090906104,1928.638426515747,1669.7495,1410.8605734842529,201.47857142857146,17415794.08995,-1.8645749480502387,1588.8259999999998,21.550129466329167
2025-04-19,1572.63,1770.0,1526.0,1593.99,935557.753,2025-04-19 23:59:59.999,1479485269.50722,46830,486396.089,778294914.99437,0,36.33457444808003,-104.76511033076463,-119.67230039601566,14.90719006525103,1911.6330799196542,1659.0904999999998,1406.5479200803454,211.3378571428572,11285498.67795,1.633543105262159,1583.2800000000002,12.73276678556622
2025-04-20,1593.99,1770.6,1512.01,1579.28,717948.016,2025-04-20 23:59:59.999,1132387123.72646,47282,339557.143,544155167.84428,0,48.07344623397303,-99.68100655226272,-115.67404162726507,15.993035075002354,1889.5336198319235,1646.9204999999997,1404.307380168076,201.2371428571429,5294075.18085,5.785345399253798,1579.136,8.646839307843653
2025-04-21,1579.93,1649.99,1551.0,1579.35,1045333.725,2025-04-21 23:59:59.999,1675277970.76220,89899,513642.684,832018237.71044,0,50.96515593685172,-94.55618442890955,-111.45047018759396,16.89428575868442,1842.1497115147984,1630.6574999999998,1419.1652884852012,179.8164285714286,3372059.693,-4.7430925397620065,1580.05,8.306103178726993
2025-04-22,1579.44,1745.0,1569.0,1688.0,1133760.748,2025-04-22 23:59:59.999,1867957801.99188,134474,616538.676,1021980429.58931,0,66.20321921562763,-80.79621057809004,-105.31961826569317,24.523407687603125,1806.8681438920898,1622.1074999999998,1437.3468561079098,177.38857142857142,3072018.91505,10.448796382932786,1602.65,48.347351013425566
2025-04-23,1682.47,1939.99,1600.18,1779.0,2366733.779,2025-04-23 23:59:59.999,4102099717.43059,134632,1338893.163,2349044319.33324,0,61.460799727236555,-61.83559048895131,-96.6228127103448,34.78722222139349,1797.4711290963558,1620.2649999999999,1443.058870903644,183.41642857142855,3051903.12765,13.94642788516967,1643.9240000000002,88.0770573419371
2025-04-24,1776.4,1956.0,1570.0,1763.73,3719100.836,2025-04-24 23:59:59.999,6499580778.65716,139741,1691089.558,3053441975.32410,0,78.4653704778487,-47.49384437365484,-86.79701904300681,39.303174669351975,1783.8459301482155,1617.6415,1451.4370698517844,193.08428571428573,3099717.93075,9.829501581687293,1677.872,96.34315216980634
2025-04-25,1763.73,1890.0,1650.01,1779.99,742150.198,2025-04-25 23:59:59.999,1295836298.57046,109939,341655.775,605503036.29389,0,77.5596603079404,-34.41909919074601,-76.32143507255466,41.90233588180865,1774.8153594434643,1616.041,1457.2666405565355,194.17714285714283,3086730.8131,11.519810540560869,1718.014,86.28269600571119
2025-04-26,1779.99,1810.0,1701.01,1809.0,685182.825,2025-04-26 23:59:59.999,1216700396.42160,60228,370070.591,662750994.65168,0,76.64078484864379,-21.46892448401377,-65.35093295484648,43.882008470832716,1806.8107641861502,1626.3655,1445.92023581385,191.8192857142857,2954496.78375,11.548232740547073,1763.944,45.50202555945609
2025-04-27,1807.12,1811.0,1732.01,1790.26,503566.018,2025-04-27 23:59:59.999,894893958.21467,62797,219986.935,394772796.94252,0,74.87698616094312,-12.573044876357244,-54.795355339148635,42.22231046279139,1829.7856635032026,1637.46,1445.1343364967975,186.6042857142857,2584079.4478499996,11.89125,1784.396,16.69847687704305
2025-04-28,1790.25,1930.0,1710.0,1789.28,1071728.301,2025-04-28 23:59:59.999,1912441466.12870,98960,555164.439,1004102961.36436,0,72.9170085890913,-5.538232706525378,-44.94393081262398,39.405698106098605,1843.3758105951126,1652.2785,1461.1811894048872,190.89142857142855,2386707.892,13.62095022796835,1786.452,16.499677876040963
2025-04-29,1790.0,1899.0,1723.01,1798.09,477979.559,2025-04-29 23:59:59.999,859728509.03237,131605,179391.396,325028238.81433,0,78.08432812544305,0.7392780556679099,-35.80728903896561,36.54656709463352,1861.2258246762126,1659.2835,1457.3411753237874,197.35857142857142,1952732.482,14.16444444444444,1793.3239999999998,10.862657594393248
2025-04-30,1798.09,1819.9,1730.0,1792.8,575761.086,2025-04-30 23:59:59.999,1021049659.31131,110850,182646.360,325637318.98412,0,82.76131514095091,5.227136595213324,-27.60040391212982,32.827540507343144,1872.9722962930439,1672.5079999999998,1472.0437037069557,188.78,1653963.9270499998,14.000114457946234,1795.886,8.087785853557014
2025-05-01,1792.76,1880.0,1723.01,1830.0,1053054.936,2025-05-01 23:59:59.999,1893342707.81982,97942,409416.147,748988549.55824,0,84.48555663745539,11.651217939926028,-19.750079541718648,31.401297481644676,1890.986582483197,1685.9450000000002,1480.9034175168033,188.565,1336536.24725,14.806240942540416,1800.086,17.067784859580993
2025-05-02,1830.0,1860.68,1750.0,1819.98,910254.463,2025-05-02 23:59:59.999,1653097754.65218,79149,372032.479,682249483.34234,0,82.77287542729947,15.75223645284973,-12.649616342804972,28.4018527956547,1906.3930892653743,1696.65,1486.9069107346259,191.78,1241384.4059000001,15.24112253685224,1806.03,17.94298191530227
2025-05-03,1819.98,1833.84,1725.0,1799.99,1268107.958,2025-05-03 23:59:59.999,2269949820.45001,49812,579722.707,1049690100.76301,0,77.3936170212766,17.191128604538108,-6.681467353336355,23.872595957874463,1915.8297762828784,1706.8435000000002,1497.857223717122,182.1257142857143,1165542.12615,13.970304239085706,1808.172,15.974829263965113
2025-05-04,1799.99,1824.98,1740.0,1790.0,798457.962,2025-05-04 23:59:59.999,1437566056.25277,51947,439311.463,797755147.55523,0,78.37750484809308,17.32563238600892,-1.8800474054672989,19.205679791476218,1923.3620222070033,1715.2575000000002,1507.152977792997,169.72499999999997,1108665.44785,6.042654028436019,1806.554,17.580286687447845
2025-05-05,1790.0,1840.0,1732.02,1816.01,948426.142,2025-05-05 23:59:59.999,1702037432.10758,83989,396768.948,717475538.18148,0,79.78953728412468,19.30844153233511,2.3576503820931842,16.950791150241926,1931.3789793773626,1726.0579999999998,1520.737020622637,170.36714285714288,1101791.3179000001,2.080382237211916,1811.196,16.03721079280297
2025-05-06,1817.0,1840.0,1743.0,1816.4,880370.393,2025-05-06 23:59:59.999,1574985339.95467,103149,609991.042,1093258279.21281,0,72.21760797342193,20.672996373104752,6.020719580295499,14.652276792809253,1934.2066463174897,1738.139,1542.07135368251,164.72428571428574,1061802.88625,2.9862847487994237,1808.4759999999999,12.89639213163246
2025-05-07,1816.43,1858.99,1728.97,1800.0,1110103.091,2025-05-07 23:59:59.999,1998665709.13306,104138,404855.827,737608379.84244,0,54.89830192200038,20.198240235553158,8.856223711347033,11.342016524206125,1931.3567121037424,1749.389,1567.4212878962574,149.73928571428573,1067724.5635,1.1241636188967348,1804.48,11.45565580893918
2025-05-08,1799.35,2149.99,1733.93,2143.66,2621869.96,2025-05-08 23:59:59.999,5017131620.35164,153584,1449404.858,2824550349.73936,0,85.00046061722708,47.01057385729405,16.487093740536437,30.52348011675761,2014.2210172689956,1777.9405000000002,1541.6599827310047,151.88642857142855,1178272.38745,18.499723604201208,1873.214,151.59652594968
2025-05-09,2147.96,2450.27,1968.6,2318.37,2829940.388,2025-05-09 23:59:59.999,6326996932.99530,237809,1076771.524,2439151174.53170,0,88.38990302338847,81.41863496997098,29.47340198642335,51.945232983547626,2137.6845685135477,1814.1594999999998,1490.6344314864518,169.14928571428572,1272991.5192,29.49906717460033,1978.8880000000001,238.3958629465089
2025-05-10,2314.02,2499.0,2161.96,2499.0,1557528.852,2025-05-10 23:59:59.999,3611820273.11578,152052,814907.498,1938452240.81807,0,90.4540231232851,121.85790068537358,47.950301726213404,73.90759895916017,2287.799841309555,1860.1454999999999,1432.4911586904445,185.43857142857146,1314970.561,39.66511669498346,2115.486,307.417684722283
2025-05-11,2499.0,2499.0,2287.0,2449.99,1453490.292,2025-05-11 23:59:59.999,3492607279.19876,152085,621145.387,1525558534.32207,0,87.35349737852312,148.24276242039969,68.00879386505066,80.23396855534902,2384.8796875468356,1903.6775000000002,1422.4753124531649,194.9392857142857,1335378.38935,36.2551373957922,2242.204,282.92037948866005
2025-05-12,2449.99,2531.9,2337.01,2458.95,1884472.234,2025-05-12 23:59:59.999,4563746011.84975,202715,792636.122,1952381194.03489,0,87.57673358995362,167.94004426498827,87.99504394503819,79.94500031995008,2471.7692748348704,1942.225,1412.6807251651294,193.1457142857143,1372913.9636499998,37.15696117804551,2373.994,145.57403178453856
2025-05-13,2458.95,2531.9,2330.01,2517.99,1833587.259,2025-05-13 23:59:59.999,4421535890.66456,276407,992376.312,2426819396.52339,0,88.23966854350364,186.16828452197365,107.6296920604253,78.53859246154835,2561.2830147334025,1979.1744999999999,1397.0659852665972,194.99571428571426,1346256.63765,37.5950819672131,2448.8599999999997,78.1404210380578
2025-05-14,2517.98,2589.99,2367.95,2446.99,1294547.768,2025-05-14 23:59:59.999,3174582007.08515,311898,628336.929,1577081386.80037,0,82.48180256402615,192.66427578289404,124.63660880491906,68.02766697797497,2621.8095868007476,2013.3375,1404.8654131992523,204.43428571428564,1225028.9842500002,34.4514774887636,2474.584,31.980218573434378
2025-05-15,2446.98,2498.0,2370.0,2462.0,1552307.625,2025-05-15 23:59:59.999,3775719721.88110,381114,762033.075,1884088410.43073,0,82.08708190329196,196.75550226044834,139.06038749602496,57.69511476442338,2676.9276735275043,2047.4379999999996,1417.948326472495,202.36357142857136,1265536.8556,36.77853765854255,2467.1839999999997,29.066103626126527
2025-05-16,2461.99,2605.0,2390.0,2531.75,1396999.489,2025-05-16 23:59:59.999,3471018796.33466,310358,676985.462,1702270095.91918,0,84.0706524340625,203.2827537484418,151.90486074650832,51.37789300193347,2737.922742194265,2083.5755,1429.2282578057345,209.8149999999999,1301127.6888000001,41.438547486033514,2483.536,38.45630221439043
2025-05-17,2531.99,2569.95,2410.93,2473.85,778424.772,2025-05-17 23:59:59.999,1929061981.03373,142417,361649.498,903510191.74879,0,81.12632337453576,201.46128122480786,161.81614484216823,39.645136382639635,2778.9698988832133,2117.755,1456.540101116787,213.39928571428567,1314870.6265,36.22447012956977,2486.5159999999996,36.607697004926365
2025-05-18,2473.85,2703.01,2400.92,2499.49,1375716.86,2025-05-18 23:59:59.999,3425212143.94945,187211,653634.606,1646658109.81487,0,82.30505140650752,199.78370268093704,169.409656409922,30.374046271015033,2816.484174629848,2153.2655,1490.0468253701522,228.90714285714284,1330070.0544500002,37.60680466857519,2482.816,33.428116608695426
2025-05-19,2499.49,2699.99,2230.01,2470.0,1966229.713,2025-05-19 23:59:59.999,4779253307.80023,408598,932019.008,2297792147.52281,0,79.68391143710454,193.84014453196733,174.29575403433108,19.544390497636243,2842.3524997368368,2186.861,1531.3695002631628,254.76428571428565,1404482.5621500001,37.22222222222222,2487.418,28.480745601273835
2025-05-20,2470.0,2760.6,2299.9,2522.43,1422142.34,2025-05-20 23:59:59.999,3556982033.62635,395735,830082.453,2104963321.14528,0,80.6003658018602,191.15695630092932,177.66799448765076,13.488961813278564,2867.609973022361,2223.3424999999997,1579.0750269776386,280.7428571428571,1446801.62485,17.66931323064292,2499.504,27.811957500404976
2025-05-21,2522.52,2590.0,2311.0,2550.45,1273963.959,2025-05-21 23:59:59.999,3180206900.22139,471323,589288.387,1484684234.46068,0,82.20124436816133,189.1115301221853,179.9567016145577,9.154828507627599,2891.481132551182,2259.365,1627.2488674488177,291.3842857142857,1457847.076,10.010481502089828,2503.244,33.837007550968295
2025-05-22,2550.45,2760.0,2413.0,2640.0,1356298.129,2025-05-22 23:59:59.999,3520938342.71518,384510,539280.379,1424191852.11363,0,77.23730710977456,192.49746083545142,182.46485345873646,10.032607376714964,2918.7107358841804,2300.366,1682.0212641158193,286.45142857142855,1480149.2593,5.642256902761105,2536.4739999999997,64.9938537863688
2025-05-23,2635.64,2760.0,2420.0,2509.99,2040126.663,2025-05-23 23:59:59.999,5179795210.00968,379606,760619.550,1953247011.16432,0,61.05789206407828,182.58538420527066,182.4889596080433,0.09642459722735452,2913.4334194192625,2335.8659999999995,1758.2985805807366,276.33214285714286,1518750.19455,2.448989587712603,2538.5739999999996,63.65598974176632
2025-05-24,2504.96,2600.0,2350.0,2489.24,632597.502,2025-05-24 23:59:59.999,1566655698.93204,193191,307235.501,768933390.38541,0,49.309329710144915,171.08349642714848,180.20786697186435,-9.124370544715873,2891.077262913459,2370.828,1850.5787370865407,270.11499999999995,1510457.1715499999,1.2318265926513334,2542.422,58.87646957829436
2025-05-25,2489.04,2538.0,2311.0,2537.99,908528.618,2025-05-25 23:59:59.999,2222200891.28589,198330,273558.181,679745221.59836,0,56.229647458587,164.01126530266947,176.9685466380254,-12.95728133535593,2861.0749051956304,2406.927,1952.77909480437,271.18642857142856,1508462.2953499998,0.7942843299615964,2545.5339999999997,57.95967244562191
2025-05-26,2537.98,2710.0,2380.0,2559.99,1097054.753,2025-05-26 23:59:59.999,2759357806.76092,234710,476600.127,1215131309.67864,0,57.023104512469764,158.35625498801892,173.24608830802413,-14.88983332000521,2807.3517727564354,2444.1065,2080.8612272435644,280.8371428571428,1519296.51335,4.617918340491788,2547.442,58.31788122011776
2025-05-27,2559.99,2709.0,2400.0,2650.99,1207914.669,2025-05-27 23:59:59.999,3099687108.31587,478820,351971.060,922187627.19451,0,58.85132437109011,159.38032092396998,170.4729348312133,-11.092613907243333,2701.1160363112836,2486.656,2272.1959636887163,288.48785714285714,1524187.0922500002,7.676279447603565,2549.6399999999994,62.71951450707932
2025-05-28,2650.55,2664.65,2460.0,2609.99,971185.979,2025-05-28 23:59:59.999,2493472602.30780,345406,341028.674,883697054.09233,0,61.29904339387217,155.0956965612654,167.39748717722375,-12.301790615958339,2658.7634838627637,2509.9725,2361.181516137236,287.24571428571426,1441652.8932,3.0903525229584194,2569.6400000000003,62.858869700333614
2025-05-29,2609.98,2709.0,2462.0,2619.5,1418375.527,2025-05-29 23:59:59.999,3707571285.90149,409631,342274.467,916339042.24433,0,61.00167644593462,150.72995728494425,164.06398119876786,-13.334023913823614,2651.445093728556,2525.029,2398.612906271444,295.74571428571426,1371074.65015,5.8875841299998015,2595.692,45.91643518396482
2025-05-30,2619.97,2730.0,2509.99,2529.59,1439016.483,2025-05-30 23:59:59.999,3721061544.54481,350591,489285.596,1274381382.29064,0,49.853252894179036,138.41947828173033,158.93508061536036,-20.515602333630028,2652.3874507767873,2526.5585,2400.729549223213,296.1035714285714,1365149.0317000002,1.2042456661159022,2594.012,48.62899772772673
2025-05-31,2529.42,2710.0,2475.0,2527.02,601011.564,2025-05-31 23:59:59.999,1524959142.41820,199736,336005.062,857320144.56546,0,53.90594008492132,126.9920719027823,152.54647887284477,-25.554406970062473,2650.976373770275,2530.41,2409.8436262297246,301.5307142857142,1322525.0953,2.3085020242914975,2587.4179999999997,56.062788639197365
2025-06-01,2526.93,2648.73,2500.0,2537.26,742068.659,2025-06-01 23:59:59.999,1887066471.15704,200866,308566.756,791774448.40784,0,52.838867760022886,117.40863873519947,145.51891084531573,-28.110272110116256,2650.112016708477,2534.3255,2418.538983291523,290.57642857142855,1265404.91655,0.5879251356826704,2564.6719999999996,45.988227515349585
2025-06-02,2537.25,2730.0,2486.0,2605.48,1611957.519,2025-06-02 23:59:59.999,4133794703.09956,283377,1235926.249,3184567467.44070,0,59.62270583555883,114.00431202287336,139.21599108082725,-25.211679057953887,2658.4315833103738,2538.7,2418.968416689626,274.435,1254323.42955,2.1576584524299713,2563.7699999999995,44.90871852996445
2025-06-03,2605.56,2675.0,2541.0,2591.5,1012022.56,2025-06-03 23:59:59.999,2657844818.50030,258146,611247.979,1611325728.50756,0,55.189253354570184,108.92269637050549,133.1573321387629,-24.23463576825742,2659.6447351405727,2545.9255,2432.206264859427,251.09928571428574,1240197.16915,-1.8371212121212122,2558.1699999999996,37.32791180877426
2025-06-04,2591.45,2675.0,2521.0,2605.94,796173.993,2025-06-04 23:59:59.999,2090042863.69188,283660,443885.529,1168887561.04695,0,54.25582501188779,104.85199810873019,127.49626533275637,-22.64426722402618,2662.6185903647606,2553.1225,2443.6264096352393,242.1707142857143,1202390.4875500002,3.8227243933242874,2573.4399999999996,38.317045815191385
2025-06-05,2605.94,2828.29,2400.0,2435.0,1482946.526,2025-06-05 23:59:59.999,3784932817.56741,393395,571749.058,1481754697.19158,0,36.02247313587521,86.83157071721098,119.36332640964729,-32.531755692436306,2669.661086866657,2548.285,2426.9089131333426,247.97714285714287,1206687.8394000002,-2.178978322700896,2555.036,72.78403863487972
2025-06-06,2435.13,2753.89,2400.0,2517.66,1140978.304,2025-06-06 23:59:59.999,2910160812.59460,306176,704482.447,1814404508.55970,0,50.55906234966545,78.31742879260537,111.1541468862389,-32.836718093633536,2667.705897795422,2550.4754999999996,2433.245102204577,248.9692857142857,1224815.516,-0.8010275848210563,2551.116,74.48861040456929
2025-06-07,2519.94,2726.06,2517.66,2548.38,476457.373,2025-06-07 23:59:59.999,1234485185.67762,43453,290540.097,764512018.13555,0,54.248929505417145,73.20489675717226,103.56429686042559,-30.35940010325332,2667.686992870495,2552.92,2438.153007129505,245.99785714285716,1179852.54165,-0.45351739655231754,2539.696,68.18022352562234
2025-06-08,2550.58,2616.56,2489.1,2541.8,600946.134,2025-06-08 23:59:59.999,1537997673.20383,48132,354658.124,913413565.13148,0,50.29138687917772,67.84020759257783,96.41947900685605,-28.579271414278224,2664.656697250636,2556.5099999999998,2448.3633027493634,238.88785714285717,1111588.3627,-4.118838622552315,2529.756,62.09051038608013
2025-06-09,2541.8,2708.0,2512.8,2677.93,766940.53,2025-06-09 23:59:59.999,1985900215.00538,283519,544929.213,1419612191.09421,0,57.67938533663237,73.7233689867835,91.88025700284155,-18.156888016058048,2683.869342488164,2564.285,2444.7006575118357,229.2592857142857,1078828.2722,2.6030751075674643,2544.154,87.37268783781211
2025-06-10,2677.97,2820.0,2570.93,2809.99,1058264.029,2025-06-10 23:59:59.999,2876023454.27259,556188,430004.303,1179262337.04998,0,59.82743275316455,88.02723197099795,91.10965199647283,-3.082420025474889,2739.313622911736,2577.2619999999997,2415.2103770882636,224.97857142857143,1068043.2757,7.2719984729910205,2619.152,123.65944108721732
2025-06-11,2809.98,2846.0,2600.0,2770.97,1772369.359,2025-06-11 23:59:59.999,4912238662.64536,484510,688946.125,1931696361.77751,0,59.974224887853474,95.11809633787834,91.91134086475394,3.206755473124403,2765.884825999928,2583.8105,2401.736174000072,227.93214285714288,1088846.8372,9.542257836250128,2669.814,123.57337629927586
2025-06-12,2770.92,2964.49,2469.91,2642.82,1796906.979,2025-06-12 23:59:59.999,4890919140.69050,327611,543503.238,1491264965.85451,0,51.25969620362569,89.36685792061508,91.40244427592617,-2.0355863553110964,2770.8713946393036,2590.452,2410.032605360697,245.61642857142857,1076685.8530000001,4.582472635752791,2688.7019999999998,106.39571687808798
2025-06-13,2642.83,2770.71,2447.52,2577.61,2445445.287,2025-06-13 23:59:59.999,6305491585.65605,285801,1630460.715,4238683946.88268,0,52.66505350086578,78.64053884246778,88.8500631892345,-10.209524346766727,2769.074606238728,2594.8705,2420.666393761272,252.9864285714286,1167328.2422500001,1.5902981956914113,2695.864,94.58456258820557
2025-06-14,2577.6,2615.46,2292.96,2379.9,732581.348,2025-06-14 23:59:59.999,1826884711.03359,109128,328805.669,826724679.49315,0,43.288688575442954,53.56880123032988,81.79381079745359,-28.225009567123706,2784.7835063720995,2586.966,2389.1484936279003,259.2364285714286,1158530.87875,-8.657905645025098,2636.2580000000003,171.41484961928708
2025-06-15,2376.43,2600.0,2350.21,2541.89,661415.311,2025-06-15 23:59:59.999,1671679362.06041,95887,262420.301,666216856.70687,0,50.185525039869844,46.23751049454859,74.68255073687259,-28.445040242323998,2784.5625701274553,2586.061,2387.559429872545,266.455,1136748.9066499998,-1.914335327030682,2582.638,143.07270204341359
2025-06-16,2541.89,2660.51,2410.0,2537.22,1362913.608,2025-06-16 23:59:59.999,3519828018.42034,254386,354187.987,925311975.93680,0,47.1180315133501,39.59416293238883,67.66487317597583,-28.070710243587,2777.5558963195613,2580.3725,2383.1891036804386,266.92,1144498.8535999998,-2.6370522728842665,2535.888,96.88296067938822
2025-06-17,2537.2,104454.9,2470.01,2498.06,549196.734,2025-06-17 23:59:59.999,1404903049.00157,179292,199702.908,513266564.77970,0,46.137055166027245,30.81417082035614,60.29473270485189,-29.48056188449575,2774.753825654722,2574.776,2374.798174345278,7541.983571428572,1123399.39135,2.5897330595482524,2506.9359999999997,76.40459037259586
2025-06-18,2527.21,2660.41,2461.0,2523.83,1141144.532,2025-06-18 23:59:59.999,2858393821.67359,191780,503607.267,1267339138.94688,0,46.636958640857806,25.639827475369657,53.363751658955444,-27.723924183585787,2770.042752831134,2569.9925,2369.942247168866,7545.227142857143,1109537.8416000002,0.24506883375833405,2496.18,67.19892298247254
2025-06-19,2522.31,2600.0,2465.0,2520.06,799261.727,2025-06-19 23:59:59.999,2014667326.73945,210361,446817.280,1130541058.37007,0,54.03663629460896,20.99292226234138,46.88958577963263,-25.896663517291252,2770.016344601123,2569.516,2369.0156553988772,7524.277857142858,1077550.1038,-1.111294233983949,2524.2120000000004,17.197615241770475
2025-06-20,2520.06,2650.0,2400.0,2410.58,1325386.078,2025-06-20 23:59:59.999,3346360678.49465,273222,771371.824,1962141212.68016,0,45.0445197238111,8.379501685041305,39.18756896071437,-30.808067275673068,2775.8154509510755,2563.694,2351.5725490489244,7516.857142857144,1113768.8295,-5.162483279565672,2497.95,50.82885105925859
2025-06-21,2410.38,2550.0,2260.0,2292.72,1130613.698,2025-06-21 23:59:59.999,2752838812.67176,116387,756541.828,1861716594.98137,0,39.051526259892405,-11.000238102701132,29.150007548031272,-40.1502456507324,2795.756230656288,2551.467,2307.177769343712,7522.685714285714,1133196.08145,-14.38461796984985,2449.05,98.6856858921541
2025-06-22,2292.69,2500.0,2160.0,2226.63,2033260.274,2025-06-22 23:59:59.999,4624599048.23576,169608,1125292.681,2590971855.97686,0,37.15761936971809,-31.33057282981872,17.05389147246127,-48.384464302279994,2814.9546088372085,2532.5245,2250.0943911627915,7537.867142857144,1154261.2192,-20.760216228527494,2394.764,133.5002675278426
2025-06-23,2226.65,2499.0,2180.57,2409.81,1460810.13,2025-06-23 23:59:59.999,3328796974.51684,202571,757306.920,1732630613.40297,0,39.47822811038207,-32.289204620810324,7.185272253806948,-39.474476874617274,2809.5471997841423,2523.44,2237.332800215858,7546.669285714285,1176700.5977,-13.033702999310707,2371.96,114.29952252746207
2025-06-24,2409.8,2499.0,2320.0,2447.33,1356584.009,2025-06-24 23:59:59.999,3273136793.09741,238479,581212.288,1414901486.34525,0,34.627579307889235,-29.679252837447166,-0.18763276444387678,-29.49162007300329,2800.7798028042116,2515.5094999999997,2230.2391971957877,7541.664285714286,1204721.0984999998,-7.397022877078281,2357.4139999999998,93.47007505082028
2025-06-25,2447.29,2490.0,2297.11,2417.02,1430121.309,2025-06-25 23:59:59.999,3462954825.30671,164504,734924.956,1787584826.80840,0,34.885170855859315,-29.714085453473672,-6.092923302249838,-23.621162151223835,2801.059973782773,2514.6105,2228.1610262172267,7537.870714285715,1202079.83765,-6.230189982192812,2358.702,94.42533648341404
2025-06-26,2417.02,2498.0,2329.99,2414.51,1801310.701,2025-06-26 23:59:59.999,4363539084.97529,178119,584003.383,1429111834.59101,0,39.078480334471834,-29.602981828384145,-10.794935007476703,-18.808046820907443,2799.364781289459,2509.453,2219.5412187105408,7514.544285714286,1235096.4575,1.4542627841506,2383.06,88.68331917562436
2025-06-27,2414.6,2485.83,2270.0,2420.0,1249569.311,2025-06-27 23:59:59.999,2977195346.21930,123014,359832.970,871320181.46422,0,42.00363263690879,-28.740630192448407,-14.384074044471046,-14.356556147977361,2794.994506009587,2503.0339999999997,2211.0734939904123,7506.875714285715,1273752.0544,-4.795250777964423,2421.734,14.788100960069322
2025-06-28,2420.0,2499.0,2271.0,2434.61,1005655.559,2025-06-28 23:59:59.999,2409009102.23753,85031,230223.383,559179928.62600,0,53.4091050709737,-26.571999934180894,-16.821659222413018,-9.750340711767876,2790.5725448783915,2497.6745,2204.7764551216087,7500.125714285715,1293987.52565,-4.04419009782359,2426.6940000000004,13.922583452978213
2025-06-29,2434.61,2709.88,2300.0,2499.66,2067941.099,2025-06-29 23:59:59.999,5061540042.88968,135946,752169.970,1870030818.43741,0,47.00695989907437,-19.38094204027675,-17.333515785985764,-2.0474262542909862,2769.1449077068296,2488.761,2208.3770922931703,7511.560714285714,1359037.5541,0.06404970256919006,2437.16,35.79755648092493
2025-06-30,2499.66,2550.0,2222.55,2484.69,1278510.571,2025-06-30 23:59:59.999,3162242882.57693,149135,625959.589,1552233599.82952,0,46.33052516869945,-14.720244920661571,-16.810861612920924,2.0906166922593528,2708.6758568350715,2472.496,2236.3161431649287,7517.056428571428,1370049.8812,-1.5508176065741304,2450.6940000000004,38.93422568903671
2025-07-01,2484.69,2600.0,2300.0,2404.25,1110274.377,2025-07-01 23:59:59.999,2708324756.21910,127433,446993.476,1098900604.92290,0,43.804240142659,-17.31781561132675,-16.91225241260209,-0.4055631987246606,2645.447054944579,2454.1600000000003,2262.8729450554215,253.84999999999997,1336945.1321,-4.595525503361029,2448.6420000000003,41.50363080508588
2025-07-02,2403.65,2710.0,2301.07,2610.59,1851854.671,2025-07-02 23:59:59.999,4637864024.90711,156515,1179436.902,2963052844.06481,0,54.62660779420236,-2.6954243790974033,-14.068886805901151,11.373462426803748,2637.5843788846996,2452.5485,2267.5126211153,268.81571428571425,1339692.5167,8.29717329439389,2486.76,79.10765828922268
2025-07-03,2610.59,2710.0,2510.1,2589.86,1179615.05,2025-07-03 23:59:59.999,3070728010.03623,240726,712679.479,1863820237.01607,0,53.656058161704635,7.137906921129343,-9.827528060495052,16.965434981624394,2640.012125303716,2453.161,2266.309874696284,273.45142857142855,1276401.00485,12.960152133710192,2517.81,83.84742303734835
2025-07-04,2589.86,2710.0,2350.0,2506.23,1532648.586,2025-07-04 23:59:59.999,3863251120.34269,377564,667928.414,1704905892.17203,0,55.14950523833623,8.089401165794698,-6.244142215237101,14.333543381031799,2644.432436516986,2459.4775,2274.522563483014,281.3085714285714,1316404.36675,12.55709300602255,2519.1240000000003,83.54280687171119
2025-07-05,2506.66,2650.0,2420.01,2517.9,1185653.983,2025-07-05 23:59:59.999,2978468674.90373,175719,323046.105,821796885.51694,0,63.688088117295244,9.673627127674536,-3.0605883466547734,12.734215474329309,2641.2834085594254,2458.278,2275.272591440574,277.0221428571428,1342616.30035,4.485415862661378,2525.766,81.4137877143912
2025-07-06,2517.9,2841.34,2350.0,2775.53,3432765.46,2025-07-06 23:59:59.999,8654020302.84126,132715,736407.694,1906403031.75676,0,77.06393972862104,31.356269951054855,3.8227833128871542,27.5334866381677,2699.9116624487833,2470.1935000000003,2240.4753375512173,287.83214285714286,1446108.8929499998,13.410533111595097,2600.022,107.88763724358361
2025-07-07,2765.43,2830.0,2385.0,2720.0,1712475.952,2025-07-07 23:59:59.999,4422164806.86576,129595,736130.587,1937105648.39293,0,67.49658743499205,43.557015525485895,11.769629755406907,31.787385770078988,2736.6842886952413,2481.2905,2225.896711304759,296.8728571428571,1504272.85385,12.535270705248614,2621.904,120.87999971046833
2025-07-08,2720.1,2796.53,2345.49,2615.85,1719200.887,2025-07-08 23:59:59.999,4423236295.64436,132537,911074.366,2392618101.61042,0,58.84099636958849,44.311365869834844,18.277976978292497,26.033388891542348,2747.7459013497105,2485.8915,2224.03709865029,316.30428571428575,1533175.6716,8.338751962095815,2627.102,119.71072871719878
2025-07-09,2616.03,3020.48,2570.0,2767.6,1262386.593,2025-07-09 23:59:59.999,3422172999.40548,144502,779203.221,2130101196.88986,0,66.31363424848766,56.50282137187605,25.922945857009207,30.579875514866846,2788.7581395125153,2498.2685,2207.778860487485,334.7035714285715,1556331.9149,14.36363636363636,2679.3759999999997,110.44164354989526
2025-07-10,2767.62,3000.0,2750.0,2950.89,1658889.43,2025-07-10 23:59:59.999,4708721859.51456,168402,1043857.188,2979644528.61600,0,71.36495443247719,80.03204922821214,36.7447665312498,43.28728269696234,2875.743938420638,2525.284,2174.824061579362,340.56,1573007.0825,21.20586048689522,2765.9739999999997,121.38648207276255
2025-07-11,2950.68,3200.0,2693.21,2908.27,1678070.88,2025-07-11 23:59:59.999,5013089465.85889,188805,757624.910,2294907680.14164,0,68.88990335884122,94.1546972725987,48.226752679519585,45.92794459307911,2927.984659028865,2556.0615,2184.1383409711348,361.3428571428572,1600379.9416,16.346623140747145,2792.522,137.4514142160814
2025-07-12,2907.05,3263.9,2800.0,2937.99,1048874.778,2025-07-12 23:59:59.999,3135090206.87860,122155,507730.775,1522600972.44677,0,69.24941874694076,106.5172882216466,59.88485978794499,46.632428433701605,2966.9455311817405,2591.6295,2216.3134688182595,378.1928571428572,1551160.6668,18.243724569262152,2836.12,143.15126230669514
2025-07-13,2937.89,3130.66,2820.0,2970.0,631538.169,2025-07-13 23:59:59.999,1886217760.22063,107290,370471.454,1115057945.43912,0,68.45223149833657,117.54271089430131,71.41643000921627,46.12628088508504,3020.5617116433905,2619.639,2218.7162883566098,371.10571428571427,1509697.06875,23.531246750545908,2906.95,81.07045176881236
2025-07-14,2969.97,3299.99,2900.0,3012.7,883735.066,2025-07-14 23:59:59.999,2683144549.07441,156754,492109.007,1507934650.51278,0,70.27361178304574,128.2476122943085,82.78266646623473,45.46494582807378,3076.4508699785174,2647.9075000000003,2219.364130021483,376.2871428571429,1486054.6216,15.403031498626735,2955.9700000000003,38.857144130760126
2025-07-15,3012.51,3220.0,2935.14,3138.47,885837.378,2025-07-15 23:59:59.999,2709164914.57797,149532,541008.437,1670429594.49952,0,77.24297608976354,145.20606652742754,95.2673464784733,49.93872004895424,3150.468058943375,2683.98,2217.491941056625,375.20571428571435,1458840.4250500002,21.18299830878888,2993.486,89.83693967404584
2025-07-16,3138.47,3393.16,3005.52,3357.82,774311.373,2025-07-16 23:59:59.999,2488009963.16645,141235,397825.056,1291030602.88128,0,77.46058579251037,174.33584045334828,111.0810452734483,63.254795179899986,3268.3129923139586,2731.1455,2193.9780076860416,373.685,1407490.45865,33.97892452009593,3083.3959999999997,171.27547935999752
2025-07-17,3357.82,3776.89,3088.0,3459.97,1041342.226,2025-07-17 23:59:59.999,3498600355.50641,141930,419482.436,1441374126.05213,0,80.17087734141485,203.32029762660977,129.5288957440806,73.79140188252919,3390.2777483583936,2783.1440000000002,2176.010251641607,408.61285714285714,1397079.1044,37.414909249771625,3187.792,214.19244143992427
2025-07-18,3459.97,3988.41,3329.86,3509.9,1291623.342,2025-07-18 23:59:59.999,4610410019.92648,146716,471705.056,1716403950.46635,0,85.63485695214695,227.69489743327767,149.16209608192,78.53280135135768,3501.785219883533,2836.9085000000005,2172.031780116468,429.9378571428571,1411377.49355,26.458730404643433,3295.772,213.03486468180236
2025-07-19,3509.9,3575.0,3380.01,3558.9,425142.42,2025-07-19 23:59:59.999,1495370844.91025,77412,135768.511,481559035.48526,0,86.00581073602655,248.10582437658422,168.95084174085287,79.15498263573136,3608.234973757419,2889.8705,2171.506026242581,427.43785714285707,1329237.5595999998,30.841911764705888,3405.0119999999997,166.564637213282
2025-07-20,3558.9,3813.11,3468.88,3681.45,709790.398,2025-07-20 23:59:59.999,2568127527.89334,102109,345779.237,1262626992.19032,0,84.56337942190885,271.045942929014,189.36986197848512,81.6760809505289,3723.2228109423168,2949.7084999999997,2176.1941890576827,416.9299999999999,1300801.55095,40.736280750043,3513.608,119.77373196987159
2025-07-21,3681.45,4139.99,3629.6,3760.27,1188355.556,2025-07-21 23:59:59.999,4474408767.10533,108908,531548.480,2031372486.96820,0,88.99618386426853,292.21776295808013,209.93944217440415,82.27832078367598,3826.6137879752528,3017.5094999999997,2208.4052120247466,421.6007142857142,1304705.6099,35.86753866165631,3594.0980000000004,124.05848245883674
2025-07-22,3760.27,4090.0,3621.66,3747.94,2474711.75,2025-07-22 23:59:59.999,9387159171.52336,341471,1685801.201,6456723056.77844,0,95.57564875723638,304.4916645425833,228.84988664804004,75.64177789454325,3922.018097289815,3074.377,2226.7359027101847,422.8364285714285,1335848.46385,27.010495138754752,3651.692,112.5319117850072
2025-07-23,3747.94,4134.88,3660.0,3798.85,1614463.049,2025-07-23 23:59:59.999,6154697841.70231,153857,995593.087,3848960649.93487,0,95.18468211891515,314.699175304886,246.01974437940925,68.67943092547677,4009.002786575842,3134.8265,2260.650213424158,424.5792857142857,1357590.8638,30.622328738390863,3709.482,94.2149270019766
2025-07-24,3798.85,3977.0,3400.0,3645.47,712482.864,2025-07-24 23:59:59.999,2664820705.07166,44230,386765.440,1479568667.28093,0,81.2524747129333,306.8747558131872,258.1907466661649,48.68400914702232,4041.6311715642914,3191.7884999999997,2341.945828435708,447.9364285714285,1316582.5777,24.080408714801617,3726.796,62.10783831359404
2025-07-25,3645.4,3882.9,3630.01,3700.0,330189.105,2025-07-25 23:59:59.999,1222040999.20700,80141,145349.259,538966325.12484,0,85.24596002314918,301.5973359172617,266.8720645163843,34.72527140087743,4067.160985603612,3250.8935,2434.626014396388,429.8007142857142,1273809.3338,24.579124579124578,3730.506,59.20827585724383
2025-07-26,3700.0,3788.0,3665.0,3717.59,190548.792,2025-07-26 23:59:59.999,709799483.12982,45454,133861.621,498055270.11228,0,85.08487695991072,295.4287894356421,272.58340950023586,22.845379935406243,4107.460416435773,3297.9964999999997,2488.532583564226,405.45071428571424,1111698.5004,23.39728482756333,3721.97,56.87506175809927
2025-07-27,3717.58,3880.0,3633.03,3633.04,245409.387,2025-07-27 23:59:59.999,906418445.80953,57546,101635.533,377504555.94661,0,78.49186977895423,280.48444345220014,274.16361629062874,6.320827161571401,4118.087963551724,3343.6485000000002,2569.2090364482765,400.9014285714285,1038345.17215,15.75831535748311,3698.9900000000002,66.20572596073497
2025-07-28,3633.31,3942.76,3418.36,3657.78,458026.212,2025-07-28 23:59:59.999,1686857009.94232,52249,227442.472,850341646.00335,0,78.15467877094972,267.553067613866,272.8415065552762,-5.28843894141022,4101.145271484564,3395.745,2690.344728515436,409.78785714285704,975286.4384,8.933176882620272,3670.7760000000003,36.32797861137248
2025-07-29,3657.78,3839.74,3600.2,3769.41,242470.943,2025-07-29 23:59:59.999,912960687.84641,74983,114581.766,431633204.43074,0,77.88167500397715,263.27756725489917,270.9287186952008,-7.651151440301646,4104.131315235685,3445.8354999999997,2787.5396847643146,406.5507142857142,924290.6559,8.943430145348083,3695.564,53.13881754412653
2025-07-30,3769.41,3789.76,3650.0,3764.82,231697.028,2025-07-30 23:59:59.999,868816562.90075,66575,81613.653,306647744.80845,0,72.19919275662704,256.56134825850177,268.055244607861,-11.493896349359261,4115.998694527976,3486.532,2857.065305472024,388.84499999999997,852931.0358000001,7.262884982478135,3708.528,61.70762651397142
2025-07-31,3764.85,3969.0,3530.0,3789.72,232007.322,2025-07-31 23:59:59.999,874044945.17946,57324,105965.571,403271733.98491,0,69.64083626183812,250.3619020560991,264.5165760975086,-14.154674041409521,4111.125651578912,3530.6045,2950.0833484210884,370.9957142857143,780627.8579,6.485711877265439,3722.954,71.9388600131221
2025-08-01,3789.72,3821.27,3560.0,3812.97,250415.07,2025-08-01 23:59:59.999,930941682.67268,61779,99473.379,370607018.55147,0,68.6442659054837,244.50635985129884,260.51453284826664,-16.0081729969678,4095.6942139804705,3574.3535,3053.01278601953,342.61857142857144,740704.8725,3.572505398688017,3758.9399999999996,59.67451340385659
2025-08-02,3812.71,3812.97,3510.0,3584.88,350647.859,2025-08-02 23:59:59.999,1294699571.42869,50714,150107.382,555868864.98645,0,51.30966063758998,218.93707339624052,252.19904095786143,-33.26196756162091,4042.071652860791,3605.0975000000008,3168.1233471392106,350.33142857142855,726660.3570000001,-4.664292723660798,3744.3599999999997,91.16584640087133
2025-08-03,3563.27,3770.0,3077.9,3715.64,381564.47,2025-08-03 23:59:59.999,1339157725.74911,50369,200442.273,716623228.95352,0,51.70938034337596,206.84014442551097,243.12726165139136,-36.287117225880394,3978.529357509151,3640.2445,3301.9596424908486,375.17928571428575,701551.8271999999,-0.8618067525093833,3733.6059999999998,90.64207014398679
2025-08-04,3715.64,3750.0,3680.0,3693.01,76372.004,2025-08-04 23:59:59.999,282290392.15609,37784,32098.806,118829060.52200,0,46.43704708225622,193.20009871424963,233.14182906396303,-39.941730349713396,3910.4173187784368,3667.9715000000006,3425.5256812215644,343.72285714285715,661078.5585,-2.786106321649965,3719.244,90.14755365503612
2025-08-05,3699.98,3725.0,3400.0,3590.46,253046.081,2025-08-05 23:59:59.999,914887442.08111,47990,112800.349,410178008.54489,0,42.38564935692873,172.13111590668905,220.93968643250827,-48.80857052581922,3877.6534100598788,3679.6034999999997,3481.5535899401207,333.4842857142857,635015.2938999999,-1.5089960965252702,3679.392,95.11028898067862
2025-08-06,3590.46,3720.0,3555.0,3672.32,73636.843,2025-08-06 23:59:59.999,267884495.81198,31848,35617.544,129835119.39067,0,44.05990329092531,160.1926123861599,208.79027162323862,-48.597659237078716,3859.3503130806957,3690.221,3521.0916869193043,311.34999999999997,586630.02475,-0.7481081081081037,3651.262,60.071446794534744
2025-08-07,3672.29,3900.0,3600.0,3880.0,406627.398,2025-08-07 23:59:59.999,1518859265.38002,104545,305893.163,1144800930.22818,0,60.4761692053424,165.58059267764065,200.14833583411905,-34.5677431564784,3875.7583932528682,3708.726,3541.693606747132,291.5642857142857,542380.2275500001,4.368690468825229,3710.286,105.98308204608793
2025-08-08,3879.9,3950.0,3500.0,3725.0,716485.256,2025-08-08 23:59:59.999,2696867328.56432,128653,363155.733,1379752697.03084,0,51.024741355281925,155.55031407207525,191.22873148171033,-35.678417409635074,3868.4882715009685,3717.031,3565.5737284990314,305.6435714285714,556947.3693499999,2.5312135291656586,3712.1580000000004,106.1837667442052
2025-08-09,3762.25,3980.0,3620.36,3980.0,549810.594,2025-08-09 23:59:59.999,2127337036.07614,163531,426710.923,1660955870.78646,0,59.003726247744005,166.2610608731611,186.2351973600005,-19.9741364868394,3922.465735091211,3731.9584999999997,3541.4512649087883,322.5464285714285,548948.37915,8.809168402692338,3769.5559999999996,158.11388958591522
2025-08-10,3979.99,4130.0,3780.13,3976.99,290016.18,2025-08-10 23:59:59.999,1145652975.13266,149603,153082.957,611963047.14088,0,62.500999498433515,172.51784471021574,183.49172683004358,-10.973882119827834,3962.4987502499403,3742.7945,3523.0902497500597,329.8964285714286,504031.4103499999,5.506962628103601,3846.862,142.36608381207202
2025-08-11,3976.9,4126.99,3834.11,4050.0,348076.751,2025-08-11 23:59:59.999,1385466325.80593,228710,182064.894,735961695.43023,0,63.7721565212506,181.27802754881714,183.0489869737983,-1.7709594249811573,4017.0739403583725,3757.8975000000005,3498.7210596416285,313.35928571428565,397699.6604,7.574864136930845,3922.398,125.84127709136179
2025-08-12,4050.0,4750.0,3860.0,4241.01,417475.078,2025-08-12 23:59:59.999,1749933604.22527,73764,297521.036,1263819127.53455,0,65.68507456729685,201.31283715115387,186.70175700926944,14.611080141884429,4117.49291465657,3780.0055,3442.518085343431,359.82071428571425,337850.26185,11.908267629270776,3994.6,185.06382696244006
2025-08-13,4451.7,4750.0,4139.89,4656.0,372182.112,2025-08-13 23:59:59.999,1643057039.17428,50482,255617.695,1140152899.33170,0,73.28372715206874,247.82007729941006,198.92542106729758,48.89465623211248,4341.304862428775,3830.532,3319.7591375712254,393.4171428571427,320835.22425,22.109536660398593,4180.8,286.5345006277279
2025-08-14,4656.01,4694.0,4319.35,4441.1,270744.016,2025-08-14 23:59:59.999,1208778224.31740,50652,89634.808,410458170.31900,0,65.48147584777588,264.29019334377745,211.9983755225936,52.291817821183855,4442.046118571093,3867.5870000000004,3293.127881428908,388.82071428571413,317862.96979999996,23.884202539555027,4273.02,279.87536878042715
2025-08-15,4441.1,4868.84,3929.5,4426.74,1024322.861,2025-08-15 23:59:59.999,4443635714.60848,152498,534703.622,2379482694.64850,0,64.64949757739217,273.03674929484714,224.2060502770443,48.83069901780283,4524.168077177093,3903.0445,3281.9209228229065,437.2542857142856,359551.67325000005,19.138021982753976,4362.969999999999,228.50708588570885
2025-08-16,4426.65,4633.95,4026.65,4453.03,265785.818,2025-08-16 23:59:59.999,1143737019.91826,116676,120832.715,533813411.08701,0,72.92992789413907,278.87514214204066,235.1398686500436,43.73527349199705,4597.534435041351,3944.0439999999994,3290.553564958648,458.99214285714277,360570.49480000004,20.57996052000941,4443.575999999999,147.08492421039483
2025-08-17,4453.04,4588.0,3999.0,4425.95,610296.857,2025-08-17 23:59:59.999,2643060716.56262,167014,304041.203,1356000987.64074,0,69.84804707802186,278.1110893340924,243.7341127868534,34.376976547239025,4655.11701542395,3982.4524999999994,3309.7879845760494,451.62785714285707,368184.02705000003,23.269720314388678,4480.564,98.70794106847288
2025-08-18,4425.94,4570.0,4001.32,4227.01,345920.549,2025-08-18 23:59:59.999,1465088379.10458,109429,148971.423,646885594.41208,0,63.583085751495666,258.4732577685022,246.68194178318316,11.791315985319045,4678.615069908147,4005.3325000000004,3332.049930091854,487.2478571428571,373356.50734999997,15.104620512373652,4394.7660000000005,94.44361720083756
2025-08-19,4227.01,4390.0,4066.0,4075.17,145451.417,2025-08-19 23:59:59.999,614721052.34649,111244,64947.760,277268669.91115,0,62.02772249710914,228.0293355132003,242.95142052918663,-14.92208501598634,4685.036862989953,4020.85,3356.6631370100467,487.1764285714285,369044.2268,5.03015463917526,4321.58,164.99408928800858
2025-08-20,4075.17,4739.0,3879.1,4349.89,461041.887,2025-08-20 23:59:59.999,1958589751.87555,151015,225680.494,959185367.03494,0,65.34470498181473,223.49362052100287,239.0598605275499,-15.56624000654702,4719.222363624599,4048.8585,3378.4946363754007,536.8121428571428,380495.95505000005,16.775570469798666,4306.210000000001,156.0879912100209
2025-08-21,4349.89,4380.0,4199.92,4224.0,120832.742,2025-08-21 23:59:59.999,515833570.93099,77465,40190.863,172330058.63089,0,58.090158228443485,207.35055469496774,232.71799936103346,-25.367444666065722,4734.506035550717,4069.41,3404.313964449283,528.2464285714285,374016.83865,6.130653266331659,4260.404,134.31796931155634
2025-08-22,4243.42,4868.0,3950.0,4799.99,3704527.473,2025-08-22 23:59:59.999,16855857467.53396,333956,1952944.366,9174173963.71660,0,71.10281386556106,238.2878044928607,233.83196038739894,4.45584410546175,4829.989342239882,4130.165500000001,3430.3416577601197,561.675,541710.81935,20.694042479362533,4335.212,277.45795018340925
2025-08-23,4799.99,4799.99,4266.8,4775.54,1178114.983,2025-08-23 23:59:59.999,5396804199.68106,210562,597088.680,2804871405.13984,0,67.17131164525486,257.86043263089323,238.63765483609782,19.222777794795405,4910.786221152835,4183.1605,3455.534778847165,574.0714285714284,581538.345,17.91456790123457,4444.918,327.8474108026138
2025-08-24,4775.54,5050.0,4380.0,4777.0,3050401.059,2025-08-24 23:59:59.999,14044700865.24517,279369,1590161.485,7551328215.86677,0,67.27935617923652,270.3729996036427,244.98472378960682,25.388275814035893,4972.705572324245,4237.36,3502.0144276757546,596.937857142857,730239.79775,12.638263055262774,4585.284000000001,276.1283671229307
2025-08-25,4777.94,4945.0,4355.0,4375.0,356018.685,2025-08-25 23:59:59.999,1624196331.40075,58215,152629.265,703671938.53687,0,56.14617688886199,245.02674296287842,244.99312762426115,0.03361533861726684,4947.512877939176,4276.587,3605.661122060825,618.1607142857143,735388.42795,-6.035223367697594,4590.306,270.95683397909704
2025-08-26,4375.0,4636.03,4199.52,4599.49,272298.81,2025-08-26 23:59:59.999,1215098167.81096,80454,115725.199,525410662.27751,0,56.69455441846567,240.2842713159789,244.05135636260474,-3.767085046625823,4944.373027162075,4322.9455,3701.5179728379244,585.7685714285714,745321.5263,3.5664587602170497,4665.4039999999995,181.22923034095533
2025-08-27,4598.5,4665.64,4460.0,4589.9,109440.763,2025-08-27 23:59:59.999,502505138.82624,69867,48990.244,225793249.75808,0,48.54533450704224,233.0653630875995,241.85415770760372,-8.78879462000421,4953.894135703628,4358.4405,3762.986864296371,556.877857142857,730462.19455,3.685782313847207,4623.386,165.9337493699687
2025-08-28,4469.61,4900.69,4423.13,4480.0,379181.824,2025-08-28 23:59:59.999,1726148856.70836,136858,140420.960,645961749.42809,0,50.89755422242732,215.9865562068162,236.68063740744623,-20.694081200630023,4913.106964450534,4396.1905,3879.274035549465,564.2285714285714,713597.02295,0.6056550259037162,4564.278,150.06328971462779
2025-08-29,4480.0,4571.68,4250.0,4290.2,309512.353,2025-08-29 23:59:59.999,1368401203.12816,136718,204293.943,902345022.54073,0,47.08551766534042,185.0035986084049,226.345229647638,-41.34163103923311,4893.456225412174,4411.7005,3929.9447745878256,520.1099999999999,701582.1109,-3.067138128537376,4466.918,134.67480878017813
2025-08-30,4285.08,4548.0,4250.0,4400.01,106845.004,2025-08-30 23:59:59.999,468275981.70272,253129,44409.906,197949479.12213,0,48.907236722781924,167.38067059131936,214.55231783637427,-47.17164724505491,4869.257130494625,4432.8515,3996.4458695053745,498.0171428571428,692423.5521000001,4.09272748349306,4471.92,130.8165492205687
2025-08-31,4400.01,4611.0,4383.85,4390.33,47195.651,2025-08-31 23:59:59.999,212583537.29978,240474,21313.755,96779551.17889,0,49.260554023981136,150.89386749427194,201.82062776795382,-50.92676027368188,4848.306659221404,4449.868,4051.429340778597,472.17071428571415,677379.4971,7.733665098633918,4430.088000000001,111.8985257721392
2025-09-01,4389.81,4559.99,4232.0,4313.0,274567.965,2025-09-01 23:59:59.999,1200568622.07474,130959,148480.337,652748395.84800,0,51.88001486696254,130.088493358473,187.47420088605767,-57.385707527584685,4845.206011543556,4453.467500000001,4061.728988456445,454.97857142857134,670234.14145,-0.8480674223945969,4374.7080000000005,75.6969660553114
2025-09-02,4313.01,4526.0,4200.01,4324.59,266157.114,2025-09-02 23:59:59.999,1162134545.69833,232081,73875.246,323604593.48001,0,55.80938184189686,113.23005500867657,172.62537171058148,-59.3953167019049,4820.516578233768,4436.897,4053.277421766232,455.1207142857142,664932.8915500001,2.381392045454549,4343.625999999999,48.77262992682915
2025-09-03,4324.59,4526.0,4250.0,4450.54,125546.126,2025-09-03 23:59:59.999,553820863.27999,136914,73458.504,325429965.19745,0,52.51885701701259,108.7787992644362,159.85605722135244,-51.07725795691624,4821.033579213668,4437.369,4053.704420786331,413.4135714285713,657672.99705,-7.280223500465623,4375.694,56.89806789319788
2025-09-04,4450.55,4490.3,4250.0,4300.0,137642.956,2025-09-04 23:59:59.999,599466533.56202,129859,23184.487,101771978.69831,0,51.87878847808245,92.04281485781485,146.29340874864494,-54.25059389083009,4819.591291559069,4431.032,4042.4727084409315,417.71499999999986,613339.0018,-9.957826758858683,4355.692,63.41820377446238
2025-09-05,4300.0,4464.09,4225.06,4305.71,101565.296,2025-09-05 23:59:59.999,438934465.10230,138493,22213.697,97074240.17745,0,32.982854782069836,78.33715397105607,132.70215779312716,-54.36500382207109,4816.036278149071,4423.666,4031.2957218509287,369.21714285714273,605127.9757000001,-9.865815365292024,4338.767999999999,63.15412631000023
2025-09-06,4308.0,4427.98,4225.06,4271.76,125453.909,2025-09-06 23:59:59.999,540022019.23441,123068,30069.349,130866796.21479,0,32.76850458339035,63.99810736210293,118.96134770692231,-54.96324034481938,4814.153768079977,4415.956499999999,4017.759231920021,345.6264285714284,580885.8282999999,-2.3597714285714235,4330.5199999999995,69.7131791699357
2025-09-07,4271.76,4715.37,4080.0,4305.0,170921.356,2025-09-07 23:59:59.999,730629216.09836,126549,56086.075,247998875.09333,0,34.1990385516678,54.68611235666049,106.10630063686993,-51.420188280209445,4811.739843821691,4419.856,4027.9721561783085,343.152857142857,572135.86865,-6.402666382577195,4326.602000000001,70.67365364815662
2025-09-08,4305.0,4595.0,4099.69,4307.05,81833.331,2025-09-08 23:59:59.999,351275723.13068,123099,42745.468,184016876.77397,0,46.893373444400765,46.93071897796017,94.27118430508798,-47.340465327127816,4792.938104718087,4431.45,4069.961895281913,336.38928571428556,568954.96435,-6.162443626222782,4297.904,14.85629597106645
2025-09-09,4307.05,4390.5,4220.0,4301.91,99188.42,2025-09-09 23:59:59.999,426754141.47115,103055,73050.957,314237452.60921,0,32.98142471519422,39.909704576095464,83.39888835928949,-43.48918378319402,4793.443301836823,4429.051,4064.658698163178,317.3885714285713,550862.291,-3.975223214285718,4298.286,14.947937315225786
2025-09-10,4301.91,4434.8,4200.0,4347.0,75018.448,2025-09-10 23:59:59.999,325704585.48235,140495,45262.795,196765530.12618,0,36.650618830926184,37.55102144556258,74.2293149765441,-36.67829353098152,4789.020256499017,4435.201,4081.3817435009832,319.4714285714285,548571.5763,1.3239476015104235,4306.544,26.789589955425033
2025-09-11,4368.0,4873.19,4000.0,4490.0,1095800.132,2025-09-11 23:59:59.999,4902266292.19241,369109,696890.077,3197594726.95607,0,50.530290174783644,46.68252587097959,68.7199571554312,-22.037431284451614,4730.818516623447,4419.7015,4108.584483376553,347.7307142857142,418135.20924999996,2.04522262449403,4350.192,80.29814175919147
2025-09-12,4486.02,4750.0,4200.0,4710.82,154377.013,2025-09-12 23:59:59.999,688971456.08055,155781,56037.482,259478815.85798,0,71.5946195707978,70.9201145134457,69.15998862703411,1.7601258864115863,4713.003435691629,4416.4655,4119.927564308371,364.0392857142856,366948.31075,7.29990684071584,4431.356,173.8270903224755
2025-09-13,4710.82,4919.63,4439.0,4664.57,214971.789,2025-09-13 23:59:59.999,1011936817.46386,229824,174830.956,825743603.76517,0,64.53083463321394,85.41201314200498,72.41039353002829,13.001619611976693,4681.760083989587,4410.844,4139.927916010413,377.0842857142856,225176.84724999996,8.15140273591467,4502.86,183.19123027584354
2025-09-14,4664.58,4900.0,4500.0,4602.4,152276.297,2025-09-14 23:59:59.999,715252250.93840,212638,78658.859,374459271.22996,0,61.01284754317998,90.83327829951486,76.09497048392561,14.738307815589252,4705.596617481328,4422.214,4138.8313825186715,389.4307142857142,214989.72785,6.423961577860549,4562.9580000000005,146.37671303857164
2025-09-15,4602.29,4890.0,4255.0,4525.23,322671.479,2025-09-15 23:59:59.999,1476188760.76912,202208,155388.468,719297699.75184,0,61.02298814754794,87.88955979557522,78.45388834625554,9.435671449319685,4693.938222260097,4418.500999999999,4143.0637777399015,411.35999999999996,217508.3613,1.6782233167211078,4598.604,92.38090457435399
2025-09-16,4520.38,4690.0,4350.0,4501.1,213891.019,2025-09-16 23:59:59.999,957233100.53722,116581,85215.525,382234773.79995,0,59.04984567426505,82.65673692444761,79.29445806189396,3.3622788625536515,4680.58348124006,4414.061,4147.5385187599395,412.3607142857142,222730.8741,4.67674418604652,4600.824,89.19709260943351
2025-09-17,4501.3,4615.68,4380.0,4588.6,4161729.359,2025-09-17 23:59:59.999,18692983309.31381,193417,2148480.552,9651831969.34590,0,57.36901661044454,84.59504678981011,80.3545758074772,4.2404709823329085,4695.9112824381755,4419.491,4143.0707175618245,409.48071428571427,411858.25085,6.570112710795673,4576.38,64.9754680627711
2025-09-18,4588.6,4647.0,4550.0,4585.15,3505759.031,2025-09-18 23:59:59.999,16124973688.51510,527800,1594121.718,7333183785.04878,0,68.05501032076688,84.87440583771604,81.25854181352497,3.615864024191069,4713.076610381448,4434.2385,4155.400389618553,399.24499999999995,571670.58475,7.336320392531402,4560.496,44.5117268815352
2025-09-19,4585.15,4800.0,4350.0,4466.49,3104764.417,2025-09-19 23:59:59.999,14129879137.15379,645445,1620520.665,7373616242.08818,0,58.90629500786597,74.66029220473501,79.93889189176699,-5.278599687031971,4716.267541434661,4437.5625,4158.857458565339,414.3142857142857,721566.5554,3.751219512195117,4533.314,53.179066651989324
2025-09-20,4466.49,4799.98,4200.0,4780.0,11231418.071,2025-09-20 23:59:59.999,50470877199.16169,259087,6487385.184,29158521083.78592,0,71.49588049197244,90.81629671217433,82.11437285584846,8.701923856325877,4773.74069690613,4457.046,4140.35130309387,442.67571428571426,1280777.6764,10.980833749317974,4584.268,121.57213237406033
2025-09-21,4669.47,4780.0,4047.0,4443.34,1528905.305,2025-09-21 23:59:59.999,6831448163.07437,164854,689511.283,3083704315.84345,0,54.65603123317179,75.58312307313463,80.8081228993057,-5.2249998261710715,4773.059348425092,4463.563,4154.066651574908,449.6492857142857,1343494.5434,3.287609457194602,4572.716,133.59984554622892
2025-09-22,4442.98,4600.0,3774.74,4193.81,14808164.562,2025-09-22 23:59:59.999,62432091820.57804,985636,6743376.893,28435892554.88296,0,46.73298405151523,42.88142722405155,73.22278376425487,-30.34135654020332,4783.920399774161,4457.023999999999,4130.127600225838,473.21714285714285,2070594.9158,-3.524039567517819,4493.758,214.20860246492745
2025-09-23,4196.86,4399.0,3762.0,4162.24,9352954.688,2025-09-23 23:59:59.999,39117432100.33472,666950,3523671.732,14743175143.14164,0,46.03099726628436,14.253358655976626,61.42889874259922,-47.1755400866226,4795.130947590042,4442.609,4090.0870524099596,506.5385714285714,2531965.3438999997,-7.299777282850785,4409.176,249.66097738729366
2025-09-24,4162.25,4204.8,3621.53,4150.5,14584262.332,2025-09-24 23:59:59.999,60765160279.26678,473642,6779938.690,28256210835.32496,0,44.30817537192381,-9.27499544899365,47.28811990428065,-56.5631153532743,4806.23861435535,4435.134,4064.02938564465,531.4292857142857,3254296.3127,-11.894319884860804,4345.978,270.6385305531714
2025-09-25,4150.51,4199.7,3724.0,3866.15,26240918.346,2025-09-25 23:59:59.999,104645948685.06463,663182,11217039.765,44717244713.23917,0,33.2972781939588,-50.28638404463618,27.77321911449728,-78.05960315913346,4860.721363901467,4413.156,3965.5906360985327,503.0371428571429,4561263.9652,-17.116690284420635,4163.2080000000005,204.82694249044278
2025-09-26,3870.8,4066.02,3800.0,4034.95,6815300.582,2025-09-26 23:59:59.999,26844182044.09407,211611,3511099.472,13828647857.66396,0,31.386016998165786,-68.37922258487379,8.542730774623061,-76.92195335949685,4876.319785165202,4401.3155,3926.3112148347973,482.7528571428571,4895756.29885,-12.329436815574478,4081.5299999999997,134.56968845168853
2025-09-27,4030.17,4045.0,3971.9,4015.52,65376.354,2025-09-27 23:59:59.999,261941143.51619,55049,32764.904,131427691.05988,0,31.85663090452684,-83.325244545631,-9.830864289427756,-73.49438025620324,4890.952942494341,4386.8415,3882.7300575056597,453.6435714285714,4890479.04875,-11.263736870833077,4045.8720000000003,120.23836854342743
2025-09-28,4015.52,4188.8,3956.0,4140.4,116632.403,2025-09-28 23:59:59.999,470800797.31407,59342,66806.639,270707089.60114,0,37.52282081474359,-84.12357805282682,-24.68940704210757,-59.43417101071924,4893.563982037982,4378.509,3863.454017962018,441.70071428571424,4892219.002350001,-8.013596676368016,4041.504,115.24722916402433
2025-09-29,4137.05,4230.28,4077.0,4212.98,363625.677,2025-09-29 23:59:59.999,1515326350.27670,103226,256481.361,1071264800.40908,0,41.54614222515825,-78.00052221883107,-35.35163007745228,-42.64889214137879,4893.419345130832,4374.0625,3854.705654869168,407.2921428571429,4905440.8652,-8.18593906638192,4054.0,132.1654605030562
2025-09-30,4212.88,4240.27,4093.52,4142.53,1843000.561,2025-09-30 23:59:59.999,7655294122.80162,129216,1165085.864,4836190114.30174,0,40.529604724500935,-77.93430443186844,-43.86816494833551,-34.06613948353293,4893.388818814392,4363.839,3834.289181185608,393.48857142857145,4993839.97085,-9.653337404446964,4109.276,82.37656420356488
2025-10-01,4138.35,4347.1,4123.25,4346.06,2121165.471,2025-10-01 23:59:59.999,9022783986.59543,92334,1621727.455,6885737283.79483,0,43.96408413550077,-60.7582727818899,-47.246186515046396,-13.512086266843504,4882.874459964262,4356.642,3830.409540035737,392.6435714285714,5045108.2378,-2.6963006745789064,4171.4980000000005,120.75596805120297
2025-10-02,4346.06,4514.03,4321.29,4481.66,23704582.578,2025-10-02 23:59:59.999,105543217733.51939,157383,12914203.556,57465085058.21903,0,47.583466041498355,-35.7917719417992,-44.95530360039696,9.163531658597762,4848.4228965972925,4345.184,3841.9451034027084,399.48214285714283,6222618.516050001,-6.2414225941422625,4264.726000000001,147.2600124948444
2025-10-03,4481.75,4585.63,4430.0,4510.0,5353320.504,2025-10-03 23:59:59.999,24009784608.33795,105159,2577449.582,11574450601.35363,0,51.06071761166668,-13.562498953788236,-38.67674267107522,25.114243717286982,4824.529879080732,4337.4555,3850.381120919268,378.4557142857143,6479535.9518,1.5002228053671305,4338.646,161.34093863610855
2025-10-04,4509.14,4515.18,4440.16,4484.79,508170.333,2025-10-04 23:59:59.999,2278710741.90140,79815,234909.263,1054591172.08207,0,41.626055926520564,1.9971023781727126,-30.54197366122563,32.53907603939834,4807.902431014507,4331.575,3855.2475689854928,340.9585714285715,6497330.6536,6.938321001666731,4393.008,154.04024139808305
2025-10-05,4484.79,4613.62,4468.46,4512.35,1466111.88,2025-10-05 23:59:59.999,6648974488.73732,93242,736774.195,3349362876.10263,0,52.37381068679184,16.363432739360178,-21.160892381108468,37.524325120468646,4806.18964408212,4330.9310000000005,3855.672355917881,298.9700000000001,6554502.67365,8.411576458829876,4466.972,69.03532045249392
2025-10-06,4511.2,4732.52,4488.65,4685.0,2005936.59,2025-10-06 23:59:59.999,9245096470.22684,109410,1282561.090,5922004583.10578,0,67.83952814359077,41.205276381437216,-8.687658628599328,49.892935010036545,4835.9193794764415,4340.126,3844.332620523559,257.442142857143,6644104.9522,12.87796651005903,4534.76,85.15270723809942
2025-10-07,4685.0,4752.92,4436.67,4445.6,2627079.218,2025-10-07 23:59:59.999,12056716477.53720,111800,913058.511,4215127695.01137,0,58.941509100547826,41.10124759524115,1.2701226161687704,39.83112497907238,4817.682225271432,4332.976,3848.2697747285674,234.53142857142868,6567372.445150001,14.987778539373803,4527.548,92.02413417130072
2025-10-08,4443.81,4554.34,4415.72,4523.67,2124972.945,2025-10-08 23:59:59.999,9523115949.68894,104224,1068867.130,4798920249.87960,0,61.302359390616964,46.7791595422932,10.37193000139366,36.40722954089954,4808.6171836937965,4329.902,3851.1868163062036,202.77071428571438,6498333.14085,12.11216991536451,4530.282,91.57442039116336
2025-10-09,4523.67,4528.65,4271.23,4364.3,2160401.537,2025-10-09 23:59:59.999,9432407222.76270,112201,650223.517,2835319335.33835,0,66.32347447685584,37.981293864999316,15.893802774114794,22.08749109088452,4799.534286786344,4324.7925,3850.050713213656,187.17928571428584,6451114.996850001,8.685799099493968,4506.184,118.44875697945457
2025-10-10,4364.3,4390.0,3422.64,3820.0,11516495.037,2025-10-10 23:59:59.999,45162486921.41259,148392,4319334.092,16824883368.93671,0,44.347496804935396,-12.764399117096218,10.162162395872592,-22.92656151296881,4751.871547068161,4276.7925,3801.7134529318387,237.27500000000012,6465368.8451499995,-7.738382764950239,4367.714,328.2762517758178
2025-10-11,3822.52,3873.84,3648.0,3744.99,8269972.07,2025-10-11 23:59:59.999,31280403268.96310,150485,3756997.589,14204843880.39470,0,43.087968522445635,-58.36066115016729,-3.5424023133353884,-54.8182588368319,4765.579752639189,4241.875,3718.170247360811,248.18500000000014,6802422.1834,-11.108289144501038,4179.712,367.9171796341987
2025-10-12,3744.99,4185.71,3695.31,4150.0,6997134.276,2025-10-12 23:59:59.999,27748979860.23614,157401,4239741.470,16793740900.85377,0,50.2145654156311,-61.11065948205851,-15.056053747080016,-46.054605734978495,4764.600829832951,4239.6845,3714.76817016705,266.58500000000015,6411870.6691,0.18032458425165915,4120.592,336.9579746347965
2025-10-13,4158.33,4282.97,4059.73,4240.03,5362573.658,2025-10-13 23:59:59.999,22251707521.88969,156432,2824105.323,11745216639.98054,0,50.599903305788786,-55.386918465937924,-23.1222266908516,-32.26469177508632,4767.225427429023,4243.574,3719.922572570977,271.582142857143,6212351.6175999995,-2.4396809984215735,4063.864,269.19599668268677
2025-10-14,4240.48,4259.3,3895.06,4121.46,9263301.297,2025-10-14 23:59:59.999,37343747490.39916,191332,4667700.052,18823366186.08232,0,49.54248366013073,-59.72989153346862,-30.443759659375008,-29.28613187409361,4767.019639408746,4242.122,3717.2243605912545,287.117142857143,5946303.56585,-8.03720050159985,4015.296,218.59048156309532
2025-10-15,4121.46,4205.22,3929.96,3983.67,9198790.743,2025-10-15 23:59:59.999,37277503114.07764,258466,4331552.467,17572872881.34478,0,41.89976351306042,-73.44361810736336,-39.043731348972685,-34.39988675839068,4757.581983124347,4247.9980000000005,3738.414016875654,290.7892857142859,5094197.1857,-11.670288248337027,4048.03,192.7623517442796
2025-10-16,3983.66,4073.65,3826.93,3892.02,10472127.05,2025-10-16 23:59:59.999,41564947896.79344,240524,4798452.885,19085001871.93522,0,36.556070334160225,-90.66213758141384,-49.36741259546092,-41.294724985952925,4766.76317104175,4240.8515,3714.939828958249,294.64500000000015,5277038.509099999,-13.21734128019372,4077.436,138.57453889508295
2025-10-17,3892.01,3947.28,3678.16,3829.99,10223128.495,2025-10-17 23:59:59.999,38779325707.91574,242281,4717982.008,17912838329.04761,0,34.73020007634787,-108.06750597183645,-61.107431270736036,-46.96007470110042,4780.273263452528,4231.575,3682.876736547471,302.75142857142873,5784926.11615,-15.12205391868983,4013.4339999999997,167.55172344677905
2025-10-18,3835.79,3922.78,3819.14,3887.02,4240779.865,2025-10-18 23:59:59.999,16421832632.78413,159662,2213873.549,8574546436.04466,0,36.76604072668665,-115.92325036921056,-72.07059509043096,-43.85265527877961,4787.797197012158,4218.906000000001,3650.0148029878437,304.7957142857145,5991133.48925,-17.032657417289222,3942.832,114.02396708581537
2025-10-19,3886.65,4324.12,3854.71,4041.11,488812.007,2025-10-19 23:59:59.999,1908477304.67115,46368,297808.003,1164211888.98718,0,40.12075471698113,-108.46489341137976,-79.34945475462072,-29.11543865675904,4784.746043767504,4210.3125,3635.878956232496,327.9564285714288,5997392.805749999,-9.098659348569377,3926.762,84.35822230219976
2025-10-20,4041.12,4195.0,3922.15,3977.55,2356555.455,2025-10-20 23:59:59.999,9430971015.20065,80386,944368.000,3783486436.58881,0,34.45786520556612,-106.45569757933117,-84.77070331956283,-21.684994259768345,4785.266814021184,4202.063499999999,3618.860185978815,330.0264285714287,6023070.550449999,-12.072498657063841,3925.5379999999996,83.36463320849782
2025-10-21,3976.91,4465.0,3843.02,3871.81,3516042.403,2025-10-21 23:59:59.999,13789594732.74712,100331,1127756.745,4395063549.57639,0,36.607772202123925,-112.10347067297562,-90.2372567902454,-21.86621388273022,4775.305680494456,4178.351000000001,3581.3963195055444,351.86428571428587,6092814.39705,-11.284512980317581,3921.496,85.84899696552917
2025-10-22,3871.82,3949.0,3709.46,3804.45,6899515.055,2025-10-22 23:59:59.999,26343254967.71239,139074,3080363.413,11774691387.39841,0,33.1290991489721,-120.62427898653823,-96.31466122950397,-24.30961775703426,4745.815470254524,4144.4905,3543.1655297454754,359.0728571428573,5252561.0209,-0.4070680628272299,3916.3880000000004,93.10768077869582
2025-10-23,3804.45,4188.0,3500.0,3853.65,3903782.023,2025-10-23 23:59:59.999,15083958258.92337,109483,1970205.685,7620232472.70190,0,37.36871527726245,-122.00070397310128,-101.45186977822344,-20.54883419487784,4700.518776434956,4111.673,3522.8272235650434,389.8285714285716,5180084.09685,2.9014763724335797,3909.714,96.859468716216
2025-10-24,3853.65,4009.51,3846.91,3930.0,3652900.739,2025-10-24 23:59:59.999,14344207559.01532,132695,1786573.300,7021179477.87014,0,53.54057498937828,-115.59817991444697,-104.28113180546815,-11.317048108978824,4650.624930201862,4083.9335,3517.242069798138,332.34571428571445,5337320.617149999,-5.301204819277109,3887.4919999999997,67.46212507761645
2025-10-25,3930.0,4799.98,3547.36,3952.24,1346265.893,2025-10-25 23:59:59.999,5318348661.99012,87983,858951.484,3389970784.99098,0,56.90534101889181,-107.49046813157611,-104.92299907068977,-2.5674690608863386,4587.762444148908,4055.928,3524.093555851092,405.68714285714293,5331328.3178,-6.787451975575644,3882.4300000000003,59.49431527455399
2025-10-26,3952.24,4174.21,3920.0,4156.09,2814966.976,2025-10-26 23:59:59.999,11392307170.61604,106888,1782797.279,7214610539.88626,0,50.23432269582683,-83.65177122896739,-100.66875350234531,17.01698227337792,4475.244052160153,4029.4824999999996,3583.7209478398468,388.8164285714287,5371779.8371,0.840236226968116,3939.286,134.88169049202756
2025-10-27,4156.08,4248.4,4080.0,4121.67,3960880.798,2025-10-27 23:59:59.999,16548943394.72167,108275,2077955.577,8702822515.53029,0,45.24230633180051,-66.76718794368662,-93.88844039061358,27.12125244692696,4416.937542189047,4013.286,3609.634457810953,384.8992857142857,5438469.9161,3.464142361189556,4002.7300000000005,130.12470230508154
2025-10-28,4190.0,4190.0,3939.0,3984.3,4820602.498,2025-10-28 23:59:59.999,19667169926.37554,129478,1973052.980,8062383677.96052,0,44.56869515633415,-63.73593678919406,-87.85793967032969,24.12200288113563,4310.676481304121,3986.3175,3661.9585186958793,376.8107142857143,5573251.39375,2.3710052877426167,4028.8599999999997,102.99355149709946
2025-10-29,3984.95,4032.63,3856.35,3900.38,27599119.513,2025-10-29 23:59:59.999,109542689334.48042,149125,13996185.973,55567458769.73657,0,46.55487628328687,-67.32916238850385,-83.75218421396453,16.42302182546068,4235.921774677692,3963.1215,3690.3212253223082,369.7407142857143,6845187.29255,1.8378638064329236,4022.936,110.66732638853152
2025-10-30,3900.38,4000.0,3680.0,3808.88,25959226.008,2025-10-30 23:59:59.999,100568933500.69313,134537,11797129.445,45779010708.06630,0,46.56065394734666,-76.67622902741005,-82.33699317665364,5.66076414924359,4236.63634973168,3962.5654999999997,3688.494650268319,374.97499999999997,7567323.8411,-2.010280369023053,3994.264,146.3733730225078
2025-10-31,3808.88,4232.8,3797.91,3846.42,13450617.047,2025-10-31 23:59:59.999,51640327851.19393,136737,6474949.554,24876601604.98589,0,50.6937348522594,-80.13098233108485,-81.89579100753988,1.7648086764550328,4228.175601007127,3967.637,3707.098398992873,386.8157142857143,7826356.08995,-4.817735721126128,3932.3300000000004,124.6913685865513
2025-11-01,3856.32,3901.26,3832.68,3872.13,761534.854,2025-11-01 23:59:59.999,2949306973.07501,112554,304641.912,1179590680.01617,0,49.3542091338856,-79.87358412363801,-81.49134963075952,1.6177655071215042,4202.7146286813295,3953.7434999999996,3704.77237131867,384.3114285714286,7514576.11885,-2.650375230983899,3882.422,66.16666774130296
2025-11-02,3874.98,3913.0,3839.56,3905.01,1215242.053,2025-11-02 23:59:59.999,4704608914.08675,110764,587225.104,2278559225.13611,0,43.403706719398244,-76.13877260357458,-80.42083422532254,4.282061621747957,4146.874438128662,3936.9925000000003,3727.110561871338,356.0278571428572,7307209.5386,0.8574800932897089,3866.564,39.955668308617085
2025-11-03,3905.02,3983.0,3562.97,3602.32,5536156.212,2025-11-03 23:59:59.999,20422740042.65248,165337,1303045.836,4840171781.53451,0,35.2361166851594,-96.49117072770014,-83.63490152579806,-12.85626920190208,4151.097614547596,3911.0355000000004,3670.9733854524047,366.54071428571433,7120852.28435,-5.3129887368739155,3806.952,119.68629691819024
2025-11-04,3602.32,3648.58,3065.85,3287.5,14970115.939,2025-11-04 23:59:59.999,50185422640.89075,199167,6072167.027,20330548219.29985,0,30.257796398283617,-136.45101346622914,-94.19812391388429,-42.252889552344854,4241.287847190693,3876.227,3511.1661528093064,363.7371428571428,7409418.54415,-14.69126672116046,3702.6760000000004,261.1314232910144
2025-11-05,3293.54,3477.79,3169.59,3423.42,9061449.176,2025-11-05 23:59:59.999,30086424281.99375,219493,5111723.742,16984088732.73337,0,37.69608824536139,-155.36096417628733,-106.43069196636492,-48.93027220992241,4270.014655583429,3852.797,3435.579344416571,368.64142857142866,7338884.650450001,-12.890076335877861,3618.076,271.2444731787034
2025-11-06,3423.29,3453.51,3247.82,3312.99,12725853.301,2025-11-06 23:59:59.999,42670297629.37484,191766,5362659.372,17992515651.52442,0,33.20556149201063,-177.21518807532175,-120.58759118815631,-56.62759688716544,4309.1223787990475,3826.947,3344.7716212009527,334.19071428571436,7464020.890750001,-16.174372001700302,3506.2480000000005,255.0984033074184
2025-11-07,3312.98,3468.7,3197.26,3432.48,8552951.979,2025-11-07 23:59:59.999,28328446647.56307,188143,4300680.688,14273097722.58059,0,34.948995026561306,-182.78593115205467,-133.027259180936,-49.75867197111867,4316.389240902184,3804.22,3292.050759097816,341.965,7679629.496450001,-17.41083566525268,3411.7419999999997,124.57371962013444
2025-11-08,3432.48,3475.2,3356.6,3400.07,3518937.693,2025-11-08 23:59:59.999,12024276777.43971,159766,1917198.702,6561104648.37172,0,33.39787726630388,-187.65285599961317,-143.95237854467143,-43.70047745494173,4301.851333426185,3772.168,3242.484666573815,260.96357142857147,7831135.780750001,-17.50746663367033,3371.292,66.5388899065544
2025-11-09,3402.91,3617.56,3358.62,3581.3,3891750.214,2025-11-09 23:59:59.999,13568200850.16589,169839,2370714.881,8269551633.98635,0,32.47944011266026,-174.8703856551124,-150.13597996675963,-24.73440568835275,4279.328820905638,3752.3555000000006,3225.382179094363,261.3014285714286,7907895.518699999,-10.114700198278241,3430.0520000000006,96.86107097278837
2025-11-10,3581.3,3921.76,3187.0,3568.52,7151897.597,2025-11-10 23:59:59.999,25494929261.54117,143162,3560254.629,12709371699.04583,0,32.913652397926725,-163.88229195893518,-152.88524236519476,-10.997049593740428,4267.137582567277,3737.191,3207.2444174327225,301.75571428571436,8089688.278399999,-8.508401745470957,3459.072,114.50640798660588
2025-11-11,3568.54,3977.0,3300.0,3416.32,5768268.455,2025-11-11 23:59:59.999,20332872076.93885,146849,2249206.931,7968899317.70360,0,32.61484401782654,-165.54709271595948,-155.4176124353477,-10.129480280611773,4265.489421995314,3717.7845,3170.0795780046865,332.18428571428575,8033125.9484,-10.306441788662282,3479.7380000000003,87.7485539481686
2025-11-12,3416.33,3585.13,3373.34,3406.9,6967688.109,2025-11-12 23:59:59.999,24087150409.55857,180971,3425495.885,11867650247.54746,0,34.173390976382606,-165.71630022968566,-157.4773499942153,-8.238950235470355,4256.10801919637,3695.447,3134.78598080363,334.72071428571434,8186321.252699999,-11.426729270334492,3474.6220000000003,91.84283216449035
2025-11-13,3406.9,3558.38,3155.18,3233.52,12161816.341,2025-11-13 23:59:59.999,40692984599.54376,192046,5366199.328,18020206585.07625,0,32.468157718325315,-177.79124856403314,-161.54012970817888,-16.25111885585426,4245.921110569122,3660.6230000000005,3075.324889430879,340.6635714285715,8611767.0328,-16.49247313494124,3441.3120000000004,142.09575686837152
2025-11-14,3238.28,3450.0,3074.84,3111.2,16569934.441,2025-11-14 23:59:59.999,52520577155.67256,207316,7656902.682,24297028516.82685,0,28.697672801446387,-194.98328787368928,-168.22876134128097,-26.754526532408306,4235.641100219785,3618.571,3001.5008997802156,336.39714285714297,9372950.4602,-20.327988916801758,3347.292,177.4424603075515
2025-11-15,3111.22,3260.0,3105.26,3166.55,5410506.812,2025-11-15 23:59:59.999,17132337258.71595,163155,2347144.978,7432635376.25232,0,29.901670350705302,-201.81541795534395,-174.94609266409358,-26.869325291250362,4162.943263929376,3569.094,2975.2447360706237,342.5514285714285,9502727.452000001,-12.096926425192652,3266.898,139.06219227381078
2025-11-16,3166.55,3256.0,3014.09,3094.43,9040929.296,2025-11-16 23:59:59.999,28185853863.50379,192532,3952527.206,12329995528.03901,0,27.415633915834533,-210.62149801412897,-182.08117373410067,-28.5403242800283,4087.5565492707065,3517.732,2947.9074507292935,354.5849999999999,9756729.876899999,-5.8728517110266205,3202.52,126.53933755950898
2025-11-17,3093.69,3230.0,2961.22,3027.17,10793317.745,2025-11-17 23:59:59.999,33414152295.95736,173490,5016642.464,15575178942.13773,0,31.55541872711065,-220.4860735813927,-189.7621537035591,-30.723919877833595,4035.4651905736,3469.8755000000006,2904.285809426401,343.78142857142853,10055365.63925,-11.574682627314207,3126.574,77.75969283633103
2025-11-18,3026.15,3222.0,2953.23,3122.2,11227413.654,2025-11-18 23:59:59.999,34214144641.36706,206900,6022149.546,18373215308.38911,0,43.82905012916809,-218.12132710467404,-195.43398838378212,-22.687338720891916,3978.641295755926,3430.9665,2883.291704244074,321.35571428571427,9236780.3463,-5.758846238594139,3104.31,50.71867456865276
2025-11-19,3122.2,3122.96,2874.73,3024.62,11903556.144,2025-11-19 23:59:59.999,35865606204.23921,253456,5814590.015,17534355468.94242,0,34.67332820906995,-221.56705192086747,-200.66060109119923,-20.906450829668245,3937.800956247819,3391.7535000000003,2845.7060437521814,317.07214285714286,8533996.8531,-11.882370763995716,3086.9939999999997,61.42747862317951
2025-11-20,3024.66,3055.61,2797.44,2833.07,10879976.384,2025-11-20 23:59:59.999,31896862827.69095,284292,4683114.076,13747338686.14930,0,32.63826585245856,-237.02205510254726,-207.93289189346885,-29.089163209078407,3897.4574930984563,3341.0860000000002,2784.714506901544,320.82071428571425,8405464.819950001,-16.67612725620355,3020.298,112.91567548397423
2025-11-21,2833.31,2882.37,2629.09,2764.33,15426175.554,2025-11-21 23:59:59.999,42431332700.35937,311285,6815351.116,18766999452.49613,0,24.907426185057503,-251.91310255141207,-216.7289340250575,-35.18416852635457,3840.035359043928,3285.696,2731.3566409560717,319.5235714285714,9138696.85495,-22.81210733532517,2954.278,149.35750791307146
2025-11-22,2764.63,2794.06,2705.47,2769.06,5628798.788,2025-11-22 23:59:59.999,15444041714.93706,281953,2910990.710,7995089531.21652,0,25.79907800167217,-260.3317510933839,-225.4494974387228,-34.8822536546611,3747.6990193064075,3228.8985000000002,2710.097980693593,317.38,9359374.6917,-22.403125105085582,2902.656,161.94055245677032
2025-11-23,2769.25,2856.07,2767.36,2800.94,6478238.365,2025-11-23 23:59:59.999,18245478794.73754,291481,3075260.855,8667635985.01597,0,16.198866884973242,-261.4176808502757,-232.64313412103337,-28.77454672924233,3709.97717384764,3188.8295000000003,2667.6818261523604,305.2207142857143,9406478.799349999,-18.012949606594233,2838.4039999999995,107.70787960964107
2025-11-24,2800.75,2979.84,2763.9,2952.19,9020271.394,2025-11-24 23:59:59.999,25781902801.94117,339082,4967103.304,14221620185.71319,0,26.163163960674822,-247.2238345817409,-235.55927421317492,-11.664560368565986,3701.3567775775446,3172.064,2642.771222422455,268.16214285714284,9108986.572099999,-13.346737503302123,2823.918,76.85307976916191
2025-11-25,2951.92,3215.0,2792.73,2958.24,6948134.453,2025-11-25 23:59:59.999,20239728439.92126,214852,3269080.143,9534138698.42047,0,30.025465264332922,-232.803313037085,-235.00808197795695,2.2047689408719577,3672.44363664691,3148.805,2625.1663633530898,249.96714285714285,9003320.835949998,-8.513322942180663,2848.952,98.04427351969511
2025-11-26,2958.24,3040.53,2792.73,3025.57,5286635.926,2025-11-26 23:59:59.999,15657297061.61838,239292,2735169.804,8112971602.50451,0,34.17153008957554,-213.48110028230212,-230.70268563882598,17.22158535652386,3654.866490526629,3134.434,2614.0015094733712,252.53928571428574,8631359.9672,-2.752314219593715,2901.2,110.49263074976557
2025-11-27,3025.96,3200.0,2729.64,3014.28,3708076.077,2025-11-27 23:59:59.999,11217567595.59896,216670,1651819.307,5002580357.46568,0,39.48469035377179,-196.81040823473995,-223.92423015800875,27.1138219232688,3616.859902340795,3113.5240000000003,2610.1880976592056,257.3364285714286,8389116.172099998,-4.808703478549209,2950.2439999999997,89.62982611833715
2025-11-28,3014.28,3090.78,2994.76,3029.91,4696551.949,2025-11-28 23:59:59.999,14263965203.62781,201645,2398143.459,7287292133.04136,0,45.65661099178234,-180.25963345975833,-215.19131081835866,34.931677358600325,3580.9075115818823,3095.0160000000005,2609.1244884181187,237.39785714285716,8447996.8849,-2.0850366626486943,2996.038,37.76095165647596
2025-11-29,3029.92,3182.91,2968.96,2988.6,2778251.075,2025-11-29 23:59:59.999,8347091139.34867,173867,1372614.855,4126026231.82927,0,40.34716571738539,-168.53364600403484,-205.85977785549392,37.32613185145908,3495.4893674414084,3065.3810000000003,2635.2726325585922,241.62714285714287,8392321.92795,-1.2741273202363976,3003.32,29.879328138407296
2025-11-30,2988.6,3049.13,2742.46,2990.9,2116689.643,2025-11-30 23:59:59.999,6377252731.30179,163329,1010657.753,3046286233.29029,0,43.92379655605509,-157.24253166118524,-196.1363286166322,38.89379695544696,3396.1589201773136,3036.5,2676.8410798226864,246.25285714285718,8140561.530250001,-4.205368009736716,3009.852,19.234161536249015
2025-12-01,2990.9,3150.0,2522.0,2798.77,7287136.87,2025-12-01 23:59:59.999,20484678889.13488,190604,2944376.146,8239001148.53599,0,38.3087633087633,-161.93088900896782,-189.29524069509935,27.364351686131528,3332.5275980828883,3005.6225,2678.7174019171116,271.9114285714286,8216504.950999999,-7.46705371253248,2964.492,94.20817252236218
2025-12-02,2798.43,3030.96,2785.03,2994.82,4913176.987,2025-12-02 23:59:59.999,14246669080.91822,175940,3039601.684,8804951117.37575,0,44.090850049173355,-148.1194209594073,-181.06007674796095,32.94065578855364,3251.8598862222325,2985.0185,2718.1771137777678,270.28000000000003,8113779.3949,5.7093541635046074,2960.6,92.01348189261839
2025-12-03,2994.83,3209.24,2751.16,3187.24,4878414.536,2025-12-03 23:59:59.999,15071567608.84287,167070,2749618.604,8513511773.09528,0,56.93380860607507,-120.26075600935974,-168.90021260024074,48.639456590881,3241.142721588534,2982.7045,2724.2662784114655,285.26928571428573,7749609.304649999,15.298824669992362,2992.066,137.3655625693819
2025-12-04,3196.16,3237.27,2886.0,3131.82,4877091.009,2025-12-04 23:59:59.999,15456236110.36506,160944,2217113.355,7046773710.94863,0,64.41106383799794,-101.48464237602457,-155.4170985553975,53.932456179372934,3244.4862674287588,2983.7355,2722.984732571241,291.9192857142857,7164967.133049999,13.100474529262646,3020.71,150.743129860045
2025-12-05,3131.82,3188.0,2991.82,3022.12,5976626.984,2025-12-05 23:59:59.999,18473686127.66622,240900,2422834.748,7497471867.00790,0,61.96252401414398,-94.3684890464774,-143.2073766536135,48.83888760713609,3223.587950182727,2976.514,2729.440049817273,287.8407142857143,7193273.141649999,7.896634701207446,3026.954,149.84356769645572
2025-12-06,3022.13,3070.0,3013.04,3053.97,1919128.009,2025-12-06 23:59:59.999,5820931413.21655,160680,1102900.835,3346925786.07968,0,62.89640687663519,-85.17699012393768,-131.60129934767832,46.424309223740636,3218.138587772417,2974.491,2730.843412227583,285.58142857142855,6837183.0773,3.447610079297055,3077.9939999999997,79.76355295497846
