open_time,open,high,low,close,volume,close_time,quote_asset_volume,number_of_trades,taker_buy_base_asset_volume,taker_buy_quote_asset_volume,ignore,rsi_14,macd,macd_signal,macd_hist,bb_upper,bb_middle,bb_lower,atr_14,volume_ma_20,roc_12,close_ma_5,close_std_5
2025-11-21 06:45:00,12.751,12.8,12.737,12.758,43236.74,2025-11-21 06:59:59.999,552179.58349,874,34151.97,436203.61263,0,35.62152133580679,-0.030066623015427396,-0.022731720257499248,-0.007334902757928148,13.042637038397027,12.86075,12.678862961602972,0.09492857142857122,87675.96949999999,-0.8240049751243909,12.7578,0.03645133742399974
2025-11-21 07:00:00,12.759,12.799,12.747,12.751,10767.58,2025-11-21 07:14:59.999,137555.92249,704,5202.12,66568.82480,0,25.78616352201233,-0.030358412079952046,-0.024271258354624504,-0.0060871537253275425,13.018048930508806,12.847100000000001,12.676151069491196,0.0892142857142855,81149.75,-0.8013069861521687,12.7522,0.034477528913746475
2025-11-21 07:15:00,12.751,12.799,12.668,12.668,637295.17,2025-11-21 07:29:59.999,8086351.85179,840,1781.07,22680.02270,0,27.828054298642186,-0.03578991795561315,-0.026592115175545133,-0.009197802780068015,12.991210060467628,12.828399999999998,12.665589939532369,0.08949999999999989,110409.057,-1.3549291387634423,12.7262,0.0398961150990658
2025-11-21 07:30:00,12.668,12.699,11.826,12.329,10089364.94,2025-11-21 07:44:59.999,122524527.79393,1410,6615325.29,79486021.37821,0,15.953307392995924,-0.06260898410398674,-0.033838262666283696,-0.028770721437703047,13.067673109270386,12.79805,12.528426890729614,0.14885714285714272,609085.6825,-4.017127286882055,12.6518,0.18427072475028974
2025-11-21 07:45:00,12.337,12.342,12.209,12.243,767344.09,2025-11-21 07:59:59.999,9388397.85208,1015,50855.03,625709.53068,0,14.556213017751276,-0.08861200583068651,-0.044844989095137996,-0.04376701673554852,13.131638962222338,12.76725,12.402861037777663,0.15242857142857133,638627.1955,-4.805225099136927,12.5498,0.2452951283658033
2025-11-21 08:00:00,12.244,12.39,12.217,12.355,3587462.97,2025-11-21 08:14:59.999,44108008.32178,947,3577649.22,43986699.66777,0,24.318658280922293,-0.10000634164609323,-0.055919096399859855,-0.04408724524623338,13.1383268563148,12.73865,12.3389731436852,0.15264285714285705,800797.777,-3.9194338595536165,12.4692,0.2251648285145687
2025-11-21 08:15:00,12.356,12.402,12.346,12.346,31694.25,2025-11-21 08:29:59.999,392704.06276,639,31198.65,386578.35351,0,22.80887011615613,-0.10833620848445591,-0.06643429906678538,-0.041901909417670524,13.13740141776003,12.7103,12.28319858223997,0.14907142857142844,793932.8445,-4.0192801057296075,12.388200000000001,0.16260289050319587
2025-11-21 08:30:00,12.346,12.402,12.271,12.274,1024205.02,2025-11-21 08:44:59.999,12602583.59006,651,3820.82,47145.45275,0,21.238938053097186,-0.11866393131963449,-0.07690554343271011,-0.041758387886924375,13.123980417133309,12.674900000000001,12.225819582866693,0.15442857142857122,844031.6585000001,-3.7710701685613612,12.3094,0.04864462971381
2025-11-21 08:45:00,12.276,12.345,12.271,12.314,36174.41,2025-11-21 08:59:59.999,444145.43668,600,17881.40,219661.82734,0,23.93162393162389,-0.12247350293672277,-0.08603679774808436,-0.03643670518863841,13.11471321627497,12.647400000000001,12.180086783725033,0.15671428571428553,838822.8975000001,-3.6387823773378187,12.3064,0.0475846613941263
2025-11-21 09:00:00,12.314,12.379,12.273,12.328,421935.42,2025-11-21 09:14:59.999,5218094.78432,683,421141.55,5208295.33350,0,27.73722627737213,-0.1230123587837042,-0.09344337107229826,-0.02956898771140594,13.098551965068069,12.6211,12.143648034931932,0.153642857142857,859383.5325,-3.67244882012815,12.323400000000001,0.03185592566531106
2025-11-21 09:15:00,12.329,12.363,12.175,12.175,616031.41,2025-11-21 09:29:59.999,7539172.52461,878,1596.90,19586.11997,0,22.242647058823493,-0.13311769132137918,-0.10138807018324396,-0.031729621138135225,13.092626378824288,12.58775,12.082873621175711,0.16385714285714265,889256.6769999999,-4.141406188489094,12.2874,0.06819677411720744
2025-11-21 09:30:00,12.175,12.175,12.022,12.041,2168647.12,2025-11-21 09:44:59.999,26237362.50743,1099,12568.77,151781.78087,0,18.5369908561928,-0.149268331048523,-0.11097361542049781,-0.03829471562802518,13.092616475907189,12.54755,12.00248352409281,0.1694285714285713,986114.9805,-5.583000078412921,12.2264,0.11966327757500539
2025-11-21 09:45:00,12.03,12.054,12.009,12.038,2595.8,2025-11-21 09:59:59.999,31221.80442,614,1225.76,14750.88069,0,20.10820559062212,-0.16038161737589007,-0.12086305102969247,-0.0395185663461976,13.07556130356312,12.5064,11.937238696436879,0.16557142857142843,984339.332,-5.643517792757477,12.1792,0.1408605693584701
2025-11-21 10:00:00,12.038,12.072,11.925,12.064,2867799.69,2025-11-21 10:14:59.999,34382367.44336,1042,1798071.22,21583597.45789,0,18.19021237303781,-0.16528983278517373,-0.12975404271626276,-0.03553579006891097,13.043123224831259,12.46665,11.89017677516874,0.16607142857142826,1127581.1285,-5.387812720570931,12.1292,0.12446565791410841
2025-11-21 10:15:00,12.064,12.075,11.96,12.004,382281.82,2025-11-21 10:29:59.999,4596516.19429,730,6432.57,77160.73249,0,16.87170474516698,-0.17168790999040695,-0.13814507092787118,-0.03354283906253577,13.003824160939057,12.4237,11.843575839060943,0.16978571428571382,1146503.9435,-5.241553520682031,12.064400000000001,0.06543164372068912
2025-11-21 10:30:00,12.004,12.085,11.998,12.062,91936.55,2025-11-21 10:44:59.999,1109954.94864,731,85795.34,1036208.02765,0,21.026072329688816,-0.17037177276480797,-0.14459302689693995,-0.02577874586786802,12.968639500831118,12.389050000000001,11.809460499168884,0.17228571428571396,1146556.759,-2.1656257604023135,12.0418,0.024211567483145215
2025-11-21 10:45:00,12.068,12.085,11.998,12.009,4809.13,2025-11-21 10:59:59.999,57932.40126,644,2221.77,26850.07425,0,21.570319240724785,-0.17136621846096034,-0.14994940345331695,-0.02141681500764339,12.923331018135919,12.35055,11.777768981864082,0.1691428571428569,1146704.3495,-1.911296250918892,12.0354,0.028351366809923288
2025-11-21 11:00:00,12.01,12.125,11.993,12.098,1085176.18,2025-11-21 11:14:59.999,13127655.80684,667,1083582.49,13108390.80791,0,37.29372937293731,-0.16345059155748665,-0.15265034227795962,-0.010800249279527024,12.857950308569988,12.31555,11.773149691430012,0.1162142857142855,1200729.661,-2.080129502225817,12.0474,0.040022493675319064
2025-11-21 11:15:00,12.098,12.126,12.073,12.073,231086.31,2025-11-21 11:29:59.999,2798075.50707,648,213414.12,2584274.51180,0,39.97641509433964,-0.1572737901970367,-0.15357522395218348,-0.0036985662448532075,12.804874303254586,12.28415,11.763425696745415,0.11049999999999967,1212144.7005,-2.2112425076947972,12.0492,0.041142435513603
2025-11-21 11:30:00,12.073,12.119,11.958,11.959,673305.37,2025-11-21 11:44:59.999,8088941.67627,831,14813.52,178645.40327,0,26.705882352941174,-0.15931151380545217,-0.15472267257544145,-0.004588841230010715,12.734854977651365,12.24445,11.754045022348636,0.10964285714285678,1238657.4985000002,-2.5664005214274037,12.040200000000002,0.05580949739955444
2025-11-21 11:45:00,11.959,12.001,11.873,11.89,787779.32,2025-11-21 11:59:59.999,9370978.02141,978,8882.77,105764.23821,0,24.945054945054977,-0.16434871165401788,-0.15664813632918934,-0.00770057532482854,12.65215179735722,12.201049999999999,11.749948202642777,0.11478571428571398,1275884.6275,-3.443235341887278,12.005799999999999,0.08459728128013586
2025-11-21 12:00:00,11.894,11.899,11.838,11.86,3124.28,2025-11-21 12:14:59.999,37109.05996,638,1634.85,19450.24987,0,26.152073732718932,-0.168705507900464,-0.15905986710264927,-0.009645640797814742,12.551406251366556,12.1565,11.761593748633443,0.10978571428571408,1275502.4625,-3.7962362102530824,11.975999999999999,0.10657626377383524
2025-11-21 12:15:00,11.86,11.899,11.644,11.645,2942878.99,2025-11-21 12:29:59.999,34569935.58009,1271,13532.89,159420.87631,0,17.92905081495681,-0.18670831394171117,-0.16459002692443006,-0.022118287017281107,12.486053102996996,12.105350000000001,11.724646897003007,0.12271428571428546,1390781.6535,-4.35318275154005,11.8854,0.15737630063001554
2025-11-21 12:30:00,11.644,12.051,11.644,12.051,11092694.73,2025-11-21 12:44:59.999,131744806.79914,1190,11082229.73,131619507.73816,0,40.34843205574916,-0.1673692706632206,-0.16514591350386837,-0.002223357159352235,12.457800694797905,12.09145,11.725099305202095,0.14421428571428546,1440948.1430000002,0.0830495805996162,11.881,0.15099834436174778
2025-11-21 12:45:00,12.051,12.113,12.032,12.057,1142859.92,2025-11-21 12:59:59.999,13799914.42503,858,1140977.59,13777198.63901,0,45.419254658385086,-0.14984606072595064,-0.16208577633856996,0.012239715612619328,12.441682020387852,12.08215,11.72261797961215,0.13657142857142837,1459723.9345,0.15783352716398177,11.9006,0.16894762502026844
2025-11-21 13:00:00,12.057,12.114,11.998,12.076,773353.78,2025-11-21 13:14:59.999,9296798.24831,835,43574.51,525913.16032,0,51.491901108269396,-0.13293710376522583,-0.15625578789209088,0.023318684126865052,12.404025518606504,12.068200000000001,11.732374481393498,0.1339285714285713,1319018.475,0.09946949602122393,11.9378,0.18567902412493897
2025-11-21 13:15:00,12.082,12.128,12.01,12.014,686177.29,2025-11-21 13:29:59.999,8256234.39494,802,2949.72,35538.41308,0,49.025974025973994,-0.12298737047578179,-0.14960187255371887,0.026614502077937086,12.361422631771553,12.051599999999999,11.741777368228444,0.13914285714285704,1351742.6269999999,0.08330556481172766,11.968599999999999,0.18228905617175695
2025-11-21 13:30:00,12.014,12.123,12.01,12.123,768593.67,2025-11-21 13:44:59.999,9306215.80268,669,767433.98,9292274.87115,0,52.24334600760453,-0.10530938023486769,-0.14074312714416845,0.03543374690930076,12.338006298219845,12.04405,11.750093701780155,0.1367142857142857,1338962.0595,0.5057204443707507,12.0642,0.03982084881052813
2025-11-21 13:45:00,12.123,12.157,12.103,12.103,42180.19,2025-11-21 13:59:59.999,511928.61243,637,39557.95,480148.62363,0,53.88235294117647,-0.09181876540595191,-0.13095803658171376,0.03913927117576185,12.300579723953962,12.0335,11.766420276046038,0.13235714285714298,1339262.3485,0.7827462736281074,12.0746,0.042229136860596976
2025-11-21 14:00:00,12.103,12.103,12.025,12.025,1061704.58,2025-11-21 14:14:59.999,12795105.16851,797,2899.95,34959.69736,0,48.57142857142861,-0.08629244889709575,-0.1220247596698044,0.03573231077270865,12.246651070841386,12.01835,11.790048929158614,0.13171428571428567,1371250.8065000002,-0.6034055215738171,12.068200000000001,0.04764136857806411
2025-11-21 14:15:00,12.025,12.066,11.981,11.998,4534.99,2025-11-21 14:29:59.999,54691.66463,626,4113.80,49636.77288,0,49.56658786446017,-0.08308885861101523,-0.11423746831411036,0.03114860970309513,12.225631051861832,12.0095,11.793368948138166,0.13157142857142848,1340675.9855000002,-0.6212209061542373,12.052600000000002,0.0564118781817342
2025-11-21 14:30:00,11.991,12.253,11.991,12.202,3225463.3,2025-11-21 14:44:59.999,39128973.17795,1028,3206595.85,38899328.18100,0,53.757225433525974,-0.06365455248939966,-0.10412076963688946,0.0404662171474898,12.249998273815821,12.01755,11.785101726184179,0.14085714285714282,1393516.7945,2.0319424701061988,12.0902,0.08137997296627204
2025-11-21 14:45:00,12.204,12.293,12.128,12.249,1419449.08,2025-11-21 14:59:59.999,17317250.19520,994,1002392.38,12251714.41359,0,56.25889046941677,-0.04401931568985695,-0.09210036904851333,0.04808105335865638,12.282566542108363,12.0281,11.773633457891638,0.14885714285714283,1464359.4585000002,3.0193439865433134,12.1154,0.10892336755715677
2025-11-21 15:00:00,12.249,12.293,12.1,12.116,1061628.04,2025-11-21 15:14:59.999,12887704.27283,1107,15396.68,187732.87232,0,55.50877192982455,-0.038579472240245494,-0.08139611146540984,0.04281663922516435,12.287760386106491,12.0307,11.773639613893508,0.1511428571428571,1374050.876,2.15851602023609,12.118,0.10870832534811445
2025-11-21 15:15:00,12.119,12.124,12.034,12.04,294387.28,2025-11-21 15:29:59.999,3544236.32419,654,6190.57,74875.01293,0,55.237430167597694,-0.03985222681195211,-0.07308728596127,0.03323505914931789,12.289277191969507,12.032499999999999,11.77572280803049,0.14842857142857138,1369656.149,3.3920137398024868,12.121,0.10566456359627667
2025-11-21 15:30:00,12.036,12.113,11.885,11.924,2003639.6,2025-11-21 15:44:59.999,23967669.09916,1300,1775.42,21405.89159,0,52.108036890645586,-0.04952291737033221,-0.06837439020178684,0.018851472831454635,12.286424119000884,12.0256,11.764775880999117,0.1603571428571428,1465241.3015,-1.05385445191271,12.106199999999998,0.12965801170769
2025-11-21 15:45:00,11.924,11.97,11.839,11.905,1001910.64,2025-11-21 15:59:59.999,11899759.91856,1040,135190.59,1614821.87662,0,59.83358547655064,-0.05802950463843359,-0.06630540534812483,0.008275900709691239,12.286706827392285,12.020399999999999,11.754093172607712,0.15150000000000002,1515096.3769999999,-1.2606784440574024,12.0468,0.1422206032893649
2025-11-21 16:00:00,11.915,11.921,11.787,11.842,1596919.0,2025-11-21 16:14:59.999,18916859.44998,977,15969.57,189172.84217,0,39.32584269662926,-0.06899809497457277,-0.06684394488534692,-0.0021541500892258425,12.282667379305234,12.0076,11.732532620694766,0.13199999999999992,1540683.518,-1.937727724412057,11.965399999999999,0.11049343871918331
2025-11-21 16:15:00,11.839,11.873,11.732,11.869,2954461.27,2025-11-21 16:29:59.999,34866951.31599,908,1709738.51,20227162.40902,0,40.59999999999998,-0.0746719183361666,-0.06840954332437434,-0.006262375011792262,12.277342400090404,11.9974,11.717457599909597,0.13628571428571426,1676852.266,-1.2069252538704809,11.916,0.07623319486935715
2025-11-21 16:30:00,11.871,11.973,11.843,11.85,3475472.62,2025-11-21 16:44:59.999,41422985.73350,820,2857911.11,34085798.75272,0,38.69999999999998,-0.0797649152554527,-0.07068062206111256,-0.009084293194340148,12.279189108171419,11.99195,11.70471089182858,0.1372857142857142,1816960.6285,-2.251917842118285,11.877999999999998,0.035376545902461934
2025-11-21 16:45:00,11.849,12.168,11.838,12.168,3056278.19,2025-11-21 16:59:59.999,36781946.78383,1016,3054023.27,36754947.57328,0,56.13057324840764,-0.05770954742992629,-0.0680864031592464,0.010376855729320109,12.299158011267403,12.00585,11.712541988732598,0.15242857142857133,1930385.572,0.5370569280343676,11.926799999999998,0.13700620423904009
2025-11-21 17:00:00,12.168,12.295,12.149,12.247,1758934.67,2025-11-21 17:14:59.999,21469226.35055,732,1758657.01,21465830.88265,0,55.057096247960864,-0.03352479080230175,-0.06117407221336439,0.02764928141106264,12.328873370234252,12.0252,11.721526629765748,0.15478571428571428,2018176.0914999999,1.8461538461538423,11.9952,0.19605024866087417
2025-11-21 17:15:00,12.25,12.313,12.228,12.281,12055.82,2025-11-21 17:29:59.999,148044.57007,651,8579.39,105503.48308,0,57.17741935483873,-0.01150528327031708,-0.051240304681744085,0.039735021411427006,12.324026511595182,12.056999999999999,11.789973488404815,0.15700000000000003,1871634.9330000002,2.3587264544090787,12.083000000000002,0.20821263170132645
2025-11-21 17:30:00,12.283,12.341,12.229,12.266,294645.92,2025-11-21 17:44:59.999,3630747.11641,645,293068.01,3611360.84871,0,60.23789294817328,0.00468811011434056,-0.04005461294581153,0.04474272306015209,12.350601551171204,12.06775,11.784898448828796,0.1594285714285715,1331732.4925000002,0.524504179642682,12.162400000000002,0.17998694397092696
2025-11-21 17:45:00,12.268,12.302,12.188,12.188,650557.99,2025-11-21 17:59:59.999,7948535.62370,903,189.34,2313.37711,0,57.73615635179157,0.01114031943138194,-0.029815620043252826,0.040955939474634766,12.362126775390227,12.074300000000001,11.786473224609775,0.16149999999999995,1307117.396,-0.4979998367213645,12.23,0.04948232007489933
2025-11-21 18:00:00,12.188,12.206,11.978,11.98,2362708.94,2025-11-21 18:14:59.999,28528234.10458,1224,16356.38,197899.70933,0,40.99025974025977,-0.0004209993177770599,-0.023936692945947798,0.02351569362817074,12.360392998956767,12.0695,11.778607001043232,0.15907142857142847,1386585.154,-1.122482667547039,12.192400000000001,0.12387614782513195
2025-11-21 18:15:00,11.98,12.072,11.954,12.072,1986171.67,2025-11-21 18:29:59.999,23875287.26791,932,1471802.91,17720116.63461,0,43.06969459671099,-0.0021769055270031146,-0.01958473371382665,0.017407828186823536,12.362117394060158,12.0724,11.782682605939842,0.15571428571428556,1451584.8730000001,0.26578073089701026,12.1574,0.12920061919353673
2025-11-21 18:30:00,12.07,12.206,12.064,12.206,1474478.77,2025-11-21 18:44:59.999,17916580.19211,890,1416246.92,17207596.15162,0,53.52112676056338,0.007104528031804946,-0.014246879649180179,0.021351407680985125,12.371647111580433,12.07655,11.781452888419565,0.1520714285714284,1486879.128,2.364978195236498,12.142399999999999,0.1148163751387098
2025-11-21 18:45:00,12.206,12.298,12.198,12.231,3239135.3,2025-11-21 18:59:59.999,39655835.82140,837,2809358.14,34383436.22614,0,57.783211083944614,0.01627920069019062,-0.008141662011592981,0.0244208627017836,12.385909768042868,12.08295,11.779990231957132,0.1527857142857141,1646726.8835,2.738345233095343,12.1354,0.10613576211622908
2025-11-21 19:00:00,12.231,12.28,12.189,12.189,3667.37,2025-11-21 19:14:59.999,44945.25739,636,1669.71,20503.81781,0,61.491760624457974,0.01994618738471665,-0.0025240909768637124,0.022470278361580363,12.396374869649557,12.09115,11.785925130350444,0.1429999999999998,1593825.023,2.930248268873497,12.1356,0.10626052889004803
2025-11-21 19:15:00,12.189,12.271,12.169,12.25,450428.2,2025-11-21 19:29:59.999,5489759.83676,851,56355.63,690060.64442,0,64.4351464435147,0.027436965685028625,0.0034681213415360223,0.023968844343492602,12.41355528689716,12.103750000000002,11.793944713102842,0.14092857142857124,1616119.6834999998,3.2100429690791152,12.1896,0.06975170248813793
2025-11-21 19:30:00,12.25,12.271,12.126,12.127,1227659.76,2025-11-21 19:44:59.999,14928520.97045,973,21268.78,260787.10744,0,61.3545816733068,0.023219283563937765,0.007418354306026479,0.015800929257911288,12.406596940967262,12.1,11.793403059032737,0.1417142857142857,1516229.5065000001,2.3375527426160425,12.2006,0.04728953372569689
2025-11-21 19:45:00,12.126,12.138,12.081,12.115,6326.02,2025-11-21 19:59:59.999,76678.40936,660,158.34,1921.32354,0,59.919354838709694,0.0186964544589312,0.009673974574151962,0.009022479884779238,12.391940498540263,12.0933,11.794659501459735,0.13571428571428573,1445573.3535,-0.43556870479946624,12.1824,0.060388740672359956
2025-11-21 20:00:00,12.111,12.138,12.017,12.076,1273518.27,2025-11-21 20:14:59.999,15342642.20796,880,11864.21,142794.16790,0,58.96825396825401,0.011839293664152706,0.010107038428637668,0.0017322552355150383,12.389836147859693,12.0913,11.792763852140308,0.13507142857142856,1456167.865,-1.3962603086470107,12.151399999999999,0.06844925127415961
2025-11-21 20:15:00,12.076,12.076,11.934,11.941,1405136.11,2025-11-21 20:29:59.999,16823554.76561,1003,2778.16,33305.72222,0,39.461467038068776,-0.0044034733216573585,0.007204935882977337,-0.011608409204634695,12.391673486779029,12.08635,11.78102651322097,0.12164285714285723,1511705.3065,-2.7685041934695858,12.1018,0.11101216149590189
2025-11-21 20:30:00,11.934,12.033,11.932,12.029,475158.44,2025-11-21 20:44:59.999,5700609.67544,658,432585.84,5192486.71898,0,39.96316758747696,-0.010078957809179556,0.003748156958156808,-0.013827114767336364,12.388668767512735,12.0916,11.794531232487264,0.1184285714285714,1435281.2485000002,-1.9321702266427532,12.057599999999999,0.07560290999684828
2025-11-21 20:45:00,12.033,12.068,12.014,12.055,312190.58,2025-11-21 20:59:59.999,3760164.35292,683,311830.30,3755825.79827,0,39.517625231910884,-0.012341976211827088,0.000530130185347502,-0.01287210639717459,12.383642772661055,12.0991,11.814557227338945,0.11621428571428563,1400795.2455,-1.09123728257303,12.043200000000002,0.06522422862703152
2025-11-21 21:00:00,12.051,12.072,11.994,12.043,368.03,2025-11-21 21:14:59.999,4429.78383,611,96.43,1164.07745,0,39.62790697674413,-0.014929123210725592,-0.002561720600562965,-0.012367402610162627,12.368545471290986,12.10915,11.849754528709013,0.11378571428571416,1320967.6970000002,0.5258764607679368,12.0288,0.05202114954507484
2025-11-21 21:15:00,12.042,12.173,11.997,12.161,1583599.36,2025-11-21 21:29:59.999,19156451.17840,676,1582479.26,19142871.45190,0,48.78923766816139,-0.007394343399676373,-0.0035282451870684768,-0.0038660982126078962,12.35787176319163,12.12375,11.889628236808369,0.11821428571428567,1252424.6015,0.7372432074221373,12.0458,0.07846782780217144
2025-11-21 21:30:00,12.161,12.225,12.112,12.212,647772.68,2025-11-21 21:44:59.999,7890971.92149,779,543393.09,6625805.71107,0,62.10855949895615,0.002652829181947425,-0.0022920302859627635,0.004944859467910188,12.340083541163102,12.14185,11.943616458836898,0.10999999999999995,1111039.6045,0.04915615271178296,12.1,0.08151686941972235
2025-11-21 21:45:00,12.212,12.233,12.156,12.156,21069.89,2025-11-21 21:59:59.999,257679.11766,655,20311.78,248433.47793,0,54.555314533622635,0.006035657795761651,-0.0006264926401903781,0.006662150435952029,12.339222751979342,12.14125,11.943277248020657,0.10707142857142861,959279.1895,-0.6131959774343821,12.1254,0.07322772698911525
2025-11-21 22:00:00,12.154,12.233,12.146,12.169,2685.66,2025-11-21 22:14:59.999,32667.98184,654,1279.70,15581.25139,0,47.69038701622977,0.009652302469740803,0.0014292664108535524,0.00822303605888725,12.329539900605353,12.137350000000001,11.94516009939465,0.1031428571428572,871466.7390000001,-0.1640823693494099,12.1482,0.06283868235404579
2025-11-21 22:15:00,12.167,12.179,12.025,12.04,1465163.08,2025-11-21 22:29:59.999,17702279.85499,946,91.81,1110.35958,0,39.44751381215465,0.002102534561736036,0.0015639200425526878,0.000538614519183348,12.309627054872182,12.1253,11.940972945127816,0.10700000000000008,944122.102,-1.7142857142857213,12.1476,0.06409602171736288
2025-11-21 22:30:00,12.038,12.077,11.954,11.973,1084489.52,2025-11-21 22:44:59.999,13000349.17309,852,13761.09,164732.94563,0,38.38709677419356,-0.009172748135533482,-0.0005834136124898775,-0.008589334523043604,12.294466012131007,12.11065,11.926833987868992,0.10928571428571436,983614.282,-1.2698936257936828,12.110000000000001,0.09958664569103724
2025-11-21 22:45:00,11.975,12.001,11.861,11.861,833953.48,2025-11-21 22:59:59.999,9934692.14627,736,1280.45,15243.16584,0,30.173292558613653,-0.026823479790895277,-0.005831426886150857,-0.02099205290474442,12.305307707516898,12.0943,11.883292292483103,0.11199999999999997,992784.0565,-2.096574494428391,12.0398,0.1290608383669943
2025-11-21 23:00:00,11.861,11.904,11.786,11.877,598989.81,2025-11-21 23:14:59.999,7070156.73614,1236,28447.68,337782.77272,0,35.69794050343248,-0.03907176698653814,-0.012479494944717996,-0.02659227204182014,12.316313076132218,12.08915,11.861986923867782,0.11007142857142847,904598.1,-1.6478966545213631,11.984,0.12655038522260917
2025-11-21 23:15:00,11.877,12.081,11.877,12.081,1986356.79,2025-11-21 23:29:59.999,23708073.76884,1248,1985902.39,23702634.84383,0,48.40525328330203,-0.031969176888082984,-0.016377431351445003,-0.015591745536637981,12.31665566208348,12.0896,11.862544337916521,0.12057142857142836,904607.356,1.1724311196717092,11.966400000000002,0.09707625868352437
2025-11-21 23:30:00,12.082,12.129,12.075,12.129,181904.78,2025-11-21 23:44:59.999,2200486.47448,1261,180770.88,2186771.38558,0,52.46511627906973,-0.022215502200822357,-0.01754504552564689,-0.0046704566751754675,12.307033219331815,12.08575,11.864466780668186,0.11578571428571406,839978.6564999999,0.8313242996092747,11.9842,0.11951234245880474
2025-11-21 23:45:00,12.129,12.152,12.078,12.109,11848.37,2025-11-21 23:59:59.999,143923.89263,1214,10902.52,132474.88976,0,58.749999999999986,-0.015914373953403782,-0.017218911210231516,0.0013045372568277341,12.290557088548388,12.07965,11.868742911451614,0.11092857142857111,678614.31,0.44794690999585457,12.0114,0.13122804578286928
2025-11-22 00:00:00,12.117,12.165,12.105,12.156,876.92,2025-11-22 00:14:59.999,10633.75717,1175,311.94,3786.97292,0,56.90968443960831,-0.00705067068790477,-0.01518526310094353,0.00813459241303876,12.285798485380122,12.078,11.870201514619877,0.10799999999999965,678474.7875,0.9383044092003764,12.070400000000001,0.11154281689105483
2025-11-22 00:15:00,12.151,12.157,12.048,12.049,1062.0,2025-11-22 00:29:59.999,12841.75497,1201,299.34,3623.74997,0,49.69999999999999,-0.008553726240986492,-0.013858955726435937,0.005305229485449444,12.259532303325035,12.06795,11.876367696674965,0.11192857142857106,656006.4775,-0.9209768933475873,12.104800000000001,0.041547563105333696
2025-11-22 00:30:00,12.049,12.146,12.048,12.146,42942.95,2025-11-22 00:44:59.999,521418.46727,1210,42627.59,517598.65591,0,54.746543778801914,-0.0019024690575015768,-0.01146765838901977,0.009565189331518193,12.261898391048542,12.068900000000001,11.87590160895146,0.11335714285714259,596770.637,-0.5404520144120452,12.117799999999999,0.04239929244682969
2025-11-22 00:45:00,12.146,12.167,12.11,12.156,6114.3,2025-11-22 00:59:59.999,74210.66890,1171,2752.69,33489.47415,0,49.74411463664284,0.004127357244643193,-0.008348655258500185,0.012476012503143378,12.266859189489091,12.07095,11.875040810510908,0.10485714285714261,596760.0510000001,0.0,12.1232,0.045767892675890605
2025-11-22 01:00:00,12.157,12.2,12.106,12.139,14256.67,2025-11-22 01:14:59.999,173294.00916,979,7071.90,86274.49568,0,46.12937433722161,0.0074493505208224065,-0.005189054099566637,0.012638404620389045,12.272362877062273,12.0741,11.875837122937726,0.10349999999999973,533796.971,-0.24652806311119352,12.1292,0.04540594674700532
2025-11-22 01:15:00,12.138,12.2,12.106,12.165,7112.4,2025-11-22 01:29:59.999,86452.90062,820,3565.93,43504.34600,0,50.49288061336246,0.012039811230607711,-0.0017432810308541697,0.01378309226146188,12.277107030220643,12.0853,11.893492969779357,0.10471428571428541,463895.78550000006,1.0382059800664452,12.131,0.04688816481791409
2025-11-22 01:30:00,12.167,12.219,12.106,12.17,189497.32,2025-11-22 01:44:59.999,2312630.28287,936,188536.80,2300923.46643,0,50.055248618784496,0.01589769016094067,0.0017849132096981139,0.014112776951242556,12.285802047641784,12.09235,11.898897952358215,0.10657142857142825,449612.7295000001,1.645368746345938,12.155199999999999,0.012872451203717097
2025-11-22 01:45:00,12.17,12.232,12.17,12.225,62671.21,2025-11-22 01:59:59.999,766327.90804,746,61248.99,748944.94888,0,61.1311672683514,0.023123979070371448,0.006052726383955262,0.017071252686416186,12.302171188781976,12.10085,11.899528811218023,0.09999999999999964,437136.76100000006,3.0688812073180927,12.171,0.03241141774116472
2025-11-22 02:00:00,12.226,12.234,12.123,12.128,2018423.72,2025-11-22 02:14:59.999,24556167.78853,1356,1249.09,15180.78866,0,59.001161440185776,0.020788242097202314,0.008999829527777203,0.011788412569425111,12.304861858221125,12.1051,11.905338141778875,0.09914285714285688,538039.5455,2.1133282815525756,12.1654,0.037647045036658756
2025-11-22 02:15:00,12.129,12.146,12.106,12.146,1714.99,2025-11-22 02:29:59.999,20807.57601,1225,985.54,11969.60803,0,68.57887874837022,0.020156528785772565,0.01123116938008648,0.008925359405686084,12.303339314709053,12.10435,11.905360685290947,0.09199999999999989,458945.32700000005,0.5380349308832156,12.1668,0.03653354622798359
2025-11-22 02:30:00,12.127,12.146,12.041,12.041,8241.33,2025-11-22 02:44:59.999,99335.27567,1210,401.50,4867.88970,0,59.57943925233639,0.01105962961892537,0.011196861427845522,-0.00013723180892015116,12.289949806511308,12.0958,11.901650193488694,0.09107142857142847,426968.75950000004,-0.7255338445048989,12.142,0.06724209990766138
2025-11-22 02:45:00,12.043,12.085,12.026,12.085,604733.7,2025-11-22 02:59:59.999,7280314.99250,1334,76543.99,924114.04474,0,50.28735632183917,0.007314913949681312,0.010420471932054526,-0.003105557982373214,12.284350713716746,12.09225,11.900149286283254,0.08071428571428577,456151.95,-0.19819968618382303,12.125,0.06911222757220116
2025-11-22 03:00:00,12.085,12.136,12.026,12.136,321444.81,2025-11-22 03:14:59.999,3894127.33091,1174,311902.95,3779315.13660,0,50.50071530758223,0.00836445435497346,0.010009268416571302,-0.001644814061597841,12.280479075092153,12.090599999999998,11.900720924907844,0.08471428571428571,472089.90750000003,-0.16452780519908974,12.1072,0.04371155453643322
2025-11-22 03:15:00,12.135,12.147,12.071,12.089,2705.77,2025-11-22 03:29:59.999,32763.95291,1206,979.34,11887.27903,0,48.622589531680475,0.005343482301062963,0.009076111193347978,-0.003732628892285015,12.281438707897037,12.09305,11.904661292102963,0.0848571428571429,398967.042,0.3319777574902558,12.0994,0.04253586721804928
2025-11-22 03:30:00,12.089,12.114,12.047,12.103,14061.25,2025-11-22 03:44:59.999,169979.94347,1199,7077.79,85612.19299,0,46.17604617604613,0.004032171316870503,0.00806732321794727,-0.004035151901076768,12.279269635455835,12.09955,11.919830364544167,0.085357142857143,345445.6285,-0.3540260167956614,12.0908,0.0343103482930652
2025-11-22 03:45:00,12.103,12.113,12.047,12.105,60697.6,2025-11-22 03:59:59.999,734705.89298,1225,54167.28,655982.63568,0,54.76190476190484,0.0031183367349214564,0.007077525921259522,-0.003959189186338066,12.252101251095839,12.111749999999999,11.971398748904159,0.08228571428571436,306782.8345,-0.41954590325765184,12.1036,0.02006987792667333
2025-11-22 04:00:00,12.105,12.113,11.956,11.961,896810.18,2025-11-22 04:14:59.999,10772048.09334,1400,2196.63,26474.40445,0,35.43307086614169,-0.009117044953297793,0.003838611746131864,-0.012955656699429656,12.229117737637822,12.115950000000002,12.002782262362182,0.08650000000000002,321673.853,-1.4663481341131812,12.078800000000001,0.06805292058384628
2025-11-22 04:15:00,11.963,11.995,11.898,11.941,560228.32,2025-11-22 04:29:59.999,6673486.76690,1307,735.95,8816.30793,0,33.33333333333333,-0.020194251616882042,-0.0009679609267275856,-0.019226290690154454,12.246016215269767,12.10895,11.971883784730233,0.08935714285714282,250367.4295,-1.8413481298807928,12.0398,0.08160392147434395
2025-11-22 04:30:00,11.941,11.976,11.88,11.894,419240.73,2025-11-22 04:44:59.999,4984784.89732,1259,752.34,8996.67661,0,31.851851851851876,-0.03239116790176588,-0.0072526023220037235,-0.02513856557976216,12.264077957296752,12.0972,11.93032204270325,0.08950000000000001,262234.227,-2.2678718159408366,12.000800000000002,0.09729953751169879
2025-11-22 04:45:00,11.89,12.021,11.886,12.021,1296018.0,2025-11-22 04:59:59.999,15525247.43766,1133,1295720.11,15521680.49108,0,40.72164948453619,-0.031449240822489344,-0.012091930022266235,-0.01935731080022311,12.262975884245991,12.0928,11.92262411575401,0.0924285714285716,326442.7085,-1.6687116564417084,11.9844,0.08137444316239804
2025-11-22 05:00:00,12.021,12.036,11.976,11.98,7659.18,2025-11-22 05:14:59.999,91787.65717,1225,309.35,3722.65507,0,38.300492610837466,-0.03362282210403933,-0.01639810843873859,-0.01722471366530074,12.258561103764057,12.084,11.909438896235942,0.08864285714285725,326781.82149999996,-1.2203166226912903,11.9594,0.047003191380906854
2025-11-22 05:15:00,11.98,11.98,11.879,11.933,1653626.29,2025-11-22 05:29:59.999,19706525.19717,1584,880.66,10501.71153,0,31.84079601990051,-0.038691142382102583,-0.02085671522750891,-0.017834427154593675,12.26494113802678,12.0782,11.891458861973222,0.09142857142857164,409410.03599999996,-1.753663757615684,11.9538,0.04841177542695701
2025-11-22 05:30:00,11.933,11.935,11.843,11.85,21727.29,2025-11-22 05:44:59.999,259266.73990,1096,21116.02,252005.81054,0,32.40506329113923,-0.04884098531007375,-0.026453569244119807,-0.02238741606595394,12.273031656910176,12.0634,11.853768343089824,0.09007142857142877,408349.25299999997,-1.5862469894527091,11.9356,0.06769268793592133
2025-11-22 05:45:00,11.85,11.928,11.838,11.908,184622.58,2025-11-22 05:59:59.999,2191049.32793,1231,63120.84,752396.49671,0,35.66265060240957,-0.051610511473869636,-0.0314849576901402,-0.020125553783729433,12.26681668634566,12.050999999999998,11.835183313654337,0.09364285714285739,417274.667,-1.4646255688870613,11.9384,0.06580501500638115
2025-11-22 06:00:00,11.909,11.929,11.852,11.917,2687.85,2025-11-22 06:14:59.999,32008.31950,1121,1160.38,13842.13181,0,41.553133514986335,-0.05247435763956432,-0.035682837680072035,-0.016791519959492282,12.259463106861547,12.0399,11.820336893138451,0.09164285714285736,416696.22599999997,-1.8045484508899097,11.917599999999998,0.04688603203502934
2025-11-22 06:15:00,11.923,12.007,11.852,11.969,645337.84,2025-11-22 06:29:59.999,7712088.25130,1144,643910.39,7695009.23541,0,42.183288409703394,-0.04840559460177296,-0.03822738906443502,-0.01017820553733794,12.243564553941475,12.030100000000001,11.816635446058527,0.0985000000000001,448607.49799999996,-0.9926379353131027,11.9154,0.043350893877632336
2025-11-22 06:30:00,11.969,12.013,11.914,11.926,1759.63,2025-11-22 06:44:59.999,21058.55131,1125,472.61,5676.01900,0,35.69482288828344,-0.04809592309354471,-0.040201095870271104,-0.007894827223273608,12.225508842728114,12.017900000000001,11.810291157271887,0.09771428571428586,439220.6135,-1.462447327108978,11.914,0.04274926899947788
2025-11-22 06:45:00,11.926,12.013,11.922,11.996,1798.29,2025-11-22 06:59:59.999,21578.64456,1026,1226.99,14739.83087,0,43.857331571994735,-0.0417218331621072,-0.04050524332864007,-0.0012165898334671327,12.189809841783601,12.006450000000001,11.8230901582164,0.09878571428571435,436176.96749999997,-0.9004543577034282,11.943200000000001,0.03766563420400556
2025-11-22 07:00:00,11.997,12.013,11.942,11.996,66472.77,2025-11-22 07:14:59.999,796236.89648,1206,33630.18,403999.03567,0,42.79946164199199,-0.03625242416618768,-0.039654679496145685,0.0034022553299580052,12.17406254411286,11.999849999999999,11.825637455887136,0.0990714285714286,338579.42,0.29261767410751727,11.9608,0.03766563420400717
2025-11-22 07:15:00,11.996,12.035,11.963,11.983,2216.35,2025-11-22 07:29:59.999,26539.15143,1211,103.24,1241.90116,0,41.90981432360745,-0.032591067903789295,-0.03824195717766923,0.005650889273879932,12.151804045117911,11.9917,11.831595954882088,0.09950000000000017,338604.488,0.35172933590151423,11.974,0.029060282173271574
2025-11-22 07:30:00,11.983,12.035,11.959,12.003,11603.81,2025-11-22 07:44:59.999,138979.80691,1196,2346.61,28241.45135,0,53.333333333333314,-0.02775578796199696,-0.03614472333452862,0.008388935372531658,12.148334870811183,11.9898,11.831265129188818,0.09371428571428593,338772.612,0.9164284513199932,11.9808,0.031475387209536014
2025-11-22 07:45:00,12.003,12.035,11.959,11.991,4793.99,2025-11-22 07:59:59.999,57388.74721,1173,477.58,5747.42574,0,54.019292604501516,-0.024608336009196208,-0.033837445869456716,0.009229109860260508,12.137194015245981,11.9851,11.833005984754017,0.092214285714286,308775.62649999995,-0.24956326428750633,11.9938,0.007395944834187537
2025-11-22 08:00:00,11.988,12.035,11.954,11.973,2002.69,2025-11-22 08:14:59.999,24019.74732,1172,679.19,8173.95673,0,56.66104553119736,-0.023297722630797324,-0.03172950122172088,0.008431778590923554,12.111448640180813,11.97695,11.842451359819188,0.09114285714285739,292803.5205,-0.058430717863102444,11.9892,0.011627553482581866
2025-11-22 08:15:00,11.972,11.973,11.847,11.85,938094.32,2025-11-22 08:29:59.999,11191444.75451,1398,4914.10,58447.82541,0,35.48387096774185,-0.0318165892731912,-0.03174691883201497,-6.967044117622834e-05,12.100049308733645,11.965,11.829950691266355,0.09050000000000022,339572.948,-0.695550155032265,11.96,0.06246599074688583
2025-11-22 08:30:00,11.847,11.892,11.761,11.797,965869.17,2025-11-22 08:44:59.999,11409014.51922,1390,4008.34,47308.77680,0,34.77537437603992,-0.042355938519412106,-0.03386872276949695,-0.008487215749915157,12.088211029391598,11.9497,11.811188970608402,0.09557142857142889,387163.344,-0.4472573839662367,11.9228,0.09317832365947327
2025-11-22 08:45:00,11.797,11.802,11.761,11.783,6548.78,2025-11-22 08:59:59.999,77156.35170,1081,4335.35,51120.05501,0,36.795774647887285,-0.05124729703066322,-0.03734443762173354,-0.013902859408929678,12.070956087367126,11.933600000000002,11.796243912632878,0.09128571428571457,384455.903,-1.049714477662076,11.8788,0.09767394739637093
2025-11-22 09:00:00,11.783,11.875,11.761,11.868,152528.68,2025-11-22 09:14:59.999,1809531.74612,1232,139677.92,1657221.50033,0,51.57894736842111,-0.05084922603428765,-0.04004539530424644,-0.010803830730041215,12.068676763438562,11.92895,11.789223236561439,0.09285714285714317,347241.828,-0.41117730972559774,11.8542,0.07527084428906557
2025-11-22 09:15:00,11.868,11.875,11.791,11.806,2606.85,2025-11-22 09:29:59.999,30850.76596,1170,835.06,9916.33750,0,41.11498257839721,-0.054903450195723735,-0.04301700628254372,-0.011886443913180014,12.072145393569109,11.9222,11.772254606430891,0.0924285714285716,319360.7545,-1.361851449578079,11.8208,0.036382688190790505
2025-11-22 09:30:00,11.805,11.927,11.79,11.894,773744.47,2025-11-22 09:44:59.999,9208805.48988,1090,773318.08,9203744.59384,0,48.23889739663096,-0.05043457668048568,-0.044500520362132846,-0.00593405631835283,12.072145393569109,11.9222,11.772254606430891,0.0967142857142859,337085.94149999996,-0.26832131477444265,11.8296,0.048510823534427754
2025-11-22 09:45:00,11.894,11.927,11.861,11.861,20766.67,2025-11-22 09:59:59.999,247573.55298,1133,18155.60,216541.84120,0,41.48264984227142,-0.04899091696287883,-0.045398599682282395,-0.0035923172805964326,12.058932930090547,11.9142,11.769467069909451,0.09035714285714302,273323.375,-1.1253751250416788,11.842400000000001,0.046144338764235696
2025-11-22 10:00:00,11.865,11.928,11.86,11.911,1750.71,2025-11-22 10:14:59.999,20834.94403,1147,780.40,9306.64799,0,48.82995319812789,-0.04331311675403171,-0.044981503096632125,0.0016683863426004142,12.052129481873079,11.910749999999998,11.769370518126918,0.0881428571428574,273027.95149999997,-0.7085695231743986,11.868,0.040056210504599135
2025-11-22 10:15:00,11.911,11.911,11.781,11.801,967017.02,2025-11-22 10:29:59.999,11417490.66038,1249,1665.15,19804.62827,0,35.68281938325991,-0.04714566073393556,-0.045414334624092924,-0.0017313261098426333,12.05326849756403,11.90415,11.755031502435969,0.09092857142857166,238697.48799999998,-1.5188183259617822,11.8546,0.050022994712318254
2025-11-22 10:30:00,11.801,11.819,11.781,11.79,1685.33,2025-11-22 10:44:59.999,19871.72038,1125,382.53,4516.54876,0,35.11560693641614,-0.0504885475135044,-0.046429177201975425,-0.004059370311528976,12.057112579857328,11.90115,11.74518742014267,0.08857142857142884,237695.38999999998,-1.7745563609097805,11.851400000000002,0.05424297189487874
2025-11-22 10:45:00,11.79,11.846,11.778,11.842,122234.12,2025-11-22 10:59:59.999,1442397.16451,1310,104900.26,1238193.43371,0,40.355677154582814,-0.04838424673045694,-0.046820191107671785,-0.0015640556227851515,12.055980226146103,11.897850000000002,11.739719773853901,0.08828571428571445,234575.967,-1.2425986156283808,11.841,0.048739101345721556
2025-11-22 11:00:00,11.843,11.95,11.799,11.95,1180647.56,2025-11-22 11:14:59.999,14038736.41588,1200,1180320.63,14034848.80738,0,46.764346764346726,-0.03756909061240066,-0.04496997100861733,0.007400880396216669,12.059152913006757,11.8995,11.739847086993242,0.09364285714285726,293473.9525,-0.19209888916730528,11.858799999999999,0.06963978747805455
2025-11-22 11:15:00,11.95,11.998,11.908,11.982,435330.84,2025-11-22 11:29:59.999,5218875.62403,1138,434847.79,5213105.92101,0,49.46364719904647,-0.026114913330131273,-0.041198959472919724,0.015084046142788451,12.061094939914788,11.90015,11.739205060085212,0.09464285714285722,282973.6025,1.1139240506329087,11.873,0.08781229982177174
2025-11-22 11:30:00,11.982,11.999,11.937,11.98,740.22,2025-11-22 11:44:59.999,8851.94858,1249,35.00,419.54852,0,50.42527339003644,-0.01700277852133958,-0.03635972328260329,0.019356944761263713,12.067392459725736,11.902849999999999,11.738307540274262,0.09328571428571449,282922.63200000004,1.5512418411460525,11.9088,0.08760821879246909
2025-11-22 11:45:00,11.98,11.99,11.961,11.965,3082.54,2025-11-22 11:59:59.999,36907.82716,1185,374.14,4485.26679,0,58.04195804195803,-0.010866428895877078,-0.031261064405257714,0.020394635509380636,12.062701884812466,11.901299999999999,11.739898115187533,0.08635714285714295,282986.8445,1.5445981498769448,11.9438,0.05835409154454779
2025-11-22 12:00:00,11.965,11.99,11.818,11.838,2086819.09,2025-11-22 12:14:59.999,24757446.53308,1738,22589.81,268257.30409,0,52.59822560202778,-0.01606572080623181,-0.028221995685452368,0.012156274879220559,12.05070011543465,11.8934,11.73609988456535,0.08928571428571441,384004.1605,-0.2527805864509701,11.943,0.06009991680517983
2025-11-22 12:15:00,11.838,11.864,11.818,11.825,4309.89,2025-11-22 12:29:59.999,51088.21673,1240,3336.87,39578.02375,0,52.664974619289325,-0.02099316662412498,-0.02677622987318683,0.005783063249061849,12.039692634133468,11.8855,11.731307365866533,0.08964285714285733,384108.8375,0.16093511773674513,11.918000000000001,0.07936938956543205
2025-11-22 12:30:00,11.825,11.864,11.815,11.817,845.12,2025-11-22 12:44:59.999,10001.92859,1172,120.17,1425.69688,0,46.41350210970464,-0.025252624101019805,-0.026471508718753412,0.0012188846177336073,12.022803080315049,11.8762,11.729596919684953,0.08500000000000021,383570.903,-0.6473852362535728,11.885,0.08040211439998905
2025-11-22 12:45:00,11.817,11.864,11.801,11.835,1789.95,2025-11-22 12:59:59.999,21213.13888,1122,1166.03,13833.68921,0,52.17391304347839,-0.02686615540028292,-0.02655043805505932,-0.0003157173452235998,12.00558278240887,11.8684,11.731217217591128,0.08350000000000028,383420.701,-0.21920580052271982,11.856,0.06149796744599361
2025-11-22 13:00:00,11.833,11.878,11.78,11.867,625148.54,2025-11-22 13:14:59.999,7421305.84724,1168,622328.17,7387985.27533,0,47.79050736497551,-0.025271489265906055,-0.026294648297228662,0.0010231590313226069,11.991154100408947,11.8631,11.735045899591052,0.08071428571428603,414577.9935,-0.3694064310301294,11.836400000000001,0.01902104098066755
2025-11-22 13:15:00,11.868,11.878,11.781,11.8,129890.36,2025-11-22 13:29:59.999,1530985.93716,1297,1623.70,19209.68846,0,45.27131782945737,-0.029078752583677314,-0.0268514691545184,-0.0022272834291589133,11.991648243426722,11.8606,11.729551756573278,0.08292857142857178,374167.79550000007,-0.008473858147609913,11.828800000000001,0.02490381496855682
2025-11-22 13:30:00,11.8,11.815,11.739,11.8,4390.95,2025-11-22 13:44:59.999,51803.40686,1233,2704.65,31947.15881,0,40.67226890756313,-0.03173026796495648,-0.027827228916606026,-0.003903039048350456,11.99149825147253,11.86075,11.730001748527469,0.08350000000000016,326093.8845,0.08481764206956374,11.8238,0.028154928520385935
2025-11-22 13:45:00,11.804,11.841,11.739,11.787,619504.76,2025-11-22 13:59:59.999,7330407.38200,1193,611129.83,7231550.38307,0,48.59437751004023,-0.03448308855694826,-0.02915840084467448,-0.00532468771227378,11.991208811197948,11.860949999999999,11.73069118880205,0.08150000000000013,356741.68350000004,-0.46444857287620095,11.817800000000002,0.03278261734498898
2025-11-22 14:00:00,11.783,11.906,11.769,11.906,625352.16,2025-11-22 14:14:59.999,7420544.33115,1150,618731.89,7342388.66846,0,59.570957095709694,-0.026754133981874872,-0.02867754747211455,0.0019234134902396775,11.994641342260039,11.86285,11.731058657739961,0.08857142857142872,380382.85750000004,-0.3682008368200729,11.832000000000003,0.05189894025881543
2025-11-22 14:15:00,11.906,11.963,11.868,11.943,601557.61,2025-11-22 14:29:59.999,7182029.59188,1045,598159.29,7141630.37288,0,58.54483925549912,-0.017442264373229932,-0.026430490852337608,0.008988226479107676,12.003279229396943,11.8697,11.736120770603057,0.0905000000000001,410330.3955,-0.3254882323485203,11.8472,0.07196318503226606
2025-11-22 14:30:00,11.944,11.963,11.887,11.916,2065.79,2025-11-22 14:44:59.999,24606.87365,1139,831.65,9923.87178,0,46.66666666666676,-0.012101690238058183,-0.023564730729481707,0.011463040491423524,12.005578727042227,11.8708,11.736021272957771,0.08514285714285716,371746.46150000003,-0.534223706176962,11.8704,0.07164007258502997
2025-11-22 14:45:00,11.914,11.974,11.887,11.959,32202.07,2025-11-22 14:59:59.999,384175.35562,1050,16362.14,195795.47447,0,47.79270633397315,-0.004349405650115656,-0.01972166571360848,0.015372260063492824,12.015991576068396,11.8757,11.735408423931604,0.08492857142857144,372318.23150000005,-0.05014625992478251,11.9022,0.06776208379314137
2025-11-22 15:00:00,11.959,11.977,11.917,11.94,17516.81,2025-11-22 15:14:59.999,209593.16214,1235,16771.72,200691.71994,0,46.28252788104079,0.00025823199294805477,-0.01572568617229716,0.015983918165245213,12.019561228120194,11.87715,11.734738771879806,0.08478571428571424,373106.53650000005,0.8616320324379145,11.9328,0.021463923219885397
2025-11-22 15:15:00,11.937,11.99,11.937,11.966,102070.15,2025-11-22 15:29:59.999,1223101.99315,1311,95557.09,1145256.98401,0,50.09107468123857,0.005939316669278938,-0.011392685603981928,0.017332002273260864,12.028352918270564,11.8854,11.742447081729438,0.08650000000000002,329859.193,1.192389006342495,11.944799999999999,0.019408760908138513
2025-11-22 15:30:00,11.963,11.99,11.869,11.88,1189930.0,2025-11-22 15:44:59.999,14169497.32304,1408,68.47,814.89334,0,54.13385826771673,0.0034622821519469937,-0.008421692052796139,0.011883974204743132,12.025695356869567,11.8899,11.754104643130434,0.08285714285714287,389271.4265,0.5331302361005383,11.9322,0.03503141447314303
2025-11-22 15:45:00,11.879,11.913,11.861,11.913,1845.16,2025-11-22 15:59:59.999,21929.81369,1227,850.24,10116.64621,0,58.33333333333349,0.004114587851210771,-0.005914436071994753,0.010029023923205524,12.027676007362938,11.89345,11.759223992637061,0.08328571428571419,383251.9785,0.659062103929019,11.9316,0.03540197734575186
2025-11-22 16:00:00,11.913,12.009,11.895,12.009,438296.38,2025-11-22 16:14:59.999,5242778.99956,1317,437733.20,5236060.40017,0,65.5844155844157,0.01223682852096708,-0.0022841831534023815,0.014521011674369462,12.038236674048806,11.8964,11.754563325951194,0.08792857142857129,346134.4195,1.1965956012471513,11.9416,0.04937914539549266
2025-11-22 16:15:00,12.009,12.03,11.987,12.03,24285.45,2025-11-22 16:29:59.999,291657.01957,1236,21882.10,262832.10160,0,65.751211631664,0.020136158249302483,0.002199885127138596,0.017936273122163886,12.048160179291063,11.8988,11.749439820708936,0.08649999999999977,325582.15,1.9491525423728697,11.9596,0.06313715229553292
2025-11-22 16:30:00,12.009,12.064,12.006,12.064,262753.26,2025-11-22 16:44:59.999,3157678.90295,1262,6469.81,77845.33059,0,65.8615136876007,0.028807853283092655,0.007521478758329411,0.021286374524763244,12.066069245866082,11.903,11.739930754133919,0.08364285714285684,338682.802,2.2372881355932144,11.9792,0.07887141433998471
2025-11-22 16:45:00,12.066,12.079,12.006,12.076,7335.63,2025-11-22 16:59:59.999,88343.99085,1065,4126.73,49802.92352,0,74.38162544169629,0.036230880441079805,0.013263359094879492,0.022967521346200313,12.087305316446418,11.908550000000002,11.729794683553585,0.0819285714285712,338895.4565,2.4518537371680638,12.018400000000002,0.06467070434122432
2025-11-22 17:00:00,12.075,12.079,12.006,12.009,18352.97,2025-11-22 17:14:59.999,220470.73017,1132,1569.60,18957.64308,0,66.50868878357039,0.03628905290441509,0.017868497856786614,0.018420555047628472,12.097992407684398,11.917100000000001,11.736207592315605,0.0817142857142856,235472.1505,0.8651100285570279,12.037600000000001,0.031085366331929237
2025-11-22 17:15:00,12.009,12.009,12.002,12.009,4971.88,2025-11-22 17:29:59.999,59694.59179,1124,777.48,9336.71425,0,67.9032258064517,0.03592107882944795,0.021479014051318884,0.014442064778129066,12.10618311994756,11.926300000000001,11.746416880052443,0.07492857142857139,235505.25000000006,0.5526249686008601,12.037600000000001,0.031085366331929237
2025-11-22 17:30:00,12.009,12.009,11.991,11.991,109816.61,2025-11-22 17:44:59.999,1317771.22049,1303,665.49,7991.75652,0,58.18882466281306,0.03378753177447358,0.023940717595949824,0.009846814178523754,12.109371653901006,11.934999999999999,11.760628346098992,0.0664285714285714,240953.82450000002,0.6294058408861974,12.0298,0.03766563420400844
2025-11-22 17:45:00,11.991,12.009,11.963,11.975,2735.51,2025-11-22 17:59:59.999,32793.89611,1219,1280.80,15381.12720,0,53.21285140562251,0.030454558100567297,0.025243485696873322,0.005211072403693975,12.110614165603211,11.942,11.77338583439679,0.06292857142857157,241001.10249999998,0.13379045070658094,12.012,0.03848376280965765
2025-11-22 18:00:00,11.974,12.009,11.953,11.984,2131.55,2025-11-22 18:14:59.999,25536.54365,1218,830.88,9973.60731,0,57.083333333333314,0.028214139308598618,0.025837616419218386,0.0023765228893802316,12.113602224721,11.947849999999999,11.782097775278999,0.0615000000000003,209850.25300000003,0.36850921273032233,11.993599999999999,0.015159155648971247
2025-11-22 18:15:00,11.983,12.009,11.951,11.957,3003.08,2025-11-22 18:29:59.999,35959.25581,1243,290.41,3487.53369,0,49.78448275862081,0.023983458225847798,0.02546678478054427,-0.0014833265546964729,12.106132499288107,11.9557,11.805267500711894,0.05942857142857173,203505.88900000002,-0.07521310379407124,11.9832,0.019240582111505672
2025-11-22 18:30:00,11.959,12.013,11.914,11.938,1752.95,2025-11-22 18:44:59.999,20981.82015,1284,968.34,11620.59717,0,49.78448275862081,0.018879841782485585,0.024149396180932536,-0.005269554398446952,12.094477774353305,11.9626,11.830722225646696,0.062214285714286,203373.989,0.48821548821548677,11.969,0.021505813167360256
2025-11-22 18:45:00,11.938,11.967,11.914,11.952,1496.43,2025-11-22 18:59:59.999,17849.66217,1086,253.32,3027.21579,0,48.451327433628386,0.015782932745839418,0.022476103493913914,-0.0066931707480744965,12.073986649262094,11.97085,11.867713350737906,0.062214285714286,172473.5725,0.32737345756736086,11.9612,0.01837661557494546
2025-11-22 19:00:00,11.952,11.994,11.914,11.986,7161.63,2025-11-22 19:14:59.999,85529.87813,1155,3438.69,41153.28880,0,63.24999999999997,0.015888960054097012,0.021158674805950534,-0.005269714751853522,12.07350468751347,11.97485,11.87619531248653,0.059285714285714546,141564.04600000003,-0.1915230243983653,11.963400000000002,0.02092367080579691
2025-11-22 19:15:00,11.986,12.004,11.914,11.944,5806.02,2025-11-22 19:29:59.999,69503.84316,1172,3523.59,42288.00461,0,53.789731051344816,0.012440540483641627,0.019415047941488753,-0.006974507457847126,12.073487711415089,11.974900000000002,11.876312288584915,0.06200000000000028,111776.46650000001,-0.7148794679966627,11.955400000000001,0.018595698427036535
2025-11-22 19:30:00,11.945,12.004,11.914,11.938,1020.95,2025-11-22 19:44:59.999,12208.60438,1098,323.17,3879.33268,0,38.87147335423205,0.009118383432934252,0.017355715039777852,-0.0082373316068436,12.072284665664188,11.976,11.879715334335813,0.0602857142857145,111724.22450000001,-1.0444297082228071,11.951600000000001,0.020069877926615746
2025-11-22 19:45:00,11.938,12.026,11.914,12.006,177464.11,2025-11-22 19:59:59.999,2132189.33692,1119,176911.91,2125586.37813,0,46.721311475409976,0.011836129878522783,0.016251798007526838,-0.004415668129004055,12.075180345395609,11.97835,11.881519654604393,0.06521428571428599,118987.3265,-0.5796621397813869,11.9652,0.029414282245014186
2025-11-22 20:00:00,12.006,12.069,11.998,12.069,19008.72,2025-11-22 20:14:59.999,228151.05837,1217,1036.47,12493.46376,0,50.632911392405155,0.018856164174366086,0.01677267124089469,0.0020834929334713967,12.087859716975727,11.984800000000002,11.881740283024277,0.06614285714285753,119061.92199999999,0.4996252810392247,11.988600000000002,0.05320526289747585
2025-11-22 20:15:00,12.069,12.079,11.998,12.078,16751.23,2025-11-22 20:29:59.999,201533.62884,1226,7034.99,84936.08573,0,50.25510204081619,0.02485925310790016,0.018389987614295784,0.0064692654936043745,12.101050516682315,11.9904,11.879749483317683,0.06671428571428617,114795.976,0.5745690731950959,12.007,0.06636264009206969
2025-11-22 20:30:00,12.078,12.079,11.956,11.957,570039.47,2025-11-22 20:44:59.999,6821900.77649,1320,265.81,3200.79111,0,44.170403587443964,0.01962682699491225,0.018637355490419078,0.0009894715044931716,12.093497431359895,11.994250000000001,11.895002568640107,0.0702857142857148,83801.4495,-0.2835459928279453,12.0096,0.0634688900169964
2025-11-22 20:45:00,11.957,11.987,11.936,11.987,592447.23,2025-11-22 20:59:59.999,7077661.69267,1339,2737.27,32711.01261,0,47.689075630252056,0.017696838761892764,0.018449252144713817,-0.000752413382821053,12.08967607962934,11.99795,11.906223920370659,0.07342857142857197,113331.553,0.10020876826722719,12.019400000000001,0.05248142528542534
2025-11-22 21:00:00,11.987,12.014,11.936,11.99,2320.41,2025-11-22 21:14:59.999,27780.68797,1181,1014.34,12170.34499,0,49.891540130151895,0.016222382195023144,0.018003878154775683,-0.0017814959597525389,12.088637730679935,11.997,11.905362269320065,0.07771428571428617,91532.7545,0.050066755674234215,12.016200000000001,0.053969435794620484
2025-11-22 21:15:00,11.99,12.038,11.987,12.033,45106.72,2025-11-22 21:29:59.999,542547.51778,1209,44699.78,537659.33701,0,55.942622950819704,0.018312505268957224,0.018065603577611992,0.0002469016913452318,12.089024685820931,11.997150000000001,11.905275314179072,0.07807142857142894,92573.818,0.6356109391987851,12.009,0.04713279113302748
2025-11-22 21:30:00,12.036,12.051,12.013,12.047,98523.01,2025-11-22 21:44:59.999,1186205.32502,1263,97571.86,1174770.00664,0,56.38945233265731,0.020858184139440183,0.018624119689977632,0.0022340644494625514,12.085855863189057,11.996300000000002,11.906744136810946,0.07678571428571461,84362.30549999999,0.9130507622717372,12.002799999999999,0.0366633331816623
2025-11-22 21:45:00,12.047,12.059,12.023,12.049,2394.03,2025-11-22 21:59:59.999,28854.30678,1236,1654.57,19951.98426,0,59.82905982905977,0.0227745056693891,0.019454196885859927,0.003320308783529173,12.080155571846223,11.99495,11.909744428153775,0.07521428571428602,84115.2255,0.8115796519410937,12.0212,0.030499180316685838
2025-11-22 22:00:00,12.049,12.093,12.004,12.093,947.02,2025-11-22 22:14:59.999,11401.69936,1178,286.54,3457.65162,0,65.72008113590267,0.02752632614081918,0.02106862273685178,0.0064577034039674,12.09490027827339,11.99915,11.903399721726611,0.07450000000000033,83244.92799999999,0.8927081595194336,12.0424,0.036943199644723174
2025-11-22 22:15:00,12.093,12.109,12.069,12.08,288490.67,2025-11-22 22:29:59.999,3489109.85207,1150,287882.12,3481759.28160,0,63.00813008130089,0.029898536022027855,0.022834605393886997,0.007063930628140858,12.105026824182744,12.0027,11.900373175817258,0.07357142857142877,97420.86750000001,1.1386470194239722,12.0604,0.02503597411705805
2025-11-22 22:30:00,12.076,12.112,12.069,12.104,107952.81,2025-11-22 22:44:59.999,1306964.85743,1265,71586.44,866848.85806,0,62.240663900414894,0.033330908948103755,0.024933866104730352,0.008397042843373403,12.120009774597278,12.00835,11.896690225402722,0.07092857142857158,97327.67749999999,1.3905176746523589,12.0746,0.025735189915561993
2025-11-22 22:45:00,12.103,12.274,12.103,12.246,2853670.2,2025-11-22 22:59:59.999,34843090.00849,1413,2852692.92,34831152.39290,0,75.94501718213067,0.04696787570656191,0.02934066802509667,0.01762720768146524,12.174709341130699,12.0219,11.869090658869302,0.07671428571428583,239874.412,1.9990004997501267,12.1144,0.07639568050610089
2025-11-22 23:00:00,12.246,12.274,12.15,12.178,913261.32,2025-11-22 23:14:59.999,11114355.63162,1608,737.47,9008.77392,0,68.63354037267092,0.0516923653552297,0.03381100749112328,0.01788135786410642,12.198279522311083,12.031600000000001,11.86492047768892,0.07914285714285718,285430.90050000005,0.9031402767420662,12.1402,0.07032922578836179
2025-11-22 23:15:00,12.178,12.193,12.112,12.152,3925.03,2025-11-22 23:29:59.999,47736.18156,1288,1924.17,23459.68606,0,62.12624584717603,0.052730729205237026,0.03759495183394603,0.015135777371290994,12.212411423255714,12.04135,11.870288576744285,0.07692857142857143,285476.998,0.612684219241595,12.152,0.06519202405195307
2025-11-22 23:30:00,12.154,12.198,12.112,12.151,1518.07,2025-11-22 23:44:59.999,18441.22735,1217,368.24,4489.17323,0,57.59259259259254,0.05286357004496445,0.04064867547614972,0.012214894568814728,12.222490314588176,12.052,11.881509685411823,0.07799999999999992,285465.254,1.6224805553232338,12.1662,0.05198268942629385
2025-11-22 23:45:00,12.149,12.198,12.112,12.166,1295.72,2025-11-22 23:59:59.999,15749.56803,1184,374.79,4570.65549,0,58.05860805860815,0.053561794123723416,0.043231299205664465,0.010330494918058951,12.233625776442832,12.0627,11.891774223557167,0.0783571428571427,285455.2185,1.493284391424045,12.1786,0.03927849284265628
2025-11-23 00:00:00,12.162,12.203,12.112,12.187,976.63,2025-11-23 00:14:59.999,11875.65475,1191,272.52,3322.51514,0,75.78475336322856,0.055173657555178224,0.04561977087556722,0.009553886679611004,12.24826233274993,12.072750000000001,11.897237667250073,0.07607142857142828,285145.9685,1.6430358632193425,12.166799999999999,0.015833508770656455
2025-11-23 00:15:00,12.187,12.229,12.112,12.198,653007.55,2025-11-23 00:29:59.999,7972706.37437,1305,652267.61,7963676.34733,0,74.70725995316155,0.056685246205564255,0.04783286594156663,0.008852380263997622,12.258476891733944,12.08545,11.912423108266056,0.08078571428571392,317506.04500000004,1.3712291199202271,12.1708,0.02104043725758788
2025-11-23 00:30:00,12.197,12.229,12.125,12.144,55243.14,2025-11-23 00:44:59.999,670421.53364,1283,4954.43,60587.68307,0,66.1087866108786,0.052915863473351976,0.04884946544792371,0.0040663980254282694,12.255862953550572,12.095749999999999,11.935637046449425,0.08264285714285677,320217.1545,0.8051797127915624,12.1692,0.023036926878176912
2025-11-23 00:45:00,12.146,12.154,12.106,12.136,409765.78,2025-11-23 00:59:59.999,4963615.50372,1317,151.88,1841.65303,0,61.625282167042776,0.04872143724214517,0.048823859806768004,-0.00010242256462283245,12.257503104045428,12.102250000000002,11.946996895954575,0.08242857142857105,331832.238,0.7220516225412876,12.1662,0.026687075523377433
2025-11-23 01:00:00,12.138,12.22,12.106,12.22,142502.78,2025-11-23 01:14:59.999,1738705.14261,1085,140692.42,1716709.87029,0,66.86159844054569,0.05158082749173509,0.04937525334376143,0.002205574147973663,12.272740867543227,12.1098,11.946859132456773,0.08785714285714251,338006.941,1.0501943272967889,12.177,0.0359165699920048
2025-11-23 01:15:00,12.219,12.252,12.193,12.239,13971.66,2025-11-23 01:29:59.999,170873.14657,1181,9167.97,112286.02280,0,67.92452830188677,0.05474894364580862,0.05044999140417088,0.004298952241637746,12.289833199913774,12.11785,11.945866800086227,0.08949999999999976,337867.9625,1.3162251655629196,12.1874,0.04572526653821387
2025-11-23 01:30:00,12.238,12.334,12.223,12.322,19792.21,2025-11-23 01:44:59.999,242730.92251,1080,18434.04,226103.00526,0,70.12302284710002,0.06322824637584112,0.053005642398504936,0.010222603977336188,12.313591171018228,12.136099999999999,11.95860882898177,0.09107142857142822,310355.5995,1.801057501652346,12.2122,0.07630989450910601
2025-11-23 01:45:00,12.322,12.338,12.239,12.304,15394.08,2025-11-23 01:59:59.999,189891.87879,1134,14899.55,183810.08010,0,69.51219512195118,0.06771512791092604,0.05594753950098916,0.011767588409936885,12.329994908586656,12.15195,11.973905091413343,0.09528571428571388,281502.942,0.47362404050302,12.244200000000001,0.07407563702048893
2025-11-23 02:00:00,12.306,12.356,12.282,12.304,24853.02,2025-11-23 02:14:59.999,306836.70079,1158,22794.31,281537.54013,0,68.18181818181819,0.07045880851116593,0.05884979330302451,0.011609015208141414,12.340877292124501,12.167649999999998,11.994422707875495,0.09749999999999963,282629.5725,1.0346526523238582,12.277800000000001,0.04520176987675968
2025-11-23 02:15:00,12.304,12.39,12.282,12.375,1419.55,2025-11-23 02:29:59.999,17500.39173,1131,602.90,7451.78390,0,63.46555323590807,0.07746928232499606,0.06257369110741882,0.014895591217577234,12.36917042928262,12.18475,12.000329570717378,0.09299999999999972,280445.21400000004,1.8350888742593874,12.308800000000002,0.04866929216653909
2025-11-23 02:30:00,12.376,12.448,12.337,12.421,127751.28,2025-11-23 02:44:59.999,1589109.35637,1123,126444.11,1572948.03980,0,76.58643326039368,0.08574849253867711,0.06720865139367048,0.018539841145006633,12.40418389035433,12.20345,12.00271610964567,0.09207142857142843,281906.62750000006,2.22203933832606,12.3452,0.051397470754818785
2025-11-23 02:45:00,12.42,12.459,12.402,12.423,1833.41,2025-11-23 02:59:59.999,22816.14248,1223,1162.18,14478.78814,0,81.29330254041581,0.091417406503437,0.07205040241562378,0.019367004087813208,12.431786552658325,12.22215,12.012513447341673,0.09035714285714277,281878.59650000004,2.112444517507806,12.3654,0.05924778476865345
2025-11-23 03:00:00,12.424,12.46,12.386,12.387,8345.25,2025-11-23 03:14:59.999,103951.85104,1140,7756.13,96641.32676,0,75.21367521367529,0.09194527527446361,0.07602937698739176,0.01591589828707185,12.449564065553151,12.23685,12.02413593444685,0.08950000000000001,282248.50800000003,1.6410929679166413,12.382,0.04837354648971747
2025-11-23 03:15:00,12.386,12.46,12.365,12.396,13117.67,2025-11-23 03:29:59.999,162394.48080,1184,160.26,1996.83960,0,74.89177489177496,0.09202898678637972,0.07922929894718936,0.01279968783919036,12.463242422515604,12.25265,12.042057577484394,0.09014285714285718,268479.85800000007,1.6232169208066929,12.4004,0.021090282122177662
2025-11-23 03:30:00,12.396,12.461,12.364,12.454,22370.42,2025-11-23 03:44:59.999,277731.69905,1139,11507.06,143389.30676,0,76.75350701402814,0.09567258897885367,0.08251795695352222,0.013154632025331445,12.486812993221077,12.270150000000001,12.053487006778925,0.09057142857142862,264200.73850000004,2.5527009222661436,12.4162,0.026262140049760043
2025-11-23 03:45:00,12.454,12.461,12.364,12.454,1225.56,2025-11-23 03:59:59.999,15243.47712,1061,573.08,7141.12172,0,76.22950819672135,0.09743697710572086,0.08550176098396196,0.011935216121758893,12.511808775082304,12.28055,12.049291224917695,0.08914285714285722,121578.50649999999,2.620303230059339,12.4228,0.0314117812292343
2025-11-23 04:00:00,12.455,12.515,12.453,12.509,254307.66,2025-11-23 04:14:59.999,3175507.18299,1266,243598.19,3041833.50040,0,87.32106339468312,0.10209640314680257,0.0888206894165301,0.013275713730272476,12.544285334260792,12.2971,12.049914665739209,0.08614285714285737,88630.82350000001,2.3649754500818307,12.440000000000001,0.04974434641236518
2025-11-23 04:15:00,12.506,12.581,12.501,12.501,9271.06,2025-11-23 04:29:59.999,116088.48456,1089,3169.34,39786.17185,0,87.32106339468312,0.10394528226889932,0.09184560798700395,0.012099674281895373,12.56780624635085,12.31455,12.061293753649151,0.08842857142857165,88898.12500000001,2.140697769425596,12.4628,0.04530673239148373
2025-11-23 04:30:00,12.502,12.581,12.482,12.486,5264.8,2025-11-23 04:44:59.999,65904.90567,1186,2393.63,30045.33413,0,81.66666666666694,0.10301269161973003,0.09407902471354918,0.00893366690618086,12.583320968216901,12.3313,12.0792790317831,0.08735714285714304,89085.4615,1.3309527674079005,12.4808,0.02582053446374871
2025-11-23 04:45:00,12.486,12.581,12.481,12.51,1488.61,2025-11-23 04:59:59.999,18619.01428,1098,256.23,3223.62963,0,81.8823529411767,0.10302262524140815,0.09586774481912098,0.007154880422287166,12.599974389194967,12.3485,12.097025610805032,0.09028571428571437,89095.106,1.674252275682701,12.492,0.023313086453614438
2025-11-23 05:00:00,12.51,12.581,12.481,12.514,29926.19,2025-11-23 05:14:59.999,373604.66895,1201,860.07,10802.32882,0,77.74566473988469,0.10217544923453303,0.0971292857022034,0.005046163532329631,12.614628238485624,12.36485,12.115071761514377,0.08950000000000014,90542.584,1.7067620286085752,12.504,0.011113055385167088
2025-11-23 05:15:00,12.514,12.527,12.48,12.48,4352.17,2025-11-23 05:29:59.999,54374.80711,1237,1184.53,14834.98249,0,74.30939226519362,0.09763506435875335,0.0972304414335134,0.0004046229252399475,12.620782020865136,12.37895,12.137117979134864,0.08578571428571445,58109.815,0.8484848484848518,12.4982,0.014805404418446303
2025-11-23 05:30:00,12.48,12.527,12.456,12.459,1468.03,2025-11-23 05:44:59.999,18320.60303,1176,139.17,1743.38259,0,70.23498694516977,0.09128991895207506,0.09604233693722575,-0.004752417985150692,12.611877201478492,12.3947,12.177522798521508,0.08557142857142873,55421.059499999996,0.3059334997182212,12.489799999999999,0.02265391798329156
2025-11-23 05:45:00,12.459,12.527,12.458,12.51,2396.06,2025-11-23 05:59:59.999,29933.98078,1209,119.24,1493.71948,0,68.59504132231413,0.08934668586231531,0.09470320672224367,-0.005356520859928354,12.59887963429111,12.4134,12.227920365708888,0.08278571428571434,35052.5735,0.7003139338324056,12.4946,0.024141251003080514
2025-11-23 06:00:00,12.51,12.533,12.504,12.504,1426.02,2025-11-23 06:14:59.999,17851.68085,1268,914.20,11447.85652,0,62.848297213622374,0.08632738149783847,0.09302804167736264,-0.0067006601795241705,12.593151582039285,12.4276,12.262048417960715,0.07692857142857143,27998.7355,0.9445386292080334,12.4934,0.02331951972047723
2025-11-23 06:15:00,12.504,12.51,12.455,12.467,964.1,2025-11-23 06:29:59.999,12035.67850,1275,52.21,653.12525,0,56.14525139664816,0.08002647512125449,0.09042772836614102,-0.010401253244886527,12.579351438595081,12.439,12.298648561404919,0.07678571428571423,27348.357500000002,0.5727654081961902,12.484,0.022394195676416696
2025-11-23 06:30:00,12.467,12.51,12.436,12.436,682.87,2025-11-23 06:44:59.999,8508.01405,1163,151.40,1894.01400,0,56.94050991501414,0.07170495066243632,0.08668317282540008,-0.014978222162963767,12.573857757473984,12.444700000000001,12.315542242526018,0.07678571428571411,26392.890499999998,-0.14453187730850073,12.4752,0.03125219992246272
2025-11-23 06:45:00,12.438,12.51,12.396,12.413,172691.68,2025-11-23 06:59:59.999,2141616.67023,1291,179.87,2236.38568,0,52.31607629427786,0.06253332963383684,0.08185320418708744,-0.0193198745532506,12.562402112862179,12.45015,12.337897887137823,0.07814285714285685,34257.7705,-0.32921149831379776,12.466,0.0421010688699647
2025-11-23 07:00:00,12.413,12.423,12.361,12.395,1428.35,2025-11-23 07:14:59.999,17692.83769,1096,378.69,4704.26861,0,40.97859327217105,0.05319905878940645,0.07612237510755125,-0.0229233163181448,12.547742378572583,12.454699999999999,12.361657621427415,0.07564285714285683,33086.537,-0.9113438324406489,12.443000000000001,0.043445367992380746
2025-11-23 07:15:00,12.395,12.423,12.299,12.308,600212.64,2025-11-23 07:29:59.999,7392024.53885,1202,323.48,4007.24221,0,32.36714975845392,0.03833945605919986,0.06856579129788097,-0.03022633523868111,12.559991903323777,12.451350000000001,12.342708096676226,0.07757142857142833,63026.1915,-1.5438764898808066,12.4038,0.05993913579618277
2025-11-23 07:30:00,12.308,12.356,12.296,12.347,56808.96,2025-11-23 07:44:59.999,698672.43692,1114,380.76,4691.69555,0,29.64824120602995,0.0293715112176276,0.0607269352818303,-0.0313554240642027,12.56531012605414,12.44765,12.329989873945859,0.07742857142857115,59479.0755,-1.1132468364568406,12.3798,0.051775476820528965
2025-11-23 07:45:00,12.346,12.366,12.303,12.358,3382.18,2025-11-23 07:59:59.999,41720.99160,1099,1440.26,17808.45851,0,32.16957605985043,0.022888118360574694,0.05315917189757918,-0.03027105353700449,12.568349735143016,12.4444,12.320450264856984,0.07621428571428535,59556.514,-1.2150279776178996,12.3642,0.04130012106511353
2025-11-23 08:00:00,12.359,12.426,12.357,12.411,222377.64,2025-11-23 08:14:59.999,2758111.12080,1232,221910.18,2752316.98935,0,41.457858769931505,0.02177562381452347,0.04688246228096804,-0.02510683846644457,12.567660209473688,12.4456,12.323539790526313,0.07407142857142825,70258.1335,-0.8230781524692325,12.363800000000001,0.04071486215122187
2025-11-23 08:15:00,12.411,12.429,12.4,12.419,788.92,2025-11-23 08:29:59.999,9791.97632,1226,97.82,1215.15781,0,39.24349881796699,0.021294032627428905,0.04176477635026022,-0.020470743722831315,12.567266214239641,12.44675,12.326233785760358,0.0689999999999997,69641.69600000001,-0.4887820512820508,12.368599999999999,0.04633896848218596
2025-11-23 08:30:00,12.419,12.489,12.401,12.451,786130.38,2025-11-23 08:44:59.999,9812506.58836,1215,784777.70,9795705.39833,0,43.015521064301694,0.02322675699397614,0.03805717247900341,-0.014830415485027268,12.567085683796535,12.4466,12.326114316203466,0.06814285714285694,107829.69399999999,-0.0642106108034282,12.3972,0.04363714014452691
2025-11-23 08:45:00,12.451,12.501,12.416,12.458,2282.7,2025-11-23 08:59:59.999,28447.95351,1104,623.03,7781.23968,0,47.40566037735847,0.02503471187672801,0.03545268035854833,-0.01041796848182032,12.567350666351592,12.4468,12.326249333648407,0.07085714285714266,107882.551,-0.415667466027175,12.4194,0.039778134697256794
2025-11-23 09:00:00,12.458,12.501,12.45,12.489,5904.13,2025-11-23 09:14:59.999,73742.89955,1097,4519.84,56501.67190,0,53.4562211981568,0.028638839259322424,0.03408991213870315,-0.005451072879380729,12.56449571889554,12.4458,12.32710428110446,0.06942857142857127,95462.3745,-0.11996161228405944,12.4456,0.03150872894918461
2025-11-23 09:15:00,12.488,12.515,12.45,12.509,2455.28,2025-11-23 09:29:59.999,30598.77067,1044,25.64,320.72844,0,49.87593052109188,0.03273165878152717,0.033818261467267956,-0.0010866026857407826,12.565729956606008,12.4462,12.32667004339399,0.06914285714285714,95121.5855,0.336889387984277,12.4652,0.03490272195679355
2025-11-23 09:30:00,12.509,12.571,12.509,12.567,221114.81,2025-11-23 09:44:59.999,2774009.38191,1191,219673.76,2755979.48415,0,56.923076923076984,0.04019205387903746,0.035093019949621856,0.005099033929415603,12.580469046225652,12.45025,12.32003095377435,0.07149999999999997,105914.08600000001,1.0533933740752672,12.494800000000001,0.046692611835206864
2025-11-23 09:45:00,12.569,12.575,12.543,12.546,152758.73,2025-11-23 09:59:59.999,1916838.48694,1314,398.12,4996.62985,0,58.997722095671804,0.04390385003997643,0.03685518596769277,0.007048664072283661,12.586667547929103,12.45205,12.317432452070896,0.06985714285714284,113477.59200000002,1.0714573431080248,12.5138,0.04364286883321634
2025-11-23 10:00:00,12.546,12.571,12.518,12.518,5491.51,2025-11-23 10:14:59.999,68898.88024,1093,2161.54,27172.05872,0,59.40366972477073,0.044078005495505224,0.03829974987325527,0.005778255622249956,12.5872663732758,12.452250000000001,12.317233626724203,0.06835714285714278,112255.85799999998,0.9923356192012999,12.5258,0.030833423423183834
2025-11-23 10:15:00,12.518,12.572,12.493,12.501,46443.01,2025-11-23 10:29:59.999,583756.58877,1206,44812.88,563366.54259,0,60.23255813953475,0.04235601330142025,0.03911100255888827,0.00324501074253198,12.589546062231545,12.4533,12.317053937768456,0.06585714285714277,114360.4,1.5680857978550504,12.5282,0.027544509434610783
2025-11-23 10:30:00,12.503,12.572,12.485,12.489,3753.59,2025-11-23 10:44:59.999,46877.33695,1115,312.58,3909.81999,0,61.084905660377515,0.039566919572010306,0.039202185961512676,0.00036473361049763064,12.591967742102879,12.4548,12.317632257897122,0.06764285714285709,114474.678,1.150076941767241,12.5242,0.0321045168160705
2025-11-23 10:45:00,12.489,12.525,12.485,12.496,1624.5,2025-11-23 10:59:59.999,20321.66352,1158,1213.78,15186.12661,0,77.32558139534898,0.03748923165580642,0.03885959510037143,-0.0013703634445650092,12.590220534820864,12.4541,12.317979465179137,0.06164285714285711,114436.1,1.1166855478232716,12.51,0.022792542639937265
2025-11-23 11:00:00,12.495,12.507,12.447,12.46,855825.18,2025-11-23 11:14:59.999,10671913.60528,1461,702.61,8772.90629,0,66.56891495601195,0.03256239096301705,0.03760015427290056,-0.005037763309883508,12.586032534614176,12.4519,12.317767465385824,0.06164285714285711,157156.05800000002,0.39481105470954203,12.492799999999999,0.021229696182313428
2025-11-23 11:15:00,12.46,12.494,12.436,12.48,1667.34,2025-11-23 11:29:59.999,20774.98343,1079,681.76,8506.78188,0,67.42857142857152,0.029926690777504206,0.03606546157382129,-0.0061387707963170834,12.587115929839623,12.45255,12.317984070160378,0.061285714285714325,157191.22,0.49118286496497254,12.4852,0.016146206984716537
2025-11-23 11:30:00,12.48,12.515,12.436,12.515,1236.35,2025-11-23 11:44:59.999,15413.49770,1114,348.31,4352.51274,0,65.66265060240983,0.03031266134272137,0.03491490152760131,-0.004602240184879938,12.59363381862416,12.4565,12.319366181375841,0.06200000000000002,157218.894,0.5140149385591524,12.488000000000001,0.02026079958919004
2025-11-23 11:45:00,12.515,12.529,12.436,12.512,7486.12,2025-11-23 11:59:59.999,93753.63177,1127,6821.94,85467.75196,0,64.2201834862386,0.030030300263209853,0.03393798127472302,-0.0039076810115131685,12.599118518741752,12.46145,12.323781481258246,0.0665714285714286,148958.616,0.4334564135495286,12.4926,0.022973898232414507
2025-11-23 12:00:00,12.511,12.557,12.436,12.557,86512.72,2025-11-23 12:14:59.999,1085547.27181,1162,85537.28,1073348.11784,0,65.58823529411771,0.03305659508579062,0.03376170403693654,-0.0007051089511459219,12.609795611620699,12.469550000000002,12.329304388379304,0.06892857142857142,153212.8345,0.5444791416446442,12.5048,0.03709043003246742
2025-11-23 12:15:00,12.557,12.638,12.552,12.637,437894.6,2025-11-23 12:29:59.999,5515543.92092,1237,415971.00,5239740.78439,0,71.67070217917686,0.04143267674964868,0.03529589857947897,0.006136778170169707,12.623615788567566,12.486,12.348384211432435,0.06900000000000008,145096.9325,1.02326325045967,12.540200000000002,0.06063579800739425
2025-11-23 12:30:00,12.637,12.644,12.584,12.611,7868.9,2025-11-23 12:44:59.999,99343.20153,1203,1875.37,23703.75000,0,64.95098039215694,0.04544889258802698,0.037326497381188574,0.008122395206838405,12.63120893111699,12.4992,12.36719106888301,0.06964285714285724,142649.9295,0.3501233389034812,12.5664,0.0562654423246958
2025-11-23 12:45:00,12.611,12.644,12.595,12.614,1788.41,2025-11-23 12:59:59.999,22571.90982,1124,795.82,10059.58635,0,63.42710997442467,0.0483168805756673,0.03952457402008432,0.008792306555582975,12.63574847154789,12.512,12.38825152845211,0.06849999999999998,142570.241,0.5420054200542116,12.586200000000002,0.05081043199967681
2025-11-23 13:00:00,12.616,12.644,12.557,12.563,4318.19,2025-11-23 13:14:59.999,54512.53382,1110,2767.20,34988.47680,0,49.47916666666673,0.04594488396519303,0.040808636009106065,0.005136247956086963,12.635662415149945,12.5196,12.403537584850056,0.07028571428571428,131667.2685,0.3594823454225909,12.5964,0.03478217934508751
2025-11-23 13:15:00,12.563,12.644,12.558,12.588,3272.01,2025-11-23 13:29:59.999,41142.65077,1202,449.66,5683.76118,0,55.412371134020646,0.04555719561426841,0.04175834793013854,0.003798847684129872,12.637704913250209,12.52805,12.418395086749792,0.07414285714285716,131791.423,0.6959443244540416,12.602599999999999,0.028130055101152806
2025-11-23 13:30:00,12.588,12.644,12.558,12.612,2931.7,2025-11-23 13:44:59.999,36986.29744,1162,1621.77,20499.69586,0,62.2395833333333,0.04664881075488836,0.042736440495088505,0.003912370259799854,12.645577034361285,12.536100000000001,12.426622965638717,0.07650000000000011,92631.489,0.9848666826807536,12.5976,0.02205221077338619
2025-11-23 13:45:00,12.615,12.65,12.599,12.65,13456.49,2025-11-23 13:59:59.999,169565.29202,1119,252.44,3192.48897,0,68.39506172839529,0.05000379340716421,0.04418991107750365,0.005813882329660562,12.659911438269065,12.5457,12.431488561730935,0.0745000000000002,93190.17850000001,1.2323943661971823,12.6054,0.03243146620172964
2025-11-23 14:00:00,12.65,12.695,12.578,12.583,478875.78,2025-11-23 14:14:59.999,6036081.58617,1127,103369.70,1311043.59305,0,60.217391304347785,0.04671776796763716,0.04469548245553035,0.002022285512106807,12.662504086971433,12.5504,12.438295913028567,0.07664285714285743,116838.76100000001,0.9871589085072177,12.5992,0.03332716609605247
2025-11-23 14:15:00,12.579,12.588,12.535,12.562,967552.36,2025-11-23 14:29:59.999,12151234.32323,1441,1204.54,15126.44899,0,56.96202531645559,0.04193563673279499,0.04414351331098328,-0.0022078765781882934,12.663527385158629,12.55305,12.442572614841373,0.07757142857142872,165093.61500000002,0.6570512820512737,12.599,0.033600595232731775
2025-11-23 14:30:00,12.559,12.586,12.535,12.553,37908.63,2025-11-23 14:44:59.999,477048.42372,1245,37226.50,468480.40453,0,60.402684563758406,0.03699310500966746,0.04271343165072012,-0.00572032664105266,12.662632460312329,12.55235,12.442067539687672,0.07692857142857155,155933.306,0.30363563723531967,12.592,0.039579034854247894
2025-11-23 14:45:00,12.553,12.572,12.495,12.498,2417.91,2025-11-23 14:59:59.999,30340.95093,1098,324.35,4075.52139,0,51.86721991701232,0.028311712890175755,0.03983308789861125,-0.011521375008435496,12.662871910604833,12.54995,12.437028089395168,0.07828571428571442,148416.265,-0.11189258312021358,12.5692,0.055006363268203136
2025-11-23 15:00:00,12.498,12.572,12.493,12.534,18240.2,2025-11-23 15:14:59.999,228934.11601,1000,13253.94,166628.53368,0,51.96687370600414,0.024059206649710063,0.036678311648831015,-0.012619104999120952,12.662943207411956,12.550749999999999,12.438556792588042,0.07828571428571429,149053.69950000002,-0.183164768654931,12.546000000000001,0.0321014018384436
2025-11-23 15:15:00,12.534,12.575,12.493,12.565,1452.08,2025-11-23 15:29:59.999,18236.79196,985,886.64,11148.01205,0,55.185909980430424,0.022926226457226306,0.03392789461051007,-0.011001668153283767,12.663794818769185,12.55395,12.444105181230816,0.07749999999999993,146804.153,-0.5697554799398666,12.5424,0.027609780875501064
2025-11-23 15:30:00,12.566,12.678,12.493,12.678,535663.93,2025-11-23 15:44:59.999,6753537.15665,1159,535234.36,6748119.58008,0,60.449050086355776,0.030791541342908957,0.03330062395698985,-0.002509082614080893,12.681896546695906,12.5634,12.444903453304093,0.0820714285714285,173399.67,0.5312822139402122,12.5656,0.06775175274480709
2025-11-23 15:45:00,12.678,12.703,12.65,12.674,31396.26,2025-11-23 15:59:59.999,398023.64590,1117,20905.72,265201.52638,0,53.67793240556647,0.03628383601098584,0.03389726636778905,0.0023865696431967856,12.69610136892327,12.5723,12.448498631076731,0.07971428571428556,174888.258,0.47566196289835677,12.5898,0.08219610696373485
2025-11-23 16:00:00,12.676,12.729,12.62,12.62,21409.73,2025-11-23 16:14:59.999,270315.67390,1058,834.81,10607.81758,0,50.8474576271185,0.035865732581264353,0.03429095961048411,0.001574772970780243,12.69379583808697,12.5803,12.466804161913029,0.08321428571428553,133167.4855,0.4537132850433703,12.6142,0.0642899681131822
2025-11-23 16:15:00,12.62,12.64,12.596,12.597,512586.23,2025-11-23 16:29:59.999,6462635.73283,1280,247.46,3123.33474,0,48.457350272232205,0.03329467454435786,0.03409170259725886,-0.0007970280529010013,12.689484459529343,12.58615,12.482815540470657,0.08285714285714274,158713.43,0.0714966634890399,12.6268,0.048996938679821425
2025-11-23 16:30:00,12.597,12.675,12.591,12.656,21543.24,2025-11-23 16:44:59.999,272233.65775,1053,20280.32,256313.87865,0,58.31842576028615,0.03560743903258512,0.03439484988432411,0.0012125891482610077,12.695328092943743,12.5932,12.491071907056256,0.08264285714285714,159728.7745,0.34887408817000065,12.645,0.03528455752867459
2025-11-23 16:45:00,12.665,12.675,12.535,12.535,683483.76,2025-11-23 16:59:59.999,8586298.74109,1153,444.46,5589.13227,0,45.95419847328255,0.02736122960211773,0.03298812582788284,-0.005626896225765107,12.693090009487486,12.59435,12.495609990512515,0.08650000000000002,193528.65649999998,-0.9090909090909107,12.616399999999999,0.054546310599288786
2025-11-23 17:00:00,12.535,12.549,12.503,12.504,8927.9,2025-11-23 17:14:59.999,111826.65452,1183,2909.40,36503.96888,0,41.842900302114835,0.018115780858732222,0.030013656834052715,-0.011897875975320493,12.697269333664806,12.5917,12.486130666335193,0.0836428571428571,189649.4155,-0.6278312008265169,12.582400000000002,0.062123264563236746
2025-11-23 17:15:00,12.503,12.545,12.462,12.533,2626.9,2025-11-23 17:29:59.999,32843.80075,1103,1126.09,14126.79905,0,41.04134762633998,0.012979138322423367,0.026606753131726845,-0.013627614809303478,12.692916263101731,12.5865,12.480083736898267,0.08592857142857138,167886.0305,-0.23085495940136855,12.565,0.06113509630313697
2025-11-23 17:30:00,12.53,12.555,12.496,12.542,47193.54,2025-11-23 17:44:59.999,592243.01585,1190,43038.58,540173.10306,0,46.5546218487395,0.009524741594649555,0.02319035082431139,-0.013665609229661833,12.690589906912985,12.58305,12.475510093087015,0.08178571428571413,169852.2625,-0.08762845534932692,12.553999999999998,0.05884301147964617
2025-11-23 17:45:00,12.541,12.555,12.463,12.479,1084.65,2025-11-23 17:59:59.999,13578.46043,1095,606.19,7599.19654,0,43.48508634222924,0.0016841203355237866,0.01888910472655387,-0.017204984391030083,12.692276585658309,12.5763,12.46032341434169,0.08457142857142852,169817.07450000002,-0.15202432389182374,12.5186,0.02648206940541935
2025-11-23 18:00:00,12.478,12.518,12.462,12.514,33473.68,2025-11-23 18:14:59.999,417978.32622,904,17363.07,217187.51797,0,47.05882352941169,-0.0016859860174029961,0.014774086577762496,-0.016460072595165492,12.693035437117793,12.573849999999998,12.454664562882204,0.08492857142857144,171274.84900000002,-0.15956598053296112,12.5144,0.024845522735362228
2025-11-23 18:15:00,12.514,12.565,12.462,12.534,46972.37,2025-11-23 18:29:59.999,589339.92159,1098,23878.26,299818.71958,0,52.86624203821663,-0.0027117276247885513,0.011276923737252286,-0.013988651362040838,12.691427354914257,12.57115,12.450872645085742,0.08678571428571427,173459.867,-0.24671707122959655,12.520399999999999,0.02532390175295815
2025-11-23 18:30:00,12.533,12.62,12.532,12.602,436028.28,2025-11-23 18:44:59.999,5484489.06977,1348,435501.13,5477853.02909,0,55.151515151515085,0.0019400329580641085,0.00940954558141465,-0.007469512623350542,12.690293813484736,12.57065,12.451006186515265,0.08742857142857144,195114.696,-0.5994636377977639,12.5342,0.04503554151993368
2025-11-23 18:45:00,12.602,12.62,12.54,12.553,17345.28,2025-11-23 18:59:59.999,218149.25048,1214,7047.95,88945.12900,0,49.115044247787715,0.001653634186036257,0.007858363302338972,-0.006204729116302715,12.679622761574912,12.5658,12.451977238425087,0.08728571428571438,195309.1355,-0.9547104308032086,12.5364,0.04577444702007556
2025-11-23 19:00:00,12.552,12.62,12.54,12.599,2879.03,2025-11-23 19:14:59.999,36297.58175,1141,2194.79,27698.24980,0,43.53518821603927,0.005079918512786108,0.0073026743444283984,-0.0022227558316422905,12.681154330938423,12.5666,12.452045669061576,0.07978571428571435,171509.298,-0.16640253565767846,12.5604,0.03913182847751934
2025-11-23 19:15:00,12.598,12.652,12.54,12.635,513649.39,2025-11-23 19:29:59.999,6491469.52620,1126,511079.07,6459111.06552,0,46.967340590979816,0.010578233367890988,0.007957786149120917,0.002620447218770071,12.688770484571508,12.57025,12.451729515428491,0.08400000000000014,148814.1495,0.301659125188539,12.5846,0.040648493206936434
2025-11-23 19:30:00,12.635,12.695,12.633,12.675,1415.39,2025-11-23 19:44:59.999,17914.13477,1087,595.76,7546.79242,0,54.372019077901534,0.017956363424746158,0.009957501604245966,0.007998861820500192,12.703384640944535,12.57635,12.449315359055465,0.08064285714285736,146989.4875,0.15012642225031705,12.6128,0.04540044052644074
2025-11-23 19:45:00,12.676,12.695,12.63,12.63,1548.2,2025-11-23 19:59:59.999,19625.78175,1140,769.55,9769.37996,0,52.53456221198166,0.019942575144513697,0.011954516312299514,0.007988058832214182,12.706513706134086,12.58295,12.459386293865915,0.0821428571428573,146946.002,0.7578779417630686,12.618400000000001,0.04546207210406271
2025-11-23 20:00:00,12.63,12.645,12.623,12.645,154295.13,2025-11-23 20:14:59.999,1947962.18646,1285,889.80,11250.48910,0,49.093904448105356,0.022468039309154975,0.01405722091167061,0.008410818397484365,12.712775585102374,12.5885,12.464224414897625,0.07771428571428578,153748.7485,1.1276391554702496,12.6368,0.027408028020917383
2025-11-23 20:15:00,12.645,12.645,12.622,12.645,1161.11,2025-11-23 20:29:59.999,14678.98150,1164,995.99,12594.26420,0,61.31687242798347,0.024190633292095143,0.016083903387755515,0.008106729904339628,12.718725362368934,12.5925,12.466274637631065,0.06935714285714287,153734.2,0.8936407883188391,12.646,0.017464249196446565
2025-11-23 20:30:00,12.645,12.662,12.619,12.657,122830.33,2025-11-23 20:44:59.999,1550400.62959,1293,7799.25,98646.15564,0,66.38115631691652,0.026221832185955307,0.018111489147395476,0.008110343038559831,12.715001779044938,12.59145,12.467898220955062,0.06914285714285727,133092.52,0.9169191516504561,12.6504,0.01675708805239379
2025-11-23 20:45:00,12.657,12.679,12.619,12.66,638.39,2025-11-23 20:59:59.999,8078.15360,1071,152.05,1926.29116,0,64.3990929705216,0.02775371927130088,0.02003993517217656,0.007713784099124321,12.712477694379107,12.59075,12.469022305620893,0.06750000000000014,131554.6265,1.450436733712645,12.647400000000001,0.011886967653510357
2025-11-23 21:00:00,12.66,12.679,12.596,12.612,4771.42,2025-11-23 21:14:59.999,60242.57800,1076,173.13,2195.11527,0,57.291666666666686,0.02480857417909732,0.020993662973560714,0.003814911205536606,12.711725060300967,12.590349999999999,12.46897493969903,0.06921428571428592,130722.71099999998,0.7831229023493748,12.643799999999999,0.01904468429760688
2025-11-23 21:15:00,12.612,12.697,12.595,12.696,209298.06,2025-11-23 21:29:59.999,2655951.32706,1129,200929.00,2550516.16357,0,71.65668662674658,0.02891926022143032,0.022578782423134637,0.006340477798295684,12.725566285980152,12.595299999999998,12.465033714019844,0.06992857142857149,115558.30250000002,1.2924844423168902,12.654,0.030224162519344965
2025-11-23 21:30:00,12.696,12.698,12.595,12.65,3039.89,2025-11-23 21:44:59.999,38531.89320,1145,1974.98,25078.28293,0,63.281250000000135,0.028140803303411843,0.023691186599190082,0.004449616704221761,12.724704116722032,12.595,12.46529588327797,0.07328571428571427,114633.13500000001,0.3808919219171563,12.655,0.029933259094121385
2025-11-23 21:45:00,12.65,12.725,12.641,12.718,10660.55,2025-11-23 21:59:59.999,135550.00334,1143,10118.27,128678.62267,0,66.42857142857144,0.03263470966490978,0.025479891212334026,0.0071548184525757515,12.741619269292832,12.60415,12.46668073070717,0.07192857142857141,80991.9745,1.3144268302397764,12.6672,0.04124560582651368
2025-11-23 22:00:00,12.717,12.729,12.641,12.703,3307.92,2025-11-23 22:14:59.999,41872.01435,1150,411.12,5231.13725,0,59.96055226824453,0.034587089753282285,0.02730133092052368,0.007285758832758605,12.749844186654272,12.614099999999999,12.478355813345726,0.07192857142857141,80710.97550000002,0.8254623382808097,12.675799999999999,0.04377442175513429
2025-11-23 22:15:00,12.713,12.729,12.641,12.716,4526.58,2025-11-23 22:29:59.999,57510.37188,1112,2398.54,30531.01566,0,67.3036093418258,0.036759614439992205,0.029192987624417386,0.007566626815574819,12.760637465910749,12.62325,12.485862534089252,0.07249999999999991,80805.9595,0.6410763751483934,12.6966,0.027600724628114335
2025-11-23 22:30:00,12.716,12.729,12.673,12.68,616.82,2025-11-23 22:44:59.999,7830.49372,1245,77.11,981.53319,0,58.78524945770062,0.03517102706582875,0.03038859551269966,0.004782431553129091,12.764176352475166,12.63015,12.496123647524835,0.07078571428571413,78477.1235,0.039447731755416215,12.6934,0.028597202660345857
2025-11-23 22:45:00,12.679,12.729,12.676,12.698,761.67,2025-11-23 22:59:59.999,9676.39965,1181,245.68,3127.26072,0,57.11060948081271,0.034961495338061255,0.031303175477771984,0.0036583198602892705,12.757794653284394,12.6411,12.524405346715605,0.06657142857142835,78460.9745,0.5384006334125068,12.703,0.015394804318250792
2025-11-23 23:00:00,12.698,12.729,12.598,12.598,564603.1,2025-11-23 23:14:59.999,7125407.93548,1282,349.00,4423.09414,0,42.3459244532803,0.026421702731035168,0.030326880928424622,-0.003905178197389454,12.747932917669601,12.6453,12.5426670823304,0.07149999999999958,105017.4455,-0.3716884143930314,12.678999999999998,0.04708502946793527
2025-11-23 23:15:00,12.598,12.629,12.503,12.527,554251.91,2025-11-23 23:29:59.999,6937733.55586,1161,404.15,5076.51100,0,40.26465028355373,0.013766062340987872,0.027014717210937275,-0.013248654869949403,12.749215804052135,12.64495,12.540684195947865,0.07585714285714243,130381.42250000002,-0.9331751680506156,12.6438,0.07937379920348506
2025-11-23 23:30:00,12.527,12.527,12.501,12.513,12444.89,2025-11-23 23:44:59.999,155603.55243,918,222.19,2781.52244,0,37.500000000000036,0.0025769872514214143,0.0221271712190341,-0.019550183967612687,12.759096174607281,12.6405,12.521903825392718,0.07614285714285669,109202.25299999998,-1.1377103579047179,12.6032,0.08493350340115348
2025-11-23 23:45:00,12.513,12.527,12.493,12.513,1022.69,2025-11-23 23:59:59.999,12791.36007,736,256.50,3213.03550,0,37.500000000000036,-0.0062187494967851364,0.016457987075870255,-0.02267673657265539,12.76443147677212,12.638499999999999,12.512568523227877,0.07692857142857092,108386.12350000002,-1.1611374407582957,12.569799999999999,0.0798667640510903
2025-11-24 00:00:00,12.513,12.527,12.396,12.413,605917.58,2025-11-24 00:14:59.999,7519529.88495,967,782.23,9766.25666,0,30.1948051948052,-0.0210163352708701,0.008963122606522182,-0.029979457877392285,12.790045921695947,12.6292,12.468354078304055,0.08321428571428502,138538.051,-1.5778623533143026,12.5128,0.06599393911557579
2025-11-24 00:15:00,12.413,12.453,12.364,12.453,5488.0,2025-11-24 00:29:59.999,68016.87283,696,464.51,5773.25192,0,34.15007656967832,-0.02917949979268286,0.001334598126681171,-0.030514097919364033,12.799130018064918,12.6201,12.441069981935083,0.08528571428571345,113129.9815,-1.9139886578449932,12.483799999999999,0.0488180294562283
2025-11-24 00:30:00,12.454,12.513,12.364,12.479,226536.56,2025-11-24 00:44:59.999,2830961.99165,782,226303.88,2828064.64049,0,39.46117274167978,-0.03316853752643567,-0.0055660290039422,-0.02760250852249347,12.797927963351636,12.610299999999999,12.422672036648361,0.0899999999999991,124386.04,-1.3517786561264913,12.4742,0.042511175001272564
2025-11-24 00:45:00,12.479,12.527,12.437,12.463,287003.36,2025-11-24 00:59:59.999,3594043.30443,610,286292.73,3585173.20176,0,29.307282415630453,-0.03719221623450508,-0.01189126645005478,-0.025300949784450303,12.80043635111476,12.601949999999999,12.403463648885237,0.08914285714285633,138658.798,-2.005032237773241,12.4642,0.0365677453500822
2025-11-24 01:00:00,12.463,12.527,12.444,12.45,1187.1,2025-11-24 01:14:59.999,14817.24494,610,458.59,5743.97794,0,31.132075471697988,-0.04095786517942912,-0.017704586195929652,-0.023253278983499468,12.800687889336302,12.5922,12.383712110663698,0.08771428571428481,131003.39649999999,-1.9916555144454076,12.4516,0.024368011818529888
2025-11-24 01:15:00,12.449,12.477,12.429,12.471,418.22,2025-11-24 01:29:59.999,5204.39294,682,52.75,657.46913,0,24.43064182194621,-0.041766189963693634,-0.02251690694948245,-0.019249283014211183,12.797168213038498,12.5835,12.369831786961504,0.08514285714285627,130966.25200000001,-1.926706511481592,12.463199999999999,0.012132600710006207
2025-11-24 01:30:00,12.47,12.472,12.399,12.399,207421.93,2025-11-24 01:44:59.999,2576969.36114,927,764.89,9518.58955,0,21.851851851851876,-0.04766711462276163,-0.027546948484138287,-0.020120166138623344,12.796393011872453,12.5706,12.344806988127548,0.08407142857142778,135195.832,-2.216088328075714,12.4524,0.031714350064096584
2025-11-24 01:45:00,12.407,12.543,12.389,12.543,1056284.19,2025-11-24 01:59:59.999,13195049.04476,1000,1055065.36,13179914.86278,0,37.10879284649778,-0.04025995172711205,-0.03008954913273304,-0.010170402594379013,12.786822415879696,12.56475,12.342677584120304,0.08878571428571355,187978.12199999997,-1.220664671601836,12.4652,0.051732001700963814
2025-11-24 02:00:00,12.543,12.782,12.517,12.782,4517960.67,2025-11-24 02:14:59.999,56786542.03288,1099,4516332.39,56765906.99608,0,55.83524027459954,-0.014932289043777303,-0.027058097114941893,0.01212580807116459,12.81507279288314,12.57325,12.33142720711686,0.10371428571428508,413637.5845,1.460549293538651,12.529,0.15059050434868332
2025-11-24 02:15:00,12.782,12.82,12.751,12.751,499589.17,2025-11-24 02:29:59.999,6390119.28839,715,498210.21,6372486.84010,0,52.98759864712508,0.002608555384258082,-0.021124766615101896,0.02373332199935998,12.824849140518406,12.576,12.327150859481595,0.10485714285714234,428152.14,1.7881376227348942,12.5892,0.17002411593651315
2025-11-24 02:30:00,12.751,12.82,12.664,12.664,1190083.32,2025-11-24 02:44:59.999,15128212.11260,914,498.30,6324.54704,0,53.77574370709376,0.009381484149461272,-0.015023516462189261,0.024405000611650532,12.826502532539333,12.576699999999999,12.326897467460665,0.10664285714285679,487504.31149999995,1.2067449852153744,12.627799999999999,0.15796107115360486
2025-11-24 02:45:00,12.664,12.702,12.627,12.681,1096.89,2025-11-24 02:59:59.999,13882.64003,736,303.94,3860.64588,0,59.39024390243902,0.015937123675815457,-0.008831388434588318,0.024768512110403776,12.820764212683828,12.57485,12.328935787316171,0.10299999999999963,487026.1285,1.3426036921601476,12.684199999999999,0.09271299800996644
2025-11-24 03:00:00,12.68,12.702,12.626,12.649,2169.18,2025-11-24 03:14:59.999,27429.49726,635,422.26,5363.37877,0,58.11455847255365,0.01833898229454256,-0.0033973142887621403,0.021736296583304702,12.813279163902083,12.572149999999999,12.331020836097915,0.10657142857142825,486969.1915,1.9012325787480775,12.7054,0.05795946859656945
2025-11-24 03:15:00,12.649,12.776,12.626,12.734,412914.71,2025-11-24 03:29:59.999,5258399.70359,869,407625.78,5191109.67782,0,61.97183098591547,0.02679241588610992,0.002640631746212274,0.024151784139897648,12.816562433487626,12.57305,12.329537566512375,0.11485714285714264,507388.59800000006,2.2564843812735935,12.6958,0.0445162891534812
2025-11-24 03:30:00,12.734,12.776,12.686,12.706,736.86,2025-11-24 03:44:59.999,9370.61601,870,84.16,1075.22816,0,67.21504112808451,0.030876531482210368,0.008287811693411895,0.02258871978879847,12.820529459573084,12.574349999999999,12.328170540426914,0.11192857142857131,507394.6,1.8190560141036969,12.6868,0.03383341543498155
2025-11-24 03:45:00,12.706,12.776,12.649,12.678,719200.31,2025-11-24 03:59:59.999,9109834.07233,956,8628.89,109346.54508,0,63.40882002383795,0.031490849610664284,0.012928419276862373,0.01856243033380191,12.817569293172758,12.57335,12.329130706827241,0.11464285714285717,543316.532,1.7251063146915002,12.6896,0.032004687156667176
2025-11-24 04:00:00,12.678,12.729,12.648,12.682,4257.69,2025-11-24 04:14:59.999,54092.26837,711,3074.91,39127.84069,0,62.423500611995145,0.031932371225673606,0.016729209666624622,0.015203161559048984,12.826399542367971,12.577549999999999,12.328700457632026,0.10978571428571435,515299.2614999999,1.8634538152610531,12.6898,0.03194056981326636
2025-11-24 04:15:00,12.729,12.729,12.468,12.498,1832240.37,2025-11-24 04:29:59.999,23006076.27926,1506,37729.56,471336.30273,0,51.77664974619289,0.017236328375949128,0.016830633408489525,0.0004056949674596036,12.826522716305874,12.5761,12.325677283694127,0.12200000000000001,579198.6845000001,0.21650228530189436,12.659600000000001,0.0930634192365349
2025-11-24 04:30:00,12.498,12.58,12.467,12.58,222448.94,2025-11-24 04:44:59.999,2789209.31444,984,202677.35,2541728.96459,0,56.16698292220116,0.012067219836373155,0.01587795069406625,-0.0038107308576930954,12.828104886602869,12.57945,12.33079511339713,0.12414285714285724,589698.887,1.4597951447697473,12.6288,0.08760821879249607
2025-11-24 04:45:00,12.581,12.59,12.537,12.537,61935.92,2025-11-24 04:59:59.999,779548.51824,748,61676.46,776290.32785,0,53.06691449814129,0.00444963086878758,0.013592286729010515,-0.009142655860222936,12.828183751021237,12.58065,12.333116248978763,0.12450000000000003,592744.5485,-0.047835446065522216,12.595000000000002,0.08284926070878641
2025-11-24 05:00:00,12.537,12.765,12.53,12.765,1369022.23,2025-11-24 05:14:59.999,17342161.85898,1130,1367854.52,17327317.72213,0,64.85389610389615,0.01661876052669342,0.014197581488547098,0.0024211790381463236,12.84564899587064,12.59825,12.35085100412936,0.13607142857142865,630899.7810000001,-0.1329995305898878,12.6124,0.10949109552832692
2025-11-24 05:15:00,12.765,12.837,12.754,12.808,740023.15,2025-11-24 05:29:59.999,9475075.16865,916,571511.15,7317121.22602,0,61.71529619805484,0.029393790765224637,0.017236823343882608,0.012156967421342028,12.870362360671189,12.616,12.36163763932881,0.1310000000000001,667626.5385,0.4470237628421331,12.6376,0.13981523522132427
2025-11-24 05:30:00,12.801,12.808,12.725,12.737,1112239.04,2025-11-24 05:44:59.999,14192502.41679,1285,1798.83,22932.71519,0,47.66355140186916,0.0334039279523104,0.020470244265568167,0.01293368368674223,12.880157804277658,12.6289,12.377642195722341,0.11800000000000008,711911.6625,0.5764371446620372,12.6854,0.11954204281338121
2025-11-24 05:45:00,12.737,12.743,12.698,12.714,285785.62,2025-11-24 05:59:59.999,3634498.75786,921,120.25,1530.56414,0,48.06282722513094,0.03433034394854673,0.02324226420216388,0.011088079746382845,12.88269194014332,12.64145,12.40020805985668,0.1162857142857143,711850.7755,0.26023184291460655,12.712200000000001,0.10401778694049153
2025-11-24 06:00:00,12.714,12.734,12.579,12.579,1198233.83,2025-11-24 06:14:59.999,15140864.37217,879,446.74,5629.39122,0,45.76271186440682,0.023895708687554418,0.02337295309924199,0.0005227555883124263,12.874013059749709,12.6479,12.421786940250291,0.11621428571428563,771703.112,-0.5534034311012611,12.7206,0.08656384926745059
2025-11-24 06:15:00,12.584,12.653,12.584,12.653,101674.18,2025-11-24 06:29:59.999,1282024.51992,671,72155.32,909654.70985,0,48.67924528301893,0.02135124278546563,0.022968611036486723,-0.0016173682510210938,12.867227946461895,12.657,12.446772053538105,0.1161428571428571,776765.91,-0.636092351185798,12.6982,0.08669313698325179
2025-11-24 06:30:00,12.653,12.654,12.634,12.653,354.46,2025-11-24 06:44:59.999,4484.90913,603,28.62,362.15612,0,50.19455252918294,0.019114396363194786,0.022197768101828337,-0.0030833717386335516,12.841474760721571,12.6697,12.49792523927843,0.11214285714285703,766412.5365,-0.41712576735399853,12.667200000000001,0.06173491718626871
2025-11-24 06:45:00,12.653,12.654,12.653,12.653,6611.23,2025-11-24 06:59:59.999,83652.01579,643,122.60,1551.38040,0,45.70519618239662,0.017144053481208843,0.02118702517770444,-0.004042971696495597,12.83662601368626,12.6752,12.51377398631374,0.10149999999999983,713928.8885,-0.19719198611768698,12.650400000000001,0.04786230249366053
2025-11-24 07:00:00,12.653,12.654,12.571,12.573,20905.56,2025-11-24 07:14:59.999,263993.80676,659,800.24,10126.23696,0,43.31658291457289,0.009023197337691968,0.018754259609701947,-0.00973106227200998,12.824111720292665,12.664750000000002,12.505388279707338,0.10099999999999985,489076.1330000001,-0.8594858855070177,12.6222,0.04222795282740292
2025-11-24 07:15:00,12.579,12.654,12.554,12.566,104284.93,2025-11-24 07:29:59.999,1310206.24479,874,652.19,8237.83421,0,44.25051334702257,0.00199947019008917,0.015403301725779393,-0.013403831535690223,12.815258370178235,12.6555,12.495741629821765,0.09907142857142835,469310.921,0.5440870539286398,12.6196,0.04580174669151008
2025-11-24 07:30:00,12.566,12.654,12.554,12.631,1429.98,2025-11-24 07:44:59.999,18035.95123,629,716.55,9067.22370,0,47.536231884057955,0.0016589492601202238,0.01265443123264756,-0.010995481972527336,12.81392008333492,12.65385,12.49377991666508,0.10042857142857121,409878.254,0.40540540540540665,12.6152,0.04274576002357487
2025-11-24 07:45:00,12.631,12.654,12.554,12.572,2071.04,2025-11-24 07:59:59.999,26075.87162,636,629.25,7962.52950,0,54.06593406593406,-0.0033332987533380987,0.009456885235450428,-0.012790183988788527,12.81196218839813,12.648399999999999,12.484837811601867,0.08892857142857125,409926.96150000003,0.2791736460078038,12.599,0.04010610926021529
2025-11-24 08:00:00,12.572,12.654,12.537,12.58,383737.31,2025-11-24 08:14:59.999,4813066.39969,1334,203.14,2552.90481,0,50.0,-0.006568441228253619,0.006251819942709618,-0.012820261170963236,12.811345185911849,12.64495,12.47855481408815,0.0892142857142855,429005.3680000001,-1.4492753623188444,12.5844,0.026519803920686823
2025-11-24 08:15:00,12.58,12.604,12.537,12.567,633.07,2025-11-24 08:29:59.999,7959.70705,1249,113.26,1426.29888,0,51.86104218362279,-0.010065280019354361,0.0029883999502968222,-0.013053679969651184,12.800927529166625,12.636600000000001,12.472272470833378,0.09021428571428546,408391.28599999996,-1.8816364772017462,12.583200000000001,0.027289191999610777
2025-11-24 08:30:00,12.567,12.604,12.537,12.56,4519.79,2025-11-24 08:44:59.999,56943.11796,1159,4112.73,51831.20020,0,32.47863247863245,-0.013248669043486316,-0.00025901384845980626,-0.01298965519502651,12.793618176589803,12.6293,12.464981823410199,0.07821428571428525,408580.4325,-1.3896521943942812,12.581999999999999,0.028346075565967892
2025-11-24 08:45:00,12.56,12.605,12.537,12.605,3580.92,2025-11-24 08:59:59.999,44920.69575,1163,496.96,6251.32870,0,32.7086882453152,-0.012002051680218173,-0.0026076214148114804,-0.009394430265406692,12.7886511624108,12.62565,12.462648837589201,0.07714285714285664,372799.463,-0.8573226364637407,12.5768,0.017369513522010865
2025-11-24 09:00:00,12.605,12.632,12.511,12.517,413473.15,2025-11-24 09:14:59.999,5177588.10916,1338,18670.24,235670.63365,0,31.78807947019864,-0.017908524666895076,-0.005667802065228201,-0.012240722601666875,12.785029164652244,12.6174,12.449770835347756,0.07985714285714238,393260.23600000003,-0.4928849670085155,12.5658,0.03222886904610243
2025-11-24 09:15:00,12.517,12.517,12.356,12.375,2042743.26,2025-11-24 09:29:59.999,25357601.67922,1571,289.48,3603.71765,0,26.556016597510364,-0.033659652793902595,-0.011266172210963082,-0.022393480582939513,12.804405377869488,12.61125,12.418094622130512,0.08814285714285663,403785.3805,-2.1971074053584165,12.524799999999999,0.08937673075241083
2025-11-24 09:30:00,12.373,12.441,12.356,12.397,54030.57,2025-11-24 09:44:59.999,671173.11936,1254,53300.52,662127.57452,0,35.08196721311475,-0.04386170870205497,-0.017785279509181462,-0.026076429192873507,12.817540698886601,12.6021,12.386659301113399,0.08314285714285674,395364.462,-2.0232355963012743,12.4908,0.10090193258797019
2025-11-24 09:45:00,12.397,12.416,12.386,12.397,3205.25,2025-11-24 09:59:59.999,39757.55785,1160,2573.87,31930.15059,0,26.11940298507467,-0.05135492391553953,-0.024499208390453078,-0.026855715525086452,12.827849153426943,12.5951,12.362350846573058,0.0799999999999997,392427.92850000004,-2.0232355963012743,12.458200000000001,0.09927335997127185
2025-11-24 10:00:00,12.399,12.477,12.39,12.476,11330.94,2025-11-24 10:14:59.999,140743.96293,1071,5278.20,65729.95439,0,35.60975609756106,-0.05033844097560802,-0.02966705490748407,-0.020671386068123954,12.804708521490568,12.58065,12.356591478509433,0.08478571428571399,324543.36399999994,-0.7714944722818701,12.4324,0.06094915914091458
2025-11-24 10:15:00,12.476,12.477,12.405,12.424,11807.61,2025-11-24 10:29:59.999,146753.61696,1053,1179.77,14719.79472,0,32.83358320839582,-0.053116541908917014,-0.03435695230777066,-0.018759589601146355,12.768656456920104,12.56145,12.354243543079898,0.08985714285714266,288132.587,-1.130033423523804,12.413799999999998,0.038867724399348505
2025-11-24 10:30:00,12.424,12.477,12.378,12.405,2188.63,2025-11-24 10:44:59.999,27194.79375,1084,712.84,8894.05104,0,36.13861386138613,-0.05620346951295474,-0.038726255748807475,-0.017477213764147265,12.745945185631385,12.54485,12.343754814368616,0.09099999999999982,232630.06650000002,-1.7892486738975606,12.4198,0.033297147024692435
2025-11-24 10:45:00,12.403,12.477,12.397,12.433,3966.72,2025-11-24 10:59:59.999,49457.68653,1239,3448.36,43022.57830,0,39.39393939393939,-0.055747888923402655,-0.042130582383726516,-0.01361730653967614,12.721111213265665,12.530800000000001,12.340488786734337,0.08957142857142841,218539.12150000004,-1.105631562201713,12.427,0.030943496893277935
2025-11-24 11:00:00,12.433,12.477,12.377,12.408,5402.71,2025-11-24 11:14:59.999,66996.76809,1129,216.08,2696.01726,0,31.005110732538427,-0.05674995098087088,-0.045054456103155394,-0.011695494877715484,12.71870904889989,12.52225,12.325790951100108,0.08957142857142841,158897.5655,-1.3672496025437249,12.4292,0.028577963538090216
2025-11-24 11:15:00,12.408,12.477,12.377,12.414,8098.85,2025-11-24 11:29:59.999,100590.72015,1138,3361.62,41942.58372,0,35.20599250936347,-0.05640968676970459,-0.04732550223646524,-0.00908418453323935,12.702296820148884,12.5103,12.318303179851117,0.08957142857142841,154218.799,-1.2174743375507318,12.4168,0.011606032913266813
2025-11-24 11:30:00,12.414,12.483,12.377,12.483,147660.72,2025-11-24 11:44:59.999,1842372.90577,1173,146640.98,1829682.50841,0,41.84873949579842,-0.04999597906278552,-0.0478595976017293,-0.0021363814610562207,12.681879046970518,12.5018,12.32172095302948,0.08878571428571418,161584.11200000002,-0.6130573248407639,12.4286,0.03230015479814896
2025-11-24 11:45:00,12.483,12.498,12.471,12.492,76063.48,2025-11-24 11:59:59.999,949833.70992,1139,62974.32,786482.48795,0,43.654822335025486,-0.043683290927026164,-0.04702433626678868,0.0033410453397625176,12.659167335055182,12.49375,12.328332664944819,0.08592857142857138,165056.7245,-0.896469654898846,12.446000000000002,0.03912160528384792
2025-11-24 12:00:00,12.489,12.498,12.43,12.437,2366.24,2025-11-24 12:14:59.999,29551.78276,1150,1872.97,23407.79123,0,40.375586854460096,-0.04262710175023088,-0.046144889363477125,0.003517787613246247,12.649811872375338,12.486949999999998,12.324088127624659,0.08600000000000005,164129.7585,-0.6391307821362953,12.4468,0.038829112789056035
2025-11-24 12:15:00,12.439,12.498,12.43,12.485,10527.62,2025-11-24 12:29:59.999,131313.61480,1150,6479.98,80986.37851,0,40.654205607476655,-0.03748476434108916,-0.044412864358999535,0.006928100017910374,12.641456514911782,12.4829,12.32434348508822,0.08600000000000005,159441.893,0.8888888888888844,12.4622,0.03463668575348862
2025-11-24 12:30:00,12.485,12.518,12.43,12.455,6978.27,2025-11-24 12:44:59.999,86958.45577,1178,2523.30,31563.83222,0,44.6917808219179,-0.03542185310210222,-0.04261466210762008,0.007192809005517858,12.616789799731047,12.474099999999998,12.33141020026895,0.08364285714285723,159719.30750000002,0.467855126240218,12.470400000000001,0.023405127643025086
2025-11-24 12:45:00,12.456,12.519,12.431,12.467,2140.69,2025-11-24 12:59:59.999,26653.51621,1110,302.25,3783.86775,0,60.1321585903083,-0.0324446793040174,-0.04058066554689954,0.008135986242882143,12.603895060705572,12.46885,12.333804939294428,0.07842857142857161,159722.79,0.5646527385657844,12.4672,0.02232039426144052
2025-11-24 13:00:00,12.467,12.575,12.455,12.546,705079.3,2025-11-24 13:14:59.999,8852246.37812,1163,704145.11,8840568.22288,0,64.57925636007806,-0.023440401492978324,-0.0371526127361153,0.013712211243136978,12.597062156555774,12.46715,12.337237843444226,0.08092857142857149,175789.8895,0.5610772683552301,12.477999999999998,0.041844951905655264
2025-11-24 13:15:00,12.545,12.575,12.517,12.55,18935.71,2025-11-24 13:29:59.999,237267.45842,1105,19.91,250.36825,0,64.85436893203871,-0.01579955247871645,-0.03288200068463553,0.01708244820591908,12.593658755613811,12.4663,12.33894124438619,0.0829285714285714,176705.02150000003,1.0141661300708407,12.5006,0.04459035770194731
2025-11-24 13:30:00,12.55,12.576,12.535,12.567,928.19,2025-11-24 13:44:59.999,11659.05101,1007,482.54,6067.94096,0,60.04415011037509,-0.008276955074627779,-0.02796099156263398,0.0196840364880062,12.595126538918787,12.46665,12.338173461081212,0.07964285714285715,176525.44150000002,1.3059250302297527,12.517,0.05189894025881744
2025-11-24 13:45:00,12.564,12.577,12.466,12.466,39296.73,2025-11-24 13:59:59.999,490007.11089,1146,86.93,1093.31813,0,54.18326693227087,-0.010345837962271176,-0.024437960842561418,0.014092122880290242,12.570484950526135,12.4597,12.348915049473865,0.08242857142857142,178311.23200000002,0.26542266548700616,12.519200000000001,0.04875141023589389
2025-11-24 14:00:00,12.466,12.466,12.42,12.437,383990.68,2025-11-24 14:14:59.999,4783246.74799,1242,59.64,742.50819,0,53.12499999999997,-0.01416224662964538,-0.022382817999978214,0.008220571370332833,12.563510945640601,12.4557,12.347889054359399,0.07864285714285708,176837.1085,0.2337201805286905,12.513200000000001,0.0577901375667874
2025-11-24 14:15:00,12.437,12.451,12.412,12.412,2718.87,2025-11-24 14:29:59.999,33775.49331,1135,289.62,3604.51717,0,47.93713163064843,-0.018985219270689413,-0.021703298254120457,0.0027180789834310437,12.5606993041532,12.457550000000001,12.354400695846802,0.07571428571428562,74835.889,-0.0161108425970589,12.4864,0.06879898255052244
2025-11-24 14:30:00,12.412,12.599,12.377,12.385,2805092.3,2025-11-24 14:44:59.999,34989976.05288,1403,1243362.79,15552979.66190,0,47.749510763209436,-0.024701391917982818,-0.02230291698689293,-0.002398474931089887,12.561709323162162,12.45695,12.35219067683784,0.08442857142857133,212388.9755,-0.7850676920612093,12.453399999999998,0.07022321553436407
2025-11-24 14:45:00,12.377,12.499,12.295,12.499,1538798.24,2025-11-24 14:59:59.999,19026539.57468,1271,454911.23,5650516.15365,0,56.86591276252023,-0.01980436032352806,-0.02180320565421996,0.0019988453306919,12.564424904408021,12.46205,12.359675095591978,0.09185714285714283,289168.625,0.056035862952286845,12.4398,0.04465086785254254
2025-11-24 15:00:00,12.499,12.588,12.487,12.547,1060937.26,2025-11-24 15:14:59.999,13279469.87423,1033,1034233.70,12945326.31015,0,55.351170568561855,-0.011912904113373202,-0.019825145346050607,0.007912241232677406,12.574713943341346,12.465599999999998,12.356486056658651,0.09149999999999991,341648.941,0.8844576666398747,12.456,0.06608328079012062
2025-11-24 15:15:00,12.549,12.588,12.475,12.507,301797.64,2025-11-24 15:29:59.999,3767536.43429,1121,3826.32,48157.13869,0,51.192368839427566,-0.008785262876195077,-0.017617168852079503,0.008831905975884426,12.578515077599302,12.46975,12.360984922400696,0.09764285714285707,356148.4425,0.17621145374449532,12.47,0.0684251415781253
2025-11-24 15:30:00,12.506,12.626,12.475,12.626,320832.72,2025-11-24 15:44:59.999,4042025.67440,1117,316520.00,3988184.75242,0,63.63636363636361,0.003258162741236248,-0.013442102533416352,0.016700265274652598,12.605591362723727,12.4808,12.356008637276274,0.10357142857142852,372080.647,1.3729425933360044,12.5128,0.08737963149377717
2025-11-24 15:45:00,12.626,12.673,12.6,12.615,307857.2,2025-11-24 15:59:59.999,3893243.61500,1077,305765.23,3866796.90412,0,59.9085365853659,0.011779272125361118,-0.008397827601660857,0.020177099727021974,12.626042185735207,12.4899,12.353757814264794,0.10392857142857144,387275.171,1.1871340338493597,12.558800000000002,0.0593144164599992
2025-11-24 16:00:00,12.615,12.697,12.6,12.692,7081.76,2025-11-24 16:14:59.999,89841.88475,935,6065.26,77004.03160,0,66.85633001422474,0.02446356839923247,-0.0018255484014821888,0.02628911680071466,12.661809793441257,12.5041,12.346390206558741,0.10457142857142847,387359.1235,1.1637175195281428,12.5974,0.07209230194682284
2025-11-24 16:15:00,12.692,12.699,12.623,12.666,6711.41,2025-11-24 16:29:59.999,84835.82667,943,443.46,5631.07019,0,63.87726638772662,0.032048546181906445,0.00494927051519554,0.027099275666710904,12.684071128743152,12.5167,12.349328871256848,0.10371428571428558,387289.7515,0.9243027888446187,12.621199999999998,0.07092742769897231
2025-11-24 16:30:00,12.666,12.724,12.622,12.724,128916.98,2025-11-24 16:44:59.999,1637006.71663,1120,113661.77,1444430.04601,0,62.78735632183912,0.04225274762208997,0.01240996593657443,0.02984278168551554,12.719038285448319,12.528749999999999,12.338461714551679,0.10242857142857138,386352.5645,1.249303731996499,12.6646,0.0453629805016696
2025-11-24 16:45:00,12.724,12.739,12.669,12.67,77774.79,2025-11-24 16:59:59.999,989545.12632,1088,52140.43,663626.35887,0,58.042895442359196,0.04545828723908585,0.019019630197076715,0.026438657042009133,12.737129612465502,12.53765,12.338170387534497,0.10328571428571427,386438.13,1.636451147120172,12.6734,0.03994746550152131
2025-11-24 17:00:00,12.671,12.739,12.669,12.709,3075.63,2025-11-24 17:14:59.999,39117.27005,1032,964.96,12292.62544,0,59.24479166666662,0.05056281785365613,0.025328267728392605,0.025234550125263523,12.758763474514728,12.55125,12.343736525485271,0.10535714285714283,386473.59949999995,2.1870225938731225,12.6922,0.024863628053767548
2025-11-24 17:15:00,12.709,12.964,12.709,12.964,1707389.61,2025-11-24 17:29:59.999,21941739.62169,1438,1704332.18,21902614.78362,0,77.00650759219093,0.07432775986954887,0.03512816615662386,0.03919959371292501,12.8501335613522,12.575199999999999,12.300266438647798,0.11564285714285713,471316.699,4.447309055752494,12.746599999999999,0.1240475715199564
2025-11-24 17:30:00,12.964,13.028,12.953,13.0,785774.0,2025-11-24 17:44:59.999,10210640.81050,1096,784843.85,10198560.37089,0,80.30139935414427,0.09497177130798562,0.04709688718689622,0.0478748841210894,12.93018575684642,12.60245,12.274714243153579,0.11771428571428581,510256.48550000007,4.965684295518775,12.813400000000001,0.15568814983807144
2025-11-24 17:45:00,13.002,13.128,12.991,13.128,335863.06,2025-11-24 17:59:59.999,4395550.45721,1262,329125.54,4307947.43008,0,84.68992248062006,0.1202743811664817,0.06173238598281332,0.058541995183668386,13.031854705575048,12.6355,12.239145294424953,0.12471428571428587,526942.604,5.032402592207373,12.894200000000001,0.19703603731298858
2025-11-24 18:00:00,13.127,13.179,13.113,13.157,145050.68,2025-11-24 18:14:59.999,1906710.91265,1058,141221.79,1856397.37925,0,87.33075435203094,0.14104110534431058,0.07759412985511278,0.0634469754891978,13.122926569764637,12.66605,12.209173430235364,0.11357142857142881,498941.17300000007,4.861719933051721,12.9916,0.17794465431703702
2025-11-24 18:15:00,13.157,13.187,13.12,13.12,13897.46,2025-11-24 18:29:59.999,182828.54762,855,7219.00,95164.75412,0,82.44514106583063,0.1527524578443913,0.09262579545296849,0.060126662391422794,13.190396952193817,12.69455,12.198703047806182,0.1037857142857145,498689.2605,4.901255297033657,13.0738,0.08587316228026888
2025-11-24 18:30:00,13.12,13.187,13.064,13.085,1045435.15,2025-11-24 18:44:59.999,13682904.40501,928,154.77,2026.95912,0,78.49576271186444,0.15739522737756673,0.10557968183788814,0.051815545539678584,13.241707780454265,12.72045,12.199192219545735,0.10535714285714308,550914.6085,3.635355615396812,13.098000000000003,0.06049380133546289
2025-11-24 18:45:00,13.085,13.1,13.045,13.055,1046.73,2025-11-24 18:59:59.999,13688.35705,617,602.93,7892.77365,0,79.33618843683087,0.15684588467703975,0.11583292240571848,0.04101296227132127,13.277147829473108,12.7499,12.222652170526892,0.10121428571428595,549002.1085,3.4879112168053865,13.109,0.03961691557926917
2025-11-24 19:00:00,13.051,13.147,13.045,13.105,1770.48,2025-11-24 19:14:59.999,23205.42022,555,1611.05,21118.30184,0,77.68786127167635,0.15861667447375005,0.12438967281932481,0.03422700165442524,13.311720127908503,12.7833,12.254879872091498,0.09771428571428599,529891.0985000001,3.2540182792310137,13.104400000000002,0.03816804946568204
2025-11-24 19:15:00,13.056,13.147,13.044,13.058,8044.96,2025-11-24 19:29:59.999,105052.12895,588,995.35,13085.76765,0,74.58379578246387,0.15444716021791471,0.1304011702990428,0.024045989918871913,13.32716371214037,12.8156,12.30403628785963,0.09985714285714309,530157.4029999999,3.094899731564815,13.0846,0.02851841510347272
2025-11-24 19:30:00,13.066,13.147,13.005,13.012,624857.1,2025-11-24 19:44:59.999,8140690.39861,875,1859.08,24250.68656,0,68.39080459770115,0.14575084950217132,0.1334711061396685,0.012279743362502815,13.323022296588276,12.846950000000001,12.370877703411727,0.1030714285714288,421145.643,2.2634391700723064,13.062999999999999,0.03513545218170851
2025-11-24 19:45:00,13.01,13.016,12.968,12.992,753380.8,2025-11-24 19:59:59.999,9783381.05699,903,139.52,1812.81322,0,68.86574074074076,0.13568108071346252,0.1339131010544273,0.0017679796590352181,13.322185770793965,12.8716,12.421014229206037,0.10107142857142877,381874.771,2.541436464088405,13.044400000000001,0.044060186109597124
2025-11-24 20:00:00,13.002,13.087,12.968,13.074,1279181.91,2025-11-24 20:14:59.999,16722238.04622,684,1278129.70,16708589.04703,0,69.70720720720719,0.13278674812157654,0.13368783046785715,-0.0009010823462806128,13.329860066174708,12.89795,12.466039933825291,0.10228571428571444,392787.0035,2.8719804862695746,13.0482,0.04598043062012895
2025-11-24 20:15:00,13.074,13.101,13.058,13.1,58969.94,2025-11-24 20:29:59.999,772051.19183,540,56363.17,737995.80229,0,75.0,0.1310799434057497,0.13316625305543567,-0.00208630964968598,13.32667651291172,12.927600000000002,12.528523487088284,0.10035714285714306,380645.6185,1.0490589324282569,13.047199999999998,0.04446571713143079
2025-11-24 20:30:00,13.101,13.13,13.083,13.12,141257.52,2025-11-24 20:44:59.999,1853062.98961,653,129535.03,1699604.51780,0,74.43519619500594,0.12984435631037883,0.1325018737064243,-0.0026575173960454723,13.333530197069662,12.9523,12.571069802930337,0.09871428571428595,371666.8585,0.9230769230769171,13.0596,0.05550495473390549
2025-11-24 20:45:00,13.12,13.142,13.107,13.112,838.07,2025-11-24 20:59:59.999,10997.93913,555,360.19,4731.74663,0,62.457912457912485,0.1267584193403799,0.13135318283321543,-0.004594763492835524,13.329504650884413,12.97715,12.624795349115587,0.08300000000000018,356315.902,-0.12187690432663022,13.0796,0.05196922166064972
2025-11-24 21:00:00,13.112,13.143,13.075,13.09,624.46,2025-11-24 21:14:59.999,8184.84111,628,233.54,3068.91487,0,57.75862068965519,0.12114113630872758,0.12931077352831785,-0.00816963721959027,13.325758781686421,12.997050000000002,12.668341218313582,0.08250000000000021,355993.03699999995,-0.5092346279547022,13.0992,0.01814386948846962
2025-11-24 21:15:00,13.09,13.143,13.08,13.08,309.66,2025-11-24 21:29:59.999,4053.51668,576,44.19,580.77317,0,44.80519480519477,0.11456188451687765,0.12636099572602982,-0.011799111209152169,13.308647612662092,13.017749999999998,12.726852387337903,0.07721428571428593,355672.9495,-0.3048780487804813,13.100399999999999,0.016149303391003407
2025-11-24 21:30:00,13.08,13.143,13.003,13.003,542969.7,2025-11-24 21:44:59.999,7069028.93002,800,764.95,9966.46831,0,34.90196078431367,0.1019592013806232,0.1214806368569485,-0.019521435476325302,13.287984463664232,13.0317,12.77541553633577,0.08250000000000021,376375.5855,-0.6266717615590427,13.081,0.046497311750399735
2025-11-24 21:45:00,13.003,13.02,12.988,13.013,247034.37,2025-11-24 21:59:59.999,3210405.27463,660,97.77,1271.83236,0,38.92339544513458,0.09172109691340857,0.11552872886824052,-0.023807631954831945,13.24113736718469,13.048850000000002,12.856562632815313,0.0800000000000002,384838.5645,-0.3217158176943686,13.0596,0.04863435000093047
2025-11-24 22:00:00,13.011,13.103,12.988,13.065,883622.32,2025-11-24 22:14:59.999,11557126.45410,651,875722.44,11453681.82801,0,47.999999999999865,0.08680268347711717,0.10978351979001585,-0.022980836312898684,13.173326638787639,13.066650000000001,12.959973361212363,0.0794285714285717,428865.89900000003,-0.3052270125906213,13.0502,0.03969508785747451
2025-11-24 22:15:00,13.061,13.103,13.041,13.066,1036.62,2025-11-24 22:29:59.999,13523.63232,547,10.70,140.20210,0,51.16772823779203,0.08203979336632194,0.10423477450527709,-0.02219498113895514,13.166892828918458,13.07175,12.976607171081541,0.07992857142857167,343548.2495,0.06126512482769869,13.0454,0.034832456129484206
2025-11-24 22:30:00,13.065,13.103,13.023,13.024,731.96,2025-11-24 22:44:59.999,9554.49308,571,140.00,1834.42000,0,41.252699784017125,0.07402283053460224,0.09819238571114212,-0.02416955517653989,13.164832018170195,13.07295,12.981067981829806,0.07835714285714308,304296.14749999996,0.09222256378726312,13.034199999999998,0.029524566042738166
2025-11-24 22:45:00,13.024,13.103,13.001,13.04,49740.07,2025-11-24 22:59:59.999,646822.80798,684,270.02,3533.18286,0,47.91666666666658,0.06817452255494238,0.09218881307990219,-0.024014290524959805,13.157720386870345,13.068549999999998,12.979379613129652,0.07828571428571454,289989.998,0.36945812807880435,13.041599999999999,0.023839043605235137
2025-11-24 23:00:00,13.038,13.103,13.02,13.038,937.63,2025-11-24 23:14:59.999,12256.45252,622,533.14,6985.73342,0,53.35051546391751,0.06265605308307087,0.08628226108053594,-0.023626207997465065,13.142297850462178,13.0626,12.982902149537821,0.07407142857142889,282784.34549999994,-0.27535566773749115,13.046600000000002,0.018324846520844026
2025-11-24 23:15:00,13.039,13.103,13.016,13.035,3830.71,2025-11-24 23:29:59.999,50057.36179,598,2206.37,28909.77400,0,55.79514824797836,0.057379120555728136,0.08050163297557439,-0.023122512419846253,13.134128833316558,13.05835,12.982571166683444,0.07685714285714315,282281.008,-0.49618320610686645,13.040600000000001,0.015485477067635133
2025-11-24 23:30:00,13.03,13.107,12.984,12.996,474899.24,2025-11-24 23:44:59.999,6173555.77610,833,19992.49,261981.28679,0,38.109756097561046,0.04947976748666072,0.07429725987779166,-0.024817492391130944,13.13344846255339,13.053899999999999,12.974351537446607,0.0771428571428574,253754.2125,-0.9451219512195029,13.026599999999998,0.018187908071343444
2025-11-24 23:45:00,12.993,12.999,12.951,12.957,595932.89,2025-11-24 23:59:59.999,7728290.93169,814,626.32,8121.94448,0,29.032258064516242,0.03961583254666401,0.06736097441156613,-0.027745141864902123,13.139572448464888,13.049000000000001,12.958427551535115,0.0775000000000002,283498.5205,-1.1821232458816302,13.013200000000001,0.036272579175060105
2025-11-25 00:00:00,12.959,12.99,12.926,12.964,4097.08,2025-11-25 00:14:59.999,53078.84569,612,1954.97,25344.51530,0,26.219512195122093,0.031994620470637614,0.06028770362338043,-0.028293083152742815,13.136050673971964,13.04195,12.947849326028036,0.07871428571428586,283614.8505,-0.9625668449197818,12.998,0.03811167800045442
2025-11-25 00:15:00,12.96,12.99,12.924,12.924,1655.51,2025-11-25 00:29:59.999,21435.82565,639,782.10,10143.38758,0,23.8888888888889,0.022468091117959332,0.052723781122296205,-0.030255690004336873,13.142677086655283,13.03525,12.927822913344716,0.08092857142857161,283295.37799999997,-1.19266055045872,12.975200000000001,0.042091566851440276
2025-11-25 00:30:00,12.926,12.977,12.903,12.975,545.39,2025-11-25 00:44:59.999,7055.66004,618,267.78,3467.38014,0,35.218508997429325,0.01881661551551339,0.045942348000939645,-0.027125732485426254,13.143747584810713,13.0334,12.923052415189288,0.08135714285714293,252079.79249999998,-0.2153349227101474,12.9632,0.026414011433493163
2025-11-25 00:45:00,12.976,12.99,12.902,12.976,302361.04,2025-11-25 00:59:59.999,3927203.40664,626,300292.47,3900500.95059,0,36.31578947368441,0.01582111052196744,0.03991810050514521,-0.024096989983177768,13.144433334640059,13.032599999999999,12.920766665359938,0.08314285714285725,229528.8045,-0.2843310535618154,12.959200000000001,0.021206131189081094
2025-11-25 01:00:00,12.979,13.006,12.902,12.995,1634.51,2025-11-25 01:14:59.999,21134.86806,544,391.47,5085.53370,0,48.75776397515514,0.014809576860105977,0.034896395776137366,-0.02008681891603139,13.139905561658164,13.028649999999999,12.917394438341834,0.08057142857142871,165651.4345,-0.5357826253348663,12.966800000000001,0.026395075298412406
2025-11-25 01:15:00,12.995,13.006,12.902,12.955,4134.62,2025-11-25 01:29:59.999,53724.79881,605,3498.95,45507.34370,0,41.761363636363676,0.010657411434314312,0.030048598907772756,-0.019391187473458443,13.131974385536237,13.0214,12.910825614463763,0.08571428571428592,162909.6685,-0.849533139445895,12.965,0.02693510720247412
2025-11-25 01:30:00,12.955,13.006,12.902,12.965,2963.13,2025-11-25 01:44:59.999,38290.03033,580,899.35,11654.88572,0,33.87096774193556,0.008080559189785674,0.025654990964175336,-0.01757443177438966,13.116590504021968,13.013650000000002,12.910709495978036,0.08492857142857169,155994.949,-0.4530098280098225,12.9732,0.014872793954370576
2025-11-25 01:45:00,12.965,12.966,12.901,12.901,491.76,2025-11-25 01:59:59.999,6358.06461,563,121.94,1580.96879,0,27.88203753351189,0.0008641586085769148,0.020696824493055654,-0.01983266588447874,13.106846452063024,13.0031,12.899353547936975,0.08514285714285741,155977.6335,-1.0659509202453938,12.958400000000001,0.03535251051917639
2025-11-25 02:00:00,12.902,12.966,12.89,12.912,4707.31,2025-11-25 02:14:59.999,60963.26037,620,3660.13,47457.12101,0,33.625730994152235,-0.003922071574518071,0.01577304527954091,-0.019695116854058982,13.097094120336767,12.994200000000001,12.891305879663236,0.08485714285714303,156181.77599999998,-0.9664058904739947,12.945599999999999,0.03880463889804727
2025-11-25 02:15:00,12.91,12.966,12.877,12.881,1277.88,2025-11-25 02:29:59.999,16503.55190,628,384.44,4984.07886,0,27.73109243697489,-0.010100205517687755,0.010598395120095175,-0.020698600637782928,13.090637326114404,12.98425,12.877862673885595,0.08392857142857148,156230.18699999998,-1.1814345991561175,12.9228,0.0359054313441125
2025-11-25 02:30:00,12.881,12.966,12.87,12.926,1820.99,2025-11-25 02:44:59.999,23542.01530,583,1036.17,13434.98022,0,36.0,-0.011235778202307145,0.006231560455614711,-0.017467338657921855,13.089469557718598,12.9804,12.871330442281401,0.0848571428571429,129172.75149999998,-0.5386272699292112,12.917000000000002,0.03147220996381568
2025-11-25 02:45:00,12.926,12.987,12.87,12.987,565625.56,2025-11-25 02:59:59.999,7344071.15577,594,564835.90,7333896.62788,0,44.75982532751092,-0.007131331978550648,0.003558981968781639,-0.010690313947332287,13.087148527108909,12.979099999999999,12.87105147289109,0.08700000000000012,145102.31100000002,0.23153507756424602,12.9214,0.04019079496609508
2025-11-25 03:00:00,12.984,13.01,12.927,12.927,315583.76,2025-11-25 03:14:59.999,4088997.13030,712,123657.07,1607234.89376,0,42.797494780793244,-0.008620653803486533,0.0011230548143280037,-0.009743708617814538,13.07463066974858,12.9722,12.869769330251422,0.08414285714285732,116700.383,-0.2854057389694601,12.926600000000002,0.038539590034235204
2025-11-25 03:15:00,12.927,13.01,12.914,12.956,18118.73,2025-11-25 03:29:59.999,235231.54964,604,12781.31,166283.62240,0,49.893390191897524,-0.007375870004747043,-0.0005767301494870061,-0.0067991398552600365,13.059261444740837,12.9667,12.874138555259162,0.08757142857142876,117554.4885,0.24760136180749015,12.935399999999998,0.03938654592633522
2025-11-25 03:30:00,12.956,13.01,12.883,12.897,529103.26,2025-11-25 03:44:59.999,6821911.51411,716,86.69,1121.91516,0,43.57005758157389,-0.011023109250695384,-0.0026660059697286823,-0.008357103280966702,13.05378114548826,12.96035,12.86691885451174,0.0920714285714288,143973.05349999998,-0.6011560693641573,12.9386,0.03416577234612818
2025-11-25 03:45:00,12.897,12.908,12.876,12.897,145785.54,2025-11-25 03:59:59.999,1877921.50127,604,107.65,1388.17040,0,47.19334719334727,-0.01375501339779639,-0.004883807455342225,-0.008871205942454163,13.04277349231886,12.9532,12.863626507681142,0.08964285714285733,148775.327,-0.6088162762022242,12.9328,0.038964086028125976
2025-11-25 04:00:00,12.896,12.95,12.876,12.95,1122.11,2025-11-25 04:14:59.999,14460.45600,621,209.12,2702.87961,0,47.412008281573456,-0.011510721622473241,-0.006209190288768429,-0.005301531333704812,13.028988199682386,12.9488,12.868611800317614,0.08964285714285733,148784.551,-0.3462870334744127,12.9254,0.028094483444385886
2025-11-25 04:15:00,12.95,12.973,12.876,12.948,24274.17,2025-11-25 04:29:59.999,314745.24986,622,24031.76,311611.31980,0,47.10743801652886,-0.009780741210215993,-0.006923500473057943,-0.0028572407371580504,13.013633128456577,12.94445,12.875266871543422,0.0902857142857145,149806.724,-0.05403319181782843,12.929599999999999,0.02990484910523811
2025-11-25 04:30:00,12.944,12.991,12.926,12.981,168863.55,2025-11-25 04:44:59.999,2192036.60401,600,165586.94,2149543.30520,0,48.59437751004022,-0.005681403380553007,-0.0066750810545569556,0.0009936776740039482,13.010824707192443,12.943700000000002,12.87657529280756,0.0875000000000001,134504.9395,0.12340917855765533,12.9346,0.036732819113257105
2025-11-25 04:45:00,12.977,13.029,12.976,13.013,490.51,2025-11-25 04:59:59.999,6380.71987,541,301.54,3925.01602,0,55.91836734693878,0.00014778042765151156,-0.005310508758115262,0.005458289185766773,13.020300584792201,12.9465,12.8726994152078,0.08385714285714282,104732.8205,0.8681497558328819,12.9578,0.04312423912381795
2025-11-25 05:00:00,13.013,13.029,13.005,13.01,2735.03,2025-11-25 05:14:59.999,35624.47504,600,2243.96,29235.65078,0,54.65838509316771,0.004473804432057804,-0.0033536461200806486,0.007827450552138453,13.027595137439386,12.9488,12.870004862560615,0.07814285714285697,104664.718,0.7589838909541432,12.9804,0.0312777876456957
2025-11-25 05:15:00,13.01,13.029,12.937,12.939,7215.39,2025-11-25 05:29:59.999,93676.70876,628,1172.94,15281.38278,0,53.877551020408205,0.0021483382881335444,-0.0022532492384378096,0.0044015875265713544,13.027633558481565,12.949549999999999,12.871466441518432,0.08007142857142847,104942.71199999998,0.45027559972051723,12.978199999999998,0.03420087718186688
2025-11-25 05:30:00,12.937,13.016,12.937,12.987,360.09,2025-11-25 05:44:59.999,4668.77910,542,16.13,209.94808,0,57.115749525616664,0.004130969220520697,-0.0009764055466461079,0.005107374767166805,13.029234964303136,12.950149999999999,12.871065035696862,0.08028571428571432,104933.447,0.47191706637784264,12.986,0.029748949561446414
2025-11-25 05:45:00,12.993,13.029,12.937,12.972,417.75,2025-11-25 05:59:59.999,5419.21646,537,39.51,514.65313,0,58.90410958904107,0.004440654774720443,0.00010700651762720253,0.004333648257093241,13.028779529598516,12.949950000000001,12.871120470401486,0.08050000000000017,89836.2825,-0.11550011550011989,12.984200000000001,0.03039243326898002
2025-11-25 06:00:00,12.973,13.029,12.937,12.97,16366.27,2025-11-25 06:14:59.999,212007.30606,577,2943.50,38350.24716,0,54.700854700854784,0.004473135994967237,0.0009802324130952097,0.003492903581872027,13.025282532018778,12.948699999999999,12.87211746798122,0.08021428571428592,90572.87049999999,0.3326371161135688,12.9756,0.025967287113000698
2025-11-25 06:15:00,12.968,13.029,12.936,12.936,560.25,2025-11-25 06:29:59.999,7274.27948,645,194.21,2529.08129,0,44.21768707482987,0.0017353576234224732,0.0011312574551606625,0.0006041001682618107,13.024474730109707,12.94775,12.871025269890291,0.07850000000000014,90394.152,-0.1543686322939146,12.9608,0.022286767374573344
2025-11-25 06:30:00,12.936,13.029,12.896,12.904,582995.62,2025-11-25 06:44:59.999,7527627.77994,728,1160.07,15111.13118,0,47.21549636803876,-0.0029821081391663284,0.0003085843362952641,-0.0032906924754615924,13.023362771237919,12.944700000000001,12.866037228762083,0.08207142857142864,119395.7765,0.05427618826083332,12.953800000000001,0.0335141761051653
2025-11-25 06:45:00,12.904,12.921,12.885,12.891,227448.71,2025-11-25 06:59:59.999,2932325.93913,641,617.66,7969.34871,0,41.81360201511335,-0.007681181222228162,-0.0012893687754094217,-0.00639181244681874,13.024148931067456,12.9442,12.864251068932544,0.07778571428571432,130743.62400000003,-0.046522447080718204,12.9346,0.03705131576620682
2025-11-25 07:00:00,12.891,12.891,12.885,12.891,875.05,2025-11-25 07:14:59.999,11280.10311,501,847.31,10922.67321,0,49.11242603550292,-0.011275256358844743,-0.0032865462920964868,-0.007988710066748256,13.02539808428348,12.94315,12.860901915716518,0.06914285714285714,130552.01100000001,-0.45559845559845,12.9184,0.0342096477620925
2025-11-25 07:15:00,12.891,12.923,12.863,12.866,7444.33,2025-11-25 07:29:59.999,95999.88489,555,6289.78,81126.34366,0,45.730027548209264,-0.015956936236719343,-0.005820624281021059,-0.010136311955698285,13.027266210496832,12.942400000000001,12.85753378950317,0.07114285714285717,130860.33350000002,-0.6333024405313619,12.8976,0.025500980373419576
2025-11-25 07:30:00,12.864,12.91,12.862,12.885,946.7,2025-11-25 07:44:59.999,12180.81467,545,15.70,202.68700,0,40.1215805471125,-0.017927404104153055,-0.00824198024564746,-0.009685423858505595,13.02878975052863,12.94035,12.851910249471372,0.06928571428571433,130816.61899999999,-0.7395424081349671,12.8874,0.013831124321800283
2025-11-25 07:45:00,12.887,12.91,12.83,12.83,3145.83,2025-11-25 07:59:59.999,40454.34324,598,1158.85,14930.37297,0,34.55497382198948,-0.02365438144639853,-0.011324460485797676,-0.012329920960600855,13.030823847296833,12.9325,12.834176152703165,0.06807142857142853,102692.63249999999,-1.4062860216706357,12.8726,0.025928748523684386
2025-11-25 08:00:00,12.83,12.84,12.79,12.83,508078.98,2025-11-25 08:14:59.999,6504446.98014,785,674.28,8650.83570,0,28.36676217765047,-0.027871763906032854,-0.014633921169844716,-0.013237842736188138,13.036158112720656,12.92765,12.819141887279343,0.06700000000000005,112317.3935,-1.3835511145272845,12.860400000000002,0.029245512476342748
2025-11-25 08:15:00,12.83,12.87,12.83,12.839,20812.24,2025-11-25 08:29:59.999,267391.83008,565,19488.28,250377.83665,0,23.312883435582947,-0.03014040527576256,-0.017735217991028285,-0.012405187284734276,13.036321613680052,12.9218,12.807278386319947,0.06607142857142863,112452.06899999999,-0.7728572532653191,12.85,0.024505101509756596
2025-11-25 08:30:00,12.839,12.87,12.802,12.812,3342.73,2025-11-25 08:44:59.999,42954.33042,594,2212.39,28473.45930,0,21.71428571428578,-0.0337281966021834,-0.020933813713259312,-0.01279438288892409,13.041839094241016,12.91755,12.793260905758984,0.0692142857142858,86164.04250000001,-1.3475013475013529,12.8392,0.02741714791883038
2025-11-25 08:45:00,12.812,12.829,12.704,12.711,1905850.62,2025-11-25 08:59:59.999,24313343.60643,1035,306.91,3908.55719,0,20.000000000000085,-0.04421175736673355,-0.025589402443954166,-0.018622354922779385,13.06309304447064,12.908249999999999,12.753406955529357,0.07157142857142862,174167.2965,-2.01202590194264,12.804399999999998,0.053125323528439974
2025-11-25 09:00:00,12.713,12.737,12.698,12.698,9417.84,2025-11-25 09:14:59.999,119797.25271,598,8383.01,106651.59777,0,8.115942028985629,-0.052958572696601536,-0.03106323649448365,-0.021895336202117886,13.075225259109088,12.89565,12.716074740890912,0.0687142857142857,174582.083,-2.0971472629144197,12.778,0.0679521890743791
2025-11-25 09:15:00,12.698,12.738,12.669,12.669,600.73,2025-11-25 09:29:59.999,7633.18283,628,315.54,4015.33344,0,7.799442896936057,-0.061521364505511045,-0.03715486209668914,-0.024366502408821905,13.085821841838829,12.8817,12.677578158161172,0.06707142857142845,173398.41100000002,-2.064007421150274,12.7458,0.0749379743521174
2025-11-25 09:30:00,12.669,12.757,12.666,12.757,289275.34,2025-11-25 09:44:59.999,3681474.65980,635,213624.87,2723248.96925,0,26.067415730336975,-0.06050906333578787,-0.04182570234450889,-0.01868336099127898,13.076255603619781,12.870500000000002,12.664744396380222,0.0669999999999998,179419.00050000002,-1.1391816491010558,12.729400000000002,0.0560294565384835
2025-11-25 09:45:00,12.757,12.83,12.742,12.83,645220.84,2025-11-25 09:59:59.999,8242134.47395,696,644334.52,8230801.14484,0,39.04958677685951,-0.05320302608503091,-0.0441011670926133,-0.00910185899241761,13.056422213349158,12.861349999999998,12.666277786650838,0.06664285714285688,211655.517,-0.4731983554417806,12.733,0.06282913336978352
2025-11-25 10:00:00,12.83,12.832,12.793,12.793,21029.46,2025-11-25 10:14:59.999,269580.99476,589,13044.60,167379.08992,0,38.65030674846621,-0.049824187485889126,-0.045245771171268476,-0.004578416314620651,13.034589795022614,12.8505,12.666410204977387,0.05992857142857133,212570.23850000004,-0.7602203087425394,12.7494,0.06625933896439644
2025-11-25 10:15:00,12.793,12.799,12.761,12.799,4037.44,2025-11-25 10:29:59.999,51658.10973,503,3528.02,45155.12798,0,40.45643153526968,-0.04613051978017069,-0.045422720893048926,-0.0007077988871217605,13.024033128611357,12.8435,12.662966871388644,0.06007142857142852,212411.34100000001,-0.520752370589151,12.7696,0.06192576200580597
2025-11-25 10:30:00,12.799,12.817,12.761,12.787,325.56,2025-11-25 10:44:59.999,4164.63369,531,170.95,2187.08421,0,39.473684210526386,-0.04366818160867858,-0.045071813036174864,0.0014036314274962838,13.002343122453626,12.8335,12.664656877546376,0.06364285714285714,212409.61450000005,-0.7605743112145827,12.7932,0.02615721697736369
2025-11-25 10:45:00,12.787,12.812,12.761,12.805,9816.85,2025-11-25 10:59:59.999,125573.36399,598,9727.65,124432.86952,0,43.7371663244353,-0.03980545874943431,-0.04401854217882676,0.0042130834293924516,12.981185454810067,12.825149999999999,12.669114545189931,0.06299999999999997,212879.56950000004,-0.19485580670304253,12.8028,0.01661926592847397
2025-11-25 11:00:00,12.805,12.812,12.752,12.779,451.07,2025-11-25 11:14:59.999,5764.86215,588,106.65,1366.25380,0,39.27125506072871,-0.03839955954348184,-0.04289474565175778,0.004495186108275935,12.957001109203928,12.8156,12.674198890796072,0.06385714285714274,212083.80950000003,-0.3975058456742023,12.7926,0.010139033484549467
2025-11-25 11:15:00,12.779,12.812,12.741,12.776,24194.0,2025-11-25 11:29:59.999,309197.05246,607,12405.02,158933.05396,0,43.89140271493208,-0.037099785982764644,-0.04173575371795916,0.004635967735194514,12.937995996063394,12.807599999999999,12.677204003936604,0.06321428571428557,213265.49700000003,-0.4906924215281611,12.7892,0.01253794241495156
2025-11-25 11:30:00,12.774,12.812,12.741,12.796,7257.1,2025-11-25 11:44:59.999,92761.89438,647,4073.06,52183.92437,0,46.320346320346225,-0.03406321369465104,-0.040201245713297536,0.006138032018646496,12.924479403954509,12.8022,12.67992059604549,0.0647142857142855,184478.571,-0.124882922260381,12.788599999999999,0.012012493496381678
2025-11-25 11:45:00,12.794,12.812,12.741,12.768,2955.58,2025-11-25 11:59:59.999,37795.11238,607,1791.98,22958.84776,0,42.61954261954259,-0.033529566304308034,-0.03886690983149964,0.005337343527191604,12.911718264309242,12.79605,12.680381735690757,0.06692857142857125,173253.9145,0.4484304932735456,12.7848,0.015221695043601604
2025-11-25 12:00:00,12.775,12.855,12.741,12.855,681673.65,2025-11-25 12:14:59.999,8752889.57076,626,681442.49,8749934.44994,0,53.974121996303275,-0.02578919223718046,-0.036251366312635806,0.010462174075455348,12.904699559813743,12.79425,12.683800440186257,0.07021428571428563,207293.8445,1.2364151834934638,12.7948,0.03516674565553233
2025-11-25 12:15:00,12.855,12.923,12.825,12.904,340683.64,2025-11-25 12:29:59.999,4391067.00523,713,339301.17,4373308.96624,0,69.7341513292435,-0.01552207076308143,-0.03210550720272493,0.016583436439643502,12.91292287897046,12.79615,12.67937712102954,0.06828571428571426,223955.81,1.8549214618359728,12.8198,0.05808786448133604
2025-11-25 12:30:00,12.893,12.924,12.863,12.899,6442.28,2025-11-25 12:44:59.999,83085.02296,597,3313.44,42819.58986,0,70.89397089397093,-0.007700000425675313,-0.027224405847315006,0.019524405421639694,12.916008938529473,12.79685,12.677691061470526,0.06985714285714284,224230.589,1.113114368581951,12.844400000000002,0.06087938895885193
2025-11-25 12:45:00,12.897,12.924,12.862,12.876,371.25,2025-11-25 12:59:59.999,4780.96798,648,13.76,177.74508,0,71.78947368421059,-0.003318606281832004,-0.022443245934218405,0.0191246396523864,12.922698030293345,12.799150000000001,12.675601969706657,0.06935714285714287,224091.86000000002,0.35853468433358826,12.860400000000002,0.05522952109156783
2025-11-25 13:00:00,12.876,12.924,12.826,12.875,15406.0,2025-11-25 13:14:59.999,197807.66400,730,1319.64,17052.35973,0,65.2061855670105,7.215672296645437e-05,-0.017940165402781434,0.01801232212574789,12.928889772551193,12.801400000000001,12.67391022744881,0.06985714285714284,199458.211,0.6409755334948858,12.881800000000002,0.019917329138340472
2025-11-25 13:15:00,12.875,12.902,12.825,12.88,4878.05,2025-11-25 13:29:59.999,62652.87156,656,1118.46,14423.67801,0,57.812500000000185,0.0031267755247554874,-0.013726777217274048,0.016853552742029536,12.934747131887931,12.803450000000002,12.672152868112072,0.0690714285714286,198661.5015,0.6328619423392553,12.8868,0.01366382084210835
2025-11-25 13:30:00,12.88,12.91,12.767,12.769,867037.98,2025-11-25 13:44:59.999,11095258.86259,917,3840.38,49108.99795,0,46.95431472081226,-0.0033703382405079196,-0.011655489421920823,0.008285151181412903,12.933413348462588,12.801300000000001,12.669186651537414,0.07649999999999998,241846.26400000002,-0.14076796746696396,12.859800000000002,0.051678815775944464
2025-11-25 13:45:00,12.767,12.783,12.72,12.752,286708.73,2025-11-25 13:59:59.999,3657350.94352,846,4567.04,58364.67065,0,44.19753086419762,-0.009778386481210433,-0.011280068833778746,0.0015016823525683138,12.930752016012706,12.80335,12.675947983987294,0.07828571428571417,160889.16950000002,-0.41390081999218314,12.830400000000001,0.06411941983520068
2025-11-25 14:00:00,12.757,12.812,12.72,12.807,638.05,2025-11-25 14:14:59.999,8164.02721,593,454.38,5817.40119,0,52.23214285714282,-0.010300038105903297,-0.011084062688203658,0.0007840245823003602,12.926156138134253,12.8088,12.691443861865746,0.08085714285714259,160450.18,0.21910947648486165,12.8166,0.059078760989057365
2025-11-25 14:15:00,12.806,12.873,12.72,12.855,753027.54,2025-11-25 14:29:59.999,9662744.59844,740,750689.63,9632886.84961,0,55.23012552301265,-0.0067623003405650195,-0.010219710218675931,0.003457409878110912,12.91680722257953,12.818100000000001,12.719392777420472,0.08814285714285676,198071.5205,0.6183469004383267,12.8126,0.054647049325668294
2025-11-25 14:30:00,12.851,12.873,12.652,12.684,1282434.66,2025-11-25 14:44:59.999,16312582.32796,901,4474.06,56882.67231,0,42.37560192616367,-0.01755453086241765,-0.011686674347424276,-0.005867856514993374,12.927086303392805,12.814449999999999,12.701813696607193,0.09964285714285685,247729.48650000003,-0.8752735229759309,12.7734,0.06375186271788624
2025-11-25 14:45:00,12.673,12.71,12.573,12.71,1498512.74,2025-11-25 14:59:59.999,18945846.79777,914,472094.40,5987589.94289,0,44.89164086687315,-0.02373585641814202,-0.014096510761567826,-0.009639345656574195,12.93002817498001,12.808449999999999,12.686871825019988,0.10435714285714262,290394.0815,-0.45426065162907137,12.761600000000001,0.06993067996237165
2025-11-25 15:00:00,12.71,12.715,12.585,12.714,1133811.33,2025-11-25 15:14:59.999,14355679.50380,774,932330.56,11817594.47888,0,43.492063492063586,-0.027989192891508807,-0.016875047187556027,-0.01111414570395278,12.933121026356282,12.804499999999999,12.675878973643716,0.10857142857142829,346033.175,-1.0968494749124855,12.754000000000001,0.07322226437361318
2025-11-25 15:15:00,12.714,12.715,12.632,12.697,103926.94,2025-11-25 15:29:59.999,1315768.61435,642,3626.53,46111.32731,0,44.26494345718892,-0.03235873921233612,-0.019971785592512045,-0.012386953619824073,12.936733094872503,12.7994,12.662066905127498,0.10942857142857118,351027.65,-1.6041537507749595,12.732,0.06976030389840844
2025-11-25 15:30:00,12.705,12.789,12.695,12.789,400081.74,2025-11-25 15:44:59.999,5102052.31854,757,399581.30,5095664.84075,0,44.71153846153844,-0.02807438103962312,-0.021592304681934262,-0.0064820763576888575,12.936797985571518,12.7995,12.662202014428482,0.10799999999999965,371015.45900000003,-0.8527792852159038,12.7188,0.04097194161859597
2025-11-25 15:45:00,12.789,12.807,12.672,12.728,1004062.57,2025-11-25 15:59:59.999,12768426.86878,877,94881.26,1214187.62382,0,36.16352201257871,-0.029263851063403123,-0.023126613958228036,-0.006137237105175088,12.936569200439552,12.795649999999998,12.654730799560445,0.11064285714285672,420727.745,-1.1494252873563193,12.727599999999999,0.03605967276609723
2025-11-25 16:00:00,12.723,12.79,12.672,12.771,119389.63,2025-11-25 16:14:59.999,1524338.21145,801,115198.38,1471203.73295,0,40.50445103857586,-0.02643208141179265,-0.023787707448940962,-0.002644373962851689,12.93641339916228,12.79525,12.654086600837719,0.1147142857142852,426674.67300000007,-0.807766990291256,12.739799999999999,0.03882911278922769
2025-11-25 16:15:00,12.771,12.9,12.768,12.9,1224481.61,2025-11-25 16:29:59.999,15755140.60028,703,1222168.66,15725390.88169,0,51.53846153846158,-0.01362163987378473,-0.021754493933909717,0.008132854060124987,12.949764708075328,12.801449999999999,12.65313529192467,0.11971428571428522,486689.05350000004,0.15527950310558675,12.777,0.0776369757267771
2025-11-25 16:30:00,12.9,12.939,12.886,12.898,71234.23,2025-11-25 16:44:59.999,920381.29934,688,70835.09,915228.37641,0,51.47247119078102,-0.003589280949434226,-0.018121451337014618,0.014532170387580392,12.96096499109081,12.806549999999998,12.652135008909186,0.11649999999999963,489887.91000000003,1.0102592215521933,12.8172,0.07789544274218992
2025-11-25 16:45:00,12.895,12.939,12.878,12.919,29666.74,2025-11-25 16:59:59.999,383018.67058,687,15628.96,202222.50827,0,52.44667503136759,0.005986946480746269,-0.01329977177346244,0.01928671825420871,12.975200034303295,12.8141,12.652999965696704,0.11535714285714249,491223.46800000005,1.3095984943538252,12.843200000000001,0.08726224842394828
2025-11-25 17:00:00,12.923,12.978,12.878,12.978,269645.84,2025-11-25 17:14:59.999,3494657.04998,796,269093.01,3487511.30056,0,64.02684563758378,0.01812801416558152,-0.007014214585653647,0.025142228751235167,12.996594011880775,12.820250000000001,12.643905988119228,0.11228571428571385,470622.0775,1.3352073085031575,12.893199999999998,0.07559563479464253
2025-11-25 17:15:00,12.978,12.986,12.942,12.973,12477.34,2025-11-25 17:29:59.999,161967.02771,635,12155.60,157796.43648,0,65.07503410641192,0.027034799227310558,-0.00020441182306080378,0.027239211050371363,13.009394826047854,12.823699999999999,12.638005173952143,0.11092857142857111,454211.7625,0.9179307662388201,12.933600000000002,0.03915737478441136
2025-11-25 17:30:00,12.973,13.038,12.973,13.023,185687.73,2025-11-25 17:44:59.999,2415234.75084,807,170693.90,2220650.88258,0,64.83516483516472,0.03769356474032115,0.00737518348961559,0.03031838125070556,13.033589030270466,12.8299,12.626210969729534,0.10899999999999974,463174.03500000003,2.6726584673604576,12.9582,0.04992694663213327
2025-11-25 17:45:00,13.023,13.041,12.997,12.997,16521.03,2025-11-25 17:59:59.999,215430.76979,661,16167.58,210833.24474,0,60.05665722379595,0.04354081903409934,0.014608310598512345,0.028932508435587,13.052204698762207,12.83595,12.619695301237794,0.10121428571428558,463981.52400000003,2.2580645161290245,12.978,0.03837968212490423
2025-11-25 18:00:00,12.997,13.084,12.963,13.056,1029219.64,2025-11-25 18:14:59.999,13427423.93905,791,1021150.79,13321876.17258,0,81.31313131313124,0.05233236220974824,0.022153120920759526,0.030179241288988714,13.08226423200593,12.844999999999999,12.607735767994068,0.09407142857142846,514672.20600000006,2.689948088721085,13.0054,0.03442818612720976
2025-11-25 18:15:00,13.054,13.121,13.054,13.094,197377.37,2025-11-25 18:29:59.999,2583320.66840,652,196695.93,2574407.84332,0,81.68316831683157,0.06165528222246763,0.030053553181101155,0.031601729041366475,13.117629761577206,12.855700000000002,12.593770238422799,0.08907142857142844,524297.172,3.126722847916833,13.0286,0.047825725295186874
2025-11-25 18:30:00,13.097,13.128,13.028,13.028,33197.84,2025-11-25 18:44:59.999,435591.69224,680,32125.59,421571.07569,0,73.50299401197609,0.06299198271992879,0.036641239088866684,0.0263507436310621,13.138035480013299,12.868649999999999,12.599264519986699,0.08692857142857134,482605.16500000004,1.8687934944092641,13.039599999999998,0.036922892627895686
2025-11-25 18:45:00,13.029,13.128,12.987,12.987,647736.12,2025-11-25 18:59:59.999,8423126.88426,915,792.59,10327.85053,0,70.95375722543363,0.06005074256585807,0.04132313978426497,0.018727602781593106,13.148861033142019,12.8804,12.61193896685798,0.09107142857142847,500656.53450000007,2.0348837209302353,13.0324,0.043832636242995986
2025-11-25 19:00:00,12.987,13.007,12.894,12.898,1357509.09,2025-11-25 19:14:59.999,17577242.30457,1009,463.53,6004.97153,0,57.91001451378812,0.04996229808542196,0.04305097144449637,0.006911326640925593,13.151248981162736,12.88495,12.618651018837264,0.09242857142857133,568500.0865,0.9944405293242414,13.0126,0.07505864373947865
2025-11-25 19:15:00,12.898,12.898,12.761,12.765,2359156.58,2025-11-25 19:29:59.999,30259045.57591,1121,368.51,4734.89683,0,52.431011826544086,0.030879188614022723,0.040616614878401645,-0.009737426264378922,13.151872354894973,12.88045,12.609027645105026,0.09257142857142853,648806.5385,-1.046511627906975,12.954399999999998,0.1274962744554035
2025-11-25 19:30:00,12.767,12.866,12.758,12.866,211222.96,2025-11-25 19:44:59.999,2713267.27193,735,195922.52,2518016.83048,0,55.79975579975576,0.023633114941397082,0.03721991489100074,-0.013586799949603656,13.144972436470491,12.88955,12.634127563529509,0.09185714285714296,595245.9535000001,-0.24810048069468155,12.908800000000003,0.10362287392272894
2025-11-25 19:45:00,12.867,12.977,12.859,12.976,982039.57,2025-11-25 19:59:59.999,12666659.93650,783,981683.46,12662065.25415,0,54.75000000000005,0.02646159722134911,0.03506825135707042,-0.008606654135721307,13.146329405807805,12.90285,12.659370594192197,0.090857142857143,569422.295,0.4412106200170321,12.8984,0.09043948252840311
2025-11-25 20:00:00,12.974,13.017,12.973,13.015,90524.34,2025-11-25 20:14:59.999,1175918.35519,639,90186.67,1171529.76745,0,56.989247311828045,0.03148719903930264,0.034352040893516865,-0.002864841854214227,13.149131849927604,12.9179,12.686668150072395,0.0902142857142857,517257.94550000003,0.28509785791339814,12.904000000000002,0.09785959329572926
2025-11-25 20:15:00,13.015,13.049,12.997,13.039,68388.91,2025-11-25 20:29:59.999,891589.32797,654,67891.32,885113.80495,0,57.142857142857146,0.036980337796510554,0.0348777002741156,0.002102637522394951,13.147253076352126,12.934999999999999,12.722746923647872,0.08957142857142854,515481.04400000005,0.5087489401063666,12.9322,0.11458490301957987
2025-11-25 20:30:00,13.039,13.081,13.033,13.048,284713.11,2025-11-25 20:44:59.999,3718679.60366,603,272849.42,3563897.11329,0,54.430379746835484,0.04158059935504532,0.03621828009030155,0.005362319264743773,13.154216536816847,12.94795,12.741683463183154,0.08585714285714285,509712.6125,0.19196805651539856,12.988800000000001,0.07408576111513326
2025-11-25 20:45:00,13.046,13.081,13.038,13.038,223.27,2025-11-25 20:59:59.999,2914.57926,541,4.54,59.31658,0,54.0880503144654,0.0439132191019862,0.03775726789263848,0.0061559512093477195,13.145264798772047,12.96345,12.781635201227953,0.0857857142857142,459520.6475000001,0.3154574132492142,13.0232,0.02906372309271221
2025-11-25 21:00:00,13.038,13.081,12.99,13.003,8260.16,2025-11-25 21:14:59.999,107488.77389,661,36.31,472.27010,0,48.717948717948744,0.04244831184843001,0.03869547668379679,0.0037528351646332198,13.13323373727008,12.97505,12.816866262729919,0.08764285714285704,453964.174,-0.4059436274509731,13.0286,0.01879627622722328
2025-11-25 21:15:00,13.011,13.034,12.988,12.999,1169.8,2025-11-25 21:29:59.999,15214.00381,600,525.69,6843.99882,0,50.13192612137208,0.04049776272557537,0.039055933892152506,0.0014418288334228646,13.134447061275797,12.98,12.825552938724204,0.08778571428571423,392798.5835,-0.7255231403696263,13.025400000000001,0.02265612499987487
2025-11-25 21:30:00,12.999,13.051,12.973,12.998,56692.87,2025-11-25 21:44:59.999,738778.30627,712,56335.22,734132.18197,0,45.85714285714287,0.038428269678034255,0.03893040104932886,-0.0005021313712946021,13.134670515325437,12.985,12.835329484674562,0.08471428571428559,392071.5155,-0.2302732575990262,13.017199999999999,0.023889328161537993
2025-11-25 21:45:00,12.998,13.051,12.983,12.983,860.09,2025-11-25 21:59:59.999,11201.20551,579,440.29,5746.06921,0,41.80206794682428,0.035172361795453355,0.03817879319855376,-0.003006431403100404,13.134630655403821,12.9882,12.84176934459618,0.08478571428571412,390631.183,-0.030800030800027405,13.0042,0.02036418424610121
2025-11-25 22:00:00,13.007,13.007,12.871,12.88,735952.71,2025-11-25 22:14:59.999,9516918.70941,843,33.92,438.57536,0,39.635854341736696,0.024004087963852783,0.035343852151613564,-0.011339764187760781,13.13751939259548,12.9833,12.829080607404519,0.08735714285714266,413946.52650000004,-0.13955652039074978,12.9726,0.052319212532376216
2025-11-25 22:15:00,12.877,12.968,12.871,12.968,295.82,2025-11-25 22:29:59.999,3823.75088,588,154.87,2004.39862,0,48.75164257555846,0.022000408033523655,0.03267516332799558,-0.010674755294471927,13.137355882140135,12.98305,12.828744117859866,0.08421428571428548,413337.4505,1.5902859381120202,12.9656,0.04950050504800633
2025-11-25 22:30:00,12.969,13.077,12.969,13.062,415396.63,2025-11-25 22:44:59.999,5409694.97410,905,415147.66,5406446.77297,0,60.704960835509176,0.02767843192818198,0.031675817048032864,-0.003997385119850885,13.142386550618776,12.985,12.827613449381223,0.08392857142857123,424822.8955,1.5233949945593015,12.978200000000001,0.06554540411049525
2025-11-25 22:45:00,13.063,13.122,13.035,13.115,147803.62,2025-11-25 22:59:59.999,1935647.43248,651,147436.33,1930847.47657,0,75.51020408163271,0.03603952264988486,0.03254855816840326,0.003490964481481597,13.158684197235592,12.9909,12.823115802764407,0.0803571428571426,431387.0250000001,1.0712083847102292,13.001600000000002,0.0905113252582735
2025-11-25 23:00:00,13.114,13.195,13.084,13.195,395197.83,2025-11-25 23:14:59.999,5200685.29526,890,388028.57,5106865.91532,0,74.73684210526324,0.048561294324727555,0.03575110539966812,0.012810188925059432,13.187127045623305,12.99785,12.808572954376695,0.08057142857142832,399685.93450000003,1.383019592777562,13.044,0.12332680162888564
2025-11-25 23:15:00,13.195,13.196,13.136,13.136,2921.29,2025-11-25 23:29:59.999,38532.12679,564,2271.68,29974.81812,0,63.029315960911944,0.053111841428094664,0.039223252605353434,0.01388858882274123,13.194575118733406,12.999950000000002,12.805324881266598,0.0764285714285712,389963.1305,0.7439220799141002,13.0952,0.08558446120653158
2025-11-25 23:30:00,13.136,13.196,13.106,13.109,347.65,2025-11-25 23:44:59.999,4560.88404,569,4.04,53.31092,0,57.80730897009964,0.05391797558112543,0.04216219720050784,0.011755778380617594,13.204369133035932,13.004000000000001,12.80363086696407,0.07971428571428556,388320.62100000004,0.46750459840588554,13.1234,0.04830424412009037
2025-11-25 23:45:00,13.106,13.114,13.057,13.075,684291.99,2025-11-25 23:59:59.999,8945796.79468,971,691.01,9030.16894,0,52.941176470588196,0.05122286159183709,0.043974330078773695,0.007248531513063393,13.211049191305388,13.0084,12.805750808694611,0.08007142857142847,390148.4145,0.2837858567264844,13.126,0.0443621460257883
2025-11-26 00:00:00,13.058,13.086,13.057,13.086,5922.57,2025-11-26 00:14:59.999,77335.65774,396,145.71,1905.71348,0,53.09446254071663,0.04940506161057456,0.04506047638513387,0.004344585225440692,13.216285423036,13.0178,12.819314576963999,0.07871428571428561,322569.08849999995,0.6383142351764992,13.1202,0.047913463661200306
2025-11-26 00:15:00,13.086,13.141,13.057,13.097,4571.78,2025-11-26 00:29:59.999,59799.53398,467,2087.07,27352.71198,0,54.79674796747962,0.04829533157841048,0.045707447423789196,0.0025878841546212866,13.195962632469302,13.0344,12.872837367530698,0.08164285714285706,204839.8485,0.7539041464727977,13.1006,0.023479778534145047
2025-11-26 00:30:00,13.098,13.141,13.057,13.075,628.07,2025-11-26 00:44:59.999,8207.81419,545,15.42,202.63231,0,55.98006644518266,0.0451205250679898,0.04559006295262932,-0.0004695378846395204,13.186340226554382,13.04485,12.903359773445619,0.08114285714285709,194310.104,0.5923988305893212,13.088400000000002,0.014690132743176572
2025-11-26 00:45:00,13.08,13.141,13.046,13.046,4480.7,2025-11-26 00:59:59.999,58845.80352,697,4056.54,53305.40592,0,53.748006379585235,0.03980555671859776,0.04443316170582302,-0.00462760498722526,13.186082425566804,13.04835,12.910617574433195,0.08464285714285705,145432.1605,0.48524994223214074,13.075800000000001,0.018992103622605595
2025-11-26 01:00:00,13.046,13.141,13.005,13.035,372428.44,2025-11-26 01:14:59.999,4847533.36267,764,78.23,1019.49185,0,52.9042386185244,0.03431029027142252,0.04240858741894292,-0.008098297147520403,13.18635138301219,13.04935,12.912348616987812,0.08878571428571418,159527.36549999999,1.203416149068318,13.0678,0.026395075298463737
2025-11-26 01:15:00,13.034,13.067,13.005,13.058,566.03,2025-11-26 01:29:59.999,7383.18908,634,370.83,4840.57763,0,55.81395348837204,0.03144863946214116,0.04021659782758257,-0.008767958365441413,13.187262691807849,13.050299999999998,12.913337308192148,0.08835714285714273,156136.2215,0.6940160394818002,13.062199999999999,0.02446834689985028
2025-11-26 01:30:00,13.062,13.142,13.005,13.136,477875.07,2025-11-26 01:44:59.999,6268828.14408,775,477582.28,6264992.71940,0,70.64516129032248,0.03507043852082603,0.03918736596623126,-0.004116927445405233,13.196905337082054,13.0547,12.912494662917947,0.08842857142857127,165794.3195,0.5665288623487968,13.069999999999999,0.039768077650442574
2025-11-26 01:45:00,13.137,13.142,13.081,13.12,23056.98,2025-11-26 01:59:59.999,302642.66053,850,8098.05,106424.32157,0,63.868613138686065,0.03623201398252185,0.03859629556948938,-0.002364281586967533,13.20368122176782,13.0588,12.91391877823218,0.08585714285714273,166936.005,0.038124285169645486,13.078999999999999,0.04581484475595085
2025-11-26 02:00:00,13.12,13.142,13.083,13.083,11270.77,2025-11-26 02:14:59.999,147552.75683,633,999.45,13134.68008,0,52.1384928716905,0.03377761283162606,0.03763255902191672,-0.003854946190290663,13.205597021935219,13.0628,12.92000297806478,0.0822857142857141,167086.5355,-0.8488063660477462,13.086400000000001,0.0419797570265966
2025-11-26 02:15:00,13.083,13.142,13.077,13.091,3691.5,2025-11-26 02:29:59.999,48439.98279,825,2190.17,28782.80537,0,47.30941704035863,0.03210789554438165,0.036527626326409705,-0.004419730782028057,13.207444203547494,13.067400000000001,12.927355796452508,0.08071428571428552,167212.6205,-0.3425700365408034,13.0976,0.03082693627353215
2025-11-26 02:30:00,13.091,13.142,13.076,13.078,1552.3,2025-11-26 02:44:59.999,20314.51038,661,196.72,2585.27741,0,34.564643799472094,0.02939677350401304,0.03510145576193038,-0.005704682257917336,13.207615618549141,13.0714,12.93518438145086,0.07749999999999968,164455.592,-0.2364787550537843,13.1016,0.025185313180751595
2025-11-26 02:45:00,13.079,13.142,13.057,13.057,1425.2,2025-11-26 02:59:59.999,18634.79362,721,243.23,3196.51651,0,38.416422287390056,0.025262455398266326,0.033133655689197565,-0.00787120029093124,13.205082832874147,13.0751,12.945117167125854,0.07928571428571386,164483.84749999997,-0.137667304015288,13.0858,0.022884492566190653
2025-11-26 03:00:00,13.06,13.142,13.049,13.068,442.82,2025-11-26 03:14:59.999,5795.81003,606,158.66,2085.10586,0,43.69230769230755,0.022612918929109327,0.031029508337179917,-0.00841658940807059,13.176807267204863,13.0845,12.992192732795138,0.07949999999999958,127708.353,-0.1375515818431964,13.075399999999998,0.013240090634572816
2025-11-26 03:15:00,13.07,13.142,13.067,13.085,1531.57,2025-11-26 03:29:59.999,20107.12971,670,1110.35,14592.21006,0,51.6233766233769,0.021635499542400183,0.02915070657822397,-0.007515207035823788,13.164641814381485,13.09035,13.016058185618517,0.0807857142857138,127770.14050000001,-0.09162403603877742,13.075799999999997,0.013553597308896393
2025-11-26 03:30:00,13.085,13.142,12.981,12.981,968112.13,2025-11-26 03:44:59.999,12622507.82875,931,164.29,2139.95184,0,36.907730673316536,0.012326860426975728,0.02578593734797432,-0.013459076920998594,13.174608311582881,13.0863,12.997991688417118,0.0902142857142852,155405.9155,-0.7189292543020989,13.0538,0.04204402454583656
2025-11-26 03:45:00,12.981,13.011,12.939,12.944,1731.42,2025-11-26 03:59:59.999,22463.61699,704,316.54,4118.17062,0,32.084309133489455,0.0019417231094571719,0.021017094500270894,-0.019075371390813722,13.185361142056106,13.07775,12.970138857943894,0.08935714285714232,148102.3055,-0.7818488425570945,13.027000000000001,0.06113509630326811
2025-11-26 04:00:00,12.939,13.001,12.921,12.921,7961.84,2025-11-26 04:14:59.999,102968.15229,706,1742.09,22573.13293,0,32.00934579439242,-0.008051666220328713,0.015203342356150973,-0.023255008576479684,13.178367148871894,13.06405,12.949732851128106,0.08907142857142805,128740.50600000001,-0.8745684695051843,12.999799999999999,0.07346223519611184
2025-11-26 04:15:00,12.921,12.986,12.92,12.975,472.47,2025-11-26 04:29:59.999,6115.50147,775,131.33,1701.60395,0,42.16335540838851,-0.011481795567370057,0.009866314771446767,-0.021348110338816825,13.171651017698162,13.056000000000001,12.94034898230184,0.0869999999999995,128618.06499999999,-0.6356256700873042,12.981200000000001,0.06289038082257228
2025-11-26 04:30:00,12.974,12.989,12.92,12.972,16285.82,2025-11-26 04:44:59.999,210711.85269,1188,3959.73,51432.85304,0,42.921348314606654,-0.01427768841115018,0.0050375141349273764,-0.019315202546077555,13.167774174335277,13.049150000000001,12.930525825664725,0.08221428571428532,129414.97350000001,-1.2484774665042608,12.9586,0.025383065220876792
2025-11-26 04:45:00,12.972,12.993,12.92,12.962,12821.74,2025-11-26 04:59:59.999,166140.21456,1224,8337.73,108193.46787,0,38.888888888888836,-0.017103214845322512,0.0006093683388773976,-0.01771258318419991,13.167578922252138,13.0435,12.919421077747861,0.08299999999999967,95841.461,-1.204268292682923,12.9548,0.022443261795183484
2025-11-26 05:00:00,12.957,12.99,12.92,12.984,793.41,2025-11-26 05:14:59.999,10289.91663,1199,552.74,7169.88597,0,29.787234042553266,-0.017367052195796262,-0.0029859157680573356,-0.014381136427738927,13.163504419543665,13.0384,12.913295580456333,0.0782142857142855,95585.003,-0.7567071772529251,12.962799999999998,0.024651571958142295
2025-11-26 05:15:00,12.984,13.033,12.92,12.997,459931.1,2025-11-26 05:29:59.999,5992838.41577,1332,459473.52,5986900.96893,0,33.51206434316359,-0.016338810208891275,-0.005656494656224125,-0.01068231555266715,13.15662234930525,13.0334,12.91017765069475,0.0819285714285712,118352.969,-0.7180505690932658,12.978,0.013209844813928846
2025-11-26 05:30:00,12.997,13.035,12.997,13.024,2850.18,2025-11-26 05:44:59.999,37102.29999,1186,1288.52,16794.91155,0,41.873278236914445,-0.013193164091413578,-0.007163828543262017,-0.006029335548151562,13.1525489815288,13.030850000000001,12.909151018471201,0.08042857142857127,118464.07450000002,-0.4129071723505144,12.987799999999998,0.024108089928662
2025-11-26 05:45:00,13.024,13.037,13.004,13.01,2121.52,2025-11-26 05:59:59.999,27601.61004,1154,74.84,975.63772,0,39.0243902439025,-0.011695086203459937,-0.008070080075301602,-0.0036250061281583347,13.150870359545868,13.029050000000002,12.907229640454135,0.0781428571428571,118346.1155,-0.3599601746189829,12.9954,0.02387048386624684
2025-11-26 06:00:00,13.01,13.042,13.005,13.021,27207.14,2025-11-26 06:14:59.999,354735.88423,1242,26199.80,341621.54281,0,42.23433242506833,-0.009510608243344265,-0.008358185708910134,-0.0011524225344341308,13.150187294436776,13.02835,12.906512705563223,0.07607142857142854,101085.0505,-0.35965717783898704,13.007200000000001,0.01675410397512239
2025-11-26 06:15:00,13.021,13.021,12.971,12.977,741.12,2025-11-26 06:29:59.999,9620.76506,1163,5.76,74.89074,0,39.74358974358979,-0.011200711172103084,-0.008926690801548724,-0.0022740203705543596,13.14736626370798,13.0243,12.90123373629202,0.07357142857142865,101093.805,-0.8253725640045895,13.005799999999999,0.019279522815908858
2025-11-26 06:30:00,12.977,13.042,12.971,13.012,1048.63,2025-11-26 06:44:59.999,13632.87943,1028,429.42,5591.33917,0,43.236714975845565,-0.009605199664184383,-0.009062392574075857,-0.0005428070901085259,13.129404040688415,13.018099999999999,12.906795959311582,0.07200000000000006,77252.483,0.23881056929358743,13.008799999999999,0.01872698587624991
2025-11-26 06:45:00,13.012,13.059,12.994,13.043,1784.31,2025-11-26 06:59:59.999,23213.83931,1031,851.87,11091.87006,0,45.09345794392506,-0.0057727595977059565,-0.008404465978801878,0.0026317063810959215,13.115594384207565,13.014249999999999,12.912905615792432,0.07128571428571437,76188.8495,0.7648331273176638,13.0126,0.02381806037462752
2025-11-26 07:00:00,13.04,13.059,12.994,13.035,637.46,2025-11-26 07:14:59.999,8305.41114,1110,13.56,177.07770,0,58.132530120481995,-0.003342525818013087,-0.007392077946644119,0.004049552128631033,13.108504076614492,13.011849999999999,12.915195923385506,0.0644285714285715,75657.18400000001,0.8822846528906492,13.017600000000002,0.025686572367865382
2025-11-26 07:15:00,13.035,13.059,13.003,13.05,689.89,2025-11-26 07:29:59.999,9001.05039,1146,185.11,2417.34591,0,67.09677419354834,-0.0002038238445436491,-0.005954427126224025,0.005750603281680376,13.10096924689188,13.009800000000002,12.918630753108124,0.06328571428571436,75507.1035,0.5780346820809331,13.0234,0.02961925049709725
2025-11-26 07:30:00,13.048,13.063,13.022,13.029,886.52,2025-11-26 07:44:59.999,11564.30380,1357,177.84,2322.46236,0,67.53246753246763,0.0005823822468595807,-0.004647065251607304,0.005229447498466885,13.093285777733268,13.007349999999999,12.92141422226673,0.060500000000000095,75473.81450000001,0.43940795559667273,13.0338,0.014549914089442709
2025-11-26 07:45:00,13.027,13.063,13.017,13.062,36473.75,2025-11-26 07:59:59.999,476179.47550,1340,31521.10,411704.57536,0,65.15679442508711,0.0038241974780515164,-0.0029528127056755397,0.006777010183727056,13.094170689095161,13.0076,12.921029310904839,0.0590714285714287,77226.242,0.7714858818083602,13.0438,0.012911235417671531
2025-11-26 08:00:00,13.062,13.063,13.028,13.042,3586.75,2025-11-26 08:14:59.999,46834.32179,1433,2735.16,35726.13638,0,61.51315789473694,0.0047250590127116965,-0.0014172383619980922,0.006142297374709789,13.08977732121828,13.006300000000001,12.922822678781722,0.05664285714285722,77383.4385,0.44670363524337514,13.043600000000001,0.012934450124011003
2025-11-26 08:15:00,13.042,13.063,12.987,12.991,1566.26,2025-11-26 08:29:59.999,20375.30571,1461,249.28,3250.42082,0,54.20289855072464,0.0013086393146508613,-0.0008720628266683015,0.0021807021413191626,13.076571994770614,13.0016,12.926628005229386,0.05685714285714294,77385.173,-0.04616449949988634,13.0348,0.027270863572872672
2025-11-26 08:30:00,12.991,13.063,12.968,13.0,4597.98,2025-11-26 08:44:59.999,59824.60423,1458,1763.89,23036.14664,0,52.40963855421688,-0.0006650073355647379,-0.0008306517284475888,0.00016564439288285087,13.07690186614931,13.00255,12.928198133850689,0.05864285714285725,29209.4655,-0.1842751842751776,13.024799999999999,0.029388773366880887
2025-11-26 08:45:00,13.0,13.002,12.953,12.954,379602.38,2025-11-26 08:59:59.999,4921208.44291,1338,7797.06,101307.36870,0,44.10958904109597,-0.005873248929487929,-0.0018391711686556573,-0.004034077760832271,13.075862592895016,13.003049999999998,12.93023740710498,0.054071428571428805,48103.0135,-0.43043812451959385,13.009800000000002,0.042792522711443334
2025-11-26 09:00:00,12.953,12.954,12.923,12.931,629038.89,2025-11-26 09:14:59.999,8139814.40451,951,1085.31,14044.90998,0,37.119113573407226,-0.011721606315845179,-0.003815658198093563,-0.007905948117751617,13.074092185959076,13.003549999999999,12.933007814040922,0.053571428571428825,79156.866,-0.6911911527532573,12.983600000000001,0.04294531406345299
2025-11-26 09:15:00,12.93,12.931,12.888,12.902,336069.09,2025-11-26 09:29:59.999,4339698.17647,1024,2705.33,34951.75478,0,35.63829787234039,-0.018483463455398308,-0.006749219249554513,-0.011734244205843795,13.083083753473803,12.9999,12.916716246526198,0.054285714285714395,95936.697,-0.5779455960545662,12.9556,0.040942642806830444
2025-11-26 09:30:00,12.889,12.922,12.875,12.904,516.61,2025-11-26 09:44:59.999,6662.47371,761,105.80,1366.57321,0,34.05994550408711,-0.023411032855841896,-0.01008158197081199,-0.013329450885029905,13.089468585525555,12.996500000000001,12.903531414474447,0.05500000000000022,95148.2365,-0.8300030740854636,12.9382,0.040622653778490975
2025-11-26 09:45:00,12.904,12.922,12.885,12.912,762.46,2025-11-26 09:59:59.999,9833.21289,848,111.43,1439.14929,0,40.18126888217534,-0.02636669511709222,-0.013338604600068037,-0.013028090517024183,13.093345224767454,12.994,12.894654775232546,0.054071428571428805,94545.27249999999,-1.004370160239197,12.920600000000002,0.021904337470158804
2025-11-26 10:00:00,12.912,12.935,12.899,12.921,42077.68,2025-11-26 10:14:59.999,543887.11776,766,40241.08,520156.52316,0,35.08196721311455,-0.027663961046940244,-0.016203675889442482,-0.011460285157497762,13.095389642442429,12.99085,12.886310357557571,0.05157142857142892,96609.486,-0.8745684695051843,12.913999999999998,0.012103718437174006
2025-11-26 10:15:00,12.921,12.935,12.881,12.891,18409.95,2025-11-26 10:29:59.999,238090.12536,607,16910.20,218733.41736,0,25.000000000000142,-0.030758241065512948,-0.019114588924656575,-0.011643652140856373,13.099133681184687,12.98555,12.871966318815312,0.05078571428571469,74533.4285,-1.2183908045977065,12.906,0.01124722187947533
2025-11-26 10:30:00,12.89,12.935,12.845,12.868,1059.29,2025-11-26 10:44:59.999,13642.10315,489,306.41,3963.33359,0,23.824451410658412,-0.03466677109641303,-0.022225025359007868,-0.012441745737405162,13.101212118630487,12.97775,12.854287881369514,0.052571428571429,74443.88399999999,-1.2357049658454184,12.899200000000002,0.02063249863700329
2025-11-26 10:45:00,12.868,12.935,12.862,12.899,1120.14,2025-11-26 10:59:59.999,14464.96578,701,762.62,9856.94020,0,27.46268656716387,-0.034861012333198715,-0.024752222753846042,-0.010108789579352673,13.09947855899103,12.972199999999997,12.844921441008964,0.053785714285714804,74393.815,-1.2478946562547868,12.8982,0.020462160198911374
2025-11-26 11:00:00,12.9,12.935,12.812,12.833,722644.19,2025-11-26 11:14:59.999,9291811.13412,1110,1178.08,15153.89148,0,24.210526315789323,-0.039880876409505106,-0.027777953484977858,-0.012102922924527248,13.102104437530455,12.962799999999998,12.82349556246954,0.05964285714285771,109165.66750000001,-1.6025149516945225,12.8824,0.03349328290874823
2025-11-26 11:15:00,12.83,12.85,12.812,12.813,1531.11,2025-11-26 11:29:59.999,19632.70562,923,748.02,9595.64203,0,16.076294277929065,-0.04495477702302608,-0.031213318192587502,-0.01374145883043858,13.108886677802253,12.9546,12.800313322197745,0.05907142857142907,109205.16699999999,-1.3701793549380268,12.860800000000001,0.03701621266424783
2025-11-26 11:30:00,12.813,12.844,12.81,12.844,34404.01,2025-11-26 11:44:59.999,440790.55883,680,1560.59,20000.74441,0,23.809523809523526,-0.045944815657289695,-0.03415961768552794,-0.011785197971761752,13.105538897355338,12.9462,12.78686110264466,0.05900000000000042,110872.93600000002,-1.2000000000000046,12.851400000000002,0.03320090360222966
2025-11-26 11:45:00,12.844,12.85,12.81,12.836,28902.54,2025-11-26 11:59:59.999,370868.81204,719,14554.91,187027.33335,0,26.865671641790826,-0.04683507594729974,-0.036694709337882304,-0.010140366609417438,13.095605438091756,12.935849999999999,12.776094561908241,0.05642857142857175,112228.84749999999,-0.9109155473212931,12.844999999999999,0.032272279126277184
2025-11-26 12:00:00,12.837,12.85,12.8,12.8,5760.24,2025-11-26 12:14:59.999,74001.19668,519,5142.02,66074.74493,0,22.375690607734498,-0.04987063513807932,-0.03932989449792171,-0.010540740640157614,13.08767312866404,12.9241,12.760526871335959,0.053214285714285915,112484.9865,-1.01306936818497,12.8252,0.01813008549355991
2025-11-26 12:15:00,12.8,12.815,12.78,12.787,674.26,2025-11-26 12:29:59.999,8626.56415,670,195.60,2504.49940,0,24.620060790273214,-0.052717632964037975,-0.04200744219114497,-0.010710190772893008,13.074192764004689,12.91095,12.74770723599531,0.05221428571428583,112484.20499999999,-0.8913346767942834,12.815999999999999,0.023926972228084147
2025-11-26 12:30:00,12.787,12.85,12.769,12.794,11604.9,2025-11-26 12:44:59.999,149085.74299,965,11104.63,142691.90489,0,28.115015974440652,-0.05378901151185289,-0.04436375605528656,-0.009425255456566334,13.060483796947448,12.899199999999999,12.73791620305255,0.05578571428571433,113020.124,-0.8524488530688115,12.8122,0.025946097972592955
2025-11-26 12:45:00,12.803,12.808,12.77,12.79,2276.79,2025-11-26 12:59:59.999,29131.97427,646,1851.13,23693.97049,0,30.555555555555202,-0.05433451878991846,-0.04635790860221294,-0.00797661018770552,13.034477059842208,12.8856,12.736722940157792,0.05542857142857154,111310.276,-0.9448574969021194,12.801400000000001,0.019944924166391157
2025-11-26 13:00:00,12.785,12.816,12.77,12.807,952.35,2025-11-26 13:14:59.999,12186.50261,737,642.97,8228.80469,0,33.99339933993383,-0.05278658838054184,-0.04764364455787873,-0.005142943822663115,13.007019104998902,12.87385,12.740680895001097,0.05535714285714301,111178.55599999998,-0.8822846528906353,12.7956,0.008018728078874287
2025-11-26 13:15:00,12.808,12.848,12.803,12.847,83361.84,2025-11-26 13:29:59.999,1070497.32913,822,81390.47,1045203.29689,0,40.298507462686196,-0.04778138263666776,-0.04767119217363654,-0.0001101904630312206,12.988215706729013,12.866649999999998,12.745084293270983,0.055928571428571515,115268.335,-0.34132340392522287,12.805000000000001,0.024688053791321912
2025-11-26 13:30:00,12.848,12.903,12.825,12.876,38873.68,2025-11-26 13:44:59.999,499572.01792,641,38406.88,493579.90095,0,43.66197183098584,-0.04100201765059275,-0.04633735726902778,0.005335339618435034,12.964810660060746,12.86045,12.756089339939255,0.058928571428571504,116982.12,0.06216972334472427,12.822799999999997,0.037318896018019826
2025-11-26 13:45:00,12.879,12.898,12.825,12.898,1010.43,2025-11-26 13:59:59.999,13018.04041,580,820.84,10581.37398,0,51.00864553314118,-0.03346830414126778,-0.04376354664347579,0.010295242502208007,12.954151486216531,12.857650000000001,12.761148513783471,0.06028571428571437,98052.52249999999,-0.00775253895650396,12.8436,0.045368491268769684
2025-11-26 14:00:00,12.898,12.898,12.825,12.898,1097.99,2025-11-26 14:14:59.999,14143.73547,599,889.51,11466.20372,0,54.62962962962959,-0.027184416871666173,-0.04044772068911387,0.013263303817447697,12.948255936907229,12.856,12.763744063092771,0.0590714285714287,66655.4775,0.5065066625107106,12.865199999999998,0.03868720718797176
2025-11-26 14:15:00,12.898,12.898,12.825,12.898,1649.6,2025-11-26 14:29:59.999,21218.03925,563,796.92,10278.09671,0,49.829351535836274,-0.02195134944537891,-0.03674844644036688,0.01479709699498797,12.947652513359298,12.855799999999999,12.7639474866407,0.0590714285714287,49934.50299999998,0.6633887458050345,12.8834,0.02246775467209951
2025-11-26 14:30:00,12.898,12.948,12.825,12.919,1055383.26,2025-11-26 14:44:59.999,13635142.00152,707,1054712.07,13626471.51946,0,67.33870967741946,-0.015925996339936077,-0.03258395642028072,0.01665796008034464,12.950285293582791,12.856550000000002,12.762814706417213,0.0590714285714287,102677.83549999999,0.5839302398006935,12.8978,0.015205262247199095
2025-11-26 14:45:00,12.919,12.974,12.846,12.848,525536.44,2025-11-26 14:59:59.999,6763403.91738,974,50036.06,648362.89535,0,55.852842809364574,-0.01668760292296767,-0.029404685720818106,0.012717082797850436,12.943412609800653,12.85335,12.763287390199348,0.06550000000000011,128916.53449999998,0.09348706762231579,12.892199999999999,0.026328691574134765
2025-11-26 15:00:00,12.846,12.915,12.846,12.9,694.41,2025-11-26 15:14:59.999,8940.91004,717,400.31,5158.94808,0,58.750000000000135,-0.012945982976075854,-0.02611294517186966,0.013166962195793806,12.939485464746435,12.8523,12.765114535253565,0.06800000000000013,126847.37099999997,0.7812499999999972,12.892600000000002,0.02645373319601464
2025-11-26 15:15:00,12.904,12.911,12.834,12.908,235210.91,2025-11-26 15:29:59.999,3021054.59865,830,8917.43,114950.61146,0,61.24999999999986,-0.009228805149012587,-0.022736117167298245,0.013507312018285658,12.94223487968992,12.85315,12.764065120310079,0.07064285714285733,137687.419,0.9462735590834336,12.8946,0.02732764168394291
2025-11-26 15:30:00,12.911,12.918,12.834,12.849,23682.42,2025-11-26 15:44:59.999,304376.56125,732,213.78,2755.38000,0,57.142857142857075,-0.010917867476536003,-0.020372467229145798,0.009454599752609795,12.941022946299746,12.8522,12.763377053700253,0.0730714285714288,138818.57549999998,0.42988901047365735,12.884800000000002,0.03381863391690609
2025-11-26 15:45:00,12.849,12.887,12.806,12.84,2319.42,2025-11-26 15:59:59.999,29725.12894,730,1807.60,23168.99921,0,57.81710914454263,-0.012834735482698534,-0.018864920879856348,0.006030185397157814,12.935407444617702,12.849250000000001,12.7630925553823,0.07635714285714316,138878.53949999998,0.3909304143862449,12.869,0.032264531609885176
2025-11-26 16:00:00,12.807,12.963,12.806,12.963,591847.41,2025-11-26 16:14:59.999,7645954.24009,823,587651.56,7591674.45911,0,68.57142857142843,-0.004378324541857381,-0.015967601612256556,0.011589277070399175,12.955317221407656,12.85575,12.756182778592345,0.08178571428571464,132338.70049999998,1.2180838603888406,12.892,0.04978453575163581
2025-11-26 16:15:00,12.963,13.037,12.962,13.015,687093.25,2025-11-26 16:29:59.999,8931175.96790,1018,684601.89,8898747.47672,0,72.36580516898621,0.006445112229936711,-0.0114850588438179,0.017930171073754612,12.986010024878663,12.86585,12.745689975121337,0.08442857142857184,166616.8075,1.3076982953218732,12.915000000000001,0.07472282114592957
2025-11-26 16:30:00,13.021,13.061,13.011,13.032,25399.29,2025-11-26 16:44:59.999,331027.72830,732,12107.03,158070.57182,0,72.36580516898613,0.016207689618321197,-0.00594650915139008,0.022154198769711277,13.015882967610159,12.87525,12.73461703238984,0.08471428571428609,166166.5715,1.2115563839701815,12.9398,0.0906901317675041
2025-11-26 16:45:00,13.025,13.061,12.998,12.998,2249.21,2025-11-26 16:59:59.999,29292.33217,777,528.32,6899.47679,0,65.19114688128771,0.02095947885858429,-0.0005653115493952048,0.021524790407979496,13.032846382634984,12.883350000000002,12.73385361736502,0.08600000000000042,164833.905,0.7753140021708764,12.9696,0.07681341028757978
2025-11-26 17:00:00,13.007,13.061,12.998,13.004,37320.98,2025-11-26 17:14:59.999,485588.99045,788,1233.15,16101.70194,0,63.502109704641356,0.02492216867521968,0.004532184495527774,0.020389984179691907,13.046889629923758,12.89355,12.740210370076241,0.08492857142857181,166411.94199999998,0.8218328423011311,13.0024,0.025540164447570523
2025-11-26 17:15:00,13.004,13.131,12.986,13.131,3910859.23,2025-11-26 17:29:59.999,51206694.40979,1042,3906531.60,51150489.11658,0,70.12089810017274,0.037873880996794895,0.011200523795781202,0.026673357201013694,13.088927764576178,12.910749999999998,12.732572235423818,0.0900714285714289,361921.1905,1.8064816250581528,13.035999999999998,0.054658027772778006
2025-11-26 17:30:00,13.13,13.307,13.111,13.307,1968572.88,2025-11-26 17:44:59.999,26011955.01685,1111,1957903.78,25871078.89766,0,77.08609271523181,0.06162950881572904,0.021286320799770775,0.040343188015958265,13.179634692816142,12.9364,12.69316530718386,0.09885714285714313,459769.58949999994,3.0033284309931103,13.094399999999998,0.13028545582685472
2025-11-26 17:45:00,13.307,13.386,13.279,13.376,98932.11,2025-11-26 17:59:59.999,1322133.93827,782,94763.75,1266472.76897,0,79.00485436893203,0.08504341085260769,0.03403773881033816,0.05100567204226953,13.268553169217608,12.965699999999998,12.662846830782389,0.10128571428571449,464602.35550000006,4.10958904109588,13.1632,0.17294131952778974
2025-11-26 18:00:00,13.374,13.404,13.354,13.399,16910.24,2025-11-26 18:14:59.999,226324.74271,829,15388.09,205984.92813,0,79.05569007263918,0.10425323825070087,0.04808083869841071,0.05617239955229016,13.344949508718736,12.9953,12.645650491281264,0.09607142857142874,465400.2499999999,3.8682170542635563,13.2434,0.17013612197301042
2025-11-26 18:15:00,13.381,13.49,13.354,13.49,67504.86,2025-11-26 18:29:59.999,906945.29664,786,64626.72,868313.63434,0,87.94326241134748,0.12537486098993966,0.06353964315671652,0.06183521783322314,13.433398648554272,13.027449999999998,12.621501351445724,0.09664285714285738,464607.40099999995,4.50883173225907,13.3406,0.1342061846563627
2025-11-26 18:30:00,13.49,13.49,13.355,13.358,923951.72,2025-11-26 18:44:59.999,12364188.82160,921,1195.28,16049.15834,0,74.73002159827215,0.12996445303931736,0.07682460513323669,0.05313984790608067,13.476429660981402,13.05155,12.626670339018599,0.10135714285714315,508861.30299999996,3.961397774145851,13.386,0.06728670002325078
2025-11-26 18:45:00,13.359,13.475,13.355,13.475,221865.45,2025-11-26 18:59:59.999,2987456.29912,836,217943.01,2934788.59620,0,77.3913043478261,0.1414125442114571,0.08974219294888078,0.051670351262576325,13.538443620078501,13.080400000000001,12.6223563799215,0.10442857142857166,519904.054,4.945482866043612,13.419599999999999,0.05946679745891756
2025-11-26 19:00:00,13.475,13.48,13.409,13.409,18134.96,2025-11-26 19:14:59.999,243412.80586,782,246.52,3320.15207,0,76.87140115163152,0.14350535018152577,0.10049482439540978,0.043010525786115986,13.577949319803126,13.105949999999998,12.63395068019687,0.10350000000000024,520755.90249999997,3.4405615983954454,13.4262,0.055088111240267565
2025-11-26 19:15:00,13.409,13.448,13.404,13.419,21866.02,2025-11-26 19:29:59.999,293240.14534,779,21435.64,287467.05305,0,77.75647171620331,0.14430734517024923,0.10925732855037767,0.03505001661987156,13.613096554484356,13.132,12.650903445515643,0.10085714285714305,521766.7235,3.1041106415674213,13.4302,0.05331697665866087
2025-11-26 19:30:00,13.421,13.447,13.419,13.439,117433.39,2025-11-26 19:44:59.999,1577430.38339,688,117151.38,1573641.34809,0,75.31914893617028,0.14488660226773753,0.11638318329384964,0.02850341897388789,13.646772038135403,13.158000000000001,12.6692279618646,0.09164285714285723,474869.23,3.123081645181093,13.420000000000002,0.042871902220684016
2025-11-26 19:45:00,13.437,13.474,13.423,13.435,2161.65,2025-11-26 19:59:59.999,29057.71627,773,1177.00,15834.77335,0,73.54260089686105,0.1433702184863641,0.12178059033235256,0.021589628154011553,13.668175288326864,13.18735,12.706524711673136,0.08992857142857145,448700.4905,3.3620557008770673,13.435399999999998,0.02523489647334258
2025-11-26 20:00:00,13.432,13.453,13.374,13.44,1695.06,2025-11-26 20:14:59.999,22773.33705,731,1061.16,14272.06037,0,73.18181818181823,0.14094718027034148,0.12561390831995034,0.015333271950391136,13.687825070204479,13.21435,12.74087492979552,0.09199999999999989,448750.52300000004,3.3528145186096583,13.428400000000002,0.013740451230586568
2025-11-26 20:15:00,13.441,13.445,13.41,13.423,22080.31,2025-11-26 20:29:59.999,296828.62314,965,20956.52,281736.67350,0,74.62340672074176,0.1360864274769309,0.12770841215134646,0.008378015325584437,13.699223145961698,13.240100000000002,12.780976854038306,0.08999999999999986,438093.99299999996,2.2237453354656904,13.4312,0.009602083108379298
2025-11-26 20:30:00,13.441,13.445,13.361,13.362,465489.2,2025-11-26 20:44:59.999,6225575.67457,927,96.09,1290.18388,0,69.49891067538138,0.12586120602936468,0.1273389709269501,-0.0014777648975854152,13.68877513300957,13.26575,12.842724866990432,0.09149999999999979,460184.33200000005,0.4133162996918893,13.4198,0.03301060435708242
2025-11-26 20:45:00,13.362,13.39,13.361,13.387,10371.51,2025-11-26 20:59:59.999,138579.98969,684,139.13,1861.40307,0,65.68627450980402,0.11840997890059413,0.1255531725216789,-0.007143193621084787,13.668246792321808,13.2931,12.917953207678194,0.08321428571428553,460586.9365,0.0822368421052707,13.4094,0.03363480340390703
2025-11-26 21:00:00,13.389,13.39,13.364,13.365,15448.18,2025-11-26 21:14:59.999,206454.36614,685,178.33,2384.95917,0,54.380664652567994,0.10946773566408652,0.12233608515016044,-0.012868349486073918,13.655518780332436,13.3132,12.970881219667564,0.07107142857142838,431766.975,-0.2537502798716242,13.3954,0.034861153165364915
2025-11-26 21:15:00,13.365,13.439,13.359,13.439,235740.25,2025-11-26 21:29:59.999,3149729.49440,901,907.53,12136.29954,0,54.72263868065975,0.10711734297834496,0.11929233671579735,-0.012174993737452386,13.650470878126827,13.334399999999999,13.01832912187317,0.06914285714285702,409199.32499999995,-0.37805782060785886,13.395199999999999,0.03454272716533879
2025-11-26 21:30:00,13.439,13.45,13.424,13.437,11275.0,2025-11-26 21:44:59.999,151615.63992,714,10343.10,139097.41036,0,52.94117647058827,0.10389561260656954,0.1162129918939518,-0.01231737928738226,13.639498454630047,13.354650000000001,13.069801545369955,0.06742857142857124,408493.11049999995,0.591405899086681,13.398,0.03777565353530123
2025-11-26 21:45:00,13.437,13.455,13.424,13.439,825.57,2025-11-26 21:59:59.999,11094.10115,604,515.03,6924.36530,0,45.42190305206459,0.10034701345367836,0.11303979620589712,-0.01269278275221876,13.608671050825127,13.3767,13.144728949174873,0.059928571428571206,408421.9285,-0.26716141001854987,13.4134,0.03502570484686373
2025-11-26 22:00:00,13.439,13.473,13.412,13.442,115810.51,2025-11-26 22:14:59.999,1553930.65533,720,11182.39,150196.79031,0,59.813084112149554,0.09666253248256851,0.1097643434612314,-0.013101810978662892,13.551719698618836,13.398600000000002,13.245480301381168,0.05464285714285693,412346.40499999997,0.24610336341262937,13.4244,0.0332535712370863
2025-11-26 22:15:00,13.442,13.486,13.42,13.439,1206.61,2025-11-26 22:29:59.999,16229.33402,739,533.72,7190.22568,0,44.26751592356691,0.09243494730597313,0.10629846423017976,-0.013863516924206634,13.50183477311566,13.414000000000001,13.326165226884344,0.05078571428571418,216863.77399999998,0.14904240256352613,13.4392,0.0017888543877080895
2025-11-26 22:30:00,13.426,13.486,13.419,13.421,3866.22,2025-11-26 22:44:59.999,51945.17918,904,226.84,3057.49581,0,52.255639097744115,0.08663344954874397,0.10236546129389261,-0.01573201174514864,13.491659345246317,13.4197,13.347740654753684,0.05049999999999993,118628.44099999996,-0.1339385370935388,13.435599999999999,0.008354639430899279
2025-11-26 22:45:00,13.421,13.486,13.411,13.436,6562.95,2025-11-26 22:59:59.999,88452.47126,655,5785.04,78016.77014,0,53.13653136531355,0.08229742196631307,0.09835185342837671,-0.016054431462063645,13.491939781688552,13.4227,13.353460218311449,0.05271428571428568,114009.98299999998,0.007443245254927024,13.435399999999998,0.008324662156528181
2025-11-26 23:00:00,13.434,13.486,13.426,13.482,1129.14,2025-11-26 23:14:59.999,15194.96208,664,451.51,6088.44526,0,57.2390572390571,0.08163190266992082,0.09500786327668555,-0.013375960606764728,13.499950579592086,13.426849999999998,13.35374942040791,0.0550000000000001,113220.92799999999,0.3124999999999986,13.443999999999999,0.022726636355177937
2025-11-26 23:15:00,13.478,13.486,13.417,13.417,3944.26,2025-11-26 23:29:59.999,53006.52078,718,936.23,12625.12454,0,47.48603351955298,0.07499502113947365,0.09100529484924318,-0.016010273709769526,13.490046564292804,13.4232,13.356353435707195,0.05628571428571443,110042.89799999997,-0.04469939655814816,13.438999999999998,0.02581666128724643
2025-11-26 23:30:00,13.416,13.486,13.404,13.416,4414.34,2025-11-26 23:44:59.999,59359.77013,999,2271.42,30628.03118,0,46.61016949152556,0.0688607689872498,0.08657638967684451,-0.017715620689594716,13.485673572380485,13.4261,13.366526427619515,0.05650000000000028,64066.02899999998,0.4041311180960954,13.4344,0.02779028607302062
2025-11-26 23:45:00,13.414,13.486,13.413,13.449,8161.4,2025-11-26 23:59:59.999,109703.74648,765,150.72,2029.84871,0,53.51351351351348,0.06590247150060513,0.08244160604159664,-0.016539134540991512,13.480914919677245,13.424800000000001,13.368685080322757,0.05921428571428601,53380.82649999998,0.4631358780906804,13.440000000000001,0.027230497608755188
2025-11-27 00:00:00,13.448,13.486,13.394,13.394,28855.72,2025-11-27 00:14:59.999,386550.54127,771,39.88,536.20187,0,54.39560439560439,0.05844622735579286,0.0776425303044359,-0.019196302948643038,13.481440536537548,13.42405,13.366659463462451,0.05978571428571465,53916.86449999998,0.21698466142910525,13.4316,0.034326374699642496
2025-11-27 00:15:00,13.394,13.405,13.381,13.387,315942.52,2025-11-27 00:29:59.999,4229961.56843,909,319.05,4271.71859,0,50.0,0.051379982201243735,0.07239002068379746,-0.021010038482553728,13.482170313037786,13.422450000000001,13.362729686962217,0.05942857142857173,68620.68949999998,-0.3869335516035389,13.412600000000001,0.024275502054950274
2025-11-27 00:30:00,13.387,13.387,13.381,13.387,5323.84,2025-11-27 00:44:59.999,71251.12970,635,2134.68,28576.95609,0,53.3950617283951,0.04525822337986085,0.06696366122301015,-0.021705437843149294,13.48104606110359,13.41985,13.35865393889641,0.058000000000000336,63015.21199999998,-0.37210686909279556,13.406600000000001,0.026519803921216473
2025-11-27 00:45:00,13.387,13.443,13.381,13.443,9171.56,2025-11-27 00:59:59.999,122977.87104,643,9002.96,120721.79986,0,50.65359477124176,0.04441344682886417,0.06245361834418095,-0.018040171515316783,13.481965390896773,13.42025,13.358534609103225,0.056714285714286,63365.70749999998,0.029764119354115333,13.412,0.031240998703944572
2025-11-27 01:00:00,13.443,13.5,13.42,13.435,174781.89,2025-11-27 01:14:59.999,2355482.55055,877,165709.55,2233417.95674,0,49.67948717948735,0.0426072720743349,0.05848434909021174,-0.015877077015876838,13.481418324026084,13.419999999999998,13.358581675973912,0.06057142857142888,72020.04899999997,-0.052075583990475176,13.409200000000002,0.027499090894424347
2025-11-27 01:15:00,13.447,13.459,13.42,13.451,245051.68,2025-11-27 01:29:59.999,3292016.65551,1129,154289.27,2073410.41211,0,51.840490797546096,0.04198297821167962,0.05518407491450532,-0.013201096702825696,13.484363314296706,13.4214,13.358436685703294,0.06114285714285739,83168.61749999998,0.08929235806235922,13.420599999999999,0.031189741903709586
2025-11-27 01:30:00,13.451,13.464,13.429,13.457,445.46,2025-11-27 01:44:59.999,5989.28459,669,232.88,3133.11618,0,52.279635258358766,0.041494053069008885,0.05244607054540604,-0.010952017476397152,13.484402716221869,13.426149999999998,13.367897283778127,0.059285714285714546,59916.43049999998,0.26823634602489654,13.4346,0.027871132018995562
2025-11-27 01:45:00,13.457,13.472,13.429,13.472,2094.34,2025-11-27 01:59:59.999,28157.23805,749,1255.39,16886.15481,0,54.83870967741934,0.04183470655473087,0.050323797747271,-0.008489091192540127,13.489027818077162,13.4304,13.37177218192284,0.057642857142857294,59502.57199999997,0.26793688597796655,13.4516,0.014099645386343009
2025-11-27 02:00:00,13.472,13.484,13.429,13.47,4266.46,2025-11-27 02:14:59.999,57516.13347,667,4174.62,56280.12205,0,57.53846153846188,0.041465307359160875,0.048552099669648976,-0.007086792310488102,13.488098571300236,13.43565,13.383201428699765,0.056785714285714405,58943.48599999999,-0.08900756564306987,13.456999999999999,0.01511621645851673
2025-11-27 02:15:00,13.471,13.547,13.429,13.547,278637.58,2025-11-27 02:29:59.999,3766094.80002,759,256255.31,3465519.10165,0,64.34108527131816,0.04684580306224362,0.04821084034816791,-0.0013650372859242907,13.51341013732395,13.441049999999999,13.368689862676048,0.05985714285714293,61088.35249999998,0.9689200268316372,13.479399999999998,0.03879819583461626
2025-11-27 02:30:00,13.547,13.549,13.517,13.531,33300.61,2025-11-27 02:44:59.999,450987.36760,670,33013.69,447103.75009,0,56.86274509803951,0.04925108256679778,0.04841888879189389,0.000832193774903886,13.528471791184057,13.44575,13.363028208815944,0.05785714285714289,62189.63299999999,0.8571854502087075,13.4954,0.04061157470502233
2025-11-27 02:45:00,13.531,13.545,13.429,13.429,165642.36,2025-11-27 02:59:59.999,2226176.04408,846,331.72,4467.90491,0,51.52284263959399,0.04243754277615608,0.04722261958874634,-0.004785076812590258,13.528263949365938,13.445250000000001,13.362236050634065,0.061214285714285666,70430.47249999997,-0.14870994125957004,13.489799999999999,0.048411775427280784
2025-11-27 03:00:00,13.429,13.449,13.428,13.447,27817.75,2025-11-27 03:14:59.999,374008.22701,840,26357.32,354382.78274,0,53.771289537712796,0.03805157806524129,0.04538841128404533,-0.007336833218804045,13.528502853469428,13.445500000000001,13.362497146530574,0.05685714285714268,66030.83449999997,0.3956995669702781,13.484800000000002,0.05187677707820082
2025-11-27 03:15:00,13.432,13.45,13.418,13.418,7689.49,2025-11-27 03:29:59.999,103397.16379,1180,4975.15,66912.28198,0,46.191646191646065,0.03186825439640373,0.042684379906517016,-0.010816125510113288,13.528325785351182,13.44445,13.360574214648818,0.05392857142857123,66354.97849999998,0.23156793904533357,13.4744,0.06013983704684503
2025-11-27 03:30:00,13.418,13.45,13.372,13.372,1521.41,2025-11-27 03:44:59.999,20401.68537,705,556.70,7486.24673,0,47.23618090452254,0.022991083380688337,0.038745720601351286,-0.015754637220662948,13.53143801146377,13.441999999999998,13.352561988536227,0.05292857142857115,66237.73799999998,-0.11204900276387965,13.439400000000001,0.05821769490472875
2025-11-27 03:45:00,13.372,13.376,13.36,13.365,4279.19,2025-11-27 03:59:59.999,57181.96082,743,1318.14,17620.50965,0,47.23618090452254,0.0152156236574843,0.03403970121257789,-0.01882407755509359,13.534297411627264,13.43845,13.342602588372735,0.052357142857142644,66123.54999999997,-0.5802276277616559,13.406200000000002,0.036023603373608507
2025-11-27 04:00:00,13.363,13.424,13.358,13.424,264162.78,2025-11-27 04:14:59.999,3536243.33094,882,230418.22,3085436.74033,0,54.048140043763624,0.013656894544917364,0.029963139879045784,-0.01630624533412842,13.529336936582562,13.435550000000001,13.34176306341744,0.056642857142856835,79275.23199999999,-0.08187569780425016,13.405199999999999,0.03529447548865141
2025-11-27 04:15:00,13.424,13.442,13.409,13.412,943.03,2025-11-27 04:29:59.999,12661.26681,776,507.38,6815.79301,0,46.24697336561752,0.0113227689490909,0.026235065693054806,-0.014912296743963906,13.52932149810081,13.435300000000002,13.341278501899193,0.05457142857142827,79125.17049999998,-0.2899412683071868,13.3982,0.027553584159213086
2025-11-27 04:30:00,13.412,13.442,13.403,13.424,1053.62,2025-11-27 04:44:59.999,14150.46928,710,72.58,975.03164,0,48.681055155875164,0.010322268622457997,0.023052506278935445,-0.012730237656477447,13.529443434857086,13.4357,13.341956565142915,0.05164285714285682,78957.13449999997,-0.24522553317976706,13.3994,0.02873673607107926
2025-11-27 04:45:00,13.424,13.442,13.418,13.419,339.05,2025-11-27 04:59:59.999,4550.85222,708,39.43,529.97589,0,46.05911330049252,0.009021907755464298,0.020246386574241215,-0.011224478818776917,13.528007417504186,13.4342,13.340392582495815,0.05057142857142833,78566.01699999998,-0.3934085510688766,13.408800000000003,0.024973986466303888
2025-11-27 05:00:00,13.419,13.442,13.419,13.419,2581.52,2025-11-27 05:14:59.999,34684.36971,608,1867.24,25099.37432,0,45.249999999999865,0.007900292742798243,0.01777716780795262,-0.009876875065154379,13.527654520952433,13.43545,13.343245479047566,0.04971428571428544,77252.30699999999,-0.3786191536748341,13.419599999999999,0.004929503019517771
2025-11-27 05:15:00,13.419,13.442,13.419,13.419,731.03,2025-11-27 05:29:59.999,9817.65063,699,345.03,4637.70235,0,43.11688311688311,0.006931502715861626,0.015608034789534422,-0.008676532073672796,13.526792262530357,13.43705,13.347307737469642,0.04828571428571404,61491.732499999984,-0.9448586402893637,13.418600000000001,0.004277849929509838
2025-11-27 05:30:00,13.419,13.442,13.312,13.327,658560.19,2025-11-27 05:44:59.999,8778458.55307,897,994.86,13274.61704,0,34.947368421052374,-0.001245543632485635,0.012237319105130411,-0.013482862737616046,13.534240292627077,13.43405,13.333859707372921,0.05364285714285698,94153.54999999997,-1.5076491020619365,13.401599999999998,0.04175883140149993
2025-11-27 05:45:00,13.327,13.327,13.298,13.298,9635.28,2025-11-27 05:59:59.999,128373.63999,1230,7459.85,99414.29371,0,20.843091334894154,-0.009951257510737221,0.007799603781956885,-0.017750861292694105,13.543832788927157,13.4268,13.309767211072844,0.04728571428571409,94176.73599999998,-0.9755007818899413,13.3764,0.05922668317589746
2025-11-27 06:00:00,13.299,13.33,13.297,13.32,26709.1,2025-11-27 06:14:59.999,355934.26936,1242,23909.12,318644.58601,0,25.635103926096647,-0.014903583113229146,0.003258966402919678,-0.018162549516148825,13.547322012150318,13.42105,13.294777987849681,0.04735714285714262,86773.09649999997,-0.944448575890525,13.3566,0.05795946859674875
2025-11-27 06:15:00,13.323,13.336,13.312,13.336,211523.72,2025-11-27 06:29:59.999,2816447.86337,1089,6316.90,84185.52780,0,36.5994236311237,-0.017337415615321206,-0.0008603100007285001,-0.016477105614592705,13.546217571495099,13.415299999999998,13.284382428504898,0.04078571428571414,85096.69849999997,-0.6111193918616706,13.34,0.04634112644311731
2025-11-27 06:30:00,13.336,13.403,13.312,13.383,104193.0,2025-11-27 06:44:59.999,1395219.91581,868,95021.45,1272482.77292,0,41.48936170212752,-0.015297399306527737,-0.0037477278618883486,-0.011549671444639389,13.541735799515923,13.411599999999998,13.281464200484074,0.045785714285714284,90284.07549999998,0.08226144181871996,13.3328,0.0313799298918389
2025-11-27 06:45:00,13.383,13.394,13.37,13.385,227397.18,2025-11-27 06:59:59.999,3042803.04721,923,16450.35,220262.63887,0,45.27220630372493,-0.013365222434316593,-0.005671226776373999,-0.007693995657942594,13.534672835266008,13.40725,13.279827164733991,0.045214285714285776,101549.21749999998,0.14964459408903533,13.344400000000002,0.03859144983046268
2025-11-27 07:00:00,13.385,13.39,13.358,13.374,703.18,2025-11-27 07:14:59.999,9399.34167,794,86.66,1159.75012,0,50.31847133757972,-0.012576591295871964,-0.007052299680273593,-0.005524291615598371,13.527123003872518,13.402449999999998,13.277776996127479,0.04192857142857154,101371.05349999997,-0.3724672228843783,13.3596,0.02968669735786822
2025-11-27 07:15:00,13.374,13.39,13.355,13.36,4182.64,2025-11-27 07:29:59.999,55931.57004,752,1345.87,18011.88368,0,49.22118380062292,-0.012932204035882577,-0.00822828055139539,-0.004703923484487187,13.498720771481192,13.393099999999999,13.287479228518805,0.043285714285714406,87648.30649999998,-0.3877124962720055,13.3676,0.020231164079655525
2025-11-27 07:30:00,13.36,13.378,13.321,13.333,11819.07,2025-11-27 07:44:59.999,157792.38720,927,5738.00,76759.75526,0,34.25605536332171,-0.015217288615255953,-0.009626082164167504,-0.005591206451088449,13.469802783472156,13.383199999999999,13.296597216527841,0.042642857142857364,86574.22949999997,-0.6778903456495777,13.367,0.02141261310578229
2025-11-27 07:45:00,13.321,13.378,13.32,13.348,1634.24,2025-11-27 07:59:59.999,21826.64617,808,665.05,8896.31604,0,39.04109589041088,-0.01563759945533505,-0.010828385622401014,-0.004809213832934036,13.464298229884681,13.379150000000001,13.29400177011532,0.04442857142857167,78373.82349999997,-0.5291005291005271,13.36,0.020579115627685846
2025-11-27 08:00:00,13.348,13.378,13.294,13.308,982.12,2025-11-27 08:14:59.999,13111.12963,851,410.36,5488.54894,0,31.87500000000007,-0.018979579749350606,-0.012458624447790934,-0.0065209553015596715,13.45671869926933,13.372200000000001,13.287681300730672,0.04764285714285738,77032.04199999999,-0.8271853342275926,13.3446,0.025432262974755374
2025-11-27 08:15:00,13.294,13.378,13.292,13.318,3080.66,2025-11-27 08:29:59.999,41110.12990,937,1752.73,23444.74618,0,34.46153846153838,-0.020583928073730107,-0.01408368517297877,-0.006500242900751336,13.452141094139106,13.3672,13.282258905860894,0.05207142857142877,76801.60049999997,-0.7526641329458296,13.333400000000001,0.021232051243737487
2025-11-27 08:30:00,13.306,13.378,13.272,13.302,122886.78,2025-11-27 08:44:59.999,1631875.54988,1043,1190.25,15914.13985,0,32.84457478005858,-0.022882674731588892,-0.015843483084700797,-0.007039191646888095,13.45344138281383,13.3637,13.27395861718617,0.05800000000000021,82869.86899999998,-0.18758910482479443,13.3218,0.018766992300746344
2025-11-27 08:45:00,13.303,13.378,13.282,13.317,892.75,2025-11-27 08:59:59.999,11896.46942,935,236.70,3164.85285,0,35.674157303370805,-0.02322633465177404,-0.017320053398115445,-0.0059062812536585935,13.453430570958439,13.3613,13.269169429041561,0.06321428571428596,82700.54699999998,0.14287862836516865,13.3186,0.017714400921740293
2025-11-27 09:00:00,13.318,13.378,13.305,13.306,1087.19,2025-11-27 09:14:59.999,14505.77917,782,508.33,6799.68030,0,46.181818181818066,-0.02410838918010505,-0.018677720554513368,-0.005430668625591682,13.445719666214666,13.3554,13.265080333785333,0.05914285714285735,69546.76749999997,-0.10510510510511352,13.3102,0.0070142711678291315
2025-11-27 09:15:00,13.305,13.389,13.305,13.364,56943.16,2025-11-27 09:29:59.999,761927.72713,863,55527.80,743040.78334,0,60.85526315789472,-0.019897937438139834,-0.018921763931238664,-0.0009761735069011707,13.439455342898256,13.353,13.266544657101743,0.06307142857142876,72346.77399999998,0.20995800839832385,13.3214,0.02479516081851944
2025-11-27 09:30:00,13.364,13.417,13.364,13.373,1302.79,2025-11-27 09:44:59.999,17426.50612,788,428.99,5746.93967,0,59.10652920962177,-0.01565444462106491,-0.018268300069203915,0.0026138554481390033,13.430886899099283,13.35045,13.270013100900718,0.06450000000000015,72359.23249999998,-0.07472166180975706,13.332400000000002,0.033560393323330016
2025-11-27 09:45:00,13.373,13.389,13.347,13.355,464098.7,2025-11-27 09:59:59.999,6198729.88623,998,993.04,13276.22007,0,53.24232081911265,-0.013587269968130755,-0.017332094048989284,0.003744824080858529,13.42102026929221,13.347249999999999,13.273479730707788,0.06578571428571436,95547.21499999998,-0.22413149047440686,13.343,0.02970690155531186
2025-11-27 10:00:00,13.351,13.365,13.34,13.344,901369.91,2025-11-27 10:14:59.999,12041257.72710,968,774117.85,10343252.33171,0,42.41245136186786,-0.012690340881437834,-0.016403743415478993,0.0037134025340411596,13.40908401602343,13.3435,13.277915983976571,0.0610714285714286,140486.6345,-0.22431583669807936,13.348400000000002,0.026024987992642593
2025-11-27 10:15:00,13.345,13.38,13.34,13.365,5315.47,2025-11-27 10:29:59.999,70972.02008,806,3519.93,47018.12356,0,46.37681159420301,-0.01016778571800181,-0.015156551875983557,0.004988766157981748,13.397083492951438,13.340800000000002,13.284516507048565,0.06221428571428574,140715.8565,0.037425149700604655,13.3602,0.011077003205632485
2025-11-27 10:30:00,13.37,13.371,13.323,13.36,456999.94,2025-11-27 10:44:59.999,6092169.89923,947,551.16,7350.05205,0,47.40740740740725,-0.00847441303191232,-0.013820124107169311,0.005345711075256991,13.398964460188461,13.34245,13.285935539811538,0.06335714285714289,130637.84399999997,0.20250506262656,13.359399999999999,0.010876580345750394
2025-11-27 10:45:00,13.362,13.379,13.323,13.35,2859.99,2025-11-27 10:59:59.999,38214.41895,721,1411.16,18871.32425,0,48.12030075187976,-0.007848842830197711,-0.01262586785177499,0.004777025021577279,13.397599625667185,13.34505,13.292500374332816,0.06485714285714282,130299.07949999996,0.014983518130048633,13.354800000000001,0.008228000973348195
2025-11-27 11:00:00,13.376,13.379,13.35,13.364,1197.12,2025-11-27 11:14:59.999,15994.29751,686,623.93,8341.67250,0,56.12648221343872,-0.0061524691071408455,-0.011331188102848163,0.0051787189957073175,13.399062922589202,13.347249999999999,13.295437077410796,0.06285714285714279,129023.48049999998,0.42079951908627095,13.3566,0.00920869154752637
2025-11-27 11:15:00,13.364,13.366,13.312,13.33,178591.47,2025-11-27 11:29:59.999,2378942.23956,953,5630.53,75061.98457,0,46.691176470588175,-0.007465538479594969,-0.010558058178197525,0.003092519698602556,13.399105536617569,13.346950000000001,13.294794463382434,0.06257142857142853,127376.86799999997,0.09010361916203977,13.353800000000001,0.014567086188300517
2025-11-27 11:30:00,13.332,13.35,13.312,13.347,10830.01,2025-11-27 11:44:59.999,144465.50783,807,10467.56,139636.66631,0,57.83132530120463,-0.007053093817221523,-0.009857065306002326,0.002803971488780803,13.394475023006619,13.34515,13.295824976993382,0.05928571428571429,122708.71849999999,0.3382949932340996,13.350200000000001,0.013274034805485559
2025-11-27 11:45:00,13.347,13.347,13.312,13.336,1429.58,2025-11-27 11:59:59.999,19064.14793,715,991.88,13232.53484,0,53.600000000000094,-0.007527069152200028,-0.009391066075241867,0.0018639969230418389,13.388427338360668,13.342699999999999,13.29697266163933,0.05564285714285714,111410.33849999998,0.1426747766013376,13.345400000000001,0.013183322798788914
2025-11-27 12:00:00,13.336,13.348,13.331,13.342,22834.85,2025-11-27 12:14:59.999,304774.08579,942,20821.94,277919.68485,0,58.33333333333339,-0.0073340063046529735,-0.008979654121124088,0.0016456478164711148,13.38439045111525,13.3411,13.297809548884752,0.04928571428571438,112516.92199999998,0.2705546370058723,13.343800000000002,0.012969194270154518
2025-11-27 12:15:00,13.342,13.348,13.304,13.33,653.04,2025-11-27 12:29:59.999,8707.08655,843,220.29,2939.95514,0,52.74261603375521,-0.00805643277674939,-0.00879500985224915,0.0007385770754997599,13.3822066463789,13.339599999999999,13.296993353621097,0.04557142857142869,112340.44199999997,-0.2544148458545398,13.337,0.007483314774667147
2025-11-27 12:30:00,13.317,13.348,13.304,13.307,15135.28,2025-11-27 12:44:59.999,201630.64038,948,46.24,616.08251,0,50.20080321285164,-0.010365383058001498,-0.00910908449339962,-0.0012562985646018786,13.383275314865333,13.3383,13.293324685134667,0.04350000000000013,112506.25249999997,-0.49353174306437564,13.332400000000002,0.015565988565349083
2025-11-27 12:45:00,13.304,13.348,13.235,13.235,3425.51,2025-11-27 12:59:59.999,45500.21521,754,131.60,1756.00438,0,25.475285171102556,-0.0177998554087484,-0.010847238676469377,-0.006952616732279022,13.39679875803757,13.332649999999997,13.268501241962426,0.04557142857142882,112595.81599999996,-0.8985398727068588,13.309999999999999,0.043971581732020586
2025-11-27 13:00:00,13.235,13.348,13.234,13.262,7137.45,2025-11-27 13:14:59.999,94930.02410,734,2950.58,39382.05664,0,30.249110320285197,-0.02126789094954873,-0.01293136913108525,-0.008336521818463479,13.401171569713686,13.33035,13.259528430286313,0.0499285714285718,112903.58249999997,-0.614508393285364,13.2952,0.045460972273095555
2025-11-27 13:15:00,13.286,13.348,13.26,13.326,7900.28,2025-11-27 13:29:59.999,105140.95177,737,7329.43,97568.33996,0,45.56574923547409,-0.01863723057895328,-0.014072541420658856,-0.004564689158294423,13.401367949111473,13.33075,13.260132050888528,0.053214285714286165,113144.56349999996,-0.2918069584736229,13.292000000000002,0.04175523919240579
2025-11-27 13:30:00,13.325,13.33,13.26,13.305,632.14,2025-11-27 13:44:59.999,8405.25618,758,474.40,6309.95832,0,44.213649851632184,-0.01803899546718668,-0.01486583222996442,-0.0031731632372222606,13.401273140808385,13.3309,13.260526859191614,0.056428571428571876,107031.83149999997,-0.4116766467065847,13.287,0.03732961291005864
2025-11-27 13:45:00,13.305,13.337,13.26,13.301,551.97,2025-11-27 13:59:59.999,7346.53971,699,389.99,5193.54701,0,40.00000000000011,-0.01768380846546691,-0.01542942747706492,-0.0022543809884019907,13.401494825110088,13.330100000000002,13.258705174889915,0.05907142857142895,107014.79249999998,-0.36704119850186884,13.2858,0.03661557045868282
2025-11-27 14:00:00,13.315,13.332,13.26,13.316,2799.78,2025-11-27 14:14:59.999,37274.32469,777,2598.35,34601.62166,0,43.333333333333606,-0.016007421971636404,-0.015545026375979218,-0.0004623955956571859,13.40142194129145,13.3306,13.259778058708552,0.06078571428571473,107100.42199999998,-0.35917390002993144,13.302000000000001,0.024402868684142032
2025-11-27 14:15:00,13.315,13.316,13.26,13.303,3631.62,2025-11-27 14:29:59.999,48242.56529,666,1998.53,26587.51563,0,42.9429429429432,-0.015548630023801024,-0.015545747105543581,-2.8829182574432316e-06,13.39756496080632,13.327549999999999,13.257535039193677,0.06078571428571485,104434.84499999997,-0.2025506376594092,13.3102,0.010568822073242801
2025-11-27 14:30:00,13.303,13.37,13.303,13.351,80676.92,2025-11-27 14:44:59.999,1078020.49805,948,69852.90,933513.45713,0,48.22888283378749,-0.011182925449015002,-0.014673182774237866,0.0034902573252228643,13.394110063629848,13.32645,13.258789936370151,0.06350000000000046,108403.55149999997,0.02996928148648637,13.3152,0.020837466257107962
2025-11-27 14:45:00,13.351,13.389,13.345,13.385,7434.57,2025-11-27 14:59:59.999,99315.16512,1394,2947.18,39425.65469,0,57.493188010899125,-0.004922810178751291,-0.012723108255140551,0.00780029807638926,13.399493803291005,13.327949999999998,13.25640619670899,0.06278571428571464,85570.34499999997,0.3674265146970568,13.3312,0.03614138901615218
2025-11-27 15:00:00,13.385,13.423,13.345,13.421,5138.61,2025-11-27 15:14:59.999,68839.93465,1128,2000.51,26809.39829,0,59.58549222797923,0.002909733809961068,-0.009596539842120229,0.012506273652081297,13.414411583231882,13.331799999999998,13.249188416768114,0.06564285714285743,40758.77999999998,0.5921151251686317,13.3552,0.04872576320611076
2025-11-27 15:15:00,13.421,13.423,13.354,13.409,6915.09,2025-11-27 15:29:59.999,92700.39332,1813,3359.03,45084.94148,0,59.431524547803654,0.00805591803120187,-0.0060660482674558085,0.014121966298657678,13.422470036556389,13.334,13.24552996344361,0.06807142857142891,40838.76099999998,0.5926481620405148,13.3738,0.04776190950976445
2025-11-27 15:30:00,13.411,13.434,13.398,13.41,296299.35,2025-11-27 15:44:59.999,3971640.35808,1614,153860.62,2062953.91372,0,58.90052356020938,0.012075795491931274,-0.0024376795155783915,0.014513475007509664,13.430703586923967,13.336500000000001,13.242296413076035,0.06942857142857164,32803.73149999997,0.7740287066957222,13.395199999999999,0.027985710639897327
2025-11-27 15:45:00,13.41,13.466,13.41,13.458,239827.43,2025-11-27 15:59:59.999,3223078.50297,1232,237843.53,3196393.33227,0,65.31100478468903,0.01891671606097134,0.001833199599731556,0.017083516461239782,13.450624470687067,13.3419,13.233175529312934,0.07028571428571441,44652.103499999976,1.6849263316962657,13.416599999999999,0.026613906139857955
2025-11-27 16:00:00,13.458,13.484,13.421,13.484,18768.02,2025-11-27 16:14:59.999,252427.21901,1091,8052.36,108439.95712,0,71.02137767220901,0.026134910625760455,0.006693541804937337,0.01944136882082312,13.473668207847332,13.347900000000001,13.22213179215267,0.07164285714285727,45530.648499999974,1.6739556627959549,13.4364,0.033231009614849184
2025-11-27 16:15:00,13.484,13.519,13.438,13.478,29928.91,2025-11-27 16:29:59.999,404290.30841,849,27261.62,368323.06908,0,84.22535211267623,0.031013725049733765,0.011557578453896624,0.01945614659583714,13.493441193977572,13.3553,13.217158806022427,0.06935714285714287,38097.52049999998,1.1406273450397661,13.4478,0.03626568626157207
2025-11-27 16:30:00,13.479,13.521,13.476,13.501,47890.22,2025-11-27 16:44:59.999,647328.30451,957,36094.67,487936.40084,0,84.04558404558416,0.036317483073649015,0.016509559377847104,0.01980792369580191,13.515604062855036,13.363,13.210395937144963,0.06442857142857138,39950.53099999997,1.47313040210447,13.4662,0.034974276261614326
2025-11-27 16:45:00,13.502,13.521,13.473,13.488,35568.69,2025-11-27 16:59:59.999,479962.13503,991,34436.63,464692.95855,0,77.0000000000001,0.03902193755878258,0.021012035014034203,0.01800990254474838,13.53240482069414,13.3706,13.20879517930586,0.06157142857142845,41657.48649999997,1.4059093301255499,13.481800000000002,0.015754364475425404
2025-11-27 17:00:00,13.488,13.494,13.488,13.488,358.05,2025-11-27 17:14:59.999,4829.47317,762,16.05,216.57128,0,82.79569892473158,0.04069611771028292,0.02494885155328395,0.01574726615699897,13.547268983676,13.3779,13.208531016324,0.05699999999999988,40533.64649999997,1.2916791829378103,13.487799999999998,0.008438009245365221
2025-11-27 17:15:00,13.488,13.494,13.439,13.439,9084.03,2025-11-27 17:29:59.999,122318.98231,941,910.92,12291.66016,0,71.29629629629653,0.037635191986126415,0.027486119639852445,0.01014907234627397,13.553243186257433,13.383349999999998,13.213456813742564,0.055428571428571285,40955.19599999998,1.022325791174917,13.478800000000001,0.02370021097003949
2025-11-27 17:30:00,13.439,13.494,13.398,13.401,19211.88,2025-11-27 17:44:59.999,258247.43666,1067,7751.87,104597.66599,0,62.24783861671471,0.03177680069812894,0.02834425585150775,0.003432544846621189,13.554209688568331,13.388050000000002,13.221890311431672,0.05714285714285694,41159.025999999976,0.3745037824881951,13.463400000000002,0.04216989447489233
2025-11-27 17:45:00,13.4,13.479,13.398,13.43,11201.18,2025-11-27 17:59:59.999,150370.44874,887,4081.84,54846.01746,0,67.49311294765843,0.02913815452436097,0.028503035586078394,0.0006351189382825771,13.548291965163616,13.3978,13.247308034836385,0.05892857142857112,41547.809499999974,0.33619723571161697,13.4492,0.038101181084355236
2025-11-27 18:00:00,13.429,13.438,13.419,13.425,19183.94,2025-11-27 18:14:59.999,257671.55871,900,17886.03,240247.24334,0,61.562500000000156,0.026339920006174466,0.02807041247009761,-0.001730492463923143,13.542483743659774,13.405949999999999,13.269416256340223,0.05549999999999982,42150.13399999998,0.02980403844721955,13.436599999999999,0.03198906063050597
2025-11-27 18:15:00,13.425,13.443,13.419,13.427,16141.62,2025-11-27 18:29:59.999,216876.79037,819,11300.38,151904.10738,0,57.29166666666677,0.02400694515567281,0.027257719007212654,-0.003250773851539844,13.542459819756397,13.411000000000001,13.279540180243606,0.05407142857142842,42562.20099999998,0.13423819822506455,13.4244,0.014135062788030157
2025-11-27 18:30:00,13.427,13.479,13.423,13.479,45878.66,2025-11-27 18:44:59.999,617173.08102,861,45535.21,612561.99618,0,59.53947368421066,0.02605368058441826,0.02701691132265378,-0.0009632307382355203,13.544483770874024,13.4197,13.294916229125977,0.05249999999999983,44824.52699999997,0.5145413870246015,13.432400000000001,0.028492104169786578
2025-11-27 18:45:00,13.479,13.479,13.423,13.479,7274.51,2025-11-27 18:59:59.999,97824.97453,947,3195.13,43067.12275,0,61.98630136986291,0.02736034018717426,0.027085597095557877,0.00027474309161638205,13.542668123689138,13.4286,13.31453187631086,0.05157142857142828,45160.65399999997,0.1560410164957573,13.447999999999999,0.028354893757918036
2025-11-27 19:00:00,13.479,13.479,13.423,13.471,3391.53,2025-11-27 19:14:59.999,45633.33294,1082,1739.08,23440.80549,0,60.2006688963212,0.02743410095643206,0.027155297867732717,0.0002788030886993441,13.53866278152319,13.43635,13.334037218476809,0.05299999999999968,45190.241499999975,-0.09641056066449051,13.4562,0.02777048793275473
2025-11-27 19:15:00,13.471,13.474,13.423,13.45,726.53,2025-11-27 19:29:59.999,9774.65322,1011,456.49,6142.85328,0,48.5294117647057,0.025504037730565088,0.026825045840299194,-0.0013210081097341057,13.524545792129935,13.443700000000002,13.362854207870068,0.052642857142856894,45044.98699999998,-0.20774595637335264,13.4612,0.022498888861976468
2025-11-27 19:30:00,13.45,13.465,13.423,13.459,530.59,2025-11-27 19:44:59.999,7133.09620,887,211.44,2845.58552,0,45.09803921568615,0.024419184345847,0.026343873541408755,-0.0019246891955617546,13.517316065401047,13.449100000000001,13.380883934598955,0.05114285714285684,41037.67049999997,-0.31108806755055046,13.4676,0.012798437405555902
2025-11-27 19:45:00,13.458,13.465,13.423,13.456,1503.12,2025-11-27 19:59:59.999,20206.25709,726,785.18,10565.04919,0,45.63492063492054,0.023051630447897153,0.025685424922706434,-0.0026337944748092805,13.513849501200747,13.45265,13.391450498799253,0.04835714285714258,40741.097999999976,-0.23724792408066453,13.463,0.011768602296945247
2025-11-27 20:00:00,13.456,13.46,13.423,13.46,2337.03,2025-11-27 20:14:59.999,31446.94394,788,2059.54,27721.38841,0,41.20171673819768,0.022036576762062055,0.024955655290577562,-0.0029190785285155077,13.514012562909121,13.4546,13.395187437090877,0.047785714285714063,40601.01899999998,-0.20759193357057157,13.4592,0.007661592525281486
2025-11-27 20:15:00,13.46,13.46,13.46,13.46,348.29,2025-11-27 20:29:59.999,4687.98340,792,348.29,4687.98340,0,43.636363636363896,0.020990177700372925,0.02416255977253664,-0.003172382072163714,13.512565274351305,13.457150000000002,13.4017347256487,0.04435714285714264,40272.678999999975,0.15626162660912862,13.456999999999999,0.0042426406898685536
2025-11-27 20:30:00,13.46,13.46,13.423,13.46,361.08,2025-11-27 20:44:59.999,4860.00088,840,357.04,4805.75720,0,43.636363636363896,0.019931145071410583,0.023316276832311432,-0.003385131760900849,13.510426185879625,13.45965,13.408873814120374,0.04657142857142839,25475.765499999976,0.4402656518170365,13.459,0.0017320508143348703
2025-11-27 20:45:00,13.46,13.46,13.423,13.46,834.15,2025-11-27 20:59:59.999,11223.98612,800,734.15,9881.65824,0,56.14035087719324,0.018874283096335986,0.022427878085116346,-0.00355359498878036,13.510520380920356,13.45975,13.408979619079643,0.045285714285714186,13526.101499999979,0.2233804914370896,13.459200000000001,0.0017888543885541416
2025-11-27 21:00:00,13.46,13.46,13.423,13.46,454.1,2025-11-27 21:14:59.999,6107.92761,835,298.54,4017.58465,0,72.18045112782009,0.017831165787130843,0.021508535625519246,-0.0036773698383884036,13.508025033574715,13.458549999999999,13.409074966425283,0.04107142857142852,12610.405499999977,0.260707635009312,13.46,0.0
2025-11-27 21:15:00,13.46,13.46,13.46,13.46,295.93,2025-11-27 21:29:59.999,3983.21780,696,295.93,3983.21780,0,64.42307692307759,0.016810704467532744,0.020568969393921947,-0.003758264926389202,13.50628299724368,13.457650000000001,13.409017002756322,0.03528571428571427,11128.756499999978,0.24577344157295936,13.46,0.0
2025-11-27 21:30:00,13.46,13.46,13.46,13.46,496.11,2025-11-27 21:44:59.999,6677.64060,747,496.11,6677.64060,0,67.67676767676772,0.015819622755966378,0.019619100066330834,-0.0037994773103644554,13.499792878681605,13.455599999999999,13.411407121318392,0.033928571428571405,8759.050999999978,-0.14096001187030457,13.46,0.0
2025-11-27 21:45:00,13.46,13.46,13.423,13.442,317.07,2025-11-27 21:59:59.999,4263.64219,838,223.72,3009.08809,0,56.521739130434916,0.013426956198404838,0.018380671292745634,-0.0049537150943407965,13.495117145814392,13.453299999999999,13.411482854185605,0.034857142857142955,6996.469999999977,-0.27450107574745186,13.456400000000002,0.008049844720445844
2025-11-27 22:00:00,13.44,13.448,13.42,13.448,179245.6,2025-11-27 22:14:59.999,2406647.14015,1244,52938.45,711381.74775,0,27.53623188405969,0.011877978625399521,0.017080132759276414,-0.005202154133876893,13.489825999421573,13.4513,13.412774000578427,0.03285714285714304,15940.847499999974,-0.1707371390394157,13.453999999999999,0.008485281375602843
2025-11-27 22:15:00,13.448,13.452,13.425,13.437,1638.24,2025-11-27 22:29:59.999,22028.34664,937,1230.48,16548.35760,0,23.750000000001293,0.009651537750533734,0.015594413757527879,-0.0059428760069941446,13.489870538219268,13.4512,13.412529461780732,0.03078571428571448,15568.557999999979,-0.09665427509293607,13.4494,0.010430723849421803
2025-11-27 22:30:00,13.437,13.452,13.359,13.359,330826.56,2025-11-27 22:44:59.999,4422528.55656,959,111.41,1498.30541,0,12.66666666666761,0.001574963985319755,0.012790523803086255,-0.0112155598177665,13.501406384835784,13.449099999999998,13.396793615164212,0.03342857142857168,31149.29199999998,-0.742997250910169,13.4292,0.040170884979319636
2025-11-27 22:45:00,13.36,13.366,13.306,13.323,598822.5,2025-11-27 22:59:59.999,7984926.50126,1018,1265.44,16861.62067,0,11.515151515152482,-0.007642579152498996,0.008703903211969205,-0.0163464823644682,13.52047198614314,13.44375,13.36702801385686,0.03407142857142885,60530.357999999986,-0.9884066587395892,13.4018,0.05707626476934233
2025-11-27 23:00:00,13.323,13.323,13.306,13.323,1434.06,2025-11-27 23:14:59.999,19096.60159,916,874.80,11654.92610,0,6.410256410257304,-0.01477720606500732,0.004007681356573899,-0.018784887421581218,13.532310697817408,13.43865,13.344989302182594,0.03228571428571466,59642.86399999998,-1.0178306092124847,13.378,0.06081118318219614
2025-11-27 23:15:00,13.323,13.363,13.306,13.334,1812.25,2025-11-27 23:29:59.999,24146.71283,1044,819.01,10927.67771,0,12.804878048780864,-0.019321119388880703,-0.0006580787925170232,-0.01866304059636368,13.538681974519633,13.434000000000001,13.329318025480369,0.03335714285714327,58926.39549999997,-0.9361069836552839,13.355200000000002,0.048033321767468974
2025-11-27 23:30:00,13.334,13.355,13.306,13.355,2167.17,2025-11-27 23:44:59.999,28889.07309,834,1773.99,23656.47497,0,20.994475138121587,-0.02098576806839425,-0.00472361664769247,-0.01626215142070178,13.535892747698998,13.4278,13.319707252301,0.03421428571428616,56740.82099999998,-0.7800891530460655,13.3388,0.017268468374937736
2025-11-27 23:45:00,13.355,13.357,13.306,13.33,2243.34,2025-11-27 23:59:59.999,29896.39212,938,1124.60,15005.31904,0,18.446601941747574,-0.02404512793903102,-0.008587918905960182,-0.015457209033070837,13.53398149118678,13.42035,13.306718508813217,0.03785714285714332,56489.262499999975,-0.965824665676083,13.333000000000002,0.013171939872922147
2025-11-28 00:00:00,13.33,13.342,13.306,13.326,5038.61,2025-11-28 00:14:59.999,67144.81316,1168,3282.96,43762.43670,0,18.09523809523813,-0.02648713207768516,-0.012167761540305178,-0.014319370537379982,13.531526348419003,13.4131,13.294673651580997,0.03778571428571479,56571.61649999998,-0.9955423476968822,13.333599999999999,0.012660963629041594
2025-11-28 00:15:00,13.327,13.348,13.3,13.326,55816.6,2025-11-28 00:29:59.999,744396.03750,1264,51246.14,683485.79311,0,18.09523809523813,-0.02809853552446917,-0.01535391633713798,-0.012744619187331191,13.53008048375781,13.406900000000002,13.283719516242193,0.03857142857142902,59326.11999999997,-0.9955423476968822,13.334200000000001,0.012091319200813102
2025-11-28 00:30:00,13.335,13.371,13.325,13.332,157249.15,2025-11-28 00:44:59.999,2100421.04393,1512,154957.78,2069844.12947,0,20.37037037037048,-0.028562187392749294,-0.01799557054826024,-0.010566616844489053,13.525503001690398,13.40055,13.275596998309604,0.03921428571428619,67162.04799999998,-0.9509658246656769,13.3338,0.012132600711138877
2025-11-28 00:45:00,13.332,13.371,13.314,13.319,1598.86,2025-11-28 00:59:59.999,21340.45717,1677,810.10,10828.63133,0,19.213973799126762,-0.02963698942752302,-0.020323854324112798,-0.009313135103410222,13.520855271844143,13.3937,13.266544728155859,0.04328571428571478,67166.83499999998,-0.9150424044041017,13.3266,0.004979959840752664
2025-11-28 01:00:00,13.32,13.371,13.228,13.237,650197.99,2025-11-28 01:14:59.999,8621078.43588,1670,710.08,9423.97055,0,14.147909967845735,-0.036682637865851575,-0.023595611032460558,-0.013087026833391018,13.523578515219894,13.38255,13.241521484780106,0.05350000000000055,99559.88299999999,-1.5690065437239762,13.308000000000002,0.0399562260481955
2025-11-28 01:15:00,13.235,13.25,13.219,13.223,205636.22,2025-11-28 01:29:59.999,2719181.65642,1389,414.48,5486.29704,0,14.332247557003399,-0.0429015061538216,-0.02745679005673277,-0.01544471609708883,13.523651454286279,13.3707,13.21774854571372,0.0530714285714291,109824.27949999998,-1.5926173997171889,13.2874,0.05283275499170336
2025-11-28 01:30:00,13.223,13.25,13.2,13.223,19009.07,2025-11-28 01:44:59.999,251800.46085,1457,16747.58,221903.45733,0,12.624584717608045,-0.04728493280503443,-0.0314224186063931,-0.015862514198641327,13.519214420518674,13.35885,13.198485579481327,0.054642857142857694,110756.67899999997,-1.018040272475479,13.2668,0.054085118101121044
2025-11-28 01:45:00,13.223,13.25,13.19,13.19,9825.65,2025-11-28 01:59:59.999,129745.21068,1137,402.80,5337.03762,0,11.764705882353013,-0.05281286043427613,-0.03570050697196971,-0.01711235346230642,13.51504852525451,13.34535,13.17565147474549,0.05700000000000064,111206.25399999999,-0.998273662088125,13.238400000000002,0.04825764188199322
2025-11-28 02:00:00,13.19,13.25,13.143,13.183,378530.28,2025-11-28 02:14:59.999,4979080.55612,1524,994.50,13133.05118,0,15.079365079365132,-0.057100406463630904,-0.03998048687030195,-0.017119919593328953,13.506918297070865,13.3315,13.156081702929136,0.05800000000000059,130110.06299999997,-1.0508143811453918,13.2112,0.023392306427738433
2025-11-28 02:15:00,13.183,13.204,13.149,13.153,260079.69,2025-11-28 02:29:59.999,3423144.41347,1484,4881.56,64400.90151,0,15.447154471544792,-0.06220204045855482,-0.04442479758795253,-0.01777724287060229,13.497839469033767,13.316150000000002,13.134460530966237,0.05764285714285781,143099.251,-1.3574321283935742,13.194400000000002,0.029577018105419007
2025-11-28 02:30:00,13.153,13.183,13.147,13.18,111806.12,2025-11-28 02:44:59.999,1470352.89244,1643,3037.80,40015.99798,0,23.809523809523654,-0.06333634583396908,-0.04820710723715584,-0.015129238596813234,13.48028451451933,13.302150000000001,13.124015485480673,0.059000000000000545,148664.75149999995,-1.3103706476974968,13.1858,0.02509382394151635
2025-11-28 02:45:00,13.18,13.261,13.147,13.249,311540.79,2025-11-28 02:59:59.999,4125686.54271,1346,308702.58,4088343.99384,0,37.16012084592164,-0.057998991403492184,-0.050165484070423115,-0.007833507333069069,13.459284449609248,13.2925,13.125715550390753,0.06307142857142901,164225.93749999997,-0.607651912978241,13.190999999999999,0.03533411948822393
2025-11-28 03:00:00,13.249,13.276,13.234,13.258,88494.09,2025-11-28 03:14:59.999,1172923.80181,1928,2559.59,33942.63981,0,34.79623824451386,-0.05243839757444846,-0.050620066771228184,-0.001818330803220275,13.433323160662162,13.283000000000001,13.13267683933784,0.06257142857142892,159688.36199999996,-0.5102806543599083,13.2046,0.04625256749639679
2025-11-28 03:15:00,13.253,13.264,13.242,13.252,59847.82,2025-11-28 03:29:59.999,793501.20761,1737,25403.37,336849.49706,0,36.99999999999998,-0.04796285086993457,-0.05008862359096947,0.0021257727210348965,13.405834303222523,13.273750000000001,13.14166569677748,0.06050000000000022,162598.841,-0.5553054179798877,13.218399999999999,0.04843862095486885
2025-11-28 03:30:00,13.252,13.269,13.242,13.252,45719.78,2025-11-28 03:44:59.999,605714.19276,1427,948.65,12578.43321,0,37.49999999999993,-0.04390978321403338,-0.04885285551558226,0.004943072301548876,13.394476668403298,13.2684,13.142323331596701,0.05985714285714293,148343.50199999998,-0.6000600060006005,13.2382,0.03269862382441372
2025-11-28 03:45:00,13.252,13.292,13.251,13.282,554582.89,2025-11-28 03:59:59.999,7365307.32414,1792,214322.60,2845097.21829,0,43.251533742331155,-0.03784074407378135,-0.04665043322722208,0.008809689153440728,13.389998525646782,13.26635,13.142701474353217,0.05935714285714295,146131.52149999997,-0.27779863353105194,13.258600000000001,0.013483323032975064
2025-11-28 04:00:00,13.283,13.305,13.262,13.3,414688.67,2025-11-28 04:14:59.999,5505440.00074,1665,92560.00,1230023.85709,0,45.266272189349074,-0.03121866789182981,-0.04356408016014363,0.012345412268313823,13.387044767504836,13.265200000000002,13.143355232495168,0.0591428571428571,166794.25199999998,0.47593865679535097,13.268799999999999,0.02138223561772938
2025-11-28 04:15:00,13.3,13.306,13.266,13.266,479.68,2025-11-28 04:29:59.999,6371.62768,1337,74.68,992.53893,0,42.61838440111406,-0.02838691398412152,-0.04052864692493921,0.01214173294081769,13.379278060661251,13.2618,13.144321939338747,0.057928571428571295,166727.6235,0.3251909551538929,13.2704,0.02065913841408134
2025-11-28 04:30:00,13.266,13.276,13.251,13.252,2380.2,2025-11-28 04:44:59.999,31562.93598,1201,45.87,608.67951,0,52.577319587628985,-0.026961614894220887,-0.03781524051879555,0.010853625624574662,13.365649806855908,13.256650000000002,13.147650193144097,0.04949999999999984,166738.27499999997,0.21931483022007042,13.2704,0.02065913841408134
2025-11-28 04:45:00,13.252,13.276,13.252,13.252,631.67,2025-11-28 04:59:59.999,8372.41046,1202,45.88,608.93016,0,55.234657039711216,-0.025537672702487413,-0.035359726955533924,0.009822054253046511,13.356136602002255,13.25275,13.149363397997746,0.048999999999999745,166657.69150000002,0.4700530705079694,13.2704,0.02065913841408134
2025-11-28 05:00:00,13.252,13.279,13.251,13.279,15175.89,2025-11-28 05:14:59.999,201467.92171,1454,13441.88,178464.88854,0,59.21052631578944,-0.021977174715201997,-0.03268321650746754,0.010706041792265544,13.348792126342534,13.250400000000003,13.152007873657471,0.047428571428571153,167164.55549999996,0.7282105742243805,13.2698,0.02027806696931786
2025-11-28 05:15:00,13.279,13.287,13.259,13.282,29472.2,2025-11-28 05:29:59.999,391345.87049,1578,26140.11,347144.41736,0,66.78832116788358,-0.018697842392226605,-0.029886141684419353,0.011188299292192748,13.34130005935831,13.2482,13.15509994064169,0.04514285714285687,165847.3355,0.980764844522159,13.266200000000001,0.014289856542734729
2025-11-28 05:30:00,13.28,13.291,13.259,13.29,589.25,2025-11-28 05:44:59.999,7823.97690,1367,315.14,4185.65480,0,69.45454545454568,-0.01527730746804501,-0.026964374841144487,0.011687067373099477,13.33292444477459,13.246099999999998,13.159275555225406,0.039785714285714056,158014.3405,0.8345978755690397,13.271,0.017804493815107292
2025-11-28 05:45:00,13.29,13.29,13.259,13.29,614.71,2025-11-28 05:59:59.999,8167.64032,1049,548.51,7289.69040,0,77.95918367346961,-0.01242330081841203,-0.024056160036597996,0.011632859218185965,13.327212320958145,13.244650000000002,13.162087679041859,0.03807142857142815,157965.13299999997,0.3094573175333881,13.2786,0.01564608577288966
2025-11-28 06:00:00,13.29,13.29,13.259,13.259,4516.22,2025-11-28 06:14:59.999,59915.84127,1585,2898.86,38467.86076,0,65.86345381526147,-0.012518614117777105,-0.02174865085283382,0.009230036735056714,13.32846924615288,13.245750000000001,13.163030753847123,0.03771428571428524,125681.04449999999,0.007542615779161428,13.279999999999998,0.012708265027638704
2025-11-28 06:15:00,13.259,13.27,13.251,13.251,719.13,2025-11-28 06:29:59.999,9530.72035,1048,75.05,995.86464,0,50.53191489361674,-0.013088804148701172,-0.020016681512007292,0.00692787736330612,13.32919305673111,13.24715,13.165106943268889,0.030928571428571035,115435.18999999999,-0.007546030787814836,13.2744,0.018229097619256802
2025-11-28 06:30:00,13.251,13.27,13.251,13.251,1357.15,2025-11-28 06:44:59.999,17989.29441,962,300.65,3989.61055,0,48.04469273743023,-0.013386374068669937,-0.01869062002333982,0.005304245954669884,13.329809752450462,13.24855,13.167290247549538,0.029285714285713915,114552.594,-0.007546030787814836,13.268199999999998,0.0201668044075416
2025-11-28 06:45:00,13.251,13.27,13.251,13.251,2794.44,2025-11-28 06:59:59.999,37030.27045,1026,52.81,700.76779,0,49.71098265895919,-0.013466961623418428,-0.017645888343355544,0.004178926719937116,13.328043030041949,13.251600000000002,13.175156969958055,0.02907142857142832,114201.03349999998,-0.2333985845505239,13.260399999999999,0.016905620367546795
2025-11-28 07:00:00,13.252,13.27,13.251,13.254,2603.55,2025-11-28 07:14:59.999,34533.17015,1283,1579.16,20954.62300,0,50.56818181818152,-0.01313731413356578,-0.01674417350139759,0.0036068593678318106,13.324438944966891,13.25515,13.18586105503311,0.02849999999999981,95404.69699999999,-0.345864661654144,13.253199999999998,0.003492849840920927
2025-11-28 07:15:00,13.254,13.306,13.251,13.302,138118.76,2025-11-28 07:29:59.999,1835365.96176,1270,136967.80,1820096.64683,0,55.15463917525764,-0.008900270497541385,-0.01517539290062635,0.006275122403084966,13.31582207693778,13.2626,13.209377923062222,0.029499999999999766,89306.65049999997,0.27137042062414884,13.2618,0.02250999777902518
2025-11-28 07:30:00,13.302,13.306,13.254,13.272,423150.85,2025-11-28 07:44:59.999,5620869.23866,1594,1435.74,19069.45696,0,43.20388349514544,-0.007872384224334894,-0.013714791165368062,0.005842406941033168,13.303610524792633,13.267199999999999,13.230789475207365,0.030142857142856933,104873.88699999999,0.15092061575610907,13.266,0.02194310825776445
2025-11-28 07:45:00,13.272,13.279,13.251,13.251,2703.75,2025-11-28 07:59:59.999,35883.51877,1176,1942.96,25800.37679,0,46.11398963730551,-0.008652560115990582,-0.012702344955492566,0.004049784839501984,13.303510495714441,13.2673,13.23108950428556,0.02928571428571417,89432.03499999999,-0.007546030787814836,13.266,0.02194310825776445
2025-11-28 08:00:00,13.251,13.338,13.251,13.337,275286.31,2025-11-28 08:14:59.999,3661535.44643,1260,273714.67,3640661.14658,0,66.0377358490565,-0.0023048054998646705,-0.010622837064366989,0.008318031564502318,13.318684719683622,13.27125,13.223815280316378,0.03371428571428555,98771.64599999998,0.43677987800286044,13.283199999999999,0.03627257917508757
2025-11-28 08:15:00,13.337,13.363,13.325,13.362,171253.01,2025-11-28 08:29:59.999,2285877.71488,1168,169637.11,2264314.44976,0,68.96551724137927,0.004689074105357349,-0.007560454830422121,0.01224952893577947,13.338219290577445,13.276750000000002,13.215280709422558,0.034714285714285635,104341.90549999998,0.6023189278723089,13.3048,0.04551593127701894
2025-11-28 08:30:00,13.362,13.374,13.362,13.362,74353.08,2025-11-28 08:44:59.999,993929.18355,1157,73440.98,981741.19470,0,65.7794676806084,0.01011517266665507,-0.004025329331006682,0.014140501997661752,13.353328533289732,13.28225,13.211171466710267,0.03357142857142849,105773.57049999999,0.541760722347637,13.3168,0.05203556476118074
2025-11-28 08:45:00,13.362,13.502,13.362,13.502,2009127.2,2025-11-28 08:59:59.999,27017388.28445,1070,2008119.08,27003886.72317,0,77.50000000000006,0.025419208033293117,0.0018635781418532796,0.023555629891439837,13.414530666224591,13.29325,13.17196933377541,0.041571428571428495,178500.786,1.595184349134699,13.362799999999998,0.09019811527974367
2025-11-28 09:00:00,13.502,13.517,13.474,13.502,55626.0,2025-11-28 09:14:59.999,751378.97719,1108,48005.08,648495.94401,0,77.04081632653072,0.03711987154808405,0.008914836823099436,0.02820503472498461,13.456464026996342,13.30335,13.150235973003658,0.042357142857142725,160547.6525,1.8327173995022272,13.413,0.08188406438386565
2025-11-28 09:15:00,13.502,13.517,13.47,13.485,2289.7,2025-11-28 09:29:59.999,30903.30205,1368,1135.72,15350.09279,0,73.83863080684586,0.04450791422721778,0.016033452303923106,0.028474461923294676,13.486323376624048,13.3143,13.14227662337595,0.04349999999999987,160638.15349999996,1.7659044600407519,13.442599999999999,0.073903991773265
2025-11-28 09:30:00,13.485,13.517,13.425,13.429,1615.39,2025-11-28 09:44:59.999,21736.26929,1215,98.61,1330.48330,0,69.58525345622107,0.045321817588620306,0.02189112536086255,0.023430692227757757,13.49982725555785,13.323150000000002,13.146472744442153,0.04785714285714272,160599.913,1.343294845672031,13.456,0.060493801335538853
2025-11-28 09:45:00,13.429,13.517,13.414,13.419,1519.17,2025-11-28 09:59:59.999,20462.73887,1420,720.38,9732.52961,0,69.26605504587161,0.04464528241492083,0.026441956771674213,0.018203325643246615,13.509796618617402,13.3315,13.153203381382598,0.0538571428571427,160644.288,1.2678288431061886,13.467400000000001,0.040376973636273406
2025-11-28 10:00:00,13.42,13.517,13.412,13.414,15116.65,2025-11-28 10:14:59.999,202875.60637,619,1015.90,13727.29116,0,68.48072562358269,0.043207594943620364,0.029795084406063443,0.013412510537556922,13.51839015011674,13.338249999999999,13.158109849883257,0.059999999999999734,160641.32599999997,1.2071827372868578,13.4498,0.04070257977110625
2025-11-28 10:15:00,13.414,13.517,13.41,13.415,772.18,2025-11-28 10:29:59.999,10391.83939,544,328.89,4444.15929,0,68.55203619909491,0.04166857946105296,0.03216978341706135,0.009498796043991606,13.526113337489491,13.344899999999999,13.163686662510507,0.06628571428571396,159206.32499999998,0.8494963163434036,13.432399999999998,0.029996666481831812
2025-11-28 10:30:00,13.415,13.517,13.411,13.464,1209.37,2025-11-28 10:44:59.999,16325.52906,495,942.41,12738.55597,0,71.5163934426229,0.04389677440250139,0.03451518161414936,0.00938159278835203,13.540338657796553,13.3536,13.166861342203447,0.07249999999999966,159237.33099999998,1.4466546112115746,13.428199999999999,0.020873428085056742
2025-11-28 10:45:00,13.463,13.517,13.451,13.47,2666.22,2025-11-28 10:59:59.999,35993.69001,674,1816.72,24554.79971,0,68.83408071748877,0.045620895517284765,0.03673632439477644,0.008884571122508324,13.553731148140068,13.3626,13.171468851859933,0.07328571428571388,159339.90649999998,1.6527054561919947,13.4364,0.028076680715899267
2025-11-28 11:00:00,13.47,13.517,13.358,13.358,1269800.01,2025-11-28 11:14:59.999,17010416.48378,1047,1184.52,15861.43693,0,58.143939393939355,0.03751733347881192,0.03689252621158354,0.0006248072672283833,13.552408950496893,13.36755,13.182691049503106,0.08092857142857099,222604.096,0.15745669940766888,13.424199999999999,0.04542246140426334
2025-11-28 11:15:00,13.358,13.379,13.261,13.298,993195.63,2025-11-28 11:29:59.999,13232434.19518,766,526.73,7005.47382,0,54.1446208112875,0.025954516115575643,0.03470492419238196,-0.00875040807680632,13.549644731274434,13.369900000000001,13.190155268725569,0.0873571428571424,272227.921,-0.47897021403981477,13.401,0.07311634564186328
2025-11-28 11:30:00,13.294,13.309,13.261,13.282,5377.79,2025-11-28 11:44:59.999,71505.83348,469,3983.56,53012.21758,0,44.46680080482904,0.015323197484944373,0.030828578850894444,-0.015505381365950071,13.54737160335269,13.371450000000001,13.195528396647312,0.08457142857142814,272428.953,-0.5987127675497685,13.3744,0.0891784727387662
2025-11-28 11:45:00,13.283,13.313,13.261,13.298,42439.78,2025-11-28 11:59:59.999,564111.53899,606,3632.75,48345.19277,0,43.44262295081971,0.008095546734622872,0.02628197242764013,-0.018186425693017257,13.544113148115219,13.3738,13.20348685188478,0.08557142857142822,274411.22000000003,-1.5108872759591216,13.3412,0.07763504363376673
2025-11-28 12:00:00,13.294,13.324,13.275,13.28,3112.63,2025-11-28 12:14:59.999,41386.48667,544,1666.03,22180.53570,0,41.89723320158102,0.0009047030215807439,0.02120651854642825,-0.020301815524847507,13.54192408004864,13.3751,13.20827591995136,0.08821428571428529,274436.674,-1.64420085913199,13.3032,0.031799371063190834
2025-11-28 12:15:00,13.28,13.315,13.275,13.295,911.57,2025-11-28 12:29:59.999,12110.95161,571,416.25,5533.99743,0,22.834645669291504,-0.0035428776997097344,0.016256639297200653,-0.019799516996910387,13.54224783973429,13.37475,13.20725216026571,0.08107142857142804,267576.3145,-1.4089729328883909,13.290600000000001,0.00887693640924041
2025-11-28 12:30:00,13.293,13.326,13.275,13.293,1183.15,2025-11-28 12:44:59.999,15736.73490,621,857.43,11412.37361,0,22.71540469973904,-0.007146618974799068,0.011575987642800708,-0.018722606617599776,13.540830906195975,13.375800000000002,13.210769093804029,0.08164285714285668,246477.9295,-1.0127336361605555,13.289599999999998,0.008080841541178276
2025-11-28 12:45:00,13.293,13.293,13.275,13.293,462.95,2025-11-28 12:59:59.999,6152.03721,593,354.22,4708.64646,0,23.770491803278887,-0.009888620042463714,0.007283066105747823,-0.01717168614821154,13.537214188088129,13.3779,13.218585811911872,0.07957142857142811,246365.8895,-0.9389671361502437,13.2918,0.006906518660929571
2025-11-28 13:00:00,13.293,13.293,13.254,13.279,104215.81,2025-11-28 13:14:59.999,1381801.23287,607,249.82,3317.11493,0,26.851851851852047,-0.01304102976735777,0.0032182469311267036,-0.016259276698484475,13.539476842074535,13.375,13.210523157925465,0.0757857142857139,237812.36449999997,-1.0064112121663917,13.288,0.007810249676772927
2025-11-28 13:15:00,13.279,13.293,13.254,13.293,327.84,2025-11-28 13:29:59.999,4355.59791,543,274.02,3641.44250,0,30.792682926829258,-0.014245441605751807,-0.00027449077624899933,-0.013970950829502808,13.540021112625691,13.37155,13.203078887374307,0.07121428571428533,229266.10599999997,-0.909429742825195,13.290599999999998,0.006542170894564663
2025-11-28 13:30:00,13.293,13.398,13.254,13.398,995491.18,2025-11-28 13:44:59.999,13308487.18801,631,994717.86,13298143.10385,0,48.13084112149534,-0.006650659523515401,-0.00154972452570228,-0.005100934997813121,13.5421604199823,13.373349999999999,13.204539580017697,0.07399999999999972,275323.011,-0.4901960784313779,13.3112,0.04889989775055752
2025-11-28 13:45:00,13.389,13.459,13.387,13.449,231811.18,2025-11-28 13:59:59.999,3111052.98166,654,230011.20,3086897.79406,0,53.55648535564859,0.0034438353787891174,-0.0005510125448040004,0.003994847923593118,13.532526547818373,13.3707,13.208873452181626,0.0714999999999997,186457.21,-0.15590200445434887,13.342400000000001,0.0764120409360783
2025-11-28 14:00:00,13.448,13.459,13.413,13.416,4249.65,2025-11-28 14:14:59.999,57099.57834,593,3691.36,49608.98066,0,44.80519480519481,0.008680903061463852,0.0012953705764495707,0.007385532485014281,13.517769050580196,13.366399999999999,13.215030949419802,0.06721428571428538,183888.3925,0.4341967360383278,13.367,0.07633151380667368
2025-11-28 14:15:00,13.416,13.5,13.413,13.496,451600.81,2025-11-28 14:29:59.999,6086638.69587,685,451502.78,6085322.44513,0,52.42537313432833,0.019066857478811983,0.004849667956922054,0.014217189521889929,13.520201736488392,13.36695,13.213698263511606,0.06871428571428544,206353.94799999997,1.4889457061212241,13.4104,0.07547383652644797
2025-11-28 14:30:00,13.5,13.501,13.355,13.373,744779.11,2025-11-28 14:44:59.999,9967915.01554,812,2709.59,36508.93187,0,51.37111517367446,0.017174749316010818,0.007314684228739808,0.009860065087271011,13.514649903828866,13.36415,13.213650096171135,0.06778571428571402,243512.134,0.6851377804547455,13.426400000000001,0.04775248684646616
2025-11-28 14:45:00,13.366,13.403,13.349,13.396,110301.59,2025-11-28 14:59:59.999,1473323.40628,595,13865.19,185605.78103,0,59.60784313725491,0.01733136258656387,0.009318019900304621,0.008013342686259249,13.512079985595417,13.363,13.213920014404582,0.06321428571428545,248951.25499999998,0.7369529252519232,13.425999999999998,0.048057257516652886
2025-11-28 15:00:00,13.397,13.413,13.349,13.383,444.82,2025-11-28 15:14:59.999,5946.14016,491,56.22,753.87410,0,59.96055226824439,0.016219519848831965,0.010698319890010091,0.0055211999588218735,13.508933415659536,13.36145,13.213966584340463,0.06435714285714259,248217.66349999997,0.7756024096385524,13.4128,0.04921077117889064
2025-11-28 15:15:00,13.387,13.461,13.375,13.458,192020.53,2025-11-28 15:29:59.999,2581493.23339,596,191726.58,2577544.65524,0,64.13427561837442,0.02114648613865633,0.012787953139739341,0.008358532998916987,13.515556226383485,13.3636,13.211643773616515,0.06678571428571393,257780.081,1.226024821361416,13.421199999999999,0.05330759795771741
2025-11-28 15:30:00,13.459,13.468,13.419,13.419,27025.35,2025-11-28 15:44:59.999,363917.83652,618,26758.67,360332.24961,0,61.83986371379897,0.021654548204601554,0.014561272152711784,0.007093276051889769,13.50829685756162,13.361349999999998,13.214403142438377,0.06678571428571393,259070.87999999998,0.9478672985782083,13.4058,0.03387772129321405
2025-11-28 15:45:00,13.419,13.468,13.385,13.415,331.58,2025-11-28 15:59:59.999,4447.55371,505,71.78,966.73304,0,60.4166666666665,0.0214867387325679,0.01594636546868301,0.005540373263884891,13.498893526878748,13.3586,13.21830647312125,0.06985714285714259,258954.148,0.9177762732265093,13.4142,0.028490349243580397
2025-11-28 16:00:00,13.416,13.468,13.339,13.368,622058.0,2025-11-28 16:14:59.999,8310405.16952,702,1205.29,16116.52896,0,56.03864734299522,0.017361113206247225,0.01622931501619585,0.0011317981900513738,13.499455788510089,13.359100000000002,13.218744211489915,0.07542857142857111,226567.04750000002,0.6702311921078425,13.408600000000002,0.034975705854505074
2025-11-28 16:15:00,13.36,13.363,13.205,13.205,1720479.34,2025-11-28 16:29:59.999,22841529.96932,971,4276.41,56689.45520,0,44.38775510204089,0.0009280890678873277,0.013169069826534145,-0.012240980758646818,13.508794079046494,13.35445,13.200105920953506,0.08578571428571406,262931.233,-0.6620025577371488,13.373000000000001,0.09918921312329651
2025-11-28 16:30:00,13.205,13.252,13.168,13.242,530349.32,2025-11-28 16:44:59.999,6994632.57406,838,7787.23,103164.48259,0,47.70755885997529,-0.009005796955813494,0.008734096470064616,-0.01773989342587811,13.51170547168944,13.35245,13.193194528310558,0.0889999999999999,289179.80950000003,-1.1643528884908108,13.3298,0.09994848673199694
2025-11-28 16:45:00,13.242,13.242,13.168,13.176,634.13,2025-11-28 16:59:59.999,8376.99068,678,450.91,5958.42652,0,43.18975552968578,-0.02195108319141248,0.002597060537769195,-0.024548143729181675,13.522804288101321,13.346350000000001,13.16989571189868,0.09150000000000004,287089.527,-2.0298906981931717,13.281200000000002,0.10469813751931539
2025-11-28 17:00:00,13.176,13.19,13.135,13.135,190032.45,2025-11-28 17:14:59.999,2501572.71423,730,14351.14,189181.82776,0,33.45911949685549,-0.035113901943615744,-0.004945131958507796,-0.030168769985107948,13.537574073608136,13.339099999999998,13.140625926391861,0.08514285714285716,296435.51800000004,-2.0945140131186686,13.225200000000001,0.08893649419676124
2025-11-28 17:15:00,13.135,13.19,13.081,13.081,307565.96,2025-11-28 17:29:59.999,4026271.06453,966,4620.74,60945.69888,0,26.942355889724496,-0.04933418555923197,-0.013822942678652632,-0.03551124288057934,13.557582896394718,13.328399999999998,13.099217103605278,0.08778571428571436,311768.2375,-3.0749851807943163,13.1678,0.062383491406039264
2025-11-28 17:30:00,13.083,13.19,13.055,13.069,254663.47,2025-11-28 17:44:59.999,3330532.06838,808,9912.64,129785.42104,0,27.670527670527875,-0.060870485422645615,-0.023232451227451233,-0.03763803419519438,13.573907574775744,13.3172,13.060492425224256,0.09414285714285724,324442.2535,-2.2732371195692704,13.140600000000001,0.07114281411362577
2025-11-28 17:45:00,13.071,13.141,13.071,13.102,89904.74,2025-11-28 17:59:59.999,1178246.51686,638,88778.84,1163503.74946,0,23.0136986301372,-0.06658273761850886,-0.031902508505662765,-0.034680229112846093,13.58176889468063,13.30765,13.033531105319371,0.09307142857142862,328914.343,-2.1946849805912247,13.1126,0.043397004504970575
2025-11-28 18:00:00,13.11,13.141,13.058,13.136,404.98,2025-11-28 18:14:59.999,5301.49934,547,57.19,751.53379,0,31.513260530421306,-0.06758712053414406,-0.03903943091135903,-0.028547689622785033,13.58502767879396,13.3005,13.01597232120604,0.08857142857142872,323723.8015,-1.8456250467010378,13.1046,0.03058267483402989
2025-11-28 18:15:00,13.135,13.144,13.058,13.113,13787.16,2025-11-28 18:29:59.999,180720.01051,494,7852.08,103207.70120,0,27.92511700468016,-0.06943856446481078,-0.04511925762204939,-0.024319306842761394,13.588155391072725,13.2915,12.994844608927274,0.090857142857143,324396.76749999996,-2.5635309852875663,13.100200000000001,0.026414011433399668
2025-11-28 18:30:00,13.114,13.144,13.058,13.13,1603.64,2025-11-28 18:44:59.999,20967.75149,531,231.04,3035.82536,0,30.387596899224974,-0.06874167792086183,-0.04984374168181188,-0.01889793623904995,13.578685323730198,13.2781,12.977514676269802,0.0924285714285716,274702.3905,-2.1536627170429963,13.11,0.026598872156621906
2025-11-28 18:45:00,13.129,13.14,13.058,13.106,543.49,2025-11-28 18:59:59.999,7122.22759,499,377.36,4946.75221,0,20.370370370370395,-0.0693268331594119,-0.0537403599773319,-0.015586473182080007,13.559613320391465,13.26095,12.962286679608534,0.09214285714285733,263139.006,-2.3033917256802035,13.1174,0.014926486525795056
2025-11-28 19:00:00,13.107,13.148,13.057,13.148,1336.78,2025-11-28 19:14:59.999,17470.57091,496,152.76,2005.41850,0,27.303182579564464,-0.06564481138722833,-0.05612125025931118,-0.009523561127917149,13.540924181764868,13.24755,12.954175818235132,0.09514285714285732,262993.3625,-1.6457211250748103,13.1266,0.017082154431021578
2025-11-28 19:15:00,13.148,13.193,13.057,13.193,286243.38,2025-11-28 19:29:59.999,3768373.58179,781,285657.79,3760660.70233,0,32.601880877742985,-0.05842220388608865,-0.056581440984666685,-0.0018407629014219676,13.502090973249988,13.232400000000002,12.962709026750016,0.09892857142857155,254725.491,-0.09087466868610719,13.138,0.03477786652464347
2025-11-28 19:30:00,13.193,13.214,13.182,13.203,117384.72,2025-11-28 19:44:59.999,1549933.91518,704,116118.65,1533227.83794,0,36.27287853577366,-0.051299964916408314,-0.055525145771015014,0.0042251808546067,13.485528020388733,13.2239,12.962271979611268,0.09200000000000015,223355.77149999997,-0.29451744449480044,13.156,0.04128559070676991
2025-11-28 19:45:00,13.203,13.214,13.191,13.198,195.7,2025-11-28 19:59:59.999,2583.41690,467,0.40,5.28560,0,49.209932279909744,-0.04553410857359452,-0.053526938331530924,0.007992829757936401,13.462882132322456,13.214000000000002,12.965117867677549,0.0820000000000001,217850.477,0.16697024893746387,13.169599999999999,0.04177678781342237
2025-11-28 20:00:00,13.198,13.214,13.133,13.14,648.08,2025-11-28 20:14:59.999,8543.84385,505,337.98,4464.92214,0,39.00862068965511,-0.04512457316456775,-0.05184646529813829,0.006721892133570544,13.439464703602956,13.201849999999999,12.96423529639704,0.08178571428571438,217860.63999999998,0.03806623524933979,13.176400000000001,0.029921564130373862
2025-11-28 20:15:00,13.14,13.214,13.13,13.192,1026.57,2025-11-28 20:29:59.999,13555.85113,535,815.77,10779.06520,0,51.77777777777779,-0.040141323790948036,-0.04950543699670025,0.009364113205752214,13.393301428244897,13.188550000000001,12.983798571755106,0.08249999999999995,208310.94199999998,0.8485589786713604,13.1852,0.02564566240143862
2025-11-28 20:30:00,13.192,13.214,13.192,13.192,267.39,2025-11-28 20:44:59.999,3528.03924,568,24.94,329.55716,0,56.968215158924295,-0.035779617600327995,-0.0467602731174258,0.010980655517097808,13.350989467308217,13.1772,13.003410532691781,0.08014285714285714,206973.044,0.9411584666003469,13.184999999999999,0.025573423705256056
2025-11-28 20:45:00,13.192,13.214,13.153,13.201,4690.21,2025-11-28 20:59:59.999,61851.65208,550,204.73,2705.09552,0,66.48351648351675,-0.031236632777469353,-0.043655545049434516,0.012418912271965163,13.300421422365241,13.1665,13.032578577634757,0.07671428571428571,207190.9755,0.7556098305602214,13.1846,0.025234896473109135
2025-11-28 21:00:00,13.201,13.214,13.201,13.201,274.63,2025-11-28 21:14:59.999,3626.32925,565,38.70,511.36918,0,68.75000000000003,-0.027321341160954304,-0.040388704271738476,0.013067363110784172,13.254814966711752,13.158150000000001,13.06148503328825,0.06799999999999999,176101.80699999997,0.4948233861145043,13.1852,0.025665151470594665
2025-11-28 21:15:00,13.214,13.214,13.135,13.153,1963.1,2025-11-28 21:29:59.999,25877.33785,516,981.42,12963.72608,0,56.948228882833824,-0.027771510508003416,-0.03786526551899147,0.010093755010988054,13.249673043768952,13.15555,13.061426956231047,0.0685000000000001,90175.995,0.30504079920690097,13.1878,0.01996747355097088
2025-11-28 21:30:00,13.155,13.162,13.132,13.16,41473.33,2025-11-28 21:44:59.999,544695.65800,721,748.06,9829.49713,0,53.52941176470601,-0.02724931828124255,-0.03574207607144169,0.008492757790199139,13.236415565780103,13.15145,13.066484434219898,0.06471428571428588,65732.1955,0.2284843869002236,13.1814,0.023158151912629016
2025-11-28 21:45:00,13.16,13.16,13.11,13.11,531310.71,2025-11-28 21:59:59.999,6972559.69483,958,2622.64,34416.94772,0,49.59128065395093,-0.03051826376419342,-0.034697313609992037,0.004179049845798616,13.234220411811416,13.148150000000001,13.062079588188586,0.06214285714285734,92266.0245,0.030520372348539288,13.165000000000001,0.038032880511573684
2025-11-28 22:00:00,13.109,13.131,13.1,13.122,78006.25,2025-11-28 22:14:59.999,1023640.09256,769,76081.96,998403.84104,0,48.895027624309265,-0.03177435194868039,-0.034112721277729706,0.0023383693290493154,13.234182724557751,13.147499999999999,13.060817275442247,0.058214285714285934,86664.7145,-0.1977487070276833,13.149199999999999,0.035674921163289484
2025-11-28 22:15:00,13.122,13.131,13.1,13.119,1484.24,2025-11-28 22:29:59.999,19472.15180,764,687.58,9027.86249,0,51.90615835777125,-0.03263568198554623,-0.03381731341929301,0.001181631433746784,13.231489553152363,13.1494,13.067310446847637,0.05457142857142878,71360.6285,-0.5609035094368214,13.1328,0.022219360927043182
2025-11-28 22:30:00,13.119,13.152,13.1,13.152,4721.89,2025-11-28 22:44:59.999,61904.39476,687,2346.41,30784.26972,0,50.60240963855415,-0.030306117974706837,-0.03311507433037578,0.00280895635566894,13.226397280770808,13.15355,13.08070271922919,0.05178571428571451,58863.54949999999,-0.386275846398547,13.1326,0.021995454075926433
2025-11-28 22:45:00,13.152,13.185,13.1,13.176,2245.07,2025-11-28 22:59:59.999,29530.27018,587,2219.72,29196.70590,0,47.266881028939,-0.026221062205818768,-0.031736271905464374,0.005515209699645605,13.226501258775677,13.15725,13.087998741224322,0.04814285714285749,54480.56599999999,-0.166691923018641,13.1358,0.027462701979345017
2025-11-28 23:00:00,13.176,13.202,13.1,13.183,733.87,2025-11-28 23:14:59.999,9672.89309,598,661.52,8720.34940,0,46.75324675324683,-0.022163299854630836,-0.029821677495297665,0.0076583776406668295,13.229004686630127,13.159600000000001,13.090195313369875,0.053142857142857505,54497.0105,0.3272450532724449,13.150400000000001,0.029636126602626583
2025-11-28 23:15:00,13.182,13.19,13.1,13.164,3269.32,2025-11-28 23:29:59.999,43068.53220,615,3174.34,41818.44606,0,44.72049689440985,-0.02024723761532421,-0.027906789519302977,0.007659551903978767,13.228002386760199,13.16215,13.096297613239802,0.05792857142857181,53971.1185,-0.21224984839296898,13.1588,0.02519325306520093
2025-11-28 23:30:00,13.164,13.165,13.1,13.142,9906.17,2025-11-28 23:44:59.999,130195.42341,655,7771.14,102221.44197,0,50.34965034965016,-0.020270297255581937,-0.026379491066558767,0.00610919381097683,13.227579736516134,13.162749999999999,13.097920263483864,0.056785714285714536,54386.244999999995,-0.3790175864160151,13.163400000000001,0.0168166584078837
2025-11-28 23:45:00,13.142,13.146,13.1,13.114,5050.58,2025-11-28 23:59:59.999,66168.91749,647,143.19,1880.46049,0,35.11450381679404,-0.022290981620392003,-0.025561789177325416,0.003270807556933413,13.226589237400951,13.163149999999998,13.099710762599045,0.05407142857142893,54611.59949999999,-0.6590409817438053,13.1558,0.028074899821853985
2025-11-29 00:00:00,13.115,13.119,13.1,13.113,280.79,2025-11-29 00:14:59.999,3681.47251,548,171.87,2253.86899,0,34.98098859315587,-0.023699882685466633,-0.02518940787895366,0.001489525193487027,13.228428352209416,13.1614,13.094371647790584,0.05385714285714321,54558.8,-0.6666161654420193,13.143199999999998,0.030752235691192575
2025-11-29 00:15:00,13.113,13.125,13.088,13.111,316990.41,2025-11-29 00:29:59.999,4151515.21218,937,27192.89,356717.36260,0,32.42187500000004,-0.024693182577639305,-0.025090162818690795,0.00039698024105148944,13.226195343971586,13.157300000000001,13.088404656028416,0.05214285714285755,56096.15149999999,-0.31931878658860957,13.128800000000002,0.023445681905333738
2025-11-29 00:30:00,13.112,13.138,13.092,13.114,4023.8,2025-11-29 00:44:59.999,52762.12433,749,2124.36,27881.73937,0,33.20463320463328,-0.02495068895951391,-0.02506226804685542,0.00011157908734150956,13.22080749445457,13.15285,13.084892505545431,0.054500000000000375,50428.1055,-0.3495440729483235,13.118799999999998,0.01302689525580425
2025-11-29 00:45:00,13.114,13.123,13.092,13.123,215.86,2025-11-29 00:59:59.999,2830.47256,575,164.90,2162.51871,0,43.18181818181789,-0.024150151920132146,-0.02487984482151077,0.000729692901378625,13.214807165354012,13.1491,13.08339283464599,0.051071428571428816,50429.11349999999,0.09916094584286729,13.115,0.004636809248346171
2025-11-29 01:00:00,13.123,13.172,13.092,13.172,1748.14,2025-11-29 01:14:59.999,23014.45232,627,1717.32,22609.64022,0,52.29007633587795,-0.019338903220672776,-0.023771656501343174,0.004432753280670398,13.217029639321675,13.1507,13.084370360678326,0.05464285714285731,50484.1165,0.3810394756896869,13.1266,0.025793410011203045
2025-11-29 01:15:00,13.172,13.199,13.154,13.165,449.72,2025-11-29 01:29:59.999,5925.28896,530,387.52,5105.66089,0,62.55707762557064,-0.01590742457328531,-0.022198810115731604,0.006291385542446293,13.213192816847867,13.149350000000002,13.085507183152137,0.054285714285714395,50455.274,0.35063648143912934,13.137,0.029197602641423254
2025-11-29 01:30:00,13.165,13.168,13.145,13.146,368.45,2025-11-29 01:44:59.999,4847.21175,619,101.34,1333.80786,0,55.309734513274556,-0.014553332475491843,-0.020669714587683654,0.0061163821121918115,13.207655627669185,13.147050000000002,13.086444372330819,0.05371428571428576,50460.327,-0.045620437956192604,13.144,0.025347583711406517
2025-11-29 01:45:00,13.165,13.168,13.144,13.148,1809.68,2025-11-29 01:59:59.999,23813.82864,792,782.28,10300.49172,0,56.444444444444485,-0.013167040005988895,-0.019169179671344704,0.006002139665355809,13.19945365803533,13.144400000000001,13.089346341964673,0.05321428571428566,50316.3005,-0.21250758955677343,13.150799999999998,0.01907092027163552
2025-11-29 02:00:00,13.154,13.168,13.148,13.149,1371.15,2025-11-29 02:14:59.999,18045.04119,634,849.77,11189.27564,0,49.2227979274611,-0.011851089609585586,-0.01770556165899288,0.005854472049407294,13.190095581141636,13.1418,13.093504418858364,0.05092857142857137,50371.1265,-0.2579079117044732,13.156,0.011726039399869704
2025-11-29 02:15:00,13.149,13.168,13.148,13.148,2174.31,2025-11-29 02:29:59.999,28613.13514,719,1040.86,13705.70722,0,41.76470588235263,-0.010764791269275875,-0.01631740758104948,0.005552616311773603,13.189652850335921,13.14155,13.09344714966408,0.04628571428571414,50381.68699999999,-0.12154360376785184,13.1512,0.007791020472767451
2025-11-29 02:30:00,13.148,13.154,13.148,13.148,420.93,2025-11-29 02:44:59.999,5534.43690,573,8.21,107.99434,0,39.26380368098134,-0.009791027142034281,-0.015012131493246438,0.005221104351212157,13.188378505751379,13.14095,13.093521494248622,0.03942857142857127,48329.066999999995,0.04565515142292062,13.147799999999998,0.001095445118174421
2025-11-29 02:45:00,13.148,13.168,13.105,13.128,11266.62,2025-11-29 02:59:59.999,147830.26577,641,477.10,6281.72462,0,39.02439024390231,-0.01051196946807309,-0.01411209908821177,0.0036001296201386805,13.187453670211461,13.14185,13.096246329788539,0.03749999999999977,22326.862499999996,0.10675613847795748,13.144199999999998,0.009066421565687878
2025-11-29 03:00:00,13.128,13.168,13.104,13.126,30282.18,2025-11-29 03:14:59.999,398089.97827,751,18504.97,243672.06499,0,44.4444444444443,-0.011116559957498495,-0.013512991262069118,0.002396431304570623,13.187320996872263,13.142050000000001,13.09677900312774,0.03742857142857124,19940.659,0.09913825974223976,13.1398,0.011713240371757626
2025-11-29 03:15:00,13.113,13.133,13.093,13.093,4856.19,2025-11-29 03:29:59.999,63642.41700,711,6.05,79.34312,0,42.9530201342278,-0.014096036153398828,-0.01362960024033506,-0.0004664359130637681,13.190115980187917,13.14075,13.091384019812084,0.036999999999999665,20109.2565,-0.13728929906186166,13.1286,0.0225122189045435
2025-11-29 03:30:00,13.099,13.168,13.056,13.085,57847.69,2025-11-29 03:44:59.999,756651.82416,682,1015.29,13368.04904,0,41.02564102564117,-0.01690792164986732,-0.014285264522241515,-0.0026226571276258045,13.192331153081488,13.1374,13.08246884691851,0.04364285714285681,22765.5465,-0.22113771541863592,13.116,0.026258332011106826
2025-11-29 03:45:00,13.072,13.168,13.066,13.069,57751.25,2025-11-29 03:59:59.999,754805.95237,832,1548.14,20383.85987,0,37.6470588235292,-0.020194636250804976,-0.015467138867954209,-0.004727497382850767,13.191784412191934,13.132050000000001,13.072315587808069,0.048285714285713786,25540.855499999998,-0.41149127486091974,13.100200000000001,0.0259557315443967
2025-11-29 04:00:00,13.069,13.168,13.051,13.051,179031.99,2025-11-29 04:14:59.999,2338836.13158,631,1139.87,15009.27236,0,32.97297297297253,-0.02397545667887968,-0.017168802430139306,-0.006806654248740374,13.190421167693803,13.12545,13.060478832306199,0.05335714285714234,34455.7615,-0.9186152444579444,13.084800000000001,0.02809270367914178
2025-11-29 04:15:00,13.051,13.168,13.043,13.053,196604.59,2025-11-29 04:29:59.999,2565199.25294,713,9003.34,117501.04653,0,30.337078651685715,-0.026504869188865854,-0.019036015781884616,-0.007468853406981238,13.18978381335001,13.119899999999998,13.050016186649986,0.060071428571428144,44122.525,-0.8507406000759462,13.0702,0.018740330840286926
2025-11-29 04:30:00,13.053,13.08,13.043,13.072,1013.49,2025-11-29 04:44:59.999,13230.52974,528,463.35,6052.73244,0,16.216216216214846,-0.026668883329866944,-0.020562589291481085,-0.006106294038385859,13.188596807043576,13.116399999999999,13.044203192956422,0.05699999999999962,43677.890999999996,-0.5629088696181471,13.065999999999999,0.0141421356238448
2025-11-29 04:45:00,13.077,13.12,13.043,13.12,736.77,2025-11-29 04:59:59.999,9638.29828,594,450.23,5898.87526,0,38.09523809523778,-0.022664405710081326,-0.020982952575201136,-0.0016814531348801898,13.188904679830276,13.1167,13.044495320169723,0.05928571428571391,43462.2005,-0.212960146029818,13.073000000000002,0.027883686987260597
2025-11-29 05:00:00,13.12,13.137,13.043,13.103,710.76,2025-11-29 05:14:59.999,9322.71008,652,641.89,8419.81333,0,38.5026737967909,-0.020624835999882407,-0.020911329260137394,0.0002864932602549865,13.188650636551802,13.116200000000001,13.0437493634482,0.06435714285714259,43483.699,-0.34983648946687484,13.0798,0.030670833050372867
2025-11-29 05:15:00,13.101,13.128,13.043,13.117,1173.57,2025-11-29 05:29:59.999,15362.34994,689,735.13,9639.73821,0,42.21105527638213,-0.01767503254032121,-0.02026406991617416,0.0025890373758529484,13.188909653325062,13.116499999999998,13.044090346674935,0.06871428571428558,27692.857,-0.23577730453299978,13.093,0.029351320242954514
2025-11-29 05:30:00,13.117,13.132,13.043,13.101,270.57,2025-11-29 05:44:59.999,3549.67488,606,207.84,2727.15255,0,38.7850467289723,-0.016438861367841895,-0.01949902820650771,0.0030601668386658135,13.1885868002127,13.11585,13.0431131997873,0.07364285714285705,27505.1955,-0.3574688165500367,13.1026,0.019034179782825587
2025-11-29 05:45:00,13.112,13.113,13.043,13.078,573.66,2025-11-29 05:59:59.999,7499.35241,572,305.98,4004.88752,0,35.16949152542371,-0.017117771573246898,-0.019022776879855548,0.0019050053066086495,13.188166536871256,13.1136,13.039033463128744,0.07721428571428568,27523.085499999997,-0.3808653260207245,13.103800000000001,0.016664333170126246
2025-11-29 06:00:00,13.078,13.108,13.043,13.105,1403.66,2025-11-29 06:14:59.999,18362.50980,517,1162.28,15211.17043,0,41.8250950570344,-0.015300760804567659,-0.01827837366479797,0.0029776128602303116,13.179607578418878,13.110249999999999,13.04089242158112,0.08142857142857148,27505.8615,-0.15998781045252947,13.100800000000001,0.014184498581367963
2025-11-29 06:15:00,13.105,13.109,13.034,13.045,148891.39,2025-11-29 06:29:59.999,1941771.38927,642,846.32,11041.78568,0,36.30363036303638,-0.018489134010819086,-0.018320525734002193,-0.00016860827681689297,13.174422344229464,13.104249999999999,13.034077655770533,0.08228571428571436,34927.945,-0.36660811120446074,13.0892,0.028464012366569535
2025-11-29 06:30:00,13.045,13.052,13.017,13.049,3322.22,2025-11-29 06:44:59.999,43356.32790,662,3017.50,39383.83971,0,37.377049180327944,-0.020457356505623636,-0.018747891888326484,-0.0017094646172971517,13.170819885185589,13.0994,13.02798011481441,0.0802142857142858,35075.633499999996,-0.27512418800153887,13.0756,0.02810338057962941
2025-11-29 06:45:00,13.05,13.064,13.017,13.06,550.51,2025-11-29 06:59:59.999,7186.04994,512,347.67,4540.57752,0,44.16961130742065,-0.020888786021432182,-0.019176070714947625,-0.0017127153064845566,13.164633627689408,13.095000000000002,13.025366372310597,0.08071428571428589,35012.675,-0.0688652536536869,13.067400000000001,0.024602845363961935
2025-11-29 07:00:00,13.06,13.105,13.017,13.105,17585.87,2025-11-29 07:14:59.999,229835.76954,587,11414.57,149501.99399,0,53.12499999999989,-0.017399008166050223,-0.018820658205168147,0.0014216500391179242,13.157881649122896,13.0928,13.027718350877105,0.07900000000000025,35823.411,0.41376139759405617,13.0728,0.029903177088786703
2025-11-29 07:15:00,13.106,13.144,13.017,13.123,658803.0,2025-11-29 07:29:59.999,8642574.12125,881,649694.36,8523548.60111,0,58.385093167701555,-0.013030674995409441,-0.017662661563216407,0.004631986567806966,13.153028194678905,13.091550000000002,13.030071805321098,0.08078571428571468,68654.8455,0.5362751857810351,13.076400000000001,0.035338364421737656
2025-11-29 07:30:00,13.126,13.129,13.095,13.104,6447.75,2025-11-29 07:44:59.999,84566.58788,685,1398.61,18348.68123,0,58.204334365324875,-0.010975363536983807,-0.01632520195796989,0.005349838420986082,13.145215534049733,13.089350000000001,13.03348446595027,0.07485714285714325,68956.1865,0.24479804161566732,13.0882,0.03191708006701464
2025-11-29 07:45:00,13.104,13.12,13.084,13.104,1128.28,2025-11-29 07:59:59.999,14793.59788,790,695.24,9121.16491,0,57.94392523364457,-0.009240001413861165,-0.014908161849148144,0.0056681604352869785,13.141494066901664,13.088149999999999,13.034805933098333,0.06850000000000035,68449.2695,-0.12195121951219523,13.099200000000002,0.023360222601783293
2025-11-29 08:00:00,13.104,13.12,13.076,13.118,7959.19,2025-11-29 08:14:59.999,104300.12400,836,4336.26,56889.36437,0,57.27848101265831,-0.006658278936615858,-0.013258185266641687,0.006599906330025829,13.140007963381358,13.08775,13.035492036618642,0.0690000000000002,67333.12,0.11447760054949684,13.110800000000001,0.009038805231089417
2025-11-29 08:15:00,13.103,13.12,13.083,13.083,10197.2,2025-11-29 08:29:59.999,133670.65790,716,5213.33,68396.92347,0,43.894389438944145,-0.007351706865422969,-0.012076889586397943,0.004725182720974974,13.139487816508826,13.087250000000001,13.035012183491176,0.06614285714285728,67600.1705,-0.2592056110391149,13.106399999999999,0.015565988564987468
2025-11-29 08:30:00,13.083,13.107,13.067,13.067,35340.37,2025-11-29 08:44:59.999,462535.93673,743,16100.70,211015.87699,0,44.03973509933791,-0.009087563996365233,-0.011479024468391403,0.0023914604720261697,13.139365489295004,13.08635,13.033334510704995,0.06228571428571428,66474.8045,-0.2595221738798618,13.0952,0.020117156856890098
2025-11-29 08:45:00,13.071,13.107,13.053,13.063,743.89,2025-11-29 08:59:59.999,9730.82644,780,303.42,3976.04440,0,40.7534246575343,-0.010663092358255355,-0.011315838046364195,0.0006527456881088405,13.139544613599279,13.08605,13.032555386400722,0.060071428571428394,63624.436499999996,-0.11469643676402196,13.087,0.023674881203593765
2025-11-29 09:00:00,13.064,13.107,13.05,13.052,1004.58,2025-11-29 09:14:59.999,13118.62329,773,46.20,604.48463,0,41.46341463414625,-0.012653456831436927,-0.011583361803378742,-0.0010700950280581843,13.139458371315092,13.086099999999998,13.032741628684905,0.05778571428571398,54723.066000000006,-0.4044257916825702,13.0766,0.025676837811609853
2025-11-29 09:15:00,13.065,13.107,13.044,13.049,710.44,2025-11-29 09:29:59.999,9286.63639,861,242.29,3175.10190,0,44.56928838951319,-0.014307976497530461,-0.012128284742209087,-0.002179691755321374,13.139807913684546,13.0859,13.031992086315455,0.05728571428571388,44928.358499999995,0.030663089306244225,13.0628,0.013535139452659564
2025-11-29 09:30:00,13.061,13.107,13.038,13.054,3883.86,2025-11-29 09:44:59.999,50746.27002,858,1537.88,20155.43970,0,39.59183673469396,-0.01504233832712032,-0.012711095459191335,-0.0023312428679289846,13.140463596405585,13.084999999999999,13.029536403594413,0.057571428571428,45071.877,0.03831711242241384,13.056999999999999,0.007648529270560201
2025-11-29 09:45:00,13.053,13.107,13.052,13.069,1318.38,2025-11-29 09:59:59.999,17262.92827,835,853.88,11191.32836,0,56.00000000000014,-0.014249689181330183,-0.013018814203619104,-0.0012308749777110786,13.135786962595125,13.08245,13.029113037404874,0.056142857142856606,45100.9575,0.06891271056661823,13.057400000000001,0.00832466215546553
2025-11-29 10:00:00,13.069,13.107,13.064,13.076,23497.18,2025-11-29 10:14:59.999,306996.95380,767,91.29,1195.56710,0,56.650246305418875,-0.012907873592109098,-0.012996626081317105,8.875248920800667e-05,13.133607242607498,13.081100000000001,13.028592757392504,0.05671428571428511,46240.2785,-0.2212895841281947,13.059999999999999,0.011811011811135776
2025-11-29 10:15:00,13.088,13.111,13.044,13.111,34169.52,2025-11-29 10:29:59.999,447907.30217,669,33676.43,441457.68363,0,61.23348017621138,-0.008917472505487467,-0.012180795366151178,0.0032633228606637112,13.132506051767665,13.0808,13.029093948232335,0.05814285714285651,47890.076,-0.09144250552464131,13.0718,0.024488772937888193
2025-11-29 10:30:00,13.109,13.138,13.108,13.127,176437.02,2025-11-29 10:44:59.999,2315101.85596,620,176100.84,2310689.95618,0,55.55555555555556,-0.004413112993116641,-0.010627258891544271,0.00621414589842763,13.137144097154058,13.0821,13.027055902845943,0.05399999999999926,56698.398499999996,0.1755189255189367,13.087399999999999,0.030451600943206925
2025-11-29 10:45:00,13.128,13.135,13.117,13.117,203219.27,2025-11-29 10:59:59.999,2666489.13403,793,3128.50,41076.00671,0,48.42105263157938,-0.0016314853068610802,-0.008828104174607634,0.0071966188677465535,13.141205282483035,13.08405,13.026894717516964,0.04621428571428484,66830.679,0.09920634920636201,13.1,0.02586503431285244
2025-11-29 11:00:00,13.117,13.125,13.108,13.125,3961.44,2025-11-29 11:14:59.999,51975.48265,744,2014.93,26444.65636,0,55.86592178770965,0.0012046216872914073,-0.006821559002227825,0.008026180689519232,13.144406106411616,13.08505,13.025693893588386,0.044999999999999166,66958.568,0.05336179295624084,13.111200000000002,0.020692993983608448
2025-11-29 11:15:00,13.115,13.125,13.108,13.125,3710.35,2025-11-29 11:29:59.999,48647.74898,637,510.08,6694.65470,0,55.86592178770965,0.0034129149540795822,-0.004774664210966343,0.008187579165045925,13.147821546999948,13.08905,13.030278453000053,0.0436428571428563,59699.51599999999,0.3210272873194207,13.121,0.006782329983581978
2025-11-29 11:30:00,13.113,13.148,13.108,13.143,113342.45,2025-11-29 11:44:59.999,1488621.04802,641,112691.60,1480086.27887,0,56.83060109289622,0.006540063069607527,-0.0025117187548515684,0.009051781824459095,13.154050562971342,13.09375,13.033449437028658,0.043357142857142046,65200.527500000004,0.5816178158720481,13.1274,0.009528903400002106
2025-11-29 11:45:00,13.143,13.153,13.141,13.153,53146.67,2025-11-29 11:59:59.999,698915.43462,772,50745.36,667348.70201,0,72.15189873417714,0.009713298053915409,-6.671539309817227e-05,0.009780013447013581,13.161995431811505,13.098400000000002,13.034804568188498,0.041571428571427864,67830.3355,0.6889688432978631,13.132600000000002,0.014859340497036784
2025-11-29 12:00:00,13.149,13.158,13.13,13.13,25279.61,2025-11-29 12:14:59.999,332372.87076,804,15796.31,207795.27786,0,69.09090909090918,0.010254000129325647,0.0019974277113865924,0.008256572417939055,13.16475647150247,13.09965,13.034543528497531,0.040714285714284974,68215.02249999999,0.5976095617529972,13.135200000000001,0.012377398757696778
2025-11-29 12:15:00,13.13,13.158,13.108,13.108,6988.02,2025-11-29 12:29:59.999,91933.14658,619,6650.27,87504.17286,0,62.295081967212994,0.008805786654169978,0.00335909949994327,0.005446687154226708,13.163214686870818,13.0989,13.034585313129183,0.04042857142857072,35624.273499999996,0.45214192658442065,13.131800000000002,0.01725398504713711
2025-11-29 12:30:00,13.108,13.158,13.108,13.108,801.08,2025-11-29 12:44:59.999,10503.89895,633,63.38,833.79444,0,66.27906976744208,0.007570795622021009,0.004201438724358818,0.0033693568976621915,13.163506276254537,13.099100000000002,13.034693723745466,0.039928571428570744,35341.939999999995,0.41366630917726577,13.1284,0.020329781110642455
2025-11-29 12:45:00,13.158,13.158,13.099,13.099,914.2,2025-11-29 12:59:59.999,12008.49463,742,498.10,6553.64188,0,64.04494382022486,0.005798984464389534,0.0045209478723649615,0.0012780365920245724,13.16321499538959,13.098849999999999,13.034485004610408,0.03964285714285649,35331.236,0.22955084551227606,13.1196,0.021892921230528675
2025-11-29 13:00:00,13.103,13.158,13.083,13.083,1887.27,2025-11-29 13:14:59.999,24732.44262,802,435.90,5734.76147,0,57.67195767195764,0.00306837476009747,0.0042304332499114635,-0.0011620584898139937,13.16117528466723,13.097100000000001,13.033024715332772,0.04007142857142793,35027.64,0.053533190578155955,13.1056,0.017038192392543533
2025-11-29 13:15:00,13.095,13.158,13.078,13.128,1787.95,2025-11-29 13:29:59.999,23475.05650,870,1062.65,13981.33876,0,63.47031963470307,0.004483784538672708,0.004281103507663713,0.0002026810310089954,13.164492031058675,13.099350000000001,13.034207968941327,0.041857142857142246,34607.1775,0.12966211578063808,13.1052,0.016330952207550244
2025-11-29 13:30:00,13.158,13.158,13.078,13.098,1136.28,2025-11-29 13:44:59.999,14905.65001,774,396.19,5212.49441,0,54.545454545454625,0.0031484641710157746,0.0040545756403341255,-0.0009061114693183509,13.164251650166905,13.100900000000001,13.037548349833097,0.04449999999999944,32896.973,-0.22091871714786251,13.103199999999998,0.01651363073358427
2025-11-29 13:45:00,13.096,13.158,13.082,13.082,5037.12,2025-11-29 13:59:59.999,66121.94724,784,2434.03,32024.19891,0,43.49775784753361,0.0007900397898517042,0.003401668470237641,-0.0026116286803859368,13.163351476233258,13.101850000000002,13.040348523766747,0.045142857142856485,33111.6345,-0.26682930548143735,13.098000000000003,0.018587630295572376
2025-11-29 14:00:00,13.094,13.158,13.043,13.045,260117.76,2025-11-29 14:14:59.999,3394424.38733,801,759.00,9962.88576,0,33.196721311475244,-0.004018298853965874,0.0019176750053969376,-0.005935973859362812,13.164262711020632,13.101500000000001,13.038737288979371,0.051214285714285115,46067.2935,-0.60952380952381,13.0872,0.03002831996639658
2025-11-29 14:15:00,13.045,13.098,13.043,13.095,18191.34,2025-11-29 14:29:59.999,237720.87484,547,16029.71,209525.80795,0,46.126760563380245,-0.003751119172012096,0.0007839161699151306,-0.004535035341927227,13.161640433862443,13.103800000000001,13.04595956613756,0.053857142857142444,46941.3385,-0.22857142857142368,13.0896,0.030088203668621156
2025-11-29 14:30:00,13.095,13.103,13.043,13.089,339.07,2025-11-29 14:44:59.999,4435.68364,623,181.82,2380.57380,0,43.61702127659586,-0.003977675043165263,-0.00016840207270094832,-0.0038092729704643146,13.158997367124611,13.10555,13.052102632875387,0.05692857142857109,46764.098999999995,-0.41086509929240106,13.081800000000001,0.021463923220231367
2025-11-29 14:45:00,13.089,13.113,13.043,13.082,12546.31,2025-11-29 14:59:59.999,163960.34599,645,7013.83,91795.68329,0,42.56055363321816,-0.004668251010100377,-0.0010683718601808346,-0.0035998791499195423,13.158068660043018,13.106200000000001,13.054331339956985,0.060714285714285436,47325.495500000005,-0.5398008058997926,13.0786,0.01955249344722582
2025-11-29 15:00:00,13.082,13.121,13.043,13.12,9138.81,2025-11-29 15:14:59.999,119443.98690,613,3945.56,51706.54210,0,46.27831715210332,-0.0021247620837954173,-0.0012796499049037512,-0.0008451121788916661,13.158580306473908,13.1084,13.058219693526091,0.06342857142857129,46607.577000000005,-0.07616146230008806,13.0862,0.027123790295683216
2025-11-29 15:15:00,13.121,13.198,13.043,13.152,1334948.85,2025-11-29 15:29:59.999,17556456.60873,615,1334517.80,17550787.42289,0,49.84894259818712,0.0024449202611318555,-0.0005347358716966298,0.002979656132828485,13.164293731003166,13.11045,13.056606268996834,0.07364285714285705,111646.5435,0.33567287152882747,13.1076,0.02865833212183344
2025-11-29 15:30:00,13.15,13.198,13.138,13.15,2061.57,2025-11-29 15:44:59.999,27196.10891,538,1842.12,24310.78356,0,53.225806451612854,0.005837749217855404,0.0007397611462137773,0.005097988071641626,13.167860297302376,13.111600000000001,13.055339702697626,0.07592857142857147,102927.77100000001,0.3204150137320706,13.1186,0.03286031040641468
2025-11-29 15:45:00,13.15,13.198,13.15,13.166,1253.24,2025-11-29 15:59:59.999,16491.10601,433,6.63,87.50274,0,59.53947368421054,0.00970577476266321,0.0025329638695036644,0.007172810893159546,13.175342997796378,13.11405,13.052757002203624,0.07578571428571441,92829.4695,0.5114894266737933,13.134,0.033555923471225976
2025-11-29 16:00:00,13.164,13.198,13.133,13.135,414998.69,2025-11-29 16:14:59.999,5453489.02530,1060,292.60,3846.36786,0,54.02985074626856,0.0101527375141508,0.004056918598433093,0.006095818915717708,13.17637990249082,13.11455,13.052720097509178,0.07685714285714315,113381.33200000001,0.39746235572880534,13.1446,0.017601136327162384
2025-11-29 16:15:00,13.134,13.151,13.097,13.102,1726.74,2025-11-29 16:29:59.999,22666.82932,1070,732.11,9625.65789,0,50.417827298050156,0.007754742661166603,0.004796483410979795,0.0029582592501868074,13.175267090137043,13.113400000000002,13.051532909862962,0.07650000000000036,113282.1515,-0.1980499695307724,13.141,0.024413111231613712
2025-11-29 16:30:00,13.102,13.151,13.097,13.126,7573.69,2025-11-29 16:44:59.999,99409.12356,1555,3496.42,45977.26145,0,55.858310626702945,0.007702128543742859,0.005377612437532408,0.0023245161062104506,13.173159101278724,13.112550000000002,13.05194089872128,0.07500000000000043,107993.71350000003,0.21377309512901735,13.1358,0.024252834885985685
2025-11-29 16:45:00,13.112,13.151,13.097,13.142,1028.45,2025-11-29 16:59:59.999,13504.99369,1369,285.13,3748.36177,0,52.07100591715969,0.008849486388568195,0.006071987227739566,0.002777499160828629,13.171247918017375,13.112,13.052752081982625,0.07314285714285759,105387.80250000002,0.4586454670539575,13.134199999999998,0.023328094650159538
2025-11-29 17:00:00,13.142,13.151,13.092,13.111,6505.07,2025-11-29 17:14:59.999,85250.80511,1333,626.05,8231.53897,0,51.91740412979351,0.0071746301543029745,0.006292515813052248,0.0008821143412507263,13.169688859038983,13.11105,13.052411140961018,0.07164285714285754,104449.0755,0.5059409735530911,13.1232,0.01657407614336959
2025-11-29 17:15:00,13.111,13.151,13.057,13.068,1695.88,2025-11-29 17:29:59.999,22245.11409,1381,870.60,11446.72922,0,48.08743169398891,0.002350459256749815,0.005504104501791762,-0.003153645245041947,13.17077425949695,13.10905,13.04732574050305,0.07292857142857187,104184.46850000002,-0.2061855670103171,13.109800000000002,0.027878306978823444
2025-11-29 17:30:00,13.068,13.151,13.01,13.029,632223.59,2025-11-29 17:44:59.999,8238472.76990,1356,2537.80,33206.01989,0,47.82608695652172,-0.0045670587884192315,0.003489871843749563,-0.008056930632168795,13.17646533140284,13.105099999999998,13.033734668597157,0.0747857142857147,135755.59399999998,-0.45840018336007715,13.0952,0.0461269986017375
2025-11-29 17:45:00,13.028,13.04,12.981,12.989,277669.83,2025-11-29 17:59:59.999,3607537.52703,1372,1713.80,22279.66246,0,35.19553072625679,-0.013125603595447899,0.00016677675591006974,-0.013292380351357968,13.18789233739135,13.0996,13.011307662608651,0.07507142857142883,149593.3755,-0.710900473933649,13.0678,0.06141416774656409
2025-11-29 18:00:00,12.989,13.001,12.945,12.968,127782.74,2025-11-29 18:14:59.999,1658448.60173,1182,773.32,10046.06813,0,33.7801608579086,-0.021356650340607075,-0.004137908663393361,-0.017218741677213715,13.199889267800724,13.09385,12.987810732199275,0.07478571428571446,155888.149,-1.158536585365848,13.033000000000001,0.05806461917554608
2025-11-29 18:15:00,12.968,13.001,12.944,12.967,1220.6,2025-11-29 18:29:59.999,15825.48300,1020,664.12,8612.52248,0,34.33242506811966,-0.02764186758720477,-0.008838700448155646,-0.018803167139049125,13.204600318978528,13.0858,12.966999681021473,0.07385714285714291,155859.7815,-1.406630170316292,13.0042,0.043619949564385786
2025-11-29 18:30:00,12.967,13.016,12.967,13.016,12223.97,2025-11-29 18:44:59.999,158892.62694,935,9791.87,127305.87945,0,36.24338624338622,-0.02834234414693526,-0.01273942918791157,-0.015602914959023691,13.204325832257195,13.081700000000001,12.959074167742807,0.07178571428571422,156414.166,-1.019011406844109,12.993800000000002,0.02801249721104852
2025-11-29 18:45:00,13.016,13.03,12.991,13.03,6074.99,2025-11-29 18:59:59.999,79107.85545,1097,3849.40,50155.10543,0,33.05555555555537,-0.0274513517746815,-0.015681813705265557,-0.011769538069415941,13.203885120570192,13.0791,12.954314879429809,0.06349999999999982,156466.05950000003,-1.0329636943642793,12.994,0.028328430948413055
2025-11-29 19:00:00,13.03,13.033,13.009,13.023,34163.28,2025-11-29 19:14:59.999,445153.93579,1105,30495.73,397424.63395,0,32.60273972602714,-0.02699884946850517,-0.01794522085791348,-0.00905362861059169,13.204427845033948,13.078,12.951572154966051,0.06092857142857116,145168.3355,-0.8526836695850788,13.000800000000002,0.03080097401056344
2025-11-29 19:15:00,13.022,13.033,13.014,13.02,15972.61,2025-11-29 19:29:59.999,208068.76779,1181,8562.22,111582.01147,0,29.261363636363342,-0.02657596191274436,-0.01967136906887966,-0.006904592843864701,13.202982893600145,13.074250000000001,12.945517106399857,0.058857142857142594,145057.39900000003,-0.6258586475347332,13.011199999999999,0.025232915011944093
2025-11-29 19:30:00,13.019,13.024,12.992,13.008,463630.44,2025-11-29 19:44:59.999,6031214.67691,1428,8405.53,109321.73210,0,30.930930930930643,-0.026899044746119927,-0.021116904204327717,-0.00578214054179221,13.202038178321335,13.0702,12.938361821678665,0.056499999999999516,168221.9675,-0.8989791253999722,13.0194,0.008173126696710047
2025-11-29 19:45:00,13.005,13.017,12.992,13.014,61483.78,2025-11-29 19:59:59.999,799896.59516,1072,53283.60,693347.07495,0,35.62091503267946,-0.02636699802302367,-0.02216692296806691,-0.004200075054956759,13.200845710977674,13.0668,12.932754289022327,0.05442857142857083,170668.84100000001,-0.9739765636889373,13.019,0.008426149773203304
2025-11-29 20:00:00,13.014,13.015,12.978,12.978,743.02,2025-11-29 20:14:59.999,9656.77546,1099,59.51,774.01518,0,26.72955974842756,-0.028521468561645946,-0.02343783208678272,-0.005083636474863228,13.196886925876747,13.059700000000001,12.922513074123255,0.05321428571428515,170249.0515,-1.0144153764015018,13.008599999999998,0.018049930747785603
2025-11-29 20:15:00,12.978,13.015,12.971,12.987,1404.36,2025-11-29 20:29:59.999,18240.84954,1503,260.12,3382.82711,0,25.08038585208999,-0.02916646435616066,-0.02458355854065831,-0.004582905815502348,13.185064488656291,13.051449999999999,12.917835511343707,0.05249999999999945,103571.827,-0.6198347107437979,13.0014,0.018049930747774
2025-11-29 20:30:00,12.987,13.015,12.984,13.013,944.88,2025-11-29 20:44:59.999,12280.16139,1281,140.26,1824.81932,0,33.986928104574986,-0.02726534750734899,-0.025119916333996448,-0.002145431173352544,13.170781823697057,13.044599999999999,12.918418176302941,0.050499999999999545,103515.9925,-0.12280297797221593,13.0,0.01644688420337917
2025-11-29 20:45:00,13.0,13.04,12.993,13.035,110390.78,2025-11-29 20:59:59.999,1437565.63641,1216,67476.67,878638.08335,0,44.21052631578954,-0.023710166528850607,-0.02483796637296728,0.0011277998441166746,13.150557262923176,13.038050000000002,12.925542737076828,0.047142857142856646,108972.86949999999,0.3541458156901946,13.0054,0.022897598127307676
2025-11-29 21:00:00,13.035,13.04,13.017,13.022,1012.84,2025-11-29 21:14:59.999,13199.34101,1041,547.36,7137.53645,0,48.6486486486487,-0.021691604035396495,-0.024208693905453126,0.002517089870056631,13.13535098476021,13.032399999999999,12.929449015239788,0.038714285714285195,88273.577,0.4164096236890829,13.007,0.023906066175759296
2025-11-29 21:15:00,13.022,13.04,13.022,13.03,2101.67,2025-11-29 21:29:59.999,27389.14042,1412,894.09,11658.08232,0,59.030837004405036,-0.019224734799379917,-0.023211902084238487,0.0039871672848585706,13.126399827436988,13.0288,12.931200172563013,0.03578571428571374,88292.3235,0.48584869283565074,13.0174,0.018928814014628377
2025-11-29 21:30:00,13.03,13.04,13.024,13.03,4486.55,2025-11-29 21:44:59.999,58494.70722,1245,3612.54,47107.27735,0,65.04854368932041,-0.017072917195100956,-0.021984105106410985,0.004911187911310028,13.110255434611052,13.024000000000001,12.93774456538895,0.03292857142857094,88137.96650000001,0.10755992624461698,13.026,0.008631338250868807
2025-11-29 21:45:00,13.023,13.04,13.019,13.022,176284.71,2025-11-29 21:59:59.999,2296136.90237,1241,653.63,8516.26325,0,62.91079812206581,-0.01583063369094795,-0.02075341082331838,0.00492277713237043,13.084014352505987,13.018,12.951985647494014,0.0303571428571424,96900.7795,-0.06139677666921811,13.0278,0.005674504383733711
2025-11-29 22:00:00,13.022,13.027,13.008,13.01,2686.57,2025-11-29 22:14:59.999,34978.80237,1549,1004.83,13088.64561,0,48.29545454545447,-0.015634193524547868,-0.01972956736356428,0.004095373839016411,13.062378204179039,13.01295,12.963521795820961,0.028214285714285303,96709.8545,-0.09982338938800507,13.0228,0.008197560612810946
2025-11-29 22:15:00,13.01,13.027,13.01,13.01,677.76,2025-11-29 22:29:59.999,8819.40804,1081,92.23,1201.47739,0,43.82716049382726,-0.015302119963701344,-0.018844077883591694,0.0035419579198903497,13.052140003813223,13.010050000000001,12.96795999618678,0.026642857142856715,96658.9485,-0.0768049155145913,13.020399999999999,0.010039920318437005
2025-11-29 22:30:00,13.01,13.027,12.961,12.975,2790.9,2025-11-29 22:44:59.999,36260.77936,1445,711.61,9268.29782,0,37.36842105263153,-0.017659588028980266,-0.01860717991266941,0.0009475918836891438,13.051212344477955,13.007349999999999,12.963487655522043,0.0296428571428567,65187.314,-0.25369003690036496,13.0094,0.021019038988495244
2025-11-29 22:45:00,12.975,13.027,12.968,12.972,1652.65,2025-11-29 22:59:59.999,21468.73164,1436,484.12,6305.90048,0,37.36842105263153,-0.019544674541332796,-0.01879467883840209,-0.0007499957029307065,13.052467952222434,13.006499999999999,12.960532047777564,0.032499999999999495,51386.455,-0.3227293683725205,12.997800000000002,0.022742031571501464
2025-11-29 23:00:00,12.972,13.027,12.96,12.96,1709.72,2025-11-29 23:14:59.999,22189.24182,1302,431.12,5614.99847,0,37.36842105263188,-0.021756127796979996,-0.01938696863011767,-0.002369159166862325,13.053592492480922,13.0061,12.958607507519078,0.03499999999999951,45082.804,-0.13869625520110113,12.985400000000002,0.023147354060418103
2025-11-29 23:15:00,12.96,13.027,12.954,13.002,2710.59,2025-11-29 23:29:59.999,35274.03902,1399,1197.04,15591.46046,0,47.345132743363095,-0.01989038743833227,-0.01948765239176059,-0.00040273504657167836,13.051717143920413,13.00785,12.963982856079586,0.03842857142857094,45157.303499999995,0.11550011550011989,12.983799999999999,0.021217916957096832
2025-11-29 23:30:00,13.011,13.027,12.987,12.99,2231.57,2025-11-29 23:44:59.999,29020.98403,1220,817.08,10642.98820,0,52.97029702970312,-0.019159218924425403,-0.019421965698293554,0.0002627467738681513,13.050938120743087,13.006549999999999,12.96216187925691,0.038642857142856535,44657.6835,-0.17674633059248204,12.979800000000001,0.016376812876686363
2025-11-29 23:45:00,12.99,13.027,12.981,12.981,11514.53,2025-11-29 23:59:59.999,149746.40806,1239,5204.05,67792.79272,0,48.51485148514845,-0.01908597614088592,-0.019354767786812027,0.0002687916459261086,13.048447432132962,13.0041,12.959752567867037,0.0387857142857136,44929.6605,-0.41426927502877076,12.981,0.01615549442134398
2025-11-30 00:00:00,12.981,13.027,12.974,13.027,2981.08,2025-11-30 00:14:59.999,38776.35002,1722,1661.94,21644.41337,0,53.153153153153035,-0.015141572522546554,-0.018512128733958935,0.003370556211412381,13.049040656183555,13.0043,12.959559343816446,0.04035714285714206,43370.5505,0.03839655966824608,12.992,0.024869660230866134
2025-11-30 00:15:00,13.015,13.029,13.002,13.004,6535.49,2025-11-30 00:29:59.999,85122.43618,1639,5413.04,70522.93480,0,43.04932735425987,-0.01371343210906062,-0.017552389408979272,0.003838957299918653,13.0476266120916,13.003499999999999,12.959373387908398,0.03892857142857066,42898.6945,-0.1995395241749793,13.000800000000002,0.017369513522239755
2025-11-30 00:30:00,13.004,13.029,12.984,12.996,2922.87,2025-11-30 00:44:59.999,38019.28624,1252,993.38,12942.13099,0,44.036697247706364,-0.013076416889274967,-0.016657194905038412,0.003580778015763446,13.047095260521662,13.0029,12.958704739478339,0.04049999999999925,19863.316,-0.2609363008441974,12.999600000000001,0.017472836060559615
2025-11-30 00:45:00,12.996,13.029,12.985,13.005,1949.32,2025-11-30 00:59:59.999,25367.16931,1160,1136.34,14804.39460,0,44.29223744292264,-0.011710363177030558,-0.015667828559436842,0.003957465382406284,13.046351684417376,13.00245,12.958548315582624,0.04235714285714222,16886.593,-0.1305483028720585,13.002600000000001,0.016682325976895136
2025-11-30 01:00:00,13.005,13.083,12.99,13.061,3760.72,2025-11-30 01:14:59.999,49013.23172,1019,2631.44,34332.01702,0,55.636363636363804,-0.006039405275107157,-0.013742143902570905,0.007702738627463748,13.056104492086954,13.0066,12.957095507913047,0.04785714285714222,17037.478,0.3920061491160658,13.018600000000001,0.026349573051577608
2025-11-30 01:15:00,13.061,13.083,12.99,13.051,2435.92,2025-11-30 01:29:59.999,31721.41968,1275,606.67,7933.82337,0,55.234657039711216,-0.002325242756219481,-0.01145876367330062,0.00913352091708114,13.06216149650014,13.009800000000002,12.957438503499864,0.05299999999999943,17089.056,0.3151421983089959,13.0234,0.030171178299839802
2025-11-30 01:30:00,13.05,13.083,12.99,13.063,3617.7,2025-11-30 01:44:59.999,47150.71328,1179,1383.97,18104.07579,0,59.56678700361034,0.001568477083436548,-0.008853315521953188,0.010421792605389736,13.069824731522937,13.0123,12.954775268477063,0.058285714285713705,17222.697,0.6782273603082927,13.0352,0.03215898008335211
2025-11-30 01:45:00,13.063,13.067,12.99,13.058,1332.39,2025-11-30 01:59:59.999,17343.57168,1294,378.27,4940.11385,0,58.51063829787239,0.004202377503871091,-0.006242176916788331,0.010444554420659422,13.07373869144154,13.01345,12.953161308558462,0.06257142857142803,11769.7775,0.6629663891458549,13.0476,0.02424458702478114
2025-11-30 02:00:00,13.058,13.115,12.99,13.096,101150.77,2025-11-30 02:14:59.999,1325823.79423,1278,99525.42,1304535.59580,0,71.2280701754388,0.009249423388780542,-0.0031438568556745564,0.012393280244455098,13.087834696474781,13.017149999999997,12.946465303525214,0.06678571428571381,16776.674,1.0493827160493767,13.065800000000001,0.01748427865264472
2025-11-30 02:15:00,13.096,13.115,13.063,13.067,1919.82,2025-11-30 02:29:59.999,25121.02186,1142,378.81,4967.90166,0,65.27331189710631,0.01078486476996332,-0.00035811253054698043,0.0111429773005103,13.092961583199767,13.019,12.945038416800234,0.06628571428571384,16767.5815,0.4999230887555722,13.067000000000002,0.01727715254326951
2025-11-30 02:30:00,13.067,13.115,13.02,13.036,5711.86,2025-11-30 02:44:59.999,74672.38116,1201,2285.29,29968.21546,0,61.515151515151324,0.009392006994309199,0.001591911374424256,0.007800095619884943,13.093497744326228,13.019300000000001,12.945102255673774,0.06828571428571399,16828.847,0.35411855273286663,13.063999999999998,0.02152905014168593
2025-11-30 02:45:00,13.023,13.115,13.009,13.01,4221.35,2025-11-30 02:59:59.999,55102.86563,1308,1586.30,20800.11486,0,51.27388535031833,0.006119631164446915,0.0024974553324287885,0.0036221758320181263,13.092999819366115,13.0187,12.944400180633886,0.07064285714285694,8225.679,0.22340343579077046,13.0534,0.03243146620186291
2025-11-30 03:00:00,13.009,13.115,12.982,12.989,253964.24,2025-11-30 03:14:59.999,3300595.65317,1266,2360.14,30897.00406,0,49.84520123839018,0.001810850885613391,0.002360134443065709,-0.000549283557452318,13.093052847914564,13.01765,12.942247152085436,0.07728571428571421,20789.5625,-0.29170185000382653,13.039600000000002,0.042956955199381815
2025-11-30 03:15:00,12.989,13.0,12.944,12.981,2130.34,2025-11-30 03:29:59.999,27656.66699,1246,738.49,9598.96156,0,50.0,-0.0022237872346781984,0.0014433501075169274,-0.0036671373421951255,13.093318091262319,13.016200000000001,12.939081908737684,0.07799999999999992,20862.1915,-0.17686865579821354,13.0166,0.035317134651614554
2025-11-30 03:30:00,12.981,13.059,12.979,13.059,421223.83,2025-11-30 03:44:59.999,5485337.15914,1297,420279.46,5473072.49474,0,54.519774011299454,0.0008627360298767428,0.0013272272919888906,-0.0004644912621121478,13.097219405442724,13.0204,12.943580594557277,0.07992857142857142,41783.838,0.48476454293627913,13.015,0.03253459696999719
2025-11-30 03:45:00,13.06,13.095,13.06,13.095,130989.77,2025-11-30 03:59:59.999,1713578.21382,1252,129888.55,1699181.45059,0,62.39782016348786,0.00614291538495948,0.0022903649105830088,0.003852550474376471,13.106677464244516,13.02655,12.946422535755485,0.08057142857142871,48250.694,0.6920415224913484,13.0268,0.048725763205935226
2025-11-30 04:00:00,13.096,13.099,13.078,13.085,23449.36,2025-11-30 04:14:59.999,307100.59066,1216,19321.37,253079.52949,0,62.05962059620597,0.009412082510621644,0.0037147084305907364,0.005697374080030908,13.110535313386563,13.0328,12.955064686613436,0.07885714285714306,49337.676,0.1837531582574145,13.0418,0.05356491388961401
2025-11-30 04:15:00,13.086,13.099,13.07,13.07,1965.13,2025-11-30 04:29:59.999,25705.01061,1321,395.70,5182.76741,0,58.666666666666565,0.010669554389579616,0.005105677622388513,0.005563876767191103,13.114211065341575,13.0362,12.958188934658423,0.07778571428571444,49300.403000000006,0.14558271396827926,13.057999999999998,0.04519955751998815
2025-11-30 04:30:00,13.07,13.099,13.052,13.053,4049.06,2025-11-30 04:44:59.999,52887.06673,1210,617.35,8082.16922,0,48.809523809523945,0.010177037435605385,0.006119949585031889,0.004057087850573496,13.11454315478322,13.039350000000002,12.964156845216785,0.0745000000000002,49391.277500000004,-0.07655209369976106,13.072400000000002,0.017544229820757058
2025-11-30 04:45:00,13.053,13.088,13.033,13.039,1338.95,2025-11-30 04:59:59.999,17465.39360,1683,167.74,2189.77671,0,48.23529411764701,0.00855837557781669,0.00660763478358885,0.00195074079422784,13.11226315665787,13.04225,12.97223684334213,0.07178571428571447,48882.4985,-0.1455046714657691,13.068400000000002,0.0228429420172471
2025-11-30 05:00:00,13.039,13.052,13.01,13.022,628483.1,2025-11-30 05:14:59.999,8185493.17447,1615,2626.92,34226.81054,0,44.05797101449274,0.005836536508860846,0.006453415128643249,-0.0006168786197824037,13.112277644869174,13.042000000000002,12.97172235513083,0.06814285714285731,80157.5995,-0.5650580329871704,13.0538,0.024833445189954482
2025-11-30 05:15:00,13.022,13.026,12.983,12.986,2244.04,2025-11-30 05:29:59.999,29197.42091,1590,1052.24,13704.47900,0,40.42553191489375,0.0007657334034529839,0.005315878783605197,-0.004550145380152213,13.113844397504947,13.0411,12.968355602495054,0.06571428571428584,79943.027,-0.6198821458636222,13.034,0.03213253802613967
2025-11-30 05:30:00,12.986,13.026,12.974,12.986,9030.35,2025-11-30 05:44:59.999,117324.66037,1345,1247.49,16247.33663,0,33.727810650887704,-0.0032158443390013502,0.0036095341590838873,-0.006825378498085238,13.114773055115723,13.040600000000001,12.96642694488428,0.060500000000000095,80248.40099999998,-0.38355323718931367,13.017199999999999,0.03052376123613133
2025-11-30 05:45:00,12.986,13.026,12.974,12.984,6949.25,2025-11-30 05:59:59.999,90315.24760,1317,3603.56,46901.81701,0,36.65594855305471,-0.006458210441051548,0.0015959852390567996,-0.008054195680108348,13.116391532081087,13.03955,12.962708467918914,0.060500000000000095,80498.39749999999,-0.19984627209838432,13.0034,0.02547155275988422
2025-11-30 06:00:00,12.975,13.013,12.974,12.986,15544.32,2025-11-30 06:14:59.999,201930.82401,1413,5714.54,74327.40844,0,41.134751773049885,-0.008765383763838841,-0.000476288561522329,-0.008289095202316512,13.115501020266475,13.0358,12.956098979733525,0.05650000000000003,81087.5775,-0.023096466240666053,12.992799999999999,0.01634625339333078
2025-11-30 06:15:00,12.986,13.041,12.981,13.041,5103.63,2025-11-30 06:29:59.999,66412.19776,1390,3425.60,44624.50877,0,54.98392282958207,-0.006085643389797113,-0.001598159527177286,-0.004487483862619827,13.11472450901024,13.035300000000001,12.955875490989763,0.05321428571428578,81220.963,0.4622140050843579,12.9966,0.024835458522024446
2025-11-30 06:30:00,13.041,13.068,12.981,13.05,1166.81,2025-11-30 06:44:59.999,15231.52914,1112,992.22,12954.15884,0,60.200668896320956,-0.003198830921364859,-0.0019182938060148009,-0.0012805371153500583,13.113329295744725,13.03465,12.955970704255273,0.04992857142857142,81098.4185,-0.06891798759475125,13.0094,0.03311797095233844
2025-11-30 06:45:00,13.049,13.05,12.981,13.007,1237.15,2025-11-30 06:59:59.999,16083.06154,1126,389.28,5068.72611,0,53.89221556886221,-0.004330828777478146,-0.0024008008003074703,-0.001930027977170676,13.110898610727416,13.0321,12.953301389272584,0.05085714285714297,81093.65650000001,-0.6720122184039784,13.0136,0.030648001566173467
2025-11-30 07:00:00,13.008,13.019,12.981,13.019,2662.23,2025-11-30 07:14:59.999,34582.56698,1252,1002.79,13039.02022,0,42.53731343283609,-0.004211102553320245,-0.0027628611509100255,-0.0014482414024102196,13.101211056663223,13.02825,12.955288943336777,0.04785714285714298,76169.2295,-0.5043943446694743,13.020600000000002,0.025812787528675312
2025-11-30 07:15:00,13.019,13.02,12.981,13.019,1735.99,2025-11-30 07:29:59.999,22579.34619,1237,1272.01,16553.79608,0,33.62068965517251,-0.004069310183357544,-0.0030241509573995296,-0.0010451592259580144,13.096567451132504,13.02585,12.955132548867496,0.04807142857142858,76160.038,-0.3902065799540945,13.027199999999999,0.017697457444528622
2025-11-30 07:30:00,13.017,13.03,12.981,13.023,1323.94,2025-11-30 07:44:59.999,17219.93590,1141,674.11,8777.33771,0,36.283185840707866,-0.003592757070899566,-0.0031378721800995376,-0.0004548848908000284,13.095763446627426,13.025200000000002,12.954636553372577,0.05007142857142848,75940.64199999999,-0.22983222247760005,13.023599999999998,0.01593110165684388
2025-11-30 07:45:00,13.023,13.05,12.981,13.046,1013.21,2025-11-30 07:59:59.999,13202.51117,989,541.50,7061.69457,0,44.87179487179471,-0.0013436883124668952,-0.002779035406573009,0.001435347094106114,13.097767224051399,13.027000000000001,12.956232775948603,0.0529285714285714,75780.235,0.053685098550499834,13.0228,0.014289856542338986
2025-11-30 08:00:00,13.046,13.052,12.981,13.037,3191.09,2025-11-30 08:14:59.999,41535.44146,1063,1590.15,20742.75302,0,46.460176991150455,-0.00028423343549022206,-0.0022800750123564517,0.0019958415768662296,13.097962380354975,13.0294,12.960837619645027,0.054642857142857056,63241.5775,0.11518967900476555,13.0288,0.012132600710522546
2025-11-30 08:15:00,13.037,13.088,12.981,13.046,944953.05,2025-11-30 08:29:59.999,12337002.71163,1079,940572.61,12280095.86101,0,51.583710407239764,0.0012670116497250916,-0.0015706576799401429,0.0028376693296652345,13.097620519629997,13.03265,12.967679480370004,0.05835714285714274,110382.71299999999,0.4620360388110174,13.034199999999998,0.0126767503722869
2025-11-30 08:30:00,13.046,13.088,12.996,13.048,262424.34,2025-11-30 08:44:59.999,3412071.36340,1039,1378.03,17985.39335,0,56.31067961165045,0.00262747988857015,-0.0007310301662380842,0.0033585100548082342,13.096313131957013,13.0321,12.967886868042987,0.061928571428571236,102442.7385,0.47743724010472344,13.040000000000001,0.010416333328076859
2025-11-30 08:45:00,13.048,13.062,12.996,13.027,3903.9,2025-11-30 08:59:59.999,50852.92195,951,1928.17,25160.92502,0,60.73298429319331,0.0019882173419301097,-0.00018718066460444532,0.002175398006534555,13.085684208338279,13.0287,12.971715791661723,0.06357142857142836,96088.44499999999,0.33117683302525613,13.040799999999999,0.008814760348509242
2025-11-30 09:00:00,13.027,13.066,13.017,13.056,17993.89,2025-11-30 09:14:59.999,235038.16522,1152,16952.21,221461.90827,0,65.90909090909052,0.0037781031832544443,0.0006058761049673329,0.0031722270782871113,13.079479755583975,13.02725,12.975020244416026,0.06335714285714276,95815.67150000001,0.5390420452795203,13.0428,0.011122050170798673
2025-11-30 09:15:00,13.056,13.07,13.045,13.07,114975.89,2025-11-30 09:29:59.999,1500303.26470,1049,140.67,1837.40398,0,68.53448275862067,0.006254189204996763,0.0017355387249732193,0.004518650480023543,13.079479755583975,13.02725,12.975020244416026,0.06142857142857139,101466.2095,0.22237558469442462,13.0494,0.01567801007788198
2025-11-30 09:30:00,13.07,13.071,13.045,13.067,7423.39,2025-11-30 09:44:59.999,96888.49546,1316,888.42,11605.80489,0,67.3819742489269,0.007883553590065873,0.0029651416979917505,0.004918411892074122,13.081977186138515,13.02795,12.973922813861487,0.060499999999999964,101634.926,0.13026819923371233,13.0536,0.01727136358260171
2025-11-30 09:45:00,13.067,13.088,13.049,13.088,1247.61,2025-11-30 09:59:59.999,16306.71688,1042,870.03,11373.73483,0,61.809045226130365,0.01074549373688427,0.0045212121057702555,0.006224281631114015,13.090625541005569,13.0304,12.970174458994432,0.05899999999999991,101630.359,0.6227416006765552,13.061599999999999,0.022501111083741344
2025-11-30 10:00:00,13.088,13.088,13.051,13.057,1902.29,2025-11-30 10:14:59.999,24873.46170,1029,715.83,9368.78304,0,51.583710407239764,0.010392364293661416,0.005695442543348488,0.004696921750312928,13.093373576469599,13.032150000000001,12.970926423530404,0.055428571428571285,70301.31850000001,0.2918810968584396,13.067599999999999,0.012934450123727508
2025-11-30 10:15:00,13.055,13.097,13.05,13.09,5638.86,2025-11-30 10:29:59.999,73789.01273,978,4221.03,55277.60855,0,69.66824644549797,0.012629743057019027,0.007082302646082597,0.0055474404109364306,13.099725011865338,13.03735,12.974974988134662,0.05385714285714257,70471.0595,0.5453567862354999,13.0744,0.01418802311823483
2025-11-30 10:30:00,13.09,13.097,13.05,13.071,1564.9,2025-11-30 10:44:59.999,20463.28033,1019,639.76,8378.91780,0,61.92660550458726,0.012723076925095,0.008210457501885078,0.004512619423209923,13.100742646470339,13.041599999999999,12.982457353529659,0.05449999999999961,70097.78700000001,0.36857866850956034,13.074599999999998,0.014117365193391363
2025-11-30 10:45:00,13.071,13.097,13.045,13.045,1389.26,2025-11-30 10:59:59.999,18160.34162,1074,354.01,4636.46897,0,55.32786885245905,0.010577135346807154,0.008683793070869493,0.0018933422759376609,13.097210841937693,13.04465,12.992089158062308,0.055428571428571036,69819.7875,-0.007665184730947768,13.0702,0.019485892332744805
2025-11-30 11:00:00,13.046,13.097,13.041,13.041,2066.35,2025-11-30 11:14:59.999,26982.24261,1051,412.30,5399.89310,0,53.68852459016413,0.008456216613426548,0.008638277779380905,-0.00018206116595435688,13.0922266837819,13.0474,13.002573316218099,0.05592857142857101,69145.889,0.030681905346318625,13.0608,0.020079840636887173
2025-11-30 11:15:00,13.041,13.097,13.041,13.041,1198.77,2025-11-30 11:29:59.999,15658.99421,1047,456.50,5978.34607,0,48.8687782805432,0.006698161006209347,0.008250254424746594,-0.0015520934185372474,13.0922266837819,13.0474,13.002573316218099,0.05499999999999946,68950.646,-0.03832592365475246,13.057599999999999,0.022018174311295723
2025-11-30 11:30:00,13.041,13.097,13.041,13.041,649.18,2025-11-30 11:44:59.999,8467.12146,935,19.40,254.08180,0,50.943396226415004,0.005244434692791344,0.007649090478355544,-0.0024046557855642,13.091847426956383,13.046949999999999,13.002052573043615,0.05392857142857085,68924.76450000002,-0.053648068669525394,13.0478,0.01308434178711533
2025-11-30 11:45:00,13.041,13.097,13.041,13.041,1580.13,2025-11-30 11:59:59.999,20621.38677,986,264.74,3467.29978,0,48.76847290640418,0.004045709692901411,0.006928414321264718,-0.0028827046283633065,13.089577535447784,13.04865,13.007722464552216,0.0502857142857137,68941.9135,0.10746910263300163,13.0418,0.0017888543824791036
2025-11-30 12:00:00,13.041,13.097,12.968,13.046,352181.43,2025-11-30 12:14:59.999,4571295.22239,1182,4029.73,52559.12619,0,49.51456310679595,0.003459293129539631,0.0062345900829197005,-0.0027752969533800693,13.08851998797532,13.05,13.011480012024682,0.052928571428570895,86417.8735,-0.07659313725490033,13.041999999999998,0.002236067977885581
2025-11-30 12:15:00,13.046,13.078,12.968,13.067,237092.92,2025-11-30 12:29:59.999,3096014.16614,1166,83598.38,1092384.11528,0,59.708737864077996,0.004635641484401987,0.005914800363216158,-0.0012791588788141715,13.088705139551152,13.0524,13.016094860448849,0.05607142857142807,98185.72,-0.022953328232594595,13.0472,0.01127829774398728
2025-11-30 12:30:00,13.068,13.091,13.043,13.091,128481.69,2025-11-30 12:44:59.999,1681108.12081,1149,125692.65,1644711.38047,0,58.706467661691704,0.007418984024711861,0.006215637095515299,0.0012033469291965618,13.09323120004455,13.0558,13.01836879995545,0.05599999999999942,104543.60750000001,0.18366878395958622,13.0572,0.02173016336806029
2025-11-30 12:45:00,13.09,13.118,13.09,13.112,130580.09,2025-11-30 12:59:59.999,1711770.48418,1072,129111.82,1692531.89421,0,60.09615384615396,0.011190332350887289,0.007210576146589698,0.003979756204297591,13.103820888795607,13.0591,13.014379111204395,0.05621428571428514,111021.95150000001,0.1833740831295913,13.0714,0.030088203668604256
2025-11-30 13:00:00,13.111,13.118,13.089,13.109,752.55,2025-11-30 13:14:59.999,9860.76388,868,183.99,2413.43281,0,60.09615384615396,0.013778251041182799,0.008524111125508318,0.00525413991567448,13.1113495523854,13.062700000000001,13.014050447614602,0.05642857142857086,110900.02450000001,0.3982538102167389,13.084999999999999,0.028222331583414143
2025-11-30 13:15:00,13.111,13.26,13.089,13.26,2717084.09,2025-11-30 13:29:59.999,35836115.22412,1067,2714130.24,35797391.31531,0,75.44378698224881,0.027694389604338454,0.012358166821274347,0.015336222783064107,13.173506049030816,13.073400000000001,12.973293950969186,0.06585714285714227,199506.5765,1.298701298701298,13.127799999999999,0.07604406617223011
2025-11-30 13:30:00,13.26,13.312,13.248,13.276,88554.5,2025-11-30 13:44:59.999,1175857.40824,1187,67954.70,902786.83716,0,83.90092879256972,0.03955809486487816,0.017798152429995114,0.021759942434883044,13.218888109288473,13.084800000000001,12.95071189071153,0.06778571428571377,190813.0845,1.5683574324841256,13.169599999999999,0.09036204955626467
2025-11-30 13:45:00,13.276,13.312,13.262,13.311,2291.72,2025-11-30 13:59:59.999,30445.82533,1059,592.03,7880.57364,0,84.00000000000009,0.051194238930943214,0.024477369730184738,0.026716869200758477,13.26392167199813,13.099,12.93407832800187,0.06799999999999949,190732.4755,2.039095438865466,13.2136,0.09591298139465378
2025-11-30 14:00:00,13.311,13.317,13.282,13.317,2966.38,2025-11-30 14:14:59.999,39432.16184,1182,607.13,8080.10219,0,89.42307692307708,0.06020609836810564,0.03162311545776893,0.028582982910336716,13.302044432051167,13.11205,12.922055567948833,0.06714285714285673,189981.1,2.116402116402115,13.2546,0.08479563668027651
2025-11-30 14:15:00,13.317,13.32,13.261,13.302,4505.22,2025-11-30 14:29:59.999,59982.31611,991,3713.32,49461.17338,0,92.69102990033215,0.06538398142151713,0.03837528865051857,0.027008692770998564,13.330422974921316,13.123650000000001,12.916877025078687,0.06764285714285682,184457.5665,2.0013802622498216,13.293199999999999,0.024283739415820942
2025-11-30 14:30:00,13.303,13.32,13.23,13.24,516351.71,2025-11-30 14:44:59.999,6842452.27158,1176,767.97,10208.92399,0,77.71587743732589,0.06374974186026883,0.043450179292468624,0.020299562567800203,13.34352111138485,13.1323,12.92107888861515,0.07007142857142831,209903.98249999998,1.5259565984203654,13.2892,0.03164964454800852
2025-11-30 14:45:00,13.24,13.306,13.229,13.279,2469.71,2025-11-30 14:59:59.999,32718.71964,1045,1813.53,24027.75401,0,79.89949748743715,0.06485397306601293,0.04773093804717749,0.017123035018835435,13.361731570994637,13.14185,12.921968429005362,0.07157142857142837,209965.08749999997,1.825013419216314,13.2898,0.03136399209308846
2025-11-30 15:00:00,13.277,13.296,13.213,13.243,288388.36,2025-11-30 15:14:59.999,3813166.57635,1109,1371.15,18179.91377,0,73.2718894009217,0.06210823998713977,0.05060639843516996,0.011501841551969809,13.371653992086824,13.151150000000001,12.930646007913179,0.07349999999999987,224289.391,1.5100413919975546,13.2762,0.03446302366326298
2025-11-30 15:15:00,13.243,13.28,13.213,13.273,1316.56,2025-11-30 15:29:59.999,17452.52824,985,749.11,9929.60072,0,75.0,0.06164240079443495,0.052813598907022974,0.008828801887411974,13.385262312632962,13.160300000000001,12.93533768736704,0.07428571428571422,224073.27599999998,1.5764903956531684,13.2674,0.026024987992584674
2025-11-30 15:30:00,13.273,13.28,13.265,13.265,1144.07,2025-11-30 15:44:59.999,15177.52614,1051,71.20,945.53600,0,73.4475374732336,0.05993677292785016,0.05423823371118841,0.0056985392166617466,13.395479138957835,13.169999999999998,12.944520861042161,0.06614285714285703,224052.23449999996,1.3291574364067014,13.26,0.017635192088940554
2025-11-30 15:45:00,13.265,13.28,13.265,13.265,1769.38,2025-11-30 15:59:59.999,23486.79605,1048,1064.47,14136.16160,0,72.1973094170405,0.05791741465143474,0.05497406989923767,0.002943344752197069,13.40222815086861,13.181000000000001,12.959771849131393,0.0593571428571427,224071.24049999999,1.1668700427089724,13.265,0.01363818169750201
2025-11-30 16:00:00,13.265,13.338,13.265,13.324,39748.5,2025-11-30 16:14:59.999,529785.27278,1171,38677.51,515567.17077,0,74.22037422037437,0.060381821532857316,0.0560556202259616,0.004326201306895719,13.414871618129808,13.195149999999998,12.975428381870188,0.06114285714285688,225955.348,1.6400945915020206,13.274000000000001,0.030099833886825564
2025-11-30 16:15:00,13.324,13.408,13.324,13.402,228454.31,2025-11-30 16:29:59.999,3052942.97146,1147,227996.06,3046813.07766,0,76.95167286245362,0.06784673494100524,0.05841384316897034,0.0094328917720349,13.438834637131754,13.2132,12.987565362868247,0.06514285714285682,237318.125,1.0708898944193022,13.3058,0.05914135608874638
2025-11-30 16:30:00,13.405,13.408,13.383,13.39,2385.46,2025-11-30 16:44:59.999,31933.81578,1003,198.87,2666.44896,0,75.68555758683758,0.07196486670019908,0.061124047875216095,0.010840818824982987,13.454182665692217,13.23065,13.007117334307784,0.06485714285714257,237404.939,0.8586923772220607,13.3292,0.06570159815420756
2025-11-30 16:45:00,13.39,13.408,13.39,13.39,4706.12,2025-11-30 16:59:59.999,63029.19679,1103,586.40,7862.29998,0,66.41414141414171,0.07437121076565845,0.06377348045330458,0.010597730312353865,13.463642302600697,13.248099999999999,13.032557697399302,0.053928571428571104,237561.23850000004,0.5934941026218964,13.3542,0.058559371581482
2025-11-30 17:00:00,13.39,13.408,13.27,13.284,554295.38,2025-11-30 17:14:59.999,7366472.13852,1217,1118.75,14937.61353,0,50.82304526748981,0.0669531474463998,0.06440941385192363,0.002543733594476169,13.453738836689979,13.26,13.06626116331002,0.05921428571428538,247666.936,-0.2478035593602123,13.358,0.0515169874897421
2025-11-30 17:15:00,13.284,13.313,13.269,13.301,823.26,2025-11-30 17:29:59.999,10943.73717,1162,404.89,5383.01718,0,48.931623931623946,0.06173440100029559,0.06387441128159801,-0.0021400102813024235,13.443369327180529,13.271700000000001,13.100030672819473,0.05878571428571406,235853.45299999998,-0.007517666516309171,13.353400000000002,0.05613198731577247
2025-11-30 17:30:00,13.301,13.35,13.301,13.349,8417.58,2025-11-30 17:44:59.999,112172.95021,1059,4594.65,61309.08367,0,53.13725490196082,0.060771173431410475,0.06325376371156051,-0.002482590280150035,13.436762516996868,13.284600000000001,13.132437483003134,0.05978571428571401,229850.2475,0.823262839879154,13.3428,0.04924124287645079
2025-11-30 17:45:00,13.349,13.369,13.301,13.358,2632.04,2025-11-30 17:59:59.999,35152.46744,1214,1340.02,17906.49557,0,55.55555555555571,0.06004190769018791,0.06261139250728599,-0.0025694848170980805,13.428729075939373,13.296899999999999,13.165070924060625,0.060428571428571054,223452.84500000003,0.5949243165901094,13.336400000000001,0.043293186531108155
2025-11-30 18:00:00,13.358,13.369,13.325,13.329,6564.82,2025-11-30 18:14:59.999,87622.27132,1446,2918.89,38979.63472,0,59.447983014862146,0.056472917064553485,0.06138369741873949,-0.0049107803541860034,13.406151878245739,13.3079,13.209648121754261,0.057142857142856815,223743.45849999995,0.6493996828513199,13.324200000000001,0.03136399209311213
2025-11-30 18:15:00,13.329,13.35,13.303,13.348,1484.11,2025-11-30 18:29:59.999,19779.82688,1223,565.92,7554.98142,0,57.64966740576514,0.0545488028471528,0.06001671850442216,-0.005467915657269361,13.4093948532425,13.312299999999999,13.215205146757498,0.05499999999999959,87963.4595,0.5650568823928356,13.337,0.02272663635510868
2025-11-30 18:30:00,13.348,13.369,13.3,13.306,13545.55,2025-11-30 18:44:59.999,180579.94839,1206,5862.22,78359.41791,0,56.892778993435364,0.04906923982386324,0.05782722276831038,-0.008757982944447136,13.409449799845023,13.3138,13.218150200154978,0.05399999999999951,84213.012,0.30908405578589215,13.338,0.02077257807825985
2025-11-30 18:45:00,13.306,13.37,13.302,13.34,1499.09,2025-11-30 18:59:59.999,19999.39741,1087,970.12,12950.81898,0,57.266811279826506,0.046929191987111096,0.05564761661207052,-0.008718424624959427,13.411597780133786,13.31525,13.218902219866216,0.05407142857142804,84173.3805,0.5653976630229874,13.3362,0.01995494926120645
2025-11-30 19:00:00,13.34,13.356,13.302,13.339,4600.33,2025-11-30 19:14:59.999,61305.36891,1259,2235.80,29839.61009,0,58.14977973568283,0.04463793864507615,0.05344568101867165,-0.008807742373595502,13.413282477854553,13.31635,13.219417522145447,0.05685714285714243,84255.078,0.11257880516361879,13.332400000000002,0.016226521500838316
2025-11-30 19:15:00,13.339,13.355,13.286,13.286,1593.32,2025-11-30 19:29:59.999,21212.46871,1308,18.06,240.92777,0,52.07100591715967,0.03810618245237052,0.05037778130541142,-0.012271598853040903,13.413242266568213,13.315550000000002,13.21785773343179,0.060714285714285436,84109.483,-0.865542456349796,13.3238,0.026574423794634545
2025-11-30 19:30:00,13.286,13.355,13.277,13.285,2327.72,2025-11-30 19:44:59.999,31045.21724,1119,1720.27,22974.20585,0,45.65701559020048,0.03247467908255963,0.04679716086084107,-0.014322481778281437,13.410089247819142,13.3178,13.225510752180858,0.06107142857142848,58408.2835,-0.7841672890216611,13.3112,0.02716063327715949
2025-11-30 19:45:00,13.285,13.355,13.275,13.319,7169.85,2025-11-30 19:59:59.999,95673.89689,1132,6026.29,80481.10295,0,39.75308641975331,0.030404701467094952,0.04351866898209185,-0.013113967514996897,13.410264532159362,13.3198,13.22933546784064,0.06078571428571422,58643.2905,-0.5302464525765476,13.3138,0.02716063327716119
2025-11-30 20:00:00,13.319,13.355,13.303,13.354,3722.0,2025-11-30 20:14:59.999,49696.18995,1273,3157.58,42168.31624,0,45.79439252336434,0.031228454600654487,0.04106062610580438,-0.009832171505149895,13.409365725344285,13.32535,13.241334274655715,0.0627142857142856,44409.972499999996,0.5269497139415726,13.3166,0.030988707620946913
2025-11-30 20:15:00,13.354,13.355,13.284,13.291,4267.16,2025-11-30 20:29:59.999,56883.65207,1351,2102.84,28083.42820,0,39.918533604887955,0.026492324382209276,0.038146965761085366,-0.01165464137887609,13.408266365503414,13.326250000000002,13.24423363449659,0.06649999999999993,44557.502499999995,-0.07518231711901201,13.306999999999999,0.02972372789567588
2025-11-30 20:30:00,13.291,13.355,13.27,13.277,8201.87,2025-11-30 20:44:59.999,109149.66049,1437,2911.39,38877.56401,0,49.12280701754368,0.021362965101292986,0.034790165629126894,-0.013427200527833909,13.407137050800102,13.326849999999999,13.246562949199895,0.06271428571428572,44910.3925,-0.5393662446625287,13.3052,0.03153093718899156
2025-11-30 20:45:00,13.277,13.309,13.274,13.286,755.13,2025-11-30 20:59:59.999,10035.57577,1445,433.56,5762.58484,0,48.081841432225,0.017818732444151664,0.03139587899213185,-0.013577146547980187,13.405277815397257,13.3279,13.250522184602742,0.062071428571428555,44859.68,-0.5390028447372432,13.3054,0.031373555743908606
2025-11-30 21:00:00,13.284,13.306,13.272,13.282,2597.66,2025-11-30 21:14:59.999,34504.63395,1184,926.38,12316.74775,0,40.34582132564843,0.01451976118918985,0.02802065543154345,-0.013500894242353598,13.40585682192484,13.325800000000001,13.245743178075163,0.06099999999999994,43002.138,-0.3526145997449216,13.297999999999998,0.03172538415868074
2025-11-30 21:15:00,13.282,13.306,13.242,13.262,2051.6,2025-11-30 21:29:59.999,27242.19461,1176,781.72,10400.25508,0,36.59217877094973,0.010174188141126805,0.02445136197346012,-0.014277173832333314,13.395202259541344,13.318800000000001,13.242397740458658,0.06071428571428556,31682.002499999995,-0.6442912795924506,13.279599999999999,0.01110405331467986
2025-11-30 21:30:00,13.263,13.306,13.257,13.267,8784.03,2025-11-30 21:44:59.999,116851.25994,1144,8054.02,107166.49733,0,40.71856287425131,0.007052452127501496,0.020971580004268398,-0.013919127876766902,13.384592301441563,13.31265,13.240707698558436,0.061071428571428346,32001.931,-0.2931008567563483,13.274799999999999,0.010084641789130646
2025-11-30 21:45:00,13.267,13.306,13.265,13.282,1129.85,2025-11-30 21:59:59.999,15009.33504,1185,437.87,5826.29822,0,39.9999999999999,0.0057228589301878685,0.017921835789452292,-0.012198976859264424,13.370425194997924,13.30725,13.244074805002075,0.0606428571428569,31823.1175,-0.4347826086956509,13.275799999999998,0.010592450142206025
2025-11-30 22:00:00,13.283,13.316,13.282,13.311,88396.45,2025-11-30 22:14:59.999,1176520.65952,1179,47356.39,630341.92910,0,50.78864353312316,0.006929327406025365,0.015723334112766905,-0.00879400670674154,13.370830133163537,13.308599999999998,13.24636986683646,0.05814285714285702,8528.170999999998,-0.20991078791513956,13.2808,0.01909712020214911
2025-11-30 22:15:00,13.309,13.321,13.282,13.282,260798.39,2025-11-30 22:29:59.999,3469974.35985,1356,810.55,10794.90763,0,40.70512820512816,0.005482209232892998,0.013675109136792124,-0.008192899903899126,13.370939726445547,13.30765,13.244360273554454,0.05607142857142845,21526.927499999998,-0.0301068794219446,13.2808,0.01909712020214911
2025-11-30 22:30:00,13.282,13.321,13.236,13.242,3842.53,2025-11-30 22:44:59.999,50995.08423,1278,1153.07,15358.34934,0,36.182336182336144,0.0010950686786390662,0.011159101045161513,-0.010064032366522447,13.36887674637412,13.302299999999999,13.235723253625878,0.05828571428571409,21298.175,-0.32367331576965946,13.2768,0.02515352857980681
2025-11-30 22:45:00,13.242,13.321,13.214,13.215,43544.42,2025-11-30 22:59:59.999,575814.75113,1161,1128.34,14939.01300,0,39.07692307692304,-0.004508475273311774,0.008025585781466855,-0.012534061054778629,13.367042536761312,13.295150000000001,13.22325746323869,0.060999999999999686,23343.794,-0.7808394023575417,13.2664,0.037792856468051306
2025-11-30 23:00:00,13.215,13.215,13.178,13.189,795003.1,2025-11-30 23:14:59.999,10491710.32237,1493,1166.60,15404.36760,0,36.28571428571419,-0.010921411699788663,0.00423618628521575,-0.015157597985004413,13.372370950012009,13.288149999999998,13.203929049987988,0.05807142857142811,62765.708,-1.23558484349258,13.247800000000002,0.04932240870044673
2025-11-30 23:15:00,13.189,13.192,13.173,13.177,7300.03,2025-11-30 23:29:59.999,96245.65230,1029,3800.93,50141.86856,0,28.35365853658503,-0.01677859651597302,3.322972497799421e-05,-0.016811826240951015,13.372509463570335,13.279599999999999,13.186690536429662,0.053714285714285256,63056.50399999999,-0.8577232713866585,13.221,0.04230248219682537
2025-11-30 23:30:00,13.177,13.192,13.039,13.061,1029236.74,2025-11-30 23:44:59.999,13459112.93527,1361,440.93,5769.66368,0,14.180929095354514,-0.030429911155250622,-0.006059398451067731,-0.02437051270418289,13.401192444687318,13.267349999999999,13.13350755531268,0.060928571428571034,113841.0635,-1.6268735407094923,13.1768,0.06940605160942911
2025-11-30 23:45:00,13.062,13.065,12.936,12.943,518982.8,2025-11-30 23:59:59.999,6724346.73633,1244,2158.17,28189.97755,0,12.499999999999943,-0.05019171138653711,-0.01488586103816161,-0.035305850348375495,13.440610276648476,13.247499999999999,13.054389723351521,0.06507142857142816,139715.249,-2.5816649104320333,13.116999999999999,0.11379806676744571
2025-12-01 00:00:00,12.94,12.968,12.625,12.629,3158031.89,2025-12-01 00:14:59.999,40424004.25400,1577,15007.77,190518.65820,0,7.591623036649196,-0.09015105103912191,-0.029938899038353676,-0.06021215200076824,13.544803087030054,13.212,12.879196912969945,0.08349999999999953,297386.82700000005,-4.91642824875772,12.999799999999999,0.2300330411049738
2025-12-01 00:15:00,12.629,12.685,12.442,12.509,2388376.74,2025-12-01 00:29:59.999,29925030.82898,1305,2238.15,28099.91844,0,5.599999999999952,-0.1300035131482531,-0.04995182186033357,-0.08005169128791953,13.628445519993573,13.173150000000001,12.71785448000643,0.0983571428571424,416725.998,-5.67787664002413,12.863800000000001,0.2847230233050988
2025-12-01 00:30:00,12.509,12.558,12.385,12.391,1225386.2,2025-12-01 00:44:59.999,15255826.48318,1203,106409.52,1324869.65708,0,4.954499494438778,-0.16915853601838826,-0.07379316469194452,-0.09536537132644374,13.698571492130743,13.12845,12.558328507869259,0.1082857142857139,477878.9220000001,-6.602849174643849,12.706599999999998,0.2855499956224614
2025-12-01 00:45:00,12.391,12.398,12.233,12.241,1452551.54,2025-12-01 00:59:59.999,17884580.39393,1365,8962.23,110714.07676,0,4.378909740839987,-0.209873627600194,-0.10100925727359443,-0.10886437032659958,13.760819388567006,13.074549999999999,12.388280611432991,0.11549999999999969,550148.0065,-7.837675048938415,12.542599999999998,0.26592254511413493
2025-12-01 01:00:00,12.244,12.411,12.214,12.329,2412702.45,2025-12-01 01:14:59.999,29675136.90397,1206,2070266.17,25488573.16332,0,10.981697171381128,-0.23236125060474144,-0.12727965593982385,-0.1050815946649176,13.771956087160213,13.0233,12.274643912839789,0.12607142857142822,670597.0290000001,-7.377357073097433,12.419799999999999,0.15228657196211612
2025-12-01 01:15:00,12.329,12.411,12.283,12.284,732553.05,2025-12-01 01:29:59.999,9016451.31367,1100,348.13,4296.98615,0,9.4967532467533,-0.2509215107865952,-0.15200802690917814,-0.09891348387741705,13.779046108936182,12.97295,12.16685389106382,0.13228571428571406,707011.3235,-7.513928625207042,12.350800000000001,0.10444711580493393
2025-12-01 01:30:00,12.283,12.358,12.276,12.313,11109.2,2025-12-01 01:44:59.999,136802.23279,964,5029.06,62147.69997,0,9.4967532467533,-0.2602901304642682,-0.17366444762019617,-0.08662568284407202,13.768691847585021,12.92475,12.080808152414978,0.13571428571428548,707156.6900000001,-7.015556562452803,12.3116,0.05557697364887072
2025-12-01 01:45:00,12.313,12.358,12.27,12.27,5594.17,2025-12-01 01:59:59.999,69031.48764,943,4293.91,53064.05553,0,9.39004815409315,-0.2680941472434828,-0.1925503875448535,-0.07554375969862928,13.748106790705656,12.873949999999999,11.999793209294342,0.13921428571428557,707398.6420000001,-7.150964812712829,12.287400000000002,0.034832456128817586
2025-12-01 02:00:00,12.271,12.372,12.269,12.353,38496.55,2025-12-01 02:14:59.999,476043.62373,1005,37643.45,465558.47451,0,15.515903801396476,-0.2645321188255618,-0.20694673380099518,-0.05758538502456664,13.709059025697915,12.8275,11.945940974302086,0.1404999999999999,709193.5865,-6.338615512927443,12.309800000000001,0.033521634804514006
2025-12-01 02:15:00,12.353,12.373,12.316,12.316,2281.3,2025-12-01 02:29:59.999,28211.43529,963,1833.04,22680.19628,0,15.396458814472737,-0.26167831173088807,-0.21789304938697382,-0.04378526234391425,13.665107512265068,12.7802,11.895292487734933,0.1369285714285713,709205.0715000001,-6.5341124686954455,12.3072,0.03213564998513423
2025-12-01 02:30:00,12.316,12.373,12.271,12.341,698788.34,2025-12-01 02:44:59.999,8586103.07762,1161,361.20,4458.79248,0,17.334360554699515,-0.25446603196462547,-0.22520764590250417,-0.029258386062121305,13.608403143143823,12.7339,11.859396856856177,0.1415714285714284,743705.287,-5.512594747722231,12.3186,0.031957784653628994
2025-12-01 02:45:00,12.341,12.373,12.263,12.264,1701.34,2025-12-01 02:59:59.999,20927.35965,921,466.98,5777.94354,0,16.50770359501098,-0.25205793776638785,-0.23057770427528093,-0.02148023349110692,13.54153804746638,12.683,11.82446195253362,0.14807142857142835,743733.8615,-5.246078961600867,12.3088,0.04048085967426064
2025-12-01 03:00:00,12.264,12.264,12.178,12.178,409714.08,2025-12-01 03:14:59.999,5021680.09948,1205,209.93,2570.38866,0,16.87921980495122,-0.25415919800689757,-0.23529400302160428,-0.018865194985293293,13.459558453099115,12.626349999999999,11.793141546900882,0.14328571428571393,759799.743,-3.571145775595841,12.2904,0.07152831607109224
2025-12-01 03:15:00,12.182,12.242,12.159,12.175,226251.75,2025-12-01 03:29:59.999,2751633.22304,1163,201.71,2460.72165,0,18.472906403940883,-0.25314839964254787,-0.238864882345793,-0.014283517296754866,13.367067968534323,12.571000000000002,11.77493203146568,0.13999999999999968,758072.4110000001,-2.670077544168196,12.2548,0.07669224211068526
2025-12-01 03:30:00,12.175,12.208,12.106,12.166,797863.13,2025-12-01 03:44:59.999,9679419.94050,1251,275.92,3354.41208,0,24.64403066812706,-0.2501895302728432,-0.2411298119312031,-0.0090597183416401,13.26638695579735,12.517199999999999,11.768013044202648,0.12278571428571398,797773.441,-1.8158340731175824,12.2248,0.07610321937974891
2025-12-01 03:45:00,12.166,12.171,12.106,12.135,1900.65,2025-12-01 03:59:59.999,23033.09793,1065,155.57,1893.34835,0,27.305825242718413,-0.24749309950999177,-0.2424024694469608,-0.005090630063030954,13.154029737573492,12.463199999999999,11.772370262426506,0.11007142857142822,795691.2525000001,-0.8659423249734489,12.1836,0.04806558019997159
2025-12-01 04:00:00,12.134,12.171,12.104,12.122,11448.13,2025-12-01 04:14:59.999,138681.01855,1168,801.63,9756.39948,0,31.2934631432545,-0.24359711416006746,-0.24264139838958218,-0.0009557157704852826,13.025372807307638,12.40985,11.794327192692363,0.10249999999999966,756513.504,-1.678968286154601,12.155199999999999,0.02519325306422879
2025-12-01 04:15:00,12.122,12.171,12.097,12.101,1539.52,2025-12-01 04:29:59.999,18691.24749,1221,891.33,10843.67355,0,38.13559322033905,-0.23944388217183388,-0.24200189514603254,0.0025580129741986646,12.868752837909152,12.35605,11.843347162090847,0.09599999999999971,756225.4785,-1.4897427548029942,12.1398,0.030703420004248933
2025-12-01 04:30:00,12.101,12.171,12.06,12.098,202087.73,2025-12-01 04:44:59.999,2437972.23461,1308,10284.01,124179.48342,0,27.12871287128702,-0.23370053651527734,-0.2403416234198815,0.00664108690460416,12.711012051811775,12.3079,11.904787948188225,0.08985714285714254,714868.028,-1.7461219848940133,12.124400000000001,0.027808272149782532
2025-12-01 04:45:00,12.098,12.098,12.06,12.093,19593.6,2025-12-01 04:59:59.999,236810.61630,1171,14680.86,177532.84829,0,29.462365591397685,-0.2269363706987111,-0.23766057287564743,0.010724202176936343,12.547712555419501,12.265400000000001,11.983087444580502,0.08342857142857112,689898.5680000001,-1.4425427872860603,12.1098,0.01790809872531157
2025-12-01 05:00:00,12.093,12.125,12.06,12.096,2631.58,2025-12-01 05:14:59.999,31825.78157,936,1215.41,14733.30982,0,25.28473804100213,-0.21881132488004873,-0.2338907232765277,0.015079398396478982,12.473097358019357,12.23875,12.004402641980642,0.08221428571428532,532128.5525,-2.0804662834938856,12.102,0.01155422000634679
2025-12-01 05:15:00,12.096,12.125,12.06,12.105,2006.44,2025-12-01 05:29:59.999,24295.18179,995,1262.03,15301.90189,0,29.62962962962962,-0.20923402317163564,-0.2289593832555493,0.01972536008391365,12.422488561440051,12.21855,12.01461143855995,0.08057142857142807,412810.0375,-1.7132185774602169,12.098600000000001,0.0046151922987968845
2025-12-01 05:30:00,12.105,12.125,12.038,12.07,7014.09,2025-12-01 05:44:59.999,84756.52506,1241,1679.65,20363.39498,0,10.364145658263098,-0.2021380286915786,-0.22359511234275517,0.021457083651176573,12.399708412332924,12.202499999999999,12.005291587667074,0.07942857142857093,351891.43200000003,-2.1959322583258976,12.0924,0.013277801021046537
2025-12-01 05:45:00,12.07,12.125,12.07,12.104,1866.02,2025-12-01 05:59:59.999,22593.83001,1389,1110.10,13458.40624,0,20.05649717514082,-0.19156267086599144,-0.21718862404740244,0.025625953181411004,12.396707493741497,12.19565,11.994592506258504,0.07928571428571386,279357.156,-1.304631441617744,12.093599999999999,0.014152738249348257
2025-12-01 06:00:00,12.104,12.127,12.082,12.127,2255.68,2025-12-01 06:14:59.999,27325.07701,1273,1357.81,16458.16212,0,19.60227272727296,-0.17925932589305482,-0.20960276441653292,0.030343438523478095,12.378534837146761,12.185550000000001,11.992565162853241,0.07521428571428539,158834.8175,-0.4187879783215647,12.1004,0.02052559377837729
2025-12-01 06:15:00,12.127,12.152,12.082,12.137,4446.44,2025-12-01 06:29:59.999,53795.94029,1031,913.42,11093.55796,0,27.71929824561424,-0.16677939093256988,-0.2010380897197403,0.034258698787170416,12.366538552947766,12.1782,11.989861447052235,0.07235714285714247,122429.487,-0.3121149897330616,12.1086,0.025832150509692984
2025-12-01 06:30:00,12.138,12.174,12.082,12.171,2021.01,2025-12-01 06:44:59.999,24526.95320,997,1153.44,14026.60034,0,48.4978540772529,-0.15238879355974078,-0.19130823048774043,0.03891943692799965,12.348426223311241,12.1711,11.993773776688757,0.07278571428571391,121975.07749999998,0.04109814236395697,12.1218,0.03767890656529402
2025-12-01 06:45:00,12.164,12.175,12.082,12.118,521.92,2025-12-01 06:59:59.999,6331.91842,1074,235.36,2858.19912,0,39.92932862190804,-0.14360540480826778,-0.1817676653518459,0.03816226054357813,12.335940683928795,12.1635,11.991059316071206,0.07349999999999961,121721.46500000001,-0.14009064688915912,12.131400000000001,0.025244801444192583
2025-12-01 07:00:00,12.118,12.142,12.082,12.131,500.11,2025-12-01 07:14:59.999,6061.61498,948,38.66,469.23559,0,43.9024390243902,-0.13405026655787466,-0.17222418559305167,0.038173919035177,12.300316619471708,12.1524,12.004483380528292,0.0704999999999995,119821.643,0.07424517406368868,12.136800000000001,0.020327321514577147
2025-12-01 07:15:00,12.132,12.168,12.082,12.167,2349.24,2025-12-01 07:29:59.999,28521.13780,1094,1870.60,22721.59252,0,55.47945205479456,-0.12216461389380129,-0.1622122712532016,0.0400476573594003,12.271661400227126,12.14495,12.018238599772873,0.07199999999999943,119825.04,0.5454094702917027,12.1448,0.023177575368390956
2025-12-01 07:30:00,12.168,12.212,12.082,12.212,162294.77,2025-12-01 07:44:59.999,1979397.49698,1290,159744.42,1948352.21658,0,63.88888888888894,-0.10787055993882788,-0.15134392899032686,0.04347336905149898,12.231963192868662,12.138499999999999,12.045036807131336,0.07649999999999935,93000.36150000001,0.9423045131426598,12.1598,0.0370094582499978
2025-12-01 07:45:00,12.212,12.263,12.16,12.183,56477.35,2025-12-01 07:59:59.999,690949.96860,1163,48934.59,598961.56354,0,62.34939759036133,-0.0977556110004425,-0.14062626539235,0.04287065439190749,12.210393122762303,12.134450000000001,12.058506877237699,0.07857142857142792,95739.162,0.7442322004465382,12.1622,0.03828446159943325
2025-12-01 08:00:00,12.16,12.263,12.148,12.148,241272.17,2025-12-01 08:14:59.999,2932548.55314,1206,2129.61,25993.04309,0,56.86813186813174,-0.0915087921911617,-0.13080277075211233,0.039293978560950626,12.206415996431904,12.132950000000001,12.059484003568098,0.07885714285714229,87317.0665,0.42989417989417655,12.168199999999999,0.031348046190454365
2025-12-01 08:15:00,12.149,12.172,12.141,12.165,262003.83,2025-12-01 08:29:59.999,3182469.20860,1221,3976.16,48360.92548,0,59.574468085106325,-0.08421560033555764,-0.12148533666880139,0.03726973633324375,12.204839225718704,12.13245,12.060060774281297,0.07835714285714232,89104.6705,0.49566294919453713,12.175,0.0241143111027307
2025-12-01 08:30:00,12.164,12.179,12.131,12.17,2257.36,2025-12-01 08:44:59.999,27423.98671,927,169.85,2067.76157,0,59.78835978835981,-0.07714297879244114,-0.11261686509352935,0.035473886301088206,12.205450448235649,12.13265,12.059849551764351,0.07714285714285664,49324.382,0.8285004142502042,12.1756,0.0239018827701777
2025-12-01 08:45:00,12.172,12.179,12.131,12.158,3309.67,2025-12-01 08:59:59.999,40244.69944,1026,1711.20,20840.52012,0,56.955380577427725,-0.0716798937795442,-0.10442947083073233,0.032749577051188125,12.207478105011246,12.1338,12.060121894988756,0.07592857142857097,49394.833,0.44613350958361103,12.1648,0.013103434662663406
2025-12-01 09:00:00,12.158,12.185,12.118,12.13,14589.26,2025-12-01 09:14:59.999,177293.68698,1010,6015.63,73290.14777,0,58.02139037433168,-0.06881645231611166,-0.0973068671278082,0.028490414811696535,12.207695005201897,12.1342,12.060704994798103,0.07449999999999957,49551.8895,0.024738187515462307,12.1542,0.015849290203604125
2025-12-01 09:15:00,12.129,12.185,12.118,12.141,5598.6,2025-12-01 09:29:59.999,68162.87986,975,4566.89,55647.55465,0,55.270655270655425,-0.06491128931979162,-0.0908277515662049,0.02591646224641328,12.20804955041536,12.136199999999999,12.064350449584637,0.07535714285714246,49754.8435,0.0329570734118774,12.152800000000001,0.0168136849012338
2025-12-01 09:30:00,12.142,12.185,12.138,12.165,781.24,2025-12-01 09:44:59.999,9498.70667,998,176.51,2150.77435,0,55.39772727272713,-0.059197428974304245,-0.08450168704782478,0.025304258073520533,12.210136937811649,12.13955,12.06896306218835,0.07549999999999965,39689.519,-0.049297510475722846,12.152800000000001,0.0168136849012338
2025-12-01 09:45:00,12.165,12.185,12.127,12.135,1790.2,2025-12-01 09:59:59.999,21771.76323,1081,946.06,11526.72156,0,49.731182795698835,-0.05643930558140653,-0.07888921075454114,0.02244990517313461,12.208822284385938,12.14165,12.074477715614062,0.07464285714285689,38799.349,0.1402871761016625,12.1458,0.015056560030683029
2025-12-01 10:00:00,12.14,12.185,12.136,12.167,904.51,2025-12-01 10:14:59.999,11003.58124,1131,425.51,5177.17977,0,49.45945945945952,-0.051082493172938115,-0.07332786723822053,0.022245374065282417,12.209664106701188,12.145199999999999,12.08073589329881,0.07164285714285702,38712.995500000005,0.296760366004448,12.1476,0.01725688268366166
2025-12-01 10:15:00,12.166,12.183,12.163,12.175,1030.36,2025-12-01 10:29:59.999,12545.43169,1060,433.65,5283.15795,0,58.769230769230894,-0.04566524706177155,-0.06779534320293074,0.022130096141159183,12.211555222118122,12.1487,12.085844777881878,0.06642857142857128,38664.1915,0.06575162324320619,12.156600000000001,0.017515707235455102
2025-12-01 10:30:00,12.175,12.188,12.169,12.174,17609.36,2025-12-01 10:44:59.999,214604.56481,1170,16634.95,202742.65962,0,56.86900958466445,-0.04098033632439879,-0.06243234182722435,0.021452005502825555,12.205550240740678,12.1539,12.102249759259323,0.06349999999999996,39193.955,-0.31116934163118454,12.1632,0.01634625339209369
2025-12-01 10:45:00,12.174,12.196,12.17,12.196,153019.75,2025-12-01 10:59:59.999,1864629.20183,1217,15476.18,188627.42681,0,54.849498327759186,-0.03508782407916833,-0.05696343827761314,0.02187561419844481,12.207770467295493,12.1585,12.109229532704507,0.05921428571428576,46751.6415,0.10670606582943365,12.1694,0.022074872592131655
2025-12-01 11:00:00,12.196,12.196,12.183,12.183,2512.82,2025-12-01 11:14:59.999,30634.58821,910,1547.38,18871.84648,0,44.56928838951311,-0.03110835922516486,-0.05179242246712348,0.020684063241958622,12.20938369895724,12.1613,12.113216301042762,0.05085714285714297,46764.4985,0.2881132696740216,12.179,0.011067971808751166
2025-12-01 11:15:00,12.183,12.196,12.183,12.183,2518.09,2025-12-01 11:29:59.999,30679.40770,999,114.37,1394.85652,0,50.0,-0.027636033664618864,-0.04696114470662256,0.019325111042003698,12.211187702968635,12.1636,12.116012297031366,0.044428571428571546,46668.081,0.14796547472257035,12.1822,0.008814760346116323
2025-12-01 11:30:00,12.183,12.196,12.183,12.183,15376.05,2025-12-01 11:44:59.999,187518.88657,902,14805.34,180565.92664,0,58.62068965517248,-0.024600610121005673,-0.04248903778949919,0.017888427668493516,12.212478141508502,12.1642,12.115921858491497,0.03714285714285724,47335.833,0.10682004930156042,12.183800000000002,0.007854934752087062
2025-12-01 11:45:00,12.183,12.196,12.183,12.183,956.19,2025-12-01 11:59:59.999,11650.31577,867,81.00,987.87600,0,54.83870967741954,-0.02194208044870294,-0.038379646321339944,0.016437565872637006,12.211169079300491,12.167449999999999,12.123730920699506,0.03585714285714291,47357.546500000004,0.20562592531666685,12.1856,0.005813776738027583
2025-12-01 12:00:00,12.183,12.196,12.075,12.1,913672.12,2025-12-01 12:14:59.999,11052834.43192,1225,7899.72,95978.76647,0,36.74242424242416,-0.0262302172530422,-0.035949760507680395,0.009719543254638197,12.216687068392806,12.165899999999999,12.115112931607191,0.04107142857142865,93016.147,-0.24732069249794836,12.1664,0.03711872842594097
2025-12-01 12:15:00,12.101,12.121,12.075,12.09,8250.99,2025-12-01 12:29:59.999,99904.05544,860,5836.90,70743.82320,0,37.02290076335879,-0.030088669538455903,-0.0347775423138355,0.0046888727753795975,12.22311933074827,12.162049999999999,12.100980669251728,0.040928571428571585,93311.23449999999,-0.42006424511984314,12.1478,0.04832908027221215
2025-12-01 12:30:00,12.09,12.094,12.036,12.046,542154.45,2025-12-01 12:44:59.999,6542398.03406,1190,1302.88,15741.99662,0,34.892086330935015,-0.03627875415479487,-0.03507778468202737,-0.001200969472767495,12.229574936879501,12.153749999999999,12.077925063120496,0.04028571428571442,112304.2185,-0.9782161939991763,12.1204,0.06064899009840764
2025-12-01 12:45:00,12.058,12.125,11.945,12.109,1600377.51,2025-12-01 12:59:59.999,19204419.81766,1150,533413.91,6422221.08797,0,45.15151515151517,-0.035689461427942604,-0.03520012003121042,-0.0004893413967321861,12.22707760954183,12.15005,12.07302239045817,0.04835714285714295,189499.2265,-0.21425628347754266,12.105599999999999,0.04957116097042815
2025-12-01 13:00:00,12.109,12.186,12.099,12.117,1100839.79,2025-12-01 13:14:59.999,13371307.15166,1084,1097044.08,13325293.12334,0,42.35668789808953,-0.03418287069974468,-0.034996670164917275,0.0008137994651725919,12.226936028242548,12.1485,12.070063971757452,0.051214285714285754,232477.6075,-0.41094764526998384,12.0924,0.02782624660200418
2025-12-01 13:15:00,12.105,12.186,12.096,12.106,13101.19,2025-12-01 13:29:59.999,159050.18085,701,6463.95,78756.13123,0,45.08474576271196,-0.03349043784204575,-0.034695423700342974,0.0012049858582972237,12.225790362596541,12.14555,12.065309637403459,0.05350000000000004,220032.4755,-0.5667351129363518,12.093599999999999,0.028360183355465165
2025-12-01 13:30:00,12.105,12.186,12.029,12.032,1294069.45,2025-12-01 13:44:59.999,15614321.23935,923,1475.54,17780.54440,0,29.97032640949587,-0.03846940995818571,-0.03545022095191152,-0.003019189006274188,12.232600210778983,12.13865,12.044699789221017,0.06114285714285713,284623.08,-1.1664202398554253,12.081999999999999,0.039768077649731934
2025-12-01 13:45:00,12.032,12.056,12.013,12.048,531527.84,2025-12-01 13:59:59.999,6391986.74744,775,93794.99,1129467.38814,0,31.594202898550847,-0.04065556292714412,-0.03649128934695804,-0.004164273580186076,12.234887070820328,12.133149999999999,12.03141292917967,0.06278571428571425,311033.9885,-1.213512627090847,12.0824,0.039323021246530906
2025-12-01 14:00:00,12.048,12.066,12.022,12.04,26549.31,2025-12-01 14:14:59.999,319905.03121,683,4360.76,52601.24290,0,30.96590909090925,-0.04254322621704354,-0.037701676720975144,-0.004841549496068395,12.238603626589368,12.12865,12.018696373410632,0.06457142857142857,311631.991,-1.1737667241237846,12.0686,0.03975927564675416
2025-12-01 14:15:00,12.041,12.081,12.016,12.081,22639.33,2025-12-01 14:29:59.999,272291.16102,755,244.28,2947.43164,0,34.50134770889501,-0.04026668633058961,-0.03821467864289804,-0.002052007687691565,12.23744355974364,12.12565,12.01385644025636,0.06735714285714282,312484.02749999997,-0.8372322088155653,12.0614,0.031125552203202084
2025-12-01 14:30:00,12.081,12.182,12.025,12.09,1536218.25,2025-12-01 14:44:59.999,18633217.07397,684,1535466.30,18624084.52191,0,37.32970027247972,-0.03730624412518502,-0.03803299173935544,0.0007267476141704227,12.233166205207189,12.1219,12.010633794792811,0.07764285714285712,389255.87799999997,-0.763358778625954,12.0582,0.025752669763621252
2025-12-01 14:45:00,12.09,12.182,12.06,12.111,366057.33,2025-12-01 14:59:59.999,4419721.02556,676,14234.92,172495.34228,0,40.72164948453631,-0.03288645329046247,-0.037003684049576845,0.004117230759114375,12.231888980901166,12.1207,12.009511019098833,0.08542857142857141,407469.23449999996,-0.590987441516861,12.074000000000002,0.029605742685410094
2025-12-01 15:00:00,12.117,12.131,12.058,12.058,73433.22,2025-12-01 15:14:59.999,886646.06406,686,490.36,5923.11670,0,35.827664399093166,-0.03327680003487821,-0.03625830724663712,0.0029815072117589103,12.227563236789132,12.11525,12.002936763210867,0.08971428571428573,411095.67,-0.3471074380165274,12.076,0.027685736398997757
2025-12-01 15:15:00,12.058,12.089,11.96,11.965,946913.01,2025-12-01 15:29:59.999,11352065.32324,725,5916.65,71517.08248,0,29.588014981273645,-0.04062220788266835,-0.037131087373843366,-0.0034911205088249825,12.231836998797347,12.10475,11.977663001202652,0.09799999999999999,458389.80249999993,-1.0339123242349049,12.061,0.056934172514881184
2025-12-01 15:30:00,11.963,11.963,11.851,11.867,1387273.51,2025-12-01 15:44:59.999,16537829.51017,909,1535.89,18269.51245,0,28.779599271402844,-0.05373188972486709,-0.04045124784404811,-0.013280641880818976,12.250798363000094,12.089400000000001,11.928001636999909,0.09749999999999989,526873.01,-1.4859704466212726,12.0182,0.10129511340609039
2025-12-01 15:45:00,11.867,12.039,11.85,11.997,3858694.95,2025-12-01 15:59:59.999,46118805.39015,875,3848975.37,46003095.02470,0,43.049327354260136,-0.0530203083792955,-0.042965059951097596,-0.010055248428197903,12.237682972810267,12.07945,11.921217027189732,0.10771428571428553,712156.77,-0.924931868857875,11.999600000000001,0.09301505254501599
2025-12-01 16:00:00,11.993,12.039,11.878,11.878,486103.51,2025-12-01 16:14:59.999,5801414.83428,762,173.71,2086.23114,0,38.709677419354946,-0.06135145908143613,-0.04664233977716531,-0.014709119304270823,12.238397226396916,12.064200000000001,11.890002773603086,0.11507142857142837,736336.3045,-1.9724354213089113,11.953,0.0808176960816776
2025-12-01 16:15:00,11.888,11.913,11.849,11.851,7034.94,2025-12-01 16:29:59.999,83475.63269,555,3416.77,40566.55321,0,31.779661016949277,-0.06933339813204498,-0.05118055144814125,-0.018152846683903726,12.236762586709679,12.0476,11.85843741329032,0.10678571428571411,736562.147,-2.106393523872452,11.9116,0.06506765709589364
2025-12-01 16:30:00,11.85,11.897,11.81,11.87,776391.89,2025-12-01 16:44:59.999,9192946.86394,717,119850.37,1424605.03565,0,32.82336578581351,-0.0732812603724664,-0.05560069323300629,-0.017680567139460118,12.225681746169435,12.03195,11.838218253830565,0.10678571428571411,774612.939,-1.3464095744680917,11.8926,0.05918023318598907
2025-12-01 16:45:00,11.87,11.898,11.748,11.762,1086346.71,2025-12-01 16:59:59.999,12804275.53409,983,28915.01,341136.84973,0,28.921568627450938,-0.08415458537140275,-0.06131147166068558,-0.022843113710717164,12.225852528419331,12.010900000000001,11.795947471580671,0.11107142857142842,828882.4650000001,-2.373837981407699,11.871599999999999,0.08397201914892334
2025-12-01 17:00:00,11.762,11.827,11.748,11.794,28349.3,2025-12-01 17:14:59.999,333958.04069,568,8662.36,102431.62630,0,34.625322997416006,-0.08916183902730701,-0.06688154513400989,-0.022280293893297123,12.226796794733229,11.9956,11.76440320526677,0.1054999999999999,784616.324,-2.0431893687707534,11.831,0.05064582904786403
2025-12-01 17:15:00,11.796,11.828,11.748,11.815,6146.21,2025-12-01 17:29:59.999,72432.04101,466,2739.59,32401.13290,0,35.04492939666228,-0.09039359799957047,-0.071583955707122,-0.01880964229244847,12.221946712970277,11.98185,11.741753287029722,0.1081428571428571,784511.0850000001,-2.201804486383578,11.8184,0.04333935855483951
2025-12-01 17:30:00,11.813,11.834,11.775,11.834,4295.35,2025-12-01 17:44:59.999,50620.19942,547,439.64,5199.99066,0,36.96202531645565,-0.08881285533681726,-0.07502973563306106,-0.013783119703756203,12.218047487832003,11.971250000000001,11.724452512168,0.10921428571428558,757618.13,-2.117452440033087,11.815000000000001,0.040730823708154604
2025-12-01 17:45:00,11.834,11.87,11.829,11.829,291342.68,2025-12-01 17:59:59.999,3452453.13910,575,291139.62,3450046.17665,0,33.28912466843495,-0.08696112982797288,-0.07741601447204344,-0.009545115355929445,12.202910334608967,11.95725,11.711589665391033,0.1074999999999998,692166.3885,-2.3284617290066882,11.8068,0.029456747952624696
2025-12-01 18:00:00,11.829,11.927,11.829,11.927,609430.25,2025-12-01 18:14:59.999,7251613.04205,524,608962.99,7246071.32088,0,40.33214709371283,-0.0767016738899553,-0.07727314635562582,0.0005714724656705195,12.181820502200067,11.94775,11.713679497799932,0.10328571428571401,667595.9115,-1.0864156576546709,11.8398,0.05115368999344766
2025-12-01 18:15:00,11.927,11.939,11.909,11.913,93681.16,2025-12-01 18:29:59.999,1117714.78934,545,79209.84,945172.11474,0,38.15789473684195,-0.06890635457795113,-0.07559978800009089,0.006693433422139752,12.16031364778823,11.9381,11.71588635221177,0.0967142857142854,671624.9099999999,-0.4346009193480953,11.8636,0.05219003736295556
2025-12-01 18:30:00,11.909,11.939,11.816,11.82,778329.77,2025-12-01 18:44:59.999,9208733.77716,723,1010.27,12060.72711,0,36.41552511415513,-0.06943245648930585,-0.07436632169793389,0.004933865208628041,12.151075255198418,11.9275,11.703924744801583,0.1002857142857139,645837.926,-0.39605629055364117,11.8646,0.05106172734981391
2025-12-01 18:45:00,11.82,11.915,11.814,11.913,1094384.52,2025-12-01 18:59:59.999,13014740.59746,615,1079082.36,12833955.22756,0,47.031963470319624,-0.061634588112285726,-0.07181997498080427,0.01018538686851854,12.137040131658448,11.920750000000002,11.704459868341555,0.09828571428571387,673980.76,-0.7001750437609372,11.8804,0.05144706016817007
2025-12-01 19:00:00,11.915,11.917,11.861,11.88,221572.12,2025-12-01 19:14:59.999,2634255.72815,771,802.55,9560.75362,0,50.80147965474723,-0.057455237240121804,-0.06894702743266777,0.011491790192545967,12.12219626242142,11.912749999999999,11.703303737578578,0.09414285714285674,683731.9005,0.01683785149015548,11.8906,0.04308480010337395
2025-12-01 19:15:00,11.88,11.889,11.809,11.817,4484.06,2025-12-01 19:29:59.999,53222.20377,503,2491.35,29619.36252,0,37.903225806451516,-0.058551697528425706,-0.06686796145181936,0.008316263923393657,12.097298883821963,11.899550000000001,11.70180111617804,0.08635714285714245,682824.137,-0.2868956206227381,11.868599999999999,0.04768962151188615
2025-12-01 19:30:00,11.812,11.889,11.799,11.805,5945.53,2025-12-01 19:44:59.999,70443.30506,542,2856.76,33964.01964,0,44.27001569858704,-0.059700756756829065,-0.06543452051282131,0.005733763755992244,12.065565418349816,11.885299999999999,11.705034581650182,0.08128571428571389,606310.5009999999,-0.5475989890480161,11.847,0.04700531884740546
2025-12-01 19:45:00,11.805,11.889,11.8,11.834,49158.43,2025-12-01 19:59:59.999,580419.97869,477,3394.58,40358.16162,0,48.66979655712039,-0.057607276018320164,-0.06386907161392108,0.006261795595600916,12.018139037369586,11.87145,11.724760962630413,0.08307142857142809,590465.556,0.6121407923822408,11.8498,0.04538391785584792
2025-12-01 20:00:00,11.83,11.965,11.799,11.928,1868825.62,2025-12-01 20:14:59.999,22242614.82730,580,1838918.39,21889331.75834,0,54.06162464986007,-0.04781201588395234,-0.06065766046792733,0.01284564458397499,11.986137935825644,11.86495,11.743762064174357,0.08871428571428527,680235.1760000001,1.136170934373413,11.852799999999998,0.05078090192135686
2025-12-01 20:15:00,11.929,11.965,11.885,11.885,1138.28,2025-12-01 20:29:59.999,13592.38713,499,604.99,7238.70535,0,59.47611710323571,-0.043022999928147954,-0.05713072835997146,0.014107728431823507,11.973183731678686,11.86095,11.748716268321315,0.08371428571428526,632946.4395000001,0.5924672027084239,11.853800000000001,0.05149465991679609
2025-12-01 20:30:00,11.885,11.965,11.882,11.929,2299.19,2025-12-01 20:44:59.999,27345.54962,447,237.03,2836.06395,0,60.21180030257185,-0.03527065979265487,-0.05275871464650814,0.01748805485385327,11.98033906813896,11.86405,11.747760931861041,0.0839999999999995,563697.7235000001,0.8027716748352259,11.8762,0.055674949483113446
2025-12-01 20:45:00,11.935,11.965,11.882,11.915,1386.83,2025-12-01 20:59:59.999,16582.99756,449,1169.13,13988.28721,0,57.64525993883787,-0.029911753307095168,-0.04818932237862554,0.018277569071530372,11.961328862118384,11.859950000000001,11.758571137881619,0.08421428571428523,370832.3175,0.7270267985459339,11.8982,0.040046223291940186
2025-12-01 21:00:00,11.916,11.981,11.916,11.941,95272.76,2025-12-01 21:14:59.999,1140335.11175,483,95105.20,1138333.59068,0,58.0937972768533,-0.023298231094111443,-0.04321110412172272,0.01991287302761128,11.970572199588625,11.8631,11.755627800411373,0.08471428571428533,351290.78,0.11738073279115556,11.919599999999999,0.02141961717558564
2025-12-01 21:15:00,11.94,12.036,11.932,12.014,343793.24,2025-12-01 21:29:59.999,4129284.21128,565,343415.69,4124751.15197,0,62.688614540466254,-0.012027827866344154,-0.03697444887064701,0.02494662100430286,11.997873977109997,11.87125,11.744626022890003,0.08921428571428537,368128.69499999995,0.8478133131872668,11.9368,0.04794997393064172
2025-12-01 21:30:00,12.014,12.065,12.011,12.061,82624.13,2025-12-01 21:44:59.999,995173.03186,456,82154.97,989525.95988,0,59.88200589970498,0.0006886171453430734,-0.029441835667448995,0.03013045281279207,12.033211630997641,11.880799999999999,11.728388369002356,0.08607142857142833,333440.30700000003,2.0389170896785083,11.972,0.06273754856503785
2025-12-01 21:45:00,12.062,12.065,12.009,12.025,307.12,2025-12-01 21:59:59.999,3695.68131,474,78.06,941.79390,0,57.99999999999995,0.007772001503271397,-0.021999068233304917,0.029771069736576315,12.04857072442352,11.89395,11.73932927557648,0.08792857142857116,279138.3275,0.9401494166037111,11.991200000000001,0.06095244047576114
2025-12-01 22:00:00,12.024,12.101,12.009,12.034,3103.37,2025-12-01 22:14:59.999,37518.79061,442,2975.40,35976.90138,0,67.37012987012976,0.013951040513004997,-0.014809046484042934,0.02876008699704793,12.06509571277586,11.90595,11.746804287224142,0.08571428571428553,277876.031,1.2962962962962956,12.015,0.04487204029183504
2025-12-01 22:15:00,12.035,12.101,12.009,12.047,7036.93,2025-12-01 22:29:59.999,84522.92951,471,94.02,1137.73602,0,62.499999999999915,0.019670218762650293,-0.007913193434704287,0.02758341219735458,12.082497806737663,11.91755,11.752602193262337,0.08507142857142849,277920.56700000004,1.9463484810019498,12.0362,0.01840380395333858
2025-12-01 22:30:00,12.047,12.101,12.008,12.087,2817.61,2025-12-01 22:44:59.999,33847.85076,426,24.94,301.79894,0,69.06077348066273,0.02711777757632916,-0.0009069992324975951,0.028024776808826757,12.106578301566131,11.930200000000001,11.753821698433871,0.08771428571428583,277846.68,2.3888182973316394,12.0508,0.02437621791733626
2025-12-01 22:45:00,12.092,12.117,12.084,12.084,103628.53,2025-12-01 22:59:59.999,1254836.13862,532,92994.73,1126054.99655,0,77.63975155279473,0.0324044088112494,0.005755282376251806,0.02664912643499759,12.125292044117158,11.94295,11.760607955882842,0.08435714285714305,268460.97250000003,2.112557039040054,12.0554,0.028588459209156987
2025-12-01 23:00:00,12.084,12.123,12.075,12.075,411.86,2025-12-01 23:14:59.999,4986.73215,456,214.74,2602.96376,0,78.12499999999972,0.03545912662993267,0.011696051226987981,0.023763075402944686,12.141753981700269,11.95035,11.758946018299731,0.08135714285714306,238010.053,1.2323943661971701,12.0654,0.02360720228985252
2025-12-01 23:15:00,12.075,12.135,12.075,12.135,466.56,2025-12-01 23:29:59.999,5657.38278,517,328.56,3985.11221,0,79.4520547945203,0.04223465624138356,0.0178037722298671,0.02443088401151646,12.168816926257422,11.96145,11.754083073742576,0.07928571428571463,233349.323,2.103491796381994,12.0856,0.03180880381207114
2025-12-01 23:30:00,12.135,12.145,12.075,12.11,8310.77,2025-12-01 23:44:59.999,100369.18038,488,74.57,905.14710,0,70.58823529411731,0.04506751099403772,0.023256519982701226,0.021810991011336493,12.182224701870503,11.975950000000001,11.7696752981295,0.07242857142857176,194848.373,1.5173107553021976,12.0982,0.02428373941458301
2025-12-01 23:45:00,12.108,12.145,12.108,12.108,2625.02,2025-12-01 23:59:59.999,31839.62153,574,1510.05,18339.55725,0,77.80548628428926,0.04661385006242824,0.02792798599864663,0.018685864063781612,12.197798388291785,11.9857,11.773601611708214,0.06935714285714312,140260.398,1.6198069660092438,12.1024,0.023670656939670246
2025-12-02 00:00:00,12.108,12.145,12.108,12.108,498.28,2025-12-02 00:14:59.999,6033.53040,339,8.36,101.53220,0,75.07002801120444,0.04729415730902886,0.03180122026072308,0.015492937048305781,12.209785980534615,11.9971,11.784414019465384,0.06607142857142875,129206.706,1.3985428356084064,12.107199999999999,0.021323695738679333
2025-12-02 00:15:00,12.108,12.145,12.054,12.058,735.63,2025-12-02 00:29:59.999,8905.74126,368,327.43,3976.63735,0,68.19338422391863,0.043299592817803045,0.034100894772139075,0.00919869804566397,12.205558033923394,12.00915,11.812741966076606,0.06664285714285725,129019.2845,0.36623938738139244,12.1038,0.028039258191963682
2025-12-02 00:30:00,12.071,12.145,12.05,12.05,380.77,2025-12-02 00:44:59.999,4608.17169,409,177.44,2154.48996,0,64.53333333333339,0.03903832898202353,0.03508838161411597,0.003949947367907561,12.193218018784773,12.0214,11.849581981215227,0.0687142857142857,128741.04650000001,-0.09120305115661416,12.0868,0.030086541841076085
2025-12-02 00:45:00,12.05,12.145,12.048,12.079,1036.96,2025-12-02 00:59:59.999,12521.01633,496,252.36,3063.68673,0,59.81873111782498,0.03756824103111711,0.0355843534975162,0.00198388753360091,12.182628663255644,12.03365,11.884671336744356,0.06821428571428571,126334.973,0.4490644490644513,12.0806,0.02716247411327911
2025-12-02 01:00:00,12.08,12.158,12.048,12.108,1601363.43,2025-12-02 01:14:59.999,19459975.97918,569,1600233.88,19446354.62898,0,57.507987220447404,0.03830172493247552,0.036127827784508064,0.0021738971479674588,12.186411901109786,12.04265,11.898888098890215,0.07221428571428566,112961.8635,0.6149243809207233,12.0806,0.02716247411327911
2025-12-02 01:15:00,12.107,12.127,12.08,12.087,331696.92,2025-12-02 01:29:59.999,4010857.67390,588,204.83,2481.14266,0,60.402684563758285,0.03676469123772996,0.036255200475152446,0.0005094907625775164,12.176926233000831,12.05275,11.928573766999168,0.07157142857142862,129489.79550000001,0.3320328712542471,12.076400000000001,0.02320129306642986
2025-12-02 01:30:00,12.082,12.118,12.058,12.059,569.0,2025-12-02 01:44:59.999,6876.52171,504,130.35,1579.19864,0,53.94321766561492,0.03290787348557522,0.035585735077237,-0.0026778615916617787,12.168913360479923,12.05925,11.949586639520078,0.06928571428571433,129403.286,-0.23165384297179176,12.076600000000001,0.023006520813768805
2025-12-02 01:45:00,12.059,12.119,12.04,12.04,271221.55,2025-12-02 01:59:59.999,3267090.69094,634,2083.44,25243.39345,0,48.916408668730426,0.027995462158552087,0.03406768049350002,-0.006072218334947935,12.152442207060727,12.0655,11.978557792939274,0.06835714285714291,142895.02200000003,-0.36411784177425094,12.0746,0.02612087287887431
2025-12-02 02:00:00,12.04,12.044,12.002,12.04,6325.26,2025-12-02 02:14:59.999,76004.97147,529,244.09,2939.81996,0,41.696113074204874,0.023827670239564114,0.03201967844271284,-0.008192008203148728,12.136248656202563,12.07045,12.004651343797436,0.06471428571428563,138447.647,-0.2898550724637693,12.066799999999999,0.03001166439826327
2025-12-02 02:15:00,12.042,12.09,12.002,12.09,5880.28,2025-12-02 02:29:59.999,71009.00615,526,5754.16,69489.36711,0,50.909090909090935,0.024279369787482352,0.030471616711666743,-0.006192246924184391,12.134898686367164,12.074250000000001,12.013601313632838,0.06864285714285691,121551.999,-0.370828182941903,12.0632,0.02438647165856139
2025-12-02 02:30:00,12.076,12.091,12.002,12.084,1100.87,2025-12-02 02:44:59.999,13304.13614,458,922.51,11152.56095,0,51.37614678899087,0.0238779449912645,0.029152882367586296,-0.005274937376321797,12.13586277671914,12.0754,12.01493722328086,0.07157142857142824,117475.83599999998,-0.21469859620148474,12.0626,0.023681216184009497
2025-12-02 02:45:00,12.088,12.091,12.002,12.034,307.39,2025-12-02 02:59:59.999,3705.20557,489,167.66,2022.95200,0,34.069400630914984,0.019302721062702588,0.027182850106609556,-0.007880129043906968,12.134849643176075,12.075849999999999,12.016850356823923,0.07364285714285668,117475.84950000001,-0.6111661711265266,12.057599999999999,0.027033312781706353
2025-12-02 03:00:00,12.034,12.048,12.002,12.048,4192.41,2025-12-02 03:14:59.999,50326.47359,495,157.16,1892.06418,0,39.8692810457517,0.016614978998301666,0.02506927588494798,-0.008454296886646315,12.133764186685317,12.076550000000001,12.019335813314685,0.0719285714285709,117530.30150000002,-0.4955401387512429,12.0592,0.025946097971634025
2025-12-02 03:15:00,12.048,12.049,11.979,11.987,4734.19,2025-12-02 03:29:59.999,57018.95075,509,4232.63,50998.94551,0,33.42465753424652,0.009453756822507486,0.021946172072459885,-0.012492415249952399,12.142397581466978,12.073550000000001,12.004702418533023,0.07428571428571384,117415.1645,-0.5888206999502382,12.0486,0.04175883140071337
2025-12-02 03:30:00,11.985,12.079,11.977,12.079,473704.72,2025-12-02 03:44:59.999,5716723.05890,584,452095.57,5457897.23984,0,46.82713347921227,0.011074408886230458,0.019771819435214,-0.008697410548983542,12.141761108507984,12.07315,12.004538891492016,0.07892857142857108,140959.52,0.24066390041493704,12.046400000000002,0.03924665590790042
2025-12-02 03:45:00,12.08,12.106,12.078,12.094,295942.22,2025-12-02 03:59:59.999,3577553.41832,619,295783.84,3575638.93058,0,54.265402843601855,0.013414527638307305,0.018500361075832663,-0.005085833437525358,12.142738120695387,12.073649999999999,12.00456187930461,0.07442857142857116,150575.20450000002,0.12418246543587044,12.0484,0.041812677502800454
2025-12-02 04:00:00,12.094,12.132,12.088,12.121,119475.58,2025-12-02 04:14:59.999,1448208.37146,566,118986.21,1442282.71622,0,58.049886621315146,0.017248928055023427,0.018250074471670815,-0.001001146416647388,12.148216975788678,12.07595,12.003683024211323,0.07078571428571413,156528.3905,0.10736703006276758,12.0658,0.05133906894319232
2025-12-02 04:15:00,12.123,12.135,12.105,12.118,3154.44,2025-12-02 04:29:59.999,38250.66806,458,2138.63,25951.68699,0,54.69879518072285,0.01981720270566889,0.01856350011847043,0.001253702587198459,12.144796786908945,12.0751,12.005403213091057,0.06599999999999984,156662.7845,0.2564738975759128,12.0798,0.05470557558379548
2025-12-02 04:30:00,12.117,12.12,12.102,12.119,43280.94,2025-12-02 04:44:59.999,524078.13137,539,13957.42,169138.38165,0,51.42118863049085,0.021683318711668065,0.01918746383710996,0.0024958548745581052,12.146303761292314,12.07555,12.004796238707685,0.05942857142857123,158411.293,0.4975536943361846,12.1062,0.018780308835459548
2025-12-02 04:45:00,12.118,12.127,12.105,12.105,8768.04,2025-12-02 04:59:59.999,106292.85374,530,7731.23,93729.30380,0,52.36842105263167,0.021781462947574326,0.019706263659202833,0.002075199288371493,12.145876274471096,12.075399999999998,12.0049237255289,0.05764285714285692,158718.444,0.5398671096345622,12.1114,0.011588787682731047
2025-12-02 05:00:00,12.105,12.127,12.092,12.105,1047.89,2025-12-02 05:14:59.999,12696.84724,520,611.37,7414.05925,0,56.534090909091105,0.021610134779720624,0.020087037883306392,0.0015230968964142326,12.145446341186398,12.07525,12.005053658813603,0.055857142857142605,158745.9245,0.5398671096345622,12.113600000000002,0.007924645099654697
2025-12-02 05:15:00,12.103,12.127,12.092,12.097,8356.87,2025-12-02 05:29:59.999,101318.28273,453,7546.97,91522.10519,0,58.35777126099714,0.020591457328784202,0.020187921772401956,0.00040353555638224584,12.147545313689413,12.0772,12.006854686310586,0.05271428571428543,159126.9865,0.05789909015715197,12.1088,0.009444575160129538
2025-12-02 05:30:00,12.096,12.127,12.087,12.091,307.87,2025-12-02 05:44:59.999,3723.05108,456,4.24,51.41848,0,57.348703170028855,0.01908005525378975,0.019966348468679517,-0.0008862932148897655,12.148640959521575,12.07925,12.009859040478425,0.052571428571428366,159123.3415,0.05792783846408204,12.103399999999999,0.010526157891423396
2025-12-02 05:45:00,12.097,12.128,12.087,12.113,311.84,2025-12-02 05:59:59.999,3778.25894,485,122.43,1484.49625,0,53.60501567398115,0.019433457556814915,0.0198597702863066,-0.00042631272949168394,12.151962156113978,12.08095,12.009937843886021,0.04921428571428559,159087.0855,0.6564733255775207,12.1022,0.008438009241233436
2025-12-02 06:00:00,12.113,12.128,12.08,12.091,1944.68,2025-12-02 06:14:59.999,23502.78471,524,71.61,868.48608,0,51.04477611940294,0.01773389004429049,0.019434594237903377,-0.001700704193612887,12.150149305944632,12.0801,12.010050694055368,0.04628571428571426,79116.148,0.3569057104913617,12.0994,0.009528903397298784
2025-12-02 06:15:00,12.092,12.128,12.082,12.091,551.48,2025-12-02 06:29:59.999,6669.83800,568,67.95,823.85379,0,59.999999999999744,0.016200224442803446,0.018787720278883393,-0.002587495836079947,12.150455016327816,12.0803,12.010144983672182,0.04321428571428575,62558.876000000004,0.8676065737882641,12.096599999999999,0.009528903397293858
2025-12-02 06:30:00,12.096,12.151,12.082,12.151,3134.05,2025-12-02 06:44:59.999,38011.94335,494,2879.42,34931.58889,0,65.55891238670685,0.01960034142804723,0.01895024450871616,0.0006500969193310689,12.160988314340068,12.0849,12.00881168565993,0.044857142857142866,62687.128500000006,0.5960758340922193,12.107399999999998,0.026168683573220258
2025-12-02 06:45:00,12.151,12.172,12.082,12.16,504.13,2025-12-02 06:59:59.999,6124.31780,536,347.69,4228.77308,0,81.0035842293905,0.022758833750641472,0.019711962357101223,0.0030468713935402486,12.17090499984479,12.0909,12.010895000155209,0.04628571428571426,49151.2575,0.5457251529684201,12.1212,0.0327291918622477
2025-12-02 07:00:00,12.164,12.172,12.082,12.15,848.43,2025-12-02 07:14:59.999,10319.46141,489,508.43,6188.60996,0,68.02030456852776,0.02417635527118378,0.020604840939917737,0.0035715143312660437,12.176794815230544,12.0964,12.016005184769455,0.045428571428571374,48877.416,0.23925418694827086,12.128599999999999,0.034544174616801586
2025-12-02 07:15:00,12.15,12.15,12.103,12.103,1273.49,2025-12-02 07:29:59.999,15453.99505,525,0,0,0,51.96506550218345,0.021262147285613153,0.020736302209056822,0.0005258450765563312,12.177437155298628,12.09705,12.01666284470137,0.04678571428571424,48647.076499999996,-0.123782802442652,12.131,0.03156738823463483
2025-12-02 07:30:00,12.103,12.172,12.081,12.124,894.58,2025-12-02 07:44:59.999,10845.02627,531,456.38,5545.60867,0,50.67264573991034,0.020411845903348436,0.020671410947915147,-0.00025956504456671123,12.180058056780306,12.09905,12.018041943219695,0.05014285714285714,48636.762,0.04125752949914004,12.1376,0.023543576617760152
2025-12-02 07:45:00,12.124,12.135,12.081,12.124,2043.98,2025-12-02 07:59:59.999,24740.04437,514,1161.91,14078.72112,0,51.3636363636364,0.01951304173316082,0.020439737104964283,-0.0009266953718034647,12.17916251636959,12.10355,12.02793748363041,0.05185714285714292,48723.591499999995,0.1569599339116078,12.132200000000001,0.022785960588839874
2025-12-02 08:00:00,12.124,12.129,12.059,12.061,557682.69,2025-12-02 08:14:59.999,6731119.33425,744,284.23,3440.51141,0,39.71631205673775,0.013560838560126243,0.019063957395996676,-0.005503118835870433,12.17800372262865,12.1042,12.03039627737135,0.05557142857142873,76398.10549999999,-0.3634861627426723,12.1124,0.03321596001857401
2025-12-02 08:15:00,12.06,12.065,12.011,12.011,1165725.73,2025-12-02 08:29:59.999,14028369.03759,942,3025.67,36388.25734,0,35.220125786163564,0.004754288056354028,0.016202023528068148,-0.01144773547171412,12.171565343131743,12.1054,12.039234656868256,0.05785714285714302,134447.6825,-0.7109200628254964,12.0846,0.04852112941755003
2025-12-02 08:30:00,12.011,12.048,12.0,12.017,2211.62,2025-12-02 08:44:59.999,26597.46899,507,1750.84,21063.61734,0,36.41975308641982,-0.0017209784415452845,0.01261742313414546,-0.014338401575690744,12.178692614689577,12.1023,12.025907385310422,0.05878571428571444,110873.0275,-0.6120254734926792,12.067400000000001,0.05515704850655176
2025-12-02 08:45:00,12.022,12.059,12.0,12.017,1685.81,2025-12-02 08:59:59.999,20297.88756,462,1098.27,13243.21610,0,37.341772151898894,-0.0067745806442705,0.008739022378462268,-0.015513603022732768,12.183835750075485,12.09845,12.013064249924515,0.060500000000000095,96160.207,-0.7925369437794113,12.046,0.047999999999514646
2025-12-02 09:00:00,12.017,12.059,12.0,12.048,1670.2,2025-12-02 09:14:59.999,20075.09993,508,582.86,7024.11591,0,43.69501466275679,-0.00818381791826539,0.0053544543191167355,-0.013538272237382125,12.182340907731643,12.0948,12.007259092268356,0.06185714285714283,90269.938,-0.35563642378628124,12.0308,0.022253089672063464
2025-12-02 09:15:00,12.048,12.105,12.0,12.094,61436.11,2025-12-02 09:29:59.999,742664.08776,577,60894.66,736162.57281,0,47.39726027397261,-0.005525142643834968,0.0031785349265263945,-0.008703677570361362,12.180457172537546,12.093599999999999,12.006742827462451,0.0664285714285714,93184.0215,0.024811843519974477,12.0374,0.034803735431029825
2025-12-02 09:30:00,12.093,12.105,12.056,12.056,5312.91,2025-12-02 09:44:59.999,64239.26601,508,3704.84,44847.08820,0,45.40682414698165,-0.006410509393003139,0.0012607260626204876,-0.007671235455623626,12.177995416785604,12.09045,12.002904583214397,0.06650000000000007,91285.61999999998,-0.7818286560776943,12.0464,0.031973426465635814
2025-12-02 09:45:00,12.105,12.105,12.046,12.046,764.47,2025-12-02 09:59:59.999,9231.63762,535,333.22,4033.62810,0,44.245524296675256,-0.007828839360092488,-0.000557187021922108,-0.00727165233817038,12.176936834517925,12.0875,11.998063165482076,0.06742857142857162,90885.44149999999,-0.9375000000000064,12.052200000000001,0.027644167557617193
2025-12-02 10:00:00,12.046,12.105,12.045,12.075,18057.69,2025-12-02 10:14:59.999,217984.27510,446,7836.85,94864.35009,0,39.44444444444446,-0.006537458686327824,-0.0017532413548032519,-0.004784217331524572,12.175207033001934,12.086,11.996792966998067,0.06678571428571457,91735.93149999999,-0.6172839506172927,12.063799999999999,0.020400980367472052
2025-12-02 10:15:00,12.074,12.087,12.045,12.063,32278.84,2025-12-02 10:29:59.999,389273.88946,527,15538.70,187634.94148,0,36.639118457300384,-0.006408457204759799,-0.0026842845247945614,-0.0037241726799652373,12.173919311829527,12.0843,11.994680688170474,0.06335714285714314,92932.03,-0.33049657109806785,12.066799999999999,0.018512158165759154
2025-12-02 10:30:00,12.069,12.105,12.045,12.105,4391.48,2025-12-02 10:44:59.999,53143.56923,536,4243.08,51354.13616,0,44.30379746835445,-0.0028839294661544557,-0.0027242135130665407,-0.00015971595308791496,12.17505729170722,12.084999999999999,11.994942708292777,0.06121428571428605,93136.21049999999,-0.1567139557901693,12.068999999999999,0.02272663635371882
2025-12-02 10:45:00,12.103,12.188,12.045,12.177,1645459.76,2025-12-02 10:59:59.999,20002180.36866,645,1637421.85,19905343.17813,0,58.809523809523796,0.005653907701882233,-0.0010485892700767858,0.006702496971959018,12.18660753073535,12.0882,11.989792469264652,0.06807142857142891,175393.6065,0.4371494556251983,12.0932,0.05155773462784231
2025-12-02 11:00:00,12.179,12.187,12.146,12.16,2250.0,2025-12-02 11:14:59.999,27408.16699,527,1851.00,22554.52234,0,54.32692307692303,0.010922539013570542,0.0013456363866526807,0.009576902626917861,12.195175791346161,12.09165,11.988124208653838,0.06450000000000015,175408.8725,0.8208274604095863,12.116,0.0506655701631375
2025-12-02 11:15:00,12.16,12.203,12.141,12.203,2747.0,2025-12-02 11:29:59.999,33420.31869,519,1400.28,17065.79219,0,58.60566448801735,0.01835611010946714,0.004747731131215574,0.013608378978251564,12.2121226984199,12.09725,11.982377301580101,0.06507142857142867,175518.64849999998,1.5985346765465005,12.1416,0.05674328154025586
2025-12-02 11:30:00,12.203,12.242,12.141,12.224,88732.77,2025-12-02 11:44:59.999,1085415.01341,555,86175.42,1054214.03929,0,69.54436450839341,0.025646160283068653,0.008927416961586191,0.01671874332148246,12.227049284997682,12.1009,11.974750715002317,0.06728571428571442,179798.58449999997,1.7225597070816407,12.1738,0.04557082399911137
2025-12-02 11:45:00,12.224,12.252,12.224,12.25,71977.79,2025-12-02 11:59:59.999,881419.55124,590,69128.79,846543.07560,0,80.40712468193416,0.03313954819363296,0.013769843207995546,0.019369704985637413,12.246017285753899,12.1054,11.9647827142461,0.06542857142857159,183372.2675,1.9389198635266753,12.2028,0.035968041369513926
2025-12-02 12:00:00,12.249,12.265,12.232,12.232,26180.32,2025-12-02 12:14:59.999,320755.87251,500,25065.91,307116.37653,0,76.54320987654334,0.03719688005297961,0.01845525057699236,0.01874162947598725,12.260025395654699,12.1095,11.958974604345302,0.0643571428571431,184638.862,1.5272244355909634,12.2138,0.03448477925055386
2025-12-02 12:15:00,12.232,12.265,12.203,12.209,2071.81,2025-12-02 12:29:59.999,25347.71247,510,404.21,4957.37735,0,72.42990654205624,0.03811704740656552,0.022387609942906995,0.015729437463658524,12.27169164883398,12.114799999999999,11.957908351166019,0.06457142857142895,184678.778,0.9508847362328445,12.2236,0.01874299869177185
2025-12-02 12:30:00,12.203,12.265,12.191,12.224,779.66,2025-12-02 12:44:59.999,9522.74207,568,177.13,2170.78828,0,71.35922330097104,0.03960017513479919,0.02583012298128544,0.013770052153513748,12.284123941940596,12.1198,11.955476058059403,0.06564285714285756,184673.03199999998,1.393497013934979,12.227799999999998,0.014939879516244155
2025-12-02 12:45:00,12.224,12.265,12.191,12.216,6129.61,2025-12-02 12:59:59.999,74809.06447,492,721.39,8846.66328,0,66.31016042780752,0.03967270910836973,0.028598640206702303,0.011074068901667428,12.294275991922747,12.1244,11.954524008077252,0.0634285714285718,184877.3135,1.4112568487464714,12.2262,0.015849290203660247
2025-12-02 13:00:00,12.216,12.265,12.191,12.265,10705.13,2025-12-02 13:14:59.999,130884.61921,535,5028.29,61671.56095,0,77.14285714285734,0.043186258983865855,0.03151616396213501,0.011670095021730845,12.31274411670315,12.134599999999999,11.956455883296847,0.06521428571428599,157528.4355,1.5734989648033233,12.2292,0.021787611157718868
2025-12-02 13:15:00,12.265,12.348,12.2,12.342,1330983.47,2025-12-02 13:29:59.999,16362404.43221,637,1316460.90,16183550.60099,0,82.74336283185855,0.051589339268268475,0.0355307990233617,0.01605854024490677,12.341994411691402,12.15115,11.960305588308596,0.07157142857142887,165791.3225,2.3128574981347914,12.2512,0.05521503418418516
2025-12-02 13:30:00,12.342,12.357,12.32,12.345,22585.37,2025-12-02 13:44:59.999,278957.78561,520,22390.06,276548.15070,0,81.69014084507057,0.05782435271880537,0.03998950976245044,0.01783484295635493,12.366073470706118,12.16755,11.969026529293883,0.06992857142857163,166810.00999999998,1.9826517967781925,12.2784,0.06227599858662767
2025-12-02 13:45:00,12.345,12.376,12.319,12.349,149521.84,2025-12-02 13:59:59.999,1846969.07492,772,76020.25,939574.65867,0,84.21052631578934,0.062369456103487764,0.04446549903065791,0.01790395707282985,12.385175031172839,12.184149999999999,11.983124968827159,0.0710000000000001,174201.8115,1.412498973474588,12.3034,0.06002749370049082
2025-12-02 14:00:00,12.351,12.4,12.342,12.4,2002.79,2025-12-02 14:14:59.999,24750.79703,523,607.63,7525.52747,0,84.54332552693197,0.06928804757463602,0.049430008739453545,0.01985803883518248,12.41391267343749,12.20175,11.98958732656251,0.07085714285714292,174218.441,1.9736842105263175,12.3402,0.04830838436507268
2025-12-02 14:15:00,12.4,12.508,12.342,12.5,558275.17,2025-12-02 14:29:59.999,6948572.40793,756,555638.13,6915659.49065,0,85.49450549450539,0.08189619704548257,0.05592324640065935,0.025972950644823217,12.466100447761873,12.22205,11.977999552238126,0.07249999999999991,199060.394,2.433827747275265,12.3872,0.06739955489441396
2025-12-02 14:30:00,12.5,12.582,12.5,12.578,287303.66,2025-12-02 14:44:59.999,3598875.41917,618,276028.38,3457672.10539,0,90.50387596899203,0.09706330905773619,0.06415125893207471,0.03291205012566148,12.526648436167067,12.248149999999999,11.969651563832931,0.0754285714285715,213159.9315,2.895942408376957,12.4344,0.10172659435942281
2025-12-02 14:45:00,12.583,12.706,12.578,12.696,1882862.12,2025-12-02 14:59:59.999,23744925.95931,735,1873626.30,23628067.80730,0,91.70896785109966,0.11725334486154892,0.07477167611796956,0.042481668743579365,12.607354936891992,12.28065,11.953945063108007,0.08014285714285727,307264.814,3.6408163265306106,12.5046,0.13892012093274564
2025-12-02 15:00:00,12.695,12.955,12.695,12.955,3699819.62,2025-12-02 15:14:59.999,47583913.34826,1046,3683666.12,47377109.00069,0,94.08926417370313,0.15239649718805026,0.09029664033198571,0.06209985685606455,12.755251183170097,12.32465,11.894048816829903,0.09150000000000004,491352.91050000006,5.910725964682806,12.6258,0.21353969186072305
2025-12-02 15:15:00,12.955,13.112,12.953,13.022,939260.16,2025-12-02 15:29:59.999,12253206.10305,869,935166.58,12199823.13783,0,94.3678160919539,0.1835383231169292,0.10894497688897443,0.07459334622795476,12.886119291904409,12.3726,11.859080708095592,0.10085714285714291,536701.9765,6.659022032926535,12.7502,0.2296784709109163
2025-12-02 15:30:00,13.022,13.247,13.022,13.247,4352566.16,2025-12-02 15:44:59.999,57367812.48140,728,4342697.22,57238577.94305,0,97.12163416898788,0.22379430271229594,0.13191484205363874,0.09187946065865721,13.05887526635237,12.4297,11.80052473364763,0.11457142857142852,754110.7105,8.368782722513087,12.899600000000001,0.2662786134859153
2025-12-02 15:45:00,13.247,13.364,13.246,13.315,1429515.85,2025-12-02 15:59:59.999,19019059.42878,726,1401374.80,18644312.74355,0,99.28698752228156,0.25820802686579114,0.15717347901606923,0.1010345478497219,13.217207360891994,12.4866,11.755992639108005,0.11857142857142845,743313.515,8.99639816633923,13.047,0.24703947053049213
2025-12-02 16:00:00,13.315,13.396,13.315,13.39,70756.03,2025-12-02 16:14:59.999,945322.05353,562,57524.56,768856.63887,0,99.3231810490693,0.2882107107254708,0.18338092535794956,0.10482978536752122,13.364937006223961,12.5481,11.731262993776038,0.11907142857142856,746738.8165,9.172441907867917,13.1858,0.18857014609950795
2025-12-02 16:15:00,13.389,13.398,13.261,13.321,1165056.92,2025-12-02 16:29:59.999,15498202.10757,834,56992.14,758278.40173,0,94.4489139179404,0.30292836092065656,0.20729041247049096,0.0956379484501656,13.472767063444733,12.604,11.735232936555265,0.1235714285714286,804854.3125,7.93226381461675,13.259,0.14182207162494728
2025-12-02 16:30:00,13.321,13.344,13.301,13.311,24732.31,2025-12-02 16:44:59.999,329581.45992,603,22012.22,293352.26506,0,93.43853820598002,0.31020938758730665,0.22787420749385415,0.0823351800934525,13.562313500660496,12.65835,11.754386499339505,0.12135714285714284,801654.2895000001,7.8250303766707106,13.3168,0.05070700148887956
2025-12-02 16:45:00,13.312,13.355,13.246,13.246,454125.96,2025-12-02 16:59:59.999,6030164.99498,633,916.20,12235.83700,0,87.91946308724832,0.3071935607581864,0.2437380781467206,0.06345548261146577,13.627010226470558,12.70815,11.789289773529442,0.11857142857142845,820761.698,7.26374605231193,13.3166,0.051051934341346736
2025-12-02 17:00:00,13.246,13.355,13.236,13.259,38592.54,2025-12-02 17:14:59.999,511167.00731,554,742.05,9909.12691,0,88.01996672212977,0.3023669891882683,0.2554638603550302,0.046903128833238106,13.681103294036532,12.7595,11.837896705963466,0.12442857142857136,821382.3090000001,6.92741935483871,13.3054,0.05725644068568046
2025-12-02 17:15:00,13.26,13.437,13.236,13.437,2575063.19,2025-12-02 17:29:59.999,34413216.30989,793,2573923.53,34398076.54061,0,89.53488372093022,0.309339139790886,0.26623891624220136,0.043100223548684646,13.751658807583773,12.8209,11.890141192416227,0.13471428571428565,950031.8780000001,7.495999999999996,13.3148,0.07555263066229397
2025-12-02 17:30:00,13.437,13.465,13.358,13.363,278304.87,2025-12-02 17:44:59.999,3739461.02851,584,244852.97,3291965.05067,0,84.41744102930664,0.3053732846813624,0.27406578993003355,0.031307494751328824,13.794100775830804,12.87785,11.961599224169197,0.13821428571428562,963908.1385,6.2410558117347765,13.3232,0.07868417884170378
2025-12-02 17:45:00,13.362,13.363,13.316,13.334,509897.88,2025-12-02 17:59:59.999,6799021.35344,678,84.79,1131.46900,0,81.40060240963855,0.29647270549662075,0.278547173043351,0.01792553245326972,13.815760830581558,12.93375,12.051739169418441,0.12971428571428564,989096.5519999999,5.025204788909892,13.3278,0.07846464171837747
2025-12-02 18:00:00,13.334,13.362,13.299,13.33,4414.66,2025-12-02 18:14:59.999,58863.32606,503,1684.15,22502.31996,0,79.98405103668266,0.2858016225969333,0.2799980629540675,0.00580355964286583,13.826587116573256,12.987,12.147412883426744,0.12835714285714278,988782.0285,2.89463527595523,13.3446,0.06428296819526791
2025-12-02 18:15:00,13.335,13.399,13.319,13.34,221894.26,2025-12-02 18:29:59.999,2971596.30182,542,220240.12,2949456.67574,0,78.09773123909252,0.27498180981117315,0.2789948123254886,-0.004013002514315467,13.832557927027752,13.0369,12.241242072972247,0.12492857142857121,933327.568,2.442021194900934,13.360800000000001,0.04447133908478917
2025-12-02 18:30:00,13.341,13.406,13.337,13.366,247.67,2025-12-02 18:44:59.999,3312.64995,498,35.02,469.27724,0,72.5082146768894,0.2654451267475597,0.27628487520990286,-0.010839748462343146,13.825591897143216,13.087950000000001,12.350308102856786,0.11128571428571414,932210.683,0.8983165999849005,13.3466,0.016757088052341464
2025-12-02 18:45:00,13.366,13.372,13.347,13.361,1476.91,2025-12-02 18:59:59.999,19716.63766,488,169.84,2269.43592,0,69.9177438307874,0.25454949042424424,0.27193779825277115,-0.017388307828526905,13.79739283726129,13.13855,12.47970716273871,0.10171428571428555,924808.4365000001,0.34547502816373377,13.3462,0.016284962388471404
2025-12-02 19:00:00,13.361,13.414,13.347,13.385,2666.17,2025-12-02 19:14:59.999,35609.80323,515,1050.12,14035.53342,0,60.615384615384656,0.2450267042401748,0.2665555794502519,-0.02152887521007707,13.755087395835355,13.187800000000001,12.620512604164647,0.0904285714285713,924841.6055,-0.03734129947722764,13.356399999999999,0.021778429695324317
2025-12-02 19:15:00,13.391,13.422,13.347,13.422,1758.34,2025-12-02 19:29:59.999,23491.95281,506,227.89,3057.97645,0,58.64297253634906,0.23772507171145563,0.26078947790249263,-0.023064406191037,13.7080524960112,13.2339,12.7597475039888,0.08735714285714279,897015.7640000001,0.7582013362360248,13.374800000000002,0.03086583872171094
2025-12-02 19:30:00,13.422,13.472,13.347,13.439,116920.9,2025-12-02 19:44:59.999,1573751.40927,603,116130.17,1563150.29392,0,54.367201426024934,0.23065142717514675,0.2547618677570235,-0.024110440581876724,13.6447866199107,13.27695,12.909113380089298,0.09049999999999983,888496.6259999999,0.9616106979190152,13.3946,0.034500724630001214
2025-12-02 19:45:00,13.444,13.472,13.413,13.413,1221.53,2025-12-02 19:59:59.999,16423.35724,490,517.68,6973.60662,0,58.88030888030901,0.22040681761336423,0.2478908577282916,-0.02748404011492739,13.563271219062996,13.312800000000001,13.062328780937007,0.08492857142857117,794414.5965,1.2607579646685776,13.404,0.030983866769585224
2025-12-02 20:00:00,13.413,13.421,13.403,13.419,185785.7,2025-12-02 20:14:59.999,2491349.03298,647,27679.87,371459.74304,0,60.50583657587562,0.21034728798389501,0.24038214377941233,-0.030034855795517318,13.52545239646483,13.335999999999999,13.146547603535167,0.08314285714285687,618712.9005,1.2067275058450873,13.415600000000001,0.01964179217881418
2025-12-02 20:15:00,13.419,13.42,13.337,13.337,16333.9,2025-12-02 20:29:59.999,219187.64944,502,15764.77,211563.21340,0,58.56873822975516,0.19352745949375638,0.23101120692228116,-0.03748374742852478,13.470455074604216,13.351750000000001,13.233044925395786,0.08128571428571403,572566.5875,-0.7442137381856043,13.406,0.03976179070408594
2025-12-02 20:30:00,13.337,13.42,13.283,13.298,712321.02,2025-12-02 20:44:59.999,9480338.79115,684,212.51,2824.74787,0,53.50089766606822,0.17503297894457504,0.21981556132673993,-0.0447825823821649,13.465483300525479,13.3543,13.243116699474522,0.08257142857142837,390554.3305,-0.48641772057172417,13.381200000000002,0.06053263582560284
2025-12-02 20:45:00,13.299,13.345,13.283,13.338,1491.4,2025-12-02 20:59:59.999,19823.64106,515,247.91,3302.22313,0,38.186157517899645,0.16173920667447916,0.2082002903962878,-0.04646108372180863,13.465390605974564,13.35545,13.245509394025435,0.0726428571428571,319153.108,0.029998500074992947,13.361,0.05277783625722721
2025-12-02 21:00:00,13.345,13.368,13.283,13.368,303.06,2025-12-02 21:14:59.999,4039.34194,452,101.55,1356.04154,0,50.66666666666678,0.15187383858053494,0.19693500003313724,-0.045061161452602305,13.463270589131676,13.35435,13.245429410868324,0.07107142857142865,315630.4595,0.28507126781695613,13.351999999999999,0.04494997219125394
2025-12-02 21:15:00,13.368,13.398,13.351,13.374,157317.15,2025-12-02 21:29:59.999,2105292.53814,527,156671.52,2096662.39115,0,55.681818181818336,0.14289243806726581,0.18612648763996298,-0.043234049572697164,13.465079892477018,13.357,13.24892010752298,0.07107142857142865,265243.471,0.25487256371814615,13.343,0.030298514814992298
2025-12-02 21:30:00,13.374,13.401,13.372,13.395,15850.07,2025-12-02 21:44:59.999,212365.98202,513,15670.58,209963.01345,0,58.80758807588074,0.13590253808601638,0.17608169772917368,-0.0401791596431573,13.468277148773314,13.3612,13.254122851226686,0.06864285714285716,264799.359,0.21696842735298452,13.3546,0.03764040382347876
2025-12-02 21:45:00,13.395,13.43,13.383,13.424,16666.9,2025-12-02 21:59:59.999,223137.15131,523,4013.99,53801.89188,0,60.82474226804124,0.13119076416240638,0.16710351101582024,-0.03591274685341386,13.465851652452143,13.370099999999999,13.274348347547855,0.06628571428571448,242926.40599999996,0.47152159269514876,13.3798,0.03203435655659626
2025-12-02 22:00:00,13.43,13.471,13.383,13.465,2801.07,2025-12-02 22:14:59.999,37521.38007,468,555.10,7460.59316,0,62.28287841191073,0.12927480722325413,0.15953777025730703,-0.030262963034052903,13.469949515852518,13.3804,13.290850484147482,0.06764285714285734,241136.83249999996,0.5976839745984316,13.405199999999999,0.03997123966048269
2025-12-02 22:15:00,13.383,13.471,13.383,13.451,2957.68,2025-12-02 22:29:59.999,39828.17880,458,2645.33,35635.24043,0,60.92233009708738,0.12518367506610417,0.15266695121906648,-0.02748327615296231,13.472707630111708,13.3811,13.289492369888292,0.07214285714285738,112531.557,0.21606317985397044,13.4218,0.03783781177600211
2025-12-02 22:30:00,13.451,13.513,13.383,13.474,1008988.82,2025-12-02 22:44:59.999,13612129.18917,571,1007649.97,13594188.59976,0,60.827250608272564,0.12238653534108934,0.14661086804347107,-0.024224332702381723,13.486701092210817,13.38665,13.286598907789182,0.07664285714285743,149065.75449999998,0.2604360443485389,13.4418,0.03227537761199206
2025-12-02 22:45:00,13.476,13.513,13.447,13.504,8672.51,2025-12-02 22:59:59.999,116721.85389,435,287.75,3888.36575,0,60.14851485148507,0.1211934881452379,0.14152739206382445,-0.020333903918586554,13.504793009232822,13.395149999999997,13.285506990767173,0.07600000000000026,124004.48599999999,0.6784462834563432,13.4636,0.029449957555100006
2025-12-02 23:00:00,13.505,13.544,13.447,13.516,106690.09,2025-12-02 23:14:59.999,1443809.22133,491,106255.49,1437951.27023,0,59.64912280701756,0.11983490714398748,0.13718889507985707,-0.01735398793586959,13.522087221105474,13.40445,13.286812778894527,0.07400000000000036,129118.25749999999,0.7228556524331137,13.482,0.02717535648335825
2025-12-02 23:15:00,13.516,13.55,13.511,13.55,1131.71,2025-12-02 23:29:59.999,15302.15233,461,243.08,3293.21618,0,66.83046683046689,0.12011710257440988,0.13377453657876764,-0.01365743400435776,13.545179716068613,13.41495,13.284720283931385,0.07257142857142908,118080.13,1.597060808277731,13.499,0.03822302970720718
2025-12-02 23:30:00,13.55,13.55,13.511,13.511,2015.83,2025-12-02 23:44:59.999,27242.72880,542,239.73,3245.24097,0,60.454545454545276,0.11585822887945163,0.13019127503890443,-0.0143330461594528,13.557019333300241,13.4222,13.28738066669976,0.07407142857142926,118168.53800000002,1.6017446232516108,13.511,0.02722131517760239
2025-12-02 23:45:00,13.511,13.52,13.479,13.479,169456.3,2025-12-02 23:59:59.999,2288935.25052,635,240.00,3244.46513,0,68.2051282051281,0.10864847622523399,0.12588271527617034,-0.01723423905093635,13.561967019640054,13.4281,13.294232980359947,0.07107142857142927,126567.50749999999,1.0571300044984255,13.512,0.025563646062297638
2025-12-03 00:00:00,13.479,13.52,13.476,13.52,2797.66,2025-12-03 00:14:59.999,37720.49278,504,390.89,5284.52791,0,78.3163265306121,0.10503230561323207,0.12171263334358269,-0.016680327730350622,13.573108758169123,13.43485,13.296591241830878,0.06442857142857202,126574.08200000001,1.1370436864153144,13.515199999999998,0.02531205246514999
2025-12-03 00:15:00,13.52,13.52,13.453,13.466,228981.62,2025-12-03 00:29:59.999,3081668.66966,659,3375.48,45617.85055,0,65.76354679802948,0.09669448185040252,0.11670900304494666,-0.020014521194544138,13.575847049869846,13.43705,13.298252950130152,0.0647857142857148,137935.24599999998,0.687901899207408,13.505199999999999,0.03347685767807748
2025-12-03 00:30:00,13.469,13.5,13.443,13.5,1737.8,2025-12-03 00:44:59.999,23401.12346,492,838.60,11304.00321,0,66.09756097560964,0.0917723181404888,0.1117216660640551,-0.0199493479235663,13.581729464671367,13.440099999999997,13.298470535328628,0.06278571428571476,132176.091,0.7838745800671924,13.4952,0.022376326776260242
2025-12-03 00:45:00,13.5,13.613,13.5,13.576,406802.5,2025-12-03 00:59:59.999,5518957.99902,670,398697.75,5409039.16404,0,71.04166666666657,0.09293276175077736,0.10796388520139956,-0.0150311234506222,13.601588806156906,13.448250000000002,13.294911193843097,0.06750000000000053,152455.1395,1.1323003575685415,13.508199999999999,0.04311844153025881
2025-12-03 01:00:00,13.579,13.613,13.559,13.559,4723.28,2025-12-03 01:14:59.999,64263.33655,489,3891.91,52980.57083,0,67.22689075630232,0.09142675304942927,0.1046564587710055,-0.013229705721576238,13.615588950187746,13.455250000000001,13.294911049812256,0.06928571428571484,143402.01849999998,0.6981062012625282,13.524199999999999,0.04439819816162288
2025-12-03 01:15:00,13.559,13.635,13.559,13.627,1763.29,2025-12-03 01:29:59.999,23997.18155,522,1559.44,21229.44811,0,69.70873786407756,0.09462943280706959,0.10265105357821833,-0.008021620771148735,13.637349616881679,13.46975,13.30215038311832,0.07135714285714341,142673.48799999998,1.30845290312988,13.545600000000002,0.06353188176025727
2025-12-03 01:30:00,13.633,13.652,13.559,13.652,4747.86,2025-12-03 01:44:59.999,64705.85942,508,3849.78,52517.12900,0,68.73747494989959,0.09805455873904556,0.10173175461038379,-0.003677195871338232,13.653441090439218,13.48745,13.321458909560784,0.07171428571428619,107294.83,1.3210627875909087,13.5828,0.05960453002918639
2025-12-03 01:45:00,13.652,13.715,13.559,13.704,993567.56,2025-12-03 01:59:59.999,13585372.09651,612,991165.97,13552519.91492,0,73.55679702048391,0.10376877924142747,0.10213915953659253,0.0016296197048349392,13.682705391345532,13.505749999999997,13.328794608654462,0.07657142857142903,156898.63799999998,1.481042654028444,13.6236,0.058568763005557765
2025-12-03 02:00:00,13.706,13.816,13.683,13.816,859449.61,2025-12-03 02:14:59.999,11849518.96133,619,858301.96,11833813.05523,0,77.31629392971222,0.11599765537017426,0.10491085870330889,0.011086796666865364,13.74138698207921,13.52815,13.31491301792079,0.07678571428571475,199855.9655,2.219591595146498,13.671600000000002,0.09611607565856188
2025-12-03 02:15:00,13.817,13.911,13.807,13.903,332814.97,2025-12-03 02:29:59.999,4620239.30720,788,331739.32,4605368.67522,0,79.20937042459714,0.13119694401383697,0.11016807576541451,0.021028868248422455,13.813643097409914,13.554600000000002,13.295556902590091,0.07950000000000035,208630.8565,2.6051660516605146,13.7404,0.11635420061176928
2025-12-03 02:30:00,13.911,13.935,13.869,13.928,40282.31,2025-12-03 02:44:59.999,560107.10974,545,16158.09,225116.13662,0,79.59770114942506,0.14360439871740027,0.11685534035581169,0.026749058361588585,13.878072381763436,13.58125,13.284427618236565,0.0772857142857146,209852.46850000002,3.086374065576209,13.8006,0.12079652312879349
2025-12-03 02:45:00,13.921,13.935,13.849,13.928,49728.41,2025-12-03 02:59:59.999,691806.63412,594,28889.20,402463.74817,0,78.54984894259793,0.1516888216479142,0.12382203661423219,0.027866785033682007,13.931314003934814,13.60645,13.281585996065187,0.08064285714285736,211505.544,3.3311076489353932,13.855799999999999,0.09654118292214016
2025-12-03 03:00:00,13.929,13.94,13.831,13.86,486200.62,2025-12-03 03:14:59.999,6739894.19310,688,108809.21,1516513.48435,0,75.2532561505063,0.1508696222726993,0.1292315537459256,0.02163806852677369,13.962676228924874,13.6262,13.289723771075128,0.08564285714285726,235675.52149999997,2.514792899408283,13.887,0.04844584605522655
2025-12-03 03:15:00,13.856,13.9,13.83,13.9,108451.86,2025-12-03 03:29:59.999,1504726.64042,610,80232.95,1114141.84064,0,80.11444921316145,0.15169937065653194,0.13372511712804688,0.017974253528485057,13.995657826394261,13.64865,13.301642173605739,0.08771428571428583,240950.23049999998,3.2229318283083406,13.9038,0.027860366114016304
2025-12-03 03:30:00,13.901,13.943,13.901,13.936,133958.0,2025-12-03 03:44:59.999,1865785.38803,588,133319.04,1856885.57280,0,79.97118155619573,0.15349248553666683,0.13767859080977088,0.015813894726895955,14.03109553082825,13.67175,13.31240446917175,0.08764285714285729,197198.6895,3.2296296296296294,13.9104,0.03131772660981559
2025-12-03 03:45:00,13.934,13.964,13.922,13.935,7854.38,2025-12-03 03:59:59.999,109647.13774,536,7436.37,103824.51948,0,86.58346333853333,0.15306837342809132,0.14075654733343498,0.012311826094656336,14.06186369870067,13.693299999999999,13.324736301299328,0.08585714285714298,197157.783,2.644372421921037,13.9118,0.03243763246612144
2025-12-03 04:00:00,13.933,13.994,13.921,13.954,1817.62,2025-12-03 04:14:59.999,25344.24336,557,806.50,11265.92653,0,86.2619808306707,0.15250739244925704,0.1431067163565994,0.009400676092657628,14.091378345161358,13.7152,13.33902165483864,0.08700000000000012,191914.1595,2.9131941883619836,13.916999999999998,0.03738983819177749
2025-12-03 04:15:00,13.954,14.04,13.921,14.011,77313.83,2025-12-03 04:29:59.999,1084297.54686,587,74235.08,1041357.78850,0,85.83196046128474,0.15487691000203085,0.1454607550856857,0.009416154916345149,14.128055282025082,13.738250000000003,13.348444717974923,0.08742857142857156,195723.2655,2.817934982020977,13.9472,0.040678003884261404
2025-12-03 04:30:00,14.011,14.063,13.986,14.063,2302.29,2025-12-03 04:44:59.999,32290.51064,486,1556.83,21860.36459,0,89.25233644859804,0.1591165387399407,0.1481919118165367,0.010924626923403985,14.16593908218561,13.76585,13.365760917814391,0.08907142857142869,195737.5885,3.0105479050688646,13.979800000000001,0.05587217554390419
2025-12-03 04:45:00,14.062,14.144,13.986,14.144,1793230.97,2025-12-03 04:59:59.999,25290787.25232,633,1792364.53,25278662.20110,0,89.46564885496173,0.16708642975978272,0.15197081540518592,0.015115614354596796,14.209219828445447,13.799100000000001,13.388980171554556,0.09492857142857147,276926.322,3.2107413893753614,14.0214,0.08496646397261592
2025-12-03 05:00:00,14.143,14.224,14.128,14.136,175052.64,2025-12-03 05:14:59.999,2485252.55512,714,171801.86,2439263.59069,0,87.93103448275842,0.1707883508749326,0.15573432249913527,0.015054028375797335,14.24426668226141,13.829899999999999,13.415533317738587,0.0951428571428572,285539.071,2.31615518239721,14.061599999999999,0.08134064174821054
2025-12-03 05:15:00,14.136,14.224,14.085,14.167,559199.67,2025-12-03 05:29:59.999,7891625.75845,953,64901.38,919097.22446,0,87.52025931928665,0.17421534490104662,0.15943052697951754,0.014784817921529081,14.268152169480265,13.864950000000002,13.461747830519739,0.09392857142857139,302049.97349999996,1.8988707473207176,14.1042,0.06504383137555535
2025-12-03 05:30:00,14.175,14.239,14.168,14.222,17517.05,2025-12-03 05:44:59.999,248528.84008,608,13501.03,191626.95453,0,86.24999999999974,0.17930241606223518,0.16340490479606107,0.015897511266174114,14.295871465315134,13.901050000000001,13.506228534684869,0.08957142857142854,302838.936,2.1108558299827593,14.1464,0.0574656419089914
2025-12-03 05:45:00,14.222,14.256,14.167,14.215,13252.85,2025-12-03 05:59:59.999,188586.14971,526,10120.35,144148.50499,0,82.49999999999979,0.1806862761906629,0.16686117907498146,0.013825097115681445,14.320417903017981,13.933000000000002,13.545582096982022,0.08850000000000005,283161.4535,2.0605973578403143,14.1768,0.0398082905939582
2025-12-03 06:00:00,14.217,14.329,14.167,14.322,676596.35,2025-12-03 06:14:59.999,9660049.36525,696,675570.25,9645414.92983,0,85.05338078291793,0.18824700676204564,0.17113834461239433,0.017108662149651316,14.353738565597842,13.97115,13.588561434402157,0.09535714285714292,316755.10699999996,3.3333333333333317,14.212399999999999,0.07072693970485056
2025-12-03 06:15:00,14.317,14.392,14.317,14.387,129098.52,2025-12-03 06:29:59.999,1856060.66987,814,128764.57,1851264.24342,0,86.60287081339696,0.1972105762209697,0.1763527909341094,0.020857785286860303,14.398721573046872,14.009150000000002,13.619578426953131,0.09457142857142856,323121.8685,3.5035971223021587,14.2626,0.08952262283922643
2025-12-03 06:30:00,14.387,14.392,14.387,14.387,3160.69,2025-12-03 06:44:59.999,45479.85796,524,1428.38,20557.10598,0,97.13774597495528,0.20198590185150955,0.18147941311758947,0.02050648873392008,14.432270915326738,14.0459,13.659529084673261,0.08714285714285706,323042.51,3.236222732491393,14.3066,0.08472484877540375
2025-12-03 06:45:00,14.387,14.393,14.221,14.27,784908.64,2025-12-03 06:59:59.999,11223221.97269,469,1415.70,20211.09209,0,79.0880503144653,0.19409208686857937,0.18400194786778748,0.010090139000791892,14.437343932607126,14.074200000000001,13.711056067392876,0.09442857142857138,312609.56399999995,2.40401865805525,14.3162,0.07489125449620383
2025-12-03 07:00:00,14.276,14.276,14.22,14.276,14672.95,2025-12-03 07:14:59.999,208713.52121,13,1112.08,15876.05408,0,78.05280528052796,0.18617423083501983,0.18443640446123397,0.0017378263737858612,14.449597861275395,14.0972,13.744802138724607,0.0953571428571428,270370.731,2.307582055324632,14.328399999999998,0.057151552909919544
2025-12-03 07:15:00,14.22,14.276,14.22,14.276,4851.73,2025-12-03 07:29:59.999,69085.37092,32,1674.47,23904.73372,0,78.18181818181802,0.17784913871943786,0.18311895131287476,-0.0052698125934368956,14.46443346429347,14.115849999999998,13.767266535706526,0.09635714285714274,253972.569,1.8913710655913252,14.3192,0.06194110105588396
2025-12-03 07:30:00,14.22,14.276,14.22,14.276,3929.39,2025-12-03 07:44:59.999,56078.44756,65,3616.46,51628.58296,0,77.47440273037526,0.16929985984005747,0.18035513301831133,-0.01105527317825386,14.477061377295435,14.133249999999999,13.789438622704562,0.09514285714285695,252154.923,1.5146128137666157,14.297,0.05037856687138826
2025-12-03 07:45:00,14.22,14.276,14.22,14.276,10165.83,2025-12-03 07:59:59.999,144657.90972,60,1782.27,25443.68652,0,75.04725897920594,0.16067236373980087,0.17641857916260925,-0.01574621542280838,14.485840299444948,14.150649999999999,13.81545970055505,0.0906428571428569,250176.794,0.9332579185520339,14.274799999999999,0.0026832815757315063
2025-12-03 08:00:00,14.276,14.276,14.22,14.276,7678.79,2025-12-03 08:14:59.999,109546.00020,57,6314.40,90144.37440,0,72.32704402515705,0.15208190538501398,0.17155124440709021,-0.019469339022076232,14.481375950408692,14.171450000000002,13.861524049591312,0.08914285714285684,226250.70249999998,0.9903791737408078,14.276,0.0
2025-12-03 08:15:00,14.22,14.276,14.22,14.276,12409.14,2025-12-03 08:29:59.999,176733.87776,15,4926.91,70336.56716,0,66.66666666666652,0.1436183621681888,0.16596466795930995,-0.02234630579112115,14.47547705636755,14.19025,13.905022943632451,0.08185714285714253,221448.56650000002,0.7693936613256158,14.276,0.0
2025-12-03 08:30:00,14.276,14.276,14.217,14.217,12135.83,2025-12-03 08:44:59.999,172979.22468,33,7387.84,105468.76884,0,59.06040268456389,0.13064415181690414,0.1589005647308288,-0.028256412913924667,14.463268886568276,14.2043,13.945331113431724,0.07921428571428533,215357.458,-0.03515679932498246,14.264199999999999,0.026385602134773645
2025-12-03 08:45:00,14.276,14.276,14.217,14.217,7811.95,2025-12-03 08:59:59.999,111512.35753,17,7624.82,108851.93032,0,56.009615384615465,0.11899034995402502,0.15091852177546805,-0.03192817182144303,14.444218184899851,14.218399999999999,13.992581815100147,0.07349999999999961,215355.33650000003,0.014069644741474978,14.2524,0.03231563089302903
2025-12-03 09:00:00,14.276,14.472,14.217,14.407,5251120.78,2025-12-03 09:14:59.999,75352955.01092,1080,4455813.99,63909619.87264,0,66.7876588021779,0.12366055818163701,0.14546692905670186,-0.021806370875064846,14.445022624581906,14.241050000000001,14.037077375418097,0.08657142857142805,477820.49450000003,0.5934925289764059,14.2786,0.07760347930353803
2025-12-03 09:15:00,14.407,14.41,14.368,14.369,21878.49,2025-12-03 09:29:59.999,314850.13444,642,8058.76,116072.54299,0,63.23024054982816,0.12287897707014928,0.14094933865939135,-0.01807036158924208,14.439395617991995,14.258949999999999,14.078504382008003,0.08321428571428514,475048.72750000004,-0.12511294919024593,14.2972,0.08735673986599278
2025-12-03 09:30:00,14.368,14.368,14.308,14.316,510379.77,2025-12-03 09:44:59.999,7322649.54697,700,1921.28,27563.98203,0,49.43181818181833,0.11663837674553434,0.13608714627661997,-0.019448769531085625,14.42808830459036,14.271600000000001,14.115111695409642,0.07599999999999937,500452.6015,-0.49350107736150506,14.3052,0.0867594375270769
2025-12-03 09:45:00,14.316,14.448,14.307,14.448,1496278.93,2025-12-03 09:59:59.999,21550444.15358,731,1495244.79,21535648.40288,0,55.12605042016808,0.12094971977615643,0.13305966097652727,-0.012109941200370844,14.450014550434586,14.2868,14.123585449565413,0.08071428571428514,485604.99950000003,1.247372109320258,14.351400000000002,0.08951145178140536
2025-12-03 10:00:00,14.448,14.46,14.428,14.457,28719.9,2025-12-03 10:14:59.999,414969.38853,603,18416.75,266229.42255,0,55.794701986754994,0.12366715696794373,0.13118116017481057,-0.007514003206866848,14.466756616545053,14.302850000000001,14.138943383454949,0.08264285714285664,478288.3625,1.267862146259463,14.3994,0.05834637949363212
2025-12-03 10:15:00,14.456,14.562,14.428,14.509,498677.37,2025-12-03 10:29:59.999,7252760.58356,744,490379.01,7132256.90207,0,72.1706864564009,0.12853503901885155,0.13065193594361876,-0.0021168969247672142,14.495152108855017,14.31995,14.144747891144984,0.07992857142857078,475262.24749999994,1.6321098346875913,14.4198,0.07663354356947696
2025-12-03 10:30:00,14.508,14.562,14.365,14.366,279375.56,2025-12-03 10:44:59.999,4029930.34561,744,394.22,5681.31112,0,56.656804733727824,0.11947671254570302,0.1284168912640356,-0.008940178718332581,14.49716210483183,14.32715,14.15713789516817,0.08999999999999934,488355.17299999995,0.630428691510226,14.4192,0.07714078039542328
2025-12-03 10:45:00,14.366,14.366,14.33,14.34,554037.74,2025-12-03 10:59:59.999,7949963.58392,764,495.61,7119.69191,0,54.55840455840458,0.10894410106336849,0.12452233322390219,-0.015578232160533695,14.495036890004732,14.333400000000001,14.17176310999527,0.08857142857142795,515394.4175,0.44830484729616177,14.424000000000001,0.0694802130107195
2025-12-03 11:00:00,14.34,14.356,14.296,14.3,3138.79,2025-12-03 11:14:59.999,44981.61308,511,258.61,3712.45739,0,51.61725067385451,0.09625964362207107,0.11886979530353599,-0.02261015168146492,14.494561776800332,14.332299999999998,14.170038223199665,0.08885714285714233,481721.5395000001,0.1681143177360669,14.394400000000001,0.08621078818810823
2025-12-03 11:15:00,14.297,14.356,14.294,14.34,3339.25,2025-12-03 11:29:59.999,47887.84088,497,1957.70,28104.74120,0,54.09207161125322,0.08841558558547824,0.11277895335992444,-0.0243633677744462,14.490225388004133,14.32995,14.169674611995868,0.08928571428571377,475433.57600000006,0.44830484729616177,14.370999999999999,0.08067217612048637
2025-12-03 11:30:00,14.339,14.366,14.294,14.294,4695.74,2025-12-03 11:44:59.999,67186.52219,519,894.37,12845.64028,0,51.08695652173917,0.07759285537919425,0.10574173376377839,-0.028148878384584144,14.483994808059805,14.325299999999999,14.166605191940192,0.09042857142857093,475510.32849999995,0.5416051206302311,14.328,0.030298514815326177
2025-12-03 11:45:00,14.365,14.425,14.294,14.425,1524691.24,2025-12-03 11:59:59.999,21953889.38828,629,1510629.36,21752713.99158,0,57.768508863399454,0.07867940173747101,0.10032926735851692,-0.021649865621045913,14.495469178281258,14.33305,14.170630821718742,0.09578571428571385,512499.4585,1.4630372089751718,14.3398,0.05229913957241245
2025-12-03 12:00:00,14.426,14.539,14.415,14.527,757461.27,2025-12-03 12:14:59.999,10986580.42207,667,753747.56,10932725.97379,0,65.46906187624751,0.08677080527472647,0.09761757494175885,-0.01084676966703238,14.52712384213384,14.3456,14.164076157866159,0.10042857142857109,549638.8745,0.8329284375650672,14.377199999999998,0.09873044110108571
2025-12-03 12:15:00,14.527,14.539,14.419,14.423,103304.43,2025-12-03 12:29:59.999,1490730.54492,620,547.99,7923.09157,0,59.31283905967452,0.08382508661844845,0.09485907727709678,-0.011033990658648324,14.534512197548995,14.352950000000002,14.171387802451008,0.10478571428571394,554561.5095,0.375809033335655,14.4018,0.08958627126973859
2025-12-03 12:30:00,14.419,14.469,14.41,14.462,3041.34,2025-12-03 12:44:59.999,43881.63917,528,1131.52,16356.96422,0,52.87958115183246,0.08367302685505429,0.09262186719268829,-0.008948840337634004,14.54625443358468,14.36225,14.178245566415319,0.09078571428571396,554517.1070000001,1.0198379435596465,14.4262,0.08504528205618112
2025-12-03 12:45:00,14.465,14.465,14.41,14.446,3914.89,2025-12-03 12:59:59.999,56515.50554,519,278.22,4023.05892,0,54.12647374062166,0.08132399966886261,0.09036229368792317,-0.009038294019060561,14.553681537380223,14.370750000000001,14.187818462619779,0.09171428571428539,554204.56,-0.01384274640089056,14.4566,0.04250058823140832
2025-12-03 13:00:00,14.446,14.46,14.41,14.46,2629.06,2025-12-03 13:14:59.999,38005.60067,545,2451.66,35446.77762,0,58.05369127516782,0.0796736336435675,0.08822456167905204,-0.008550928035484545,14.561318453126068,14.37995,14.19858154687393,0.09092857142857115,553952.0735,0.020751193193609418,14.4636,0.038707880334833585
2025-12-03 13:15:00,14.46,14.526,14.41,14.513,502627.56,2025-12-03 13:29:59.999,7295131.33886,558,501657.33,7281089.22259,0,53.98773006134969,0.08170057041983725,0.0869197634272091,-0.00521919300737185,14.575525882770688,14.3918,14.208074117229312,0.08914285714285684,578462.9945,0.02756909504445213,14.4608,0.03307113545096047
2025-12-03 13:30:00,14.511,14.548,14.481,14.548,415088.81,2025-12-03 13:44:59.999,6035172.97231,614,414775.12,6030615.73183,0,55.41022592152198,0.0851495884591369,0.08656572843359467,-0.0014161399744577752,14.585284451139023,14.408350000000002,14.231415548860982,0.09164285714285685,598610.6435,1.266880133648896,14.485800000000001,0.043083639586459554
2025-12-03 13:45:00,14.548,14.585,14.527,14.583,12633.59,2025-12-03 13:59:59.999,183921.97750,579,5872.96,85556.07143,0,54.49029126213593,0.08967346768127804,0.08718727628313135,0.002486191398146695,14.595791827749975,14.42665,14.257508172250025,0.08621428571428565,598851.7255,1.6945606694560693,14.51,0.05783165223315124
2025-12-03 14:00:00,14.583,14.588,14.252,14.338,3402087.75,2025-12-03 14:14:59.999,48927107.64659,1384,872933.13,12539622.62146,0,48.48812095032394,0.07265173809541992,0.08428016864558907,-0.011628430550169155,14.596785834978343,14.4232,14.249614165021656,0.09614285714285702,506400.074,0.2657342657342551,14.488400000000002,0.09556830018377459
2025-12-03 14:15:00,14.339,14.398,14.269,14.354,112960.15,2025-12-03 14:29:59.999,1614754.48008,756,40357.16,577694.03619,0,50.76419213973795,0.05976403841310152,0.07937694259909156,-0.019612904185990043,14.597147904665748,14.422450000000001,14.247752095334254,0.10278571428571416,510954.157,0.09762900976289642,14.4672,0.11351519722053051
2025-12-03 14:30:00,14.354,14.594,14.235,14.582,11631889.48,2025-12-03 14:44:59.999,167959386.80853,1554,11455020.20,165437027.45740,0,62.771739130434796,0.06717380033250464,0.07693631414577418,-0.009762513813269535,14.616714521093503,14.435749999999999,14.254785478906495,0.12414285714285699,1067029.6425,2.014831397789284,14.481,0.12416923934701428
2025-12-03 14:45:00,14.582,14.582,14.235,14.243,989368.45,2025-12-03 14:59:59.999,14274003.01027,985,3906.07,56396.90445,0,46.543121881682126,0.04517092092084063,0.07058323550078748,-0.025412314579946846,14.62573933048617,14.4255,14.22526066951383,0.1445,1041684.1185000001,-1.261698440207975,14.419999999999998,0.1542903107781418
2025-12-03 15:00:00,14.244,14.41,14.235,14.375,1666529.86,2025-12-03 15:14:59.999,23928305.67248,734,1661389.77,23854546.24134,0,52.7199462726662,0.03794734393539656,0.06405605718770929,-0.026108713252312732,14.622280587728584,14.4214,14.220519412271416,0.15185714285714294,1123574.6165,-1.0463275280512099,14.3784,0.12452429481838145
2025-12-03 15:15:00,14.375,14.41,14.289,14.395,470654.58,2025-12-03 15:29:59.999,6736088.10149,742,1188.28,17115.13034,0,48.911465892597924,0.033450839528732956,0.057935013655914025,-0.02448417412718107,14.612543619470333,14.415699999999998,14.218856380529662,0.15114285714285725,1122173.4770000002,-0.19413436871663642,14.3898,0.12249367330607437
2025-12-03 15:30:00,14.395,14.432,14.366,14.409,30438.2,2025-12-03 15:44:59.999,438228.60028,525,13231.84,190721.42778,0,45.42635658914735,0.030663540184155735,0.05248071896156236,-0.021817178777406625,14.613342657016153,14.417850000000001,14.22235734298385,0.1470000000000001,1109726.609,-0.36647766560641026,14.4008,0.12093469311994548
2025-12-03 15:45:00,14.408,14.432,14.369,14.384,7526.83,2025-12-03 15:59:59.999,108212.89155,482,835.85,12042.55827,0,48.38976052848887,0.02613601459869841,0.04721177808898957,-0.02107576349029116,14.61282527139917,14.42005,14.227274728600829,0.14292857142857165,1082401.0635000002,-0.4291845493562189,14.3612,0.06728447071958601
2025-12-03 16:00:00,14.406,14.438,14.291,14.298,655895.97,2025-12-03 16:14:59.999,9390332.73069,719,7535.29,108411.24574,0,43.481717011128815,0.015430562762812627,0.040855535023754184,-0.025424972260941557,14.612989374221597,14.41995,14.226910625778403,0.149214285714286,1115038.9225,-1.1203319502074744,14.372200000000001,0.04337856613599592
2025-12-03 16:15:00,14.299,14.366,14.291,14.366,1814.99,2025-12-03 16:29:59.999,26012.99731,491,1063.66,15271.51897,0,46.946564885496194,0.01229175505364033,0.03514277902973142,-0.022851023976091088,14.612362945387284,14.42125,14.230137054612717,0.15064285714285738,1114962.7095,-1.012884999655483,14.3704,0.04342004145570273
2025-12-03 16:30:00,14.355,14.482,14.291,14.446,1089504.02,2025-12-03 16:44:59.999,15692415.43400,616,1086237.03,15645203.12067,0,49.4912790697674,0.01607426462561179,0.031329076148907495,-0.015254811523295705,14.610511657744835,14.42885,14.247188342255166,0.16071428571428584,1169203.1235,-0.7011273027220258,14.380600000000001,0.055070863439891087
2025-12-03 16:45:00,14.455,14.482,14.35,14.363,499464.46,2025-12-03 16:59:59.999,7178920.27209,677,28255.95,407269.47160,0,44.66571834992888,0.012233504152080243,0.027509961749542042,-0.015276457597461799,14.609788754499588,14.425749999999999,14.24171124550041,0.16185714285714298,1117941.7845,-1.5086059109922556,14.3714,0.052941477123470325
2025-12-03 17:00:00,14.358,14.412,14.35,14.408,5621.99,2025-12-03 17:14:59.999,80732.93050,476,1306.58,18803.87117,0,45.05649717514124,0.012674691767951884,0.02454290775322401,-0.011868215985272126,14.597646296736883,14.4198,14.241953703263118,0.1615000000000002,1080349.8205000001,0.48821313990793896,14.3762,0.0554003610097896
2025-12-03 17:15:00,14.408,14.417,14.348,14.408,27844.12,2025-12-03 17:29:59.999,399657.27977,542,1289.55,18584.00928,0,43.66401158580738,0.012875910649128741,0.022209508332404957,-0.009333597683276216,14.596965976620169,14.419050000000002,14.241134023379836,0.1622857142857143,1076576.8050000002,0.37620175560819474,14.3982,0.03447027705162067
2025-12-03 17:30:00,14.417,14.464,14.406,14.445,104745.97,2025-12-03 17:44:59.999,1512454.97428,552,104585.54,1510140.46943,0,54.560954816709334,0.01583839369678053,0.020935285405280075,-0.0050968917084995465,14.595413044547408,14.418200000000002,14.240986955452597,0.14242857142857154,1081662.0365000002,-0.9395144698943934,14.413999999999998,0.03412477106173561
2025-12-03 17:45:00,14.443,14.495,14.43,14.481,5136.19,2025-12-03 17:59:59.999,74248.96222,509,2566.90,37148.29952,0,55.3227158424141,0.020850727780308276,0.020918373880285716,-6.764609997744059e-05,14.599000683797318,14.41995,14.240899316202682,0.13785714285714296,1081723.1015,1.6709962788738295,14.420999999999998,0.044379049111219565
2025-12-03 18:00:00,14.481,14.532,14.481,14.506,148648.06,2025-12-03 18:14:59.999,2156087.92346,592,146193.61,2120495.75184,0,46.161616161616145,0.026534457016342827,0.02204159050749714,0.004492866508845686,14.60461790460891,14.42225,14.23988209539109,0.11585714285714298,1089024.0515,0.9113043478260885,14.449599999999998,0.04372985250394379
2025-12-03 18:15:00,14.504,14.519,14.434,14.479,1108.28,2025-12-03 18:29:59.999,16019.25684,546,137.05,1984.09375,0,67.40412979351018,0.028531288104220565,0.023339530026841828,0.0051917580773787365,14.59996598238927,14.420549999999997,14.241134017610724,0.09714285714285723,1063948.0875,0.5835359499826303,14.463799999999997,0.037996052426758097
2025-12-03 18:30:00,14.474,14.488,14.434,14.476,414.17,2025-12-03 18:44:59.999,5993.71182,508,262.66,3803.24986,0,59.198542805100246,0.029531297781566934,0.02457788357778685,0.004953414203780083,14.58830678384087,14.41695,14.24559321615913,0.08850000000000005,1043214.3555000002,0.46498716080227753,14.4774,0.021709444949542335
2025-12-03 18:45:00,14.476,14.488,14.384,14.385,872.7,2025-12-03 18:59:59.999,12577.42879,496,104.82,1516.52890,0,49.19354838709679,0.022718982881693606,0.024206103438568206,-0.0014871205568746,14.559891817093684,14.407050000000002,14.25420818290632,0.08728571428571426,1042626.3110000001,0.006952169076748093,14.465399999999999,0.04651128895243643
2025-12-03 19:00:00,14.385,14.385,14.366,14.366,361938.24,2025-12-03 19:14:59.999,5203109.98223,709,1247.97,17951.62275,0,46.559999999999924,0.01560712382473639,0.022486307515801846,-0.006879183691065455,14.559126334885752,14.408449999999998,14.257773665114245,0.08392857142857135,890618.8355000003,0.4755909917470948,14.442400000000001,0.06254038695128686
2025-12-03 19:15:00,14.366,14.385,14.352,14.385,294976.27,2025-12-03 19:29:59.999,4235991.67530,624,846.16,12166.25104,0,50.080775444264894,0.011372965032823146,0.02026363901920611,-0.008890673986382963,14.558945769007146,14.41,14.261054230992855,0.08178571428571413,899719.6415000001,0.13225671724906118,14.418199999999999,0.054696434984524374
2025-12-03 19:30:00,14.385,14.385,14.352,14.385,372.0,2025-12-03 19:44:59.999,5347.94928,512,258.62,3720.15625,0,58.16135084427763,0.007925997716847988,0.017796110758734485,-0.009870113041886498,14.52536858782429,14.40015,14.27493141217571,0.07364285714285693,318143.7675,-0.4222622179149934,14.3994,0.043603898908423505
2025-12-03 19:45:00,14.385,14.438,14.349,14.417,12581.43,2025-12-03 19:59:59.999,180637.68310,534,1202.63,17331.07383,0,55.130784708249486,0.007687764090746896,0.015774441425136967,-0.008086677334390072,14.509951876706376,14.408850000000001,14.307748123293626,0.07464285714285701,269304.4165,0.3759660238111834,14.3876,0.018379336223480994
2025-12-03 20:00:00,14.417,14.438,14.349,14.393,16801.76,2025-12-03 20:14:59.999,241778.45734,535,7439.25,107406.51995,0,43.990929705215535,0.005498974052169814,0.013719347950543536,-0.008220373898373722,14.509899099372534,14.409749999999999,14.309600900627464,0.06735714285714282,186818.0115,-0.10410882842864237,14.389199999999999,0.018444511379155235
2025-12-03 20:15:00,14.392,14.438,14.355,14.386,979.12,2025-12-03 20:29:59.999,14080.58851,493,37.03,534.59774,0,53.15068493150679,0.0031630391324632967,0.011608086186927487,-0.00844504705446419,14.50980839189825,14.409300000000002,14.308791608101753,0.06385714285714286,163334.2385,-0.1526929483620228,14.393199999999998,0.013718600512291589
2025-12-03 20:30:00,14.38,14.438,14.369,14.377,538.31,2025-12-03 20:44:59.999,7754.79821,530,257.43,3715.52852,0,45.28875379939229,0.000578895943146307,0.009402248138171252,-0.008823352195024945,14.509242005826334,14.4077,14.306157994173667,0.06435714285714285,161839.244,-0.47075112495672977,14.3916,0.015290519939355058
2025-12-03 20:45:00,14.378,14.44,14.366,14.428,16721.13,2025-12-03 20:59:59.999,241410.86924,523,14928.08,215559.23791,0,52.63157894736859,0.002616061296894401,0.008045010769915883,-0.005428949473021482,14.511186254067495,14.409900000000002,14.30861374593251,0.06471428571428575,162298.959,-0.36599682342379014,14.400200000000002,0.0214872054957358
2025-12-03 21:00:00,14.426,14.47,14.395,14.432,15570.66,2025-12-03 21:14:59.999,224229.53313,537,1184.76,17124.23942,0,48.12680115273776,0.004501406673231401,0.007336289950578986,-0.0028348832773475857,14.50341353277888,14.416599999999999,14.329786467221117,0.06592857142857156,130282.69350000001,-0.5101337377636829,14.403200000000002,0.025153528579824388
2025-12-03 21:15:00,14.432,14.46,14.395,14.415,707.76,2025-12-03 21:29:59.999,10203.84581,550,156.75,2264.45013,0,39.93902439024382,0.00457110568120811,0.00678325309670481,-0.0022121474154967007,14.502553482435243,14.419049999999999,14.335546517564755,0.06592857142857168,130227.33200000001,-0.44201947648318296,14.407599999999999,0.02484552273581956
2025-12-03 21:30:00,14.415,14.447,14.415,14.447,527.27,2025-12-03 21:44:59.999,7609.08528,477,185.72,2683.09684,0,41.19402985074613,0.007126327346357542,0.006851867946635356,0.0002744593997221854,14.502672596867837,14.4191,14.335527403132163,0.06457142857142882,75778.4945,-0.2003315833103184,14.4198,0.02650848920659872
2025-12-03 21:45:00,14.447,14.465,14.423,14.465,2193.57,2025-12-03 21:59:59.999,31692.62461,474,1306.26,18884.79255,0,47.85276073619642,0.010482967370663232,0.0075780878314409324,0.0029048795392222996,14.505783280019942,14.424199999999999,14.342616719980056,0.06150000000000017,50914.95,0.5561348627042063,14.4374,0.01919114379125811
2025-12-03 22:00:00,14.465,14.488,14.423,14.488,2302.95,2025-12-03 22:14:59.999,33269.33282,544,1222.70,17688.18004,0,51.73410404624257,0.014828107362689025,0.009028091737690553,0.005800015624998472,14.514165966337181,14.428199999999999,14.342234033662816,0.0622857142857144,50748.998,0.8492273423360706,14.4494,0.02839542216655689
2025-12-03 22:15:00,14.488,14.568,14.423,14.507,742246.41,2025-12-03 22:29:59.999,10797304.10679,682,740487.79,10771827.61024,0,72.26277372262764,0.01957910755743697,0.011138294901639837,0.008440812655797133,14.525390589306731,14.433149999999998,14.340909410693264,0.06521428571428586,86469.1125,0.848105665623913,14.464400000000001,0.03576031319797583
2025-12-03 22:30:00,14.505,14.576,14.468,14.555,47561.54,2025-12-03 22:44:59.999,693026.62962,515,47142.02,686941.73507,0,81.18811881188111,0.02690733725352068,0.014292103372016007,0.012615233881504673,14.545781547272108,14.438649999999999,14.33151845272789,0.07157142857142874,83609.891,1.181786583246437,14.4924,0.041722895393511865
2025-12-03 22:45:00,14.559,14.631,14.525,14.605,433572.68,2025-12-03 22:59:59.999,6329559.94444,568,420547.28,6139682.18925,0,82.9341317365269,0.036330795422779616,0.01869984178216873,0.017630953640610885,14.574323874624918,14.444849999999999,14.31537612537508,0.07678571428571448,105031.7155,1.3040160921134814,14.524000000000001,0.05609812831118872
2025-12-03 23:00:00,14.612,14.711,14.601,14.711,1123520.39,2025-12-03 23:14:59.999,16457958.54013,654,1123127.58,16452197.36876,0,87.04545454545449,0.051755660992165886,0.02531100562416817,0.026444655367997717,14.629589812701788,14.455100000000002,14.280610187298215,0.08228571428571449,153775.332,2.209407350795523,14.5732,0.08940469786325354
2025-12-03 23:15:00,14.711,14.712,14.619,14.62,1849.36,2025-12-03 23:29:59.999,27105.56246,546,8.88,130.20398,0,70.34068136272529,0.05599160226741695,0.03144712495281793,0.024544477314599022,14.65146930699182,14.462150000000003,14.272830693008187,0.08257142857142874,153812.386,1.6265813985819548,14.5996,0.07651666485165302
2025-12-03 23:30:00,14.62,14.669,14.594,14.669,251369.35,2025-12-03 23:44:59.999,3672185.89774,691,19567.65,286145.87831,0,76.33587786259517,0.0625811106481109,0.037673922091876526,0.024907188556234368,14.682553635168416,14.471799999999998,14.26104636483158,0.08157142857142878,166360.145,2.0310217708840494,14.632,0.06002499479400962
2025-12-03 23:45:00,14.668,14.685,14.594,14.626,437.24,2025-12-03 23:59:59.999,6409.21318,511,271.57,3985.25573,0,71.42857142857129,0.06360045640907686,0.042859228955316596,0.02074122745376026,14.701164010011382,14.483849999999999,14.266535989988615,0.08214285714285742,166338.372,1.3723315774882077,14.646200000000002,0.04333243588838742
2025-12-04 00:00:00,14.626,14.661,14.517,14.517,1046513.02,2025-12-04 00:14:59.999,15223904.17381,678,805.44,11806.66959,0,60.606060606060424,0.05497914090659606,0.04528321134557249,0.009695929561023567,14.70185854698695,14.491399999999999,14.280941453013048,0.08750000000000023,200567.11099999998,0.5889689578713905,14.6286,0.0723830090561374
2025-12-04 00:15:00,14.517,14.619,14.517,14.619,781440.75,2025-12-04 00:29:59.999,11418357.35063,639,781240.85,11415455.14165,0,63.43178621659616,0.05573475820913565,0.04737352071828513,0.00836123749085052,14.714667483323543,14.5031,14.291532516676456,0.08950000000000026,224890.33499999996,1.415192507804375,14.6102,0.0560508697525781
2025-12-04 00:30:00,14.619,14.787,14.607,14.777,1814345.81,2025-12-04 00:44:59.999,26684667.11660,1056,1797116.51,26430602.08932,0,69.94219653179171,0.06829560073153651,0.051557936720935414,0.016737664010601096,14.759345059552025,14.5227,14.286054940447976,0.0970000000000003,315589.0255,2.2842112549318205,14.6416,0.0940255284485073
2025-12-04 00:45:00,14.777,14.827,14.737,14.755,272715.16,2025-12-04 00:59:59.999,4035454.81754,646,272111.61,4026538.74870,0,69.5402298850575,0.07560343346866638,0.05636703607048161,0.019236397398184772,14.792200287535486,14.539599999999998,14.28699971246451,0.09878571428571448,328595.712,2.004839267196688,14.6588,0.10722966007603225
2025-12-04 01:00:00,14.752,14.877,14.743,14.877,255292.79,2025-12-04 01:14:59.999,3790836.45086,623,254249.30,3775432.91850,0,72.39583333333334,0.09019955959070636,0.06313354077452657,0.027066018816179788,14.848022744376491,14.5638,14.27957725562351,0.10607142857142879,340520.2635,2.6849806736609687,14.709,0.1413577023017225
2025-12-04 01:15:00,14.877,14.892,14.741,14.789,643602.97,2025-12-04 01:29:59.999,9515294.20494,728,57291.18,852659.93696,0,65.72815533980577,0.09358741271093152,0.06922431516180756,0.024363097549123955,14.872211193693014,14.583949999999998,14.295688806306982,0.11385714285714307,372651.456,1.94388915695871,14.763399999999999,0.09309564973737149
2025-12-04 01:30:00,14.792,14.872,14.741,14.872,24911.93,2025-12-04 01:44:59.999,369968.65635,510,24791.90,368194.94272,0,67.61467889908252,0.10179627298790628,0.07573870672702732,0.02605756626087896,14.906972993995792,14.608699999999999,14.310427006004206,0.11857142857142884,373870.137,2.1779457231192043,14.813999999999998,0.056586217403396
2025-12-04 01:45:00,14.864,14.872,14.728,14.73,357048.43,2025-12-04 01:59:59.999,5262611.88080,702,2133.09,31620.51881,0,59.19208573784008,0.0957400094101768,0.07973896726365721,0.01600104214651958,14.914024305267953,14.6238,14.333575694732046,0.1185000000000003,390886.502,0.8558712769599451,14.804599999999999,0.06718109853243076
2025-12-04 02:00:00,14.73,14.772,14.707,14.772,289801.3,2025-12-04 02:14:59.999,4265258.28394,622,840.93,12394.15322,0,58.989229494614754,0.09325444667081406,0.08244206314508859,0.010812383525725472,14.92345254847204,14.640800000000002,14.358147451527964,0.11542857142857166,404598.034,0.4146556998164635,14.808000000000002,0.06441661276428813
2025-12-04 02:15:00,14.772,14.825,14.757,14.757,288895.11,2025-12-04 02:29:59.999,4278186.37134,628,283049.95,4191746.11448,0,56.48464163822521,0.08904775852264102,0.08376320222059909,0.005284556302041929,14.923926433193653,14.657900000000001,14.39187356680635,0.11271428571428592,419007.4015,0.9370725034199757,14.784,0.053754069613599235
2025-12-04 02:30:00,14.757,14.825,14.724,14.756,3971.96,2025-12-04 02:44:59.999,58698.20481,571,1987.67,29465.34603,0,52.10871602624178,0.08465735887922854,0.08394203355232499,0.0007153253269035487,14.923204083732355,14.67335,14.423495916267644,0.11207142857142875,419179.636,0.5930874633581004,14.7774,0.0549981817883419
2025-12-04 02:45:00,14.752,14.825,14.721,14.739,2073.1,2025-12-04 02:59:59.999,30530.88210,523,189.70,2798.41826,0,55.991943605236735,0.0788967054961649,0.08293296794109298,-0.004036262444928079,14.918145765065955,14.687050000000003,14.455954234934051,0.11285714285714299,419173.6125,0.7725967455216828,14.750800000000002,0.016483324908002556
2025-12-04 03:00:00,14.739,14.739,14.66,14.675,702999.0,2025-12-04 03:14:59.999,10325136.26795,852,913.45,13424.50223,0,50.297619047619065,0.06837885221317919,0.08002214479551023,-0.011643292582331044,14.90788636885238,14.6964,14.484913631147622,0.11314285714285724,454208.4149999999,1.0883791416959514,14.739799999999999,0.03806179186562864
2025-12-04 03:15:00,14.675,14.681,14.597,14.597,1453.52,2025-12-04 03:29:59.999,21272.06428,547,118.13,1733.23459,0,48.60977948226271,0.05313690047051978,0.07464509593051215,-0.02150819545999237,14.898812154888144,14.7009,14.502987845111857,0.11264285714285714,417168.7705,-0.15048908954100995,14.7048,0.06896520862015455
2025-12-04 03:30:00,14.597,14.668,14.568,14.572,217290.22,2025-12-04 03:44:59.999,3166720.51260,570,6972.23,101709.70816,0,52.867570385818546,0.03859534966962741,0.06743514667833521,-0.0288397970087078,14.897153900192304,14.70175,14.506346099807697,0.10949999999999996,425655.2045,-1.3872910604317525,14.6678,0.0822964154749182
2025-12-04 03:45:00,14.572,14.591,14.565,14.59,866.27,2025-12-04 03:59:59.999,12623.39464,507,250.62,3656.11690,0,48.34285714285714,0.028198461154174126,0.059587809573502994,-0.03138934841932887,14.898075459765902,14.700999999999999,14.503924540234095,0.1040714285714285,404019.88399999996,-1.1182649949169834,14.6346,0.0704506919768661
2025-12-04 04:00:00,14.59,14.614,14.565,14.565,1104.79,2025-12-04 04:14:59.999,16127.86234,488,781.45,11415.33222,0,35.71428571428574,0.01773709879985219,0.05121766741877284,-0.033480568618920646,14.89982423438266,14.693699999999998,14.487575765617336,0.09471428571428563,347899.104,-2.097197015527332,14.599799999999998,0.04399659077721883
2025-12-04 04:15:00,14.568,14.614,14.556,14.568,374.03,2025-12-04 04:29:59.999,5448.68704,458,39.26,573.16062,0,37.06777316735819,0.00957805879233753,0.04288974569348578,-0.03331168690114825,14.902385688358445,14.6911,14.479814311641556,0.09242857142857146,347825.3375,-1.4943539116911224,14.578399999999998,0.01422322045168612
2025-12-04 04:30:00,14.569,14.614,14.527,14.527,317901.88,2025-12-04 04:44:59.999,4622810.21465,603,1073.50,15687.96968,0,22.74143302180687,-0.00019415840776026982,0.034272964873236576,-0.034467123280996846,14.907597382528339,14.684000000000001,14.460402617471663,0.08907142857142869,351151.96400000004,-2.3197955890263624,14.564400000000001,0.023049945770365787
2025-12-04 04:45:00,14.52,14.52,14.445,14.454,670003.0,2025-12-04 04:59:59.999,9707875.06306,769,206.36,2986.45420,0,23.285486443381274,-0.013671603126843124,0.024684051273220636,-0.03835565440006376,14.920579547528249,14.675400000000002,14.430220452471755,0.0841428571428572,384630.252,-1.8737270875763732,14.540799999999999,0.05355091035655701
2025-12-04 05:00:00,14.454,14.468,14.416,14.427,4022.0,2025-12-04 05:14:59.999,58061.21255,634,1108.72,16031.77800,0,11.033274956217227,-0.02622889909618742,0.014501461199339025,-0.040730360295526444,14.931160517255202,14.6709,14.410639482744797,0.07850000000000001,332505.701,-2.3354995938261616,14.508199999999999,0.06458869870197825
2025-12-04 05:15:00,14.427,14.445,14.415,14.443,3315.62,2025-12-04 05:29:59.999,47883.27304,525,2916.90,42132.02921,0,17.7528089887641,-0.03449197828474837,0.004702773302521543,-0.03919475158726991,14.940984922503604,14.662099999999999,14.383215077496393,0.07035714285714294,293599.4445,-2.1278037541505728,14.483799999999999,0.06069349223775226
2025-12-04 05:30:00,14.441,14.449,14.415,14.415,1690.78,2025-12-04 05:44:59.999,24420.87382,511,887.66,12825.77963,0,8.584686774942128,-0.04280644798194011,-0.004799070954370791,-0.03800737702756932,14.938061934041922,14.644,14.349938065958078,0.06814285714285731,202966.693,-2.3109243697479065,14.453199999999999,0.043865704143590756
2025-12-04 05:45:00,14.415,14.449,14.353,14.376,350261.66,2025-12-04 05:59:59.999,5032655.68136,834,2060.07,29623.66275,0,8.131868131868274,-0.05194392198422193,-0.014228041160341024,-0.03771588082388091,14.937279655693663,14.625050000000002,14.31282034430634,0.07014285714285735,206844.01799999998,-2.4628536535721643,14.422999999999998,0.030207614934184446
2025-12-04 06:00:00,14.376,14.406,14.353,14.406,2486.4,2025-12-04 06:14:59.999,35710.88113,512,584.45,8408.87021,0,13.842975206611868,-0.056117795667098846,-0.022605992061692594,-0.03351180360540625,14.90463346027235,14.601499999999998,14.298366539727645,0.06671428571428605,194203.6985,-1.8330494037478713,14.4134,0.025085852586898758
2025-12-04 06:15:00,14.406,14.454,14.353,14.451,6952.24,2025-12-04 06:29:59.999,100424.87711,559,6779.61,97944.00565,0,21.875000000000185,-0.055158661992235736,-0.02911652604780123,-0.026042135944434507,14.88133975839172,14.5846,14.28786024160828,0.06650000000000045,162371.162,-1.000205521682531,14.418199999999999,0.030128060010756907
2025-12-04 06:30:00,14.453,14.519,14.45,14.489,360603.15,2025-12-04 06:44:59.999,5223357.49751,742,360009.52,5214751.97631,0,30.86419753086436,-0.050747276212874226,-0.03344267608081583,-0.017304600132058395,14.831993153413157,14.565449999999998,14.29890684658684,0.06578571428571475,179155.723,-0.5695855064507165,14.4274,0.04360389890837836
2025-12-04 06:45:00,14.489,14.52,14.473,14.49,2827.32,2025-12-04 06:59:59.999,41019.59978,486,1281.57,18608.28758,0,36.91931540342315,-0.046632973665365895,-0.036080735597725844,-0.010552238067640052,14.810232090701659,14.553449999999998,14.296667909298337,0.06314285714285754,161444.6675,-0.685400959561341,14.442400000000001,0.050609287685291104
2025-12-04 07:00:00,14.49,14.52,14.419,14.449,3967.18,2025-12-04 07:14:59.999,57381.91943,508,740.37,10750.17240,0,35.529411764706055,-0.04614874262483504,-0.03809433700314768,-0.008054405621687355,14.77621429866192,14.537299999999998,14.298385701338077,0.06321428571428608,147152.9615,-0.7964297974596612,14.456999999999999,0.03469149751759091
2025-12-04 07:15:00,14.445,14.52,14.414,14.477,1484.36,2025-12-04 07:29:59.999,21495.72567,446,873.22,12679.15440,0,37.01149425287368,-0.04300982950048926,-0.039077435502616,-0.0039323939978732625,14.739768400513585,14.5233,14.306831599486417,0.0689285714285718,132782.424,-0.624656781987914,14.4712,0.02002997753402402
2025-12-04 07:30:00,14.477,14.544,14.477,14.544,4691.94,2025-12-04 07:44:59.999,68091.52984,599,3063.03,44476.24553,0,47.798742138364894,-0.034715697229271925,-0.03820508784794718,0.003489390618675259,14.699985428100547,14.5127,14.325414571899454,0.070214285714286,132818.423,0.11702347353205231,14.489800000000002,0.034521008096724225
2025-12-04 07:45:00,14.544,14.55,14.494,14.534,609.25,2025-12-04 07:59:59.999,8837.71788,455,34.86,507.08953,0,46.48760330578525,-0.028619545766302323,-0.03628797943161821,0.007668433665315888,14.657200019130569,14.50245,14.34769998086943,0.07007142857142881,132745.2305,0.5534800055348005,14.4988,0.03973285793917175
2025-12-04 08:00:00,14.55,14.553,14.447,14.455,202345.21,2025-12-04 08:14:59.999,2927354.20014,612,17965.06,261437.34835,0,43.10344827586218,-0.02981920435495944,-0.03499422441628646,0.005175020061327022,14.624280679714982,14.49145,14.358619320285019,0.07142857142857169,107712.541,0.19408054342552483,14.491800000000001,0.04447133908501267
2025-12-04 08:15:00,14.455,14.553,14.443,14.469,9127.88,2025-12-04 08:29:59.999,132084.67484,436,2244.64,32666.02344,0,51.61987041036702,-0.029302478698152612,-0.033855875272659694,0.004553396574507082,14.608468799215759,14.485049999999998,14.361631200784236,0.07342857142857184,108096.259,0.18001800180017866,14.4958,0.04036954297504874
2025-12-04 08:30:00,14.462,14.563,14.443,14.563,56081.78,2025-12-04 08:44:59.999,815572.72655,556,54892.23,798295.19051,0,62.83018867924531,-0.02106512977959163,-0.03129772617404608,0.010232596394454452,14.606742970583731,14.4846,14.36245702941627,0.0782857142857148,100035.83700000001,1.02670828997573,14.513,0.04796352781035736
2025-12-04 08:45:00,14.563,14.564,14.533,14.533,10620.28,2025-12-04 08:59:59.999,154588.70932,526,7133.00,103885.00560,0,58.272058823529335,-0.016764470315994373,-0.028391075002435737,0.011626604686441364,14.595938901663072,14.48175,14.367561098336928,0.07835714285714333,100523.5375,1.0920979410127993,14.5108,0.046413360145704095
2025-12-04 09:00:00,14.533,14.61,14.52,14.597,15164.65,2025-12-04 09:14:59.999,220818.58476,511,6791.92,99203.98461,0,65.68965517241372,-0.008098546573108933,-0.024332569316570376,0.016234022743461442,14.603206537049696,14.483350000000002,14.363493462950307,0.08235714285714327,101226.53050000001,1.325836457031785,14.5234,0.06065311203899839
2025-12-04 09:15:00,14.597,14.644,14.597,14.644,137558.88,2025-12-04 09:29:59.999,2012298.30793,627,137282.96,2008268.84609,0,72.78911564625838,0.0025325736992183323,-0.018959540713412635,0.021492114412630967,14.622166996980177,14.487150000000003,14.35213300301983,0.0788571428571433,108085.773,1.335547712961038,14.5612,0.06602423797376843
2025-12-04 09:30:00,14.644,14.702,14.641,14.702,186031.51,2025-12-04 09:44:59.999,2729649.39930,708,184771.96,2711157.97960,0,74.02597402597385,0.01545971837184723,-0.01207568889636066,0.02753540726820789,14.661099592199912,14.4959,14.330700407800089,0.07942857142857182,101492.25450000001,1.470080750914481,14.607800000000001,0.06690067264249812
2025-12-04 09:45:00,14.702,14.767,14.622,14.626,776317.21,2025-12-04 09:59:59.999,11396354.26059,887,359601.37,5298100.26533,0,63.52395672333832,0.0193489659829158,-0.005790757920505368,0.025139723903421167,14.678204528316774,14.504499999999998,14.330795471683222,0.08257142857142886,106807.965,0.9385783298826724,14.6204,0.062115215527431336
2025-12-04 10:00:00,14.627,14.636,14.597,14.597,245188.23,2025-12-04 10:14:59.999,3582874.27489,733,7222.07,105602.90205,0,58.463949843260046,0.019862205951895362,-0.0006601651460252207,0.020522371097920582,14.687372861239071,14.513,14.338627138760929,0.08042857142857164,118866.2765,1.024292338570141,14.633199999999999,0.04336703817439929
2025-12-04 10:15:00,14.597,14.622,14.557,14.557,40102.95,2025-12-04 10:29:59.999,584501.49364,645,1027.52,15024.39744,0,54.948301329394376,0.016847083922444384,0.0028412846676687015,0.014005799254775683,14.690877509381162,14.5187,14.34652249061884,0.08171428571428598,120705.643,0.5526006769358297,14.625200000000001,0.054080495560039576
2025-12-04 10:30:00,14.557,14.622,14.526,14.535,86741.77,2025-12-04 10:44:59.999,1263300.44929,679,17573.63,256960.49787,0,56.534954407294826,0.0125378335127877,0.0047805944366925025,0.007757239076095197,14.689883279387871,14.524700000000001,14.359516720612131,0.0813571428571432,124958.1925,-0.061881188118814226,14.603399999999999,0.0653934247460593
2025-12-04 10:45:00,14.535,14.622,14.483,14.496,406948.08,2025-12-04 10:59:59.999,5900623.04064,819,19254.93,279187.81921,0,51.42002989536623,0.005907647767184443,0.005006005102790891,0.0009016426643935517,14.681206653113527,14.5307,14.380193346886472,0.083714285714286,127792.5135,-0.26145589651851003,14.5622,0.05106564402821847
2025-12-04 11:00:00,14.497,14.515,14.483,14.511,23624.09,2025-12-04 11:14:59.999,342352.36524,648,7206.04,104465.89489,0,47.32576985413281,0.0018423153708635454,0.004373267156405423,-0.0025309517855418772,14.675033428199974,14.535950000000003,14.396866571800032,0.081214285714286,128849.398,0.38740920096851716,14.5392,0.03980200999969463
2025-12-04 11:15:00,14.512,14.516,14.479,14.504,9195.04,2025-12-04 11:29:59.999,133438.56897,547,6409.95,93046.82547,0,47.557003257328894,-0.0019221737188015453,0.0031141789813640287,-0.005036352700165574,14.672802360948184,14.538599999999999,14.404397639051814,0.07985714285714314,128961.53799999999,0.24189646831156367,14.520599999999998,0.02502598649434316
2025-12-04 11:30:00,14.505,14.521,14.464,14.481,1389.68,2025-12-04 11:44:59.999,20152.50479,558,791.88,11498.62450,0,52.329749103942646,-0.006684412478865198,0.001154460689318183,-0.007838873168183382,14.67307085440627,14.5382,14.40332914559373,0.07635714285714304,111000.8645,-0.563070795852508,14.5054,0.019957454747898975
2025-12-04 11:45:00,14.481,14.497,14.463,14.474,4039.03,2025-12-04 11:59:59.999,58463.38212,481,1428.00,20697.65416,0,50.45372050816703,-0.010897740140123346,-0.0012559794765701236,-0.009641760663553222,14.67365734166551,14.537400000000002,14.401142658334493,0.07092857142857158,111061.45,-0.40597261405077606,14.493200000000002,0.015482247899253463
2025-12-04 12:00:00,14.472,14.503,14.463,14.479,7884.42,2025-12-04 12:14:59.999,114309.57598,508,6610.12,95852.79222,0,40.909090909090715,-0.013675729160882,-0.0037399294134324995,-0.0099357997474495,14.671675869715864,14.538900000000002,14.40612413028414,0.06521428571428586,111257.31199999999,-0.8083852846475327,14.489799999999999,0.016543881044477116
2025-12-04 12:15:00,14.479,14.503,14.419,14.419,88838.46,2025-12-04 12:29:59.999,1281485.90438,645,145.88,2109.34507,0,38.41463414634147,-0.020482692306368122,-0.007088481992019625,-0.013394210314348497,14.676761836932807,14.535999999999998,14.395238163067189,0.06900000000000008,115625.01700000002,-1.5364654465992873,14.4714,0.03148491702407849
2025-12-04 12:30:00,14.42,14.43,14.413,14.43,10800.16,2025-12-04 12:44:59.999,155739.78680,521,2370.27,34197.73402,0,30.97949886104763,-0.024704869217428538,-0.01061175943710141,-0.014093109780327127,14.678722015673886,14.5303,14.381877984326115,0.06378571428571433,115930.428,-1.8500884233437642,14.4566,0.029669850016684433
2025-12-04 12:45:00,14.419,14.43,14.391,14.391,2317.88,2025-12-04 12:59:59.999,33436.78957,598,1890.16,27275.00880,0,20.649651972157343,-0.03084241672076793,-0.014657890893834718,-0.01618452582693321,14.68407270128646,14.523150000000001,14.362227298713542,0.0632142857142857,116015.85949999999,-1.6067277451114415,14.4386,0.037447296297754944
2025-12-04 13:00:00,14.394,14.43,14.359,14.367,7892.15,2025-12-04 13:14:59.999,113719.19718,528,4460.89,64370.62170,0,7.808564231737435,-0.037214085941664976,-0.019169129903400774,-0.0180449560382642,14.69186860856487,14.51875,14.34563139143513,0.0639285714285714,106293.20650000001,-1.57566623278755,14.4172,0.042405188361932925
2025-12-04 13:15:00,14.367,14.432,14.364,14.426,5770.61,2025-12-04 13:29:59.999,83124.02462,559,4277.41,61672.92907,0,23.684210526315326,-0.037075489622518276,-0.022750401847224277,-0.014325087775294,14.693350076304204,14.5166,14.339849923695796,0.0584285714285714,106125.343,-0.8999106958851427,14.406600000000001,0.026875639527472735
2025-12-04 13:30:00,14.426,14.433,14.364,14.383,3241.26,2025-12-04 13:44:59.999,46628.51827,474,957.01,13812.18917,0,22.842639593908103,-0.039974589490737955,-0.026195239375927014,-0.013779350114810941,14.692543120700922,14.5076,14.322656879299078,0.0605714285714285,103483.31700000001,-1.045751633986935,14.3994,0.027537247502435597
2025-12-04 13:45:00,14.385,14.433,14.345,14.349,4149.0,2025-12-04 13:59:59.999,59553.83766,501,209.22,3019.15496,0,23.195876288659278,-0.04450266386622914,-0.029856724273987445,-0.014645939592241697,14.695902724830948,14.4984,14.300897275169053,0.06221428571428562,103159.753,-1.014072847682121,14.383199999999999,0.02883053936383824
2025-12-04 14:00:00,14.346,14.433,14.342,14.375,11660.94,2025-12-04 14:14:59.999,167619.68320,491,4121.95,59491.92975,0,29.59183673469346,-0.04546907354655794,-0.032979194128501546,-0.01248987941805639,14.686417103867278,14.4873,14.28818289613272,0.06185714285714271,102984.5675,-0.937220039969673,14.38,0.02863564212672241
2025-12-04 14:15:00,14.375,14.461,14.342,14.451,24263.39,2025-12-04 14:29:59.999,349063.85691,621,20720.54,298231.56244,0,44.75524475524468,-0.039645387985029146,-0.034312432899807066,-0.00533295508522208,14.663023903800909,14.47765,14.292276096199092,0.06042857142857131,97319.793,-0.3654164368450017,14.396800000000002,0.04105118755907456
2025-12-04 14:30:00,14.451,14.461,14.347,14.36,91698.7,2025-12-04 14:44:59.999,1317733.79898,668,6840.10,98840.79931,0,35.049504950494935,-0.04189013134297781,-0.03582797258844122,-0.006062158754536591,14.620080198427724,14.460549999999998,14.301019801572272,0.06628571428571421,92603.1525,-0.8355776534769729,14.383600000000001,0.03990989852166869
2025-12-04 14:45:00,14.36,14.39,14.23,14.234,1287466.51,2025-12-04 14:59:59.999,18391040.87638,912,2203.70,31643.34128,0,28.365384615384485,-0.053222735041169145,-0.03930692507898681,-0.013915809962182335,14.61087564937541,14.44095,14.271024350624591,0.07507142857142846,118160.61750000001,-1.6581456404587551,14.353800000000001,0.07795960492465934
2025-12-04 15:00:00,14.23,14.363,14.23,14.358,166121.88,2025-12-04 15:14:59.999,2383055.29912,688,164462.41,2359368.21208,0,41.51724137931035,-0.0516032908156312,-0.04176619822631569,-0.009837092589315505,14.585829105783713,14.429000000000002,14.272170894216291,0.0804999999999998,114207.3,-0.8356930727260079,14.3556,0.07792496390765302
2025-12-04 15:15:00,14.358,14.374,14.303,14.327,14820.8,2025-12-04 15:29:59.999,212901.05664,618,13524.95,194343.46383,0,40.18691588785041,-0.05221935826496349,-0.043856830234045255,-0.008362528030918234,14.568429052694421,14.4175,14.26657094730558,0.08314285714285687,112943.1925,-0.6380470212913553,14.346,0.0778941589595057
2025-12-04 15:30:00,14.327,14.497,14.317,14.476,2149911.39,2025-12-04 15:44:59.999,31059835.27970,698,2147679.24,31027794.28706,0,49.83202687569998,-0.04022089990458433,-0.043129644168153076,0.002908744263568748,14.55792653775571,14.41455,14.27117346224429,0.09314285714285678,216101.67350000003,0.31878031878032675,14.350999999999999,0.08663140308230553
2025-12-04 15:45:00,14.476,14.497,14.423,14.473,2690.92,2025-12-04 15:59:59.999,38996.50121,481,2414.66,35005.32602,0,53.229665071770356,-0.03060135674583009,-0.04062398668368848,0.010022629937858393,14.554374652443077,14.413400000000001,14.272425347556926,0.09242857142857108,195888.8155,0.5698005698005749,14.3736,0.10279737350735012
2025-12-04 16:00:00,14.462,14.497,14.423,14.431,3918.16,2025-12-04 16:14:59.999,56656.70594,479,1700.47,24651.71359,0,50.05767012687426,-0.026066371573064018,-0.03771246366156359,0.011646092088499573,14.543064781016085,14.4094,14.275735218983915,0.09649999999999968,194903.51900000003,0.445465302429166,14.413,0.06766461409046007
2025-12-04 16:15:00,14.441,14.515,14.431,14.468,164435.32,2025-12-04 16:29:59.999,2385626.74927,534,145700.20,2114687.00601,0,54.45086705202309,-0.019264700892712483,-0.03402291110779337,0.014758210215080884,14.536795730742051,14.407599999999999,14.278404269257946,0.09971428571428552,202665.533,0.29114099542492594,14.434999999999999,0.06303570416844397
2025-12-04 16:30:00,14.466,14.466,14.371,14.391,942566.13,2025-12-04 16:44:59.999,13579607.05876,911,371.78,5350.04110,0,51.3071895424836,-0.01985866601901698,-0.03119006209003809,0.01133139607102111,14.527719674039707,14.4031,14.278480325960293,0.10157142857142835,249724.3555,0.055621219495243665,14.4478,0.036560908085166086
2025-12-04 16:45:00,14.391,14.405,14.368,14.38,1005.91,2025-12-04 16:59:59.999,14470.79800,485,414.67,5972.69086,0,47.356321839080515,-0.02097520660493757,-0.029147090993017988,0.00817188438808042,14.518779050458715,14.398399999999999,14.278020949541283,0.0993571428571426,249572.69950000002,0.2160429298208975,14.4286,0.04273523136723812
2025-12-04 17:00:00,14.377,14.409,14.362,14.395,30234.52,2025-12-04 17:14:59.999,435228.09236,579,22267.06,320757.28294,0,50.71258907363423,-0.0204143742251901,-0.02740054763945241,0.006986173414262307,14.50844369152168,14.394200000000001,14.279956308478322,0.09778571428571414,250690.20450000005,0.13913043478260573,14.413,0.03621463792461453
2025-12-04 17:15:00,14.399,14.409,14.36,14.361,394.39,2025-12-04 17:29:59.999,5671.47960,482,101.51,1462.65759,0,50.71258907363423,-0.02245458390800259,-0.026411354893162445,0.003956770985159855,14.505837238255678,14.391300000000001,14.276762761744324,0.095,246268.00100000002,-0.6227942702927123,14.399000000000001,0.04076150144450737
2025-12-04 17:30:00,14.362,14.409,14.257,14.317,927230.43,2025-12-04 17:44:59.999,13245729.20978,855,1459.88,21012.96029,0,46.62790697674421,-0.027307117603564635,-0.026590507435242883,-0.0007166101683217518,14.503256435555546,14.385650000000002,14.268043564444458,0.09935714285714299,292089.5145,-0.299442896935928,14.368799999999998,0.03181509075910088
2025-12-04 17:45:00,14.317,14.4,14.257,14.396,463201.93,2025-12-04 17:59:59.999,6658828.77876,672,461469.19,6634118.56837,0,46.813441483198176,-0.024495773717140068,-0.02617156069162232,0.0016757869744822504,14.503575557538404,14.385899999999998,14.268224442461591,0.10107142857142877,315133.71700000006,1.13811999437966,14.369800000000001,0.03275209916951688
2025-12-04 18:00:00,14.398,14.401,14.329,14.365,2194.24,2025-12-04 18:14:59.999,31537.13330,560,1839.54,26446.93516,0,50.31133250311337,-0.024486934219606127,-0.025834635397219082,0.0013477011776129554,14.503546561017503,14.3858,14.268053438982497,0.09807142857142866,314848.82149999996,0.04875330826020109,14.366800000000001,0.03226763083974063
2025-12-04 18:15:00,14.365,14.398,14.329,14.363,2249.05,2025-12-04 18:29:59.999,32315.65376,528,847.21,12182.17170,0,59.49926362297488,-0.02436049946547314,-0.025539808210869895,0.0011793087453967552,14.499233423936301,14.382649999999998,14.266066576063695,0.09157142857142857,314672.74350000004,0.25127381866405796,14.360400000000002,0.028192197502316278
2025-12-04 18:30:00,14.363,14.398,14.247,14.247,1035848.29,2025-12-04 18:44:59.999,14798503.20862,743,191.17,2749.79614,0,41.728763040238434,-0.033237389621461944,-0.027079324492988308,-0.006158065128473635,14.507268616000356,14.37585,14.244431383999643,0.0928571428571429,366303.09500000003,-1.5819287095882908,14.3376,0.05796378179526343
2025-12-04 18:45:00,14.247,14.286,14.247,14.271,1309.9,2025-12-04 18:59:59.999,18679.35877,484,385.14,5500.92580,0,45.78313253012056,-0.03789891450582594,-0.02924324249555584,-0.008655672010270104,14.511124218725186,14.371950000000002,14.232775781274817,0.09057142857142862,366161.14,-1.3957023422925443,14.328399999999998,0.06524415682655886
2025-12-04 19:00:00,14.277,14.286,14.103,14.103,1206011.3,2025-12-04 19:14:59.999,17074207.42423,827,345.03,4893.63751,0,22.69399707174236,-0.0545209193068974,-0.034298777857824155,-0.020222141449073243,14.542243876718636,14.358350000000002,14.174456123281367,0.09078571428571434,425878.658,-2.2728847619707535,14.2698,0.10734616900479864
2025-12-04 19:15:00,14.103,14.125,13.975,14.086,1461571.49,2025-12-04 19:29:59.999,20508048.17043,952,169567.60,2385548.62507,0,22.238163558106237,-0.06827866187973619,-0.041094754662206565,-0.027183907217529626,14.555095618070103,14.340099999999998,14.125104381929892,0.09621428571428581,497744.06299999997,-2.6403096488802853,14.214000000000002,0.11752021102774213
2025-12-04 19:30:00,14.087,14.226,14.084,14.221,991615.86,2025-12-04 19:44:59.999,14033244.20744,740,990504.76,14017471.20498,0,36.708860759493746,-0.06751018484273352,-0.04637784069831196,-0.021132344144421562,14.554334633519456,14.33315,14.111965366480543,0.10107142857142877,542739.921,-1.181293864220693,14.185599999999999,0.08523379611400761
2025-12-04 19:45:00,14.223,14.249,14.205,14.205,140872.89,2025-12-04 19:59:59.999,2005245.26099,507,139884.71,1991203.07963,0,32.89986996098831,-0.06741510813462348,-0.05058529418557427,-0.016829813949049213,14.555979994179927,14.331700000000001,14.107420005820076,0.09821428571428584,485410.24000000005,-1.2169680111265695,14.177200000000003,0.07954998428663544
2025-12-04 20:00:00,14.205,14.249,14.181,14.234,24733.43,2025-12-04 20:14:59.999,352079.28169,598,18559.77,264309.44936,0,39.1123439667129,-0.06425896418229193,-0.05332002818491781,-0.010938935997374125,14.553542932245756,14.3255,14.097457067754243,0.0961428571428574,478340.8175,-1.118443904133377,14.1698,0.06976173736371294
2025-12-04 20:15:00,14.234,14.244,14.221,14.221,4399.1,2025-12-04 20:29:59.999,62611.80663,534,336.07,4782.98239,0,39.00414937759333,-0.06209094297539508,-0.05507421114301327,-0.007016731832381808,14.55297420728857,14.3202,14.08742579271143,0.09514285714285745,477819.73250000004,-0.9748624747580292,14.1934,0.060912231940756095
2025-12-04 20:30:00,14.221,14.261,14.213,14.261,188522.77,2025-12-04 20:44:59.999,2686189.30672,707,168348.42,2398832.43749,0,41.0427807486631,-0.05649387857710941,-0.055358144629832504,-0.0011357339472769096,14.53154194397551,14.309449999999998,14.087358056024486,0.09521428571428599,379750.3015,-0.39114339596284786,14.228399999999999,0.020923670806187213
2025-12-04 20:45:00,14.261,14.346,14.257,14.346,269993.65,2025-12-04 20:59:59.999,3860615.12129,712,242538.47,3468085.28469,0,49.06132665832287,-0.044684282497803096,-0.05322337220342663,0.008539089705623532,14.512396465632344,14.3031,14.093803534367657,0.09807142857142878,393115.43799999997,-0.34731869963879347,14.2534,0.05568033764271293
2025-12-04 21:00:00,14.347,14.362,14.314,14.314,60030.04,2025-12-04 21:14:59.999,861705.77006,555,59700.31,856977.01514,0,49.80940279542566,-0.037475233917172446,-0.05007374454617579,0.012598510629003343,14.497854218877505,14.29725,14.096645781122495,0.09064285714285727,395921.032,-0.35502958579881766,14.275200000000002,0.05327945194920113
2025-12-04 21:15:00,14.314,14.362,14.275,14.275,1181.21,2025-12-04 21:29:59.999,16885.20878,507,113.14,1624.90480,0,41.90093708165996,-0.03451116185067349,-0.046961228007075334,0.012450066156401846,14.471491730159158,14.287600000000001,14.103708269840844,0.08664285714285722,387758.3265,-0.6126853721367346,14.2834,0.04827318096010956
2025-12-04 21:30:00,14.275,14.362,14.234,14.235,206257.47,2025-12-04 21:44:59.999,2937090.20769,584,57.74,827.52032,0,41.40211640211637,-0.03498647676323685,-0.04456627775830764,0.009579800995070789,14.45838225290467,14.2798,14.10121774709533,0.09064285714285727,350942.8935,-0.08422825858075704,14.2862,0.04396248400633882
2025-12-04 21:45:00,14.235,14.235,14.153,14.156,1189959.67,2025-12-04 21:59:59.999,16886749.00033,1024,435.66,6179.67287,0,37.57503001200487,-0.04126216250084802,-0.04390545470681572,0.0026432922059676997,14.44881203885214,14.268600000000001,14.088387961147863,0.0915714285714287,410390.5815,-0.8058300049050537,14.265199999999998,0.073896549310553
2025-12-04 22:00:00,14.156,14.241,14.153,14.224,2619.01,2025-12-04 22:14:59.999,37131.29925,520,1579.96,22419.34864,0,48.53503184713377,-0.04028428480238411,-0.0431812207259294,0.002896935923545292,14.430999638628588,14.260049999999998,14.089100361371408,0.08707142857142866,409009.806,0.8579734808196869,14.240799999999998,0.05923428061525134
2025-12-04 22:15:00,14.226,14.241,14.153,14.226,1297.85,2025-12-04 22:29:59.999,18392.52425,453,141.02,2008.26042,0,47.05111402359109,-0.03889951697820848,-0.04232487997638522,0.003425362998176737,14.41801359513085,14.2533,14.08858640486915,0.09057142857142862,409054.979,0.9938946471674043,14.2232,0.04285673809339508
2025-12-04 22:30:00,14.225,14.261,14.153,14.261,82575.19,2025-12-04 22:44:59.999,1176639.04606,557,81927.74,1167423.92778,0,62.53968253968256,-0.03457926279142143,-0.040775756539392465,0.006196493747971037,14.412536383178473,14.250499999999999,14.088463616821524,0.08521428571428569,366822.217,0.28127417199915017,14.220400000000001,0.03890115679521301
2025-12-04 22:45:00,14.261,14.273,14.252,14.252,27147.71,2025-12-04 22:59:59.999,387174.58279,522,26515.06,378156.70076,0,63.34405144694544,-0.03151833130272763,-0.0389242714920595,0.007405940189331869,14.390205053475775,14.243300000000001,14.096394946524228,0.07599999999999987,345019.50599999994,0.3308694121788145,14.2238,0.04117280655974076
2025-12-04 23:00:00,14.252,14.299,14.244,14.263,1309.8,2025-12-04 23:14:59.999,18692.49376,500,1123.32,16034.22476,0,54.21686746987953,-0.02788348946625341,-0.03671611508689828,0.008832625620644872,14.373976286588926,14.2382,14.102423713411076,0.06978571428571405,344975.284,0.2037375298580857,14.2452,0.01891295852071527
2025-12-04 23:15:00,14.263,14.299,14.244,14.252,234.33,2025-12-04 23:29:59.999,3342.53123,493,49.91,713.39011,0,54.76673427991897,-0.025595411224388798,-0.034491974314396386,0.008896563090007588,14.355396250880187,14.232650000000001,14.109903749119816,0.07057142857142829,344874.54799999995,0.21798748329935014,14.250799999999998,0.014754660280955758
2025-12-04 23:30:00,14.252,14.299,14.24,14.241,2657.77,2025-12-04 23:44:59.999,37865.87073,491,112.66,1610.83930,0,50.736842105263136,-0.02438856461068184,-0.032471292373653475,0.008082727762971635,14.354977849502315,14.23235,14.109722150497685,0.069928571428571,293215.022,-0.14024261973213362,14.253800000000002,0.008757853618694656
2025-12-04 23:45:00,14.243,14.299,14.236,14.248,686.65,2025-12-04 23:59:59.999,9807.42497,518,491.31,7025.24169,0,52.87846481876328,-0.02260669259583281,-0.030498372418089344,0.007891679822256532,14.352728164376494,14.231199999999998,14.109671835623502,0.07278571428571379,293183.85949999996,-0.6831172452251552,14.2512,0.007981227976097648
2025-12-05 00:00:00,14.249,14.299,14.21,14.21,1195.46,2025-12-05 00:14:59.999,17045.79478,503,503.01,7192.53999,0,44.53961456102795,-0.023984351927838432,-0.029195568320039167,0.005211216392200735,14.34277216043886,14.23655,14.130327839561138,0.07571428571428511,232943.06749999998,-0.72656140841134,14.242799999999999,0.019992498593379895
2025-12-05 00:15:00,14.208,14.299,14.198,14.26,14783.44,2025-12-05 00:29:59.999,211030.00682,450,11175.06,159792.18294,0,40.04629629629611,-0.02080178471584304,-0.027516811599199942,0.0067150268833569005,14.324676563234513,14.245250000000002,14.165823436765491,0.07657142857142787,160603.66499999998,-0.1050788091068341,14.2422,0.01926655132623086
2025-12-05 00:30:00,14.26,14.299,14.198,14.234,1177.38,2025-12-05 00:44:59.999,16731.34505,523,127.35,1813.38421,0,40.6103286384975,-0.020145337074357172,-0.026042516694231386,0.005897179619874213,14.32470128238259,14.2459,14.167098717617412,0.0803571428571421,111081.741,-0.007024938531783953,14.2386,0.01864939677325314
2025-12-05 00:45:00,14.234,14.253,14.198,14.25,7108.03,2025-12-05 00:59:59.999,101095.41928,463,3144.52,44817.63047,0,46.89826302729519,-0.01812509647690419,-0.024459032650765947,0.006333936173861757,14.324567895395772,14.248149999999999,14.171732104604226,0.0780714285714278,104393.49799999999,0.6640293868324344,14.2404,0.019359752064689775
2025-12-05 01:00:00,14.249,14.289,14.198,14.275,1060.3,2025-12-05 01:14:59.999,15102.68149,536,529.27,7555.96106,0,55.15463917525795,-0.014341431091695611,-0.02243551233895188,0.00809408124725627,14.3272170179409,14.250200000000001,14.173182982059103,0.07542857142857061,103209.8415,0.35854893138357813,14.2458,0.024963974042735138
2025-12-05 01:15:00,14.275,14.322,14.275,14.311,66219.19,2025-12-05 01:29:59.999,946636.44742,584,64354.27,919999.02842,0,72.46376811594236,-0.00834179090565712,-0.01961676805229293,0.01127497714663581,14.334981347377326,14.2547,14.174418652622673,0.0729285714285706,106300.84599999999,0.5974975397160064,14.266,0.029248931604533276
2025-12-05 01:30:00,14.305,14.323,14.275,14.284,990.05,2025-12-05 01:44:59.999,14152.56621,468,283.45,4059.48972,0,59.86842105263188,-0.005700001119949505,-0.016833414665824244,0.01113341354587474,14.33716362286256,14.25585,14.174536377137441,0.0700714285714278,96924.20999999999,0.16127901269196734,14.2708,0.02997832550371581
2025-12-05 01:45:00,14.276,14.323,14.275,14.275,869.24,2025-12-05 01:59:59.999,12415.94988,521,389.69,5567.77443,0,57.877813504823244,-0.0042832142380433424,-0.014323374580268064,0.010040160342224722,14.322479019206023,14.252300000000002,14.18212098079398,0.067214285714285,83467.9895,0.16138085882682912,14.279000000000002,0.02192031021693946
2025-12-05 02:00:00,14.275,14.323,14.275,14.275,1514.16,2025-12-05 02:14:59.999,21640.84824,470,546.13,7822.21999,0,52.53623188405822,-0.003124384467454888,-0.012083576557705429,0.008959192090250541,14.315281623954364,14.250350000000001,14.185418376045638,0.0629285714285708,80542.1955,0.08413377269859396,14.284,0.01558845726834206
2025-12-05 02:15:00,14.323,14.328,14.275,14.319,1622.09,2025-12-05 02:29:59.999,23225.92921,506,1333.36,19098.00415,0,60.77170418006446,0.001329107625936743,-0.009401039720976995,0.010730147346913738,14.323683602984536,14.252550000000003,14.18141639701547,0.0652142857142851,80564.2395,0.47010945832164025,14.2928,0.02078942038651042
2025-12-05 02:30:00,14.321,14.379,14.275,14.377,91910.04,2025-12-05 02:44:59.999,1320423.83703,617,91353.27,1312440.31417,0,65.92178770949744,0.009429944934137069,-0.005634842789954181,0.01506478772409125,14.349335473798172,14.259649999999999,14.169964526201825,0.06871428571428506,74846.86799999999,0.954989115932877,14.306000000000001,0.04363484845862634
2025-12-05 02:45:00,14.376,14.379,14.318,14.318,9267.68,2025-12-05 02:59:59.999,133066.29366,582,4834.58,69516.35267,0,58.128078817733886,0.010962738324504784,-0.0023153265670623874,0.013278064891567172,14.346631323250632,14.267750000000001,14.18886867674937,0.0691428571428565,15812.2685,0.49129702414374155,14.3128,0.041966653428733174
2025-12-05 03:00:00,14.318,14.379,14.313,14.32,3210.83,2025-12-05 03:14:59.999,46090.81601,578,1472.53,21173.15847,0,59.94962216624697,0.01219825749559611,0.000587390245469313,0.011610867250126796,14.351903904158137,14.27255,14.193196095841865,0.06964285714285648,15841.8595,0.7741027445460903,14.321800000000001,0.03627257917501232
2025-12-05 03:15:00,14.32,14.379,14.319,14.319,519.71,2025-12-05 03:29:59.999,7457.57078,583,263.98,3795.76842,0,59.079283887468264,0.01294747328496726,0.003059406853368903,0.009888066431598355,14.3559657419513,14.277200000000002,14.198434258048705,0.06942857142857076,15802.9525,0.4137447405329667,14.3306,0.025948024973158606
2025-12-05 03:30:00,14.319,14.379,14.249,14.249,107980.04,2025-12-05 03:44:59.999,1539035.94350,641,933.70,13425.39366,0,54.60992907801415,0.007802870575384091,0.0040080995977719415,0.0037947709776121495,14.356065053556371,14.276599999999998,14.197134946443626,0.07235714285714222,17073.195,0.1053814809610831,14.3166,0.04537951079515388
2025-12-05 03:45:00,14.249,14.262,14.227,14.247,385961.53,2025-12-05 03:59:59.999,5496209.77264,791,10971.08,156339.64267,0,48.26666666666669,0.0035237331752817624,0.003911226313273905,-0.0003874931379921429,14.356171577348492,14.276349999999999,14.196528422651506,0.06764285714285657,35013.886,-0.021052631578948166,14.290600000000001,0.03890115679523096
2025-12-05 04:00:00,14.247,14.287,14.227,14.272,6642.02,2025-12-05 04:14:59.999,94643.84801,511,6140.46,87504.08802,0,55.08021390374332,0.0021252781390153075,0.0035540366784221856,-0.0014287585394068781,14.356405871245261,14.2768,14.197194128754738,0.06471428571428525,35280.496999999996,-0.02101576182136682,14.2814,0.03614277244494412
2025-12-05 04:15:00,14.267,14.287,14.219,14.219,279.09,2025-12-05 04:29:59.999,3977.31179,449,52.69,752.78203,0,46.22871046228706,-0.0032225174379938437,0.0021987258551389795,-0.005421243293132823,14.358213133882618,14.27515,14.192086866117382,0.0656428571428568,35282.735,-0.6428621340227834,14.261199999999999,0.03737913856694347
2025-12-05 04:30:00,14.219,14.287,14.186,14.205,43763.51,2025-12-05 04:44:59.999,621220.59906,519,3511.61,50169.78807,0,41.25000000000001,-0.00849247103892381,6.048647632642091e-05,-0.008552957515250231,14.360964646695999,14.273349999999999,14.185735353303999,0.06635714285714263,37338.022000000004,-0.5530663679641601,14.238399999999999,0.026491508073464655
2025-12-05 04:45:00,14.206,14.287,14.185,14.239,281.64,2025-12-05 04:59:59.999,4006.25339,503,56.60,808.38027,0,40.95477386934691,-0.009812321056301698,-0.0019140750301992037,-0.007898246026102495,14.361152985635387,14.272900000000002,14.184647014364616,0.07028571428571416,37317.771499999995,-0.2521891418563894,14.2364,0.025861167800515426
2025-12-05 05:00:00,14.239,14.287,14.185,14.259,5748.57,2025-12-05 05:14:59.999,82120.71946,518,5494.74,78503.04205,0,46.80306905370842,-0.009139128664715557,-0.003359085757102475,-0.005780042907613082,14.358842892857835,14.27535,14.191857107142164,0.07414285714285704,37545.427,-0.11208406304728556,14.238800000000001,0.02758985320741024
2025-12-05 05:15:00,14.259,14.287,14.167,14.287,1400.19,2025-12-05 05:29:59.999,19960.01626,582,775.98,11086.35231,0,51.46341463414638,-0.006273930880254852,-0.003942054781732951,-0.002331876098521901,14.3600208130938,14.2767,14.1933791869062,0.07928571428571425,36876.264500000005,-0.22347929324673532,14.241800000000001,0.032483842137384054
2025-12-05 05:30:00,14.171,14.171,14.148,14.166,253915.47,2025-12-05 05:44:59.999,3594595.47205,740,38772.89,549179.30366,0,39.736346516007615,-0.013610041665877759,-0.005875652158561914,-0.007734389507315845,14.368640056197094,14.2733,14.177959943802907,0.08578571428571433,49513.16900000001,-1.467621896084025,14.231200000000001,0.04712960852804062
2025-12-05 05:45:00,14.165,14.166,14.139,14.149,78465.97,2025-12-05 05:59:59.999,1111132.59228,703,303.31,4296.65964,0,33.13492063492063,-0.020558731977505573,-0.008812268122350647,-0.011746463855154926,14.378344457051933,14.26825,14.158155542948068,0.0839285714285716,53081.066000000006,-1.180332448666018,14.219999999999999,0.05984981202983236
2025-12-05 06:00:00,14.149,14.171,14.138,14.171,325.49,2025-12-05 06:14:59.999,4611.64615,596,286.77,4063.45836,0,27.9914529914531,-0.024013589264651358,-0.01185253235081079,-0.012161056913840567,14.381322611056794,14.263049999999998,14.144777388943202,0.07885714285714306,53044.3255,-1.0405027932960957,14.206399999999999,0.06213533616233283
2025-12-05 06:15:00,14.171,14.171,14.138,14.171,1830.91,2025-12-05 06:29:59.999,25898.50922,737,397.08,5627.02068,0,32.02933985330088,-0.026446727147577676,-0.014771371310164172,-0.011675355837413503,14.378858323050201,14.256049999999998,14.133241676949796,0.07685714285714303,49824.9115,-1.03359173126616,14.1888,0.055634521657024094
2025-12-05 06:30:00,14.171,14.171,14.138,14.171,575.1,2025-12-05 06:44:59.999,8149.36689,670,563.73,7988.61783,0,31.695331695331745,-0.028051644552743227,-0.017427425958679986,-0.01062421859406324,14.378094371964686,14.250399999999999,14.122705628035312,0.0745000000000002,49804.164000000004,-0.5474068355674165,14.165599999999998,0.009528903399948734
2025-12-05 06:45:00,14.171,14.222,14.138,14.221,7481.61,2025-12-05 06:59:59.999,106364.07918,673,7333.97,104275.72623,0,39.25438596491231,-0.025000777624565984,-0.018942096291857186,-0.006058681332708798,14.375487817555767,14.247699999999998,14.11991218244423,0.07621428571428598,50134.7825,-0.1824945602582986,14.176599999999999,0.026585710447639493
2025-12-05 07:00:00,14.221,14.288,14.138,14.264,816978.17,2025-12-05 07:14:59.999,11646187.17832,685,816140.30,11634271.50975,0,51.74825174825159,-0.01889538869081875,-0.0189327547716495,3.7366080830752296e-05,14.37453714303415,14.24715,14.119762856965849,0.0776428571428575,90907.98300000001,-0.0560538116591991,14.199599999999998,0.04200952273004396
2025-12-05 07:15:00,14.267,14.295,14.255,14.283,37118.38,2025-12-05 07:29:59.999,530466.69083,605,36249.28,518066.70612,0,54.035874439461814,-0.01238096273199929,-0.01762239636371946,0.0052414336317201694,14.369437023792017,14.245349999999998,14.12126297620798,0.07800000000000029,92682.79750000002,0.4501019762289898,14.222,0.051691391933342185
2025-12-05 07:30:00,14.283,14.295,14.236,14.236,4144.68,2025-12-05 07:44:59.999,59086.43625,659,117.38,1677.94710,0,46.15384615384621,-0.010885261906919297,-0.016274969472359426,0.005389707565440129,14.345807845490375,14.2383,14.130792154509626,0.07792857142857164,88294.5295,0.2182330165434747,14.235,0.04312192017995676
2025-12-05 07:45:00,14.237,14.295,14.225,14.242,417.24,2025-12-05 07:59:59.999,5945.56976,627,116.56,1666.22520,0,52.73159144893129,-0.009110735483771393,-0.014842122674641819,0.005731387190870426,14.33531040046534,14.2345,14.13368959953466,0.0780714285714287,87852.0075,0.02106889528759122,14.249199999999998,0.02440696621882267
2025-12-05 08:00:00,14.238,14.295,14.214,14.233,2233.23,2025-12-05 08:14:59.999,31836.83646,529,994.14,14211.23130,0,53.36538461538466,-0.008334559676647757,-0.013540610075043008,0.005206050398395251,14.322586663948796,14.23015,14.137713336051204,0.07664285714285717,87803.1275,-0.1823409776281633,14.251600000000002,0.021337759957567825
2025-12-05 08:15:00,14.233,14.295,14.218,14.237,1792.91,2025-12-05 08:29:59.999,25616.89800,513,1590.79,22740.34305,0,49.74093264248696,-0.007312375671904903,-0.012294963194415387,0.004982587522510485,14.308643423976049,14.226049999999997,14.143456576023945,0.07485714285714286,87866.7875,-0.34996850283474984,14.246199999999998,0.020825465181040847
2025-12-05 08:30:00,14.237,14.295,14.218,14.252,1835.19,2025-12-05 08:44:59.999,26108.39769,497,285.80,4075.28273,0,49.08136482939638,-0.005231606144862511,-0.010882291784504812,0.005650685639642302,14.30897960592907,14.2262,14.143420394070931,0.07307142857142855,82559.54500000001,0.6070873923478772,14.24,0.007449832213325276
2025-12-05 08:45:00,14.253,14.31,14.218,14.306,787.47,2025-12-05 08:59:59.999,11255.93591,603,678.50,9701.20697,0,52.33415233415212,0.0007659381415088262,-0.008552645799302086,0.009318583940810912,14.3189574548534,14.229149999999999,14.139342545146597,0.07107142857142852,63300.842000000004,1.109619054350131,14.254,0.029924906015003614
2025-12-05 09:00:00,14.305,14.311,14.185,14.187,232510.7,2025-12-05 09:14:59.999,3299973.33220,734,261.95,3747.79259,0,52.592592592592474,-0.004036737282463676,-0.007649464095934404,0.0036127268134707275,14.314212932993366,14.2249,14.135587067006634,0.07014285714285697,74594.276,0.11290664032178403,14.243,0.042784342930641
2025-12-05 09:15:00,14.187,14.188,14.081,14.087,1409013.69,2025-12-05 09:29:59.999,19921787.54311,1000,8059.25,113891.37087,0,43.64754098360659,-0.01573072244617002,-0.009265715765981527,-0.006465006680188493,14.326879536697072,14.2183,14.109720463302926,0.07585714285714269,145031.006,-0.592759861689363,14.2138,0.08260568987670443
2025-12-05 09:30:00,14.087,14.1,14.072,14.072,21640.93,2025-12-05 09:44:59.999,305061.65752,535,18666.36,263175.75469,0,39.708939708939646,-0.025909990338579547,-0.012594570680501132,-0.013315419658078415,14.338425848604345,14.21165,14.084874151395656,0.0754999999999999,143924.877,-0.6986098369910394,14.1808,0.10175804636492257
2025-12-05 09:45:00,14.077,14.1,14.033,14.04,670.79,2025-12-05 09:59:59.999,9437.36339,552,303.16,4274.55600,0,37.231968810916115,-0.03614263623332903,-0.017304183791066713,-0.018838452442262316,14.349011485241608,14.201699999999999,14.05438851475839,0.07792857142857137,143944.3345,-1.2727656282961883,14.1384,0.10861077294635599
2025-12-05 10:00:00,14.037,14.1,14.031,14.073,23889.78,2025-12-05 10:14:59.999,335653.17812,511,6401.73,90264.38882,0,41.02564102564111,-0.04111530596587443,-0.022066408226028258,-0.01904889773984617,14.34774599752567,14.192399999999997,14.037054002474324,0.08049999999999992,144851.39500000002,-1.3390353337072276,14.091800000000001,0.055934783453626
2025-12-05 10:15:00,14.073,14.105,14.031,14.089,2280.81,2025-12-05 10:29:59.999,32088.59113,525,1485.45,20922.81045,0,37.10937499999999,-0.043266368508856345,-0.026306400282593876,-0.01695996822626247,14.337698345080312,14.1825,14.027301654919686,0.07978571428571422,144895.426,-1.3582580690331099,14.0722,0.019613770672761734
2025-12-05 10:30:00,14.089,14.118,14.031,14.118,3591.52,2025-12-05 10:44:59.999,50665.84952,525,3204.58,45225.77166,0,35.341365461847474,-0.042145219578042514,-0.029474164141683606,-0.012671055436358908,14.337836489119919,14.1801,14.02236351088008,0.07528571428571418,132379.2285,-0.8288845181230705,14.078399999999998,0.028395422166324725
2025-12-05 10:45:00,14.118,14.119,14.031,14.079,11604.1,2025-12-05 10:59:59.999,163034.78833,493,2363.36,33368.06631,0,30.308880308880376,-0.04389765024959402,-0.03235886136326569,-0.011538788886328331,14.340238111633035,14.176599999999999,14.012961888366963,0.07871428571428561,129036.13499999998,-1.144502176660583,14.0798,0.028172681803545555
2025-12-05 11:00:00,14.08,14.119,14.031,14.1,378.37,2025-12-05 11:14:59.999,5322.41182,540,36.98,522.12062,0,36.178861788617766,-0.04309516544525849,-0.03450612217966425,-0.008589043265594239,14.340241632880183,14.17305,14.005858367119817,0.08078571428571417,129038.77900000001,-0.9344481135389651,14.091800000000001,0.017880156598978784
2025-12-05 11:15:00,14.098,14.119,14.031,14.07,266.0,2025-12-05 11:29:59.999,3746.78036,471,40.59,573.09021,0,33.333333333333215,-0.0443684874310879,-0.03647859522994898,-0.00788989220113892,14.341437080961686,14.168000000000001,13.994562919038316,0.08207142857142838,128960.53349999999,-1.1729999297604818,14.0912,0.018700267377874398
2025-12-05 11:30:00,14.069,14.119,13.971,13.982,641793.76,2025-12-05 11:44:59.999,8989283.82320,752,915.06,12870.67277,0,28.90756302520994,-0.05188042360310874,-0.039558960904580935,-0.012321462698527803,14.35086714486859,14.158550000000002,13.966232855131414,0.08685714285714267,161021.4665,-1.8944709514454205,14.0698,0.05250904683960366
2025-12-05 11:45:00,13.982,14.053,13.971,14.043,580.07,2025-12-05 11:59:59.999,8130.87883,538,235.14,3303.14414,0,35.12269938650299,-0.052308516916193426,-0.042108872106903436,-0.01019964480928999,14.346226247427076,14.14965,13.953073752572923,0.08721428571428559,160676.3895,-1.838389486928561,14.0548,0.04554887484892947
2025-12-05 12:00:00,14.043,14.069,13.971,14.022,452.98,2025-12-05 12:14:59.999,6355.33447,542,192.21,2702.07804,0,32.5227963525835,-0.053723022880392435,-0.04443170226160124,-0.009291320618791198,14.334281690112745,14.137550000000001,13.940818309887257,0.08871428571428565,119850.13,-1.1630365827870526,14.0434,0.04510875746463461
2025-12-05 12:15:00,14.022,14.069,14.012,14.012,1372.59,2025-12-05 12:29:59.999,19293.70986,550,1014.77,14276.79913,0,26.058631921824173,-0.05501674666566991,-0.046548711142414975,-0.008468035523254938,14.315820091148714,14.124,13.932179908851287,0.08621428571428565,118062.8405,-0.5324057641797352,14.025799999999998,0.03306357512434061
2025-12-05 12:30:00,14.012,14.069,13.991,13.991,235.18,2025-12-05 12:44:59.999,3296.50086,572,5.66,79.63054,0,31.007751937984523,-0.0570785901251849,-0.04865468693896897,-0.008423903186215935,14.304742909604926,14.11175,13.918757090395076,0.08278571428571434,117867.3655,-0.5756111426947095,14.01,0.024402868683879406
2025-12-05 12:45:00,13.991,14.069,13.982,13.982,247.98,2025-12-05 12:59:59.999,3471.27823,547,19.99,281.23931,0,37.64705882352939,-0.058761474999446506,-0.05067604455106449,-0.008085430448382017,14.28981887708194,14.098749999999999,13.907681122918058,0.08135714285714293,117858.90250000001,-0.41310541310541193,14.01,0.024402868683879406
2025-12-05 13:00:00,13.982,14.069,13.93,13.996,639050.86,2025-12-05 13:14:59.999,8918587.48836,889,66985.32,938606.99876,0,41.03773584905678,-0.05829351898925772,-0.05219953943870314,-0.0060939795505545805,14.272222364940795,14.0869,13.901577635059205,0.08928571428571441,149699.784,-0.5471470191146163,14.0006,0.01618023485622367
2025-12-05 13:15:00,13.996,14.029,13.958,13.958,2579.88,2025-12-05 13:29:59.999,36119.04406,623,1038.64,14571.08056,0,40.465116279069925,-0.06029391221216862,-0.053818413993396236,-0.006475498218772385,14.252615742275063,14.07295,13.893284257724938,0.08957142857142866,149739.1325,-0.9298033927177247,13.987799999999998,0.019904773296935113
2025-12-05 13:30:00,13.963,14.029,13.867,13.868,718219.16,2025-12-05 13:44:59.999,9982282.73131,779,131.40,1834.05782,0,28.952772073921977,-0.06835354892855428,-0.056725440980427845,-0.01162810794812643,14.234916832098243,14.053749999999999,13.872583167901755,0.09621428571428581,185558.331,-1.7707890636067432,13.959,0.05292447448961537
2025-12-05 13:45:00,13.867,13.924,13.849,13.853,474.6,2025-12-05 13:59:59.999,6584.90238,562,42.67,592.92023,0,25.72016460905347,-0.07508570249348878,-0.06039749328304004,-0.014688209210448742,14.191567606174772,14.0311,13.870632393825229,0.09628571428571434,185542.6875,-1.6052276440088136,13.9314,0.06634606243027234
2025-12-05 14:00:00,13.853,13.924,13.834,13.844,2795.58,2025-12-05 14:14:59.999,38693.54979,556,131.82,1835.20390,0,20.600858369098688,-0.08022245297890862,-0.06436248522221376,-0.015859967756694862,14.177548320670473,14.01395,13.850351679329526,0.09650000000000006,174056.9315,-1.8156028368794344,13.9038,0.0686964336774573
2025-12-05 14:15:00,13.848,13.924,13.812,13.813,140396.13,2025-12-05 14:29:59.999,1940534.79196,602,1458.77,20311.91348,0,20.960698689956345,-0.08580569107456348,-0.06865112639268371,-0.017154564681879772,14.182875155354635,14.00025,13.817624844645364,0.09821428571428584,110626.05350000001,-1.8265813788201826,13.8672,0.05459578738328437
2025-12-05 14:30:00,13.812,13.924,13.763,13.776,781695.18,2025-12-05 14:44:59.999,10780629.76464,781,308.23,4248.23738,0,15.822784810126748,-0.09215374723412673,-0.07335165056097231,-0.01880209667315441,14.190225075580091,13.98545,13.780674924419909,0.10342857142857158,148628.766,-1.4733228436561259,13.8308,0.03664287106655674
2025-12-05 14:45:00,13.784,13.838,13.76,13.815,2241.2,2025-12-05 14:59:59.999,30898.95712,551,957.37,13228.95347,0,23.60248447204974,-0.09296599924251225,-0.07727452029728031,-0.015691478945231943,14.19074084335753,13.9742,13.75765915664247,0.10271428571428588,148707.2865,-1.623584704123049,13.8202,0.030310064335137152
2025-12-05 15:00:00,13.815,14.106,13.815,14.05,5982799.69,2025-12-05 15:14:59.999,83580436.40109,950,5981317.47,83559735.26252,0,55.396825396825484,-0.07379649868791738,-0.07657891597540772,0.0027824172874903463,14.187616858675776,13.97305,13.758483141324225,0.11292857142857164,446652.782,0.19968620738839302,13.8596,0.10913890232176933
2025-12-05 15:15:00,14.043,14.106,14.009,14.07,4882.88,2025-12-05 15:29:59.999,68471.15138,605,1437.89,20202.60524,0,52.292020373514504,-0.05634123188658968,-0.07253137915764411,0.01619014727105443,14.18466419463774,13.972100000000001,13.759535805362262,0.11400000000000013,446782.88550000003,0.41393091635740675,13.9048,0.14270143657301135
2025-12-05 15:30:00,14.073,14.129,14.007,14.036,303117.04,2025-12-05 15:44:59.999,4271710.04251,831,237476.06,3351203.65877,0,51.16279069767435,-0.044735638445246195,-0.06697223101516453,0.022236592569918334,14.171693267852195,13.967999999999998,13.764306732147801,0.11571428571428578,461759.16150000005,0.32163533700235813,13.9494,0.14168203838172835
2025-12-05 15:45:00,14.036,14.036,13.881,13.92,712090.46,2025-12-05 15:59:59.999,9915525.35419,893,53595.47,748262.19961,0,43.502824858757066,-0.044386690439116805,-0.06245512289995499,0.018068432460838182,14.157827626322014,13.96005,13.762272373677988,0.1227142857142857,496783.4795,-0.44342726362465595,13.978200000000001,0.10833374358897471
2025-12-05 16:00:00,13.922,13.933,13.718,13.726,1883163.46,2025-12-05 16:14:59.999,25981180.19228,1102,5522.33,76610.10801,0,34.96027241770726,-0.05908325037233375,-0.06178074839443075,0.0026974980220969974,14.153606324683878,13.94135,13.729093675316122,0.1324999999999999,590922.7339999999,-1.9291226064589853,13.960399999999998,0.14346706939225284
2025-12-05 16:15:00,13.721,13.79,13.705,13.739,266955.66,2025-12-05 16:29:59.999,3661842.38416,659,20437.40,281768.09492,0,36.27118644067807,-0.06888729874881605,-0.06320205846530783,-0.005685240283508225,14.146238930633,13.9248,13.703361069366998,0.1323571428571426,604257.217,-1.5689926923627986,13.8982,0.16122716892633518
2025-12-05 16:30:00,13.735,13.79,13.435,13.48,2942969.21,2025-12-05 16:44:59.999,39915635.64151,1216,11960.30,161663.98890,0,27.168141592920364,-0.096444461451199,-0.06985053906248606,-0.026593922388712943,14.19524310398938,13.8997,13.604156896010618,0.14778571428571383,719315.9894999999,-2.797807903086241,13.780200000000002,0.21197452677149695
2025-12-05 16:45:00,13.48,13.561,13.48,13.522,124027.65,2025-12-05 16:59:59.999,1677747.47894,636,114461.26,1548700.14915,0,30.776014109347443,-0.11358532155761125,-0.0785974955615111,-0.03498782599610015,14.20561149110829,13.873650000000001,13.541688508891713,0.14849999999999955,725488.3685,-2.389374142784953,13.6774,0.17897429983100763
2025-12-05 17:00:00,13.519,13.573,13.455,13.455,262155.48,2025-12-05 17:14:59.999,3529869.38831,682,1060.23,14371.44210,0,31.41314131413141,-0.1310650800847757,-0.08909101246616404,-0.04197406761861165,14.218233802507259,13.8453,13.472366197492741,0.1453571428571425,738573.4935000001,-2.809881537127993,13.584399999999999,0.13737648998281585
2025-12-05 17:15:00,13.455,13.462,13.409,13.409,432875.81,2025-12-05 17:29:59.999,5820254.04027,756,1361.54,18325.41257,0,30.560420315236456,-0.14693594411505906,-0.10065999879594306,-0.046275945319115996,14.22682604790775,13.81515,13.403473952092249,0.1437857142857139,760148.6545000001,-2.924781003402591,13.521,0.12855543551323723
2025-12-05 17:30:00,13.409,13.463,13.392,13.405,5167.4,2025-12-05 17:44:59.999,69535.74242,538,4624.19,62251.97373,0,30.69481090589271,-0.1580149863710929,-0.11213099631097305,-0.04588399006011985,14.227174931016519,13.78585,13.344525068983481,0.14242857142857104,760395.2655,-2.6930894308943123,13.4542,0.04931227027827393
2025-12-05 17:45:00,13.403,13.527,13.391,13.527,789613.69,2025-12-05 17:59:59.999,10651060.59868,655,789452.85,10648896.36728,0,38.35504885993482,-0.15516221336518043,-0.12073723972181453,-0.0344249736433659,14.208739410522028,13.7631,13.317460589477971,0.14414285714285668,799863.5510000001,-2.08469055374593,13.4636,0.05898982963187466
2025-12-05 18:00:00,13.525,13.652,13.514,13.628,1153582.41,2025-12-05 18:14:59.999,15707449.16847,765,1152936.26,15698659.73344,0,44.27244582043346,-0.14310192439057445,-0.12521017665556652,-0.01789174773500793,14.180121683090263,13.7447,13.309278316909737,0.14249999999999957,825590.1285,-3.003558718861214,13.484800000000002,0.09392656706170947
2025-12-05 18:15:00,13.628,13.652,13.521,13.556,352295.19,2025-12-05 18:29:59.999,4770715.12134,706,1285.99,17554.00744,0,40.22641509433963,-0.13776577861969663,-0.12772129704839255,-0.010044481571304081,14.155655693067859,13.7246,13.293544306932143,0.14628571428571377,843075.8940000001,-3.6531627576403776,13.505,0.09673417183187123
2025-12-05 18:30:00,13.556,13.578,13.506,13.506,4507.21,2025-12-05 18:44:59.999,60911.77900,575,374.60,5075.92080,0,26.140350877192972,-0.1360036612365878,-0.1293777698860316,-0.00662589135055619,14.142574112484155,13.7065,13.270425887515845,0.13064285714285656,807390.2965,-3.776004559703615,13.5244,0.08113753755197557
2025-12-05 18:45:00,13.506,13.506,13.423,13.423,711526.88,2025-12-05 18:59:59.999,9569370.30884,769,278.01,3739.67077,0,23.10889443059021,-0.13969426828701437,-0.13144106956622817,-0.008253198720786198,14.132902244973751,13.684999999999999,13.237097755026246,0.1296428571428566,842942.9105,-3.5704022988505737,13.528,0.07465587719662965
2025-12-05 19:00:00,13.423,13.462,13.373,13.462,429326.08,2025-12-05 19:14:59.999,5759554.37579,706,59689.55,803041.62007,0,26.241721854304657,-0.13788270095287913,-0.13272939584355836,-0.005153305109320772,14.117815176018341,13.665900000000002,13.213984823981663,0.12728571428571378,864269.4355,-1.9233571324493743,13.515,0.08031811750780865
2025-12-05 19:15:00,13.462,13.55,13.462,13.55,980523.81,2025-12-05 19:29:59.999,13217525.04010,612,980419.43,13216113.03859,0,34.322033898305136,-0.1278721259651352,-0.13175794186787373,0.0038858159027385375,14.101940089875098,13.652749999999997,13.203559910124897,0.12249999999999961,906275.8195,-1.3756459713225129,13.4994,0.05710341495916033
2025-12-05 19:30:00,13.55,13.579,13.521,13.555,26691.73,2025-12-05 19:44:59.999,362405.00509,565,26523.12,360121.68935,0,41.372351160443955,-0.11817299027997663,-0.12904095155029432,0.010867961270317694,14.088993192436345,13.6417,13.194406807563656,0.11128571428571389,868525.6470000001,0.5563798219584517,13.499200000000002,0.05685683775939412
2025-12-05 19:45:00,13.554,13.591,13.534,13.555,18391.06,2025-12-05 19:59:59.999,249502.70200,495,12689.81,172315.03727,0,40.593047034764794,-0.1092272516060806,-0.12507821156145157,0.015850959955370975,14.069856900123089,13.6287,13.187543099876912,0.10928571428571386,869333.14,0.24404673864812507,13.509,0.06228563237214571
2025-12-05 20:00:00,13.558,13.592,13.525,13.56,13856.89,2025-12-05 20:14:59.999,188009.76224,565,7934.15,107840.96680,0,55.52486187845303,-0.1005748665868591,-0.12017754256653308,0.01960267597967398,13.9988119212859,13.6042,13.2095880787141,0.0887142857142854,570886.0,0.7803790412486096,13.5364,0.0417408672645669
2025-12-05 20:15:00,13.563,13.616,13.525,13.595,1893.7,2025-12-05 20:29:59.999,25686.58959,531,935.83,12721.21798,0,55.090655509065556,-0.08985775733719237,-0.11411358552066495,0.024255828183472578,13.908601746027584,13.580450000000003,13.252298253972421,0.0894285714285711,570736.541,1.3871280483257509,13.562999999999999,0.01823458252876361
2025-12-05 20:30:00,13.593,13.616,13.525,13.568,4083.89,2025-12-05 20:44:59.999,55421.82139,584,1498.52,20403.84832,0,58.34564254062032,-0.0825909878984259,-0.10780906599621715,0.025218078097791252,13.80548719951964,13.55705,13.308612800480361,0.08749999999999959,555784.8835,1.2159641924654998,13.5666,0.016742162345357508
2025-12-05 20:45:00,13.568,13.574,13.544,13.565,418.51,2025-12-05 20:59:59.999,5675.05762,633,7.85,106.49367,0,62.30283911671907,-0.07619575841906823,-0.10148640448078736,0.02529064606171913,13.72006108104609,13.5393,13.358538918953911,0.08585714285714248,520201.286,0.2809196421970892,13.5686,0.015565988564762248
2025-12-05 21:00:00,13.558,13.616,13.544,13.605,2343.74,2025-12-05 21:14:59.999,31854.95984,491,1437.03,19566.56393,0,64.92537313432837,-0.06712604007006462,-0.09461433159864283,0.027488291528578207,13.69477676167354,13.53325,13.371723238326462,0.08592857142857101,426160.3,-0.16877017904314418,13.5786,0.020057417580494338
2025-12-05 21:15:00,13.605,13.616,13.544,13.588,209.57,2025-12-05 21:29:59.999,2848.11884,489,8.09,110.15344,0,55.398230088495524,-0.060611291619196095,-0.08781372360275348,0.027202431983557387,13.658250844266222,13.5257,13.393149155733779,0.08135714285714243,412822.9955,0.2360578341693717,13.5842,0.017282939564736415
2025-12-05 21:30:00,13.587,13.616,13.544,13.58,234.0,2025-12-05 21:44:59.999,3179.80838,534,7.92,107.83872,0,44.91525423728816,-0.05545459364065941,-0.08134189761033467,0.025887303969675257,13.663536424934474,13.530700000000001,13.397863575065529,0.07664285714285667,265686.235,0.547904634977046,13.5812,0.016208022704769367
2025-12-05 21:45:00,13.584,13.616,13.539,13.57,459.31,2025-12-05 21:59:59.999,6225.64435,555,7.83,106.58403,0,51.70731707317086,-0.051580205268404455,-0.07538955914194863,0.023809353873544173,13.667004757982772,13.533100000000001,13.39919524201723,0.07278571428571391,259507.81799999997,1.0951352156745902,13.5816,0.01582087228942552
2025-12-05 22:00:00,13.572,13.616,13.506,13.506,39409.84,2025-12-05 22:14:59.999,532413.89102,612,121.71,1657.20336,0,50.0,-0.053062320301330956,-0.0709241113738251,0.017861791072494138,13.665162893078573,13.535649999999999,13.406137106921424,0.07549999999999965,248370.53600000002,0.32684593671074497,13.5698,0.03789722945016195
2025-12-05 22:15:00,13.507,13.557,13.506,13.555,236.95,2025-12-05 22:29:59.999,3208.36142,619,81.20,1100.10645,0,66.92307692307678,-0.0497099908222669,-0.06668128726351345,0.01697129644124655,13.658063628073824,13.54295,13.427836371926174,0.07321428571428536,226738.59299999996,0.036900369003682695,13.559800000000001,0.03249923076009867
2025-12-05 22:30:00,13.555,13.621,13.538,13.621,992.12,2025-12-05 22:44:59.999,13472.81596,651,936.77,12722.01354,0,69.06474820143877,-0.04125206897032996,-0.06159544360487675,0.020343374634546794,13.65393062634379,13.553749999999999,13.453569373656208,0.07278571428571391,226529.829,0.4869052010328345,13.566399999999998,0.04170491577737853
2025-12-05 22:45:00,13.622,13.637,13.538,13.593,234795.87,2025-12-05 22:59:59.999,3200283.33382,737,234588.89,3197466.61506,0,56.022408963585285,-0.03638900120632549,-0.056554155125166504,0.020165153918841015,13.65786661308327,13.55705,13.45623338691673,0.07357142857142815,198788.93800000002,0.2803393581704187,13.568999999999999,0.04314510400958915
2025-12-05 23:00:00,13.593,13.637,13.482,13.533,451176.53,2025-12-05 23:14:59.999,6095357.34561,847,1820.26,24704.59423,0,47.33009708737864,-0.036950540693716505,-0.0526334322388765,0.015682891545159998,13.647856211067527,13.552299999999999,13.45674378893247,0.08049999999999967,163668.64400000003,-0.19911504424779516,13.561600000000002,0.04600869483041424
2025-12-05 23:15:00,13.533,13.577,13.533,13.577,421.63,2025-12-05 23:29:59.999,5715.76520,590,339.80,4607.40106,0,52.41228070175438,-0.03345943299074783,-0.048798632389250765,0.015339199398502937,13.649536824789342,13.55335,13.457163175210658,0.07957142857142838,146074.96600000001,-0.13240161824200575,13.575800000000001,0.03392933833717302
2025-12-05 23:30:00,13.577,13.619,13.537,13.602,274728.26,2025-12-05 23:44:59.999,3736246.63654,726,274585.00,3734298.14241,0,54.41176470588229,-0.028348628573995782,-0.04470863162619977,0.01636000305220399,13.653968413788531,13.558150000000001,13.462331586211471,0.08064285714285686,159586.0185,0.2505896226415146,13.5852,0.03322950496168228
2025-12-05 23:45:00,13.602,13.619,13.585,13.585,3712.69,2025-12-05 23:59:59.999,50504.44863,597,1373.48,18705.42412,0,48.90829694323148,-0.02537750114122339,-0.0408424055292045,0.015464904387981107,13.638439443753024,13.566250000000002,13.49406055624698,0.07657142857142826,124195.30900000001,0.14743826022853926,13.578,0.02681417535555358
2025-12-06 00:00:00,13.589,13.619,13.52,13.53,587.89,2025-12-06 00:14:59.999,7965.57404,491,7.57,103.09583,0,46.09053497942388,-0.027147956843283083,-0.03810351579202022,0.010955558948737135,13.625786206534707,13.56965,13.513513793465291,0.07714285714285689,102758.3995,-0.5512679162072845,13.5654,0.03225368196033254
2025-12-06 00:15:00,13.528,13.619,13.486,13.522,472800.33,2025-12-06 00:29:59.999,6382452.14938,843,201.84,2734.64965,0,45.62118126272923,-0.028863864224176083,-0.03625558547845139,0.007391721254275306,13.627745687591641,13.56825,13.50875431240836,0.08449999999999973,77372.2255,-0.48572269649690136,13.5632,0.03525195030063223
2025-12-06 00:30:00,13.522,13.604,13.486,13.604,141693.17,2025-12-06 00:44:59.999,1924853.19722,725,141393.57,1920789.07580,0,49.906191369605885,-0.023337992636850657,-0.03367206691013124,0.010334074273280584,13.631909218431126,13.570699999999999,13.509490781568871,0.08778571428571398,83122.29750000002,0.17673048600883015,13.5686,0.03968374982279619
2025-12-06 00:45:00,13.604,13.604,13.55,13.581,730.19,2025-12-06 00:59:59.999,9917.63431,593,242.68,3301.41872,0,49.35064935064938,-0.020577403870291278,-0.03105313430216325,0.010475730431871971,13.632908905233462,13.572,13.511091094766536,0.08649999999999965,82239.254,0.08106116433308204,13.564400000000001,0.03622568149805091
2025-12-06 01:00:00,13.579,13.604,13.55,13.589,2047.97,2025-12-06 01:14:59.999,27806.87753,537,938.42,12766.26568,0,50.834879406308005,-0.01754187245637695,-0.02835088193300599,0.01080900947662904,13.634536564979129,13.57345,13.51236343502087,0.08521428571428531,81648.808,0.6145416851769597,13.565199999999999,0.036833408748013385
2025-12-06 01:15:00,13.589,13.627,13.55,13.62,6952.85,2025-12-06 01:29:59.999,94719.22394,650,6663.57,90789.70732,0,54.464285714285616,-0.012490765252238134,-0.02517885859685242,0.012688093344614286,13.638601569043429,13.574699999999998,13.510798430956568,0.08521428571428531,81901.76550000001,0.47952784950202515,13.5832,0.03731889601794701
2025-12-06 01:30:00,13.62,13.627,13.55,13.564,1887.25,2025-12-06 01:44:59.999,25648.98084,955,822.18,11203.45609,0,55.25362318840579,-0.01285823664213126,-0.02271473420590819,0.00985649756377693,13.638514800919308,13.5745,13.510485199080692,0.08285714285714249,81791.93350000001,-0.4184714778650641,13.5916,0.02145460323563306
2025-12-06 01:45:00,13.564,13.627,13.55,13.618,723.28,2025-12-06 01:59:59.999,9814.71272,843,33.12,450.08199,0,55.655296229802566,-0.00869191665823621,-0.019910170696373797,0.011218254038137587,13.643841039403645,13.57715,13.510458960596354,0.08471428571428533,81807.17199999999,0.18391819318767272,13.594399999999998,0.02421363252381737
2025-12-06 02:00:00,13.619,13.627,13.55,13.582,1474.71,2025-12-06 02:14:59.999,19998.81888,594,99.62,1357.52174,0,46.29981024667934,-0.008200447535145372,-0.017568226064128112,0.00936777852898274,13.641450664424287,13.575999999999999,13.51054933557571,0.08428571428571388,81763.72050000001,0.3620778836917259,13.5946,0.024079036525543482
2025-12-06 02:15:00,13.582,13.627,13.55,13.608,1014.48,2025-12-06 02:29:59.999,13766.77569,627,120.54,1642.59858,0,51.42857142857149,-0.005647866911241195,-0.01518415423355073,0.009536287322309534,13.643819473996432,13.577000000000002,13.510180526003571,0.0827142857142853,81803.966,0.22832731825882438,13.598400000000002,0.02447039027066179
2025-12-06 02:30:00,13.607,13.633,13.55,13.622,557.93,2025-12-06 02:44:59.999,7593.89102,732,220.40,3003.72904,0,59.29018789144059,-0.002466809534551473,-0.01264068529375088,0.010173875759199407,13.648890362778385,13.5791,13.509309637221616,0.07757142857142796,81820.1625,0.14703720041170104,13.5988,0.024923884127449003
2025-12-06 02:45:00,13.62,13.657,13.55,13.653,5618.12,2025-12-06 02:59:59.999,76182.33313,829,432.30,5901.12737,0,58.15450643776834,0.0025265181484357413,-0.009607244605313557,0.012133762753749298,13.66025956878276,13.583249999999998,13.506240431217236,0.08207142857142788,82078.10300000002,0.500552079499445,13.6166,0.025628109567399835
2025-12-06 03:00:00,13.654,13.741,13.55,13.738,267503.55,2025-12-06 03:14:59.999,3657888.15485,836,264719.90,3619789.48408,0,62.92775665399242,0.013190504018028903,-0.005047694880645064,0.018238198898673966,13.690501285516445,13.59485,13.499198714483553,0.08985714285714216,93482.7885,1.5373244641537338,13.640600000000001,0.060173083683644345
2025-12-06 03:15:00,13.69,13.742,13.69,13.718,17991.34,2025-12-06 03:29:59.999,247142.47814,579,16249.35,223288.28682,0,62.57088846880908,0.019799717972635023,-7.82123099890453e-05,0.01987793028262407,13.711295890964966,13.603,13.494704109035034,0.09114285714285662,94370.508,1.449489720455552,13.6678,0.05775119046391303
2025-12-06 03:30:00,13.718,13.753,13.67,13.67,1729.0,2025-12-06 03:44:59.999,23682.67741,575,207.66,2854.79226,0,63.40996168582394,0.020923179413166793,0.004122066034642124,0.01680111337852467,13.717608675192555,13.605450000000001,13.493291324807448,0.08999999999999948,94407.352,0.4851514260511668,13.6802,0.047436273040778576
2025-12-06 03:45:00,13.67,13.753,13.651,13.664,460.81,2025-12-06 03:59:59.999,6303.06609,646,110.50,1517.66422,0,63.6538461538462,0.021086310975826805,0.007514915022879062,0.013571395952947743,13.723959031603716,13.609,13.494040968396284,0.08778571428571384,82690.59900000002,0.6111479272513084,13.6886,0.03715911731997114
2025-12-06 04:00:00,13.668,13.753,13.614,13.615,614131.16,2025-12-06 04:14:59.999,8370669.34147,731,2395.88,32949.13355,0,51.12936344969211,0.017064988855675978,0.009424929789438447,0.0076400590662375305,13.722353736536851,13.6131,13.503846263463148,0.0892857142857139,90838.33050000001,0.19133122378394143,13.681000000000001,0.04843552415324207
2025-12-06 04:15:00,13.615,13.627,13.599,13.6,284957.9,2025-12-06 04:29:59.999,3876366.44433,837,102.47,1394.95164,0,51.983298538622165,0.012523326352928521,0.010044609102136462,0.002478717250792059,13.722382228994244,13.614249999999998,13.506117771005753,0.08742857142857119,105065.144,-0.14684287812040803,13.6534,0.04713597352340397
2025-12-06 04:30:00,13.601,13.611,13.589,13.591,207236.88,2025-12-06 04:44:59.999,2817106.93303,929,396.79,5395.84474,0,50.20833333333322,0.008104379077522594,0.009656563097213688,-0.001552184019691094,13.722205832973943,13.6137,13.505194167026056,0.08514285714285703,101690.575,0.1990563255676736,13.628,0.036681057781895766
2025-12-06 04:45:00,13.591,13.623,13.589,13.623,819.07,2025-12-06 04:59:59.999,11149.32017,663,712.42,9698.43192,0,50.31185031185033,0.007102589855170649,0.00914576844880508,-0.002043178593634431,13.72331775986052,13.615599999999997,13.507882240139475,0.08207142857142838,101545.894,0.036716111029512444,13.618599999999997,0.028289574051205624
2025-12-06 05:00:00,13.624,13.648,13.589,13.632,657.6,2025-12-06 05:14:59.999,8970.77363,655,440.54,6011.88345,0,57.83410138248845,0.006954719782328311,0.008707558715509727,-0.0017528389331814154,13.720738098005343,13.6207,13.520661901994655,0.08078571428571404,101549.37950000001,0.36813429539095077,13.612199999999998,0.01669431040799687
2025-12-06 05:15:00,13.632,13.666,13.589,13.658,6899.12,2025-12-06 05:29:59.999,94178.13740,675,6451.46,88086.05764,0,54.92610837438415,0.008833685169335581,0.008732784006274898,0.00010090116306068347,13.71724935859557,13.627500000000001,13.537750641404433,0.08078571428571404,78254.319,0.3674309229864707,13.6208,0.026621419947078485
2025-12-06 05:30:00,13.657,13.666,13.589,13.632,10936.87,2025-12-06 05:44:59.999,149137.87367,616,6538.23,89351.45118,0,56.313131313131194,0.00813106619711057,0.008612440444442033,-0.0004813742473314623,13.717976903497693,13.628900000000002,13.53982309650231,0.08078571428571404,71716.50399999999,0.0734106592277183,13.627199999999998,0.024097717734234206
2025-12-06 05:45:00,13.631,13.666,13.589,13.618,8174.83,2025-12-06 05:59:59.999,111650.64492,584,7188.56,98238.86096,0,51.302083333333314,0.006371110407506819,0.00816417443705499,-0.00179306402954817,13.717134391864443,13.63075,13.544365608135559,0.08078571428571404,72088.736,-0.2563539148905013,13.6326,0.015420765220925338
2025-12-06 06:00:00,13.62,13.666,13.589,13.609,533.8,2025-12-06 06:14:59.999,7264.86370,540,108.63,1484.49181,0,48.2849604221636,0.004201673701604847,0.007371674289964961,-0.003170000588360114,13.716547902158139,13.63175,13.546952097841862,0.08035714285714272,72013.0275,-0.9390013102343833,13.6298,0.01855262784617972
2025-12-06 06:15:00,13.609,13.666,13.605,13.627,2278.95,2025-12-06 06:29:59.999,31069.35528,663,1011.16,13818.05957,0,46.44808743169401,0.0038899876932596555,0.0066753369706239,-0.0027853492773642448,13.716751359300803,13.6321,13.547448640699196,0.07707142857142849,71779.33249999999,-0.6633620061233365,13.628800000000002,0.01853914776894622
2025-12-06 06:30:00,13.627,13.666,13.584,13.59,2907.37,2025-12-06 06:44:59.999,39598.82049,698,498.05,6806.35130,0,26.729559748427818,0.0006498919580266715,0.005470247968104454,-0.004820356010077783,13.714366269779457,13.6334,13.552433730220542,0.06928571428571433,71830.3385,-0.5852231163130949,13.615199999999998,0.016604216331961623
2025-12-06 06:45:00,13.59,13.666,13.57,13.573,3985.41,2025-12-06 06:59:59.999,54150.69566,630,371.23,5072.28366,0,26.984126984127144,-0.003252176118959227,0.003725763150691718,-0.006977939269650945,13.716310591330053,13.63115,13.545989408669946,0.07242857142857138,71993.445,-0.665983606557372,13.603399999999999,0.02182429838501898
2025-12-06 07:00:00,13.575,13.591,13.563,13.568,141852.65,2025-12-06 07:14:59.999,1924409.11351,820,1587.64,21555.77913,0,31.250000000000085,-0.006671150525496827,0.0016463804154540087,-0.008317530940950836,13.717520388947527,13.63045,13.543379611052472,0.06849999999999985,79012.34199999999,-0.34520749173705906,13.593399999999999,0.02472448179432966
2025-12-06 07:15:00,13.568,13.578,13.54,13.54,456083.07,2025-12-06 07:29:59.999,6179483.02997,1002,265.56,3601.22969,0,28.911564625850403,-0.011507427903548972,-0.0009843812483465884,-0.010523046655202383,13.722699524718331,13.62705,13.53140047528167,0.06392857142857127,101765.7715,-0.44117647058823894,13.5796,0.03202030605721763
2025-12-06 07:30:00,13.54,13.565,13.52,13.565,338826.28,2025-12-06 07:44:59.999,4584449.93296,826,586.55,7950.30844,0,40.74074074074071,-0.013171093337597028,-0.003421723666196677,-0.009749369671400351,13.723798351285764,13.624199999999998,13.524601648714233,0.0572142857142856,118679.18900000001,-0.19130306820690018,13.5672,0.018019433953307698
2025-12-06 07:45:00,13.565,13.625,13.52,13.594,157999.52,2025-12-06 07:59:59.999,2150724.42759,796,157427.49,2142946.38495,0,48.943661971830956,-0.012011046673812587,-0.00513958826771986,-0.006871458406092727,13.720751652987595,13.62125,13.521748347012405,0.0627142857142856,126298.25899999999,-0.21287528444542256,13.568000000000001,0.0193261480900264
2025-12-06 08:00:00,13.593,13.626,13.555,13.559,31343.08,2025-12-06 08:14:59.999,426537.43462,702,18404.80,250769.86054,0,44.83870967741938,-0.01375732297228538,-0.0068631352086329644,-0.006894187763652415,13.69895746239863,13.612300000000001,13.525642537601373,0.06621428571428556,114490.2355,-0.5355046948356837,13.565199999999999,0.0194345053962679
2025-12-06 08:15:00,13.56,13.626,13.501,13.507,436614.52,2025-12-06 08:29:59.999,5900997.41352,769,1133.25,15427.58862,0,32.42424242424258,-0.019116857702174528,-0.009313879707341278,-0.00980297799483325,13.685553969255963,13.60175,13.517946030744035,0.07271428571428563,135421.3945,-1.1055791477522317,13.553,0.03219472006396828
2025-12-06 08:30:00,13.508,13.514,13.498,13.514,43886.16,2025-12-06 08:44:59.999,592509.83227,618,1427.97,19297.22241,0,32.01219512195124,-0.02253966288710707,-0.011959036343294437,-0.010580626543812633,13.680016008938683,13.593949999999998,13.507883991061313,0.06964285714285712,137529.2525,-0.8656103286385001,13.5478,0.036615570458442374
2025-12-06 08:45:00,13.514,13.514,13.503,13.508,820.0,2025-12-06 08:59:59.999,11077.18097,634,195.58,2642.85934,0,25.649350649350723,-0.02544311808456534,-0.014655852691548621,-0.01078726539301672,13.673747825014472,13.58615,13.498552174985528,0.06492857142857135,137547.212,-0.8077544426494434,13.5364,0.038733706251750405
2025-12-06 09:00:00,13.508,13.606,13.503,13.606,37842.73,2025-12-06 09:14:59.999,514273.35306,606,36498.17,496117.37126,0,46.578947368421105,-0.019610291038874905,-0.015646740361013878,-0.0039635506778610274,13.672764646277788,13.5857,13.49863535372221,0.0667857142857142,108732.7905,-0.022044235432435253,13.5388,0.043297805948996626
2025-12-06 09:15:00,13.606,13.66,13.606,13.656,1861466.84,2025-12-06 09:29:59.999,25384188.34221,776,1221118.33,16652546.02553,0,54.56730769230768,-0.010828329210612608,-0.014683058130933624,0.0038547289203210156,13.680937176389401,13.588500000000002,13.496062823610602,0.06514285714285707,187558.2375,0.21281279812137605,13.5582,0.0688200552164664
2025-12-06 09:30:00,13.658,13.698,13.645,13.693,1118420.73,2025-12-06 09:44:59.999,15291388.95752,722,1014198.47,13867433.97568,0,59.45945945945936,-0.0008729080721092686,-0.011921028119168753,0.011048120047059485,13.697199227795855,13.5936,13.490000772204146,0.06342857142857142,233117.43000000002,0.7579102281089019,13.595400000000001,0.08302891062755438
2025-12-06 09:45:00,13.693,13.702,13.68,13.702,662.13,2025-12-06 09:59:59.999,9066.10454,674,342.82,4697.14423,0,58.620689655172285,0.007654819692497483,-0.008005858556835506,0.01566067824933299,13.711387326224761,13.597550000000002,13.483712673775242,0.06064285714285716,233109.583,0.9504162675900654,13.633000000000001,0.07944180259787308
2025-12-06 10:00:00,13.702,13.702,13.677,13.678,53093.68,2025-12-06 10:14:59.999,726303.39041,573,116.46,1595.28691,0,60.42654028436029,0.012334323557160687,-0.003937822134036266,0.016272145691196952,13.7183800761295,13.59985,13.4813199238705,0.05657142857142856,235731.38700000002,0.8107311320754805,13.666999999999998,0.03828837943815832
2025-12-06 10:15:00,13.678,13.689,13.644,13.644,1112165.89,2025-12-06 10:29:59.999,15197909.68924,847,241.19,3295.36623,0,58.086560364464624,0.01314778870973754,-0.0005206999652815037,0.013668488675019044,13.716392483767178,13.59915,13.481907516232821,0.0529285714285714,290994.7255,0.7680945347119719,13.674600000000002,0.02440901472818232
2025-12-06 10:30:00,13.644,13.651,13.637,13.651,119154.84,2025-12-06 10:44:59.999,1625248.92638,572,1515.20,20680.13351,0,59.410430839002274,0.014193691165916178,0.0024221782609580335,0.011771512904958144,13.718762546744527,13.600100000000001,13.481437453255475,0.05192857142857145,296405.624,0.6339845189826782,13.673599999999999,0.025442091109037977
2025-12-06 10:45:00,13.652,13.655,13.63,13.643,695.54,2025-12-06 10:59:59.999,9485.74243,529,108.25,1478.10315,0,62.23277909738738,0.014213202307754358,0.0047803830703173,0.009432819237437058,13.721325918635902,13.60135,13.481374081364098,0.0509999999999999,296031.6595,0.36045314109166743,13.663599999999999,0.02573518991576024
2025-12-06 11:00:00,13.643,13.67,13.63,13.67,877.39,2025-12-06 11:14:59.999,11975.53098,551,525.03,7171.06664,0,62.411347517730604,0.016220361153269636,0.007068378686907768,0.009151982466361869,13.728234184549562,13.604400000000002,13.480565815450442,0.05064285714285699,296048.83900000004,0.8186444428055215,13.6572,0.015896540504148363
2025-12-06 11:15:00,13.67,13.702,13.661,13.702,342.74,2025-12-06 11:29:59.999,4692.36824,511,324.17,4438.27921,0,62.67605633802828,0.020160780634475017,0.009686859076421219,0.010473921558053798,13.739198042616366,13.60815,13.477101957383635,0.046071428571428416,295952.0285,1.4436958614051996,13.662,0.024849547279582426
2025-12-06 11:30:00,13.702,13.735,13.627,13.712,219073.66,2025-12-06 11:44:59.999,3006991.14348,592,201159.52,2762797.26303,0,69.07730673316723,0.023815972186595147,0.012512681698456006,0.01130329048813914,13.752879191123208,13.614249999999998,13.475620808876789,0.04871428571428549,306760.343,1.4651472546988338,13.6756,0.030500819661128872
2025-12-06 11:45:00,13.708,13.74,13.627,13.74,411380.88,2025-12-06 11:59:59.999,5650729.42102,661,409475.89,5624715.57313,0,80.90185676392589,0.028641937394816352,0.015738532837728077,0.012903404557088275,13.770570694110981,13.6226,13.47462930588902,0.0478571428571426,327130.1165,1.7175007403020515,13.6934,0.0376802335449421
2025-12-06 12:00:00,13.74,13.769,13.718,13.718,142898.94,2025-12-06 12:14:59.999,1964574.40785,699,140546.28,1932202.77444,0,76.02040816326543,0.030341574667415827,0.01865914120366563,0.011682433463750197,13.781582359577127,13.630100000000002,13.478617640422877,0.05035714285714261,327182.431,0.8231662501837431,13.708400000000001,0.02558906016253809
2025-12-06 12:15:00,13.718,13.769,13.708,13.752,1748.16,2025-12-06 12:29:59.999,24020.97013,496,837.67,11533.87823,0,79.04761904761924,0.03403967709275513,0.02173524838148353,0.012304428711271596,13.79527391350657,13.640699999999999,13.486126086493428,0.05392857142857123,304465.6855,0.7029876977152906,13.724799999999998,0.02062037827011676
2025-12-06 12:30:00,13.753,13.771,13.708,13.754,1485.21,2025-12-06 12:44:59.999,20446.96294,454,1262.48,17385.60000,0,72.83950617283959,0.03670867839930381,0.02472993438504759,0.011978744014256217,13.808305519729624,13.65015,13.491994480270376,0.051071428571428434,287598.632,0.4454830935514492,13.7352,0.019318385025750822
2025-12-06 12:45:00,13.755,13.771,13.708,13.731,223.18,2025-12-06 12:59:59.999,3067.51223,445,39.07,538.03297,0,62.62626262626263,0.03654668593691923,0.027093284695421924,0.009453401241497308,13.816774841573679,13.657,13.497225158426321,0.0517142857142856,279709.81500000006,0.2116479346080858,13.738999999999999,0.015000000000110467
2025-12-06 13:00:00,13.732,13.771,13.632,13.655,540703.44,2025-12-06 13:14:59.999,7379173.32830,788,785.34,10721.61220,0,44.34523809523803,0.029940604253436476,0.027662748607024834,0.0022778556464116417,13.814803061544529,13.6618,13.50879693845547,0.05785714285714277,305177.833,-0.16815323877760976,13.722,0.040342285507920614
2025-12-06 13:15:00,13.655,13.656,13.632,13.647,811.33,2025-12-06 13:29:59.999,11064.87260,576,212.34,2897.37179,0,41.79104477611938,0.023785519125311794,0.026887302710682223,-0.0031017835853704295,13.803725476506182,13.668800000000001,13.53387452349382,0.057999999999999954,283387.6735,0.021987686895339444,13.7078,0.05270388979953902
2025-12-06 13:30:00,13.647,13.694,13.632,13.684,3061.24,2025-12-06 13:44:59.999,41782.98812,595,1653.50,22588.39228,0,50.86206896551703,0.021643665886745822,0.02583857534589494,-0.004194909459149118,13.790897813173439,13.677299999999999,13.563702186826559,0.06064285714285716,281346.42750000005,0.2417405318291662,13.6942,0.046900959478472885
2025-12-06 13:45:00,13.684,13.694,13.632,13.666,6202.24,2025-12-06 13:59:59.999,84694.56890,599,2189.91,29988.62754,0,53.31325301204827,0.018283026843576522,0.02432746564543126,-0.006044438801854738,13.766651567784969,13.685199999999998,13.603748432215028,0.06185714285714296,281615.5395,0.1685846221505511,13.676599999999999,0.033426037755028726
2025-12-06 14:00:00,13.663,13.694,13.632,13.647,2336.4,2025-12-06 14:14:59.999,31865.72001,514,195.59,2678.40946,0,49.418604651162845,0.013926024438319473,0.022247177404008906,-0.008321152965689433,13.762105299006594,13.68725,13.612394700993407,0.06528571428571452,279840.223,-0.16825164594001235,13.6598,0.015610893632329079
2025-12-06 14:15:00,13.647,13.76,13.632,13.714,1180346.99,2025-12-06 14:29:59.999,16198237.42894,611,1178847.01,16177685.89500,0,58.80893300248142,0.015698446776783115,0.02093743127856375,-0.0052389845017806365,13.76439929558339,13.69015,13.615900704416608,0.07264285714285748,245784.2305,0.08757845569990115,13.671600000000002,0.028254203227138106
2025-12-06 14:30:00,13.713,13.788,13.713,13.788,186511.33,2025-12-06 14:44:59.999,2568525.03890,607,186321.45,2565913.35049,0,63.11111111111122,0.02281133098182586,0.021312211219216174,0.0014991197626096874,13.781108804043608,13.694899999999999,13.60869119595639,0.07514285714285762,199188.76049999997,0.5542590431738661,13.6998,0.05513800866917198
2025-12-06 14:45:00,13.788,13.868,13.788,13.842,331788.51,2025-12-06 14:59:59.999,4584973.60611,782,330927.84,4573079.73683,0,64.83050847457639,0.032431837627010296,0.023536136500775,0.008895701126235295,13.810391862415662,13.7019,13.593408137584339,0.07792857142857189,215745.0795,0.7423580786026224,13.731400000000002,0.0823698974140619
2025-12-06 15:00:00,13.842,13.868,13.819,13.853,2101.61,2025-12-06 15:14:59.999,29108.45603,526,991.51,13750.26068,0,64.90486257928127,0.040477170894583026,0.026924343379536607,0.013552827515046419,13.83767138236864,13.710650000000001,13.583628617631362,0.07371428571428622,213195.47600000002,0.9841084706225381,13.768799999999999,0.0875425610774821
2025-12-06 15:15:00,13.854,13.875,13.784,13.835,2362.39,2025-12-06 15:29:59.999,32637.08528,550,657.10,9115.33479,0,60.259179265658915,0.04488331894302533,0.030516138492234356,0.014367180450790974,13.854626814367316,13.7202,13.585773185632684,0.07214285714285763,157705.301,0.6035485747527646,13.8064,0.05730008726002331
2025-12-06 15:30:00,13.835,13.88,13.782,13.862,5440.81,2025-12-06 15:44:59.999,75231.99679,523,2237.77,31057.02810,0,65.38461538461557,0.04997778457707014,0.03440846770920152,0.015569316867868617,13.875065261620989,13.73075,13.586434738379012,0.07550000000000054,152019.5995,0.7852261160389744,13.836000000000002,0.02874891302306039
2025-12-06 15:45:00,13.862,13.88,13.814,13.814,9332.45,2025-12-06 15:59:59.999,129154.53161,575,3362.09,46665.80920,0,56.431535269709556,0.0495705677994458,0.03744088772725038,0.01212968007219542,13.88197829104925,13.7393,13.59662170895075,0.07585714285714344,152451.445,0.60447163352997,13.8412,0.018376615575445326
2025-12-06 16:00:00,13.814,13.882,13.81,13.877,3246.69,2025-12-06 16:14:59.999,45044.14396,499,2864.34,39756.91301,0,61.32596685082893,0.05371225758564435,0.04069516169892917,0.01301709588671518,13.9009340131391,13.749649999999999,13.598365986860898,0.07650000000000048,152569.90999999997,1.6257781032588892,13.8482,0.02442744358315027
2025-12-06 16:15:00,13.881,13.921,13.81,13.921,22229.32,2025-12-06 16:29:59.999,308939.78913,641,19001.94,264228.71336,0,66.84397163120579,0.059855037246222764,0.04452713680838789,0.015327900437834871,13.928186458440186,13.7606,13.593013541559815,0.07992857142857179,153664.239,2.007767274858937,13.861799999999999,0.041045097149458705
2025-12-06 16:30:00,13.921,13.983,13.91,13.983,35073.56,2025-12-06 16:44:59.999,489974.35010,635,31772.96,444055.13322,0,79.81818181818218,0.06893151661281394,0.04940801276927311,0.019523503843540825,13.967095342682974,13.77415,13.581204657317027,0.07521428571428602,144464.234,2.1850336159017925,13.891399999999999,0.0638928791025241
2025-12-06 16:45:00,13.983,13.986,13.914,13.92,13457.11,2025-12-06 16:59:59.999,188172.80022,519,12682.07,177357.41365,0,72.56198347107447,0.07023153302124996,0.053572716819668485,0.016658816201581474,13.98592991699558,13.783150000000001,13.580370083004421,0.07864285714285746,124568.04549999998,1.858627250109758,13.903,0.06246999279662403
