open_time,open,high,low,close,volume,close_time,quote_asset_volume,number_of_trades,taker_buy_base_asset_volume,taker_buy_quote_asset_volume,ignore,rsi_14,macd,macd_signal,macd_hist,bb_upper,bb_middle,bb_lower,atr_14,volume_ma_20,roc_12,close_ma_5,close_std_5
2020-11-10,0.016,0.0176,0.016,0.01758,46353614995,2020-11-10 23:59:59.999,780642840.47390,42038,17399422464,296998317.67826,0,58.9771490750816,4.7237448525602396e-05,-0.0002832391177087646,0.00033047656623436697,0.01934733462055613,0.0153375,0.01132766537944387,0.0015307142857142856,210196456112.8,19.673247106875415,0.015676000000000002,0.0013314953999169561
2020-11-11,0.01758,0.01763,0.01621,0.01656,404098226060,2020-11-11 23:59:59.999,6942189785.62573,270058,174607680331,3013959244.17193,0,53.085210577864835,0.00013691118487905475,-0.00019842680164685442,0.00033533798652590915,0.01925500735136755,0.015303,0.01135099264863245,0.0016321428571428574,216316240640.8,22.12389380530973,0.016108,0.001152354112241552
2020-11-12,0.01654,0.022,0.0139,0.01737,60288455918,2020-11-12 23:59:59.999,978648013.56377,41446,17454295322,284401826.50148,0,63.70143149284253,0.0002590379879564165,-0.00010625372647492694,0.0003652917144313434,0.0192737972006277,0.015309,0.011344202799372299,0.002007142857142857,199774040468.95,28.097345132743374,0.016702,0.0007454662970249011
2020-11-13,0.01506,0.02085,0.0139,0.01925,1886655555,2020-11-13 23:59:59.999,31442583.08920,2900,956167600,17252082.93090,0,77.01804368471036,0.0004784055450800448,1.1372470347796202e-05,0.0004670330747322486,0.019669767907067308,0.015409,0.011148232092932694,0.0023421428571428573,179870232217.75,41.96165191740413,0.017352,0.0012359085726703343
2020-11-14,0.01506,0.01969,0.01332,0.01737,1756350743,2020-11-14 23:59:59.999,29056751.63170,2807,980852907,17523780.06257,0,65.3505237711523,0.0005138925702285503,0.00011235335908834577,0.0004015392111402045,0.01914008833021454,0.0152875,0.011434911669785462,0.0027164285714285715,178875398013.3,23.717948717948715,0.017625999999999996,0.000988296514210197
2020-11-15,0.01557,0.02085,0.01158,0.01737,1697068803,2020-11-15 23:59:59.999,28266868.67126,2896,830120546,15071145.55860,0,65.3505237711523,0.0005354460758528988,0.0001972927945557565,0.00033815328129714226,0.019123403813591684,0.015282500000000001,0.011441596186408316,0.0033785714285714287,175047638297.85,37.42088607594937,0.017584,0.0009951783759708738
2020-11-16,0.01737,0.02085,0.01305,0.01506,1813153546,2020-11-16 23:59:59.999,30109659.63900,2901,992593701,17764513.54847,0,53.581460674157306,0.00038374922804472467,0.0002346971289174886,0.00014905209912723606,0.019068717043278643,0.015238999999999999,0.011409282956721353,0.0037892857142857142,175138280277.45,19.145569620253166,0.017284,0.0014860619098812883
2020-11-17,0.01506,0.02316,0.01158,0.01737,138580158109,2020-11-17 23:59:59.999,2469843524.85000,95795,50127702661,901478776.59699,0,65.61056105610561,0.0004248094190106612,0.0002728117424168511,0.00015199767659381007,0.019248056875650295,0.015311,0.011373943124349705,0.004510714285714285,182067288182.9,35.70312499999999,0.017284,0.0014860619098812883
2020-11-18,0.01737,0.01861,0.01158,0.01737,32707328675,2020-11-18 23:59:59.999,535478872.55154,22585,9221803347,151289305.46867,0,65.61056105610561,0.00045187395254261964,0.00030869359002925936,0.00014318036251336028,0.019474410300331924,0.015444999999999997,0.011415589699668069,0.004839285714285714,179459149799.6,20.625000000000004,0.016908,0.0010330634056049122
2020-11-19,0.01737,0.01748,0.01587,0.01737,73182789470,2020-11-19 23:59:59.999,1271124083.62633,50247,36326618403,630987272.00925,0,65.24349566377586,0.00046773559590147784,0.0003405512886044852,0.00012718430729699261,0.019649902885400992,0.015635500000000004,0.011621097114599015,0.0047914285714285715,171363823791.95,20.625000000000004,0.016908,0.0010330634056049122
2020-11-20,0.01737,0.01737,0.01737,0.01737,0,2020-11-20 23:59:59.999,0.00000,0,0,0.00000,0,61.090365944734884,0.0004746894699252553,0.00036741217703792177,0.00010727729288733355,0.01978694831813637,0.015826,0.011865051681863628,0.004642142857142858,157860936323.15,8.562499999999998,0.016908,0.0010330634056049122
2020-11-21,0.01737,0.01737,0.01737,0.01737,0,2020-11-21 23:59:59.999,0.00000,0,0,0.00000,0,61.090365944734884,0.0004746208540799199,0.0003888751683633811,8.574568571653881e-05,0.019883952718045272,0.0160165,0.012149047281954727,0.004642142857142858,157860936323.15,8.562499999999998,0.01737,0.0
2020-11-22,0.01853,0.01884,0.01737,0.01737,4810504901,2020-11-22 23:59:59.999,89090861.53755,3348,2372380241,43915281.63654,0,55.81000848176421,0.0004690767570604895,0.00040492820462846325,6.414855243202627e-05,0.019978221926802726,0.016183,0.012387778073197273,0.004615,142347386874.25,-1.1945392491467486,0.01737,0.0
2020-11-23,0.01945,0.02598,0.01737,0.02085,496140839941,2020-11-23 23:59:59.999,10215043584.26759,329780,169627346888,3491003318.20008,0,65.8808120497708,0.0007170228402275207,0.00046738671953523015,0.00024963612069229055,0.02054785682440733,0.0165935,0.012639143175592669,0.005129285714285714,147637978101.15,25.90579710144929,0.018066,0.0015563033123398625
2020-11-24,0.02085,0.02122,0.02085,0.02085,1342516564,2020-11-24 23:59:59.999,27993639.59213,904,580740428,12108947.25851,0,61.943024105186275,0.0009026058191964406,0.0005544746983189034,0.00034813112087753726,0.02093479287569047,0.017004,0.013073207124309528,0.005041428571428572,129492646091.7,20.034542314335063,0.018762,0.0019060745001179854
2020-11-25,0.02529,0.02529,0.01987,0.02168,188156523,2020-11-25 23:59:59.999,4254003.23631,865,92988877,2180908.13356,0,68.96296296296298,0.0010994585806649304,0.0006635157070761729,0.00043594287358875747,0.02138544560530515,0.017447999999999998,0.013510554394694847,0.005327142857142857,105628516852.9,12.62337662337663,0.019624000000000003,0.0020853249147315214
2020-11-26,0.01987,0.02258,0.01586,0.01692,248538075,2020-11-26 23:59:59.999,4510518.17019,780,109036750,2066154.02742,0,48.710601719197705,0.0008828282927463398,0.0007073924630315882,0.0001754358297147516,0.021253601809120684,0.017574,0.013894398190879315,0.005228571428571429,97877859953.5,-2.590673575129528,0.019534000000000003,0.0022127426420621146
2020-11-27,0.01692,0.01904,0.01375,0.01692,232730081,2020-11-27 23:59:59.999,4109517.79275,565,118302787,2174787.78210,0,42.51766217084136,0.0007031873738209612,0.0007065512267920487,-3.363852971087467e-06,0.02108256831727796,0.0177,0.014317431682722042,0.005110000000000001,97889496457.55,-2.590673575129528,0.019444,0.0023288688241290077
2020-11-28,0.01692,0.02221,0.01489,0.01798,265442257,2020-11-28 23:59:59.999,4775734.46335,696,126760984,2378451.79878,0,52.067796610169495,0.0006349250131830464,0.0006922230082156761,-5.729799503262974e-05,0.021086641291740614,0.017799,0.014511358708259384,0.005177857142857143,86720462579.95,19.389110225763606,0.01887,0.0022479768682083967
2020-11-29,0.01798,0.01904,0.01481,0.01798,286966756,2020-11-29 23:59:59.999,5211467.72418,784,52329242,996348.76768,0,52.067796610169495,0.0005742091119093698,0.0006686163066183335,-9.440719470896371e-05,0.021074927347047943,0.017898,0.014721072652952059,0.004817857142857144,63293974848.6,3.5118019573978088,0.018296,0.001964555929466005
2020-11-30,0.0201,0.02221,0.0161,0.01798,92500899,2020-11-30 23:59:59.999,1763495.96457,356,48149633,966081.29005,0,61.73633440514469,0.0005200949296242235,0.0006389080823191671,-0.00011881315269494355,0.02109153264890787,0.017917999999999996,0.014744467351092121,0.004697142857142857,60980919143.8,3.5118019573978088,0.017556,0.0005805859109555112
2020-12-01,0.01907,0.01946,0.01536,0.01946,149849527,2020-12-01 23:59:59.999,2858546.01329,609,90216273,1755608.67258,0,59.000861326442724,0.0005851918534382702,0.0006281636940036481,-4.2971840565377874e-05,0.021240281857185482,0.018063000000000003,0.014885718142814522,0.0041628571428571435,40783500317.15,12.032239493379398,0.018064000000000004,0.0009053618061305884
2020-12-02,0.01946,0.01946,0.01946,0.01946,0,2020-12-02 23:59:59.999,0.00000,0,0,0.00000,0,59.000861326442724,0.000629444423488567,0.0006284198616929688,1.024561795598183e-06,0.02138602450666451,0.0181675,0.01494897549333549,0.003660714285714286,37769077521.25,12.032239493379398,0.018571999999999998,0.000810629385107673
2020-12-03,0.01946,0.01946,0.01946,0.01946,0,2020-12-03 23:59:59.999,0.00000,0,0,0.00000,0,59.000861326442724,0.0006568776054601821,0.000634111797819511,2.276580764067114e-05,0.021412723448685174,0.018178,0.014943276551314826,0.003545714285714286,37674744743.5,12.032239493379398,0.018868000000000003,0.0008106293851076739
2020-12-04,0.01946,0.01946,0.01946,0.01946,0,2020-12-04 23:59:59.999,0.00000,0,0,0.00000,0,59.000861326442724,0.000670832843834325,0.0006414564069010277,2.937643693329728e-05,0.021542257013869855,0.0182825,0.015022742986130147,0.003545714285714286,37586927206.35,12.032239493379398,0.019164000000000004,0.0006618761213399724
2020-12-05,0.01946,0.01946,0.01946,0.01946,0,2020-12-05 23:59:59.999,0.00000,0,0,0.00000,0,59.000861326442724,0.0006740789407441126,0.0006479811978643728,2.609774287973981e-05,0.02165757117174871,0.018387,0.015116428828251293,0.003545714285714286,37502073766.2,-6.666666666666661,0.01946,0.0
2020-12-06,0.01946,0.01946,0.01946,0.01946,0,2020-12-06 23:59:59.999,0.00000,0,0,0.00000,0,59.000861326442724,0.0006689051864891792,0.0006521661414133338,1.673904507584539e-05,0.021506125821056384,0.018607000000000002,0.01570787417894362,0.003440714285714286,37411416088.9,-6.666666666666661,0.01946,0.0
2020-12-07,0.01867,0.02048,0.01857,0.01969,26979228,2020-12-07 23:59:59.999,504683.25017,77,1167774,23503.55375,0,43.0622009569378,0.0006750907326901756,0.0006567511874811322,1.8339545209043414e-05,0.021599292203880772,0.018723,0.015846707796119228,0.0029621428571428576,30483757144.85,-9.178966789667905,0.019506000000000003,0.00010285912696520656
2020-12-08,0.01969,0.02073,0.01554,0.01685,199971337,2020-12-08 23:59:59.999,3685304.17113,664,94078261,1794438.20366,0,32.14285714285714,0.0004508812551226489,0.0006155762827783772,-0.00016469502765572826,0.02163355795644816,0.018697000000000002,0.015760442043551842,0.003306428571428572,28858389277.95,-0.41371158392435353,0.018984,0.0011970923105592353
2020-12-09,0.01685,0.01896,0.01685,0.01685,74779417,2020-12-09 23:59:59.999,1296839.31794,282,33928537,608501.98994,0,26.711668273866906,0.0002701267417285075,0.0005464851419412615,-0.000276358400212754,0.021665661214473806,0.018671,0.015676338785526194,0.0030700000000000002,25202988775.3,-0.41371158392435353,0.018462,0.0014745406064263049
2020-12-10,0.01685,0.01685,0.01685,0.01685,0,2020-12-10 23:59:59.999,0.00000,0,0,0.00000,0,49.37611408199643,0.00012546861288880926,0.0004622806343238788,-0.00033681202143506957,0.021695725539243003,0.018645000000000002,0.015594274460757,0.00259,25202988775.3,-6.284760845383755,0.01794,0.001494757505416869
2020-12-11,0.01685,0.01685,0.01685,0.01685,0,2020-12-11 23:59:59.999,0.00000,0,0,0.00000,0,49.37611408199643,1.0732416765156516e-05,0.00037196995964651795,-0.00036123754288136143,0.02172386138346406,0.018619,0.015514138616535942,0.0022121428571428574,25202988775.3,-6.284760845383755,0.017418,0.0012700866112199066
2020-12-12,0.01685,0.01685,0.01685,0.01685,0,2020-12-12 23:59:59.999,0.00000,0,0,0.00000,0,37.582417582417584,-7.925875265476709e-05,0.00028172339283935377,-0.00036098214549412085,0.021750167951453365,0.018593,0.015435832048546634,0.0016892857142857146,24962463530.25,-6.284760845383755,0.01685,0.0
2020-12-13,0.01685,0.01685,0.01685,0.01685,0,2020-12-13 23:59:59.999,0.00000,0,0,0.00000,0,37.582417582417584,-0.0001488416560132648,0.0001956097537927077,-0.00034445140980597254,0.021453465048941005,0.018393,0.015332534951058994,0.0013871428571428574,155421533.2,-13.412127440904426,0.01685,0.0
2020-12-14,0.01685,0.01685,0.01685,0.01685,0,2020-12-14 23:59:59.999,0.00000,0,0,0.00000,0,37.582417582417584,-0.0002016456942701035,0.00011615819970583994,-0.0003178038939759435,0.021096160528222916,0.018193,0.015289839471777086,0.0009507142857142859,88295705.0,-13.412127440904426,0.01685,0.0
2020-12-15,0.01685,0.01685,0.01685,0.01685,0,2020-12-15 23:59:59.999,0.00000,0,0,0.00000,0,7.491856677524353,-0.00024070492613781705,4.47852407396801e-05,-0.0002854901668774972,0.020401533512123104,0.017951500000000002,0.0155014664878769,0.000657857142857143,78887878.85,-13.412127440904426,0.01685,0.0
2020-12-16,0.01685,0.01685,0.01685,0.01685,0,2020-12-16 23:59:59.999,0.00000,0,0,0.00000,0,7.491856677524353,-0.0002685525590822406,-1.78825536927595e-05,-0.0002506700053894811,0.02040442958697973,0.017948,0.015491570413020267,0.000657857142857143,66460975.1,-13.412127440904426,0.01685,0.0
2020-12-17,0.01685,0.01685,0.01685,0.01685,0,2020-12-17 23:59:59.999,0.00000,0,0,0.00000,0,7.491856677524353,-0.0002873006474242955,-7.176633372159133e-05,-0.00021553431370270414,0.02040728810764504,0.017944500000000002,0.015481711892354963,0.000657857142857143,54824471.05,-13.412127440904426,0.01685,0.0
2020-12-18,0.01685,0.01685,0.01685,0.01685,0,2020-12-18 23:59:59.999,0.00000,0,0,0.00000,0,7.491856677524353,-0.00029870730343512647,-0.00011715463634769113,-0.00018155266708743534,0.020398739878370924,0.017888,0.015377260121629079,0.000657857142857143,41552358.2,-13.412127440904426,0.01685,0.0
2020-12-19,0.01685,0.01685,0.01685,0.01685,0,2020-12-19 23:59:59.999,0.00000,0,0,0.00000,0,7.491856677524353,-0.0003042333672276,-0.00015457045419814045,-0.00014966291302945955,0.02038403248858131,0.017831500000000004,0.015278967511418697,0.000657857142857143,27204020.4,-14.423565261554083,0.01685,0.0
2020-12-20,0.01685,0.01685,0.01685,0.01685,0,2020-12-20 23:59:59.999,0.00000,0,0,0.00000,0,7.491856677524353,-0.00030509017783494907,-0.0001846744450597339,-0.00012041573277521517,0.02036346428764644,0.017775000000000003,0.015186535712353566,0.000657857142857143,22578975.45,0.0,0.01685,0.0
2020-12-21,0.01685,0.01685,0.01685,0.01685,0,2020-12-21 23:59:59.999,0.00000,0,0,0.00000,0,0.0,-0.00030227983206552664,-0.0002081955512976848,-9.408428076784184e-05,0.020136655904559642,0.0176445,0.01515234409544036,0.0005214285714285713,15086499.1,0.0,0.01685,0.0
2021-01-06,0.01896,0.01896,0.01896,0.01896,270399,2021-01-06 23:59:59.999,5126.76504,3,270399,5126.76504,0,100.0,3.2974828993743294e-05,-0.0001393803545902589,0.0001723551835840022,0.017899120686504802,0.0169555,0.016011879313495195,0.00015071428571428576,13519.95,12.522255192878342,0.017272000000000003,0.0009436206865049469
2021-01-07,0.01896,0.01896,0.01474,0.01474,1460000,2021-01-07 23:59:59.999,24601.00000,2,730000,13840.80000,0,33.33333333333333,-0.00016441793734835175,-0.00014438787128011994,-2.0030066068231814e-05,0.018219148794343557,0.01685,0.015480851205656442,0.0004521428571428573,86519.95,-12.522255192878342,0.016849999999999997,0.0014919953083036407
2021-01-08,0.01896,0.01896,0.01896,0.01896,771384,2021-01-08 23:59:59.999,14625.44064,3,771384,14625.44064,0,60.0,1.8730725655214525e-05,-0.000111764151172539,0.0001304948768277535,0.01861832543312653,0.0169555,0.01529267456687347,0.0007535714285714289,125089.15,12.522255192878342,0.017272,0.0017653526559869186
2021-01-09,0.01896,0.01896,0.01896,0.01896,0,2021-01-09 23:59:59.999,0.00000,0,0,0.00000,0,60.0,0.0001620060173587387,-5.701011649886342e-05,0.00021901613385760213,0.018948241373009773,0.017061,0.015173758626990228,0.0007535714285714289,125089.15,12.522255192878342,0.017694,0.0018872413730098383
2021-01-10,0.01896,0.01896,0.01896,0.01896,200000,2021-01-10 23:59:59.999,3792.00000,1,200000,3792.00000,0,60.0,0.0002724092755955719,8.87376285127754e-06,0.00026353551274429436,0.01923160124640284,0.0171665,0.015101398753597162,0.0007535714285714289,135089.15,12.522255192878342,0.018116,0.001887241373009836
2021-01-11,0.01896,0.01896,0.01896,0.01896,329641,2021-01-11 23:59:59.999,6249.99336,1,329641,6249.99336,0,60.0,0.00035580040596001547,7.8259092257622e-05,0.00027754131370239345,0.019479686095154082,0.017272000000000003,0.015064313904845923,0.0007535714285714289,151571.2,12.522255192878342,0.018116,0.001887241373009836
2021-01-12,0.01896,0.01896,0.01896,0.01896,0,2021-01-12 23:59:59.999,0.00000,0,0,0.00000,0,60.0,0.0004170782630722944,0.00014602292703356555,0.0002710553360387288,0.01969900472980913,0.0173775,0.015055995270190872,0.0007535714285714289,151571.2,12.522255192878342,0.01896,0.0
2021-01-13,0.01896,0.01896,0.01896,0.01896,725368,2021-01-13 23:59:59.999,13752.97728,6,725368,13752.97728,0,60.0,0.00046033292484226954,0.00020888492705023896,0.00025144799779203055,0.01989363520783693,0.017483,0.015072364792163066,0.0007535714285714289,187839.6,12.522255192878342,0.01896,0.0
2021-01-14,0.01896,0.01896,0.01896,0.01896,5274,2021-01-14 23:59:59.999,99.99504,1,5274,99.99504,0,60.0,0.0004889742106865928,0.00026490278410183096,0.00022407142658476188,0.0200662432431443,0.0175885,0.0151107567568557,0.0007535714285714289,188103.3,12.522255192878342,0.01896,0.0
2021-01-15,0.01896,0.01896,0.01896,0.01896,0,2021-01-15 23:59:59.999,0.00000,0,0,0.00000,0,60.0,0.0005058401231987017,0.0003130902521443942,0.0001927498710543075,0.020218585635619995,0.017693999999999998,0.015169414364380001,0.0007535714285714289,188103.3,12.522255192878342,0.01896,0.0
2021-01-16,0.01896,0.01896,0.01896,0.01896,0,2021-01-16 23:59:59.999,0.00000,0,0,0.00000,0,60.0,0.000513288324792565,0.00035312986682238903,0.00016015845797017598,0.020351778445459625,0.017799500000000003,0.01524722155454038,0.0007535714285714289,188103.3,12.522255192878342,0.01896,0.0
2021-01-17,0.01896,0.01896,0.01896,0.01896,0,2021-01-17 23:59:59.999,0.00000,0,0,0.00000,0,60.0,0.0005132732804013773,0.00038515854963312864,0.00012811473076824868,0.020466442849974228,0.017904999999999997,0.015343557150025767,0.0007535714285714289,188103.3,12.522255192878342,0.01896,0.0
2021-01-18,0.01896,0.01896,0.01896,0.01896,213234,2021-01-18 23:59:59.999,4042.91664,1,213234,4042.91664,0,60.0,0.0005074112909280656,0.0004096090979500986,9.780219297796702e-05,0.020562778445459628,0.018010500000000002,0.015458221554540377,0.0007535714285714289,198765.0,0.0,0.01896,0.0
2021-01-19,0.01896,0.01896,0.01896,0.01896,0,2021-01-19 23:59:59.999,0.00000,0,0,0.00000,0,60.0,0.0004970352984085165,0.00042709433807495414,6.994096033356234e-05,0.020640585635620004,0.018116,0.015591414364379995,0.0007535714285714289,198765.0,28.629579375848042,0.01896,0.0
2021-01-20,0.01896,0.01896,0.01896,0.01896,1980198,2021-01-20 23:59:59.999,37544.55408,4,1980198,37544.55408,0,50.0,0.00048324105311130586,0.0004383236810992674,4.4917372012038474e-05,0.020699243243144316,0.0182215,0.015743756756855687,0.000602857142857143,297774.9,0.0,0.01896,0.0
2021-01-21,0.01896,0.01896,0.01896,0.01896,10000,2021-01-21 23:59:59.999,189.60000,2,10000,189.60000,0,100.0,0.0004669259868952044,0.00044404414226540046,2.2881844629803964e-05,0.020737635207836953,0.018327000000000003,0.015916364792163053,0.0003014285714285715,298274.9,0.0,0.01896,0.0
2021-01-26,0.01896,0.02105,0.01896,0.02105,2094366,2021-01-26 23:59:59.999,43324.69335,8,2094366,43324.69335,0,100.0,0.0005354149150215773,0.0004480201291898966,8.739478583168068e-05,0.02100314648256405,0.018853500000000002,0.016703853517435953,0.00014928571428571416,414141.0,11.023206751054841,0.019378,0.0009346764145949218
2021-01-27,0.02105,0.02105,0.02105,0.02105,1412668,2021-01-27 23:59:59.999,29736.66140,33,1412668,29736.66140,0,100.0,0.0006439008828056925,0.00048719627992552505,0.00015670460288016742,0.02045557685351479,0.019169,0.017882423146485207,0.00014928571428571416,411774.4,11.023206751054841,0.019796,0.0011447401451858
2021-01-28,0.02105,0.02105,0.02105,0.02105,0,2021-01-28 23:59:59.999,0.00000,0,0,0.00000,0,100.0,0.0007215580593999335,0.0005340686358323418,0.0001874894235675917,0.020804832752865956,0.019273500000000002,0.01774216724713405,0.00014928571428571416,373205.2,11.023206751054841,0.020214000000000003,0.0011447401451857944
2021-01-29,0.02105,0.02105,0.02105,0.02105,0,2021-01-29 23:59:59.999,0.00000,0,0,0.00000,0,100.0,0.0007741767927314652,0.0005820902672219486,0.0001920865255095166,0.021093435804686384,0.019378,0.017662564195313615,0.00014928571428571416,373205.2,11.023206751054841,0.020632,0.0009346764145949012
2021-01-30,0.02105,0.02105,0.02105,0.02105,0,2021-01-30 23:59:59.999,0.00000,0,0,0.00000,0,100.0,0.0008065789970292565,0.0006269880131907269,0.0001795909838385296,0.021339513731774767,0.019482500000000003,0.01762548626822524,0.00014928571428571416,363205.2,11.023206751054841,0.02105,0.0
2021-01-31,0.02105,0.02105,0.01474,0.01474,105208,2021-01-31 23:59:59.999,2198.19716,3,102604,2159.81420,0,24.880952380952365,0.0003195932719101298,0.0005655090649265925,-0.0002459157930164627,0.022089048579882878,0.0192715,0.016453951420117123,0.0005999999999999998,351983.55,-22.25738396624473,0.019788,0.0028219177876047377
2021-02-01,0.02105,0.02105,0.02105,0.02105,155959,2021-02-01 23:59:59.999,3282.93695,4,155959,3282.93695,0,57.10401087695444,0.0004376042519085993,0.0005399281023203258,-0.00010232385041172647,0.022297999315537227,0.019376,0.016454000684462775,0.0010507142857142855,359781.5,11.023206751054841,0.019788,0.0028219177876047377
2021-02-02,0.02105,0.02105,0.02105,0.02105,1000000,2021-02-02 23:59:59.999,21050.00000,1,1000000,21050.00000,0,57.10401087695444,0.0005250754275911013,0.000536957567374233,-1.1882139783131744e-05,0.02248809372256294,0.019480499999999998,0.016472906277437055,0.0010507142857142855,373513.1,11.023206751054841,0.019788,0.0028219177876047377
2021-02-03,0.02105,0.02105,0.02105,0.02105,47437,2021-02-03 23:59:59.999,998.54885,2,47437,998.54885,0,57.10401087695444,0.0005876226731252945,0.0005470905885251217,4.053208460017281e-05,0.022660906370486594,0.019584999999999998,0.016509093629513402,0.0010507142857142855,375621.25,11.023206751054841,0.019788,0.0028219177876047377
2021-02-04,0.02105,0.02105,0.02105,0.02105,0,2021-02-04 23:59:59.999,0.00000,0,0,0.00000,0,57.10401087695444,0.0006299299105025566,0.0005636584529214934,6.627145758106323e-05,0.02281756969231826,0.019689500000000002,0.016561430307681743,0.0010507142857142855,375621.25,11.023206751054841,0.019788,0.0028219177876047377
2021-02-05,0.02105,0.02105,0.02105,0.02105,0,2021-02-05 23:59:59.999,0.00000,0,0,0.00000,0,57.10401087695444,0.0006558975235685001,0.0005821062670516828,7.379125651681725e-05,0.022958882304288747,0.019794,0.01662911769571125,0.0010507142857142855,375621.25,11.023206751054841,0.02105,0.0
2021-02-06,0.02105,0.02105,0.02105,0.02105,641178,2021-02-06 23:59:59.999,13496.79690,4,641178,13496.79690,0,57.10401087695444,0.0006687675657634125,0.000599438526794621,6.932903896879144e-05,0.023085376213473008,0.0198985,0.01671162378652699,0.0010507142857142855,407680.15,11.023206751054841,0.02105,0.0
2021-02-07,0.02105,0.02105,0.02105,0.02105,0,2021-02-07 23:59:59.999,0.00000,0,0,0.00000,0,57.10401087695444,0.0006712293594671841,0.0006137966933295263,5.7432666137657786e-05,0.023197357525387548,0.020003,0.016808642474612452,0.0010507142857142855,397018.45,0.0,0.02105,0.0
2021-02-08,0.02105,0.02178,0.02105,0.02178,356125,2021-02-08 23:59:59.999,7609.28195,2,356125,7609.28195,0,59.1321243523316,0.0007237307601476034,0.0006357835066936226,8.794725345398079e-05,0.023392995958268062,0.020144000000000002,0.016895004041731942,0.0011028571428571428,414824.7,3.467933491686468,0.021196,0.00032646592471490595
2021-02-09,0.02178,0.02178,0.02178,0.02178,0,2021-02-09 23:59:59.999,0.00000,0,0,0.00000,0,52.73408239700375,0.0007566163518109258,0.000659950075717506,9.666627609341975e-05,0.023562287068035977,0.020284999999999997,0.017007712931964018,0.0009535714285714286,315814.8,3.467933491686468,0.021342,0.0003998374669787117
2021-02-10,0.02178,0.02178,0.02178,0.02178,316790,2021-02-10 23:59:59.999,6899.68620,2,316790,6899.68620,0,52.73408239700375,0.0007737587161342693,0.0006827118038011773,9.1046912333092e-05,0.0237059127074392,0.020426,0.0171460872925608,0.0009535714285714286,331154.3,3.467933491686468,0.021488,0.00039983746697870397
2021-02-11,0.02178,0.02178,0.02178,0.02178,107688,2021-02-11 23:59:59.999,2345.44464,5,107688,2345.44464,0,52.73408239700375,0.0007783713301412858,0.0007018437090694133,7.652762107187249e-05,0.02382393494917507,0.020567000000000002,0.017310065050824934,0.0009535714285714286,325056.55,3.467933491686468,0.021634,0.0003264659247148766
2021-02-12,0.02178,0.02178,0.02178,0.02178,0,2021-02-12 23:59:59.999,0.00000,0,0,0.00000,0,52.73408239700375,0.0007731146584929148,0.0007160978989542413,5.7016759538673504e-05,0.023915803642763443,0.020707999999999997,0.017500196357236552,0.0009535714285714286,324397.3,47.761194029850756,0.02178,0.0
2021-02-13,0.02178,0.02178,0.02178,0.02178,0,2021-02-13 23:59:59.999,0.00000,0,0,0.00000,0,52.73408239700375,0.0007601855762205643,0.0007249154344075691,3.527014181299527e-05,0.023980287947558708,0.020849,0.01771771205244129,0.0009535714285714286,311870.95,3.467933491686468,0.02178,0.0
2021-02-14,0.02178,0.02178,0.02178,0.02178,0,2021-02-14 23:59:59.999,0.00000,0,0,0.00000,0,100.0,0.0007413927122227291,0.0007282108899706201,1.3181822252109087e-05,0.024015310771335407,0.02099,0.017964689228664597,0.0005028571428571429,311870.95,3.467933491686468,0.02178,0.0
2021-02-15,0.02178,0.02178,0.02178,0.02178,3417,2021-02-15 23:59:59.999,74.42226,2,3417,74.42226,0,100.0,0.0007182199034230508,0.000726212692661097,-7.992789238046296e-06,0.02407240337476769,0.0210265,0.017980596625232312,5.214285714285725e-05,207323.5,3.467933491686468,0.02178,0.0
2021-02-16,0.02178,0.02178,0.02178,0.02178,0,2021-02-16 23:59:59.999,0.00000,0,0,0.00000,0,100.0,0.0006918796108102421,0.0007193460762909008,-2.7466465480658763e-05,0.02412752778194552,0.021063000000000002,0.017998472218054482,5.214285714285725e-05,136690.1,3.467933491686468,0.02178,0.0
2021-02-17,0.02178,0.02178,0.02178,0.02178,0,2021-02-17 23:59:59.999,0.00000,0,0,0.00000,0,100.0,0.0006633578621385965,0.0007081484334604071,-4.479057132181067e-05,0.0241807196833141,0.0210995,0.0180182803166859,5.214285714285725e-05,136690.1,3.467933491686468,0.02178,0.0
2021-02-18,0.02178,0.02178,0.02178,0.02178,286978,2021-02-18 23:59:59.999,6250.38084,2,286978,6250.38084,0,100.0,0.0006334520438157076,0.000693209155531432,-5.975711171572436e-05,0.02423201033590008,0.021136,0.018039989664099917,5.214285714285725e-05,151039.0,3.467933491686468,0.02178,0.0
2021-02-19,0.02178,0.02178,0.02178,0.02178,250,2021-02-19 23:59:59.999,5.44500,1,250,5.44500,0,100.0,0.0006028026596341489,0.0006751278563519414,-7.232519671779248e-05,0.024281426875272176,0.0211725,0.018063573124727825,5.214285714285725e-05,151051.5,3.467933491686468,0.02178,0.0
2021-02-20,0.02178,0.02178,0.02178,0.02178,45913,2021-02-20 23:59:59.999,999.98514,1,45913,999.98514,0,100.0,0.0005719200007566795,0.000654486285232858,-8.256628447617846e-05,0.022238966307997324,0.0215245,0.020810033692002673,5.214285714285725e-05,148086.75,0.0,0.02178,0.0
2021-02-21,0.02178,0.02178,0.01474,0.01474,91826,2021-02-21 23:59:59.999,1676.74276,2,45913,999.98514,0,9.395109395109415,-2.0348539481056943e-05,0.0005195193202899127,-0.0005398678597709697,0.024328992577589036,0.021209,0.01808900742241096,0.0005550000000000002,144880.1,-32.323232323232325,0.020372,0.0031483837123197035
2021-02-22,0.02178,0.02178,0.02178,0.02178,169863,2021-02-22 23:59:59.999,3699.61614,8,169863,3699.61614,0,50.0,7.741375494730446e-05,0.00043109820722130607,-0.0003536844522740016,0.024374727077932076,0.0212455,0.018116272922067925,0.0010057142857142858,103373.25,0.0,0.020372,0.0031483837123197035
2021-02-23,0.02178,0.02178,0.02178,0.02178,400000,2021-02-23 23:59:59.999,8712.00000,2,400000,8712.00000,0,50.0,0.0001531258666861643,0.00037550373911423494,-0.00022237787242807065,0.024418646549891704,0.021282000000000002,0.0181453534501083,0.0010057142857142858,121001.4,0.0,0.020372,0.0031483837123197035
2021-02-24,0.02178,0.02178,0.02178,0.02178,2000,2021-02-24 23:59:59.999,43.56000,1,2000,43.56000,0,50.0,0.00021069938823119888,0.0003425428689376074,-0.00013184348070640852,0.024460763850357465,0.0213185,0.018176236149642536,0.0010057142857142858,121101.4,0.0,0.020372,0.0031483837123197035
2021-02-25,0.01474,0.02178,0.01474,0.02178,616599,2021-02-25 23:59:59.999,11340.25838,5,319828,6965.85384,0,50.0,0.00025340566372305737,0.0003247154278946886,-7.130976417163122e-05,0.02450108863260568,0.021355,0.018208911367394318,0.0015085714285714288,151931.35,0.0,0.020372,0.0031483837123197035
2021-02-26,0.02178,0.02178,0.02178,0.02178,4519940,2021-02-26 23:59:59.999,98444.29320,11,4519940,98444.29320,0,50.0,0.00028397713815078024,0.0003165677699459037,-3.259063179512347e-05,0.02453962743004308,0.0213915,0.018243372569956923,0.0015085714285714288,345869.45,0.0,0.02178,0.0
2021-02-27,0.02178,0.02178,0.01474,0.02178,71842,2021-02-27 23:59:59.999,1550.63876,4,69842,1521.15876,0,50.0,0.00030469290326983617,0.00031419279661068944,-9.499893340853276e-06,0.024576383712319735,0.021428000000000003,0.01827961628768027,0.0020114285714285716,349461.55,0.0,0.02178,0.0
2021-02-28,0.02178,0.02212,0.02178,0.02178,3446732,2021-02-28 23:59:59.999,75138.95958,9,3359451,73237.97940,0,50.0,0.0003174508871507664,0.00031484441471870507,2.6064724320613484e-06,0.02457638371231973,0.021428,0.018279616287680267,0.002035714285714286,503991.9,0.0,0.02178,0.0
2021-03-01,0.01474,0.02212,0.01474,0.02212,305343,2021-03-01 23:59:59.999,5246.13582,5,101000,2234.12000,0,51.17891816920943,0.0003509502102646764,0.0003220655738279008,2.8884636436775585e-05,0.024605036642026096,0.021445000000000002,0.01828496335797391,0.0025628571428571436,519259.05,1.5610651974288339,0.021848,0.00015205262246975376
2021-03-02,0.02212,0.02212,0.02212,0.02212,0,2021-03-02 23:59:59.999,0.00000,0,0,0.00000,0,51.17891816920943,0.0003731966503276139,0.00033229178912784507,4.090486119976886e-05,0.024633263072292237,0.021462000000000002,0.018290736927707767,0.0025628571428571436,503419.55,1.5610651974288339,0.021916,0.00018622566955156023
2021-03-03,0.02212,0.02212,0.02212,0.02212,0,2021-03-03 23:59:59.999,0.00000,0,0,0.00000,0,51.17891816920943,0.0003863732134435846,0.00034310807399099444,4.326513945259017e-05,0.024661067517230066,0.021479,0.018296932482769937,0.0025628571428571436,498035.15,1.5610651974288339,0.021984000000000004,0.0001862256695515539
2021-03-04,0.01474,0.01474,0.01474,0.01474,948259,2021-03-04 23:59:59.999,13977.33766,1,0,0.00000,0,33.853211009174316,-0.00019640620398553646,0.0002352052183956771,-0.0004316114223812136,0.025502573827029962,0.021127,0.016751426172970037,0.0030900000000000003,545448.1,-32.323232323232325,0.020576,0.003265743406944271
2021-03-05,0.01474,0.01474,0.01474,0.01474,0,2021-03-05 23:59:59.999,0.00000,0,0,0.00000,0,33.853211009174316,-0.0006507613368389557,5.801190734873594e-05,-0.0007087732441876917,0.025982910986384597,0.020775,0.0155670890136154,0.0030900000000000003,545448.1,0.0,0.019168,0.0040421924743881295
2021-03-06,0.02212,0.02386,0.02212,0.02386,4416639,2021-03-06 23:59:59.999,101676.60048,7,4416639,101676.60048,0,53.36351875808538,-0.00027181920728950454,-7.954315578916503e-06,-0.000263864891710588,0.0262518749532404,0.020879,0.015506125046759602,0.003741428571428572,766280.05,9.55004591368227,0.019516,0.004417361203252458
2021-03-07,0.02386,0.02655,0.01474,0.01474,301962,2021-03-07 23:59:59.999,7568.51252,5,299462,7531.66252,0,50.0,-0.0006993332126673801,-0.0001462300949966165,-0.0005531031176707636,0.02653610572206443,0.020527,0.01451789427793557,0.004082142857142858,781207.3,-32.323232323232325,0.01804,0.004560394719758375
2021-03-08,0.01474,0.01474,0.01474,0.01474,0,2021-03-08 23:59:59.999,0.00000,0,0,0.00000,0,36.44067796610169,-0.0010263103452370845,-0.00032224614504471744,-0.000704064200192367,0.026679422786802357,0.020175,0.01367057721319764,0.0035792857142857145,781207.3,-32.323232323232325,0.016564000000000002,0.004078587990959632
2021-03-09,0.01474,0.13116,0.01474,0.13116,1079354,2021-03-09 23:59:59.999,62556.12151,25,1079330,62555.76775,0,88.41129372102823,0.008016077577305804,0.0013454185994254426,0.006670658977880361,0.07573414122979744,0.025644,-0.024446141229797436,0.011895000000000001,835175.0,502.20385674931134,0.039848,0.051197491344791485
2021-03-10,0.13116,0.24,0.01474,0.24,1247714,2021-03-10 23:59:59.999,180969.25803,43,904190,156242.51535,0,93.43205158824934,0.0236914405974211,0.005814622999024693,0.017876817598396405,0.1446197189127155,0.036555,-0.07150971891271551,0.027985,883211.8,1001.9283746556473,0.0849,0.09970798664099079
2021-03-11,0.01474,0.32,0.01474,0.30569,4896919,2021-03-11 23:59:59.999,1206858.65623,23,4831936,1205900.80681,0,94.793474488025,0.04094284995912904,0.012840268391045713,0.028102581568083332,0.2120971517813513,0.0507505,-0.11059615178135129,0.04928642857142857,1128045.25,1303.5353535353534,0.141266,0.13124732675372858
2021-03-12,0.34834,0.4148,0.34834,0.4148,168019,2021-03-12 23:59:59.999,65178.52323,16,140211,53645.71139,0,96.12694239707056,0.06269610866112824,0.02281143644506239,0.03988467221606584,0.29872492584703464,0.07040149999999999,-0.15792192584703463,0.057080000000000006,1134150.55,1804.4995408631771,0.221278,0.1546818209098923
2021-03-13,0.4148,0.45232,0.4,0.45232,318333,2021-03-13 23:59:59.999,133811.92919,22,255833,108811.92919,0,96.44043663977219,0.08201777153606297,0.034652703463262664,0.04736506807280031,0.3754262733152939,0.0922805,-0.1908652733152939,0.06031428571428571,1145475.9,1944.8462929475588,0.308794,0.13051156262952335
2021-03-14,0.4,0.4,0.38641,0.38641,41708,2021-03-14 23:59:59.999,16243.79453,2,32333,12493.79453,0,84.43479082066295,0.09096344335433246,0.045914851441476744,0.045048591912855714,0.4202517389388303,0.11051200000000001,-0.19922773893883028,0.06499785714285714,1139068.15,1646.880650994575,0.35984399999999994,0.08598395914355184
2021-03-15,0.38641,0.39165,0.38641,0.39165,28019,2021-03-15 23:59:59.999,10863.60135,5,28019,10863.60135,0,84.57752409469448,0.09735353687950601,0.05620258852908268,0.041150948350423336,0.4598843518301238,0.1290055,-0.20187335183012384,0.064845,1120469.1,1670.5696202531644,0.39017399999999997,0.05390375153920172
2021-03-16,0.39165,0.39165,0.32892,0.38019,26866,2021-03-16 23:59:59.999,9982.97959,49,17215,6577.43895,0,82.80170755391069,0.10033639853988735,0.06502935053124367,0.03530704800864368,0.49187674494468725,0.14692599999999997,-0.19802474494468733,0.0693257142857143,1121712.4,2479.3080054274087,0.40507399999999993,0.029472621702183056
2021-03-17,0.3705,0.40147,0.35734,0.40147,79149,2021-03-17 23:59:59.999,31114.00643,43,62189,24495.11265,0,83.44707189335026,0.10322749182664409,0.0726689787903238,0.03055851303632029,0.5234253815143372,0.16591050000000002,-0.19160438151433712,0.07247785714285715,1094839.9,2623.6770691994575,0.402408,0.02897152774708285
2021-03-18,0.40147,0.40147,0.40147,0.40147,1244,2021-03-18 23:59:59.999,499.42868,1,1244,499.42868,0,84.54735488020582,0.10431620940740846,0.07899842491374076,0.0253177844936677,0.5504189014720766,0.18489499999999998,-0.18062890147207672,0.0719507142857143,868905.1,1582.606873428332,0.392238,0.009353144925638183
2021-03-19,0.40147,0.45232,0.40142,0.40142,11747,2021-03-19 23:59:59.999,4727.16894,6,10965,4413.25675,0,84.53980277261682,0.10397641399815838,0.0839940227306243,0.01998239126753408,0.5731456735526972,0.203877,-0.1653916735526972,0.07558642857142858,865900.35,2623.3378561736777,0.39524,0.009423491921787349
2021-03-20,0.40142,0.40142,0.40142,0.40142,0,2021-03-20 23:59:59.999,0.00000,0,0,0.00000,0,84.28374255411883,0.10252527441709416,0.08770027306791829,0.014825001349175873,0.5917448105958365,0.222859,-0.14602681059583653,0.074935,693563.75,2623.3378561736777,0.397194,0.009505557847911478
2021-03-21,0.40142,0.40142,0.40142,0.40142,0,2021-03-21 23:59:59.999,0.00000,0,0,0.00000,0,85.70320579110651,0.10021996103713346,0.09020421066176133,0.010015750375372126,0.6062294945220978,0.24182399999999998,-0.12258149452209793,0.07409142857142857,678296.6,206.05367490088443,0.40144,2.738612771633984e-05
2021-03-22,0.40142,0.40142,0.40142,0.40142,0,2021-03-22 23:59:59.999,0.00000,0,0,0.00000,0,85.70320579110651,0.09727169475727598,0.09161770748086427,0.005653987276411712,0.6164252991892878,0.260789,-0.09484729918928786,0.07409142857142857,678296.6,67.25833333333334,0.40142999999999995,2.2360679580376184e-05
2021-03-23,0.34,0.34,0.34,0.34,176,2021-03-23 23:59:59.999,59.84000,1,0,0.00000,0,71.46263257420044,0.08895372297213888,0.09108491057911919,-0.002131187606980306,0.6154192577270808,0.27668299999999996,-0.062053257727080924,0.07016285714285715,678305.4,11.223788805652788,0.389136,0.02746785903560724
2021-03-24,0.34,0.35971,0.34,0.34,57080,2021-03-24 23:59:59.999,19759.51625,7,9375,3372.28125,0,63.23872061004025,0.081423075339013,0.08915254353109794,-0.007729468192084948,0.6092173366315969,0.29294600000000004,-0.023325336631596805,0.05548071428571428,633746.45,-18.032786885245898,0.376852,0.03364111948196715
2021-03-25,0.34,0.34,0.34,0.34,10619,2021-03-25 23:59:59.999,3610.46000,2,0,0.00000,0,55.498573672233086,0.07459509653474833,0.08624105413182802,-0.01164595759707969,0.5974547647947412,0.309209,0.020963235205258834,0.033676428571428565,634277.4,-24.831977361160234,0.364568,0.033641119481967165
2021-03-26,0.33407,0.33407,0.31516,0.32487,150,2021-03-26 23:59:59.999,48.70500,3,50,15.75800,0,29.374799321132073,0.06718850880941102,0.08243054506734462,-0.015242036257933606,0.5792920318753214,0.32425950000000003,0.0692269681246786,0.027657142857142856,413452.95,-15.926088869335677,0.349258,0.02988637013757264
2021-03-27,0.34,0.34172,0.32487,0.32487,66743,2021-03-27 23:59:59.999,22207.50097,7,0,0.00000,0,14.693334810792862,0.060619945418203314,0.07806842513751636,-0.017448479719313043,0.5491945882460577,0.33976599999999996,0.13033741175394217,0.025123571428571433,401692.0,-17.05093833780161,0.333948,0.008287042295052904
2021-03-28,0.32487,0.32487,0.32487,0.32487,0,2021-03-28 23:59:59.999,0.00000,0,0,0.00000,0,23.145400593471834,0.054782809258836884,0.07341130196178046,-0.018628492702943575,0.4989882602425887,0.3552725,0.21155673975741132,0.020415714285714287,401692.0,-14.550619427128536,0.33092200000000005,0.008287042295052916
2021-03-29,0.32487,0.32487,0.32487,0.32487,1000,2021-03-29 23:59:59.999,324.87000,1,0,0.00000,0,19.462227912932136,0.049585248724757336,0.06864609131437584,-0.0190608425896185,0.46435541066202757,0.364958,0.26556058933797244,0.02004142857142857,347774.3,-19.079881435723717,0.327896,0.006766341699914084
2021-03-30,0.32487,0.32487,0.32487,0.32487,0,2021-03-30 23:59:59.999,0.00000,0,0,0.00000,0,21.740907233346974,0.04494801169093787,0.06390647538968824,-0.018958463698750372,0.45199695506849974,0.3692015,0.2864060449315003,0.015560714285714285,285388.6,-19.079881435723717,0.32487,0.0
2021-03-31,0.32487,0.32487,0.32487,0.32487,0,2021-03-31 23:59:59.999,0.00000,0,0,0.00000,0,0.0,0.040802620579774906,0.059285704427705574,-0.018483083847930667,0.45025891669372786,0.3701605,0.29006208330627214,0.012408571428571427,40542.65,-19.069802202182252,0.32487,0.0
2021-04-01,0.36897,8.1,0.32487,0.32487,155458,2021-04-01 23:59:59.999,68916.40090,47,104232,50412.05603,0,0.0,0.0370898197824549,0.054846527498655435,-0.017756707716200533,0.44530664512247964,0.36566400000000004,0.28602135487752045,0.567775,39914.6,-19.069802202182252,0.32487,0.0
2021-04-02,0.36421,0.36421,0.32487,0.32487,2899,2021-04-02 23:59:59.999,945.73213,2,100,36.42100,0,0.0,0.033758254157452594,0.05062887283041487,-0.016870618672962273,0.4295867118680846,0.3592915,0.28899628813191536,0.5669492857142857,24142.9,-19.069802202182252,0.32487,0.0
2021-04-03,0.32487,0.32487,0.32487,0.32487,0,2021-04-03 23:59:59.999,0.00000,0,0,0.00000,0,0.0,0.03076334363222416,0.04665576699077673,-0.015892423358552572,0.42689807643678407,0.3562145,0.2855309235632159,0.5669492857142857,22057.5,-19.069802202182252,0.32487,0.0
2021-04-04,0.32487,0.32487,0.32487,0.32487,0,2021-04-04 23:59:59.999,0.00000,0,0,0.00000,0,0.0,0.028066324272066123,0.042937878447034616,-0.014871554174968493,0.4228162606403257,0.3528755,0.28293473935967434,0.5669492857142857,20656.55,-4.45000000000001,0.32487,0.0
2021-04-05,0.36,0.36,0.36,0.36,13000,2021-04-05 23:59:59.999,4680.00000,1,0,0.00000,0,31.455945558739245,0.028435816500255118,0.04003746605767872,-0.011601649557423599,0.42072117567214584,0.351866,0.2830108243278542,0.5694585714285714,19963.25,5.8823529411764595,0.33189599999999997,0.01571061360991336
2021-04-06,0.36,0.36,0.36,0.36,0,2021-04-06 23:59:59.999,0.00000,0,0,0.00000,0,69.89653800238753,0.028401249686602015,0.03771022278346338,-0.009308973096861364,0.4147451700152136,0.34979250000000006,0.2848398299847865,0.5650714285714286,16005.8,5.8823529411764595,0.338922,0.019241493445156303
2021-04-07,0.36,0.36,0.36,0.36,30,2021-04-07 23:59:59.999,10.80000,1,0,0.00000,0,69.89653800238753,0.028050506342022052,0.03577827949517511,-0.00772777315315306,0.4082207187750629,0.347719,0.2872172812249371,0.5636635714285714,15945.1,10.81355619170745,0.34594800000000003,0.01924149344515624
2021-04-08,0.34154,0.34313,0.34154,0.34313,3893,2021-04-08 23:59:59.999,1330.50562,3,3893,1330.50562,0,52.33129748249662,0.02611029125491504,0.0338446818471231,-0.007734390592208061,0.3997773175795232,0.3448045,0.28983168242047685,0.5649821428571429,15552.4,5.620709822390494,0.3496,0.015635806662912827
2021-04-09,0.34313,0.34313,0.34313,0.34313,6057,2021-04-09 23:59:59.999,2078.33841,2,6057,2078.33841,0,67.5576923076923,0.02429262648733488,0.03193427077516546,-0.007641644287830582,0.3899735973783374,0.34188999999999997,0.2938064026216625,0.5632078571428571,15855.25,5.620709822390494,0.353252,0.009240079545111498
2021-04-10,0.34313,0.34313,0.34313,0.34313,42506,2021-04-10 23:59:59.999,14585.08378,6,42506,14585.08378,0,67.5576923076923,0.022591691063670538,0.030065754832866474,-0.007474063769195936,0.37809739882109983,0.3389755,0.29985360117890014,0.5620042857142857,17980.55,5.620709822390494,0.349878,0.00924007954511155
2021-04-11,0.34313,0.34313,0.34313,0.34313,14011,2021-04-11 23:59:59.999,4807.59443,1,14011,4807.59443,0,67.5576923076923,0.02100159414043362,0.028252922694379904,-0.0072513285539462825,0.3620894952352316,0.336061,0.3100325047647684,0.5620042857142857,18681.1,5.620709822390494,0.34650400000000003,0.0075444933560835994
2021-04-12,0.34313,0.34313,0.34313,0.34313,2900,2021-04-12 23:59:59.999,995.07700,1,2900,995.07700,0,67.5576923076923,0.019516457266625764,0.026505629608829077,-0.006989172342203313,0.3623829950570192,0.3362175,0.3100520049429808,0.5620042857142857,18817.3,5.620709822390494,0.34313,0.0
2021-04-13,0.34313,0.34313,0.34313,0.34313,124081,2021-04-13 23:59:59.999,42575.91353,7,124081,42575.91353,0,67.5576923076923,0.01813047869149731,0.024830599425362723,-0.006700120733865413,0.3626718601490882,0.336374,0.3100761398509118,0.5620042857142857,22167.35,5.620709822390494,0.34313,0.0
2021-04-14,0.34313,0.34313,0.34313,0.34313,18405,2021-04-14 23:59:59.999,6315.30765,2,18405,6315.30765,0,67.5576923076923,0.01683798287402183,0.023232076115094546,-0.006394093241072717,0.36295616015706683,0.33653049999999995,0.3101048398429331,0.5620042857142857,22556.65,5.620709822390494,0.34313,0.0
2021-04-15,0.34313,0.34313,0.34313,0.34313,110799,2021-04-15 23:59:59.999,38018.46087,4,110799,38018.46087,0,67.5576923076923,0.015633457834066278,0.021712352458888893,-0.006078894624822615,0.36343100086200253,0.3374435,0.3114559991379975,0.00663785714285714,28089.1,5.620709822390494,0.34313,0.0
2021-04-16,0.34313,0.34313,0.34313,0.34313,308998,2021-04-16 23:59:59.999,106026.48374,9,308998,106026.48374,0,67.5576923076923,0.014511582552172053,0.020272198477545526,-0.0057606159253734725,0.3637605421773252,0.3383565,0.31295245782267483,0.0038278571428571407,40201.85,5.620709822390494,0.34313,0.0
2021-04-17,0.34313,0.34313,0.34313,0.34313,72858,2021-04-17 23:59:59.999,24999.76554,1,72858,24999.76554,0,67.5576923076923,0.013467246260417343,0.01891120803411989,-0.005443961773702547,0.363934474932503,0.3392695,0.314604525067497,0.0038278571428571407,43844.75,-4.68611111111111,0.34313,0.0
2021-04-18,0.34313,0.34313,0.33378,0.34313,41250,2021-04-18 23:59:59.999,13994.37710,4,41250,13994.37710,0,67.5576923076923,0.01249556116030126,0.017628078659356165,-0.005132517499054905,0.363938280127658,0.34018249999999994,0.3164267198723419,0.004495714285714282,45857.25,-4.68611111111111,0.34313,0.0
2021-04-19,0.34313,0.42345,0.34313,0.42345,2334807,2021-04-19 23:59:59.999,875596.83990,11,2334807,875596.83990,0,82.64224714476799,0.0179991575624332,0.017702294439971573,0.00029686312246162555,0.38838226138140236,0.34511149999999996,0.30184073861859756,0.007723571428571425,162597.6,17.625,0.359194,0.03592019599055642
2021-04-20,0.42345,0.42345,0.42345,0.42345,0,2021-04-20 23:59:59.999,0.00000,0,0,0.00000,0,82.64224714476799,0.022105973386538635,0.018583030229284987,0.003522943157253648,0.4045913081757872,0.35004050000000003,0.29548969182421286,0.007723571428571425,162597.6,23.408037769941423,0.375258,0.043993075818814724
2021-04-21,0.42345,0.42345,0.42345,0.42345,0,2021-04-21 23:59:59.999,0.00000,0,0,0.00000,0,82.64224714476799,0.025071644143596417,0.019880753012147274,0.005190891131449143,0.4172160479829157,0.35496950000000005,0.29272295201708437,0.007723571428571425,154824.7,23.408037769941423,0.391322,0.043993075818814675
2021-04-22,0.42345,0.42345,0.41014,0.42345,126,2021-04-22 23:59:59.999,53.00864,4,126,53.00864,0,100.0,0.027109458566531464,0.021326494123024113,0.0057829644435073504,0.4274920276487324,0.3598985,0.2923049723512676,0.007355714285714283,154686.05,23.408037769941423,0.40738599999999997,0.03592019599055623
2021-04-23,0.39898,0.39898,0.39898,0.39898,1354,2021-04-23 23:59:59.999,540.21892,1,1354,540.21892,0,76.64853516556924,0.02644507556382092,0.022350210411183475,0.004094865152637444,0.4312376211626946,0.363604,0.29597037883730537,0.009103571428571424,154753.75,16.276629848745376,0.418556,0.010943316681882573
2021-04-24,0.39898,0.39898,0.39898,0.39898,0,2021-04-24 23:59:59.999,0.00000,0,0,0.00000,0,76.64853516556924,0.025623179161968046,0.023004804161340393,0.0026183750006276534,0.43412342999257403,0.3673095,0.300495570007426,0.009103571428571424,154753.75,16.276629848745376,0.413662,0.013402770982150314
2021-04-25,0.39898,11.2812,0.36145,11.2812,137082,2021-04-25 23:59:59.999,58446.43594,13,134590,57516.87774,0,99.77728244536047,0.8927840738191033,0.19696065809289304,0.6958234157262102,5.794493754148941,0.9133695,-3.967754754148941,0.7890857142857143,160957.85,3187.7335120799694,2.585212,4.861220471781752
2021-04-26,0.49293,0.56,0.49293,0.50881,142710,2021-04-26 23:59:59.999,73345.45290,20,111053,56583.96298,0,50.380709026903325,0.7026739462461007,0.29810331572353466,0.40457063052256603,5.798835264620273,0.92081,-3.9572152646202725,1.5596764285714286,168093.35,48.28490659516801,2.602284,4.851871570747726
2021-04-27,0.5768,0.7481,0.5768,0.7481,3198,2021-04-27 23:59:59.999,1849.06020,20,3172,1829.60960,0,50.92044117172432,0.5648082368525669,0.3514442999493411,0.21336393690322575,5.811930565076693,0.940215,-3.9315005650766928,1.5767685714285715,168251.75,118.02232390056247,2.667214,4.817474238071233
2021-04-28,0.7481,0.86386,0.7046,0.793,114970,2021-04-28 23:59:59.999,86802.19327,63,88587,66161.98315,0,51.02041001488415,0.4539389960073241,0.37194323916093774,0.08199575684638638,5.8269648602467585,0.9627085,-3.901547860246759,1.5881442857142858,173805.6,131.1077434208609,2.7460180000000003,4.774122286475285
2021-04-29,0.84236,0.8878,0.785,0.86366,66944,2021-04-29 23:59:59.999,57395.83870,54,27818,24629.38218,0,51.17691081542445,0.3675392296426072,0.37106243725727167,-0.0035232076146644586,5.8445960861969795,0.9887350000000001,-3.867126086196979,1.5954871428571429,176849.95,151.7005216681724,2.838954,4.721241181911807
2021-04-30,0.86366,0.92418,0.81252,0.81252,47868,2021-04-30 23:59:59.999,40546.95884,41,30112,25491.80264,0,51.05883541864141,0.29157908123051457,0.3551657660519203,-0.06358668482140573,5.859456945440667,1.0122045000000002,-3.8350479454406665,1.603462857142857,177118.05,136.79654941275902,0.745218,0.13850833411748337
2021-05-01,0.81252,0.83982,0.78,0.79206,17819,2021-05-01 23:59:59.999,14208.90992,17,17769,14168.78392,0,51.011748479323536,0.22711116981874913,0.3295548468052861,-0.10244367698653695,5.87300746929344,1.034651,-3.8037054692934396,1.6077357142857145,177308.45,87.04923839886646,0.801868,0.04182568732251103
2021-05-02,0.81443,0.842,0.81443,0.842,1689,2021-05-02 23:59:59.999,1381.92692,16,1584,1293.69692,0,51.12177260173801,0.17799777736849665,0.2992434329179282,-0.12124565554943156,5.888073891001401,1.0595945,-3.7688848910014006,1.610635,177247.9,98.84283858779077,0.8206479999999999,0.03143918764854585
2021-05-03,0.842,0.852,0.7988,0.79899,41935,2021-05-03 23:59:59.999,35344.35841,76,293,243.64083,0,50.84586872614701,0.13405916298594978,0.26620657893153254,-0.13214741594558277,5.900920051196692,1.0823874999999998,-3.7361450511966923,1.6086978571428572,173140.6,88.68579525327665,0.8218460000000001,0.030212460674372096
2021-05-04,0.79899,0.79899,0.71072,0.74296,22607,2021-05-04 23:59:59.999,17304.00659,21,5512,3974.16656,0,50.717854493313936,0.09363695459561372,0.23169265406434877,-0.13805569946873505,5.911305610136611,1.102379,-3.706547610136611,1.615002857142857,173350.7,75.45400873774943,0.797706,0.03609731125721774
2021-05-05,0.74296,0.772,0.74285,0.772,3727,2021-05-05 23:59:59.999,2800.41044,25,2951,2203.20152,0,50.78207915704634,0.0632166260597381,0.19799744846342665,-0.13478082240368855,5.922307495315545,1.1238225000000002,-3.6746624953155447,1.6170849999999999,167997.1,93.49340819088677,0.789602,0.0364864128135454
2021-05-06,0.825,0.825,0.79799,0.79799,650,2021-05-06 23:59:59.999,521.31910,12,90,71.81910,0,50.83941668003912,0.040735893834369596,0.16654513753761527,-0.12580924370324567,5.933769229379857,1.1465655,-3.640638229379858,1.6199200000000002,152579.7,100.00751917389341,0.790788,0.03668213829645773
2021-05-07,0.798,0.798,0.776,0.798,1200,2021-05-07 23:59:59.999,942.20000,3,1200,942.20000,0,50.89526266003982,0.022659355585732288,0.13776798114723868,-0.11510862556150639,5.944748617472103,1.1693090000000002,-3.606130617472103,1.6197435714285715,148996.8,-92.92628443782577,0.7819879999999999,0.024619408400699712
2021-05-08,0.798,0.798,0.76,0.78,1238,2021-05-08 23:59:59.999,978.46200,5,259,199.02000,0,50.85418695534429,0.006802702235622959,0.11157492536491553,-0.10477222312929257,5.954662015675558,1.1911524999999998,-3.5723570156755575,1.6224578571428572,146996.2,53.29887384288832,0.77819,0.022733352150539524
2021-05-09,0.966,0.966,0.95,0.95,232528,2021-05-09 23:59:59.999,220918.16000,264,224230,213018.50000,0,5.433850464935304,0.007863125644229862,0.0908325654207784,-0.08296943977654854,5.968929273815528,1.21748,-3.5339692738155275,0.8557614285714286,41882.25,26.98837053869803,0.819598,0.07377606671543607
2021-05-10,0.95,0.95534,0.82,0.92,76637,2021-05-10 23:59:59.999,70796.43840,26,72014,66778.20840,0,74.2312633328226,0.006211171463188614,0.07390828662926045,-0.06769711516607184,5.9814605682885125,1.2423075000000001,-3.4968455682885127,0.09483785714285713,45714.1,16.01513240857503,0.849198,0.07938171086591989
2021-05-11,0.82169,0.98461,0.8125,0.98461,121566,2021-05-11 23:59:59.999,115764.18541,36,120434,114828.64420,0,67.5507205509135,0.010000196013162599,0.061126668506040885,-0.051126472492878286,5.995730458138043,1.2703655,-3.4549994581380425,0.0900392857142857,51792.4,14.004353565060326,0.886522,0.09213382885781166
2021-05-12,1.09388,1.19,0.98,0.98,26683,2021-05-12 23:59:59.999,29857.25240,93,12032,13869.91110,0,64.75927387529597,0.012487093402874239,0.05139875348540756,-0.03891166008253332,6.009091010390264,1.298193,-3.412705010390264,0.09366357142857142,53120.25,20.612415694382904,0.922922,0.08401154932508123
2021-05-13,1.12692,1.12692,1.0,1.0,158,2021-05-13 23:59:59.999,165.36136,3,0,0.00000,0,61.69617733854918,0.015888655588528255,0.044296733906031706,-0.02840807831750345,6.0226288674835935,1.3282440000000002,-3.3661408674835926,0.09681499999999998,53060.45,26.253061636744697,0.966922,0.031882917369660445
2021-05-14,1.12692,1.388,0.98,0.98,3640,2021-05-14 23:59:59.999,4603.58840,10,1240,1426.30540,0,65.17853906108391,0.016777188491348016,0.03879282482309497,-0.022015636331746954,6.034626609708569,1.3572950000000001,-3.3200366097085685,0.11798214285714284,53242.45,16.3895486935867,0.972922,0.03070326399587837
2021-05-15,1.7115,1.98,0.98,1.79818,3614,2021-05-15 23:59:59.999,5391.72994,17,60,109.70900,0,87.27972017607564,0.08255005180271402,0.04754427021901879,0.03500578158369523,1.3712990459649559,0.883144,0.39498895403504414,0.1851378571428571,46569.05,125.05663400042553,1.148558,0.36324260752285203
2021-05-16,1.79818,1.79818,1.56796,1.66,17854,2021-05-16 23:59:59.999,31120.22748,64,12413,21432.49000,0,78.44900741482687,0.12211785124481267,0.062458986424177576,0.059658864820635094,1.5080649438145795,0.9407035,0.3733420561854205,0.19801499999999997,40326.25,123.4306019166577,1.283636,0.4096475344488245
2021-05-17,1.6453,1.6453,1.64,1.64,2010,2021-05-17 23:59:59.999,3301.70000,3,2000,3285.30000,0,79.72502032304811,0.15013116599318854,0.07999342233797978,0.07013774365520876,1.6245687243644256,0.9852984999999999,0.34602827563557415,0.1956435714285714,40266.85,112.43523316062173,1.415636,0.39335889780199584
2021-05-18,2.11619,2.4802,2.11619,2.45,129454,2021-05-18 23:59:59.999,301844.22574,41,56527,136740.54403,0,89.35774824542797,0.23498340159320574,0.11099141818902497,0.12399198340418077,1.9756905610644162,1.0681485,0.16060643893558368,0.24935285714285713,40991.05,207.0213912455044,1.7056360000000002,0.5233499044425264
2021-05-19,2.45,2.45,1.86666,1.86666,18147,2021-05-19 23:59:59.999,39449.80400,10,7047,14172.12000,0,70.10084761946734,0.2522509588431996,0.1392433263198599,0.1130076325233397,2.08704803950196,1.1182985,0.14954896049804023,0.2889378571428572,38551.2,133.9172932330827,1.882968,0.33080523835030434
2021-05-20,1.7736,2.19235,1.7736,1.947,19529,2021-05-20 23:59:59.999,38230.86478,17,6860,13234.87892,0,70.68596139374277,0.26931390529504573,0.16525744211489707,0.10405646318014866,2.1996305509022367,1.1750225,0.15041444909776347,0.31506285714285714,37134.25,149.6153846153846,1.9127319999999997,0.32795199209640685
2021-05-21,1.74009,1.947,1.40139,1.40139,10872,2021-05-21 23:59:59.999,17709.04066,16,3230,6286.27090,0,59.0793500799008,0.23608876512183685,0.17942370671628505,0.056665058405551805,2.2183193948606994,1.205489,0.19265860513930066,0.3524635714285714,36786.9,47.51473684210526,1.8610099999999998,0.3919283694758542
2021-05-22,1.40139,1.41325,1.40139,1.41325,15450,2021-05-22 23:59:59.999,21709.26587,11,0,0.00000,0,59.54630012090222,0.2083132989280856,0.1852016251586452,0.0231116737694404,2.2358808523618086,1.2340515,0.23222214763819182,0.3505964285714286,37474.95,53.614130434782595,1.8156599999999998,0.4346814558386424
2021-05-23,1.24,1.24,1.05,1.105,3594,2021-05-23 23:59:59.999,3847.37000,5,994,1098.37000,0,52.243138889371274,0.15958821107203613,0.1800789423413234,-0.02049073126928727,2.2323750942642384,1.249352,0.2663289057357614,0.3632571428571429,35557.9,12.227176242370074,1.54666,0.35236248104757306
2021-05-24,1.105,1.97,1.105,1.7,82757,2021-05-24 23:59:59.999,125513.37425,59,7425,8364.23185,0,59.70154080368559,0.16705900022233777,0.1774749539175263,-0.010415953695188523,2.2695525299418087,1.297204,0.3248554700581916,0.4153757142857143,38565.4,73.46938775510205,1.513328,0.3210121947372112
2021-05-25,1.7,2.0,1.24,1.784,49930,2021-05-25 23:59:59.999,85641.29417,40,590,1076.30000,0,59.894983623683885,0.1777092306385697,0.177521809261735,0.0001874213768346955,2.310351804032827,1.347804,0.3852561959671732,0.45736785714285716,40875.55,78.4,1.4807279999999998,0.2702190984553112
2021-05-26,1.97,2.4101,1.784,1.784,52236,2021-05-26 23:59:59.999,114614.35010,56,18968,44918.07448,0,59.96341789846235,0.1840282518178169,0.17882309777295138,0.005205154044865518,2.34192166819989,1.3971044999999997,0.4522873318001097,0.4870892857142857,43454.85,82.04081632653062,1.55725,0.2951587496585545
2021-05-27,1.784,2.178,1.784,1.784,88504,2021-05-27 23:59:59.999,173059.31600,21,24955,54342.26100,0,59.76397094720481,0.18688186381259886,0.1804348509808809,0.0064470128317179465,2.362044013333654,1.4464045,0.530764986666346,0.5047378571428571,47820.05,-0.7885751148383289,1.6314,0.29650598644884274
2021-05-28,1.784,1.98989,1.5,1.89081,102387,2021-05-28 23:59:59.999,186299.46553,33,16635,31453.62435,0,61.10318731607652,0.19550834730108857,0.18344955024492246,0.01205879705616611,2.381428821137206,1.5019449999999999,0.6224611788627936,0.5105871428571428,52877.5,13.90421686746989,1.788562,0.06775012339473252
2021-05-29,1.89081,1.95,1.1,1.627,68544,2021-05-29 23:59:59.999,121443.95723,27,62568,111484.32060,0,47.587110960757784,0.1789943013401798,0.18255850046397396,-0.0035641991237941595,2.377117896933906,1.535795,0.6944721030660943,0.4998728571428571,44678.3,-0.7926829268292622,1.7739620000000003,0.09427827013687443
2021-05-30,1.7,1.97263,1.5,1.5,49818,2021-05-30 23:59:59.999,92303.86085,33,29745,55477.64261,0,47.73756935763938,0.15388507139361418,0.17682381464990202,-0.022938743256287836,2.3551876845895197,1.5647950000000002,0.7744023154104807,0.5171878571428571,43337.35,-38.775510204081634,1.717162,0.15360402410093757
2021-05-31,1.78321,1.9629,1.7153,1.7153,67286,2021-05-31 23:59:59.999,125743.39369,32,58407,110504.24579,0,51.00902629632409,0.1496338499291423,0.1713858217057501,-0.021751971776607787,2.344971258304145,1.6013294999999999,0.8576877416958549,0.5488235714285714,40623.35,-8.108600387858525,1.7034220000000002,0.14913835495941813
2021-06-01,1.7153,1.8635,1.7153,1.8635,54717,2021-06-01 23:59:59.999,98083.33640,21,10535,19583.91830,0,40.44638901196278,0.1564201136306862,0.16839268009073732,-0.011972566460051126,2.336867603364419,1.6455045000000001,0.9541413966355813,0.4993949999999999,42025.05,-4.288649203903447,1.719322,0.16342972318400775
2021-06-02,1.757,1.8479,1.757,1.81,6508,2021-06-02 23:59:59.999,11850.06260,46,1358,2466.04820,0,48.88450513450515,0.1556866153540748,0.16585146714340485,-0.010164851789330048,2.3097447762950516,1.6860045,1.0622642237049482,0.465335,42342.55,29.157479359778517,1.70316,0.14521140795406326
2021-06-03,1.81,1.81,1.81,1.81,15583,2021-06-03 23:59:59.999,28205.23000,10,7477,13533.37000,0,47.214699878829286,0.1533377307664503,0.16334871986801394,-0.010010989101563644,2.2567510763596554,1.7275044999999998,1.1982579236403441,0.4354242857142857,42939.7,28.073589244648872,1.73976,0.14427582264538097
2021-06-04,1.81,1.81,1.553,1.61,4109,2021-06-04 23:59:59.999,7084.52760,19,295,474.95000,0,54.934641605124604,0.1337955824993582,0.1574380923942828,-0.023642509894924613,2.248740768347882,1.7180955,1.1874502316521178,0.4148092857142857,42964.45,45.70135746606336,1.76176,0.10024326910073036
2021-06-05,1.61,1.6613,1.61,1.61,27456,2021-06-05 23:59:59.999,44241.48320,16,1053,1695.33000,0,54.68035606388598,0.11696004659092463,0.14934248323361118,-0.03238243664268656,2.2478618468395224,1.7155954999999998,1.1833291531604775,0.4176264285714285,43444.55,-5.294117647058815,1.7407,0.12129488859800078
2021-06-06,1.61,1.8,1.0,1.54,56830,2021-06-06 23:59:59.999,101927.26000,15,56430,101377.26000,0,61.67083418293429,0.09685288842015649,0.13884456427092026,-0.04199167585076377,2.247708553647873,1.7105954999999997,1.1734824463521263,0.4488228571428571,46185.55,-13.67713004484305,1.6760000000000002,0.12561846997954307
2021-06-07,1.5,1.71,1.0,1.1,13995,2021-06-07 23:59:59.999,22438.68350,25,7897,13222.10350,0,32.441970713207155,0.04489596592238132,0.12005484460121248,-0.07515887867883116,2.125482635181295,1.6430955,1.160708364818705,0.4377514285714285,40412.6,-38.340807174887885,1.534,0.2627356085497382
2021-06-08,1.1,1.4681,1.1,1.4025,17764,2021-06-08 23:59:59.999,24896.51760,11,14264,20116.51760,0,40.10180995475113,0.027808394101570766,0.10160555450128414,-0.07379716039971337,2.1016485867978316,1.6198875000000001,1.138126413202169,0.40975857142857136,40393.45,-21.38452914798206,1.4525000000000001,0.21449067578801934
2021-06-09,1.4025,1.43,1.4025,1.43,12331,2021-06-09 23:59:59.999,17549.45500,9,0,0.00000,0,40.9445314178715,0.01629752276264429,0.08454394815355618,-0.06824642539091189,2.0570108452768507,1.5940375,1.1310641547231493,0.36700142857142853,40033.55,-24.371036751445153,1.4164999999999999,0.1957325982047988
2021-06-10,1.43,1.43,1.42,1.42,25982,2021-06-10 23:59:59.999,37026.45000,6,0,0.00000,0,40.73612199814722,0.00629558628350968,0.06889427577954688,-0.0625986894960372,2.056383257229544,1.5949680000000002,1.133552742770456,0.3395728571428571,40789.05,-12.722802704363865,1.3785,0.16476877738212778
2021-06-11,1.42,1.42,1.31,1.3101,360651,2021-06-11 23:59:59.999,493592.06090,21,500,655.05000,0,35.24401461597492,-0.010379384741649789,0.05303954367530754,-0.06341892841695733,2.0619591246589777,1.5898105,1.1176618753410221,0.31243785714285716,58049.1,-12.659999999999997,1.33252,0.1384020483952501
2021-06-12,1.2302,1.2326,1.23,1.2326,7570,2021-06-12 23:59:59.999,9329.79160,11,6961,8579.19020,0,38.93005501291119,-0.029507873236241933,0.03653006029299764,-0.06603793352923958,2.043553432915001,1.5961905,1.148827567084999,0.257445,58247.9,-28.140849997085066,1.3590399999999998,0.08517982742411011
2021-06-13,1.342,1.342,1.2326,1.2326,5667,2021-06-13 23:59:59.999,7495.45000,4,0,0.00000,0,41.918520309477756,-0.04415830868332837,0.020392386497732437,-0.06455069518106081,2.0454688218486146,1.5728205,1.1001721781513851,0.23149999999999998,54393.4,-33.85564797424202,1.3250600000000001,0.09662752195933194
2021-06-14,1.2326,1.2326,1.2326,1.2326,0,2021-06-14 23:59:59.999,0.00000,0,0,0.00000,0,33.22910152178444,-0.055133341481726106,0.005287240901840725,-0.06042058238356683,2.0301995870933025,1.5452505,1.0603014129066974,0.19843571428571424,51896.9,-31.90055248618785,1.28558,0.08229612384554436
2021-06-15,1.2327,1.2327,1.2327,1.2327,508,2021-06-15 23:59:59.999,626.21160,1,0,0.00000,0,25.569326103795504,-0.06309573650402056,-0.008389354579331538,-0.054706381924689025,2.008136224580002,1.5176855000000002,1.0272347754199986,0.18785714285714286,49310.5,-31.895027624309396,1.2481199999999997,0.034647900369303354
2021-06-16,1.63,1.63,1.2327,1.5686,16952,2021-06-16 23:59:59.999,25761.31730,22,9509,14746.39100,0,42.328714884962494,-0.0418195991288004,-0.015075403489225314,-0.026744195639575086,1.9819607838901907,1.5069155,1.0318702161098094,0.2086285714285714,45732.9,-2.571428571428578,1.29982,0.15025259398759536
2021-06-17,1.5686,1.5686,1.2326,1.2326,61082,2021-06-17 23:59:59.999,93677.45270,43,32163,50447.11260,0,34.88006703676547,-0.05147710265021699,-0.022355743321423652,-0.029121359328793336,1.927792589888527,1.474005,1.020217410111473,0.23262857142857143,43667.65,-23.440993788819885,1.29982,0.15025259398759533
2021-06-18,1.2326,1.368,1.2326,1.3614,27825,2021-06-18 23:59:59.999,37337.60760,16,22513,30669.99480,0,43.237950168643245,-0.04818224535403948,-0.027521043727946823,-0.020661201626092654,1.911193840560349,1.4607249999999998,1.0102561594396506,0.22394285714285717,41631.7,-11.597402597402603,1.32558,0.14684945352299125
2021-06-19,1.3614,1.3614,1.3614,1.3614,47911,2021-06-19 23:59:59.999,65226.03540,15,83,112.99620,0,43.237950168643245,-0.04505171903487892,-0.031027178789333244,-0.01402454024554568,1.9059809816491393,1.453795,1.0016090183508606,0.2202785714285714,41536.35,23.763636363636348,1.35134,0.137458131807475
2021-06-20,1.3614,1.3614,1.3,1.3,7263,2021-06-20 23:59:59.999,9811.65540,13,0,0.00000,0,43.44118933100131,-0.04698362323127325,-0.03421846767772125,-0.012765155553552003,1.8726200247898406,1.43303,0.9934399752101595,0.16752142857142857,38535.2,-7.308377896613193,1.3648,0.1257313007965843
2021-06-21,1.3995,1.3995,1.26,1.3,130171,2021-06-21 23:59:59.999,169286.57500,11,0,0.00000,0,57.19631548647093,-0.0479617974786235,-0.0369671336379017,-0.0109946638407218,1.7980612668826441,1.404855,1.0116487331173558,0.12677142857142856,42307.9,-9.090909090909085,1.31108,0.05354635375075654
2021-06-22,1.3,1.6,1.0436,1.0436,157554,2021-06-22 23:59:59.999,198345.27640,39,19013,21694.38440,0,36.643096390026045,-0.06863516124292324,-0.04330073915890601,-0.025334422084017226,1.742496169747476,1.366535,0.9905738302525242,0.14022142857142858,49860.2,-26.507042253521117,1.27328,0.13201428710560514
2021-06-23,1.1931,1.2027,1.0436,1.1931,32233,2021-06-23 23:59:59.999,38507.14250,13,9937,11841.92290,0,41.91743432275674,-0.07212414817927781,-0.04906542096298038,-0.023058727216297432,1.6554884621930634,1.33569,1.0158915378069366,0.1496214285714286,50692.7,-8.930615983512707,1.23962,0.12520963221733838
2021-06-24,1.1931,1.25,1.18,1.2129,26378,2021-06-24 23:59:59.999,31927.92730,20,14649,17477.59090,0,42.981088592150755,-0.07245627016655654,-0.05374359080369562,-0.018712679362860918,1.6123887159117183,1.315835,1.019281284088282,0.15390714285714288,51806.15,-1.5982476066850424,1.20992,0.10509870122889789
2021-06-25,2.2,2.2,1.08,1.08,12230,2021-06-25 23:59:59.999,14018.17050,9,3433,4108.35000,0,42.321297470466526,-0.08249247656657488,-0.05949336795627147,-0.02299910861030341,1.5694757937373363,1.289335,1.0091942062626635,0.22605000000000006,51044.85,-12.38033425279895,1.1659200000000003,0.10400450471013802
2021-06-26,1.08,1.08,1.0176,1.02,87112,2021-06-26 23:59:59.999,90710.68050,31,61232,63255.11500,0,42.82144786601837,-0.0942018407981784,-0.06643506252465285,-0.02776677827352554,1.5420399016621733,1.263335,0.9846300983378269,0.2247857142857143,52558.95,-17.24809346097679,1.10992,0.08789617170276015
2021-06-27,1.044,1.07,1.044,1.0694,139793,2021-06-27 23:59:59.999,147135.98660,47,24625,26332.09500,0,44.66736374330153,-0.0983615781376459,-0.07282036564725146,-0.02554121249039444,1.5445913800412556,1.261805,0.9790186199587445,0.22054285714285718,58848.85,-13.247343230307457,1.11508,0.08368594266662174
2021-06-28,1.104,1.105,1.044,1.044,3700,2021-06-28 23:59:59.999,4048.81040,7,100,110.50000,0,43.938030341990235,-0.10252591276035128,-0.07876147506987143,-0.023764437690479853,1.5344570925879006,1.24388,0.9533029074120996,0.22490000000000002,58145.65,-33.44383526711717,1.0852600000000001,0.07505403386894718
2021-06-29,1.1412,1.2145,1.0294,1.2145,22070,2021-06-29 23:59:59.999,23027.27020,11,50,60.72500,0,49.472769409038236,-0.09101904207083056,-0.08121298847006325,-0.009806053600767306,1.5102965505281607,1.2331050000000001,0.9559134494718396,0.23811428571428572,58632.6,-1.4684406944669808,1.0855799999999998,0.07573461559948043
2021-06-30,1.1223,1.1223,1.0294,1.0294,893,2021-06-30 23:59:59.999,941.07680,9,188,204.73200,0,32.884713052310815,-0.09573224541514702,-0.08411683985908001,-0.011615405556067007,1.4903627992063033,1.213575,0.9367872007936968,0.22295714285714285,57378.15,-24.386660790362853,1.07546,0.07993108281514175
2021-07-01,1.0294,1.0294,1.0294,1.0294,100,2021-07-01 23:59:59.999,102.94000,1,0,0.00000,0,41.80116204002583,-0.09833396033756481,-0.08696026395477698,-0.011373696382787832,1.484077774016211,1.19954,0.9150022259837891,0.19895714285714286,39350.6,-24.386660790362853,1.07734,0.07839635195594911
2021-07-02,1.0294,1.0671,1.0294,1.0671,7227,2021-07-02 23:59:59.999,7477.74280,9,975,1039.99500,0,37.183172197543755,-0.09624431864317251,-0.08881707489245609,-0.00742724375071642,1.481327122384327,1.191265,0.9012028776156731,0.1919785714285714,39333.45,-17.91538461538462,1.07688,0.07846130893632254
2021-07-03,1.0774,1.0774,1.0774,1.0774,8640,2021-07-03 23:59:59.999,9308.73600,4,0,0.00000,0,37.741712707182316,-0.09268868120761264,-0.0895913961554874,-0.00309728505212524,1.4771924348153425,1.183505,0.8898175651846576,0.19271428571428567,39482.1,-17.123076923076933,1.0835599999999999,0.07635570050756563
2021-07-04,1.0774,1.1419,1.0671,1.0671,2832,2021-07-04 23:59:59.999,3052.37640,15,0,0.00000,0,39.48342815858393,-0.08966829653389197,-0.08960677623116832,-6.152030272364717e-05,1.4723986609530462,1.17523,0.8780613390469538,0.19367142857142852,39623.7,2.2518206209275444,1.0540800000000001,0.022918704151871656
2021-07-05,1.0671,1.1099,1.0671,1.1,33346,2021-07-05 23:59:59.999,35855.21890,8,5405,5999.00950,0,41.229608840554285,-0.08365553593752928,-0.08841652817244051,0.004760992234911235,1.466286132587196,1.168595,0.870903867412804,0.1867642857142857,41265.6,-7.803201743357636,1.0681999999999998,0.025513427837141816
2021-07-06,1.1,1.1305,1.1,1.1305,32696,2021-07-06 23:59:59.999,36237.17000,9,100,113.05000,0,54.75226949578913,-0.0755582957496801,-0.08584488168788844,0.010286585938208345,1.3773849218066214,1.14669,0.9159950781933786,0.1492,42052.8,-6.7936350894550275,1.08842,0.02708942598138764
2021-07-07,1.1305,1.1305,1.1305,1.1305,210,2021-07-07 23:59:59.999,237.40500,2,0,0.00000,0,45.90742677824268,-0.06835324094996853,-0.08234655354030447,0.01399331259033594,1.3687673128308027,1.141585,0.9144026871691975,0.13783571428571426,39009.2,4.675925925925925,1.1011,0.029358218610826894
2021-07-08,1.1305,1.1305,1.1305,1.1305,0,2021-07-08 23:59:59.999,0.00000,0,0,0.00000,0,44.469798657718115,-0.0619293006828574,-0.07826310296881506,0.016333802285957655,1.332287668908549,1.13004,0.927792331091451,0.13283571428571425,37617.95,10.833333333333337,1.11172,0.028223961451240658
2021-07-09,1.0526,1.0526,0.989,0.989,2145,2021-07-09 23:59:59.999,2254.64700,2,2095,2205.19700,0,43.96231422505306,-0.0674783013006075,-0.07610614263517355,0.008627841334566053,1.2913178142694957,1.11142,0.9315221857305046,0.06294285714285712,35329.65,-7.51823452403216,1.0961,0.061310072581926486
2021-07-10,0.989,1.053,0.989,0.989,26840,2021-07-10 23:59:59.999,27636.71000,5,279,292.11300,0,47.765282583621676,-0.07105682541620562,-0.07509627919137997,0.004039453775174354,1.2602274423082194,1.0958700000000001,0.9315125576917809,0.06305714285714283,36308.5,-5.268199233716479,1.0738999999999999,0.07750274188698784
2021-07-11,0.989,0.989,0.989,0.989,0,2021-07-11 23:59:59.999,0.00000,0,0,0.00000,0,43.75970195591431,-0.07305074800889977,-0.07468717295488393,0.0016364249459841634,1.2204174037100974,1.08032,0.9402225962899025,0.05948571428571425,29799.95,-18.56731165088513,1.0455999999999999,0.07750274188698758
2021-07-12,0.852,0.852,0.852,0.852,20,2021-07-12 23:59:59.999,17.04000,1,0,0.00000,0,37.29822704419158,-0.0847092258309381,-0.07669158353009477,-0.008017642300843328,1.2437478963819875,1.07074,0.8977321036180126,0.06491428571428569,21923.25,-17.233339809597833,0.9899000000000001,0.09847233113926433
2021-07-13,1.2,1.2,1.2,1.2,2000,2021-07-13 23:59:59.999,2400.00000,20,2000,2400.00000,0,49.22318654237651,-0.06511732984854302,-0.07437673279378443,0.009259402945241413,1.2451445938479706,1.071085,0.8970254061520294,0.07654999999999999,20411.6,16.572760831552348,1.0038,0.12469442649934655
2021-07-14,1.2,1.2,1.2,1.2,0,2021-07-14 23:59:59.999,0.00000,0,0,0.00000,0,61.40069500133653,-0.04902547596102269,-0.06930648142723209,0.020281005466209395,1.2423694763619648,1.07044,0.8985105236380353,0.06332857142857143,19092.7,12.454315434354795,1.046,0.15129937210709435
2021-07-15,0.852,0.852,0.852,0.852,80,2021-07-15 23:59:59.999,68.16000,1,0,0.00000,0,41.90841087392811,-0.06361988697624055,-0.06816916253703378,0.004549275560793237,1.2566223495206474,1.05904,0.8614576504793524,0.08818571428571428,18485.2,-20.920735103025798,1.0186,0.174785010798984
2021-07-16,0.852,0.852,0.852,0.852,0,2021-07-16 23:59:59.999,0.00000,0,0,0.00000,0,39.83939537080775,-0.0743292416234882,-0.06940117835432467,-0.004928063269163521,1.2684590789574888,1.05064,0.8328209210425113,0.08549285714285715,14129.6,-20.157436041608094,0.9912000000000001,0.19060745001180018
2021-07-17,0.852,0.852,0.852,0.852,0,2021-07-17 23:59:59.999,0.00000,0,0,0.00000,0,39.2482350696432,-0.0818727047614275,-0.07189548363574524,-0.00997722112568225,1.2746752404694155,1.03977,0.8048647595305846,0.08475714285714286,7139.95,-22.545454545454554,0.9911999999999999,0.19060745001180018
2021-07-18,0.852,0.852,0.852,0.852,0,2021-07-18 23:59:59.999,0.00000,0,0,0.00000,0,39.63773003179497,-0.08684980317686064,-0.07488634754396833,-0.011963455632892306,1.2795919515093463,1.03017,0.7807480484906538,0.07941428571428573,6954.95,-24.635117204776652,0.9216,0.15563033123398792
2021-07-19,0.852,0.852,0.852,0.852,0,2021-07-19 23:59:59.999,0.00000,0,0,0.00000,0,37.66169154228855,-0.0897594979104106,-0.0778609776172568,-0.011898520293153803,1.2577236131256893,1.012045,0.7663663868743108,0.07635714285714286,5851.45,-24.635117204776652,0.852,0.0
2021-07-20,0.852,0.852,0.852,0.852,0,2021-07-20 23:59:59.999,0.00000,0,0,0.00000,0,35.710620831195484,-0.09101627301021886,-0.08049203669584921,-0.010524236314369648,1.2588228159293902,1.0031750000000001,0.7475271840706101,0.07417857142857143,5806.8,-24.635117204776652,0.852,0.0
2021-07-21,0.71,1.2,0.6684,0.8872,36310,2021-07-21 23:59:59.999,29760.52380,58,9400,7577.46300,0,37.95186689115579,-0.08815572617559975,-0.08202477459179933,-0.00613095158380042,1.2565065220755827,0.9960650000000001,0.7356234779244175,0.11215,7617.3,-10.293225480283114,0.8590399999999999,0.015741918561620803
2021-07-22,0.888,1.2,0.86,0.86,27106,2021-07-22 23:59:59.999,24895.44250,37,13821,13188.10050,0,36.95631208409683,-0.08707973391137036,-0.08303576645571355,-0.004043967455656813,1.2506885206786507,0.9857100000000001,0.7207314793213494,0.13643571428571427,8611.25,-13.043478260869565,0.8606399999999998,0.015246245439474728
2021-07-23,0.88,1.2,0.87,0.8977,119995,2021-07-23 23:59:59.999,106578.46090,74,48661,43990.01590,0,45.107705497803025,-0.08223695098342287,-0.08287600336125542,0.0006390523778325441,1.2407978677347933,0.9767250000000001,0.7126521322652069,0.15061428571428567,14179.0,-9.231547017189074,0.8697800000000001,0.021277264861835937
2021-07-24,0.8977,0.926,0.8976,0.926,10811,2021-07-24 23:59:59.999,9973.02070,6,9700,8975.72600,0,46.723528188059085,-0.07524802474780756,-0.08135040763856585,0.00610238289075829,1.2311027736874016,0.96967,0.7082372263125986,0.1480714285714286,14577.95,8.685446009389679,0.88458,0.02983390688462941
2021-07-25,0.926,0.9432,0.926,0.9432,5170,2021-07-25 23:59:59.999,4859.14400,3,1000,926.00000,0,47.65992233803394,-0.06754276317073893,-0.07858887874500048,0.01104611557426155,1.2161129513915832,0.96183,0.7075470486084167,0.14930000000000002,13169.15,-21.399999999999995,0.90282,0.03267876986670035
2021-07-26,0.9432,1.0879,0.943,0.943,512,2021-07-26 23:59:59.999,498.19660,3,106,99.97920,0,55.405084343074364,-0.06075211363687216,-0.07502152572337482,0.014269412086502661,1.1940642232031617,0.9524549999999999,0.710845776796838,0.14986428571428573,11559.95,-21.416666666666668,0.9139799999999999,0.03542360794725428
2021-07-27,0.943,0.9431,0.943,0.9431,600,2021-07-27 23:59:59.999,565.83000,2,300,282.93000,0,23.992711075116446,-0.054731495185685874,-0.07096351961583704,0.016232024430151162,1.1696905629455903,0.943085,0.7164794370544098,0.12501428571428574,11579.45,10.692488262910807,0.9306000000000001,0.01982637132711878
2021-07-28,0.9431,1.11,0.943,1.1,30285,2021-07-28 23:59:59.999,31362.96430,46,20047,21219.17420,0,42.31714812538416,-0.03687452637361044,-0.06414572096739171,0.027271194593781273,1.1632113658879484,0.9415600000000002,0.719908634112052,0.13694285714285717,13093.7,29.10798122065729,0.9710599999999999,0.07245900910170423
2021-07-29,1.0095,1.1,1.0,1.0,41904,2021-07-29 23:59:59.999,45292.23300,15,41403,44782.62800,0,68.37140019860972,-0.030441009194538737,-0.05740477861282112,0.02696376941828238,1.1643109228271933,0.9421100000000001,0.7199090771728069,0.11922857142857146,15081.65,17.370892018779347,0.98586,0.06839801166701323
2021-07-30,1.0,1.1,0.993,1.0113,30002,2021-07-30 23:59:59.999,30296.41410,17,24850,25059.82150,0,69.23448442405216,-0.02415217369336642,-0.050754257628930176,0.026602083935563757,1.1666371315558064,0.943225,0.7198128684441937,0.1268714285714286,15239.75,18.697183098591562,0.9994799999999999,0.06444561272888089
2021-07-31,1.0113,1.0115,1.0113,1.0115,1482,2021-07-31 23:59:59.999,1498.87160,9,750,758.50500,0,69.24933622978517,-0.018933830509344052,-0.04439017220501296,0.025456341695668905,1.1689560738738956,0.94435,0.7197439261261046,0.12688571428571432,15313.85,18.720657276995315,1.0131800000000002,0.05618938511855161
2021-08-01,1.0115,1.0881,1.0115,1.0881,9386,2021-08-01 23:59:59.999,10167.00660,6,600,606.96000,0,74.04766754939905,-0.008519073537832544,-0.03721595247157688,0.028696878933744334,1.185100339144047,0.9561550000000001,0.7272096608559531,0.1323571428571429,15782.15,27.711267605633815,1.04218,0.047764495182100915
2021-08-02,1.0881,1.0881,0.9417,0.9417,1461,2021-08-02 23:59:59.999,1585.34060,8,13,13.51870,0,57.03750196139965,-0.0119409126761727,-0.03216094451249604,0.020220031836323343,1.141330074142238,0.94324,0.745149925857762,0.14281428571428575,15755.2,6.142921550946799,1.01052,0.05212266301716473
2021-08-03,0.975,1.0217,0.975,1.0217,4182,2021-08-03 23:59:59.999,4173.69870,9,0,0.00000,0,61.82908127701101,-0.008103995618929605,-0.027349554733782755,0.01924555911485315,1.096565365864302,0.9343250000000001,0.7720846341356982,0.14852857142857148,15964.3,18.80232558139536,1.01486,0.05193080010938514
2021-08-04,0.975,0.975,0.975,0.975,3277,2021-08-04 23:59:59.999,3195.07500,4,0,0.00000,0,56.02360043907793,-0.008730866919425817,-0.02362581717091137,0.014894950251485552,1.0988548216147813,0.940475,0.7820951783852186,0.1138928571428572,16124.15,8.610894508187581,1.0076,0.05499963636244252
2021-08-05,1.0539,1.0539,1.033,1.033,37719,2021-08-05 23:59:59.999,39364.03720,33,10000,10491.75000,0,61.387572406529735,-0.004495727718040632,-0.019799799280337222,0.01530407156229659,1.1073021896661257,0.9495250000000001,0.7917478103338745,0.09524285714285721,18010.1,11.55507559395247,1.0119,0.056207962069451625
2021-08-06,1.043,1.059,1.0428,1.0575,24167,2021-08-06 23:59:59.999,25415.48750,32,15183,16012.49870,0,60.70471596998927,0.0008280506042130931,-0.01567422930342716,0.016502279907640253,1.1176011807039865,0.9597999999999999,0.8019988192960132,0.07281428571428579,19218.45,12.118320610687029,1.0057800000000001,0.04669846892566078
2021-08-07,1.14,1.1709,1.1253,1.1364,13214,2021-08-07 23:59:59.999,15039.18660,11,10349,11779.13820,0,63.19949811794228,0.01128368261499113,-0.0102826469197435,0.02156632953473463,1.1418565821738005,0.97402,0.8061834178261995,0.07888571428571435,19879.15,20.509013785790046,1.0447199999999999,0.05936477912029102
2021-08-08,1.1364,1.1562,1.1364,1.1364,31051,2021-08-08 23:59:59.999,35588.96200,7,2500,2890.50000,0,62.38779174147216,0.01934682812067834,-0.004356751911659131,0.023703580032337468,1.160676122726783,0.98824,0.815803877273217,0.07907142857142861,21431.7,20.496235818046866,1.06766,0.06953558801075148
2021-08-09,1.1364,1.1373,1.0878,1.1343,32809,2021-08-09 23:59:59.999,36885.77880,11,10256,11395.06380,0,62.23615197646156,0.025276109321772378,0.0015698203350271729,0.023706288986745205,1.1740493732026982,1.002355,0.8306606267973021,0.0722571428571429,23072.15,3.1181818181818177,1.09952,0.050300367791905824
2021-08-10,1.131,1.158,1.131,1.1541,19351,2021-08-10 23:59:59.999,22032.27390,9,10000,11445.75000,0,63.164462191165455,0.031212997905605055,0.007498455849142751,0.023714542056462305,1.1911567813031372,1.0157,0.8402432186968629,0.07417857142857143,22224.2,15.40999999999999,1.1237400000000002,0.037886448764710264
2021-08-11,1.1688,1.3803,1.1688,1.3803,28762,2021-08-11 23:59:59.999,38633.50900,21,11089,14804.61670,0,66.09624440105662,0.05355314710232606,0.01670939409977942,0.036843753002546636,1.2671428764343005,1.041715,0.8162871235656994,0.07840714285714287,22307.0,36.48768911302284,1.1883,0.10762999117346944
2021-08-12,1.3803,1.3803,1.2738,1.3266,18198,2021-08-12 23:59:59.999,24839.23920,6,0,0.00000,0,69.80834546336729,0.06616206003926872,0.02659992728767728,0.03956213275159144,1.3113558428762393,1.0631599999999999,0.8149641571237606,0.07887142857142858,17217.15,31.15175481957488,1.22634,0.11782925358331502
2021-08-13,1.3719,1.46,1.3358,1.46,12551,2021-08-13 23:59:59.999,17154.30500,10,3062,4470.52000,0,73.70311674590596,0.08592844983142967,0.03846563179642776,0.04746281803500191,1.38615889176835,1.08986,0.79356110823165,0.08075714285714286,17304.15,34.1788438562632,1.29106,0.1423897222414639
2021-08-14,1.3358,1.3358,1.3358,1.3358,935,2021-08-14 23:59:59.999,1248.97300,1,0,0.00000,0,65.14712751050911,0.09052800366016656,0.048878106169175525,0.04164989749099103,1.4166972840419245,1.1094899999999999,0.8022827159580752,0.08961428571428572,17092.4,41.84984602314963,1.33136,0.11225735165235862
2021-08-15,1.4469,1.4604,1.3358,1.4604,18388,2021-08-15 23:59:59.999,25970.95030,10,803,1163.61570,0,66.64282521233795,0.10303958567697369,0.05971040207073517,0.04332918360623852,1.4694955753834618,1.13536,0.8012244246165381,0.09304285714285712,17986.2,42.93824018792208,1.3926200000000002,0.06494830251824427
2021-08-16,1.4244,1.5331,1.3,1.3,12619,2021-08-16 23:59:59.999,17985.95500,16,676,978.76560,0,65.81898454746138,0.09887242531323204,0.06754280671923456,0.03132961859399748,1.4821890212085103,1.153205,0.8242209787914898,0.09923571428571425,18587.15,33.33333333333334,1.37656,0.07747611244765283
2021-08-17,1.3,1.3,1.3,1.3,0,2021-08-17 23:59:59.999,0.00000,0,0,0.00000,0,63.220902612826606,0.09448080479674714,0.07293040633473707,0.021550398462010067,1.4974953904659691,1.163205,0.828914609534031,0.09352142857142853,17072.9,25.847047434656357,1.37124,0.08251380490561162
2021-08-18,1.3001,1.3806,1.23,1.2418,1910,2021-08-18 23:59:59.999,2430.54340,13,1395,1768.00340,0,62.53759398496241,0.08532063710132709,0.07540845248805508,0.009912184613272007,1.5021398044722782,1.175295,0.8484501955277217,0.10094285714285711,15073.2,17.42789598108746,1.3276,0.0815295038621067
2021-08-19,1.2418,1.425,1.2418,1.4118,18388,2021-08-19 23:59:59.999,24262.36760,13,12616,16135.65600,0,66.10544217687075,0.09073280614690105,0.07847332321982428,0.012259482927076765,1.5288658595471518,1.1953200000000002,0.8617741404528484,0.1083928571428571,14492.5,24.234424498416036,1.3428,0.0900769670892692
2021-08-20,1.4988,1.57,1.4844,1.57,8505,2021-08-20 23:59:59.999,12901.52770,20,5883,8966.69950,0,69.56554936244942,0.10655906045639685,0.0840904706671388,0.022468589789258045,1.584369031615901,1.223245,0.8621209683840989,0.11783571428571425,14843.65,38.15557902147131,1.3647200000000002,0.13023352870901306
2021-08-21,1.61,1.6707,1.61,1.6707,2637,2021-08-21 23:59:59.999,4310.15480,8,1064,1777.62480,0,70.0638377769433,0.1257772476162171,0.09242782605695447,0.03334942155926264,1.658753319329475,1.252375,0.845996680670525,0.1169285714285714,14506.2,47.2890769637662,1.43886,0.18013499937547237
2021-08-22,1.6287,1.6392,1.6287,1.6392,8124,2021-08-22 23:59:59.999,13243.05000,8,4628,7549.11480,0,68.44460748349229,0.13688805239835133,0.10131987132523385,0.03556818107311749,1.701018348615244,1.28725,0.8734816513847561,0.1185142857142857,14839.35,42.032752794385246,1.5067,0.17863171610887443
2021-08-23,1.6341,1.6851,1.6341,1.6614,28396,2021-08-23 23:59:59.999,47106.02080,29,19633,32547.05240,0,69.05502132889885,0.14580406124579381,0.11021670930934585,0.035587351936447964,1.7452893047917433,1.319235,0.8931806952082566,0.11862142857142856,16050.05,20.365138013475324,1.5906200000000001,0.10745278963340889
2021-08-24,1.6614,1.6614,1.4964,1.4964,47609,2021-08-24 23:59:59.999,77008.41330,21,873,1364.17960,0,61.1987175292809,0.137965560357737,0.11576647951902408,0.022199080838712915,1.7457067954373717,1.3453050000000002,0.9449032045626287,0.12847857142857141,18266.65,12.799638172772498,1.6075400000000002,0.07357613743600329
2021-08-25,1.4964,1.5258,1.4529,1.5258,5831,2021-08-25 23:59:59.999,8690.25840,17,5000,7446.75000,0,55.4637626736763,0.13259732678027758,0.11913264897127478,0.013464677809002804,1.7495373102487684,1.369945,0.9903526897512316,0.11752857142857141,16672.25,4.506849315068498,1.5987,0.08144820440010711
2021-08-26,1.443,1.443,1.4163,1.443,5117,2021-08-26 23:59:59.999,7317.08100,18,5000,7148.25000,0,54.27752462149052,0.12027523692037922,0.11936116656109567,0.0009140703592835503,1.7400726972361649,1.38922,1.038367302763835,0.11774285714285714,15719.75,8.025153466087733,1.5531599999999999,0.09384065217165499
2021-08-27,1.4061,1.494,1.3851,1.494,8184,2021-08-27 23:59:59.999,11711.64000,20,8184,11711.64000,0,51.32999530589892,0.1133188960109417,0.11815271245106489,-0.0048338164401231926,1.7396754936061374,1.4071,1.0745245063938627,0.11599285714285713,15468.25,2.300739523418247,1.52412,0.08231750725089701
2021-08-28,1.4748,1.4748,1.4598,1.4598,5000,2021-08-28 23:59:59.999,7336.50000,2,5000,7336.50000,0,55.21797677158727,0.10384918280836275,0.11529200652252447,-0.01144282371416172,1.7309438197644036,1.42327,1.1155961802355965,0.10956428571428571,14165.7,12.292307692307688,1.4838,0.03266282290313272
2021-08-29,1.4598,1.4598,1.4598,1.4598,0,2021-08-29 23:59:59.999,0.00000,0,0,0.00000,0,49.97179390748403,0.09524642536692762,0.11128289029140509,-0.016036464924477467,1.7156774508656134,1.439545,1.1634125491343867,0.10066428571428573,12525.25,12.292307692307688,1.47648,0.033229384586558317
2021-08-30,1.35,1.35,1.25,1.3,5052,2021-08-30 23:59:59.999,6711.09120,7,3696,4962.30000,0,50.0,0.07467336554436388,0.10396098534199684,-0.02928761979763296,1.6977805415002103,1.44684,1.1958994584997895,0.09900000000000002,11810.3,4.686745047511679,1.43132,0.07571718431110151
2021-08-31,1.3,1.3,1.3,1.3,76,2021-08-31 23:59:59.999,98.80000,2,0,0.00000,0,50.0,0.057703892856667105,0.0947095668449309,-0.03700567398826379,1.7007213469874505,1.442825,1.1849286530125496,0.09900000000000002,10376.0,-7.918968692449349,1.40272,0.09480386068088821
2021-09-01,1.3284,1.5,1.3284,1.5,12739,2021-09-01 23:59:59.999,17629.19200,8,2500,3321.00000,0,60.715471447543166,0.05970554368089265,0.08770876221212326,-0.02800321853123061,1.7045530750903217,1.451495,1.1984369249096782,0.10252857142857144,10103.05,-4.458598726114653,1.40392,0.0962746695657859
2021-09-02,1.537,1.537,1.5,1.5,36239,2021-09-02 23:59:59.999,54358.83300,7,0,0.00000,0,54.26169308078856,0.06059338357245214,0.08228568648418905,-0.021692302911736905,1.70746671392437,1.453495,1.19952328607563,0.0920857142857143,11287.45,-10.217274196444608,1.41196,0.10351428886874156
2021-09-03,1.5,1.5,1.5,1.5,0,2021-09-03 23:59:59.999,0.00000,0,0,0.00000,0,46.007300935432355,0.06059846173737515,0.07794824153482627,-0.017349779797451115,1.7102143536310115,1.4617049999999998,1.2131956463689881,0.08078571428571428,11240.7,-8.491947291361639,1.42,0.10954451150103907
2021-09-04,1.5,1.5,1.5,1.5,1000,2021-09-04 23:59:59.999,1500.00000,1,0,0.00000,0,38.99987111741204,0.05991185959607437,0.07434096514707589,-0.01442910555100152,1.7127809086059191,1.463685,1.2145890913940807,0.07359285714285714,10371.3,-9.714698447092813,1.46,0.08944271909999907
2021-09-05,1.5,1.5,1.5,1.5,200,2021-09-05 23:59:59.999,300.00000,1,0,0.00000,0,40.650188070929616,0.0586911672107675,0.07121100555981422,-0.012519838349046714,1.7108869639130517,1.4736850000000001,1.2364830360869485,0.07059285714285714,9750.35,0.240577385725745,1.5,0.0
2021-09-06,1.5,1.6839,1.5,1.683,1839,2021-09-06 23:59:59.999,2945.13600,7,0,0.00000,0,51.19310649580204,0.07166422967544261,0.0713016503829399,0.00036257929250271825,1.7328216248465973,1.492835,1.2528483751534025,0.08008571428571429,9842.3,10.302791977978764,1.5366,0.08184008797650102
2021-09-07,1.683,1.683,1.59,1.59,27182,2021-09-07 23:59:59.999,43259.46300,8,0,0.00000,0,55.616898703792614,0.07359282015728708,0.07175988433780933,0.0018329358194777434,1.7224662398219777,1.5102449999999998,1.298023760178022,0.07494285714285713,11105.9,10.187110187110187,1.5546,0.08167496556473984
2021-09-08,1.59,1.59,1.59,1.59,7891,2021-09-08 23:59:59.999,12546.69000,3,0,0.00000,0,53.99353072903708,0.07426515947887458,0.07226093936602239,0.002004220112852187,1.7289225352434305,1.519155,1.3093874647565695,0.06973571428571428,10581.05,6.425702811244986,1.5726,0.07637931657197156
2021-09-09,1.59,1.59,1.59,1.59,1965,2021-09-09 23:59:59.999,3124.35000,1,0,0.00000,0,60.19417475728156,0.07394559445186699,0.0725978703831913,0.0013477240686756847,1.73113032382522,1.520155,1.3091796761747798,0.0619142857142857,10254.05,8.919030004110159,1.5906,0.06470548662981726
2021-09-10,1.59,1.59,1.59,1.59,16402,2021-09-10 23:59:59.999,26079.18000,2,0,0.00000,0,57.16417910447762,0.07285253815490056,0.07264880393753316,0.00020373421736739894,1.7178567706482322,1.51612,1.3143832293517677,0.05413571428571427,10942.3,8.919030004110159,1.6086000000000003,0.04159086438151373
2021-09-11,1.59,1.59,1.5,1.5,97840,2021-09-11 23:59:59.999,153058.74600,11,0,0.00000,0,52.76935794984844,0.06398643948181282,0.0709163310463891,-0.006929891564576282,1.7024454600134993,1.50916,1.3158745399865008,0.05812142857142856,15428.1,15.38461538461538,1.572,0.040249223595014254
2021-09-12,1.5,1.5,1.5,1.5,3471,2021-09-12 23:59:59.999,5206.50000,3,0,0.00000,0,52.76935794984844,0.056310875684016715,0.06799523997391463,-0.011684364289897914,1.6805986381149751,1.50109,1.321581361885025,0.05812142857142856,14181.85,15.38461538461538,1.5539999999999998,0.049295030175479614
2021-09-13,1.5,1.5,1.5,1.5,29219,2021-09-13 23:59:59.999,43828.50000,3,0,0.00000,0,67.6678445229682,0.04965553794290489,0.06432729956771269,-0.014671761624807794,1.6807660559601838,1.5012699999999999,1.321773944039816,0.04313571428571428,13262.35,0.0,1.536,0.0492950301754795
2021-09-14,1.5,1.5,1.5,1.5,32464,2021-09-14 23:59:59.999,48696.00000,6,0,0.00000,0,67.6678445229682,0.04387536691561866,0.06023691303729388,-0.016361546121675216,1.6791042274012746,1.4999799999999999,1.320855772598725,0.04313571428571428,14594.0,0.0,1.518,0.04024922359501389
2021-09-15,1.5,1.5,1.5,1.5,0,2021-09-15 23:59:59.999,0.00000,0,0,0.00000,0,50.0,0.03884673871001709,0.05595887817183853,-0.01711213946182144,1.6799394826430918,1.5028299999999999,1.325720517356908,0.028849999999999994,14338.15,0.0,1.5,0.0
2021-09-16,1.5,1.5,1.372,1.483,29416,2021-09-16 23:59:59.999,42821.95000,10,0,0.00000,0,47.78067885117495,0.03310810705367406,0.051388723948205636,-0.018280616894531573,1.6795731631062205,1.50228,1.3249868368937796,0.03534999999999999,15399.75,-1.133333333333327,1.4966000000000002,0.007602631123591991
2021-09-17,1.483,1.483,1.372,1.372,114723,2021-09-17 23:59:59.999,164008.42520,9,0,0.00000,0,37.04453441295548,0.019380026900727598,0.044986984538710036,-0.025606957637982437,1.6837529931173083,1.49789,1.3120270068826916,0.04327857142857142,20885.9,-8.533333333333326,1.471,0.055830099408843946
2021-09-18,1.372,1.3904,1.3229,1.3229,10200,2021-09-18 23:59:59.999,13853.85510,7,0,0.00000,0,33.695452034616096,0.004486744423084943,0.03688693651558502,-0.03240019209250008,1.6922636919746727,1.491045,1.2898263080253272,0.0481,21395.9,-21.39631610219846,1.43558,0.0825949877413962
2021-09-19,1.3229,1.3229,1.3229,1.3229,1528,2021-09-19 23:59:59.999,2021.39120,2,0,0.00000,0,33.695452034616096,-0.007232912725188001,0.028062966667430415,-0.03529587939261841,1.6890446875235596,1.4921900000000001,1.2953353124764406,0.0481,21219.7,-16.798742138364787,1.40016,0.08596756946663886
2021-09-20,1.3229,1.3229,1.3229,1.3229,29775,2021-09-20 23:59:59.999,39389.34750,7,0,0.00000,0,0.0,-0.016332553935655136,0.019183862546813302,-0.035516416482468435,1.6856980260457346,1.493335,1.3009719739542656,0.03496428571428572,22704.65,-16.798742138364787,1.36474,0.06944402782098229
2021-09-21,1.3229,1.3229,1.25,1.25,24422,2021-09-21 23:59:59.999,32001.76170,4,0,0.00000,0,0.0,-0.02909116110694754,0.009528857816061132,-0.03862001892300867,1.7017466448766416,1.4808350000000001,1.2599233551233586,0.03352857142857143,23288.8,-21.383647798742142,1.31814,0.04362319337234881
2021-09-22,1.13,1.27,1.05,1.185,15430,2021-09-22 23:59:59.999,18548.07320,8,30,36.10280,0,0.0,-0.04394088283819331,-0.001165090314789759,-0.04277579252340355,1.7221940636900552,1.465085,1.2079759363099447,0.049242857142857144,22248.35,-25.471698113207548,1.28074,0.0621359235869341
2021-09-23,1.185,1.2252,1.185,1.2252,22557,2021-09-23 23:59:59.999,27131.54290,27,10704,13002.76700,0,9.029649595687346,-0.051867691797581106,-0.011305610611348032,-0.04056208118623307,1.7291367014030816,1.451345,1.1735532985969186,0.05211428571428572,23376.2,-18.319999999999993,1.2612,0.06091317591458604
2021-09-24,1.2235,1.2309,1.0978,1.1205,7255,2021-09-24 23:59:59.999,8667.05790,10,2728,3355.57200,0,7.310420076377525,-0.06583920660278708,-0.022212329809635847,-0.043626876793151234,1.7457351584434897,1.4323700000000001,1.1190048415565106,0.06162142857142857,23688.95,-25.299999999999994,1.22072,0.0752298278610372
2021-09-25,1.1205,1.1205,1.1205,1.1205,1045,2021-09-25 23:59:59.999,1170.92250,3,0,0.00000,0,8.74103065883888,-0.07603524576238851,-0.03297691300018639,-0.043058332762202126,1.7542691856184622,1.413395,1.0725208143815377,0.05519285714285714,23731.2,-25.299999999999994,1.18024,0.05926266109449757
2021-09-26,1.1205,1.1546,1.07,1.1546,25318,2021-09-26 23:59:59.999,27780.71940,6,54,62.34840,0,15.040485829959522,-0.08043686908388237,-0.04246890421692559,-0.03796796486695678,1.7217191811922983,1.386975,1.0522308188077019,0.06123571428571428,24905.15,-23.026666666666664,1.16116,0.044774356500136
2021-09-27,1.1546,1.1546,1.1546,1.1546,1298,2021-09-27 23:59:59.999,1498.67080,1,1298,1498.67080,0,15.040485829959522,-0.08296877488751497,-0.05056887835104348,-0.0323998965364715,1.7009853948698377,1.365205,1.0294246051301623,0.06123571428571428,23610.95,-23.026666666666664,1.15508,0.04274584190305848
2021-09-28,1.1546,1.1546,1.0641,1.0641,14500,2021-09-28 23:59:59.999,16515.45000,10,6404,7167.80840,0,12.711719418306245,-0.09122632188591928,-0.05870036705801864,-0.03252595482790064,1.682837207108525,1.33891,0.9949827928914752,0.0677,23941.4,-28.246797033041133,1.12286,0.03700922857884598
2021-09-29,1.1064,1.1064,1.1064,1.1064,7559,2021-09-29 23:59:59.999,8363.27760,1,0,0.00000,0,18.602425015954054,-0.09328193481190539,-0.065616680608796,-0.02766525420310939,1.6522688950687119,1.3147300000000002,0.9771911049312886,0.07072142857142857,24221.1,-19.358600583090382,1.1200400000000001,0.03776351413734255
2021-09-30,1.1064,1.1064,1.1064,1.1064,7225,2021-09-30 23:59:59.999,7993.74000,1,0,0.00000,0,19.121023286323393,-0.09382941576745596,-0.07125922764052799,-0.022570188126927973,1.6140550703255077,1.29055,0.9670449296744924,0.061578571428571434,23762.25,-16.36556051099856,1.11722,0.038243979918429934
2021-10-01,1.1629,1.1648,1.1064,1.1064,9135,2021-10-01 23:59:59.999,10112.46350,4,0,0.00000,0,23.376102646351242,-0.09318907274667665,-0.07564519666175773,-0.01754387608491892,1.5885622184823012,1.27087,0.9531777815176987,0.05782142857142858,19327.0,-16.36556051099856,1.10758,0.03203735319905935
2021-10-02,1.37,1.37,1.157,1.157,1009,2021-10-02 23:59:59.999,1380.41300,2,0,0.00000,0,33.41994803118129,-0.08758892852531575,-0.07803394303446934,-0.009554985490846407,1.5559896641985964,1.25372,0.9514503358014035,0.07182857142857144,19203.9,-12.54063043313931,1.10806,0.03292366929735014
2021-10-03,1.296,1.3098,1.296,1.3098,21087,2021-10-03 23:59:59.999,27456.25020,3,0,0.00000,0,48.99709079773389,-0.07001401292712339,-0.07642995701300015,0.006415944085876757,1.5250640876083368,1.2442100000000003,0.9633559123916637,0.08274285714285715,18797.3,4.784000000000006,1.1572,0.08807485452727841
2021-10-04,1.3098,1.3098,1.296,1.296,15756,2021-10-04 23:59:59.999,20455.78020,5,0,0.00000,0,47.98320587794273,-0.056547466370963306,-0.07245345888459279,0.01590599251362948,1.4894140011226704,1.23401,0.9786059988773298,0.08372857142857144,17961.9,9.367088607594935,1.19512,0.10065272971957213
2021-10-05,1.296,1.296,1.296,1.296,97,2021-10-05 23:59:59.999,125.71200,1,0,0.00000,0,53.87205387205388,-0.04535233768598346,-0.06703323464487092,0.02168089695888746,1.448992731879772,1.22381,0.9986272681202282,0.07852142857142859,17966.75,5.778648383937314,1.2330400000000001,0.09439252089017024
2021-10-06,1.296,1.296,1.296,1.296,11848,2021-10-06 23:59:59.999,15355.00800,1,0,0.00000,0,60.49149338374291,-0.03606438971130177,-0.06083946565815709,0.024775075946855317,1.407574630806612,1.21446,1.0213453691933883,0.06280714285714287,17088.35,15.662650602409636,1.27096,0.06398521704269837
2021-10-07,1.296,1.35,1.2522,1.35,4112,2021-10-07 23:59:59.999,5346.25560,6,162,208.00800,0,61.495946941783345,-0.024068824891130713,-0.05348533750475182,0.029416512613621104,1.4029140628338976,1.2133600000000002,1.0238059371661028,0.06692142857142859,11557.8,20.481927710843376,1.30956,0.023383070799217247
2021-10-08,1.4,1.4175,1.4,1.4175,22,2021-10-08 23:59:59.999,30.99250,2,11,15.59250,0,79.37104430379746,-0.009011686358058046,-0.044590607275413065,0.03557892091735502,1.4232331838856265,1.2180900000000001,1.0129468161143738,0.0622357142857143,11048.9,22.769790403602972,1.3311,0.053661438668760955
2021-10-09,1.4,1.4,1.35,1.35,11860,2021-10-09 23:59:59.999,16124.86500,4,0,0.00000,0,70.02268365032282,-0.002496701053129158,-0.03617182603095628,0.033675124977827126,1.427835367238723,1.219445,1.0110546327612768,0.06705714285714286,11565.5,16.923609908193317,1.3419,0.05015027417672999
2021-10-10,1.2,1.2,1.2,1.2,1000,2021-10-10 23:59:59.999,1200.00000,1,0,0.00000,0,53.29462989840347,-0.009329727369158825,-0.03080340629859679,0.021473678929437967,1.4160163120172864,1.2133,1.0105836879827137,0.07172857142857145,10126.75,12.7713560755568,1.3227,0.08100277773015692
2021-10-11,1.1064,1.1064,1.1064,1.1064,10,2021-10-11 23:59:59.999,11.06400,1,0,0.00000,0,46.92052133912599,-0.02204358300285736,-0.029051441639448904,0.007007858636591546,1.4134822368300284,1.2061199999999999,0.9987577631699713,0.07841428571428573,8906.15,0.0,1.28478,0.1276018887007603
2021-10-12,1.24,1.34,1.1776,1.2152,31371,2021-10-12 23:59:59.999,40290.79580,16,11915,15958.62500,0,59.43313772006493,-0.023074169804165434,-0.02785598727239221,0.0047818174682267775,1.4147844056723602,1.2076300000000002,1.0004755943276402,0.08863571428571429,9703.2,9.833694866232827,1.2578200000000002,0.12458178839622279
2021-10-13,1.25,1.25,1.22,1.25,4590,2021-10-13 23:59:59.999,5734.64580,7,118,147.37580,0,59.049659692462825,-0.020842587727653017,-0.026453307363444378,0.005610719635791361,1.4167628175261051,1.2088700000000001,1.000977182473895,0.0881,8804.85,12.979031091829352,1.22432,0.08808332418795994
2021-10-14,1.25,1.25,1.25,1.25,11934,2021-10-14 23:59:59.999,14917.50000,2,0,0.00000,0,59.049659692462825,-0.018856674844599963,-0.024933980859675495,0.006077306015075532,1.4196853608018414,1.2153450000000001,1.0110046391981589,0.0881,9038.8,8.038029386343991,1.20432,0.05894634848742749
2021-10-15,1.405,1.405,1.405,1.405,719,2021-10-15 23:59:59.999,1010.19500,5,719,1010.19500,0,65.74230282581189,-0.0047211969465543735,-0.020891424077051274,0.0161702271304969,1.4453977100398554,1.22957,1.0137422899601447,0.095,9022.5,7.268285234386925,1.24532,0.10694331208636305
2021-10-16,1.423,1.423,1.405,1.405,3628,2021-10-16 23:59:59.999,5097.52000,3,3618,5083.29000,0,63.8115393183337,0.006407410488626919,-0.015431657163915636,0.021839067652542555,1.4684026751805204,1.24209,1.0157773248194795,0.07745714285714286,7938.0,8.410493827160492,1.30504,0.09234992149428856
2021-10-17,1.405,1.405,1.318,1.318,2482,2021-10-17 23:59:59.999,3486.34000,5,2472,3473.16000,0,50.49278846153846,0.008113215054787126,-0.010722682720175084,0.01883589777496221,1.4750666434680344,1.2502600000000001,1.025453356531966,0.07275714285714285,7997.2,1.6975308641975322,1.3256000000000001,0.07761636425394623
2021-10-18,1.41,1.587,1.382,1.4722,1960,2021-10-18 23:59:59.999,2932.32850,22,763,1129.66940,0,59.060057589469345,0.021658068033338695,-0.004246532569472327,0.025904600602811023,1.4983906731475878,1.270665,1.042939326852412,0.09098571428571427,7370.2,13.595679012345672,1.37004,0.08660085449925581
2021-10-19,1.4722,1.652,1.4722,1.5014,19614,2021-10-19 23:59:59.999,29548.60640,21,19614,29548.60640,0,60.25359424920128,0.03435266147199356,0.0034733062388208535,0.030879355233172708,1.5265169251353692,1.2904149999999999,1.0543130748646306,0.10382857142857141,7972.95,11.214814814814812,1.4203199999999998,0.07107089418321184
2021-10-20,1.5014,1.5127,1.426,1.5127,6421,2021-10-20 23:59:59.999,9589.04690,29,5421,8163.04690,0,60.69700858919932,0.044808509192056034,0.011740346829467892,0.03306816236258814,1.5500622649636437,1.31073,1.0713977350363562,0.11002142857142856,7932.75,6.716049382716046,1.4418600000000001,0.08090703306883339
2021-10-21,1.5127,1.72,1.5127,1.547,6455,2021-10-21 23:59:59.999,10260.30750,9,4798,7615.09450,0,59.91743858236005,0.05522595673122477,0.02043746880981927,0.0347884879214055,1.5740050285279887,1.33276,1.0915149714720112,0.11784285714285712,7798.75,14.59259259259258,1.4702600000000001,0.0892282914775426
2021-10-22,1.547,1.547,1.547,1.547,1131,2021-10-22 23:59:59.999,1749.65700,4,499,771.95300,0,56.99470670843686,0.06275841897152845,0.028901658842161115,0.033856760129367336,1.5967135164079405,1.35226,1.1078064835920596,0.11302142857142856,7804.85,28.916666666666668,1.51606,0.031876605841922936
2021-10-23,1.547,1.547,1.547,1.547,646,2021-10-23 23:59:59.999,999.36200,1,646,999.36200,0,61.477511069680716,0.06794472506895666,0.03671027208752022,0.031234452981436435,1.622518245064916,1.36412,1.105721754935084,0.10819999999999999,6782.8,39.822848879248,1.5310199999999998,0.022243246166000877
2021-10-24,1.62,1.62,1.547,1.547,1748,2021-10-24 23:59:59.999,2773.50600,13,798,1234.50600,0,74.49872917255013,0.07123377144079979,0.04361497195817614,0.02761879948262365,1.6453159466129648,1.37667,1.1080240533870354,0.1027,6082.4,27.30414746543778,1.5401399999999998,0.015339426325691312
2021-10-25,1.612,1.612,1.612,1.612,620,2021-10-25 23:59:59.999,999.44000,1,620,999.44000,0,87.1983519717481,0.07818406393793031,0.05052879035412698,0.027655273583803333,1.6777917286539923,1.3924699999999999,1.1071482713460075,0.10065714285714288,6108.55,28.960000000000008,1.56,0.029068883707519783
2021-10-26,1.623,1.8916,1.623,1.623,7736,2021-10-26 23:59:59.999,13317.72480,11,448,814.48000,0,85.04640770024064,0.08361595619137474,0.05714622352157654,0.0264697326697982,1.7080053824180401,1.40882,1.1096346175819598,0.10394285714285714,5902.95,29.84,1.5752,0.038809792578694734
2021-10-27,1.8951,1.8951,1.8951,1.8951,1825,2021-10-27 23:59:59.999,3458.55750,4,54,102.33540,0,89.37858625320474,0.1086248067467277,0.06744194016660679,0.04118286658012091,1.8040948042439933,1.436075,1.0680551957560067,0.12089285714285715,5788.6,34.88256227758007,1.64482,0.14433541491955923
2021-10-28,1.8951,1.8951,1.851,1.884,2527,2021-10-28 23:59:59.999,4785.07110,18,0,0.00000,0,88.1835702240424,0.12609527590836667,0.07917260731495877,0.04692266859340789,1.8781057502150595,1.4594,1.0406942497849405,0.12404285714285715,5913.85,34.09252669039145,1.7122199999999999,0.1645109175708449
2021-10-29,1.884,2.021,1.8,2.015,1234,2021-10-29 23:59:59.999,2397.66740,18,530,1017.65240,0,87.83180352269908,0.14879612467137537,0.0930973107862421,0.05569881388513327,1.9754827922409128,1.49265,1.0098172077590872,0.12875714285714285,5382.55,52.88315629742034,1.80582,0.1794635394725106
2021-10-30,2.015,2.015,1.94,1.94,381,2021-10-30 23:59:59.999,760.21500,2,0,0.00000,0,80.35633227417156,0.15890310162619659,0.106258468954233,0.05264463267196358,2.031111789487283,1.52965,1.0281882105127167,0.13282857142857143,5351.6,31.775573970927862,1.8714199999999999,0.14811307167161655
2021-10-31,1.94,1.94,1.94,1.94,510,2021-10-31 23:59:59.999,989.40000,3,510,989.40000,0,89.15890203978843,0.16501081175745314,0.11800893751487704,0.0470018742425761,2.0631484864143954,1.5713300000000001,1.0795115135856048,0.12661428571428573,5376.6,29.21273478087118,1.9348199999999998,0.05158208991502266
2021-11-01,1.94,1.94,1.94,1.94,1961,2021-11-01 23:59:59.999,3804.34000,3,0,0.00000,0,86.54687499999997,0.1679155896465292,0.1279902679412075,0.039925321705321704,2.0956981113116013,1.6075699999999997,1.119441888688398,0.10740000000000002,3906.1,28.247504462219876,1.9438,0.046606866446924876
2021-11-02,1.94,1.94,1.94,1.94,4019,2021-11-02 23:59:59.999,7796.86000,4,0,0.00000,0,85.90373280943021,0.16827784480581642,0.13604778331412928,0.03223006149168714,2.1212417419838006,1.64207,1.1628982580161993,0.09455714285714288,3877.55,25.40400775694894,1.9549999999999996,0.03354101966251924
2021-11-03,1.94,2.0478,1.94,1.94,6604,2021-11-03 23:59:59.999,12812.73020,4,0,0.00000,0,85.63803169307752,0.1666439667134536,0.14216701999399414,0.024476946719459464,2.135829083398697,1.67657,1.2173109166013028,0.09606428571428574,3611.05,25.40400775694894,1.94,0.0
2021-11-04,1.94,1.94,1.94,1.94,8220,2021-11-04 23:59:59.999,15946.80000,5,0,0.00000,0,84.76645435244157,0.16346478625119243,0.14642657324543382,0.017038213005758612,2.158280646534113,1.7033199999999997,1.2483593534658866,0.08125714285714289,3986.1,25.40400775694894,1.94,0.0
2021-11-05,1.94,1.94,1.94,1.94,1417,2021-11-05 23:59:59.999,2748.98000,2,0,0.00000,0,84.76645435244157,0.1591111287807465,0.14896348435249637,0.010147644428250141,2.173954765036581,1.7300700000000002,1.2861852349634193,0.08125714285714289,3875.55,25.40400775694894,1.94,0.0
2021-11-06,1.94,1.94,1.837,1.8535,10144,2021-11-06 23:59:59.999,19111.94580,14,3713,6879.37360,0,73.5154212060764,0.14698662644600247,0.1485681127711976,-0.0015814863251951417,2.158684263361545,1.7568449999999998,1.3550057366384545,0.08861428571428574,4258.65,14.981389578163759,1.9227,0.038683976010765266
2021-11-07,1.8535,1.8535,1.829,1.829,2023,2021-11-07 23:59:59.999,3713.79300,4,992,1828.09400,0,70.85181898846494,0.13385789525557934,0.14562606926807395,-0.011768174012494609,2.1543866905275455,1.7746849999999998,1.3949833094724544,0.08515000000000002,4261.8,12.692544670363523,1.9004999999999999,0.054776819915010065
2021-11-08,1.829,1.829,1.829,1.829,1619,2021-11-08 23:59:59.999,2961.15100,1,0,0.00000,0,67.75196335078532,0.12204640620034102,0.14091013665452737,-0.01886373045418635,2.148754328740374,1.7910650000000001,1.4333756712596262,0.08050714285714286,3362.05,-3.487942588781597,1.8783,0.05720533191933621
2021-11-09,1.829,1.829,1.829,1.829,323,2021-11-09 23:59:59.999,590.76700,2,0,0.00000,0,67.16094635121624,0.11140154832287097,0.1350084189881961,-0.02360687066532513,2.139864138076469,1.80688,1.473895861923531,0.0605357142857143,3057.15,-2.919320594479827,1.8561,0.048086380608249255
2021-11-10,1.829,1.8597,1.48,1.6334,14458,2021-11-10 23:59:59.999,25199.80800,14,1612,2612.84120,0,25.014321176245957,0.08618860783969406,0.1252444567584957,-0.03905584891880162,2.13200721215151,1.8112000000000001,1.4903927878484904,0.06822142857142857,3457.3,-18.937965260545912,1.79478,0.09083579690849515
2021-11-11,1.7049,1.769,1.6777,1.769,10269,2021-11-11 23:59:59.999,17535.03240,6,7769,13340.78240,0,41.129281086084546,0.07626976720085432,0.11544951884696741,-0.03917975164611309,2.1190799184581106,1.8222999999999998,1.525520081541889,0.07475714285714286,3914.2,-8.814432989690724,1.7778800000000001,0.08484263079373112
2021-11-12,1.75,1.75,1.6712,1.7072,601921,2021-11-12 23:59:59.999,1018427.05040,757,599028,1013483.54740,0,23.419689119170982,0.06269951009406172,0.10489951709638627,-0.042200007002324555,2.103515817153147,1.83031,1.5571041828468533,0.06595714285714285,33977.95,-11.999999999999995,1.75352,0.08397685395394
2021-11-13,1.7217,1.7402,1.54,1.7395,2516862,2021-11-13 23:59:59.999,4321150.94150,1309,2516551,4320621.85530,0,31.307104232705584,0.05392965612043121,0.09470554490119526,-0.04077588878076405,2.0830186223888547,1.839935,1.5968513776111455,0.07489999999999998,159733.65,-10.335051546391748,1.7356199999999997,0.07263905285727072
2021-11-14,1.7395,1.7395,1.7395,1.7395,0,2021-11-14 23:59:59.999,0.00000,0,0,0.00000,0,31.307104232705584,0.046444104931741226,0.08505325690730446,-0.038609151975563236,2.0701500923591922,1.8463100000000001,1.6224699076408082,0.07489999999999998,159702.65,-10.335051546391748,1.71772,0.05195889721694805
2021-11-15,1.7137,1.747,1.6207,1.6932,153499,2021-11-15 23:59:59.999,261587.56600,75,147498,251218.08300,0,28.81908685204256,0.03635663200690731,0.07531393192722503,-0.038957299920317726,2.0607451560949697,1.84982,1.6388948439050302,0.08392142857142856,166990.8,-12.72164948453608,1.72968,0.029895936178707814
2021-11-16,1.6769,1.6769,1.5403,1.6012,255452,2021-11-16 23:59:59.999,403488.87150,264,251100,396604.48430,0,24.888823006225905,0.02069998932213113,0.06439114340620625,-0.04369115408407512,2.072109351026775,1.8351249999999997,1.5981406489732242,0.09484285714285713,179672.15,-17.463917525773194,1.6961199999999999,0.056799533448800135
2021-11-17,1.6012,1.6012,1.6012,1.6012,0,2021-11-17 23:59:59.999,0.00000,0,0,0.00000,0,24.888823006225905,0.008197491613863406,0.05315241304773768,-0.04495492143387427,2.0785447490210616,1.8209849999999999,1.5634252509789381,0.08714285714285712,179545.8,-17.463917525773194,1.6749200000000002,0.06990097996452806
2021-11-18,1.6012,1.6012,1.6012,1.6012,0,2021-11-18 23:59:59.999,0.00000,0,0,0.00000,0,24.888823006225905,-0.0016913312813762182,0.042183664181914896,-0.043874995463291114,2.0587124385104816,1.8002950000000002,1.541877561489519,0.08714285714285712,179484.1,-13.612085244132722,1.64726,0.06515994168199765
2021-11-19,1.6012,1.6012,1.6012,1.6012,0,2021-11-19 23:59:59.999,0.00000,0,0,0.00000,0,24.888823006225905,-0.009419710116320479,0.03186298932226782,-0.0412826994385883,2.0475658525999285,1.7833549999999998,1.519144147400071,0.08714285714285712,179465.05,-12.45489338436304,1.6196000000000002,0.041143650786012086
2021-11-20,1.6012,1.6012,1.6012,1.6012,0,2021-11-20 23:59:59.999,0.00000,0,0,0.00000,0,28.54956640027207,-0.015367360655193396,0.022416919326775572,-0.03778427998196897,2.0317801091569816,1.7664149999999998,1.501049890843018,0.07978571428571427,179439.55,-12.45489338436304,1.6012,0.0
2021-11-21,1.6012,1.6151,1.6012,1.612,9085,2021-11-21 23:59:59.999,14643.76930,6,0,0.00000,0,31.11072423398329,-0.018990535742285264,0.014135428312963404,-0.03312596405524867,2.0107110664310714,1.750015,1.489318933568929,0.07902857142857142,179795.75,-11.864406779661008,1.60336,0.004829906831533898
2021-11-22,1.612,1.612,1.612,1.612,1540,2021-11-22 23:59:59.999,2482.48000,6,0,0.00000,0,31.11072423398329,-0.021612789320579084,0.006985784786254904,-0.028598574106833988,1.9850932508122334,1.733615,1.4821367491877664,0.07902857142857142,179671.8,-1.310150606097702,1.6055199999999998,0.005915403621165627
2021-11-23,1.612,1.612,1.6073,1.6073,5824,2021-11-23 23:59:59.999,9388.23160,7,0,0.00000,0,30.858228285270243,-0.023795890678836917,0.0008294496932365381,-0.024625340372073454,1.9546097305517698,1.71698,1.4793502694482301,0.0793642857142857,179632.8,-9.140757490107402,1.6067399999999998,0.0054090664630137225
2021-11-24,1.6073,1.6073,1.6073,1.6073,0,2021-11-24 23:59:59.999,0.00000,0,0,0.00000,0,46.59713168187744,-0.025235119484550594,-0.00438346414232089,-0.020851655342229703,1.9179780999883234,1.700345,1.4827119000116766,0.052242857142857146,179221.8,-5.851686972820999,1.6079599999999998,0.0044500561795667425
2021-11-25,1.6073,1.6073,1.6073,1.6073,0,2021-11-25 23:59:59.999,0.00000,0,0,0.00000,0,17.38604275917713,-0.026075140691482313,-0.008721799452153177,-0.017353341239329134,1.8732624801653703,1.68371,1.4941575198346297,0.04255714285714286,179150.95,-7.5998850244323135,1.6091799999999998,0.0025742960205268808
2021-11-26,1.7,1.7,1.6954,1.6954,155,2021-11-26 23:59:59.999,262.98940,2,0,0.00000,0,47.84828592268417,-0.019408204136327045,-0.010859080388987951,-0.008549123747339094,1.8479288290484983,1.675805,1.5036811709515017,0.04219285714285716,178651.5,-2.5352112676056353,1.62586,0.038927278353377164
2021-11-27,1.6954,1.6954,1.5708,1.5708,4332,2021-11-27 23:59:59.999,7048.55070,11,0,0.00000,0,26.98499317871763,-0.023903245819480334,-0.013467913475086428,-0.010435332344393906,1.8250842263928015,1.662895,1.5007057736071985,0.03679285714285717,178766.95,-7.228915662650606,1.6176199999999998,0.046263776326639215
2021-11-28,1.5836,1.5836,1.5836,1.5836,1032,2021-11-28 23:59:59.999,1634.27520,1,1032,1634.27520,0,29.448984972317433,-0.026131517841102125,-0.01600063434828957,-0.010130883492812555,1.7961810355110182,1.6506250000000002,1.5050689644889823,0.03770714285714288,178737.6,-1.099175618286289,1.6128799999999999,0.0487336331500259
2021-11-29,1.7091,1.732,1.7091,1.732,249,2021-11-29 23:59:59.999,427.01410,6,249,427.01410,0,54.02991275446614,-0.015741343295750942,-0.015948776137781846,0.00020743284203090379,1.7714060031296768,1.645775,1.5201439968703232,0.039285714285714306,178733.9,8.168873344991258,1.63782,0.07167337022912561
2021-11-30,1.7677,1.7677,1.7677,1.7677,333,2021-11-30 23:59:59.999,588.64410,3,0,0.00000,0,69.5836273817925,-0.004573641377931814,-0.013673749185811839,0.009100107807880025,1.7892038371312808,1.6524899999999998,1.5157761628687187,0.030914285714285734,178027.65,10.398451161628785,1.6699000000000002,0.08851553535962667
2021-12-01,1.7677,2.0777,1.7677,1.8818,24218,2021-12-01 23:59:59.999,46678.86960,25,0,0.00000,0,76.02002967359047,0.013330098203014007,-0.008272979708046668,0.021603077911060677,1.8217425088513473,1.6581299999999999,1.4945174911486525,0.05305714285714288,178725.1,17.52435673245066,1.70718,0.13099844273884068
2021-12-02,1.972,2.0703,1.8818,1.8818,54466,2021-12-02 23:59:59.999,107650.20480,12,1000,2030.00000,0,76.02002967359047,0.027205334647310453,-0.0011773168369752414,0.028382651484285693,1.8578403781599195,1.6668599999999998,1.47587962184008,0.0665214285714286,151352.35,17.52435673245066,1.76938,0.12368387930527293
2021-12-03,2.0928,2.31,2.0703,2.2609,6197,2021-12-03 23:59:59.999,13496.65760,11,1045,2386.61530,0,85.91963410650112,0.06800780952933927,0.012659708436287666,0.055348101093051605,2.0197208399154305,1.6929299999999998,1.3661391600845691,0.0971071428571429,25819.1,40.25434243176178,1.90484,0.21007228041795825
2021-12-04,2.2035,2.2035,1.7677,1.7677,3471,2021-12-04 23:59:59.999,6782.06070,11,0,0.00000,0,55.89798087141339,0.059856952989284284,0.022099157346886996,0.037757795642397285,2.0222184203425364,1.69434,1.3664615796574637,0.1323357142857143,25992.65,9.658808933002478,1.9119799999999998,0.2032241791716755
2021-12-05,2.2609,2.2609,1.86,2.02,4723,2021-12-05 23:59:59.999,9774.87320,11,4200,8700.66350,0,62.34119782214156,0.07291531948366536,0.03226238977424267,0.04065292970942269,2.069437637586041,1.71068,1.351922362413959,0.1665714285714286,18553.85,25.676600510172342,1.9624400000000002,0.18928867636496716
2021-12-06,2.02,2.1641,1.7929,2.1494,49355,2021-12-06 23:59:59.999,98904.79500,115,30849,60279.88940,0,65.07517953321364,0.0926377967144918,0.0443374711622925,0.04830032555219929,2.1424925243296737,1.7380900000000001,1.3336874756703265,0.1930857142857143,8249.0,33.727368879487344,2.0159599999999998,0.1983999067540136
2021-12-07,2.1494,2.4667,2.1244,2.3309,36685,2021-12-07 23:59:59.999,83575.57190,28,15302,35737.78770,0,68.46672111065742,0.12151281110656909,0.05977253915114783,0.061740271955421255,2.2520427453972562,1.7745749999999998,1.2971072546027433,0.2172,10083.25,45.01959808374294,2.10578,0.22265456878312956
2021-12-08,2.3309,2.5275,2.3309,2.4675,17500,2021-12-08 23:59:59.999,42305.07330,23,17298,41806.63830,0,70.52199637369978,0.15364779034700993,0.07854758939032025,0.07510020095668968,2.378987750748245,1.8178899999999998,1.2567922492517547,0.2312428571428571,10958.25,45.54087530966142,2.1471,0.27227865322129347
2021-12-09,2.5,2.5,1.95,1.95,641,2021-12-09 23:59:59.999,1444.97110,12,342,788.21720,0,56.55684383729385,0.13579174513257564,0.08999642053877134,0.045795324593804296,2.3897118144659237,1.8353300000000001,1.2809481855340765,0.2705285714285714,10990.3,24.140565317035907,2.18356,0.21494188284278481
2021-12-10,2.117,2.2926,1.95,2.2,9106,2021-12-10 23:59:59.999,19319.50910,39,1480,3266.94300,0,59.09123666762756,0.14019750178642232,0.10003663678830156,0.04016086499812076,2.4309741186828506,1.86527,1.2995658813171493,0.28837857142857143,11445.6,38.923970699671656,2.2195600000000004,0.19483226888788593
2021-12-11,2.089,2.089,2.089,2.089,235,2021-12-11 23:59:59.999,490.91500,3,235,490.91500,0,59.38224217844728,0.1331969122498473,0.10666869188061073,0.026528220369236577,2.450065335923868,1.8891200000000001,1.328174664076132,0.28740714285714286,11003.1,20.612009237875288,2.20748,0.20201009133209527
2021-12-12,2.089,2.089,2.0855,2.0855,2541,2021-12-12 23:59:59.999,5301.77200,9,1966,4102.60950,0,59.11782872506632,0.12591500406877176,0.11051795431824293,0.01539704975052883,2.464384650965857,1.9127949999999998,1.3612053490341425,0.28674285714285713,11053.15,17.9781637155626,2.1584,0.1941872163660661
2021-12-13,1.942,1.942,1.8058,1.942,351,2021-12-13 23:59:59.999,674.69580,4,351,674.69580,0,53.82179515177987,0.10732758308281509,0.10987988007115738,-0.0025522969883422925,2.462074529791201,1.9295300000000002,1.3969854702087994,0.29612142857142854,10779.5,3.1990647252630477,2.0533,0.10827141820444233
2021-12-14,1.942,1.9423,1.8651,1.8841,5903,2021-12-14 23:59:59.999,11377.98270,12,8,14.92080,0,52.101386481802436,0.08692287908432683,0.10528847987379128,-0.018365600789464448,2.454615797717904,1.9433700000000003,1.4321242022820964,0.2990857142857143,11074.65,0.12222340312467801,2.0401200000000004,0.12647132876664655
2021-12-15,1.945,2.0056,1.8767,2.0022,2893,2021-12-15 23:59:59.999,5733.50470,16,503,951.33990,0,52.170464378425145,0.07936679613298359,0.10010414312562975,-0.020737346992646163,2.449614610104247,1.9631149999999997,1.4766153898957526,0.28615,11219.3,-11.442345968419644,2.00056,0.08948649618797848
2021-12-16,2.132,2.1485,2.087,2.1485,381,2021-12-16 23:59:59.999,802.10700,3,0,0.00000,0,54.566937223877524,0.08421297848013065,0.09692591019652994,-0.012712931716399284,2.461866005798041,1.98577,1.5096739942019592,0.2831357142857142,11230.6,21.542116875035344,2.01246,0.10652217140108011
2021-12-17,2.1485,2.1485,1.82,1.82,6028,2021-12-17 23:59:59.999,12499.79900,6,4654,9999.11900,0,42.316941414282226,0.06084502472384856,0.08970973310199366,-0.0288647083781451,2.440436130072493,1.9982300000000002,1.5560238699275073,0.2760142857142856,11315.4,-9.9009900990099,1.9593600000000002,0.12549487240521429
2021-12-18,2.227,2.227,2.227,2.227,112,2021-12-18 23:59:59.999,249.42400,2,0,0.00000,0,58.25158995364881,0.07431064471851179,0.0866299154252973,-0.012319270706785512,2.4378475723458575,2.0303999999999998,1.6229524276541418,0.26985714285714274,11269.4,3.6103098539127148,2.01636,0.17181432710924047
2021-12-19,2.2282,2.5,2.21,2.24,8135,2021-12-19 23:59:59.999,18124.34660,12,4438,9910.80240,0,54.32423932699112,0.0850508239767982,0.08631409713559748,-0.0012632731587992885,2.4479736028047396,2.0558,1.6636263971952607,0.25534285714285704,11663.7,-3.899781200394696,2.0875399999999997,0.17696739247669682
2021-12-20,2.24,2.24,2.24,2.24,7599,2021-12-20 23:59:59.999,17021.76000,7,460,1030.40000,0,51.87624254473162,0.09249625417657503,0.087550528543793,0.004945725632782033,2.4550759068659875,2.079415,1.7037540931340123,0.22882857142857135,12027.0,-9.219858156028353,2.1351,0.1802229175216109
2021-12-21,2.24,2.4084,2.24,2.3668,793006,2021-12-21 23:59:59.999,1838452.63690,2986,370692,864713.03010,0,50.760689918209934,0.10739057978407374,0.09151853879184915,0.015872040992224584,2.4881270316617528,2.1036650000000003,1.7192029683382481,0.21640714285714277,50466.4,21.37435897435898,2.17876,0.20850392802055667
2021-12-22,2.378,2.6717,2.24,2.4978,848578,2021-12-22 23:59:59.999,2166447.86810,3396,238185,603711.82210,0,50.64355804766153,0.12828624138785116,0.09887207931104956,0.0294141620768016,2.5420891885028913,2.134465,1.7268408114971088,0.2331999999999999,90172.0,13.53636363636362,2.31432,0.11735711312060204
2021-12-23,2.4978,2.7406,2.4,2.684,1139834,2021-12-23 23:59:59.999,2970210.20530,4686,728153,1906413.03730,0,68.14316788609848,0.1580490960188694,0.11070748265261354,0.047341613366255864,2.629417703222543,2.15562,1.6818222967774568,0.21824285714285704,146853.85,28.48252752513165,2.4057199999999996,0.18865278158564738
2021-12-24,2.6832,2.6846,2.4242,2.4588,1070503,2021-12-24 23:59:59.999,2756389.15720,4285,596252,1558699.74950,0,56.47647647647648,0.16160177020534983,0.1208863401631608,0.04071543004218903,2.64528758930882,2.190175,1.7350624106911796,0.2123714285714285,200205.45,17.899784224406616,2.44948,0.16442260185267138
2021-12-25,2.4789,2.689,2.426,2.6449,1008516,2021-12-25 23:59:59.999,2582259.83070,4187,974291,2496580.71800,0,63.407457430900585,0.1773891728277448,0.1321869066960776,0.045202266131667196,2.7117787885147933,2.22142,1.731061211485207,0.22322857142857133,250395.1,36.194644696189485,2.53046,0.13196351010791701
2021-12-26,2.6416,2.8876,2.5303,2.8698,1222462,2021-12-26 23:59:59.999,3391181.22260,4992,846574,2343332.12400,0,67.09086947047288,0.20567743217204004,0.1468850117912701,0.058792420380769955,2.8252440262366396,2.25744,1.6896359737633602,0.24849999999999992,309050.45,52.31675601082745,2.63106,0.16387702096390036
2021-12-27,2.8872,3.0,2.5284,2.7581,541881,2021-12-27 23:59:59.999,1525564.49600,2302,316803,896839.66830,0,68.03376497105229,0.21658615465350195,0.16082524036371648,0.05576091428978547,2.8888122138553003,2.2788,1.6687877861446996,0.26220714285714275,334310.25,37.75347118170013,2.6831199999999997,0.1518654239779508
2021-12-28,2.7581,2.7581,2.3,2.4936,684935,2021-12-28 23:59:59.999,1774157.88700,2796,610108,1586512.15340,0,62.341554286639926,0.20156494116002,0.1689731805229772,0.032591760637042805,2.8919259351900726,2.280105,1.668284064809927,0.2894142857142857,367682.0,16.062369094717244,2.6450400000000003,0.17386708429142853
2021-12-29,2.4724,2.6214,2.3,2.5,996438,2021-12-29 23:59:59.999,2532279.06610,3995,590868,1504800.23500,0,60.55734645402103,0.1880096890935028,0.17278048223708234,0.015229206856420457,2.906253050456863,2.3076049999999997,1.708956949543136,0.30316428571428566,417471.85,37.36263736263736,2.65328,0.1635013975475523
2021-12-30,2.4809,2.6,2.4,2.56,792806,2021-12-30 23:59:59.999,2015592.77940,3250,635067,1614391.70560,0,59.05868885660194,0.18003324158733136,0.17423103410713217,0.00580220748019919,2.932225833539556,2.3256050000000004,1.7189841664604448,0.307,456656.85,14.952851369555464,2.6363,0.16890837753054974
2021-12-31,2.554,2.6795,2.501,2.6386,806821,2021-12-31 23:59:59.999,2079783.09450,3494,651089,1673546.05040,0,70.24834273275947,0.1780023127253747,0.17498528983078068,0.003017022894594018,2.964352519262457,2.3530849999999996,1.7418174807375422,0.2962857142857143,496986.15,17.79464285714284,2.59006,0.11058086633772872
2022-01-01,2.5825,2.6102,2.4388,2.5795,224637,2022-01-01 23:59:59.999,574984.91330,1019,18524,47341.10500,0,60.53181953988646,0.16966808284520596,0.17392184843366576,-0.004253765588459801,2.983423093340635,2.3777850000000003,1.7721469066593654,0.2814857142857143,508090.95,15.156249999999986,2.55434,0.060014564898885514
2022-01-02,2.5594,2.5833,2.432,2.5568,1248791,2022-01-02 23:59:59.999,3165957.33810,5287,936822,2375160.40960,0,59.410646387832685,0.15939404994370365,0.17101628873567334,-0.011622238791969691,2.982619614886887,2.408525,1.8344303851131132,0.27157857142857145,570512.95,8.027716748352203,2.56698,0.049811765678427364
2022-01-03,2.5568,2.5852,2.271,2.436,715374,2022-01-03 23:59:59.999,1760662.43540,2723,508705,1255554.70700,0,55.43237250554323,0.13989167032066074,0.16479136505267084,-0.02489969473201009,2.9544230188687304,2.43612,1.9178169811312693,0.2940214285714286,605986.5,-2.4741772760028766,2.5541799999999997,0.07378192190504754
2022-01-04,2.436,2.5125,2.186,2.3727,851117,2022-01-04 23:59:59.999,2077997.19800,3365,672915,1646980.46650,0,50.16949152542374,0.11796824844710185,0.15542674173155704,-0.03745849328445519,2.932557700572438,2.454645,1.9767322994275627,0.30531428571428576,648397.7,-11.598360655737709,2.51672,0.10915579233372107
2022-01-05,2.3534,2.456,2.0245,2.1868,923398,2022-01-05 23:59:59.999,2155720.67000,3647,674388,1568890.87520,0,41.33897738665479,0.08461778118494445,0.14126494962223454,-0.05664716843729009,2.92958953017869,2.45656,1.9835304698213103,0.3053,694548.55,-11.06230681633318,2.42636,0.15876694555228502
2022-01-06,2.1868,2.4562,2.0655,2.2578,1185495,2022-01-06 23:59:59.999,2586308.17650,4195,607913,1317370.70230,0,37.31698607308655,0.06318801018257103,0.12564956173430183,-0.062461551551730804,2.8589092543368424,2.4784499999999996,2.097990745663157,0.3088785714285715,753521.9,-14.63571401565276,2.36202,0.14585112958082322
2022-01-07,2.2452,2.2896,2.0485,2.0565,1139927,2022-01-07 23:59:59.999,2426584.27320,3912,978771,2081137.36090,0,37.85546096721609,0.02962009261452847,0.10644366791034715,-0.07682357529581868,2.8805522730450828,2.469925,2.059297726954917,0.3075,810512.65,-28.339954003763324,2.2619599999999997,0.1503607428819164
2022-01-08,2.0565,2.1588,1.8852,1.98,1274494,2022-01-08 23:59:59.999,2608770.64380,4307,942044,1953581.29020,0,28.505851167000728,-0.003119672917294647,0.08453099974481879,-0.08765067266211343,2.912233131061313,2.456925,2.001616868938687,0.30825714285714284,873830.6,-28.21144991117074,2.17076,0.1565708561642348
2022-01-09,2.0412,2.2,1.978,2.1602,1068707,2022-01-09 23:59:59.999,2175288.85350,3512,437381,901831.79920,0,26.378162450066583,-0.014360005765106987,0.06475279864283363,-0.07911280440794062,2.917550736077186,2.4529349999999996,1.9883192639228133,0.2985928571428572,926886.0,-13.370227783124788,2.12826,0.10995252611923644
2022-01-10,2.1158,2.2,1.9213,2.0764,1236895,2022-01-10 23:59:59.999,2553705.18800,4188,723840,1501268.41790,0,26.877416728851514,-0.0296877878451296,0.04586468134524098,-0.07555246919037058,2.9316352935808894,2.438415,1.9451947064191104,0.28481428571428574,949080.45,-16.944,2.10618,0.10628161647247047
2022-01-11,1.9902,2.47,1.937,2.365,1310599,2022-01-11 23:59:59.999,2912990.74930,4602,699978,1570960.53100,0,45.70818315311709,-0.018336189328393537,0.03302450721051407,-0.05136069653890761,2.9252046979734034,2.431775,1.9383453020265968,0.29016428571428576,972181.5,-7.617187499999993,2.1276200000000003,0.14738039896811717
2022-01-12,2.363,2.6245,2.1336,2.3418,586093,2022-01-12 23:59:59.999,1375694.51240,2066,496415,1168204.25140,0,44.77887788778878,-0.01108423961495797,0.024202757845419663,-0.03528699746037763,2.8948226770625705,2.4146650000000003,1.93450732293743,0.3022714285714286,944494.45,-11.248389297354649,2.18468,0.16689796883126398
2022-01-13,2.3883,2.5,2.2383,2.265,642282,2022-01-13 23:59:59.999,1516161.07910,2624,515214,1214349.66800,0,40.370805588196895,-0.011402692237024503,0.017081667828930832,-0.028484360065955335,2.8891874191324742,2.404975,1.9207625808675255,0.3066785714285714,923083.4,-12.192285326613677,2.24168,0.12220078559486325
2022-01-14,2.2536,2.3551,2.0268,2.3414,1149404,2022-01-14 23:59:59.999,2624011.91650,4426,764716,1755290.87970,0,40.285041841004194,-0.0054276600493330385,0.012579802253278058,-0.018007462302611098,2.8612066475649645,2.3898,1.9183933524350358,0.3173785714285714,930127.8,-8.424593241551932,2.2779200000000004,0.11881764178774906
2022-01-15,2.332,2.4016,2.1864,2.3587,789146,2022-01-15 23:59:59.999,1858579.67890,2632,469699,1109297.53370,0,42.579647802123944,0.0006955436310449592,0.01020295052883144,-0.00950740689778648,2.777975430798168,2.364245,1.950514569201832,0.3184785714285714,908462.0,-3.1732348111658517,2.3343800000000003,0.040146506697370195
2022-01-16,2.3364,2.3748,2.2835,2.331,853872,2022-01-16 23:59:59.999,1993231.04640,3410,817832,1909529.15360,0,42.43703108252947,0.0032753123990780786,0.008817422902880767,-0.005542110503802688,2.7127929397586903,2.34289,1.9729870602413102,0.3141928571428571,924061.55,-1.7574914654191458,2.32758,0.03636484566173724
2022-01-17,2.331,2.429,2.277,2.429,14444,2022-01-17 23:59:59.999,33317.19830,39,5542,12962.73600,0,49.76190476190476,0.01307683707603724,0.009669305737512061,0.0034075313385251785,2.7051234110853244,2.33966,1.9741965889146753,0.3026071428571428,890537.0,11.075544174135722,2.3450200000000003,0.0588486363478545
2022-01-18,2.429,2.429,2.429,2.429,0,2022-01-18 23:59:59.999,0.00000,0,0,0.00000,0,52.00113741380536,0.020607070517233428,0.011856858693456335,0.008750211823777092,2.6963576686071096,2.33611,1.975862331392891,0.27928571428571425,840715.1,7.582602533439623,2.37782,0.047756905259890285
2022-01-19,2.429,2.429,2.429,2.429,0,2022-01-19 23:59:59.999,0.00000,0,0,0.00000,0,59.919724770642205,0.026271987651877104,0.014739884485140492,0.011532103166736613,2.677211091878374,2.32956,1.9819089081216257,0.24846428571428567,801074.8,18.11329929491853,2.39534,0.047119825975932964
2022-01-20,2.429,2.429,2.429,2.429,0,2022-01-20 23:59:59.999,0.00000,0,0,0.00000,0,57.44477300400069,0.030410917171590945,0.017874091022430583,0.012536826149160362,2.639039560602692,2.3190800000000005,1.9991204393973088,0.22055714285714284,760733.75,22.67676767676767,2.4093999999999998,0.043826932359021666
2022-01-21,2.429,2.429,2.429,2.429,0,2022-01-21 23:59:59.999,0.00000,0,0,0.00000,0,69.63626779124931,0.03330710506114931,0.02096069383017433,0.01234641123097498,2.6122238647175506,2.311555,2.010886135282449,0.20333571428571431,749501.9,12.44329228775112,2.429,0.0
2022-01-22,2.429,2.429,2.429,2.429,0,2022-01-22 23:59:59.999,0.00000,0,0,0.00000,0,75.7454128440367,0.03519662998816875,0.023807881061773218,0.01138874892639553,2.588840116434672,2.3051649999999997,2.0214898835653274,0.18379285714285715,687062.35,16.98131381236755,2.429,0.0
2022-01-23,2.429,2.429,2.429,2.429,0,2022-01-23 23:59:59.999,0.00000,0,0,0.00000,0,69.42758022549869,0.03627592581431616,0.02630149001228181,0.009974435802034345,2.5878269303790153,2.304815,2.0218030696209848,0.16793571428571427,651293.65,2.706131078224085,2.429,0.0
2022-01-24,2.429,2.429,2.429,2.429,0,2022-01-24 23:59:59.999,0.00000,0,0,0.00000,0,78.99671052631578,0.03670812709332871,0.02838281742849119,0.008325309664837521,2.5945775954357004,2.30763,2.0206824045642997,0.14802857142857143,608737.8,3.723631394653673,2.429,0.0
2022-01-25,2.429,2.429,2.429,2.429,0,2022-01-25 23:59:59.999,0.00000,0,0,0.00000,0,60.01878522229175,0.036628420094340086,0.03003193796166097,0.006596482132679115,2.6056577754456764,2.31974,2.0338222245543234,0.10995714285714284,562567.9,7.24061810154524,2.429,0.0
2022-01-26,2.429,2.429,2.429,2.429,0,2022-01-26 23:59:59.999,0.00000,0,0,0.00000,0,64.71978392977717,0.03614855369804637,0.03125526110893805,0.004893292589108318,2.6166504227772256,2.3283,2.0399495772227745,0.07489285714285712,503293.15,3.7413513282651265,2.429,0.0
2022-01-27,2.429,2.429,2.429,2.429,0,2022-01-27 23:59:59.999,0.00000,0,0,0.00000,0,87.37465815861444,0.03536064066735367,0.032076337020621175,0.0032843036467324963,2.60820556205022,2.3469249999999997,2.0856444379497794,0.05619999999999999,446296.8,2.9804553355662033,2.429,0.0
2022-01-28,2.429,2.429,2.429,2.429,0,2022-01-28 23:59:59.999,0.00000,0,0,0.00000,0,80.62937062937065,0.034340359624305705,0.03252914154135808,0.0018112180829476243,2.567414378061977,2.369375,2.1713356219380224,0.032749999999999994,382572.1,4.204204204204198,2.429,0.0
2022-01-29,2.429,2.429,2.429,2.429,0,2022-01-29 23:59:59.999,0.00000,0,0,0.00000,0,77.96340493237875,0.033149651005116354,0.03265324343410973,0.0004964075710066213,2.556008755509215,2.382815,2.209621244490785,0.017378571428571403,329136.75,0.0,2.429,0.0
2022-01-30,2.429,2.429,2.429,2.429,0,2022-01-30 23:59:59.999,0.00000,0,0,0.00000,0,100.0,0.03183898583617761,0.03249039191452331,-0.0006514060783456982,2.49724422737848,2.400445,2.30364577262152,0.010857142857142834,267292.0,0.0,2.429,0.0
2022-04-30,1.25,1.25,1.25,1.25,2098,2022-04-30 23:59:59.999,2622.50000,2,0,0.00000,0,0.0,-0.0940081194044513,-0.018746789784659285,-0.07526132961979203,2.8973148290944666,2.37005,1.8427851709055334,0.0842142857142857,104.9,-48.5384932070811,2.1932,0.5272648290944517
2022-05-01,1.25,1.25,1.25,1.25,0,2022-05-01 23:59:59.999,0.00000,0,0,0.00000,0,0.0,-0.16662640876133095,-0.04832271357999363,-0.11830369518133732,3.0368770862650485,2.3111,1.5853229137349518,0.0842142857142857,104.9,-48.5384932070811,1.9573999999999998,0.6457648952985912
2022-05-02,1.25,1.25,1.25,1.25,0,2022-05-02 23:59:59.999,0.00000,0,0,0.00000,0,0.0,-0.2216222034567632,-0.08298261155534757,-0.13863959190141562,3.115997519439697,2.25215,1.3883024805603026,0.0842142857142857,104.9,-48.5384932070811,1.7216,0.6457648952985905
2022-05-03,1.25,1.25,1.25,1.25,0,2022-05-03 23:59:59.999,0.00000,0,0,0.00000,0,0.0,-0.26218446763743786,-0.11882298277176563,-0.14336148486567224,3.160902781686723,2.1932,1.225497218313277,0.0842142857142857,104.9,-48.5384932070811,1.4857999999999998,0.5272648290944492
2022-05-04,1.25,1.25,1.25,1.25,0,2022-05-04 23:59:59.999,0.00000,0,0,0.00000,0,0.0,-0.2909761621648901,-0.15325361865039056,-0.13772254351449953,3.1818189903169594,2.13425,1.086681009683041,0.0842142857142857,104.9,-48.5384932070811,1.25,0.0
2022-05-05,1.25,1.25,1.25,1.25,0,2022-05-05 23:59:59.999,0.00000,0,0,0.00000,0,0.0,-0.31021778993238236,-0.18464645290678894,-0.12557133702559342,3.1839428118246804,2.0753,0.9666571881753196,0.0842142857142857,104.9,-48.5384932070811,1.25,0.0
2022-05-06,1.25,1.25,1.25,1.25,0,2022-05-06 23:59:59.999,0.00000,0,0,0.00000,0,0.0,-0.32175789385355325,-0.21206874109614182,-0.10968915275741142,3.1702620234639824,2.01635,0.8624379765360177,0.0842142857142857,104.9,-48.5384932070811,1.25,0.0
2022-05-07,1.25,1.25,1.25,1.25,0,2022-05-07 23:59:59.999,0.00000,0,0,0.00000,0,0.0,-0.32713252918947267,-0.23508149871480802,-0.09205103047466465,3.1425890189021835,1.9574000000000003,0.772210981097817,0.0842142857142857,104.9,-48.5384932070811,1.25,0.0
2022-05-08,1.25,1.25,1.25,1.25,0,2022-05-08 23:59:59.999,0.00000,0,0,0.00000,0,0.0,-0.32761541978952935,-0.25358828292975233,-0.07402713685977702,3.102015138289268,1.89845,0.6948848617107319,0.0842142857142857,104.9,-48.5384932070811,1.25,0.0
2022-05-09,1.25,1.25,1.25,1.25,0,2022-05-09 23:59:59.999,0.00000,0,0,0.00000,0,0.0,-0.3242602438233111,-0.2677226751084641,-0.056537568714847,3.049128477108397,1.8395,0.6298715228916032,0.0842142857142857,104.9,-48.5384932070811,1.25,0.0
2022-05-10,1.25,1.25,1.25,1.25,0,2022-05-10 23:59:59.999,0.00000,0,0,0.00000,0,0.0,-0.31793627127059576,-0.2777653943408904,-0.040170876929705335,2.9841151382892668,1.7805500000000003,0.5769848617107338,0.0842142857142857,104.9,-48.5384932070811,1.25,0.0
2022-05-11,1.25,1.25,1.25,1.25,0,2022-05-11 23:59:59.999,0.00000,0,0,0.00000,0,0.0,-0.3093583865495724,-0.2840839927826268,-0.02527439376694557,2.90678901890218,1.7216,0.5364109810978201,0.0842142857142857,104.9,-48.5384932070811,1.25,0.0
2022-05-12,1.25,1.25,1.2326,1.2326,1875,2022-05-12 23:59:59.999,2338.73880,2,0,0.00000,0,0.0,-0.3005004040866672,-0.2873672750434349,-0.013133129043232328,2.817027468772495,1.6617799999999998,0.5065325312275046,0.08545714285714286,198.65,-1.3920000000000066,1.2465199999999999,0.007781516561566524
2022-05-13,1.2326,1.2326,1.2326,1.2326,0,2022-05-13 23:59:59.999,0.00000,0,0,0.00000,0,0.0,-0.2901358833070504,-0.287920996696158,-0.0022148866108924192,2.7129893650958357,1.60196,0.49093063490416466,0.08545714285714286,198.65,-1.3920000000000066,1.24304,0.009530372500480867
2022-05-14,1.2326,1.2326,1.2326,1.2326,0,2022-05-14 23:59:59.999,0.00000,0,0,0.00000,0,0.0,-0.27870914043633,-0.28607862544419244,0.007369485007862442,2.5928738476161817,1.54214,0.49140615238381824,0.0012428571428571486,198.65,-1.3920000000000066,1.23956,0.009530372500480258
2022-05-15,1.2326,1.2326,1.2326,1.2326,0,2022-05-15 23:59:59.999,0.00000,0,0,0.00000,0,0.0,-0.26658039157253133,-0.28217897866986025,0.01559858709732892,2.4536916175431567,1.48232,0.5109483824568434,0.0012428571428571486,198.65,-1.3920000000000066,1.2360799999999998,0.00778151656156429
2022-05-16,1.2326,1.2326,1.2326,1.2326,0,2022-05-16 23:59:59.999,0.00000,0,0,0.00000,0,0.0,-0.2540398573735716,-0.2765511544106025,0.02251129703703092,2.2902268306509628,1.4224999999999999,0.5547731693490371,0.0012428571428571486,198.65,-1.3920000000000066,1.2326,0.0
2022-05-17,1.2326,1.2326,1.2326,1.2326,0,2022-05-17 23:59:59.999,0.00000,0,0,0.00000,0,0.0,-0.24131961140716673,-0.26950484580991535,0.028185234402748616,2.092202253475364,1.3626800000000001,0.6331577465246361,0.0012428571428571486,198.65,-1.3920000000000066,1.2326,0.0
2022-05-18,1.2326,1.2326,1.2326,1.2326,0,2022-05-18 23:59:59.999,0.00000,0,0,0.00000,0,0.0,-0.22860352569095577,-0.26132458178612344,0.03272105609516768,1.8332574136635984,1.30286,0.7724625863364014,0.0012428571428571486,198.65,-1.3920000000000066,1.2326,0.0
2022-05-19,1.2326,1.2326,1.2326,1.2326,0,2022-05-19 23:59:59.999,0.00000,0,0,0.00000,0,0.0,-0.2160356120877598,-0.25226678784645074,0.03623117575869095,1.2605313392096829,1.2430400000000001,1.2255486607903174,0.0012428571428571486,198.65,-1.3920000000000066,1.2326,0.0
2022-05-20,1.2326,1.2326,1.2326,1.2326,0,2022-05-20 23:59:59.999,0.00000,0,0,0.00000,0,0.0,-0.20372701183354303,-0.24255883264386918,0.038831820810326156,1.259932538936014,1.24217,1.224407461063986,0.0012428571428571486,93.75,-1.3920000000000066,1.2326,0.0
2022-05-21,1.2326,1.2326,1.2326,1.2326,0,2022-05-21 23:59:59.999,0.00000,0,0,0.00000,0,0.0,-0.19176184625735004,-0.2323994353665654,0.04063758910921536,1.2591520233257132,1.2413,1.223447976674287,0.0012428571428571486,93.75,-1.3920000000000066,1.2326,0.0
2022-05-22,1.2326,1.2326,1.2326,1.2326,0,2022-05-22 23:59:59.999,0.00000,0,0,0.00000,0,0.0,-0.18020210859785601,-0.22195997001282353,0.04175786141496751,1.2581925389360122,1.24043,1.2226674610639876,0.0012428571428571486,93.75,-1.3920000000000066,1.2326,0.0
2022-05-23,1.2326,1.2326,1.2326,1.2326,0,2022-05-23 23:59:59.999,0.00000,0,0,0.00000,0,0.0,-0.16909174879514333,-0.2113863257692875,0.04229457697414418,1.2570513392096792,1.23956,1.2220686607903208,0.0012428571428571486,93.75,-1.3920000000000066,1.2326,0.0
2022-05-24,1.2326,1.2326,1.2326,1.2326,0,2022-05-24 23:59:59.999,0.00000,0,0,0.00000,0,0.0,-0.15846007944777396,-0.20080107650498477,0.04234099705721081,1.2557197448749513,1.23869,1.2216602551250488,0.0012428571428571486,93.75,0.0,1.2326,0.0
2022-05-25,1.2326,1.2326,1.2326,1.2326,20,2022-05-25 23:59:59.999,24.65200,1,0,0.00000,0,0.0,-0.1483246111049885,-0.19030578342498555,0.04198117231999704,1.2541816496395366,1.23782,1.2214583503604632,0.0012428571428571486,94.75,0.0,1.2326,0.0
2022-06-13,1.2326,1.2326,1.152,1.152,3695,2022-06-13 23:59:59.999,4553.65100,2,0,0.00000,0,0.0,-0.044025383626474124,-0.05514933102016131,0.011123947393687189,1.2646154157970086,1.22857,1.1925245842029912,0.005757142857142857,185.75,-6.539023202985559,1.21648,0.036045415797266625
2022-06-14,1.152,1.152,1.152,1.152,0,2022-06-14 23:59:59.999,0.00000,0,0,0.00000,0,0.0,-0.046261419732681386,-0.05337174876266532,0.0071103290299839375,1.2741563131066276,1.22454,1.1749236868933723,0.005757142857142857,184.75,-6.539023202985559,1.2003599999999999,0.044146438134891296
2022-06-15,1.152,1.152,1.152,1.152,0,2022-06-15 23:59:59.999,0.00000,0,0,0.00000,0,0.0,-0.04748610420640298,-0.052194619851412855,0.004708515645009875,1.2795652248232645,1.2205099999999998,1.161454775176735,0.005757142857142857,184.75,-6.539023202985559,1.18424,0.044146438134890637
2022-06-16,1.152,1.152,1.152,1.152,0,2022-06-16 23:59:59.999,0.00000,0,0,0.00000,0,0.0,-0.04790446264927439,-0.05133658841098516,0.003432125761710765,1.2826350841422907,1.21648,1.1503249158577094,0.005757142857142857,184.75,-6.539023202985559,1.1681199999999998,0.03604541579726423
2022-06-17,1.152,1.152,1.152,1.152,0,2022-06-17 23:59:59.999,0.00000,0,0,0.00000,0,0.0,-0.04768631655580591,-0.05060653403994932,0.0029202174841434156,1.2840649793209256,1.21245,1.1408350206790745,0.005757142857142857,184.75,-6.539023202985559,1.152,0.0
2022-06-18,1.152,1.152,1.152,1.152,0,2022-06-18 23:59:59.999,0.00000,0,0,0.00000,0,0.0,-0.04697197056740987,-0.04987962134544144,0.0029076507780315675,1.2842101701720967,1.2084199999999998,1.132629829827903,0.005757142857142857,184.75,-6.539023202985559,1.152,0.0
2022-06-19,1.152,1.152,1.152,1.152,0,2022-06-19 23:59:59.999,0.00000,0,0,0.00000,0,0.0,-0.04587700467259914,-0.049079098010872985,0.0032020933382738426,1.2832749101705134,1.2043899999999998,1.1255050898294863,0.005757142857142857,184.75,-6.539023202985559,1.152,0.0
2022-06-20,1.152,1.152,1.152,1.152,0,2022-06-20 23:59:59.999,0.00000,0,0,0.00000,0,0.0,-0.04449631054221892,-0.04816254051714218,0.00366622997492326,1.2813831000198115,1.2003599999999999,1.1193368999801883,0.005757142857142857,184.75,-6.539023202985559,1.152,0.0
2022-06-21,1.152,1.152,1.152,1.152,0,2022-06-21 23:59:59.999,0.00000,0,0,0.00000,0,0.0,-0.042907489664659515,-0.047111530346645655,0.00420404068198614,1.2786093470279543,1.19633,1.1140506529720455,0.005757142857142857,184.75,-6.539023202985559,1.152,0.0
2022-06-22,1.152,1.152,1.152,1.152,0,2022-06-22 23:59:59.999,0.00000,0,0,0.00000,0,0.0,-0.041173712741618074,-0.04592396682564014,0.0047502540840220694,1.2749938551779303,1.1923,1.1096061448220695,0.005757142857142857,184.75,-6.539023202985559,1.152,0.0
2022-06-23,1.152,1.152,1.152,1.152,0,2022-06-23 23:59:59.999,0.00000,0,0,0.00000,0,0.0,-0.03934612440884666,-0.044608398342281454,0.005262273933434793,1.2705493470279527,1.18827,1.1059906529720471,0.005757142857142857,184.75,-6.539023202985559,1.152,0.0
2022-06-24,1.152,1.152,1.152,1.152,0,2022-06-24 23:59:59.999,0.00000,0,0,0.00000,0,0.0,-0.03746586432580523,-0.043179891538986215,0.005714027213180983,1.2652631000198078,1.1842399999999997,1.1032168999801917,0.005757142857142857,184.75,-6.539023202985559,1.152,0.0
2022-06-25,1.152,1.152,1.152,1.152,0,2022-06-25 23:59:59.999,0.00000,0,0,0.00000,0,0.0,-0.03556576466728756,-0.04165706616464649,0.006091301497358932,1.2590949101705082,1.18021,1.1013250898294917,0.005757142857142857,184.75,0.0,1.152,0.0
2022-06-26,1.152,1.152,1.152,1.152,0,2022-06-26 23:59:59.999,0.00000,0,0,0.00000,0,0.0,-0.03367177473919214,-0.040060007879555624,0.006388233140363485,1.2519701701720896,1.17618,1.1003898298279104,0.005757142857142857,184.75,0.0,1.152,0.0
2022-08-08,0.9073,0.99,0.9002,0.9192,3617398,2022-08-08 23:59:59.999,3369063.46450,5376,2651545,2477880.49000,0,0.0,-0.020082389860339278,-0.005924343668966463,-0.014158046191372814,1.2444713250322759,1.1403599999999998,1.0362486749677238,0.01798571428571428,180869.9,-20.208333333333325,1.10544,0.10411132503237797
2022-08-09,0.9277,1.0,0.82,0.8948,4311257,2022-08-09 23:59:59.999,3900871.71530,6098,3350725,3036424.06570,0,0.0,-0.03625559229116937,-0.011990593393407047,-0.024264998897762322,1.2785264389540243,1.1275,0.9764735610459756,0.03084285714285714,396432.75,-22.32638888888888,1.0539999999999998,0.13446902989163445
2022-08-10,0.888,0.96,0.86,0.943,3950646,2022-08-10 23:59:59.999,3583081.16010,5650,2607067,2371939.06450,0,15.78258022265878,-0.04466872134904265,-0.01852621898453417,-0.02614250236450848,1.2884827426810095,1.1170499999999999,0.9456172573189903,0.03798571428571428,593965.05,-18.14236111111111,1.0122,0.1287521650303293
2022-08-11,0.9411,1.0,0.8451,0.9265,3955108,2022-08-11 23:59:59.999,3706968.46190,6022,3248133,3051490.24660,0,14.973594283939093,-0.052067398287843236,-0.025234454845195983,-0.026832943442647254,1.2961452307001204,1.105775,0.9154047692998796,0.049049999999999996,791720.45,-19.574652777777775,0.9671,0.10480801496067468
2022-08-12,0.9233,0.9487,0.8946,0.9378,4139095,2022-08-12 23:59:59.999,3824030.35090,6067,3561209,3295087.01160,0,17.857142857142833,-0.05636929733348084,-0.03146142334285296,-0.024907873990627882,1.2981613916857313,1.095065,0.8919686083142685,0.05291428571428571,998675.2,-18.593749999999996,0.92426,0.01892770456227811
2022-08-13,0.9377,1.04,0.8946,1.0232,5402130,2022-08-13 23:59:59.999,5407349.86400,6854,3746987,3759702.79870,0,34.61538461538463,-0.05228481029136223,-0.03562610073255481,-0.016658709558807418,1.2922873611971426,1.088625,0.8849626388028573,0.06330000000000001,1268781.7,-11.18055555555554,0.94506,0.04752197386469712
2022-08-14,1.0318,1.0746,0.9028,1.0038,4466724,2022-08-14 23:59:59.999,4555357.92900,6732,3412512,3487917.60050,0,33.08219178082193,-0.05003645365960141,-0.038508171317964135,-0.011528282341637275,1.2859499637174732,1.0812149999999998,0.8764800362825265,0.07557142857142858,1492117.9,-12.864583333333323,0.9668599999999999,0.04353582432890215
2022-08-15,1.0037,1.038,0.9051,0.9562,4558912,2022-08-15 23:59:59.999,4429427.78350,6113,2886059,2821477.83400,0,29.839373970345974,-0.05150185568702992,-0.04110690819177729,-0.010394947495252625,1.280585868585264,1.0714249999999998,0.8622641314147357,0.08506428571428572,1720063.5,-16.996527777777768,0.9695,0.04210391905745872
2022-08-16,0.9476,1.038,0.845,0.94,4296117,2022-08-16 23:59:59.999,4069968.24070,6049,2280223,2166699.65340,0,28.87604623355918,-0.05335535464655905,-0.04355659748273365,-0.009798757163825403,1.274237019342804,1.060825,0.8474129806571958,0.09885000000000001,1934869.35,-18.402777777777775,0.9722,0.038973580795162326
2022-08-17,0.9374,0.99,0.85,0.8903,3988728,2022-08-17 23:59:59.999,3667316.28340,5815,1918256,1786463.04780,0,26.273798730734356,-0.05816416033112959,-0.04647811005241284,-0.011686050278716748,1.2695406824534474,1.04774,0.8259393175465524,0.10885000000000002,2134305.75,-22.717013888888886,0.9626999999999999,0.05279384433811405
2022-08-18,0.887,0.97,0.79,0.8636,4193214,2022-08-18 23:59:59.999,3743686.75880,5838,1503875,1347722.72080,0,25.06053268765133,-0.06339881822837279,-0.04986225168760484,-0.013536566540767951,1.2639062058228157,1.03332,0.8027337941771844,0.12170714285714286,2343966.45,-25.03472222222221,0.93078,0.05526049221638291
2022-08-19,0.8603,0.8793,0.72,0.7726,5403899,2022-08-19 23:59:59.999,4325507.38470,7203,2601820,2089549.31580,0,21.65271966527196,-0.07403681152987818,-0.05469716365605952,-0.019339647873818658,1.2653481128047595,1.0143499999999999,0.7633518871952403,0.13308571428571428,2614161.4,-32.93402777777777,0.88454,0.07282374612718559
2022-08-20,0.7636,0.8898,0.7261,0.7915,4879168,2022-08-20 23:59:59.999,3877899.22680,6091,3583692,2852922.38920,0,23.804679552390652,-0.08002000501077411,-0.059761731927002446,-0.020258273083771663,1.257281474491281,0.996325,0.735368525508719,0.14477857142857145,2858119.8,-13.892515230635338,0.8516,0.06947888168354951
2022-08-21,0.7897,0.9069,0.7235,0.8249,4389266,2022-08-21 23:59:59.999,3536298.71030,5254,3793411,3063472.15930,0,27.331947331947333,-0.08113139585750706,-0.06403566471310337,-0.017095731144403686,1.2408466363022794,0.97997,0.7190933636977206,0.15787857142857145,3077583.1,-7.811801519892721,0.82858,0.04888248152453596
2022-08-22,0.8236,0.8627,0.7114,0.813,5216537,2022-08-22 23:59:59.999,4159982.13080,6222,3454087,2772219.20190,0,39.39272872552935,-0.08202685710942037,-0.06763390319236677,-0.0143929539170536,1.2208684058919559,0.96302,0.7051715941080441,0.15070000000000003,3338409.95,-13.785790031813363,0.81312,0.03462769123110213
2022-08-23,0.8129,0.884,0.721,0.8393,4865115,2022-08-23 23:59:59.999,3987599.51780,6191,4167083,3422509.29140,0,44.477611940298516,-0.07969564461893153,-0.07004625147767972,-0.009649393141251808,1.1946911965298788,0.947385,0.7000788034701213,0.1494857142857143,3581665.7,-9.411764705882348,0.80826,0.026530039577741516
2022-08-24,0.8345,0.8456,0.7348,0.8168,4553591,2022-08-24 23:59:59.999,3746629.64530,6000,4130004,3401596.38600,0,36.76593959731545,-0.07875585540707952,-0.07178817226355969,-0.006967683143519837,1.1646195467200164,0.9306249999999998,0.6966304532799831,0.15025714285714287,3809345.25,-12.90253785455321,0.8170999999999999,0.01750671299806341
2022-08-25,0.8099,0.8379,0.7422,0.8191,4849456,2022-08-25 23:59:59.999,3968352.46970,6073,2367848,1949256.40220,0,38.391699092088224,-0.07693857490882416,-0.07281825279261259,-0.004120322116211578,1.1281951854658752,0.9139800000000001,0.6997648145341251,0.14602857142857142,4051818.05,-19.947224394057862,0.8226199999999999,0.010274093633823929
2022-08-26,0.8215,0.92,0.7012,0.7688,4369211,2022-08-26 23:59:59.999,3497193.13240,5363,3498463,2809576.25670,0,33.15390749601278,-0.07865052238274006,-0.07398470671063809,-0.004665815672101975,1.0867905525662716,0.89482,0.7028494474337282,0.15779285714285715,4270278.6,-23.41103805538952,0.8114000000000001,0.02590453628221397
2022-08-27,0.7668,0.8801,0.6955,0.8065,5745026,2022-08-27 23:59:59.999,4536043.77590,6433,3633256,2879997.33840,0,26.129103326723964,-0.07608808211435225,-0.07440538179138093,-0.0016827003229713255,1.0302336405314292,0.8775449999999999,0.7248563594685707,0.16059285714285715,4557529.9,-15.655720560552192,0.8101,0.025967190837603807
2022-08-28,0.8065,0.889,0.7209,0.7769,5011722,2022-08-28 23:59:59.999,4082743.56400,5971,3803708,3109980.84570,0,25.554837319543225,-0.07557462512784485,-0.07463923045867371,-0.0009353946691711412,1.0281255507831766,0.87043,0.7127344492168234,0.16032857142857143,4627246.1,-17.351063829787226,0.79762,0.023281043790957613
2022-08-29,0.7948,0.88,0.6995,0.8225,5343947,2022-08-29 23:59:59.999,4238452.56480,6620,4293496,3417152.88440,0,35.53343432157543,-0.07067348788624683,-0.07384608194418833,0.0031725940579414996,1.0254701941524327,0.8668149999999999,0.708159805847567,0.16372857142857145,4678880.6,-7.615410535774456,0.79876,0.02455947882176026
2022-08-30,0.82,0.88,0.73,0.8101,5206348,2022-08-30 23:59:59.999,4260475.53950,6538,3670606,3012124.92620,0,35.82806022256166,-0.06701734346178978,-0.07248033424770862,0.005462990785918845,1.0165055379337011,0.8601700000000001,0.7038344620662992,0.16065714285714286,4741665.7,-6.194997684113014,0.79696,0.022974725243111904
2022-08-31,0.817,0.92,0.75,0.8362,4970944,2022-08-31 23:59:59.999,4149784.23210,6330,4106476,3433719.10580,0,43.77731769036118,-0.061307061152465425,-0.07024567962865999,0.008938618476194565,1.0091140564286345,0.8556549999999999,0.7021959435713653,0.1628,4792457.5,8.231944084908116,0.81044,0.02207709219975616
2022-09-01,0.8252,0.9266,0.75,0.8895,4693010,2022-09-01 23:59:59.999,3993199.15520,5960,3299784,2818616.66440,0,52.80728376327768,-0.05188268542689822,-0.06657308078830763,0.014690395361409411,1.0027247487378896,0.8532400000000001,0.7037552512621106,0.16255714285714287,4820153.25,12.381554011370813,0.82704,0.04125152118403147
2022-09-02,0.8895,0.9914,0.789,0.8747,6193048,2022-09-02 23:59:59.999,5483936.34110,7198,3973060,3521318.35270,0,63.25629706569723,-0.045088286377785614,-0.06227612190620323,0.017187835528417614,0.9728156593433702,0.845815,0.7188143406566297,0.1656357142857143,4859699.15,6.037095405503705,0.8465999999999999,0.03409999999995124
2022-09-03,0.8747,0.9096,0.7995,0.8939,4814408,2022-09-03 23:59:59.999,4227478.22850,6394,3223042,2843506.53630,0,63.28489880643488,-0.0377195887025229,-0.05736481526546717,0.01964522656294427,0.9463116103927598,0.84032,0.7343283896072401,0.16180714285714284,4877083.35,9.950799507995091,0.8608800000000001,0.036359757974947116
2022-09-04,0.8916,0.9687,0.7892,0.8902,4507956,2022-09-04 23:59:59.999,3992696.93550,6339,2850544,2528341.19410,0,59.179083497329216,-0.0318116963506504,-0.05225419148250381,0.020442495131853415,0.9312812182348829,0.8370200000000001,0.7427587817651173,0.16152857142857144,4874535.55,6.064577624210645,0.8769,0.023905961599500564
2022-09-05,0.8966,0.94,0.79,0.8762,4526765,2022-09-05 23:59:59.999,3970484.83930,6052,1765688,1552145.56650,0,58.83174958077138,-0.027937288424247253,-0.0473908108708525,0.019453522446605247,0.9170940214205637,0.8338300000000001,0.7505659785794364,0.1614357142857143,4886067.95,7.272282076395692,0.8849,0.008803124445151836
2022-09-06,0.8795,0.9301,0.75,0.8123,4622127,2022-09-06 23:59:59.999,4006743.92620,6250,1314974,1152750.65540,0,46.58573596358118,-0.029680845878783058,-0.04384881787243861,0.014167971993655555,0.9092716887828426,0.8299300000000001,0.7505883112171575,0.16265714285714286,4917737.9,-0.8301794652667597,0.8694599999999999,0.03304395557430686
2022-09-07,0.8123,0.89,0.7306,0.8349,4511262,2022-09-07 23:59:59.999,3679846.88610,6005,1556640,1281257.40680,0,52.28824273072061,-0.028905788660783638,-0.04086021203010762,0.01195442336932398,0.9062958111171878,0.828495,0.7506941888828121,0.16612857142857143,4933640.3,8.597814776274705,0.8615,0.03611696277369864
2022-09-08,0.8433,0.8659,0.765,0.8478,4034847,2022-09-08 23:59:59.999,3389412.20240,5419,3008571,2531738.42320,0,53.533612410736275,-0.02694007957362421,-0.03807618553881094,0.01113610596518673,0.9058359893924113,0.832255,0.7586740106075887,0.1665,4865187.7,5.1208927464352145,0.85228,0.03134736033538861
2022-09-09,0.8443,0.9034,0.7985,0.8956,3292192,2022-09-09 23:59:59.999,2900955.64180,4685,1497715,1332393.23830,0,65.70862239841428,-0.021279879239540667,-0.03471692427895689,0.013437045039416222,0.913586000814218,0.8374600000000001,0.7613339991857822,0.15836428571428568,4785838.9,15.278671643712178,0.85336,0.033028366595953526
2022-09-10,0.8934,0.951,0.8,0.9104,3876676,2022-09-10 23:59:59.999,3452623.50450,5556,2401542,2159917.59410,0,63.645915418965075,-0.01542211682121808,-0.030857962787409127,0.015435845966191047,0.9242277754410436,0.8417350000000001,0.7592422245589566,0.15596428571428572,4760209.4,10.686930091185408,0.8602000000000001,0.04141696512296293
2022-09-11,0.9,0.951,0.8169,0.895,4156686,2022-09-11 23:59:59.999,3722267.82190,5593,2091094,1883305.86050,0,66.11186903137792,-0.011885441230552907,-0.02706345847603788,0.015178017245484975,0.9304384533323319,0.8458350000000001,0.7612315466676683,0.15353571428571428,4707216.85,10.480187631156644,0.8767400000000001,0.03320478881120611
2022-09-12,0.8901,0.951,0.82,0.9345,4364321,2022-09-12 23:59:59.999,3962195.88140,5872,2423200,2216101.83680,0,65.53829078801334,-0.005828097776549579,-0.02281638633614022,0.016988288559590642,0.9439138191093668,0.850595,0.7572761808906332,0.14999999999999997,4682177.15,11.75556087060511,0.89666,0.03166951215280844
2022-09-13,0.9338,1.03,0.82,0.8534,5727739,2022-09-13 23:59:59.999,5146707.40380,6686,3153692,2843245.09980,0,55.04544395245864,-0.007485414468979545,-0.019750191962708087,0.012264777493728542,0.9443788757373753,0.852425,0.7604711242626246,0.15428571428571428,4740884.55,-4.058459808881384,0.89778,0.029536790617751368
2022-09-14,0.849,0.8776,0.77,0.8681,4947258,2022-09-14 23:59:59.999,4225269.27520,6260,3444740,2957216.06020,0,53.818530045487186,-0.0075259285218065575,-0.017305339274527782,0.009779410752721224,0.9456944246552118,0.854875,0.7640555753447883,0.14982857142857142,4745774.65,-0.7545444152280839,0.8922799999999999,0.03245992914343564
2022-09-15,0.8672,0.8914,0.7869,0.831,4429286,2022-09-15 23:59:59.999,3753901.67300,5777,3309462,2810076.14070,0,42.714819427148186,-0.010431448893431061,-0.01593056119830844,0.005499112304877377,0.9402508917616247,0.8579849999999999,0.7757191082383751,0.1446785714285714,4748778.4,-7.0365812730730575,0.8764,0.039939391582706846
2022-09-16,0.829,0.8667,0.74,0.8123,4486931,2022-09-16 23:59:59.999,3651327.33270,5777,3806986,3105051.44540,0,42.30389738529846,-0.014080714724265864,-0.015560591903499923,0.0014798771792340591,0.9398143963545332,0.8582749999999999,0.7767356036454666,0.13927142857142855,4685873.65,-8.750842507301726,0.8598600000000001,0.04683911826664463
2022-09-17,0.8089,0.84,0.74,0.833,3730148,2022-09-17 23:59:59.999,3058048.90480,5008,3325181,2732825.39290,0,42.51658884246743,-0.015128080093446905,-0.015474089541489322,0.00034600944804241696,0.9342643699157618,0.8610800000000001,0.7878956300842384,0.13854999999999998,4621794.95,-4.93038119150879,0.83956,0.021595670862388956
2022-09-18,0.8305,0.8427,0.74,0.7571,4701852,2022-09-18 23:59:59.999,3794093.77970,6050,3933311,3190135.51560,0,36.10937173867667,-0.02183096657820749,-0.016745464948832955,-0.005085501629374534,0.943096314074346,0.85781,0.7725236859256539,0.1330642857142857,4589690.2,-6.795518896959255,0.8202999999999999,0.04067818825853177
2022-09-19,0.7559,0.8263,0.7,0.7706,4461591,2022-09-19 23:59:59.999,3363374.80530,5434,4000445,3022688.64540,0,38.96782281654825,-0.02575680679757031,-0.018547733318580426,-0.007209073478989882,0.9473735055589554,0.8558350000000001,0.7642964944410449,0.13137142857142856,4552452.35,-7.701521140256321,0.8008,0.03501021279564674
2022-09-20,0.7682,0.8404,0.7,0.7389,5918878,2022-09-20 23:59:59.999,4480087.44030,5831,4516988,3431862.07450,0,41.77867383512544,-0.03106785760422126,-0.021051758175708594,-0.010016099428512667,0.9562181398758912,0.85097,0.7457218601241088,0.12853571428571428,4599849.05,-12.845010615711253,0.7823800000000001,0.0391342177639516
2022-09-21,0.7389,0.7789,0.705,0.705,4496008,2022-09-21 23:59:59.999,3304020.51120,5030,3671202,2708806.94450,0,35.80948219357657,-0.0375791611410079,-0.02435723876876846,-0.013221922372239441,0.9637779804428128,0.8417450000000001,0.7197120195571873,0.12242857142857144,4589998.95,-21.281822242072355,0.7609199999999999,0.04721161933249364
2022-09-22,0.7051,0.8165,0.705,0.758,4850914,2022-09-22 23:59:59.999,3585546.12360,5768,3800918,2811088.95110,0,40.98031337886701,-0.03802443700440483,-0.02709067841589574,-0.01093375858850909,0.9623873564088717,0.8359099999999999,0.7094326435911281,0.1231857142857143,4522892.25,-16.739894551845342,0.7459199999999999,0.02551346703206405
2022-09-23,0.7486,0.84,0.6747,0.7812,4900103,2022-09-23 23:59:59.999,3694158.86210,5703,3580596,2710369.99040,0,37.912087912087905,-0.0360892606922012,-0.02889039487115683,-0.007198865821044367,0.9559133762188665,0.830275,0.7046366237811335,0.1275,4527177.0,-12.71508379888268,0.75074,0.030030284713872448
2022-09-24,0.7812,0.84,0.7011,0.7568,4470903,2022-09-24 23:59:59.999,3451677.26500,5691,3531290,2732427.89310,0,34.09279204639601,-0.036108262035150385,-0.030333968303955544,-0.005774293731194841,0.9500099878261705,0.823605,0.6972000121738295,0.12663571428571432,4525324.35,-19.0155163188871,0.74798,0.0283349960295785
2022-09-25,0.7551,0.84,0.703,0.7415,4512748,2022-09-25 23:59:59.999,3400504.44340,5389,2660277,2007007.04020,0,34.09985498239071,-0.03693217178207475,-0.031653608999579384,-0.005278562782495368,0.9458043709022759,0.81687,0.6879356290977241,0.12684285714285717,4524623.5,-13.112256854933207,0.7485,0.028149955594924683
2022-09-26,0.7415,0.8046,0.703,0.76,4594906,2022-09-26 23:59:59.999,3433061.53370,5716,3598458,2696398.21670,0,31.102447476716478,-0.03568102219026825,-0.03245909163771716,-0.003221930552551093,0.9456770917901244,0.814255,0.6828329082098755,0.12474285714285717,4523262.45,-12.452482432899432,0.7595000000000001,0.01418344104920527
2022-09-27,0.7597,0.835,0.703,0.7355,4575616,2022-09-27 23:59:59.999,3489513.72510,5688,3458120,2664681.81230,0,35.44803752159959,-0.03624857140249671,-0.03321698759067307,-0.0030315838118236405,0.9448718379731026,0.809285,0.6736981620268975,0.11917142857142861,4526480.15,-11.492178098676284,0.7550000000000001,0.017868827605533065
2022-09-28,0.7443,0.7599,0.703,0.7524,4302781,2022-09-28 23:59:59.999,3175057.34930,5437,3366281,2494769.75850,0,35.796710041738265,-0.03493199518526813,-0.033559989109592084,-0.0013720060756760438,0.941105394591648,0.804515,0.667924605408352,0.11555000000000003,4539876.85,-7.374122861011949,0.74924,0.010387636882190058
2022-09-29,0.7438,0.77,0.7326,0.7684,4234225,2022-09-29 23:59:59.999,3170437.25440,5515,2593020,1950365.93960,0,41.8953909891248,-0.03222605091039943,-0.03329320146975356,0.0010671505593541283,0.9285949595698981,0.7981550000000001,0.667715040430102,0.11075714285714287,4586978.5,-7.755102040816325,0.75156,0.013366487945464403
2022-09-30,0.7663,0.84,0.7,0.7718,5595204,2022-09-30 23:59:59.999,4346225.30470,6040,3374122,2648796.17970,0,44.540307360474515,-0.029467535584956628,-0.03252806829279417,0.0030605327078375433,0.9108334995218133,0.791225,0.6716165004781867,0.11170714285714288,4672904.9,1.9416193369436068,0.75762,0.014486959653297585
2022-10-01,0.7756,0.785,0.72,0.7635,4870039,2022-10-01 23:59:59.999,3735925.29410,5921,1102920,849915.50360,0,40.306834030683405,-0.027632601519894995,-0.03154897493821433,0.003916373418319338,0.8942802205740851,0.78465,0.6750197794259148,0.1092071428571429,4708572.55,-0.9213599792369578,0.75832,0.014713497204820989
2022-10-02,0.7635,0.84,0.73,0.7673,4421171,2022-10-02 23:59:59.999,3413627.39370,5717,2174686,1690991.86860,0,51.780726256983236,-0.025576939770688423,-0.03035456790470915,0.004777628134020728,0.8603168603669227,0.77629,0.6922631396330774,0.10972857142857147,4711415.05,3.8435512247936092,0.76468,0.00747642962892745
2022-10-03,0.766,0.85,0.7,0.8052,4389452,2022-10-03 23:59:59.999,3418931.94700,5381,2838713,2237473.37130,0,55.566280566280575,-0.02065154165070382,-0.028413962653908085,0.007762421003204265,0.851082552452801,0.7738799999999999,0.6966774475471988,0.11142142857142859,4644500.7,14.212765957446818,0.7752399999999999,0.017008027516333367
2022-10-04,0.7974,0.8556,0.7617,0.8409,5004677,2022-10-04 23:59:59.999,4126884.46320,6460,1575398,1315171.84490,0,66.20076238881829,-0.013709403047858726,-0.025473050732698215,0.01176364768483949,0.8434363955503876,0.77252,0.7016036044496123,0.10810000000000002,4647371.65,10.936675461741421,0.7897399999999999,0.03305409203103936
2022-10-05,0.833,0.881,0.7624,0.865,4701283,2022-10-05 23:59:59.999,3923850.33100,6088,1058863,896281.75390,0,76.22950819672131,-0.006191665931124191,-0.021616773772383413,0.015425107841259222,0.8523066347480804,0.7742199999999999,0.6961333652519194,0.11129285714285717,4660971.5,10.727086533538145,0.80838,0.04465217799835198
2022-10-06,0.8552,0.9291,0.7622,0.8282,5027229,2022-10-06 23:59:59.999,4227468.06290,6348,2303123,1955093.30920,0,62.153739612188375,-0.0031667531937269455,-0.01792676965665212,0.014760016462925175,0.855033873431382,0.775015,0.694996126568618,0.11525,4687986.4,9.434460887949262,0.82132,0.03713713774641994
2022-10-07,0.8302,0.86,0.751,0.8339,4751583,2022-10-07 23:59:59.999,3964406.01280,6032,2186832,1831700.34710,0,59.712495392554366,-0.0003060181066637524,-0.014402619346654447,0.014096601239990694,0.8552170668649087,0.7750600000000001,0.6949029331350914,0.11122857142857145,4739058.15,12.46122724207686,0.8346399999999999,0.021619736353541162
2022-10-08,0.8279,0.85,0.7549,0.8086,4106002,2022-10-08 23:59:59.999,3363196.54290,5716,1191798,980712.65930,0,59.51506245407788,-7.944767541290254e-05,-0.011537985012406137,0.011458537336993235,0.858666826755497,0.777635,0.6966031732445029,0.10810000000000002,4709265.65,6.39473684210526,0.83532,0.020486019623065684
2022-10-09,0.8106,0.844,0.73,0.8293,4691979,2022-10-09 23:59:59.999,3832921.35720,5685,2153874,1771679.22970,0,65.81412103746398,0.0017502522086201289,-0.008880337568200884,0.010630589776821013,0.864721169738665,0.78057,0.696418830261335,0.10645714285714288,4720785.05,12.753229095853161,0.833,0.02035251827161988
2022-10-10,0.8219,0.8496,0.7629,0.8108,4730911,2022-10-10 23:59:59.999,3926265.89970,5741,1984188,1652895.68310,0,59.14985590778097,0.0016880483888895847,-0.00676666037678279,0.008454708765672374,0.8669529033877116,0.784165,0.7013770966122884,0.10539285714285716,4661386.7,7.761828814460395,0.82216,0.01159969827179008
2022-10-11,0.8108,0.87,0.7167,0.7946,5561450,2022-10-11 23:59:59.999,4424984.14260,6275,1870162,1503122.97130,0,60.97289268473819,0.00032776849150661924,-0.005347774603124908,0.005675543094631527,0.8626238156018973,0.788645,0.7146661843981028,0.10691428571428571,4714658.8,3.4096824570536177,0.81544,0.01608953075750001
2022-10-12,0.7937,0.86,0.7111,0.779,5517678,2022-10-12 23:59:59.999,4299031.27510,6987,2743980,2177139.24440,0,54.9626865671642,-0.0019861575647508456,-0.004675451195450096,0.0026892936306992504,0.8624280656721554,0.7896949999999999,0.7169619343278445,0.11348571428571429,4747997.0,0.93288416688261,0.80446,0.018840063694066645
2022-10-13,0.7791,0.82,0.72,0.7838,3574523,2022-10-13 23:59:59.999,2739048.90860,3575,2241491,1733082.09160,0,52.998442367601264,-0.003393522337433952,-0.004419065423846867,0.0010255430864129153,0.8625034084346679,0.789825,0.7171465915653321,0.11795714285714287,4681718.0,2.6588081204977203,0.7995,0.02065478152865494
2022-10-14,0.7792,0.89,0.7269,0.797,4999828,2022-10-14 23:59:59.999,3994440.51110,5714,3596171,2886351.71820,0,54.726181545386346,-0.00340449448312663,-0.00421615123570282,0.0008116567525761897,0.8628727890537783,0.7918350000000001,0.7207972109462218,0.11960714285714287,4708164.25,3.870715495894703,0.79304,0.012409995970846868
2022-10-15,0.7948,0.8301,0.74,0.7944,4672349,2022-10-15 23:59:59.999,3719965.81550,5607,2782990,2228144.82610,0,55.921809122269075,-0.0035817006430495235,-0.00408926111717216,0.0005075604741226368,0.8614494227159853,0.7944800000000001,0.7275105772840148,0.12140000000000002,4716144.3,-1.3412816691505256,0.78976,0.007884668667510447
2022-10-16,0.7924,0.815,0.72,0.793,5422579,2022-10-16 23:59:59.999,4296988.29980,5206,2495863,1992028.11520,0,54.97098646034818,-0.003791401188367516,-0.004029689131411231,0.0002382879430437154,0.861119330298108,0.79613,0.731140669701892,0.12032857142857144,4757527.95,-5.696277797597806,0.7894400000000001,0.007668637427628178
2022-10-17,0.7959,0.9,0.74,0.8528,4771370,2022-10-17 23:59:59.999,3897178.21020,5774,1772229,1467900.78650,0,58.487874465049934,0.0008578807341140804,-0.003052175158306169,0.00391005589242025,0.8650900652834521,0.801995,0.7388999347165479,0.12104285714285715,4767315.65,-1.4104046242774555,0.8042,0.02761992034739573
2022-10-18,0.847,0.9,0.7626,0.856,4684700,2022-10-18 23:59:59.999,4027011.75050,5726,2838360,2451220.29640,0,53.045582896329165,0.00474597476757832,-0.0014925451731292708,0.006238519940707591,0.870136838901513,0.807175,0.7442131610984869,0.12415000000000001,4786411.6,3.356677131127739,0.81864,0.03269538193685077
2022-10-19,0.856,0.91,0.782,0.8538,5553835,2022-10-19 23:59:59.999,4789861.78740,6401,2559039,2221213.06240,0,47.522123893805315,0.007562618528639153,0.0003184875672244145,0.007244130961414739,0.8749159208176402,0.811445,0.7479740791823597,0.12482142857142857,4852392.1,2.3863772634608504,0.8300000000000001,0.03316112181450739
2022-10-20,0.8462,0.8775,0.74,0.8123,4807771,2022-10-20 23:59:59.999,3988471.37060,5642,2305541,1925592.10820,0,46.55396618985694,0.006372665708631042,0.0015293231955057407,0.004843342513125301,0.8741375878084159,0.81347,0.7528024121915842,0.12272142857142856,4813020.45,0.45758100420480297,0.8335800000000001,0.029070982095495374
2022-10-21,0.8123,0.9,0.74,0.83,4224358,2022-10-21 23:59:59.999,3410593.77560,4536,2028146,1665210.65710,0,49.19653893695921,0.006779709331603323,0.0025794004227252575,0.0042003089088780655,0.8730608529704469,0.8167949999999999,0.760529147029553,0.1263642857142857,4780736.4,0.08440853732062255,0.8409800000000001,0.019188329786530275
2022-10-22,0.8343,0.92,0.7891,0.829,3842566,2022-10-22 23:59:59.999,3197166.72350,4519,2038295,1706277.93350,0,54.67032967032967,0.0069415844284436146,0.0034518372238689296,0.003489747204574685,0.8712745153736471,0.81988,0.768485484626353,0.12892142857142858,4751806.15,2.244696595954612,0.83622,0.018461365063196823
2022-10-23,0.8356,0.983,0.75,0.9399,3611318,2022-10-23 23:59:59.999,3013324.92380,4592,1735751,1467491.85490,0,67.9196370706416,0.01583602691823649,0.005928675162742442,0.009907351755494048,0.9003552632285685,0.826615,0.7528747367714315,0.13742142857142858,4712899.45,18.285930027686888,0.8530000000000001,0.05077829260615895
2022-10-24,0.8974,0.983,0.8129,0.8914,4584427,2022-10-24 23:59:59.999,4096098.21030,5529,2018076,1823201.53410,0,61.90194920259895,0.01875519380433366,0.008493978891060688,0.01026121491327297,0.9082059258564963,0.82914,0.7500740741435037,0.14337857142857144,4691886.95,14.42875481386392,0.86052,0.053630467087251166
2022-10-25,0.8914,0.983,0.8489,0.9149,4160159,2022-10-25 23:59:59.999,3758924.73180,5275,1631021,1494136.63460,0,67.38941890719863,0.0227031998398306,0.011335823080814673,0.011367376759015928,0.9182540516297035,0.831635,0.7450159483702965,0.14200714285714286,4664830.75,16.726205664710385,0.8810399999999999,0.05007886779867159
2022-10-26,0.9149,0.967,0.8512,0.9333,3568600,2022-10-26 23:59:59.999,3357748.47410,4427,1463256,1388335.47190,0,72.12503584743334,0.02700544730536436,0.014469747925724613,0.012535699379639748,0.9346655302504452,0.83689,0.7391144697495549,0.13964285714285715,4591899.3,17.101631116687575,0.9017,0.04478677260081285
2022-10-27,0.9347,0.983,0.83,0.9117,5803150,2022-10-27 23:59:59.999,5411510.06390,6913,2096265,1956522.41160,0,67.49658002735977,0.028345322700806808,0.017244862880741053,0.011100459820065755,0.9440886453811717,0.84078,0.7374713546188283,0.14342857142857143,4644477.65,14.765861027190327,0.9182400000000002,0.01917206300837221
2022-10-28,0.9075,0.983,0.83,0.9419,3905124,2022-10-28 23:59:59.999,3601379.79890,5274,2065232,1912598.91200,0,68.94117647058823,0.031481175814605855,0.020092125467514016,0.01138905034709184,0.958891441703572,0.8474450000000001,0.7359985582964282,0.14270714285714287,4634433.75,18.776796973518277,0.9186399999999999,0.019749126562888682
2022-10-29,0.9466,1.03,0.8386,0.9294,3588466,2022-10-29 23:59:59.999,3372694.66990,5076,1739623,1646442.21030,0,67.20183486238533,0.032582129954310424,0.0225901263648733,0.009992003589437123,0.9693240662781433,0.8524500000000002,0.735575933721857,0.14994285714285716,4579258.1,8.982176360225141,0.92624,0.012699133828613218
2022-10-30,0.9346,0.9725,0.903,0.914,2777428,2022-10-30 23:59:59.999,2572900.01650,4239,2289407,2120902.49800,0,64.88681102362204,0.031844904508730676,0.024441081993644777,0.007403822515085898,0.9758461757801934,0.85761,0.7393738242198066,0.1481214285714286,4481583.95,6.7757009345794454,0.92606,0.012904766561121033
2022-10-31,0.9124,0.9781,0.8386,0.9057,4540522,2022-10-31 23:59:59.999,4115050.33950,5495,2841943,2590309.32410,0,57.45280360664975,0.030242293068362125,0.02560132420858825,0.004640968859773876,0.979358346579917,0.8631649999999998,0.7469716534200826,0.14665714285714287,4430537.55,6.078706957132812,0.9205399999999999,0.014797736313267683
2022-11-01,0.9057,0.92,0.839,0.8702,4231804,2022-11-01 23:59:59.999,3764678.64480,5706,2351611,2113320.80670,0,51.833677685950406,0.025810135466154627,0.025643086460101525,0.00016704900605310144,0.9769607349471356,0.8677249999999999,0.7584892650528641,0.14262857142857147,4366243.85,7.127908408223557,0.9122399999999999,0.027328611380693323
2022-11-02,0.8818,0.9428,0.8342,0.8756,4614777,2022-11-02 23:59:59.999,3981752.90000,5556,3221173,2791846.03990,0,52.79200819672131,0.022474283949141416,0.02500932595790951,-0.002535042008768095,0.974167696008392,0.8723150000000001,0.7704623039916081,0.14124285714285714,4418256.55,5.493975903614468,0.8989800000000001,0.025352751329922665
2022-11-03,0.8756,1.0646,0.835,0.9571,5398702,2022-11-03 23:59:59.999,5088194.42010,5916,2450839,2321437.15210,0,66.82156133828995,0.02610603237371345,0.0252286672410703,0.0008773651326431514,0.982414808363131,0.8803199999999999,0.7782251916368688,0.14782142857142858,4438200.25,15.45235223160434,0.90452,0.03489322283763599
2022-11-04,0.9488,1.22,0.9009,1.1639,6282907,2022-11-04 23:59:59.999,7007699.21670,6603,2938247,3304559.80350,0,76.94915254237287,0.04515078077047263,0.02921308994695077,0.015937690823521863,1.054878492838962,0.898795,0.742711507161038,0.1591857142857143,4518728.15,23.832322587509307,0.9545,0.12203304880235179
2022-11-05,1.1676,1.315,1.0929,1.1811,3183689,2022-11-05 23:59:59.999,3804963.63410,4829,1156548,1393743.04990,0,77.69388076136542,0.06092942090160325,0.035556356137881266,0.025373064763721982,1.1110687691287318,0.9182,0.7253312308712684,0.1657,4406783.65,32.49943908458605,1.0095800000000001,0.15277871906779902
2022-11-06,1.1811,1.2099,1.052,1.1402,2666022,2022-11-06 23:59:59.999,3064973.65220,3667,1395770,1623457.42680,0,67.70372989216901,0.06933457290289824,0.04231199949088466,0.027022573412013577,1.1465887507770753,0.9325700000000001,0.7185512492229249,0.16033571428571428,4301516.25,24.6256421466827,1.06358,0.1382209716359921
2022-11-07,1.1402,1.38,1.0678,1.2465,5864650,2022-11-07 23:59:59.999,7174298.73910,6931,2534682,3134630.99320,0,78.47634322373696,0.08360944044917895,0.050571487682543534,0.03303795276663542,1.2045080655972078,0.9520949999999999,0.6996819344027919,0.1704857142857143,4360513.75,33.55834136933461,1.13776,0.10843204323445223
2022-11-08,1.2465,1.31,0.9013,1.045,5159251,2022-11-08 23:59:59.999,5806621.06010,6465,1941854,2236349.83250,0,58.116032439176536,0.07776656527376735,0.056010503200788306,0.021756062072979046,1.2128731897118032,0.961655,0.7104368102881969,0.19009999999999996,4340784.55,14.621037622024788,1.15534,0.07323102484601868
2022-11-09,1.0471,1.0716,0.7199,0.8166,5829945,2022-11-09 23:59:59.999,5352025.42840,6148,3003617,2787588.07720,0,44.2313395946614,0.0540826423839289,0.055624931037416434,-0.0015422886534875307,1.2125567880128125,0.96187,0.7111832119871876,0.20694999999999997,4391893.25,-13.302898396857413,1.08588,0.16733139872719
2022-11-10,0.8067,1.2469,0.7739,1.1304,6130050,2022-11-10 23:59:59.999,6213894.47320,7413,3370183,3380394.51170,0,58.38766587405079,0.05994301456557771,0.0564885477430487,0.0034544668225290134,1.2302917064703314,0.97689,0.7234882935296687,0.22980714285714285,4487177.85,21.626856036152365,1.0757400000000001,0.16155515466860781
2022-11-11,1.1267,1.23,0.91,1.0708,6381617,2022-11-11 23:59:59.999,6755141.05260,6953,3379834,3605075.43180,0,54.83459605430951,0.05909694702053825,0.05701022759854661,0.002086719421991637,1.2356561320136878,0.9889800000000001,0.7423038679863123,0.24173571428571425,4614130.4,17.15536105032822,1.0618599999999998,0.15756452011794317
2022-11-12,1.0613,1.0999,0.8522,0.9378,5575678,2022-11-12 23:59:59.999,5388251.72640,7638,2676853,2600870.93610,0,50.288937809576225,0.04715091749641276,0.05503836557811985,-0.00788744808170709,1.2356408670842989,0.988875,0.7421091329157011,0.24575714285714284,4712348.4,3.5442199403776105,1.00012,0.12404246047220033
2022-11-13,0.9378,1.0192,0.7855,0.8863,4660726,2022-11-13 23:59:59.999,4263671.36430,6055,2655516,2446967.92970,0,49.07028260723636,0.03314589815419011,0.05065987209333391,-0.0175139739391438,1.2358201413727505,0.9886199999999998,0.7414198586272491,0.25748571428571426,4716163.35,1.850149390944611,0.96838,0.1298554658071704
2022-11-14,0.8863,1.0452,0.7614,0.9075,4508489,2022-11-14 23:59:59.999,4093562.33600,5874,2148594,1961512.12530,0,50.05989617995474,0.023486741710520453,0.04522524601677123,-0.021738504306250774,1.2359364103957016,0.9882499999999999,0.7405635896042982,0.2677928571428571,4733579.85,3.6432160804020017,0.9865599999999999,0.10778034607477054
2022-11-15,0.9128,1.0452,0.8535,0.9365,5363486,2022-11-15 23:59:59.999,5030077.90790,6461,2381146,2260990.03100,0,52.21576097854422,0.017964761685303254,0.03977314915047764,-0.021808387465174384,1.2359510430614913,0.98841,0.7408689569385087,0.2757,4823324.15,-2.152335179187123,0.9477800000000001,0.07204690833059438
2022-11-16,0.9445,0.9789,0.7961,0.9055,5252996,2022-11-16 23:59:59.999,4824018.79960,6991,3305685,3052838.49000,0,50.98245383452717,0.010960762956881975,0.03401067191175851,-0.023049908954876533,1.2360607014703242,0.9881,0.7401392985296756,0.28099999999999997,4795816.45,-22.201220036085573,0.91472,0.02209008827499061
2022-11-17,0.9021,0.9365,0.7777,0.8782,4825924,2022-11-17 23:59:59.999,4278597.49470,6593,3534236,3140564.76480,0,47.311754684838164,0.0031706128083253127,0.027842660091071867,-0.024672047282746554,1.23697685769615,0.984915,0.73285314230385,0.27594285714285716,4841856.45,-25.645584624502586,0.9028,0.022596902442520914
2022-11-18,0.8782,0.9266,0.79,0.8763,4393881,2022-11-18 23:59:59.999,3881697.37310,6035,2315145,2062618.03090,0,38.61080310470458,-0.003120480473972176,0.021650031978063058,-0.024770512452035234,1.237877488900016,0.9822599999999999,0.7266425110999839,0.26290714285714284,4882127.2,-23.14506226977724,0.9007999999999999,0.02476126006480276
2022-11-19,0.882,0.955,0.81,0.8795,3474801,2022-11-19 23:59:59.999,3031720.39150,4449,2462759,2154975.16530,0,37.92247316995034,-0.007758568025926338,0.01576831197726518,-0.023526880003191517,1.2385464666973918,0.980535,0.7225235333026083,0.25739999999999996,4916995.85,-29.44243882872042,0.8952,0.026002307589842167
2022-11-20,0.8787,0.9,0.7263,0.8006,4275496,2022-11-20 23:59:59.999,3564639.95050,5113,2017257,1711233.44910,0,36.80242499611378,-0.01759799766889969,0.009095050048032202,-0.026693047716931893,1.2437772339364963,0.97528,0.7067827660635038,0.2585285714285714,4903744.55,-23.387559808612437,0.8680199999999999,0.03954171215307458
2022-11-21,0.808,0.85,0.7184,0.7294,5494298,2022-11-21 23:59:59.999,4395390.39890,6114,3806185,3061008.72330,0,29.340791050739128,-0.03078617761517355,0.0011188045153910492,-0.0319049821305646,1.2550941048575994,0.96824,0.6813858951424006,0.2456285714285714,4966869.25,-10.678422728385984,0.8328,0.06682570613167065
2022-11-22,0.7987,0.9053,0.7294,0.8548,3725851,2022-11-22 23:59:59.999,3058662.60380,3951,2485206,2041129.54890,0,41.90913731495661,-0.030764538796839158,-0.005257864147054995,-0.025506674649784164,1.255614869315151,0.9671999999999998,0.6787851306848488,0.229,4922422.95,-24.380750176928526,0.82812,0.06359250742026437
2022-11-23,0.8533,0.9267,0.7644,0.8657,6836788,2022-11-23 23:59:59.999,5843622.05150,8505,3992644,3436669.04010,0,52.562898006054915,-0.029527476602453584,-0.010111786638134716,-0.019415689964318868,1.2545933870340447,0.9626300000000001,0.6706666129659555,0.21547142857142854,4994327.25,-19.153903623459094,0.826,0.06173430974746837
2022-11-24,0.8582,0.9453,0.7855,0.8572,3357681,2022-11-24 23:59:59.999,2879651.69040,4761,1859714,1603337.66620,0,29.06834201654918,-0.02889983554870479,-0.013869396420248732,-0.015030439128456056,1.2266947586932822,0.9472949999999999,0.6678952413067175,0.1931,4848065.95,-8.594583066751973,0.8215399999999999,0.05756785561401731
2022-11-25,0.8487,0.9027,0.7625,0.8469,4231120,2022-11-25 23:59:59.999,3510564.32190,4927,2324500,1958871.23120,0,31.443726172716723,-0.028900403548773768,-0.01687559784595374,-0.012024805702820027,1.1903966587067814,0.930585,0.6707733412932185,0.18025714285714287,4900437.5,-4.445447365451877,0.8308,0.05707919936365958
2022-11-26,0.843,0.88,0.78,0.8436,5519528,2022-11-26 23:59:59.999,4691999.92420,6799,3274824,2821124.57190,0,40.05489864864866,-0.02883474709812961,-0.019267427696388915,-0.009567319401740694,1.1584869637182027,0.9157549999999999,0.6730230362817972,0.16970714285714283,5043112.8,-7.041322314049582,0.8536400000000001,0.008742024936851108
2022-11-27,0.8436,0.8746,0.842,0.8516,3959934,2022-11-27 23:59:59.999,3406913.00570,4413,2905270,2504850.61510,0,45.966054405952114,-0.02781652911431276,-0.020977247979973686,-0.006839281134339074,1.0833968152413176,0.8960100000000001,0.7086231847586825,0.1553428571428571,4947877.0,-9.065670048051253,0.853,0.00875299948569192
2022-11-28,0.8452,0.9044,0.77,0.8284,3762614,2022-11-28 23:59:59.999,3103928.71140,4912,2944717,2433981.30510,0,40.84702615135385,-0.02855249474962096,-0.022492297333903143,-0.006060197415717818,1.0609896769984044,0.8851799999999999,0.7093703230015953,0.14467142857142856,4878045.15,-8.51463279955825,0.8455400000000001,0.010863608976600752
2022-11-29,0.8249,0.9269,0.75,0.8336,4353743,2022-11-29 23:59:59.999,3634799.14550,5532,2393868,2012268.92940,0,37.39897134459955,-0.02838890663198923,-0.023671619193520364,-0.004717287438468866,1.0606036351950967,0.8860299999999999,0.7114563648049032,0.1436142857142857,4804235.05,-5.078569801867453,0.8408200000000001,0.009582379662508375
2022-11-30,0.8418,0.95,0.788,0.9316,5755183,2022-11-30 23:59:59.999,5111024.21500,6489,4277159,3807604.22520,0,52.74563433620871,-0.0201195551821981,-0.022961206391255914,0.0028416512090578133,1.009974976555757,0.8760899999999999,0.7422050234442428,0.1421285714285714,4785491.7,6.310624215451331,0.8577600000000001,0.04223893938058276
2022-12-01,0.9316,0.95,0.82,0.9,5594039,2022-12-01 23:59:59.999,5124666.93320,5916,3837982,3547616.90650,0,52.27272727272727,-0.015932233616894997,-0.021555411836383733,0.005623178219488736,0.9663274851821724,0.8675499999999999,0.7687725148178275,0.14007142857142857,4746112.8,2.330869812393414,0.86904,0.04495562256266291
2022-12-02,0.9,1.0,0.82,0.9513,5322748,2022-12-02 23:59:59.999,4866488.79250,6366,3438386,3183241.28840,0,57.08884688090738,-0.008377696964684378,-0.018919868862043863,0.010542171897359485,0.9691841866468228,0.868225,0.7672658133531772,0.14317142857142853,4733466.3,18.823382463152644,0.8889799999999999,0.05603250842142189
2022-12-03,0.9508,0.9613,0.845,0.8977,3835885,2022-12-03 23:59:59.999,3533252.22100,5542,2933123,2722053.06870,0,51.57059026579221,-0.00663921158799885,-0.01646373740723486,0.00982452581923601,0.9703110547321853,0.8687950000000001,0.7672789452678149,0.14112142857142856,4692224.25,23.07375925418152,0.9028400000000001,0.04473301912454366
2022-12-04,0.8989,1.0,0.8227,0.9255,6048157,2022-12-04 23:59:59.999,5471821.31530,6753,3288379,3015631.68060,0,61.82093507476813,-0.0029838260468577626,-0.013767755135159439,0.010783929088301676,0.9729599627234853,0.8696950000000001,0.7664300372765149,0.14137857142857144,4769207.65,8.270940570893774,0.9212199999999999,0.022551873536291435
2022-12-05,0.9237,0.98,0.8359,0.9,4653661,2022-12-05 23:59:59.999,4303438.15040,5620,3688484,3431069.89120,0,67.67509324492335,-0.002120104314660476,-0.011438224971059646,0.00931812065639917,0.9673859040448393,0.8678699999999999,0.7683540959551606,0.14227142857142858,4733716.4,3.9621115859997684,0.9149,0.02333013073252803
2022-12-06,0.9,0.941,0.8347,0.9217,4391101,2022-12-06 23:59:59.999,3990391.92580,5506,3149779,2869307.77050,0,58.828186856690415,0.00031181561016246917,-0.009088216854815223,0.009400032464977693,0.9697373073478015,0.86868,0.7676226926521985,0.1373,4690621.65,7.524498366775549,0.9192400000000001,0.02183593368731623
2022-12-07,0.9217,0.97,0.8053,0.9004,4105025,2022-12-07 23:59:59.999,3653732.00010,4972,2235490,2006122.77510,0,54.45671718469047,0.0005144672252215265,-0.007167680038807874,0.0076821472640294,0.9717710488069058,0.8697900000000001,0.7678089511930943,0.13747142857142855,4654576.7,6.317156689101427,0.90906,0.013380695049092787
2022-12-08,0.9004,0.9913,0.8053,0.9304,4852275,2022-12-08 23:59:59.999,4383991.00060,6357,3820379,3467893.17960,0,58.90944498539436,0.003060539376903204,-0.005122036155665657,0.008182575532568861,0.9780117629484766,0.872495,0.7669782370515235,0.13934285714285713,4677496.4,10.289236605026076,0.9156000000000001,0.014393227573996456
2022-12-09,0.9304,0.9951,0.8432,0.9132,4709199,2022-12-09 23:59:59.999,4339786.60280,5741,3284658,3045006.76970,0,57.93631793152981,0.0036483675370310165,-0.0033679554171263224,0.007016322954157338,0.9812328959266536,0.87418,0.7671271040733463,0.14017857142857143,4739216.3,7.2334429309534976,0.91314,0.013286760327364935
2022-12-10,0.9123,0.98,0.86,0.9135,4437464,2022-12-10 23:59:59.999,4037102.86020,5826,2967363,2716253.87440,0,58.42777911743429,0.004091271451238998,-0.001876110043453258,0.005967381494692256,0.9823522826333453,0.879825,0.7772977173666547,0.14160714285714285,4747314.7,10.272815065185895,0.91584,0.011148677051419757
2022-12-11,0.9116,0.98,0.865,0.8971,3665674,2022-12-11 23:59:59.999,3343944.25830,4453,2777559,2544310.58750,0,55.376979437485225,0.003083389658083191,-0.000884210103145968,0.003967599761229159,0.9624724620055486,0.8882100000000002,0.8139475379944517,0.14749285714285712,4655883.5,7.617562380038388,0.91092,0.01316233261989784
2022-12-12,0.894,0.98,0.8,0.9128,5489672,2022-12-12 23:59:59.999,4879529.51960,6187,3796405,3405209.24110,0,60.15399422521656,0.003511021989279106,-5.16368466095289e-06,0.003516185673940059,0.9644026046385621,0.8911100000000001,0.817817395361438,0.15075,4744074.55,-2.018033490768574,0.9134,0.011780280132358484
2022-12-13,0.9128,0.98,0.825,0.9265,4799511,2022-12-13 23:59:59.999,4391547.86110,6095,3894723,3597948.12650,0,60.95260551756662,0.004898927411278398,0.0009756545345269176,0.00392327287675148,0.96804612909148,0.89415,0.82025387090852,0.14918571428571428,4642210.7,2.9444444444444406,0.9126200000000001,0.010424346502147545
2022-12-14,0.9265,0.9941,0.845,0.9051,6360454,2022-12-14 23:59:59.999,5860476.78850,6327,4579261,4274649.96070,0,46.18705035971223,0.004223366959440034,0.0016251970195095412,0.0025981699399304924,0.9684775846665475,0.896545,0.8246124153334525,0.1482642857142857,4792349.35,-4.856512141280355,0.9109999999999999,0.010928860873706245
2022-12-15,0.9047,0.99,0.81,0.8829,4569780,2022-12-15 23:59:59.999,4093758.36370,5466,3448650,3106670.45840,0,47.47116237799467,0.0018750119962112066,0.0016751600148498746,0.00019985198136133206,0.966762710080063,0.898345,0.8299272899199369,0.1518357142857143,4809282.35,-1.6486576807396718,0.90488,0.016384810038471455
2022-12-16,0.8809,0.95,0.75,0.7987,5865371,2022-12-16 23:59:59.999,5031305.87790,6606,4435188,3844712.23530,0,29.43396226415092,-0.006703044023369298,-4.8079279396044e-07,-0.006702563230575337,0.9743250195537108,0.8961,0.8178749804462893,0.1532642857142857,4826574.5,-13.700702323068615,0.8852,0.050869932179989114
2022-12-17,0.7987,0.8207,0.7202,0.8112,5741591,2022-12-17 23:59:59.999,4600870.73960,6179,2654825,2140078.83090,0,36.88996665656259,-0.012350204220779926,-0.0024704254783911544,-0.00987977874238877,0.9789478626173123,0.89408,0.8092121373826877,0.1521357142857143,4915657.35,-9.866666666666665,0.86488,0.05701036747817529
2022-12-18,0.8123,0.895,0.7289,0.8219,3966555,2022-12-18 23:59:59.999,3214631.20010,4489,1739178,1420727.06100,0,33.439897698209705,-0.0157803131592551,-0.0051324030145639445,-0.010647910144691155,0.9797245288733436,0.893755,0.8077854711266563,0.15133571428571427,4925854.4,-10.827818162091788,0.84396,0.04707109516461758
2022-12-19,0.8108,0.85,0.7,0.779,5649816,2022-12-19 23:59:59.999,4475915.57950,4803,2975628,2385570.37770,0,31.677771047849788,-0.021710110040861097,-0.008447944419823376,-0.01326216562103772,0.9878233661234955,0.8910250000000002,0.7942266338765048,0.15175714285714287,4990658.05,-13.482896490448685,0.81874,0.039256247910318204
2022-12-20,0.7765,0.88,0.7,0.8058,6116284,2022-12-20 23:59:59.999,4910952.40090,6081,4199883,3394471.59850,0,32.71696987772144,-0.023970661899203605,-0.011552487915699423,-0.012418173983504182,0.9866460298248797,0.884735,0.7828239701751204,0.15702142857142856,5008713.1,-13.392089423903702,0.8033199999999999,0.016017708949668464
2022-12-21,0.8042,0.83,0.72,0.7897,7143223,2022-12-21 23:59:59.999,5628390.20320,6817,3239073,2584555.15130,0,33.23235383217205,-0.026752910085663384,-0.014592572349692218,-0.012160337735971166,0.9892660688217676,0.8792199999999999,0.7691739311782322,0.15311428571428573,5086172.3,-13.523872098116518,0.80152,0.017133505187097033
2022-12-22,0.7897,0.87,0.74,0.7927,5705868,2022-12-22 23:59:59.999,4499234.84390,5776,4277430,3395062.85650,0,27.28472451336191,-0.02838854145584513,-0.0173517661709228,-0.011036775284922327,0.9823192877434109,0.8712899999999999,0.7602607122565889,0.14911428571428573,5105328.3,-13.223864258347021,0.79782,0.01650657444766369
2022-12-23,0.8002,0.86,0.74,0.8023,6663065,2022-12-23 23:59:59.999,5323500.03750,6049,3542278,2869800.51180,0,31.235194585448383,-0.028580690917316853,-0.019597551120201614,-0.00898313979711524,0.9809179315232971,0.8665199999999998,0.7521220684767026,0.14683571428571426,5246687.3,-10.567383792219372,0.7939,0.010644951855045975
2022-12-24,0.8013,0.86,0.73,0.7984,5802471,2022-12-24 23:59:59.999,4626011.87320,6164,3073672,2490083.85330,0,30.758943497158143,-0.028716640598899557,-0.021421369015941206,-0.007295271582958351,0.9748881775782509,0.860165,0.7454418224217491,0.14755,5234403.0,-12.53286590709903,0.79778,0.006637544726498254
2022-12-25,0.7984,0.859,0.75,0.7898,4636282,2022-12-25 23:59:59.999,3685876.55130,5684,2866119,2291205.19500,0,31.58256093374527,-0.029181938604710522,-0.022973482933695073,-0.00620845567101545,0.9718807287187873,0.8546549999999999,0.7374292712812126,0.1471214285714286,5233534.05,-14.754452239611446,0.79458,0.0055764684161438895
2022-12-26,0.7933,0.85,0.73,0.8076,6997873,2022-12-26 23:59:59.999,5571534.92900,6516,3780156,3070565.16230,0,32.07225630538515,-0.027793987599522896,-0.02393758386686064,-0.003856403732662255,0.9635128671353947,0.84895,0.7343871328646052,0.14283571428571426,5363872.65,-10.772290354656947,0.79816,0.00717655906380393
2022-12-27,0.8113,0.88,0.74,0.8121,5180324,2022-12-27 23:59:59.999,4194057.73290,6239,3389166,2764292.14610,0,29.873328641801578,-0.0260308466399084,-0.024356236421470195,-0.001674610218438205,0.9575446088134839,0.8445349999999999,0.7315253911865159,0.14176428571428573,5417637.6,-8.019028202514438,0.8020400000000001,0.00859144923725231
2022-12-28,0.8093,0.8777,0.74,0.7903,5816741,2022-12-28 23:59:59.999,4599855.54190,7389,4455342,3546160.91050,0,29.831342234715407,-0.026091851909271324,-0.024703359519030424,-0.0013884923902409002,0.945380092843176,0.8375299999999999,0.7296799071568237,0.14095,5465860.9,-1.0517090271691452,0.79964,0.010052512123657114
2022-12-29,0.7805,0.8279,0.74,0.7724,4552326,2022-12-29 23:59:59.999,3569362.32690,5292,3294184,2595594.17900,0,30.288976097038898,-0.02727022524670064,-0.02521673266456447,-0.0020534925821361696,0.9358965193228348,0.83049,0.7250834806771651,0.13437142857142859,5458017.25,-4.783037475345175,0.79444,0.015886251917814103
2022-12-30,0.8047,0.83,0.7324,0.7667,7027818,2022-12-30 23:59:59.999,5369054.71900,6801,4575442,3519825.29970,0,42.07135777998021,-0.02833738127748775,-0.02584086238714913,-0.0024965188903386185,0.9245881118036077,0.82315,0.7217118881963924,0.12705714285714284,5587534.95,-6.71614551648618,0.78982,0.020314699111634242
2022-12-31,0.7642,0.82,0.74,0.7618,5510467,2022-12-31 23:59:59.999,4229716.41180,5737,4568948,3513112.97260,0,37.28115345005149,-0.029241422255711358,-0.02652097436086158,-0.0027204478948497784,0.915066780433061,0.816385,0.717703219566939,0.12559285714285714,5679774.6,-2.207958921694479,0.7806599999999999,0.02061681352673582
2023-01-01,0.7618,0.8179,0.74,0.7663,5232235,2023-01-01 23:59:59.999,3986716.31080,5502,4585190,3500807.46090,0,35.21276595744682,-0.02925750652918313,-0.02706828079452589,-0.002189225734657241,0.8989669554124923,0.80906,0.7191530445875077,0.11929285714285713,5666902.75,-4.901960784313723,0.7715,0.011162660972911466
2023-01-02,0.7626,0.8179,0.74,0.775,4869963,2023-01-02 23:59:59.999,3768780.86520,5653,3796394,2944051.65890,0,48.69960988296489,-0.02824267219610066,-0.027303159074840842,-0.0009395131212598176,0.8734730187397174,0.8014849999999999,0.7294969812602824,0.11414285714285713,5670425.35,-1.861466379637829,0.76844,0.005253855726621032
2023-01-03,0.7844,0.8454,0.74,0.8083,5400540,2023-01-03 23:59:59.999,4232640.94680,5817,3925541,3081558.32220,0,50.77978789769185,-0.024469310001279942,-0.026736389260128668,0.0022670792588487254,0.8498727519618464,0.796645,0.7434172480381537,0.10881428571428571,5622429.65,1.9679576132206458,0.77562,0.018879804024305363
2023-01-04,0.7837,0.8807,0.74,0.8122,5827656,2023-01-04 23:59:59.999,4659738.21870,6057,3369662,2715913.11320,0,57.59621877110062,-0.020923008452616743,-0.025573713098626282,0.0046507046460095396,0.8286798808125215,0.7931100000000001,0.7575401191874787,0.11100714285714285,5685323.45,1.2339523868877003,0.7847200000000001,0.023823664705418718
2023-01-05,0.8105,0.821,0.75,0.7923,3184584,2023-01-05 23:59:59.999,2550663.62810,3831,2647024,2124639.43320,0,49.8787878787879,-0.019493592613035737,-0.024357689001508177,0.00486409638847244,0.8282631566408968,0.79279,0.7573168433591032,0.10679285714285713,5551284.1,-0.7640280561122237,0.7908200000000001,0.020101915331535908
2023-01-06,0.7923,0.828,0.749,0.7826,4445009,2023-01-06 23:59:59.999,3477752.74940,4922,1468391,1158155.20850,0,44.033918837068434,-0.01892531988842938,-0.02327121517889242,0.004345895290463038,0.8260045043863353,0.79136,0.7567154956136646,0.1038642857142857,5486455.0,-0.9116231957457566,0.7940799999999999,0.016043285199617046
2023-01-07,0.8011,0.87,0.75,0.8101,5863496,2023-01-07 23:59:59.999,4713100.30710,6252,2326749,1895306.54630,0,53.10015898251193,-0.016070686615436536,-0.021831109466201246,0.00576042285076471,0.8235778360339023,0.79077,0.7579621639660976,0.10314999999999998,5581302.05,0.30955918771669855,0.8010999999999999,0.012997499759426
2023-01-08,0.81,0.87,0.76,0.8442,5840683,2023-01-08 23:59:59.999,4717893.85430,6240,3377542,2766250.37880,0,62.69841269841269,-0.010930780927303263,-0.019651043758421652,0.008720262831118389,0.8340730347444263,0.79403,0.7539869652555737,0.10322142857142856,5590845.4,3.952715182859242,0.8082800000000001,0.02357831630961603
2023-01-09,0.8296,0.9,0.77,0.8487,5816830,2023-01-09 23:59:59.999,4973149.95620,5916,4052078,3496358.10930,0,60.228969636635135,-0.006420247628312281,-0.01700488453239978,0.010584636904087497,0.8429096766327153,0.7961750000000001,0.7494403233672848,0.10393571428571427,5575872.7,7.389598886498799,0.8155800000000001,0.02989861200785639
2023-01-10,0.846,0.9,0.77,0.8632,4808216,2023-01-10 23:59:59.999,4067829.15020,5607,2950044,2519073.07850,0,62.11474632527262,-0.0016564936461590518,-0.013935206355151632,0.01227871270899258,0.8552051785241297,0.79985,0.7444948214758702,0.10322142857142856,5459122.35,11.755567063697566,0.82976,0.03277213755610687
2023-01-11,0.8556,0.91,0.8047,0.8878,5896885,2023-01-11 23:59:59.999,5089091.85940,5849,3722899,3238088.86650,0,72.81235376696303,0.0040570628201564984,-0.010336752520090005,0.014393815340246504,0.872330155864028,0.8046050000000001,0.7368798441359723,0.10090714285714286,5468673.2,15.794965436285377,0.8507999999999999,0.028404313052712137
2023-01-12,0.9,0.95,0.81,0.9198,7482044,2023-01-12 23:59:59.999,6625649.63760,6660,2831226,2579945.15650,0,82.35294117647058,0.011039968167609882,-0.006061408382550027,0.01710137655015991,0.8955323949968593,0.8104799999999999,0.7254276050031404,0.10462857142857142,5509622.15,20.740351798372263,0.87274,0.03132455905510178
2023-01-13,0.9179,1.0003,0.83,0.9332,5293788,2023-01-13 23:59:59.999,4856512.37630,6210,3560766,3298713.18580,0,85.35031847133754,0.017454039671539467,-0.0013583187717321273,0.018812358443271594,0.918128287698687,0.8172200000000001,0.7163117123013131,0.10982142857142856,5484188.0,21.7799817303928,0.89054,0.03599163791766959
2023-01-14,0.9332,1.1028,0.87,1.05,3946346,2023-01-14 23:59:59.999,3916839.89560,5005,1575034,1565127.98580,0,91.47956246401841,0.031597781850725815,0.005232901352759463,0.026364880497966352,0.9741717001865589,0.8302299999999999,0.686288299813441,0.1207357142857143,5449691.2,35.483870967741936,0.9308,0.07203152087799343
2023-01-15,1.05,1.05,0.8943,0.9864,4506147,2023-01-15 23:59:59.999,4401733.44060,5521,2943624,2885346.63350,0,77.07257072570725,0.037245468380279645,0.011635414758263503,0.02561005362201614,0.998573322952776,0.83917,0.6797666770472239,0.12629285714285715,5325104.9,22.03389830508475,0.9554400000000001,0.06371834900558009
2023-01-16,0.9801,1.105,0.905,1.0238,4399842,2023-01-16 23:59:59.999,4418599.22980,5709,2265190,2311662.26250,0,78.5845588235294,0.04422932001021174,0.018154195808653153,0.026075124201558584,1.0285282168211949,0.849755,0.6709817831788053,0.1350142857142857,5286080.8,26.052696380201922,0.98264,0.056211280006748
2023-01-17,1.0223,1.105,0.91,0.9976,4275390,2023-01-17 23:59:59.999,4305970.48200,5719,3238564,3303251.87860,0,72.1093202522775,0.04710693231274876,0.023944743109472276,0.023162189203276486,1.0481759446434922,0.86012,0.6720640553565079,0.14141428571428571,5209013.25,25.911902057301532,0.9982000000000001,0.04388393783603624
2023-01-18,0.992,1.05,0.92,0.9344,3806524,2023-01-18 23:59:59.999,3742596.12460,5145,2642670,2630437.70560,0,62.53590480098481,0.04378304528695587,0.027912403544969,0.01587064174198687,1.0543124795560943,0.86822,0.6821275204439057,0.14065,5171723.15,19.39688218757987,0.9984400000000001,0.04344062614646679
2023-01-19,0.9388,1.0413,0.92,0.947,3538829,2023-01-19 23:59:59.999,3348398.40150,4722,2783882,2639260.76950,0,66.11122682774422,0.041685036417323906,0.030666930119439984,0.011018106297883922,1.0600602116092506,0.877235,0.6944097883907493,0.14424285714285712,4997273.7,16.899148253302048,0.9778400000000002,0.0367905966246405
2023-01-20,0.9502,1.1,0.8638,1.0223,4492166,2023-01-20 23:59:59.999,4318086.21750,5937,2809970,2718126.65830,0,71.96261682242991,0.04557309173123236,0.03364816244179846,0.011924929289433901,1.0755589777571977,0.8902599999999999,0.7049610222428022,0.15547142857142854,4946358.65,21.096896470030803,0.9850200000000001,0.04201145081994951
2023-01-21,1.0223,1.1,0.947,0.9958,3799533,2023-01-21 23:59:59.999,3871821.85140,5624,2884641,2956048.68450,0,67.04608041123555,0.04598597732781329,0.036115725419001425,0.009870251908811863,1.0830946168708655,0.9017350000000001,0.7203753831291346,0.15782857142857143,4874723.55,17.332390715211503,0.97942,0.03713276181483157
2023-01-22,0.9958,1.04,0.9146,1.0006,3418967,2023-01-22 23:59:59.999,3403130.67860,5451,1203912,1199617.33930,0,65.17268141249514,0.04616831245530195,0.038126242826261536,0.008042069629040416,1.089173711632945,0.913015,0.7368562883670551,0.15892857142857145,4802173.75,15.917516218721033,0.98002,0.0375221534562852
2023-01-23,0.9922,1.0191,0.9478,0.9995,3163061,2023-01-23 23:59:59.999,3155676.21370,5034,1907657,1915007.86750,0,64.72656250000001,0.04569728370954185,0.039640451002917604,0.006056832706624243,1.0955295346401777,0.9225749999999999,0.7496204653598222,0.15473571428571428,4690299.8,12.581662536607347,0.99304,0.027759376794104552
2023-01-24,0.9966,1.0471,0.9478,0.9599,3933458,2023-01-24 23:59:59.999,3947820.74140,5898,3175104,3194893.89420,0,59.002048035747535,0.04164850296902267,0.04004206139613862,0.0016064415728840528,1.0955261979230844,0.92996,0.7643938020769155,0.15254285714285712,4595589.9,4.359643400739294,0.99562,0.02251459526611749
2023-01-25,0.9595,1.05,0.9,0.9941,2605050,2023-01-25 23:59:59.999,2512874.09970,3766,1539448,1493149.80290,0,59.7219681726724,0.04072995961996606,0.04017964104090411,0.0005503185790619522,1.0945170225407386,0.9400499999999999,0.7855829774592613,0.15573571428571428,4566613.2,6.52593227603943,0.9899799999999999,0.01702254387560971
2023-01-26,0.9941,1.2,0.9,1.1226,5008302,2023-01-26 23:59:59.999,5220586.43490,6472,3059145,3207394.95300,0,65.76492537313433,0.049796856316631444,0.04210308409604958,0.007693772220581867,1.1133824999041653,0.95705,0.8007175000958346,0.1671642857142857,4594777.85,6.914285714285715,1.01534,0.06224470258581981
2023-01-27,1.1278,1.29,0.9763,1.1528,5256258,2023-01-27 23:59:59.999,5881234.73050,6247,3159763,3561528.21750,0,66.63636363636364,0.05874218157679234,0.04543090359219813,0.013311277984594208,1.1376609827844417,0.9741850000000001,0.8107090172155584,0.17740714285714285,4564415.95,16.869424168694238,1.0457800000000002,0.08593984524071062
2023-01-28,1.1466,1.25,1.0044,1.1479,4191838,2023-01-28 23:59:59.999,4741192.63000,6013,2419418,2760356.67060,0,58.9308520343003,0.0646903175318837,0.04928278638013525,0.01540753115174845,1.158335896278611,0.9893700000000001,0.8204041037213892,0.17832142857142858,4481973.7,12.121508107052147,1.07546,0.09141221471990169
2023-01-29,1.1469,1.3,1.0365,1.1824,5066970,2023-01-29 23:59:59.999,5884025.26470,6199,2819062,3315684.61580,0,68.8824662813102,0.07136546316585113,0.053699321737278434,0.017666141428572694,1.1822813792308455,1.006055,0.8298286207691543,0.18602142857142856,4444480.7,18.5244587008821,1.11996,0.07349416983678088
2023-01-30,1.1811,1.26,0.9819,1.0849,3930904,2023-01-30 23:59:59.999,4428021.35320,5544,2569634,2926943.17110,0,55.27542738732516,0.0680042187119414,0.05656030113221103,0.011443917579730373,1.1831242655826892,1.01714,0.8511557344173107,0.19160000000000002,4400615.1,16.106592465753423,1.13812,0.03655512275998628
2023-01-31,1.0899,1.19,0.9955,1.1021,4251913,2023-01-31 23:59:59.999,4675187.52500,6156,2002184,2211218.24260,0,59.16505876162076,0.0659678680006226,0.05844181450589334,0.007526053494729255,1.1861746829202624,1.027855,0.8695353170797375,0.19156428571428571,4318366.5,16.378035902851124,1.13402,0.039741753861620745
2023-02-01,1.1156,1.28,0.9642,1.1997,3219558,2023-02-01 23:59:59.999,3582719.03080,5197,2557420,2855664.30260,0,71.94375516956163,0.07140642094188965,0.06103473579309261,0.010371685148797036,1.2091800866392823,1.04185,0.8745199133607175,0.2048357142857143,4105242.2,17.35302748703903,1.1434000000000002,0.0495955643177662
2023-02-02,1.1958,1.3339,1.1015,1.1838,4197791,2023-02-02 23:59:59.999,5134730.01800,6724,3111883,3829577.09820,0,69.48009213557091,0.07358527101334533,0.06354484283714316,0.010040428176202168,1.2249529737338083,1.05438,0.8838070262661919,0.2127714285714286,4050442.35,18.879293030729055,1.1505800000000002,0.05289855385544782
2023-02-03,1.1845,1.3742,1.0818,1.2478,3817431,2023-02-03 23:59:59.999,4577348.98980,5998,2591026,3111839.82830,0,68.90192791282482,0.07955918179852173,0.06674771062941888,0.012811471169102848,1.255464462593166,1.06427,0.8730755374068342,0.2167857142857143,4043996.6,24.705176893863694,1.16366,0.0685142539913978
2023-02-04,1.2473,1.3666,1.1188,1.2566,3526176,2023-02-04 23:59:59.999,4398257.20320,6200,2436606,3042820.21870,0,72.52937111264686,0.08403493319091337,0.07020515514171778,0.013829778049195593,1.2834442496374163,1.07778,0.8721157503625836,0.22355714285714287,3994998.05,25.722861430715344,1.198,0.06187758075424336
2023-02-05,1.2439,1.3119,1.102,1.2114,3083866,2023-02-05 23:59:59.999,3782178.79090,5547,2409876,2959262.50960,0,67.02196382428941,0.08297821495770541,0.07275976710491532,0.010218447852790094,1.2994632825687067,1.08716,0.8748567174312931,0.22959285714285715,3929199.25,26.200645900614656,1.2198600000000002,0.03126016634629443
2023-02-06,1.21,1.31,1.09,1.1928,3977769,2023-02-06 23:59:59.999,4797456.05040,6316,3021567,3655820.89430,0,65.17983351656981,0.07972092044499024,0.0741519977729303,0.005568922672059939,1.3098340731053038,1.0969200000000001,0.8840059268946965,0.24021428571428574,3914318.2,19.987928779800836,1.21848,0.03250033845974519
2023-02-07,1.1909,1.38,1.13,1.2723,3376430,2023-02-07 23:59:59.999,4160438.44510,5927,2174389,2686882.56300,0,73.08601832692877,0.08260228889861798,0.07584205599806784,0.006760232900550139,1.3260539346194435,1.113815,0.9015760653805565,0.25097857142857144,3892813.5,13.33511491181186,1.2361799999999998,0.032986845863132434
2023-02-08,1.2723,1.45,1.15,1.3,4177269,2023-02-08 23:59:59.999,5426923.70460,7045,2647106,3458454.45950,0,72.82495149977616,0.08612812128936764,0.07789926905632781,0.008228852233039832,1.3440048516191534,1.131465,0.9189251483808464,0.26169285714285717,3924735.5,12.768910478834142,1.24662,0.04400434069495983
2023-02-09,1.3103,1.4333,1.1326,1.236,5469927,2023-02-09 23:59:59.999,7075270.59010,7254,3606719,4696476.52680,0,59.362615587846754,0.0828035954269708,0.07888013433045642,0.003923461096514383,1.3530627182908097,1.14215,0.9312372817091902,0.26174285714285717,3973623.55,7.67488457182682,1.2425000000000002,0.04380022830988536
2023-02-10,1.2325,1.4006,1.1366,1.2344,4984660,2023-02-10 23:59:59.999,6319816.19290,6851,3315434,4227988.00110,0,57.07105719237434,0.07912764387749216,0.07892963623986357,0.00019800763762858886,1.356977470607507,1.15408,0.9511825293924929,0.25819285714285717,4032879.9,4.397834912043306,1.2471,0.04082413501836995
2023-02-11,1.2344,1.3666,1.13,1.2578,3481078,2023-02-11 23:59:59.999,4315301.10860,5766,2625745,3264537.70410,0,59.22753988245174,0.07721255199254462,0.07858621939039978,-0.0013736673978551606,1.3613022272160884,1.16694,0.9725777727839118,0.25755000000000006,4035985.45,15.936952714535908,1.2601,0.027328739451320267
2023-02-12,1.2527,1.3981,1.155,1.2418,4054745,2023-02-12 23:59:59.999,5146475.78740,6146,2048530,2598693.46240,0,55.14731369150781,0.07355585547878185,0.0775801466080762,-0.004024291129294352,1.3591553284721245,1.179055,0.9989546715278753,0.2560928571428572,4080569.65,12.67580074403411,1.254,0.027328739451319882
2023-02-13,1.2383,1.3028,1.05,1.1881,4695308,2023-02-13 23:59:59.999,5582937.72530,6475,3398914,4062115.36580,0,59.677419354838705,0.06556891826168809,0.07517790093879859,-0.009608982677110495,1.3380923726578946,1.190465,1.0428376273421056,0.2542857142857143,4118662.15,-0.9669083937651125,1.23162,0.02602848439686902
2023-02-14,1.1881,1.3028,1.1561,1.2539,2289955,2023-02-14 23:59:59.999,2758155.63020,3429,1521470,1830582.69250,0,63.04572017875558,0.06381312507722225,0.07290494576648332,-0.009091820689261065,1.3209828058923645,1.203455,1.0859271941076354,0.2508714285714286,4102907.4,5.921608379793889,1.2352,0.027942172428035473
2023-02-15,1.2597,1.4,1.123,1.335,3758672,2023-02-15 23:59:59.999,4734638.72290,6477,1906780,2435134.96330,0,61.96709711657526,0.0681798042053221,0.07195991745425108,-0.0037801132489289763,1.3389931605775727,1.214075,1.0891568394224274,0.2481,4040425.9,6.988299406956239,1.25532,0.052579435143391584
2023-02-16,1.3326,1.5,1.239,1.3802,4290221,2023-02-16 23:59:59.999,5943887.37090,7084,2134033,2985079.26850,0,66.51530440632358,0.07442971173639368,0.07245387631067961,0.0019758354257140703,1.3671481363170364,1.225445,1.0837418636829634,0.2501428571428571,3992124.05,9.836065573770504,1.2798000000000003,0.07689424555841741
2023-02-17,1.3749,1.64,1.3,1.5215,4731030,2023-02-17 23:59:59.999,6916565.05970,7382,2545884,3752499.11450,0,70.36761422830779,0.08974995596459645,0.07591309224146298,0.013836863723133475,1.4333257775103112,1.244125,1.0549242224896886,0.2535428571428571,4019083.65,25.598481096252275,1.33574,0.1274552588165681
2023-02-18,1.5215,1.64,1.357,1.4895,4348134,2023-02-18 23:59:59.999,6585638.28920,7513,2245554,3422081.04460,0,66.75298518198821,0.09817749824065691,0.08036597344130177,0.017811524799355147,1.4755301072484943,1.2594800000000002,1.043429892751506,0.2560571428571428,3983141.85,24.874245472837018,1.39602,0.11029001314715005
2023-02-19,1.4832,1.6541,1.35,1.4866,3561017,2023-02-19 23:59:59.999,5355654.87240,6447,2022495,3055260.42370,0,71.07843137254899,0.10343010260804752,0.08497879927465092,0.018451303333396604,1.501876306386674,1.279565,1.057253693613326,0.26278571428571423,3964647.5,16.843511750373334,1.4425599999999998,0.08036219882506108
2023-02-20,1.4817,1.5956,1.3631,1.4756,3379618,2023-02-20 23:59:59.999,5000734.99310,6188,2267776,3366262.16530,0,71.91568505889644,0.10548920742457257,0.08908088090463526,0.016408326519937316,1.5205327363445797,1.29824,1.0759472636554204,0.2636785714285714,3921032.75,13.507692307692306,1.47068,0.05338807919375558
2023-02-21,1.4756,1.5837,1.2544,1.3898,3626854,2023-02-21 23:59:59.999,5153955.87120,6215,2564939,3664571.09530,0,59.01765157329238,0.09905586552954704,0.09107587782961762,0.007979987699929414,1.528548789774835,1.3077450000000002,1.0869412102251652,0.2693428571428571,3941397.55,12.443365695792876,1.4726000000000001,0.04933979124397193
2023-02-22,1.3902,1.5016,1.21,1.3921,4565387,2023-02-22 23:59:59.999,6200389.41530,7181,2841502,3875625.82250,0,57.35505510301867,0.09307013195903346,0.0914747286555008,0.0015954033035326665,1.5339410527753181,1.31816,1.1023789472246819,0.2687428571428571,3959777.35,12.775437459494487,1.44672,0.051180631101996596
2023-02-23,1.3996,1.49,1.214,1.3573,3512901,2023-02-23 23:59:59.999,4818503.06670,6215,1854914,2567069.09730,0,60.16083095995978,0.08454375799969638,0.09008853452433993,-0.005544776524643552,1.5374469417175647,1.323635,1.109823058282435,0.2669785714285714,3944550.85,7.910637621243434,1.4202799999999998,0.05733294864210794
2023-02-24,1.3573,1.4676,1.143,1.2576,3523311,2023-02-24 23:59:59.999,4627422.18290,5920,1949272,2574905.86240,0,51.66906474820145,0.06894681249879486,0.08586019011923092,-0.016913377620436057,1.5374313944909421,1.323685,1.1099386055090579,0.2713071428571428,3944407.6,1.2723465936543756,1.37448,0.07862332351152841
2023-02-25,1.2683,1.3947,1.13,1.2497,3617088,2023-02-25 23:59:59.999,4517712.73270,6925,2150007,2693361.79320,0,49.40397350993378,0.05531106531149255,0.07975036515768325,-0.0244392998461907,1.5357669712144526,1.3256000000000001,1.1154330287855476,0.2733142857142857,3971068.7,5.184748758522018,1.3293,0.07047187382210235
2023-02-26,1.2495,1.393,1.121,1.32,4482490,2023-02-26 23:59:59.999,5703597.77340,7087,3080060,3932005.14600,0,55.32842736440447,0.04960543927800498,0.07372137998174759,-0.024115940703742608,1.5326927461287871,1.33196,1.131227253871213,0.2753785714285714,3996304.75,5.271552755403146,1.31534,0.061880877498612416
2023-02-27,1.3224,1.393,1.1588,1.2399,4927540,2023-02-27 23:59:59.999,6187273.43010,7246,3084162,3892342.84800,0,53.40699815837937,0.038180171710138655,0.06661313832742581,-0.028432966617287156,1.5336070051149573,1.33034,1.1270729948850429,0.27405,4073860.25,-7.123595505617974,1.2849,0.05119350544745098
2023-02-28,1.2399,1.3635,1.1,1.1971,5196337,2023-02-28 23:59:59.999,6357555.91550,7216,2748200,3394718.15840,0,46.14758545849159,0.025379404564828567,0.05836639157490636,-0.032986987010077795,1.5367361964357216,1.3251950000000001,1.1136538035642787,0.28239285714285706,4124813.65,-13.266193305318073,1.25286,0.04420795177338692
2023-03-01,1.1988,1.38,1.12,1.2526,4728268,2023-03-01 23:59:59.999,5839115.03620,7578,3043333,3789999.99680,0,44.210230466554236,0.019488439940271274,0.05059080124797934,-0.03110236130770807,1.536218633786072,1.326025,1.115831366213928,0.2811785714285714,4087730.7,-17.673348669076578,1.2518600000000002,0.044130409016891074
2023-03-02,1.2519,1.3239,1.0792,1.2301,5361110,2023-03-02 23:59:59.999,6537054.80780,7207,3796775,4671570.96940,0,39.105820873856864,0.012856049537096403,0.04304385090580276,-0.030187801368706357,1.536406655144087,1.32581,1.115213344855913,0.28001428571428566,4106553.2,-17.41524001342733,1.2479400000000003,0.04522712681564122
2023-03-03,1.2301,1.3,1.0792,1.1697,5687275,2023-03-03 23:59:59.999,6701887.03150,6849,3808454,4544646.24770,0,21.06907894736841,0.002694990964386079,0.03497407891751943,-0.03227908795313335,1.5414642788557413,1.321405,1.1013457211442585,0.27149999999999996,4216863.05,-21.31709942149872,1.21788,0.03388512948179513
2023-03-04,1.1708,1.25,1.0,1.131,5840589,2023-03-04 23:59:59.999,6730325.44920,7292,3648125,4253199.85370,0,20.839433870180557,-0.00838384399673342,0.026302494334668854,-0.03468633833140228,1.5495211511010376,1.315865,1.0822088488989625,0.26914285714285713,4306155.25,-23.353212252642994,1.1961,0.048177328693047736
2023-03-05,1.1895,1.25,1.051,1.1397,8053059,2023-03-05 23:59:59.999,9205900.64370,7562,4810219,5634939.40290,0,22.046736502820295,-0.016274283422149205,0.01778713878330524,-0.034061422205454446,1.5535854279955317,1.313445,1.0733045720044683,0.2616357142857143,4474042.8,-17.99539502086631,1.18462,0.054325933033846086
2023-03-06,1.1379,1.2407,1.054,1.1349,4706648,2023-03-06 23:59:59.999,5309885.53160,6901,3430955,3892928.47530,0,22.269249552335978,-0.022653695696510434,0.009698971887342103,-0.03235266758385254,1.559453613769432,1.307495,1.0555363862305682,0.2583642857142857,4594877.45,-18.475684218087775,1.16108,0.041489058798650336
2023-03-07,1.1349,1.2308,1.04,1.1535,4442371,2023-03-07 23:59:59.999,5091620.71480,6969,3420104,3938995.67540,0,28.404313653810988,-0.02590988826820073,0.0025771998562335347,-0.028487088124434266,1.5591298617236828,1.29842,1.037710138276317,0.24847142857142854,4629062.4,-15.015103514329919,1.1457600000000001,0.015855219960562508
2023-03-08,1.1524,1.2,0.944,1.0561,5391880,2023-03-08 23:59:59.999,5947128.55330,7022,3450079,3861326.24350,0,23.83992525692929,-0.03593556748228055,-0.005125353611469284,-0.030810213870811266,1.5611734860644138,1.282215,1.0032565139355865,0.2459285714285714,4684145.35,-16.022582697201017,1.12304,0.038374314326092486
2023-03-09,1.0541,1.2,0.98,1.0197,4313834,2023-03-09 23:59:59.999,4535414.98980,5391,2704061,2877526.72400,0,23.78067722895308,-0.046284625926561906,-0.013357208074487814,-0.03292741785207409,1.5357310707011949,1.2571249999999998,0.9785189292988047,0.24192857142857144,4663285.55,-18.40441706009442,1.1007799999999999,0.059221212415803116
2023-03-10,1.0197,1.114,0.95,1.0641,5441147,2023-03-10 23:59:59.999,5513921.12740,6664,3906043,3996926.33060,0,33.55989804587935,-0.050323522133032705,-0.020750470886196793,-0.029573051246835912,1.5045413283693667,1.235855,0.9671686716306331,0.23045714285714286,4717936.2,-19.386363636363637,1.08566,0.05638304709748869
2023-03-11,1.0604,1.1492,0.925,1.0597,4825724,2023-03-11 23:59:59.999,4933185.98190,6365,3350942,3474125.48720,0,33.76068376068376,-0.05326540922205614,-0.027253458553368668,-0.02601195066868747,1.4666415354291755,1.21451,0.9623784645708244,0.22756428571428566,4781171.55,-14.533430115331875,1.0706200000000001,0.04958459438169864
2023-03-12,1.0597,1.2,0.9505,1.1419,6228650,2023-03-12 23:59:59.999,6672909.88600,7801,3573655,3841808.91680,0,35.08125314122965,-0.048406028346253294,-0.031483972511945596,-0.016922055834307698,1.4195386215932124,1.197825,0.9761113784067874,0.22595714285714283,4923623.15,-4.611143597026158,1.0683,0.04477543969630643
2023-03-13,1.1536,1.26,1.0255,1.1939,5590294,2023-03-13 23:59:59.999,6419309.81570,6494,3166690,3689768.39790,0,45.95639943741208,-0.039899037308558816,-0.03316698547126824,-0.006732051837290573,1.390508111617499,1.18803,0.9855518883825007,0.2259785714285714,5021795.15,-4.686252594603223,1.09586,0.07044166380770445
2023-03-14,1.1946,1.3,1.08,1.1562,5233249,2023-03-14 23:59:59.999,6255639.39850,5766,2873139,3471556.14240,0,46.372183785701594,-0.03578673336382887,-0.03369093504978037,-0.0020957983140484984,1.3547220483285274,1.176235,0.9977479516714723,0.22287142857142858,5055188.25,-6.007641655149994,1.12316,0.05908094447448977
2023-03-15,1.1984,1.2884,1.0,1.1083,5863944,2023-03-15 23:59:59.999,6823724.22700,7579,2816894,3349179.81130,0,37.025714799496484,-0.03597809940868335,-0.03414836792156097,-0.0018297314871223783,1.3227648434756936,1.163785,1.0048051565243066,0.22489999999999996,5172740.4,-5.249209198939891,1.1320000000000001,0.05075490124113897
2023-03-16,1.1185,1.222,1.0,1.1509,4811103,2023-03-16 23:59:59.999,5445060.36050,6761,3267949,3709747.59300,0,43.12738632419299,-0.032319732641447496,-0.033782640865538276,0.0014629082240907795,1.3112138907457072,1.15845,1.0056861092542928,0.2232785714285714,5237130.0,1.7595048629531416,1.15024,0.030702898885900505
2023-03-17,1.1465,1.3,1.0874,1.2261,5157850,2023-03-17 23:59:59.999,6130922.27780,7542,3177791,3812142.01420,0,54.77157360406092,-0.023086314431887356,-0.03164337557880809,0.008557061146920737,1.307408141302139,1.15727,1.007131858697861,0.2226928571428571,5314168.1,7.580942353250859,1.16708,0.04482724617905811
2023-03-18,1.2195,1.3235,1.0693,1.1731,5242810,2023-03-18 23:59:59.999,6443519.07680,6955,2554077,3182220.79340,0,53.47761440607963,-0.019816983191555115,-0.029278097101357498,0.009461113909802383,1.2795093537500524,1.149925,1.0203406462499478,0.22299285714285713,5352184.1,3.3659353246982127,1.16292,0.04262724480889972
2023-03-19,1.1613,1.3,1.0455,1.1674,5188394,2023-03-19 23:59:59.999,6254630.85750,6279,2990401,3650897.53930,0,52.29951851236926,-0.01748440762500958,-0.026919359206087914,0.009434951581078335,1.269168830358479,1.1463,1.0234311696415213,0.22695714285714283,5365226.8,1.2050281751192045,1.1651600000000002,0.04247985404868849
2023-03-20,1.16,1.25,1.002,1.1053,5701925,2023-03-20 23:59:59.999,6485958.19990,7776,3170338,3636588.36750,0,47.756215888417216,-0.0204114848007928,-0.02561778432502889,0.00520629952423609,1.2634418519921962,1.14171,1.0199781480078038,0.23133571428571426,5390506.2,4.658649749076783,1.16456,0.04349284998707119
2023-03-21,1.1037,1.2518,0.98,1.1602,5390400,2023-03-21 23:59:59.999,6135809.82030,7542,2546023,2968393.13590,0,50.481391004454665,-0.018092682191497067,-0.02411276389832253,0.006020081706825463,1.247597878261556,1.1370900000000002,1.0265821217384443,0.23712142857142857,5423612.8,13.778562322251627,1.16642,0.04295820061406069
2023-03-22,1.1551,1.2359,0.9956,1.1101,6182122,2023-03-22 23:59:59.999,7028740.70240,7847,3488317,4019169.68190,0,54.162812210915824,-0.02006635328459594,-0.023303481775577214,0.0032371284909812753,1.233033800823256,1.13109,1.0291461991767439,0.236,5464663.4,4.322901982896348,1.14322,0.032789739248701114
2023-03-23,1.1101,1.23,1.0102,1.1403,3750010,2023-03-23 23:59:59.999,4208533.55750,6410,2857519,3215511.83410,0,59.38667496886676,-0.018974883590760605,-0.022437762138613895,0.0034628785478532896,1.2300563448578097,1.1296199999999998,1.02918365514219,0.23598571428571427,5367800.15,7.605926205529867,1.13666,0.02828962707420849
2023-03-24,1.1394,1.2178,0.9912,1.107,3624893,2023-03-24 23:59:59.999,4061679.95700,5067,2662131,3022125.47300,0,53.397750673214,-0.020559915784014837,-0.022062192867694085,0.0015022770836792473,1.2293591604147711,1.1284199999999998,1.0274808395852284,0.24045714285714284,5257015.35,-3.0563096593396915,1.1245800000000001,0.024527270537052406
2023-03-25,1.107,1.21,0.9649,1.0828,5401040,2023-03-25 23:59:59.999,5871731.14750,6722,2606650,2873971.01180,0,51.77392105667332,-0.0234979334193679,-0.02234934097802885,-0.001148592441339049,1.2283660066718256,1.125575,1.0227839933281744,0.24195000000000003,5124414.4,-9.305636988022446,1.12008,0.030327166039670585
2023-03-26,1.0757,1.2,0.9797,1.1097,5524719,2023-03-26 23:59:59.999,6113990.84320,7132,3937379,4391253.13240,0,47.29775092312856,-0.02338614742519285,-0.022556702267461655,-0.0008294451577311943,1.2272424302346683,1.124315,1.0213875697653316,0.2398642857142857,5165317.95,-4.021795537104307,1.10998,0.020414627108956168
2023-03-27,1.1083,1.1635,0.93,1.0487,4787043,2023-03-27 23:59:59.999,5073494.85800,6664,2104852,2246979.48610,0,37.99603174603173,-0.027898153869355458,-0.02362499258784042,-0.004273161281515038,1.2263262814300906,1.119075,1.0118237185699095,0.23979285714285714,5182551.55,-5.377605341514039,1.0977000000000001,0.03416233305846807
2023-03-28,1.0424,1.2,0.94,1.0924,4593569,2023-03-28 23:59:59.999,4914041.99760,6365,2142603,2343450.95910,0,44.77734119187951,-0.02762923408778084,-0.024425840887828506,-0.0032033931999523348,1.2248315807581442,1.12089,1.0169484192418556,0.24265,5142636.0,-5.082978538535059,1.08812,0.024610505886667057
2023-03-29,1.083,1.2,1.0287,1.1295,4325318,2023-03-29 23:59:59.999,4879901.03410,6516,2487352,2821285.58200,0,51.76666666666666,-0.02414413472514787,-0.024369499655292382,0.00022536493014451223,1.2187752744290412,1.12638,1.0339847255709587,0.2342857142857143,5143210.2,-7.878639588940545,1.09262,0.030320405670071174
2023-03-30,1.1251,1.2,1.05,1.0958,4347482,2023-03-30 23:59:59.999,4847300.53940,6451,3386661,3804346.64380,0,45.339198105227545,-0.02382681602536252,-0.024260962929306414,0.00043414690394389527,1.2168840116429256,1.127965,1.0390459883570746,0.22914285714285715,5088526.95,-6.589378569601903,1.09522,0.029821083145950462
2023-03-31,1.0958,1.225,1.05,1.1205,4815081,2023-03-31 23:59:59.999,5386999.24130,6701,3313588,3726292.11310,0,40.233074361820194,-0.021336303471110485,-0.02367603103766723,0.0023397275665567457,1.2140612136841962,1.131005,1.047948786315804,0.22645714285714286,5087994.8,-4.017474730169603,1.09738,0.0314772457498698
2023-04-01,1.1205,1.225,1.055,1.1851,4776215,2023-04-01 23:59:59.999,5356108.08550,6435,3249720,3665447.20550,0,51.086562839550886,-0.013988622085629787,-0.021738549247259743,0.007749927161629956,1.2195927556537505,1.133165,1.0467372443462495,0.22044285714285713,5015373.05,7.219759341355298,1.12466,0.037307278110279715
2023-04-02,1.1846,1.225,1.0982,1.13,2230574,2023-04-02 23:59:59.999,2568943.34820,2852,960863,1131239.09820,0,46.89162234042551,-0.01246791875414921,-0.01988442314863764,0.007416504394488429,1.2115316808890642,1.12997,1.0484083191109357,0.21132142857142858,4847387.05,-2.602999482847786,1.13218,0.03268175331890524
2023-04-03,1.13,1.21,0.99,1.0994,4356706,2023-04-03 23:59:59.999,4821091.51720,5908,2982056,3325234.42120,0,49.4825469215927,-0.01357542561690206,-0.018622623642290524,0.005047198025388465,1.2088015656244857,1.12713,1.0454584343755142,0.2093214285714286,4803559.9,-0.9638771281866637,1.12616,0.03591146056620031
2023-04-04,1.0994,1.2603,1.0957,1.1773,2086813,2023-04-04 23:59:59.999,2365783.71370,2423,1107525,1270161.45510,0,51.44157814871018,-0.00807417970462132,-0.016512934854756682,0.008438755150135362,1.2146952993154232,1.13058,1.0464647006845766,0.20166428571428568,4614703.35,3.2447601508374917,1.1424600000000003,0.037160637777059274
2023-04-05,1.178,1.2736,1.0957,1.2492,1157104,2023-04-05 23:59:59.999,1332625.84690,2066,467869,547402.80330,0,61.3107822410148,0.002063539226135669,-0.01279764003857821,0.01486117926471388,1.234737106407445,1.1354950000000001,1.0362528935925552,0.1972071428571429,4432003.4,12.845528455284564,1.1682,0.05727586751850971
2023-04-06,1.1453,1.2492,1.002,1.1201,1780190,2023-04-06 23:59:59.999,1990101.83470,5460,1277609,1432567.26560,0,48.58503782572149,-0.00031589510704499446,-0.010301291052271568,0.009985395945226573,1.2199298955181879,1.130195,1.0404601044818123,0.19916428571428574,4263120.4,3.4447728112301546,1.1552,0.05980196485064553
2023-04-07,1.1201,1.2213,1.0,1.1102,1308257,2023-04-07 23:59:59.999,1467237.03380,3402,959433,1078131.25280,0,50.23174971031286,-0.0029662679309667705,-0.008834286428010608,0.0058680184970438375,1.2148413914972784,1.12705,1.0392586085027218,0.19878571428571432,4066392.75,0.045057222672809503,1.15124,0.06248330176933539
2023-04-08,1.1102,1.2277,1.0,1.1195,1660249,2023-04-08 23:59:59.999,1868188.56080,3978,915541,1040393.21270,0,52.716506291635824,-0.0042670868906662385,-0.007920846520541733,0.003653759629875495,1.2104012222582115,1.124655,1.0389087777417885,0.19754285714285716,3889985.5,6.751215790979305,1.1552600000000002,0.058855526503446054
2023-04-09,1.1646,1.2081,1.0,1.1069,3285612,2023-04-09 23:59:59.999,3694564.48000,5905,1467594,1684885.81690,0,49.788263762855415,-0.006242747478571564,-0.0075852267121477,0.0013424792335761356,1.2104081432460596,1.1247349999999998,1.03906185675394,0.19667142857142858,3769169.85,1.3273526180886084,1.1411799999999999,0.06065803326846179
2023-04-10,1.1048,1.2114,1.075,1.1243,3467355,2023-04-10 23:59:59.999,3921694.59230,7035,2474968,2821655.54280,0,56.12046632124353,-0.006331453096120265,-0.007334471988942213,0.001003018892821948,1.2069731363211893,1.12294,1.0389068636788108,0.18973571428571434,3673017.6,-0.46038069942451276,1.1161999999999999,0.007317786550438267
2023-04-11,1.1232,1.2303,1.075,1.2,1904115,2023-04-11 23:59:59.999,2159925.48680,5737,1354852,1528521.44500,0,58.28201970443349,-0.0002900520489448333,-0.005925588000942737,0.005635535951997904,1.2179443487464254,1.127435,1.0369256512535745,0.1822571428571429,3459117.25,9.509034495345851,1.13218,0.038550706867680126
2023-04-12,1.2,1.22,1.1715,1.1876,688677,2023-04-12 23:59:59.999,826672.53280,183,17848,21468.71610,0,54.648743799007846,0.0034573710170637817,-0.004048996197341433,0.007506367214405215,1.224116577769134,1.1298,1.0354834222308658,0.1734857142857143,3306050.6,5.988398036590802,1.14766,0.04282152496114341
2023-04-13,1.1875,1.2504,1.1,1.1412,1069944,2023-04-13 23:59:59.999,1234370.87940,1281,331492,393040.33610,0,53.56022584692597,0.0026525614987849,-0.002708684658116166,0.005361246156901066,1.2253248433995452,1.13151,1.0376951566004549,0.17351428571428573,3178303.15,-3.7043287486288117,1.1520000000000001,0.04027809578415835
2023-04-14,1.1389,1.3,1.0559,1.1635,2226296,2023-04-14 23:59:59.999,2672053.33250,5481,1598047,1935047.81820,0,53.384760705289665,0.003770701488751138,-0.001412807428742705,0.005183508917493843,1.227461311478244,1.135545,1.043628688521756,0.17845000000000003,3019565.95,2.9646017699115124,1.1633200000000001,0.03141189265227192
2023-04-15,1.1635,1.3,1.0577,1.2886,1151691,2023-04-15 23:59:59.999,1381970.16870,1866,435616,509639.61790,0,57.4385510996119,0.014583253315775924,0.0017864047201610214,0.012796848595614902,1.2580806760442378,1.1444899999999998,1.0308993239557618,0.18361428571428576,2800914.55,17.209386938330002,1.19618,0.05639248176838755
2023-04-16,1.252,1.3,1.0593,1.1852,1600097,2023-04-16 23:59:59.999,1921615.94110,3777,795805,963958.18160,0,53.70967741935485,0.01464000186041603,0.004357124148212025,0.010282877712204005,1.2567848415361518,1.1513149999999999,1.045845158463848,0.19175000000000003,2641567.25,0.6710269260171594,1.19322,0.05653009817785491
2023-04-17,1.1852,1.23,1.0494,1.155,2840223,2023-04-17 23:59:59.999,3282709.61820,5977,1847499,2186258.82100,0,53.73856912318452,0.012108508533733353,0.005907401025316291,0.006201107508417062,1.2562033613529626,1.1544450000000002,1.0526866386470377,0.1889357142857143,2553899.95,-7.5408261287223874,1.1867,0.059159192016100946
2023-04-18,1.1493,1.3,1.1,1.1706,2275901,2023-04-18 23:59:59.999,2702375.68830,6048,1433477,1720223.05630,0,49.508292969323364,0.011231600559452382,0.006972240932143511,0.0042593596273088705,1.2577962305111423,1.1565,1.0552037694888579,0.1914642857142857,2451429.1,4.508526024462101,1.19258,0.05480722580096453
2023-04-19,1.1706,1.28,1.0,1.1167,1972602,2023-04-19 23:59:59.999,2295565.66840,4122,1113543,1328586.89640,0,40.01206090758329,0.006116853849580384,0.006801163515630887,-0.0006843096660505031,1.2566112824363898,1.157545,1.0584787175636103,0.19875714285714288,2332685.1,0.5854800936768104,1.18322,0.06420554493186618
2023-04-20,1.1167,1.1967,1.02,1.0972,1909659,2023-04-20 23:59:59.999,2094885.25960,4737,1351926,1490075.72900,0,47.93209319125879,0.00048431037205021177,0.005537792886914751,-0.00505348251486454,1.2578005958527896,1.15638,1.0549594041472103,0.19372142857142857,2187414.0,-1.9919606967396148,1.14494,0.03693613406946911
2023-04-21,1.1307,1.1609,1.02,1.02,2472745,2023-04-21 23:59:59.999,2624757.01990,3364,871072,946001.29880,0,42.73752012882447,-0.01009257480689274,0.0024117193481532524,-0.012504294155045993,1.2653480599730718,1.148125,1.0309019400269284,0.18797857142857147,2072240.5,-7.850754359020687,1.1118999999999999,0.05913552231947996
2023-04-22,1.02,1.1268,1.0,1.0322,3475207,2023-04-22 23:59:59.999,3718034.58210,4414,1841761,2000873.27620,0,43.003686488219266,-0.017291073738464835,-0.0015288392691703663,-0.015762234469294468,1.2712997578785934,1.143235,1.0151702421214066,0.18077142857142856,2134472.15,-8.191763764119903,1.08734,0.06218229651595101
2023-04-23,1.0312,1.1253,0.9735,1.059,3970681,2023-04-23 23:59:59.999,4153105.35410,5096,1767455,1891962.71350,0,46.24666980097163,-0.02059598231746329,-0.005342267878828953,-0.015253714438634339,1.2733992298897843,1.141215,1.009030770110216,0.17675,2115170.9,-11.750000000000002,1.0650199999999999,0.04137199535915083
2023-04-24,1.0787,1.1083,0.897,1.0498,3472225,2023-04-24 23:59:59.999,3531391.29180,5427,1798096,1854063.72980,0,44.08636291474836,-0.023684489240411333,-0.009010712151145432,-0.014673777089265901,1.2719046777791891,1.13484,0.997775322220811,0.1821,2184441.5,-11.6032334119232,1.05164,0.029632212202222806
2023-04-25,1.0684,1.1151,0.8759,1.0716,4039448,2023-04-25 23:59:59.999,3952967.29100,4591,1311348,1332232.26760,0,38.85416666666668,-0.024095319573314455,-0.012027633635579238,-0.012067685937735217,1.2545809837999222,1.1259599999999998,0.9973390162000775,0.18809285714285712,2328558.7,-6.098843322818076,1.04652,0.020639089127128467
2023-04-26,1.09,1.1067,0.9005,0.9834,5048971,2023-04-26 23:59:59.999,5075101.37000,9290,3146133,3149653.87070,0,34.335685793188105,-0.031178502089710847,-0.015857807326405564,-0.015320694763305283,1.262714779360571,1.119125,0.9755352206394289,0.19935714285714284,2491997.75,-15.479157713794578,1.0392000000000001,0.03433948165009968
2023-04-27,0.9834,1.13,0.95,1.1136,3066552,2023-04-27 23:59:59.999,3158606.78750,5861,1782526,1827309.56270,0,48.123980424143554,-0.02598636870979676,-0.017883519603083802,-0.008102849106712957,1.262848334669426,1.119295,0.9757416653305739,0.20147142857142855,2579912.5,-13.580630141238556,1.05548,0.04711148479933077
2023-04-28,1.098,1.1153,0.95,1.0066,2174024,2023-04-28 23:59:59.999,2258481.34860,3820,1139521,1188315.08020,0,40.43642569791539,-0.030157929523712435,-0.02033840158720953,-0.009819527936502905,1.2657916998790286,1.11365,0.9615083001209714,0.19584285714285715,2605601.25,-15.069186635167068,1.0450000000000002,0.051734128000745755
2023-04-29,1.0021,1.1192,0.91,1.0079,4240434,2023-04-29 23:59:59.999,4318664.81460,6513,1767144,1838957.13450,0,29.84924623115579,-0.03297886258847571,-0.02286649378746277,-0.01011236880101294,1.2680382103047882,1.1087000000000002,0.9493617896952123,0.19347857142857144,2653342.35,-12.735930735930737,1.03662,0.054101589625421546
2023-04-30,1.0073,1.0894,0.8792,0.9842,4636767,2023-04-30 23:59:59.999,4608035.92750,7995,2616853,2629818.98440,0,33.706225680933855,-0.03670376612823656,-0.02563394825561753,-0.011069817872619028,1.2702002861890653,1.1016949999999999,0.9331897138109345,0.1913,2711812.95,-15.923458055697942,1.01914,0.05409351162567898
2023-05-01,0.9842,0.9941,0.9,0.9671,2733712,2023-05-01 23:59:59.999,2650685.33620,5800,1962932,1921151.33470,0,34.43763458671525,-0.04056796387445094,-0.02862075137938422,-0.011947212495066722,1.2621035228840616,1.0900500000000002,0.9179964771159389,0.1851214285714286,2753292.8,-13.396615026417127,1.01588,0.057188521575552716
2023-05-02,0.963,1.07,0.9,1.0379,3817708,2023-05-02 23:59:59.999,3807319.08130,5236,2226630,2240215.08560,0,39.930186674760954,-0.037485293004682285,-0.030393659704443833,-0.007091633300238452,1.2497047684888312,1.082565,0.9154252315111688,0.18297857142857143,2909744.35,-5.404666423623762,1.00074,0.026794085168137714
2023-05-03,1.0157,1.04,0.958,1.0,3210276,2023-05-03 23:59:59.999,3252162.11590,5674,1905558,1945890.57940,0,40.92393840410639,-0.037666274026890045,-0.031848182568933084,-0.0058180914579569615,1.2441382860317565,1.0755050000000002,0.9068717139682437,0.16883571428571426,3016760.95,-1.960784313725492,0.99942,0.02659505593145865
2023-05-04,0.9915,1.04,0.92,0.9902,2687839,2023-05-04 23:59:59.999,2669811.06690,5799,2020368,2029906.60580,0,41.55085281111813,-0.03816058936876909,-0.03311066392890029,-0.005049925439868805,1.2342404389102415,1.06684,0.8994395610897585,0.16478571428571429,3039838.1,-4.068978880062007,0.99588,0.026361088748331384
2023-05-05,0.9857,1.04,0.92,1.0062,2007142,2023-05-05 23:59:59.999,1998444.76950,5806,1623493,1620189.07680,0,48.79370629370629,-0.036836641680853655,-0.03385585947929096,-0.0029807822015626914,1.185401678424137,1.05272,0.9200383215758631,0.16329285714285716,3082610.65,-4.985835694050988,1.00028,0.025753193976620004
2023-05-06,1.0283,1.084,0.92,1.0118,2958388,2023-05-06 23:59:59.999,2939645.04470,5778,1631923,1625307.73960,0,48.195967456667844,-0.03493284629367355,-0.03407125684216748,-0.0008615894515060646,1.1621410888387855,1.04405,0.9259589111612144,0.16595,3150525.2,-3.61973709277958,1.00922,0.017924062039544615
2023-05-07,1.0313,1.0803,0.88,1.0242,5562982,2023-05-07 23:59:59.999,5638239.43260,5120,2550185,2643087.27160,0,46.842105263157904,-0.03205399980749335,-0.03366780543523266,0.0016138056277393079,1.1436081055437453,1.03751,0.9314118944562545,0.16941428571428574,3286663.15,-4.423292273236292,1.0064800000000003,0.012741742423916529
2023-05-08,1.028,1.0617,0.8,0.9427,4317581,2023-05-08 23:59:59.999,4145944.45750,4930,1537587,1490039.77280,0,41.408631477619124,-0.03593463005555764,-0.03412117035929765,-0.0018134596962599836,1.1203140116160721,1.0261149999999999,0.9319159883839275,0.1730142857142857,3388747.15,-4.138702460850119,0.99502,0.03169640358143807
2023-05-09,0.9249,0.9702,0.8913,0.9641,3347905,2023-05-09 23:59:59.999,3095497.33120,5425,1583821,1480598.06920,0,41.3710065821159,-0.036858375918792374,-0.0346686114711966,-0.0021897644475957767,1.1062943455041414,1.018485,0.9306756544958589,0.1615642857142857,3457512.3,-13.424928160919539,0.9898,0.034695893128688655
2023-05-10,0.9471,0.9717,0.82,0.9453,3107740,2023-05-10 23:59:59.999,2861546.56850,4539,1430298,1336512.35780,0,46.55826558265582,-0.038661785060428944,-0.03546724618904307,-0.003194538871385877,1.0962759325278748,1.01089,0.9255040674721253,0.15767142857142855,3517416.35,-6.0898072720047605,0.9776199999999999,0.038028765428256374
2023-05-11,0.9366,0.9453,0.82,0.9021,3083145,2023-05-11 23:59:59.999,2705328.73310,4503,1605033,1409707.39150,0,27.331189710610957,-0.043080276153615205,-0.036989852181957494,-0.00609042397165771,1.10306946097077,1.0049949999999999,0.9069205390292295,0.15376428571428574,3547936.35,-10.497073122333566,0.9556799999999999,0.04447732006312075
2023-05-12,0.9187,0.9408,0.8284,0.9327,2825043,2023-05-12 23:59:59.999,2480151.96390,3978,1288782,1144510.56100,0,40.52806972571137,-0.0436100879656145,-0.038313899338688895,-0.005296188626925602,1.1022887810571604,1.00002,0.8977512189428393,0.1499857142857143,3515428.15,-5.232676285307863,0.9373799999999999,0.022757240605952897
2023-05-13,0.9343,0.9503,0.82,0.8988,3179816,2023-05-13 23:59:59.999,2852256.68530,3200,1247239,1146335.87170,0,37.094866335462505,-0.046232475134951545,-0.03989761449794143,-0.006334860637010116,1.0997752790484523,0.99201,0.8842447209515476,0.14435,3475884.9,-7.062351359735283,0.9286,0.028045677028683158
2023-05-14,0.9149,0.9526,0.846,0.9281,2696863,2023-05-14 23:59:59.999,2404850.42680,2635,841211,774240.08520,0,43.4508522063974,-0.04542286422619912,-0.04100266444359297,-0.004420199782606153,1.0936944395700037,0.9859250000000002,0.8781555604299967,0.13695000000000002,3437116.8,-10.579053858753253,0.9214,0.020168291945457023
2023-05-15,0.9272,0.9651,0.88,0.9375,1265483,2023-05-15 23:59:59.999,1172901.99570,2185,537492,503692.71650,0,46.48121730860676,-0.04352105665693495,-0.04150634288626137,-0.002014713770673582,1.081069560885655,0.9792200000000001,0.8773704391143451,0.13630714285714288,3298418.55,-6.25,0.91984,0.018047659127908584
2023-05-16,0.9341,0.9523,0.85,0.9214,1233678,2023-05-16 23:59:59.999,1125068.58110,2109,466099,432796.81750,0,34.080349822355814,-0.04281940050828714,-0.04176895441066653,-0.0010504460976206095,1.0811581504625847,0.9761199999999999,0.871081849537415,0.1314714285714286,3107653.9,-6.948091294687939,0.9237,0.015133571951036304
2023-05-17,0.9206,0.9891,0.846,0.9454,1652914,2023-05-17 23:59:59.999,1496599.65890,1754,544884,511871.21410,0,42.24431818181819,-0.03986716961680192,-0.04138859745189361,0.001521427835091689,1.0511053400185573,0.96771,0.8843146599814427,0.1358357142857143,3036972.0,-6.042536275094411,0.92624,0.017844691087188943
2023-05-18,0.9633,0.9763,0.86,0.9082,2841955,2023-05-18 23:59:59.999,2630648.59670,4253,1295654,1218966.40410,0,39.19346336320506,-0.040067362854335764,-0.041124350532382045,0.0010569876780462811,1.0481130369334533,0.96279,0.8774669630665468,0.1355714285714286,3070368.55,-10.239177703103381,0.9281200000000001,0.014392254861459569
2023-05-19,0.9253,0.9679,0.9042,0.9562,1266868,2023-05-19 23:59:59.999,1184916.32810,2145,639304,603324.84370,0,43.9231891103549,-0.035938541455203254,-0.04008718871694629,0.004148647261743035,1.0428646948812605,0.9602049999999999,0.8775453051187393,0.13155,2921690.25,-6.639328256199955,0.93374,0.019099162285221412
2023-05-20,0.9562,0.9659,0.87,0.9627,560212,2023-05-20 23:59:59.999,513036.02030,325,80967,77507.28220,0,44.04559786563181,-0.03177563532818828,-0.03842487803919469,0.006649242711006413,1.0410315095289837,0.95913,0.8772284904710163,0.1266857142857143,2717862.5,2.1215657154980394,0.9387800000000001,0.023219862187300738
2023-05-21,0.9627,0.9652,0.87,0.9087,1144111,2023-05-21 23:59:59.999,1059584.26890,1297,403637,376082.56210,0,37.27693324520819,-0.03245967599416566,-0.03723183763018889,0.004772161636023231,1.0410273989100285,0.9562099999999999,0.8713926010899712,0.11917857142857145,2638382.45,-5.746291878435848,0.9362400000000001,0.02611097470408242
2023-05-22,0.9242,0.9584,0.87,0.9136,1936229,2023-05-22 23:59:59.999,1758441.37690,2689,819730,757833.22850,0,46.14365226610124,-0.032234811262448204,-0.036232432356640754,0.003997621094192549,1.0275107566323372,0.949995,0.8724792433676629,0.1068,2544308.5,-3.353432772664769,0.92988,0.027173277314251468
2023-05-23,0.9239,0.9618,0.85,0.922,3954127,2023-05-23 23:59:59.999,3676611.93350,7252,2026777,1912654.60760,0,44.221795223716725,-0.031021201444009217,-0.03519018617411445,0.004168984730105234,1.0208159679581261,0.9460949999999999,0.8713740320418736,0.10915,2581501.05,2.2059638620995488,0.9326399999999999,0.02503763167708203
2023-05-24,0.9382,0.9621,0.851,0.9452,3496148,2023-05-24 23:59:59.999,3191497.73840,7831,1831491,1689459.33740,0,49.986438839164634,-0.0278661373247876,-0.03372537640424908,0.005859239079461481,1.015626260565615,0.9438449999999999,0.8720637394343849,0.10625,2621916.5,1.3401951324112862,0.9304399999999999,0.02283644017786517
2023-05-25,0.9357,0.96,0.85,0.8959,4571554,2023-05-25 23:59:59.999,4216500.69150,7100,2852307,2667904.19520,0,49.17289220917823,-0.029009421706311378,-0.03278218546466154,0.003772763758350159,1.0068126247650035,0.93833,0.8698473752349964,0.10515714285714285,2750137.1,-0.3226524254561653,0.91708,0.018343036825923188
2023-05-26,0.8927,0.9837,0.86,0.9219,5726294,2023-05-26 23:59:59.999,5307236.41630,7439,3677748,3481931.33550,0,48.54132901134523,-0.027500491558430595,-0.03172584668341535,0.004225355124984752,0.9932087235871123,0.933835,0.8744612764128876,0.10596428571428572,2888532.4,-0.6680314621269241,0.9197200000000001,0.017776585723844215
2023-05-27,0.9219,0.9837,0.87,0.9254,4731532,2023-05-27 23:59:59.999,4455550.18690,8647,2676840,2548518.20890,0,53.91406709829311,-0.025725683134211308,-0.03052581397357454,0.004800130839363231,0.9703479016185672,0.928895,0.8874420983814328,0.10477857142857142,2846959.9,-1.2906666666666666,0.92208,0.017542719287419167
2023-05-28,0.9232,0.9596,0.8625,0.9454,2934600,2023-05-28 23:59:59.999,2702402.06110,4928,2215755,2063091.14670,0,52.61724659606656,-0.022446551939917403,-0.028909961566843112,0.006463409626925709,0.9706892745719579,0.92903,0.8873707254280422,0.10409999999999998,2777810.85,2.60473192967224,0.92676,0.02040399470685095
2023-05-29,0.9436,0.9728,0.88,0.9333,3036303,2023-05-29 23:59:59.999,2830219.54860,6353,1734755,1627182.33460,0,49.36974789915967,-0.020586873061881894,-0.02724534386585087,0.006658470803968974,0.9658360640945837,0.9274899999999999,0.8891439359054162,0.10465,2762230.75,-1.2798815316268246,0.92438,0.018301010900963772
2023-05-30,0.9522,0.99,0.9,0.9336,5110917,2023-05-30 23:59:59.999,4825028.43660,5815,2293876,2207218.31690,0,51.92186515437933,-0.018871319831946565,-0.025570539059070006,0.006699219227123441,0.9644557782520599,0.926905,0.8893542217479401,0.10377142857142856,2862389.6,2.7967408059898675,0.9319200000000001,0.009073973771023086
2023-05-31,0.9506,0.9844,0.9,0.9609,2479973,2023-05-31 23:59:59.999,2323655.83360,2911,985855,941236.81960,0,52.41658871219207,-0.015134389867388243,-0.023483309220733654,0.008348919353345412,0.9684122058670074,0.929845,0.8912777941329927,0.09957857142857142,2832231.0,0.491528968834964,0.93972,0.013825592211447389
2023-06-01,0.978,0.991,0.9,0.97,5312157,2023-06-01 23:59:59.999,4942171.22790,5127,2167687,2062346.13250,0,60.560492139439496,-0.011308198130285385,-0.021048287002644002,0.009740088872358617,0.974260274907502,0.93171,0.8891597250924981,0.09777142857142858,2956586.7,0.7582839929365299,0.9486399999999999,0.01642080996775913
2023-06-02,0.924,0.9801,0.9,0.9039,3711953,2023-06-02 23:59:59.999,3459783.22110,5457,2063977,1942449.50290,0,41.583521081429026,-0.01345453567950361,-0.019529536738015926,0.0060750010585123165,0.9737388913673022,0.9319649999999999,0.8901911086326977,0.09894285714285712,2983193.55,-0.5282271376691885,0.94034,0.026102164661139415
2023-06-03,0.9032,0.9987,0.9,0.9694,2700272,2023-06-03 23:59:59.999,2530535.90800,2963,963661,921419.03330,0,50.90614011360563,-0.009757739905477902,-0.01757517737150832,0.007817437466030419,0.9789631245761717,0.9340299999999999,0.8890968754238281,0.09914285714285713,2983364.0,6.107705779334509,0.94756,0.028546330762415938
2023-06-04,0.9891,1.0,0.9,0.9253,1279290,2023-06-04 23:59:59.999,1227762.10260,1765,562856,548378.08270,0,52.30683713173986,-0.010268139342859639,-0.016113769765778586,0.005845630422918947,0.9784858278751482,0.9334199999999999,0.8883541721248517,0.09948571428571427,2984054.35,0.3579175704989121,0.9459,0.029775913084190215
2023-06-05,0.9426,0.97,0.8868,0.9194,4182082,2023-06-05 23:59:59.999,3848910.76220,4185,1677245,1581282.58400,0,50.803769401330385,-0.011021664379636142,-0.015095348688550097,0.0040736843089139545,0.9785068448482037,0.9333199999999999,0.8881331551517961,0.0991142857142857,3131474.55,-2.729581041049518,0.9376,0.03032828712600217
2023-06-06,0.9214,0.9227,0.861,0.9069,929247,2023-06-06 23:59:59.999,826838.56260,537,148912,135163.55670,0,47.93093998355714,-0.012483580982470932,-0.014572995147334266,0.0020894141648633343,0.9776819073220584,0.931395,0.8851080926779415,0.09553571428571428,3095291.2,1.2278156044201372,0.92498,0.026342114569586052
2023-06-07,0.9089,0.9089,0.861,0.861,778584,2023-06-07 23:59:59.999,670883.24310,166,660,599.58800,0,39.138286893704844,-0.017148232668652508,-0.015088042651597916,-0.002060190017054592,0.9842528946964106,0.929035,0.8738171053035895,0.09102142857142856,2992122.65,-6.6059225512528545,0.9164,0.038912144633740986
2023-06-08,0.861,0.861,0.861,0.861,219530,2023-06-08 23:59:59.999,189015.33000,57,0,0.00000,0,44.84185634052616,-0.02060745284821175,-0.016191924690920685,-0.004415528157291064,0.9856976042736411,0.924275,0.8628523957263589,0.0831642857142857,2939755.75,-6.959152798789714,0.8947200000000001,0.03149074467200043
2023-06-09,0.861,0.8611,0.861,0.861,604559,2023-06-09 23:59:59.999,520525.41510,125,0,0.00000,0,40.24975984630162,-0.02308282532110628,-0.017570104816957807,-0.005512720504148475,0.9839658857012985,0.9191900000000001,0.8544141142987016,0.07433571428571427,2941973.1,-8.927438121430086,0.88186,0.028903598391845496
2023-06-10,0.861,0.861,0.7555,0.7555,3168900,2023-06-10 23:59:59.999,2542174.30690,562,0,0.00000,0,29.495534636736664,-0.03317512198424455,-0.020691108250415157,-0.012484013733829392,1.009339118076556,0.91153,0.8137208819234438,0.07374999999999998,3043212.55,-19.050680381442202,0.8490800000000001,0.055961209779605565
2023-06-11,0.7555,0.7555,0.685,0.715,611783,2023-06-11 23:59:59.999,454907.66430,96,45011,31111.58320,0,23.505059797608098,-0.04393489718203958,-0.02533986603674004,-0.018595031145299538,1.0330607165656946,0.9016,0.7701392834343053,0.07184999999999998,2976990.25,-23.414738646101117,0.8107,0.07034877397650177
2023-06-12,0.715,0.715,0.645,0.6487,1632298,2023-06-12 23:59:59.999,1081430.28040,214,204884,139011.72040,0,20.899795501022496,-0.057153126785075115,-0.031702518186407055,-0.02545060859866806,1.0607730595877847,0.887935,0.7150969404122154,0.07022142857142856,2860898.8,-32.49037360807576,0.7682399999999999,0.09286475650103668
2023-06-13,0.6487,0.741,0.5705,0.6977,2926708,2023-06-13 23:59:59.999,1861170.69510,2515,1127606,737691.89580,0,28.063976194904214,-0.06294913998648377,-0.0379518425464224,-0.02499729744006137,1.065708965426048,0.8755600000000001,0.6854110345739521,0.07597142857142855,2832426.8,-28.072164948453608,0.73558,0.07989610128158173
2023-06-14,0.7118,0.723,0.554,0.6237,937862,2023-06-14 23:59:59.999,607167.85060,1720,314742,206213.01440,0,21.14989733059548,-0.07267594075697215,-0.04489666218853235,-0.027779278568439793,1.0825038912541165,0.86195,0.6413961087458835,0.08201428571428569,2650742.2,-30.999004314636576,0.68812,0.05257910231257907
2023-06-15,0.6243,0.665,0.56,0.6034,3872497,2023-06-15 23:59:59.999,2250902.46690,2319,1199911,728638.12690,0,19.22431161853592,-0.08108781098163442,-0.05213489194715277,-0.028952919034481654,1.0927897835916143,0.846025,0.5992602164083858,0.0830142857142857,2558052.35,-37.75531256447287,0.6577000000000001,0.04761507114345822
2023-06-16,0.6033,0.6472,0.58,0.6209,1893925,2023-06-16 23:59:59.999,1141704.34280,195,65586,39670.97180,0,24.131627056672755,-0.08535821858236259,-0.05877955727419474,-0.02657866130816785,1.093973322916096,0.8308,0.567626677083904,0.08209285714285712,2416172.0,-32.897438668539934,0.63888,0.03663593863949092
2023-06-17,0.6209,0.6829,0.6041,0.63,100521,2023-06-17 23:59:59.999,63139.32220,57,5122,3200.49160,0,15.409702405218084,-0.08700531036547032,-0.06442470789244986,-0.02258060247302046,1.0869431293165135,0.8150299999999999,0.5431168706834864,0.08067142857142853,2274468.05,-31.477050250163146,0.63514,0.0363361115145324
2023-06-18,0.63,0.6761,0.6151,0.6151,504490,2023-06-18 23:59:59.999,314264.36580,62,8209,5254.09430,0,16.38491547464237,-0.08849285737086265,-0.06923833778813242,-0.019254519582730237,1.079015172858403,0.79912,0.5192248271415971,0.07788571428571427,2147877.4,-32.175543058771645,0.61862,0.010056689315897607
2023-06-19,0.6151,0.6597,0.58,0.58,1314576,2023-06-19 23:59:59.999,787051.29910,173,158055,96166.78320,0,15.409702405218084,-0.0914498488153056,-0.07368063999356705,-0.017769208821738547,1.0701023480086302,0.78144,0.49277765199136986,0.07763571428571428,1958060.35,-32.63646922183508,0.60988,0.01928929755062281
2023-06-20,0.58,0.665,0.58,0.6142,371777,2023-06-20 23:59:59.999,228693.64610,326,137078,83805.97480,0,21.432754245559224,-0.08999621135650382,-0.07694375426615441,-0.013052457090349412,1.0490062938951277,0.764105,0.47920370610487234,0.0793,1852650.55,-28.66434378629501,0.61204,0.0189845463468704
2023-06-21,0.6278,0.7,0.58,0.6641,333719,2023-06-21 23:59:59.999,205979.96230,108,4717,3134.59350,0,30.931628897927553,-0.08385109697873605,-0.07832522280867074,-0.005525874170065309,1.0196686961186907,0.74881,0.47795130388130924,0.08445000000000001,1603728.65,-22.868757259001157,0.62068,0.030414420921603933
2023-06-22,0.75,0.7618,0.66,0.667,704411,2023-06-22 23:59:59.999,488544.76750,512,386196,273007.94270,0,31.317411402157163,-0.07784964158898933,-0.07823010656473446,0.0003804649757451345,0.9998698038638618,0.736965,0.4740601961361381,0.09172142857142858,1453351.55,-11.714096624751809,0.62808,0.037030487439358974
2023-06-23,0.6855,0.6995,0.66,0.6985,609684,2023-06-23 23:59:59.999,406092.93250,93,6683,4634.42710,0,35.24605048120574,-0.06974765070996847,-0.07653361539378127,0.0067859646838128035,0.9627608193130288,0.72342,0.4840791806869711,0.09453571428571426,1348822.15,-2.3076923076923017,0.64476,0.04712857943962001
2023-06-24,0.6801,0.7336,0.68,0.7,198546,2023-06-24 23:59:59.999,143417.36710,132,25770,18886.93660,0,43.78777703156481,-0.06248543391632,-0.07372397909828902,0.011238545181969026,0.9318936435601212,0.712155,0.4924163564398788,0.09082857142857141,1294784.95,7.9081239401880525,0.66876,0.03486406459374243
2023-06-25,0.7001,0.7335,0.6678,0.6695,1937199,2023-06-25 23:59:59.999,1336109.11380,1600,821287,582755.40710,0,44.79047400961759,-0.05851662664019852,-0.07068250860667093,0.012165881966472405,0.8970644994953506,0.69966,0.5022555005046493,0.09048571428571428,1182540.8,-4.041851798767379,0.67982,0.01784760488123481
2023-06-26,0.6693,0.7335,0.66,0.66,1629844,2023-06-26 23:59:59.999,1086530.13470,811,283872,194134.35830,0,51.48723348249539,-0.055498140863861845,-0.06764563505810911,0.012147494194247266,0.8594086498414344,0.687315,0.5152213501585656,0.0907357142857143,1217570.65,5.82010582010582,0.679,0.01881820926647044
2023-06-27,0.6607,0.7335,0.66,0.6691,2112437,2023-06-27 23:59:59.999,1456390.90770,2623,1595586,1111930.22550,0,45.794117647058826,-0.05177484698366808,-0.0644714774432209,0.012696630459552827,0.829204647128829,0.6777200000000001,0.5262353528711712,0.08380714285714286,1284263.3,10.888299635399399,0.67942,0.0185042427566403
2023-06-28,0.6667,0.67,0.66,0.66,1006524,2023-06-28 23:59:59.999,668588.64910,222,4090,2734.84570,0,56.597600872410034,-0.04899363557344594,-0.06137590906926591,0.012382273495819975,0.7922353343682411,0.66767,0.5431046656317589,0.07245000000000001,1323613.0,6.297310355934938,0.67172,0.016479290033149248
2023-06-29,0.663,0.7,0.6477,0.6477,646829,2023-06-29 23:59:59.999,428589.86790,412,175005,119901.83830,0,58.29277424185699,-0.047237488336679956,-0.05854822492274873,0.011310736586068772,0.742168557192262,0.6570050000000001,0.5718414428077381,0.0686857142857143,1325726.5,2.8095238095238173,0.66126,0.008893986732429039
2023-06-30,0.6477,0.7335,0.6,0.7159,2142078,2023-06-30 23:59:59.999,1378975.36590,343,218408,155085.62020,0,64.94650723725613,-0.039882814708596226,-0.05481514287991823,0.014932328171322007,0.7319937530581326,0.655025,0.5780562469418673,0.0734214285714286,1274385.4,16.387579255405626,0.67054,0.026473817253970917
2023-07-01,0.7303,0.7449,0.615,0.7449,1672530,2023-07-01 23:59:59.999,1142240.95940,1562,1092282,753390.01320,0,67.01214095350903,-0.03135271070131007,-0.0501226564441966,0.018769945742886526,0.7393333119222653,0.65652,0.5737066880777347,0.07707142857142858,1327422.75,28.431034482758633,0.6875199999999999,0.04117088777275388
2023-07-02,0.7469,0.7555,0.6728,0.7462,1482762,2023-07-02 23:59:59.999,1049474.15530,1764,858014,610150.90920,0,70.22523912372725,-0.02420858122892,-0.04493984140114128,0.02073126017222128,0.7532550187926565,0.661395,0.5695349812073434,0.07862142857142859,1319945.95,21.491370888961253,0.7029400000000001,0.04662438203340326
2023-07-03,0.7555,0.7661,0.6459,0.7471,4650385,2023-07-03 23:59:59.999,3330784.13930,4914,2838368,2067008.83990,0,78.82028285615732,-0.01826365265392582,-0.03960460365169819,0.02134095099777237,0.7622595072277276,0.663865,0.5654704927722725,0.08151428571428572,1406129.8,12.498117753350394,0.72036,0.04267409049993667
2023-07-04,0.7316,0.7855,0.6402,0.71,2583306,2023-07-04 23:59:59.999,1910696.50980,1817,1949273,1449380.11860,0,66.35928961748635,-0.016357356446691895,-0.034955154210696934,0.01859779776400504,0.7667271855987253,0.66818,0.5696328144012747,0.08582142857142859,1488402.0,6.446776611694141,0.73282,0.01827503761957339
2023-07-05,0.7695,0.7769,0.615,0.7394,1804166,2023-07-05 23:59:59.999,1254431.17950,2617,1228158,861335.73060,0,63.8266617701065,-0.01233211176641813,-0.030430545721841173,0.018098433955423043,0.7734748751002246,0.67498,0.5764851248997754,0.08881428571428572,1384985.45,5.855404438081594,0.73752,0.01567217279118745
2023-07-06,0.6689,0.7704,0.615,0.6715,1950579,2023-07-06 23:59:59.999,1321907.03370,3149,1392500,950621.05740,0,50.66706196264453,-0.014454417367156136,-0.027235320050904163,0.012780902683748027,0.7726999353368307,0.6775100000000001,0.5823200646631694,0.09264285714285714,1387818.15,-4.071428571428568,0.7228399999999999,0.03243891181893735
2023-07-07,0.6628,0.73,0.62,0.6789,1845444,2023-07-07 23:59:59.999,1239194.12470,2579,1244774,850194.31950,0,46.871008939974445,-0.015362156315117392,-0.02486068730374681,0.009498530988629416,0.772481536165001,0.679955,0.5874284638349989,0.09767857142857143,1475064.3,1.4040328603435346,0.7093799999999999,0.03423561011573702
2023-07-08,0.6789,0.73,0.63,0.688,1316299,2023-07-08 23:59:59.999,890467.88100,1792,860150,593649.82760,0,48.12967581047381,-0.015172354564202295,-0.02292302075583791,0.007750666191635613,0.7709689575123719,0.6836,0.596231042487628,0.10099285714285715,1515654.75,4.24242424242423,0.69756,0.027495690571373545
2023-07-09,0.6864,0.73,0.63,0.6933,1198934,2023-07-09 23:59:59.999,825791.39770,1909,750932,520235.28090,0,54.025710419485804,-0.014427953140389138,-0.021224007232748157,0.006796054092359019,0.7617801534070017,0.689265,0.6167498465929984,0.10344285714285714,1509872.65,3.616798684800478,0.69422,0.026606709680017007
2023-07-10,0.6874,0.8216,0.63,0.7379,1904789,2023-07-10 23:59:59.999,1364154.50740,2665,1448156,1044372.71550,0,61.7780465678863,-0.0101224767754029,-0.019003701141279108,0.008881224365876208,0.7618509353133173,0.69545,0.6290490646866828,0.11187857142857142,1586523.25,11.803030303030297,0.6939200000000001,0.025970791285532882
2023-07-11,0.7379,0.8233,0.6701,0.7472,1520581,2023-07-11 23:59:59.999,1134311.45710,1781,717001,534040.42540,0,61.80114838319734,-0.0058920041045399385,-0.016381361733931274,0.010489357629391335,0.7681125631626429,0.6996049999999999,0.631097436837357,0.11757142857142856,1645866.35,15.362050331943788,0.7090599999999999,0.03117664189736848
2023-07-12,0.7462,0.8242,0.7327,0.75,1818330,2023-07-12 23:59:59.999,1355415.90450,2815,1380685,1027706.52320,0,63.86321626617375,-0.002287024044980379,-0.013562494196141094,0.011275470151160715,0.773980545659078,0.7037549999999999,0.6335294543409218,0.12339285714285715,1701562.3,4.763235088699542,0.72328,0.030180076209260786
2023-07-13,0.75,0.9355,0.65,0.84,2146635,2023-07-13 23:59:59.999,1685625.71110,2191,1530550,1232574.64520,0,73.90007457121551,0.007742940663164388,-0.009301407224279997,0.017044347887444383,0.8036900554312482,0.71083,0.6179699445687518,0.14005,1778409.85,12.766814337494962,0.7536799999999999,0.05338873476677331
2023-07-14,0.84,0.93,0.7272,0.8138,3595041,2023-07-14 23:59:59.999,3057584.35360,5622,2291826,1928468.16760,0,63.585900638356925,0.013422907991047839,-0.004756544181214429,0.018179452172262266,0.8199325229104034,0.7165199999999999,0.6131074770895965,0.145,1948234.6,9.05923344947735,0.77778,0.0460055648807504
2023-07-15,0.81,0.9,0.725,0.8034,2328092,2023-07-15 23:59:59.999,1892689.11060,3113,1322679,1083058.60210,0,58.56014047410009,0.016890427601315205,-0.00042714982470850053,0.017317577426023707,0.8310530906240083,0.7232149999999999,0.6153769093759915,0.14822142857142856,1967779.25,7.535805113104005,0.7908799999999999,0.040847178605100384
2023-07-16,0.8034,0.85,0.7,0.7723,2153148,2023-07-16 23:59:59.999,1708468.43230,3611,1977371,1575671.83210,0,53.5127860026918,0.016933750058347408,0.0030450301519026825,0.013888719906444726,0.8344815045847006,0.72883,0.6231784954152993,0.15302857142857146,1993944.45,8.774647887323948,0.7958999999999999,0.0353031160097375
2023-07-17,0.7698,0.7951,0.7,0.7836,2690076,2023-07-17 23:59:59.999,2080087.70550,5226,2153242,1677079.61820,0,54.77873788949987,0.017676139447095007,0.005971252010941149,0.011704887436153858,0.838980455154235,0.734555,0.6301295448457649,0.1512357142857143,2022826.4,5.977819853935626,0.8026199999999999,0.02647606466220013
2023-07-18,0.7804,0.8,0.7001,0.7453,3960239,2023-07-18 23:59:59.999,2994731.83280,6623,2350213,1805131.74250,0,54.60715217958757,0.015001075413240916,0.007777216691401104,0.007223858721839812,0.8372181300633238,0.7388199999999999,0.640421869936676,0.14799285714285718,2170512.15,10.990320178704389,0.78368,0.026919453931997805
2023-07-19,0.7453,0.8,0.74,0.75,957831,2023-07-19 23:59:59.999,721514.78280,1120,410177,311222.08260,0,51.478794642857146,0.01310920387203629,0.008843614127528142,0.004265589744508148,0.8325373470044436,0.7439349999999999,0.6553326529955562,0.14071428571428574,2186062.25,10.472823685373408,0.77092,0.02403990432586866
2023-07-20,0.7525,0.85,0.7525,0.7727,3318630,2023-07-20 23:59:59.999,2610882.88380,4996,2617856,2077558.60200,0,66.1558109833972,0.013288401908163383,0.00973257168365519,0.0035558302245081927,0.8352348481617577,0.746775,0.6583151518382422,0.13675714285714288,2244889.85,12.311046511627923,0.76478,0.01636603189526718
2023-07-21,0.7704,0.85,0.7685,0.7735,2763686,2023-07-21 23:59:59.999,2190021.89750,3564,1848496,1485046.54530,0,65.42726679712982,0.013341182114152805,0.010454293769754715,0.0028868883443980906,0.8374583348925007,0.748205,0.6589516651074994,0.1347214285714286,2299447.65,11.567863839607664,0.76502,0.016512025920428514
2023-07-22,0.773,0.8434,0.7701,0.7701,1590379,2023-07-22 23:59:59.999,1242605.48030,2459,1037864,815543.69470,0,63.64240611498838,0.012959272792758103,0.010955289574355393,0.00200398321840271,0.8391787455796413,0.7494,0.6596212544203586,0.13281428571428575,2304828.5,4.36373492343136,0.7623200000000001,0.01355293326172962
2023-07-23,0.7701,0.7702,0.77,0.7701,300845,2023-07-23 23:59:59.999,231673.42240,32,0,0.00000,0,62.99052774018945,0.012512372067531419,0.0112667060729906,0.0012456659945408195,0.8407927253225628,0.75055,0.6603072746774373,0.12568571428571432,2087351.5,3.0647751605995763,0.76728,0.00977967279600442
2023-07-24,0.7701,0.7955,0.7365,0.74,2024517,2023-07-24 23:59:59.999,1532286.63480,2155,835541,639539.52220,0,50.373532550693696,0.009618505435886382,0.010937065945569757,-0.0013185605096833752,0.8404329109462216,0.7520499999999999,0.6636670890537781,0.11621428571428574,2059412.05,-1.3333333333333344,0.76528,0.014214147881491326
2023-07-25,0.74,0.769,0.7355,0.7355,1573691,2023-07-25 23:59:59.999,1164001.18820,661,213897,159591.92220,0,47.88273615635181,0.006882644052849329,0.010126181567025673,-0.0032435375141763433,0.8403725326074258,0.7518549999999999,0.663337467392574,0.10766428571428574,2047888.3,-12.440476190476183,0.7578400000000001,0.018460715045655357
2023-07-26,0.7355,0.799,0.73,0.76,1834865,2023-07-26 23:59:59.999,1369353.40250,75,101960,81453.80330,0,51.67785234899329,0.006615144176648102,0.00942397408895016,-0.0028088299123020573,0.8363270019818064,0.7562800000000001,0.6762329980181937,0.10605714285714288,2042102.6,-6.610960924059961,0.75514,0.01647856183035644
2023-07-27,0.76,0.8001,0.7274,0.7834,1152691,2023-07-27 23:59:59.999,873023.97880,465,187900,143757.41050,0,37.77009507346585,0.008196844909805101,0.009178548253121149,-0.000981703343316048,0.8335248064859626,0.7615049999999999,0.6894851935140371,0.09085714285714289,2007464.95,-2.4894199651481226,0.7577999999999999,0.020159489080750197
2023-07-28,0.7834,0.7951,0.7157,0.7747,839410,2023-07-28 23:59:59.999,647763.06260,441,209759,158666.06120,0,40.860215053763454,0.00864864069891913,0.009072566742280746,-0.0004239260433616162,0.8291401671234337,0.7658400000000001,0.7025398328765664,0.08204285714285718,1983620.5,0.31076006733135686,0.7587200000000001,0.020950584717302975
2023-07-29,0.7824,0.7951,0.7747,0.7863,580958,2023-07-29 23:59:59.999,454976.52270,588,189531,149345.41750,0,46.02510460251045,0.00982940787615727,0.009223934969056052,0.000605472907101218,0.8243063309195664,0.7704899999999999,0.7166736690804334,0.07100000000000002,1952721.7,0.3445635528330827,0.76798,0.020839793664931282
2023-07-30,0.7863,0.7941,0.7,0.7169,4513082,2023-07-30 23:59:59.999,3348245.71240,2878,1675580,1237747.45610,0,39.06866614048933,0.005106311985091372,0.008400410372263117,-0.003294098387171745,0.8266463080802333,0.76944,0.7122336919197667,0.06700714285714288,2083136.35,-3.8105460888232905,0.7642599999999999,0.02838226558957026
2023-07-31,0.7169,0.7759,0.7001,0.7006,818994,2023-07-31 23:59:59.999,585054.09040,294,144791,104426.35950,0,33.939628482972125,4.74042415486986e-05,0.006729809146120233,-0.006682404904571534,0.831478050263285,0.76711,0.7027419497367149,0.06562857142857145,2048057.0,-6.586666666666667,0.75238,0.04046908696767051
2023-08-01,0.701,0.7036,0.7001,0.7001,865379,2023-08-01 23:59:59.999,606187.00740,69,0,0.00000,0,39.755213055303706,-0.003956553725517953,0.004592536571792595,-0.008549090297310548,0.8353308963738696,0.764615,0.6938991036261305,0.05874285714285716,2000409.45,-9.395625727966884,0.73572,0.04163582591947523
2023-08-02,0.7002,0.7011,0.7002,0.701,293309,2023-08-02 23:59:59.999,205605.88640,25,0,0.00000,0,38.699261992619896,-0.006976674027630025,0.002278694451908071,-0.009255368479538097,0.8243952906045681,0.757665,0.690934709395432,0.05452857142857144,1907743.15,-9.372979961215258,0.72098,0.03719498622122091
2023-08-03,0.7011,0.734,0.7,0.7,711079,2023-08-03 23:59:59.999,498236.45900,47,0,0.00000,0,31.3685289595079,-0.00934313097056505,-4.567063258655408e-05,-0.009297460337978496,0.8179542910091084,0.7519750000000001,0.6859957089908917,0.049814285714285735,1763545.05,-9.102713933255428,0.7037199999999999,0.007378821043823917
2023-08-04,0.7,0.73,0.7,0.7,183715,2023-08-04 23:59:59.999,130413.31000,38,1070,781.10000,0,31.085949562532136,-0.011090718250977849,-0.002254680156264814,-0.008836038094713035,0.8120177037991927,0.7468049999999999,0.6815922962008072,0.0461357142857143,1656326.2,-9.102713933255428,0.70034,0.00044497190559908114
2023-08-05,0.7,0.7,0.7,0.7,2783310,2023-08-05 23:59:59.999,1948317.00000,34,0,0.00000,0,31.639601885804055,-0.012333520613113436,-0.004270448247634539,-0.008063072365478896,0.8104360650381633,0.74319,0.6759439349618367,0.04090000000000001,1687834.3,-5.405405405405411,0.70022,0.00043817804232100445
2023-08-06,0.7003,0.701,0.7003,0.7003,142032,2023-08-06 23:59:59.999,99466.00780,18,0,0.00000,0,31.746861924686186,-0.013142741602101715,-0.006044906918527975,-0.00709783468357374,0.8060509926011497,0.739025,0.6719990073988504,0.04095714285714287,1560432.1,-4.785859959211422,0.7002599999999999,0.0004335896640515478
2023-08-07,0.7003,0.73,0.7,0.7,240836,2023-08-07 23:59:59.999,172064.96140,33,1426,1026.72000,0,37.60842627013629,-0.013650903441313589,-0.007566106223085099,-0.006084797218228489,0.8059207859682656,0.7367600000000001,0.6675992140317346,0.03888571428571431,1374461.95,-7.89473684210527,0.70006,0.0001341640666199666
2023-08-08,0.7,0.7001,0.7,0.7001,36324,2023-08-08 23:59:59.999,25427.37950,14,0,0.00000,0,38.7261146496815,-0.013885492877262262,-0.008829983553920532,-0.00505550932334173,0.8049971493192951,0.734265,0.6635328506807048,0.036500000000000025,1328386.6,-10.633137605310191,0.70008,0.000130384035725396
2023-08-09,0.764,0.77,0.7001,0.7001,6851,2023-08-09 23:59:59.999,5110.98070,24,1270,977.90000,0,27.39622641509432,-0.013911048784318814,-0.00984619660000019,-0.004064852184318624,0.8005083975427633,0.730635,0.6607616024572368,0.03656428571428574,1162797.65,-9.629534013166401,0.7001,0.0001224744739612167
2023-08-10,0.76,0.76,0.7025,0.7026,341925,2023-08-10 23:59:59.999,240824.79700,50,1364,994.62880,0,13.799283154121909,-0.013573110548715572,-0.010591579389743267,-0.002981531158972305,0.7949724029593628,0.7270899999999999,0.659207597040637,0.03565000000000003,1041709.6,-10.644792064097672,0.70062,0.0011122050156212346
2023-08-11,0.7026,0.7051,0.7026,0.7051,219608,2023-08-11 23:59:59.999,154819.26280,26,0,0,0,16.98292220113852,-0.012954234602887249,-0.011064110432372065,-0.0018901241705151835,0.7892304032872065,0.72384,0.6584495967127936,0.030157142857142882,973171.05,-1.645975728832478,0.70158,0.0022532199175346506
2023-08-12,0.7051,0.708,0.705,0.705,311203,2023-08-12 23:59:59.999,219611.39590,29,2737,1937.79600,0,6.709265175718926,-0.01232971088917123,-0.0113172305237319,-0.0010124803654393312,0.7826776396177111,0.720585,0.658492360382289,0.028914285714285743,973688.95,0.6280331144733028,0.70258,0.002475277761540458
2023-08-13,0.705,0.705,0.705,0.705,918974,2023-08-13 23:59:59.999,647876.67000,21,0,0,0,25.71428571428585,-0.011699902157465747,-0.01139376485047867,-0.0003061373069870761,0.7805956679466891,0.718835,0.6570743320533109,0.022192857142857163,918411.8,0.6999000142836761,0.70356,0.0022029525634426504
2023-08-14,0.705,0.7487,0.705,0.705,452291,2023-08-14 23:59:59.999,319043.97540,9,0,0,0,76.829268292682,-0.011073130049634283,-0.011329637890309795,0.0002565078406755114,0.7788438640182023,0.71731,0.6557761359817977,0.019900000000000022,862341.8,0.5706134094151218,0.7045399999999999,0.0010853570826140295
2023-08-15,0.705,0.705,0.7025,0.7025,189933,2023-08-15 23:59:59.999,133584.21880,102,0,0,0,61.76470588235317,-0.010655309964585302,-0.011194772305164897,0.000539462340579595,0.7728654633952995,0.7144349999999999,0.6560045366047004,0.019828571428571442,780095.2,0.3571428571428654,0.7045199999999999,0.0011300442454967722
2023-08-16,0.65,0.7001,0.6401,0.6401,2879034,2023-08-16 23:59:59.999,1898346.89730,81,14,9.80140,0,7.531380753138166,-0.015184307790092944,-0.011992679402150508,-0.0031916283879424353,0.765235220061686,0.7072700000000001,0.6493047799383141,0.024214285714285726,866412.35,-8.55714285714285,0.69152,0.02876503085339477
2023-08-17,0.6401,0.666,0.5173,0.59,1176051,2023-08-17 23:59:59.999,737061.79990,325,14524,9215.76570,0,4.470198675496732,-0.02255620856175744,-0.014105385234071899,-0.008450823327685542,0.7683120240208018,0.698035,0.6277579759791981,0.03240714285714287,883244.4,-15.714285714285714,0.66852,0.05193579690345287
2023-08-18,0.59,0.6412,0.5174,0.5174,671419,2023-08-18 23:59:59.999,394217.91340,94,376546,222399.48000,0,2.792140641158255,-0.03386631647617544,-0.018057571482492606,-0.015808744993682834,0.7815788957288076,0.68459,0.5876011042711925,0.039107142857142875,887767.45,-26.11737826645724,0.631,0.0794622866522014
2023-08-19,0.5777,0.63,0.5174,0.56,463618,2023-08-19 23:59:59.999,255858.78620,41,757,416.18000,0,20.338983050847503,-0.03894328060882568,-0.022234713307759224,-0.016708567301066457,0.7871799005664162,0.676745,0.5663100994335839,0.04715000000000002,685294.25,-19.999999999999986,0.6020000000000001,0.07179314034081921
2023-08-20,0.54,0.62,0.54,0.58,579259,2023-08-20 23:59:59.999,332372.26060,156,395570,229382.54280,0,26.47633946030504,-0.04088171939527441,-0.025964114525262264,-0.014917604870012143,0.7885852993702837,0.670715,0.5528447006297162,0.052792857142857155,673307.5,-17.154692186830452,0.5775,0.044720017889045095
2023-08-21,0.58,0.6,0.5174,0.5705,285636,2023-08-21 23:59:59.999,152116.75320,139,53277,30048.58440,0,25.55681389203474,-0.04269238545992482,-0.029309768712194782,-0.013382616747730038,0.7893315483976614,0.6642349999999999,0.5391384516023384,0.05655000000000001,644320.35,-18.511641194115118,0.56358,0.028111065436878892
2023-08-22,0.5705,0.5959,0.5334,0.5587,233566,2023-08-22 23:59:59.999,129683.19730,302,42320,23411.78960,0,24.439624005784523,-0.04456578610362605,-0.03236097219048104,-0.012204813913145006,0.789393203714918,0.65712,0.5248467962850821,0.06100714285714287,641333.2,-20.48107031027612,0.55732,0.023931088566892994
2023-08-23,0.5587,0.617,0.5174,0.57,147071,2023-08-23 23:59:59.999,77473.62140,109,6244,3540.46800,0,27.40534907954151,-0.04462425343298049,-0.034813628438980934,-0.009810624993999553,0.7867415803299911,0.65062,0.5144984196700089,0.06312857142857144,613132.8,-19.160402779747553,0.56784,0.00872656862669949
2023-08-24,0.57,0.6,0.57,0.584,299352,2023-08-24 23:59:59.999,171580.21200,80,44984,26565.38500,0,30.19372077488309,-0.04304471355218431,-0.036459845461621614,-0.006584868090562697,0.7819639443564289,0.64482,0.507676055643571,0.06099285714285715,618914.65,-17.163120567375888,0.57264,0.009862707538830584
2023-08-25,0.584,0.584,0.5309,0.5309,426014,2023-08-25 23:59:59.999,238470.39810,38,88430,47539.96800,0,25.114285714285714,-0.04555254169626499,-0.03827838470855029,-0.007274156987714699,0.7798871497666438,0.636365,0.49284285023335617,0.06460714285714286,501049.85,-24.695035460992898,0.56282,0.019968650430023688
2023-08-26,0.584,0.596,0.546,0.596,267970,2023-08-26 23:59:59.999,147535.30840,58,23346,13913.35920,0,36.86746987951806,-0.04180508463882093,-0.03898372469460443,-0.002821359944216506,0.7724530412752632,0.63115,0.4898469587247368,0.06904285714285714,507346.75,-15.460992907801419,0.56792,0.025034316447558432
2023-08-27,0.596,0.61,0.546,0.5461,438843,2023-08-27 23:59:59.999,253921.47830,28,6238,3778.28800,0,32.91030329103032,-0.04237325834436956,-0.039661631424557454,-0.002711626919812103,0.7657297745513533,0.623455,0.4811802254486467,0.07361428571428572,517247.1,-22.263345195729535,0.5654,0.026768544973466327
2023-08-28,0.5557,0.5634,0.546,0.546,205804,2023-08-28 23:59:59.999,112904.65950,40,4841,2722.51220,0,32.903225806451616,-0.042343499756473335,-0.04019800509094063,-0.002145494665532703,0.7572364769433766,0.61575,0.47426352305662345,0.07173571428571426,525721.1,-14.700827995625678,0.5606,0.02786673644323066
2023-08-29,0.546,0.644,0.546,0.644,611323,2023-08-29 23:59:59.999,376178.26070,121,439944,282605.09420,0,44.781445138269405,-0.03401997380007049,-0.03896239883276661,0.004942425032696117,0.7495298797209077,0.612945,0.47636012027909225,0.07855714285714285,555944.7,9.152542372881364,0.5726,0.04688875131624327
2023-08-30,0.644,0.644,0.546,0.569,170931,2023-08-30 23:59:59.999,96397.25330,90,34697,21830.08950,0,43.79689408480195,-0.03309390675388513,-0.03778870041699031,0.0046947936631051845,0.7373447149987902,0.606265,0.47518528500121,0.08109999999999998,547395.0,9.972941631233086,0.58022,0.041164207753781934
2023-08-31,0.569,0.63,0.569,0.5691,136454,2023-08-31 23:59:59.999,78358.53740,155,23888,14240.58040,0,48.00229401644046,-0.03198323990284091,-0.03662760831416043,0.004644368411319523,0.7228403924963864,0.5994649999999999,0.4760896075036134,0.07483571428571427,543237.3,1.6249999999999993,0.57484,0.040335753370880655
2023-09-01,0.5691,0.6024,0.546,0.546,998711,2023-09-01 23:59:59.999,554774.00960,89,6658,4010.77920,0,53.01942567567568,-0.032591312997859445,-0.03582034925090024,0.0032290362530407943,0.7064601910578312,0.591515,0.4765698089421688,0.07002142857142855,577612.7,-5.862068965517228,0.57482,0.04035358720109663
2023-09-02,0.546,0.6,0.546,0.546,831595,2023-09-02 23:59:59.999,454554.55500,26,1832,1099.20000,0,48.37587006960557,-0.03269631256805494,-0.035195541914331184,0.0024992293462762424,0.6868658946817878,0.583565,0.4802641053182122,0.06583571428571426,573243.75,-4.294478527607356,0.5748200000000001,0.04035358720109663
2023-09-03,0.55,0.5962,0.4886,0.5832,19450282,2023-09-03 23:59:59.999,10987221.33800,692,7597990,4517598.17080,0,50.35698348951363,-0.029438448270424078,-0.034044123185549766,0.004605674915125688,0.6635588238973757,0.577475,0.49139117610262417,0.06780714285714284,1523143.3,4.385179881868638,0.5626599999999999,0.01626862010117901
2023-09-04,0.5903,0.6024,0.4956,0.5572,9527491,2023-09-04 23:59:59.999,5373617.87190,1848,5207402,2969576.44250,0,48.568969227458574,-0.028624583669483394,-0.03296021528233649,0.004335631612853094,0.6333284984141516,0.57021,0.5070915015858484,0.06953571428571427,1990021.2,-2.245614035087706,0.5603,0.015972163284805278
2023-09-05,0.5574,0.6207,0.51,0.5638,3514992,2023-09-05 23:59:59.999,2035934.74720,2744,2011766,1189564.87830,0,50.554951033732316,-0.027134238655418863,-0.03179501995695296,0.004660781301534099,0.6202742597529957,0.566395,0.5125157402470043,0.07297857142857142,2021819.1,-3.458904109589041,0.55924,0.015408049844041894
2023-09-06,0.5638,0.6193,0.5004,0.5635,665163,2023-09-06 23:59:59.999,377859.41340,1565,292370,169969.43110,0,49.275362318840585,-0.025681298958867838,-0.030572275757335936,0.004890976798468099,0.6177961085826327,0.56507,0.5123438914173672,0.07435714285714286,1996274.7,6.140516104727813,0.56274,0.013520650871777097
2023-09-07,0.5635,0.6192,0.5006,0.5546,551025,2023-09-07 23:59:59.999,312687.63660,1115,378842,217913.67500,0,46.68470906630582,-0.024960263026141405,-0.029449873211097034,0.004489610184955629,0.6149939968107682,0.5669299999999999,0.5188660031892317,0.08068571428571426,1990255.0,-6.946308724832213,0.56446,0.011207943611407511
2023-09-08,0.5546,0.6092,0.5006,0.5445,538014,2023-09-08 23:59:59.999,294878.87150,998,340890,188641.42540,0,51.69830169830169,-0.024916599397639017,-0.028543218448405433,0.0036266190507664164,0.6151797402629179,0.566155,0.517130259737082,0.08464999999999999,1993974.8,-0.29298663248490125,0.55672,0.007908033889436405
2023-09-09,0.5445,0.5949,0.5006,0.5475,1388201,2023-09-09 23:59:59.999,729266.25550,380,41784,22786.25960,0,42.83180608926988,-0.024359123912087166,-0.027706399541141777,0.0033472756290546107,0.613776494932225,0.5645300000000001,0.5152835050677752,0.08673571428571426,2034421.9,0.27472527472526476,0.5547799999999999,0.008889713156028755
2023-09-10,0.5375,0.5753,0.5006,0.5703,1999977,2023-09-10 23:59:59.999,1045220.44530,1381,460411,246339.04730,0,53.88817480719794,-0.02182595509677343,-0.026530310652268106,0.004704355555494675,0.6137614716094832,0.56452,0.5152785283905168,0.08749999999999998,2120138.95,-11.444099378881985,0.5560799999999999,0.010807034745778973
2023-09-11,0.5759,0.5759,0.5095,0.5299,3869736,2023-09-11 23:59:59.999,2094665.85840,850,1736047,945602.58890,0,47.70981507823613,-0.022815341864299454,-0.025787316894674377,0.002971975030374923,0.6146666812671858,0.56308,0.5114933187328142,0.09099999999999998,2301947.45,-6.871704745166944,0.54936,0.014762384631097317
2023-09-12,0.5299,0.5566,0.5006,0.5103,892922,2023-09-12 23:59:59.999,463952.00190,569,475250,252534.18180,0,25.521786891248638,-0.02489403130479073,-0.02560865977669765,0.0007146284719069182,0.6166640439798453,0.560095,0.5035259560201547,0.08799999999999998,2339240.0,-10.332103321033223,0.5405,0.0222342078787718
2023-09-13,0.5103,0.5704,0.5006,0.5666,967331,2023-09-13 23:59:59.999,497277.32630,1207,327262,173353.77000,0,49.528301886792455,-0.021747773387172376,-0.024836482498792598,0.003088709111620222,0.614772035545079,0.559225,0.503677964454921,0.08598571428571426,2372638.95,3.7728937728937635,0.54492,0.02522383793153707
2023-09-14,0.5186,0.5718,0.5006,0.5246,1277536,2023-09-14 23:59:59.999,720062.71090,1124,1160489,660596.04520,0,42.49071886601416,-0.02238534597721864,-0.02434625519447781,0.0019609092172591693,0.6151998476398715,0.55891,0.5026201523601286,0.0867142857142857,2415215.05,-3.919413919413935,0.5403399999999999,0.026675513115897845
2023-09-15,0.5246,0.575,0.5,0.575,1504676,2023-09-15 23:59:59.999,780840.13410,530,311566,175727.71830,0,54.48084054388132,-0.018609252183354963,-0.023198854592253244,0.0045896024088982815,0.6119783264995268,0.55786,0.5037416735004733,0.0880428571428571,2477050.35,-1.4060356652949408,0.54128,0.028042949202900153
2023-09-16,0.5298,0.5885,0.5,0.5283,524867,2023-09-16 23:59:59.999,263367.58560,403,3603,2051.60590,0,47.610045908722654,-0.01916405901513296,-0.02239189547682919,0.0032278364616962277,0.6124704447583305,0.55697,0.5014695552416695,0.09050714285714283,2481351.55,-5.186647523330946,0.5409599999999999,0.028213879563017172
2023-09-17,0.5283,0.5772,0.5,0.53,765761,2023-09-17 23:59:59.999,403020.37880,211,115963,61356.90520,0,42.05495818399044,-0.01924473036179508,-0.02176246245382237,0.002517732092027287,0.6127862743940928,0.55617,0.49955372560590733,0.08833571428571428,2509349.4,-5.995033699893569,0.5448999999999999,0.02390899412347676
2023-09-18,0.53,0.5885,0.527,0.5302,975742,2023-09-18 23:59:59.999,520982.09390,708,586957,314014.11830,0,45.63106796116505,-0.019072666825854734,-0.021224503328228842,0.0021518365023741083,0.5903177551675955,0.5504800000000001,0.5106422448324046,0.08509999999999997,2527570.35,-5.909494232475598,0.5376199999999999,0.02101646973200853
2023-09-19,0.5302,0.5885,0.5,0.5027,1590715,2023-09-19 23:59:59.999,856740.54160,629,724630,411983.58360,0,40.739618066080645,-0.020914239077458707,-0.02116245047807482,0.0002482114006161114,0.5913145675600623,0.5471649999999999,0.5030154324399375,0.0835142857142857,2598559.55,-9.358095924990975,0.53324,0.026080318249523348
2023-09-20,0.5478,0.5885,0.4956,0.5452,2217411,2023-09-20 23:59:59.999,1181721.44500,426,798283,457161.53420,0,47.540983606557376,-0.01872841404293235,-0.02067564319104633,0.0019472291481139777,0.5888965762357006,0.5459700000000001,0.5030434237642996,0.08165714285714283,2702607.4,0.12855831037649842,0.52728,0.015348192075824725
2023-09-21,0.5447,0.5885,0.5001,0.5455,348947,2023-09-21 23:59:59.999,181653.92290,318,149989,81110.21320,0,48.74828060522695,-0.01677851221767168,-0.0198962169963714,0.003117704778699718,0.5888720850574544,0.5459449999999999,0.5030179149425454,0.07949999999999999,2670119.2,-0.36529680365296835,0.5307200000000001,0.017421452292975342
2023-09-22,0.5455,0.5455,0.5001,0.5322,534526,2023-09-22 23:59:59.999,279768.29910,190,156721,82865.92240,0,48.32287973820562,-0.016120571901952596,-0.01914108797748764,0.0030205160755350444,0.5886197674106819,0.545255,0.5018902325893182,0.0749857142857143,2655265.75,-6.680694371383486,0.5311600000000001,0.01742650280453358
2023-09-23,0.5275,0.5322,0.52,0.5235,527927,2023-09-23 23:59:59.999,276018.61440,124,156945,83093.63680,0,46.77765843179377,-0.016115398470526676,-0.01853595007609545,0.002420551605568772,0.5827607838760651,0.54227,0.501779216123935,0.06912142857142857,1709148.0,-1.2077750518965977,0.5298200000000001,0.01777292885251089
2023-09-24,0.5253,0.5281,0.5001,0.5001,407360,2023-09-24 23:59:59.999,206074.97620,81,28014,14648.68680,0,40.58981233243967,-0.01779436061433215,-0.01838763218374279,0.0005932715694106395,0.5833767668812249,0.5394150000000001,0.49545323311877537,0.0657857142857143,1253141.45,-1.9988242210464409,0.5292999999999999,0.018774583883442372
2023-09-25,0.5167,0.54,0.5001,0.54,168080,2023-09-25 23:59:59.999,86009.02950,124,75062,39408.95500,0,51.355704697986575,-0.015724096076124683,-0.01785492496221917,0.0021308288860944873,0.5806698062652905,0.538225,0.49578019373470944,0.06389285714285715,1085795.85,-4.694669961171895,0.5282600000000001,0.017791936375684683
2023-09-26,0.5216,0.5675,0.5001,0.515,1701121,2023-09-26 23:59:59.999,909877.27130,420,1124147,619951.01540,0,50.621857634294784,-0.015917203961276938,-0.017467380762030724,0.0015501768007537865,0.5777030962296916,0.5358,0.4938969037703085,0.06470714285714287,1137593.75,-1.8299656881433364,0.52216,0.015482021831673059
2023-09-27,0.515,0.5192,0.5001,0.5001,374545,2023-09-27 23:59:59.999,191567.64020,133,40254,20780.36880,0,40.118870728083216,-0.017075710663760568,-0.017389046742376693,0.0003133360786161249,0.5768757870627788,0.533075,0.4892742129372211,0.0610857142857143,1128769.75,-13.026086956521734,0.51574,0.016871069912616363
2023-09-28,0.5175,0.5675,0.5001,0.5675,936461,2023-09-28 23:59:59.999,502714.40190,49,421586,239250.05500,0,55.927051671732535,-0.012412139440193592,-0.016393665281940074,0.003981525841746481,0.5804305305410737,0.534225,0.4880194694589262,0.060814285714285723,1148692.1,7.420026500094645,0.52454,0.029026763512255485
2023-09-29,0.5169,0.5775,0.5169,0.54,3659998,2023-09-29 23:59:59.999,1997093.73540,53,1629546,924622.95430,0,44.837758112094406,-0.010810627633237258,-0.015277057752199511,0.004466430118962254,0.5797224318076827,0.5338499999999999,0.4879775681923172,0.059785714285714296,1262281.95,1.8867924528301903,0.5325200000000001,0.02594950866579985
2023-09-30,0.5775,0.5775,0.54,0.54,2408361,2023-09-30 23:59:59.999,1319855.28750,39,515879,297915.00750,0,52.001368457064665,-0.009432683879829984,-0.014108182977725607,0.0046754990978956235,0.5750301137343906,0.532335,0.4896398862656094,0.05614285714285716,1282701.15,1.8483591097699041,0.5325200000000001,0.02594950866579985
2023-10-01,0.5775,0.5885,0.54,0.5689,1507798,2023-10-01 23:59:59.999,859509.10850,124,1045170,609295.19920,0,56.08763693270735,-0.005940190239641097,-0.012474584430108706,0.006534394190467609,0.5799696524955015,0.534285,0.4886003475044985,0.05409285714285715,1164604.25,13.168888004774203,0.5433,0.027968821927218203
2023-10-02,0.5567,0.5995,0.54,0.55,2545752,2023-10-02 23:59:59.999,1444748.83140,113,1204369,720229.41040,0,52.92726197516264,-0.004643903880636735,-0.010908448320214313,0.006264544439577578,0.5810067551696421,0.53627,0.491533244830358,0.053950000000000005,1247245.75,0.8804108584005919,0.55328,0.014227332849007948
2023-10-03,0.5995,0.6292,0.5296,0.5522,4046586,2023-10-03 23:59:59.999,2344552.18410,287,1872197,1159056.09270,0,57.90987535953979,-0.0033998743528624864,-0.009406733526743948,0.006006859173881461,0.5786655851654723,0.53555,0.49243441483452766,0.054742857142857156,1401208.5,1.2282309807516112,0.55022,0.011851244660222596
2023-10-04,0.5665,0.6395,0.5296,0.5377,716174,2023-10-04 23:59:59.999,414988.01710,108,294067,185060.46930,0,48.68374868374867,-0.003543157493747451,-0.008234018320144648,0.004690860826397197,0.5790171219916076,0.536205,0.49339287800839254,0.055957142857142865,1373140.4,1.0334460729049133,0.54976,0.012379943456916682
2023-10-05,0.5445,0.5999,0.5377,0.544,108959,2023-10-05 23:59:59.999,59832.26460,69,3139,1752.60920,0,49.74217944310761,-0.003112474399070475,-0.0072097095359298135,0.004097235136859338,0.5736255138190268,0.534655,0.4956844861809732,0.05408571428571429,1303354.55,3.9159503342884574,0.55056,0.011702264737923846
2023-10-06,0.5428,0.622,0.5377,0.5377,107509,2023-10-06 23:59:59.999,59274.04450,77,20309,12167.77820,0,50.968650933427256,-0.0032421389328811667,-0.006416195415320084,0.0031740564824389176,0.5739994199476514,0.5351250000000001,0.49625058005234884,0.056864285714285714,1282486.65,7.518496300739845,0.5443200000000001,0.006747369857688629
2023-10-07,0.5698,0.5995,0.5377,0.5995,619255,2023-10-07 23:59:59.999,349582.09800,78,66933,38348.50570,0,61.2759643916914,0.0016231340270435046,-0.004808329526847367,0.006431463553890872,0.5868420650683193,0.5386,0.4903579349316806,0.06040714285714287,1275161.35,11.018518518518517,0.55422,0.026003019055418627
2023-10-08,0.5995,0.5995,0.5169,0.5522,1322684,2023-10-08 23:59:59.999,718588.29900,98,591605,330498.85650,0,57.218065946245495,0.0016432409440552131,-0.003518015432666851,0.0051612563767220645,0.588138479700959,0.5397000000000001,0.49126152029904113,0.06430714285714287,1292508.45,7.2233009708737885,0.55422,0.026003019055418627
2023-10-09,0.5445,0.5995,0.5195,0.5195,7410422,2023-10-09 23:59:59.999,3871114.24150,111,317071,182214.90490,0,47.102063895957016,-0.0009682791744576313,-0.003008068181025007,0.0020397890065673757,0.5868110276517691,0.54054,0.49426897234823103,0.06717142857142858,1583493.8,3.879224155168961,0.55058,0.02987870479114612
2023-10-10,0.5287,0.5572,0.5195,0.521,8758199,2023-10-10 23:59:59.999,4635203.89510,58,2504517,1377222.45060,0,50.90854027861902,-0.0028836493052074585,-0.002983184405861498,9.953510065403934e-05,0.586347582377046,0.53933,0.492312417622954,0.06505000000000002,1910533.2,-8.19383259911894,0.5459799999999999,0.03277509725380612
2023-10-11,0.5195,0.5575,0.5195,0.5575,7261475,2023-10-11 23:59:59.999,3776119.15370,86,82505,45919.57370,0,58.158044343376915,-0.0014397524070175471,-0.002674498006092708,0.0012347455990751608,0.5875811048080151,0.53993,0.492278895191985,0.06640000000000001,2256159.6,3.240740740740733,0.54994,0.032720681533190236
2023-10-12,0.5197,0.5575,0.5197,0.5573,3817093,2023-10-12 23:59:59.999,1999112.14380,99,390115,217433.97960,0,48.20801124385102,-0.00030804113456661675,-0.0022012066317874898,0.001893165497220873,0.5892987807149639,0.5411849999999999,0.49307121928503594,0.06428571428571431,2420287.95,3.2037037037037,0.5415,0.01952165464289436
2023-10-13,0.5197,0.5573,0.5197,0.5573,1286451,2023-10-13 23:59:59.999,706568.77890,70,1010214,562992.26220,0,53.364449630493965,0.0005821376815652313,-0.0016445377691169454,0.0022266754506821765,0.5907471048315562,0.5428750000000001,0.495002895168444,0.06264285714285715,2458214.15,-2.0390226753383622,0.54252,0.02033671556560795
2023-10-14,0.5573,0.5573,0.5197,0.5197,1067235,2023-10-14 23:59:59.999,577112.86670,94,598496,333508.94380,0,46.55581947743468,-0.001726493020115738,-0.001660928819316704,-6.556420079903403e-05,0.5887500343046317,0.543855,0.4989599656953682,0.06265000000000001,2491207.9,-5.509090909090907,0.54256,0.020280236684921606
2023-10-15,0.5197,0.5573,0.5197,0.5573,482675,2023-10-15 23:59:59.999,257370.78950,44,174027,96966.42390,0,48.08833223467371,-0.0005161439343087659,-0.0014319718423151163,0.0009158279080063504,0.5899675576538133,0.5447200000000001,0.4994724423461869,0.06187142857142858,2506937.65,0.9235784136182531,0.5498200000000001,0.016837814584929188
2023-10-16,0.5573,0.5793,0.5197,0.53,1199971,2023-10-16 23:59:59.999,643495.72020,85,528832,294164.13450,0,46.7928159076331,-0.001739760531647594,-0.001493529580181612,-0.000246230951465982,0.5891121380145071,0.54547,0.5018278619854929,0.06187857142857145,2481880.15,-1.4320252929142514,0.54432,0.018142822272084413
2023-10-17,0.5345,0.54,0.5197,0.5197,443582,2023-10-17 23:59:59.999,232495.77210,105,22620,12091.03900,0,44.92028758987184,-0.0035002605947288545,-0.0018948757830910608,-0.0016053848116377937,0.586537982185943,0.54645,0.506362017814057,0.056214285714285724,2485332.0,-4.46691176470588,0.5368,0.019180458805680967
2023-10-18,0.5197,0.5345,0.5197,0.5197,620710,2023-10-18 23:59:59.999,326603.48660,44,266703,142535.83990,0,47.05304518664049,-0.004839680751334119,-0.0024838367767396727,-0.002355843974594446,0.5845613008232077,0.54406,0.5035586991767923,0.04942142857142858,2469544.45,-3.347591593825536,0.5292800000000001,0.016286251870716178
2023-10-19,0.5345,0.5345,0.5197,0.5197,869964,2023-10-19 23:59:59.999,458754.80520,71,449366,240170.02460,0,45.937813440320966,-0.005833930950938426,-0.0031538556115794244,-0.002680075339359002,0.5849672576224301,0.543045,0.5011227423775699,0.04603571428571429,2330042.75,-13.311092577147617,0.5292800000000001,0.016286251870716178
2023-10-20,0.5345,0.5345,0.5197,0.5198,1362704,2023-10-20 23:59:59.999,720910.11550,148,851982,455344.44160,0,46.94434960737455,-0.006538441153466801,-0.0038307727199569,-0.0027076684335099006,0.585220439797195,0.542035,0.4988495602028052,0.04107142857142857,2277759.9,-5.867439333574788,0.52178,0.0045953237096409616
2023-10-21,0.5198,0.6066,0.5198,0.5198,1755721,2023-10-21 23:59:59.999,945302.29560,108,956919,529499.31900,0,32.756382518390296,-0.007015895686462326,-0.004467797313257986,-0.0025480983732043393,0.5819090170469532,0.5395800000000001,0.49725098295304687,0.04285714285714285,2290156.05,0.05774783445622291,0.5197400000000001,5.477222273419713e-05
2023-10-22,0.63,0.63,0.5198,0.63,1564753,2023-10-22 23:59:59.999,965797.38740,143,1388708,873338.49500,0,63.2312925170068,0.0014808666673042925,-0.00327806451714553,0.004758931184449823,0.6020841465013005,0.5435800000000001,0.48507585349869964,0.044828571428571405,2241106.1,20.921305182341648,0.5418000000000001,0.04930532425607239
2023-10-23,0.5936,0.6775,0.57,0.6775,662624,2023-10-23 23:59:59.999,429888.77330,170,442541,298127.95390,0,75.58290155440416,0.011910172025186405,-0.00024041720867914218,0.012150589233865547,0.6336156763162234,0.549845,0.4660743236837767,0.04679285714285713,2071908.0,21.524663677130043,0.5733600000000001,0.07528275366906102
2023-10-24,0.6426,0.6775,0.608,0.6081,1470244,2023-10-24 23:59:59.999,932406.95600,328,551929,372809.86920,0,61.560923812052025,0.014409369419251417,0.0026895401169069705,0.011719829302344446,0.6408221600388245,0.5533650000000001,0.4659078399611757,0.049064285714285685,2109611.5,9.115377713978102,0.59104,0.06970389515655899
2023-10-25,0.6233,0.6775,0.5807,0.6775,648368,2023-10-25 23:59:59.999,425333.77190,99,445332,300908.09190,0,64.6484375,0.02173940305369837,0.006499512704265252,0.015239890349433117,0.6634169474453055,0.5600400000000001,0.4566630525546946,0.05326428571428569,2136581.95,21.568275614570247,0.6225799999999999,0.06492470254068668
2023-10-26,0.6775,0.6775,0.6202,0.6202,480072,2023-10-26 23:59:59.999,320239.73490,110,349453,236364.13040,0,56.738804371116345,0.022663624242467928,0.009732335011905789,0.01293128923056214,0.6703347801188175,0.564165,0.4579952198811826,0.054657142857142835,2155210.1,19.338079661343066,0.64266,0.03273672249930799
2023-10-27,0.6307,0.6775,0.58,0.58,694519,2023-10-27 23:59:59.999,434886.60040,138,294931,198174.17470,0,52.239100414282895,0.019922616635464463,0.011770391336617525,0.008152225298846938,0.6683468032183824,0.56319,0.45803319678161764,0.058935714285714265,2158973.3,4.073210120222491,0.63266,0.04345334279427388
2023-10-28,0.6167,0.6775,0.58,0.58,944138,2023-10-28 23:59:59.999,600890.39710,139,549202,371085.98030,0,56.42446196462816,0.017548065186838158,0.012925926106661654,0.004622139080176503,0.6698600095982346,0.56458,0.45929999040176533,0.0632142857142857,2140046.0,9.43396226415093,0.61316,0.04004363869576072
2023-10-29,0.6223,0.6775,0.58,0.64,1604181,2023-10-29 23:59:59.999,1013058.35100,87,883647,585168.48920,0,58.40959934919666,0.02027400846569971,0.014395542578469266,0.005878465887230445,0.6787748367332566,0.570605,0.46243516326674355,0.06749285714285713,1849733.95,23.147969982682305,0.61954,0.04154886280028181
2023-10-30,0.64,0.6775,0.6,0.6775,690100,2023-10-30 23:59:59.999,451782.73320,124,478605,323501.82260,0,64.69416218370193,0.02517012917175132,0.01655045989712568,0.008619669274625642,0.6938875902998458,0.57843,0.4629724097001542,0.06877142857142857,1446329.0,30.363671348855092,0.61954,0.04154886280028181
2023-10-31,0.6,0.6775,0.6,0.6775,1477571,2023-10-31 23:59:59.999,947640.06960,173,836922,562980.07800,0,66.04963384865744,0.028719282099036847,0.018984224337507915,0.009735057761528932,0.7075272760396168,0.58443,0.46133272396038316,0.07285714285714284,1157133.8,30.363671348855092,0.631,0.049008927758079676
2023-11-01,0.6,0.6775,0.6,0.6775,1778617,2023-11-01 23:59:59.999,1192261.45560,69,1506683,1020777.73250,0,66.04963384865744,0.03117267220333142,0.021421913910672618,0.009750758292658802,0.7195503550821022,0.5904400000000001,0.46132964491789796,0.07733571428571429,1055210.0,30.33859176606386,0.6505,0.042624816715110064
2023-11-02,0.6317,0.7375,0.6317,0.6687,3257831,2023-11-02 23:59:59.999,2150392.58200,173,2235427,1504034.02690,0,64.8880895283773,0.03203760550779777,0.023545052230097653,0.00849255327770012,0.7286638177678052,0.5960099999999999,0.46335618223219466,0.08383571428571428,1153779.0,28.645632935744498,0.6682400000000001,0.016240012315167
2023-11-03,0.6318,0.6688,0.6318,0.6318,50660,2023-11-03 23:59:59.999,32123.10960,45,5386,3515.56160,0,60.42442293373045,0.029406569145111305,0.024717355613100386,0.004689213532010919,0.730100350792899,0.601615,0.473129649207101,0.08542142857142856,1102950.25,0.2857142857142895,0.6666000000000001,0.019823470937168675
2023-11-04,0.6318,0.7375,0.6318,0.7375,981196,2023-11-04 23:59:59.999,668639.44210,37,459215,338671.06250,0,66.9310934826567,0.035442007104315665,0.026862285911343445,0.00857972119297222,0.750769750356855,0.610625,0.47048024964314494,0.08677142857142858,1127876.3,8.856088560885617,0.6786,0.03794693663521216
2023-11-05,0.7375,0.7375,0.6318,0.7375,435601,2023-11-05 23:59:59.999,297933.54270,84,214936,158393.76760,0,60.090107002064954,0.03976672907116463,0.029443174543307683,0.010323554527856948,0.7666287131894574,0.621,0.4753712868105427,0.08645000000000001,1089657.8,21.27939483637561,0.6906000000000001,0.04611908498655239
2023-11-06,0.7375,0.7599,0.6318,0.7599,218838,2023-11-06 23:59:59.999,158528.08250,66,189586,138795.84520,0,58.11662726556343,0.04448875649167394,0.03245229093298094,0.012036465558693005,0.783015893217415,0.63301,0.4830041067825849,0.08792142857142858,1078420.6,12.16236162361624,0.70708,0.0542697153115519
2023-11-07,0.7599,0.7599,0.6318,0.7599,279207,2023-11-07 23:59:59.999,199903.84530,62,117452,89005.40690,0,67.32085805568234,0.047681356248578055,0.035498103996100365,0.01218325225247769,0.7952902912122275,0.6450199999999999,0.49474970878777236,0.09210714285714286,1061345.45,22.524991938084497,0.7253200000000001,0.053465521600344866
2023-11-08,0.7599,0.8557,0.6957,0.7251,3331403,2023-11-08 23:59:59.999,2529815.66950,118,2881644,2202546.76410,0,55.89692765113974,0.04686323518918878,0.03777113023471805,0.009092104954470728,0.797349111491837,0.6552899999999999,0.5132308885081629,0.0966214285714286,1184417.4,25.017241379310345,0.74398,0.015389346964605049
2023-11-09,0.85,0.85,0.71,0.7327,2028343,2023-11-09 23:59:59.999,1561573.75350,100,1387440,1075862.44680,0,65.89432042949986,0.04629447099520345,0.039475798386815135,0.006818672608388317,0.7967037436497934,0.6659349999999999,0.5351662563502065,0.10252857142857143,1217699.35,26.327586206896562,0.74302,0.016030970026701317
2023-11-10,0.7327,0.8957,0.7327,0.8956,2182117,2023-11-10 23:59:59.999,1726557.46840,73,2157453,1705560.40660,0,83.10952580780528,0.05831615749854602,0.04324387020916132,0.0150722872893847,0.833796863630507,0.684725,0.5356531363694931,0.10720714285714286,1239019.15,39.937499999999986,0.77464,0.06942447695155564
2023-11-11,0.8026,0.8957,0.7325,0.8,2115118,2023-11-11 23:59:59.999,1761467.35310,74,732651,641125.58870,0,69.22404753582664,0.05944407532881657,0.046483911233092375,0.012960164095724196,0.8484192738361696,0.693225,0.5380307261638304,0.1119,1266537.4,18.081180811808125,0.78266,0.06961194581389823
2023-11-12,0.7174,0.94,0.7174,0.94,1370999,2023-11-12 23:59:59.999,1237869.49360,82,1296315,1174310.77350,0,72.99908003679853,0.07081843744280303,0.05135081647503452,0.01946762096776851,0.8964249492062198,0.70635,0.5162750507937802,0.12083571428571428,1301956.15,38.74538745387453,0.81868,0.09635085365474037
2023-11-13,0.8913,0.94,0.849,0.9,1943663,2023-11-13 23:59:59.999,1775655.66050,96,1510679,1394656.71530,0,66.99251565602567,0.07573204380056664,0.05622706194014095,0.019504981860425687,0.9236619608357537,0.7209450000000001,0.5182280391642464,0.12179999999999999,1325627.1,32.84132841328414,0.85366,0.0849583309628743
2023-11-14,0.8841,0.998,0.8415,0.8725,3241381,2023-11-14 23:59:59.999,3080084.42960,343,2424176,2308922.96370,0,64.2919964819701,0.07652495996348019,0.060286641544808804,0.016238318418671384,0.9431381760555988,0.730695,0.5182518239444012,0.12744285714285714,1455277.75,30.477045012711244,0.8816200000000001,0.0516877354891599
2023-11-15,0.8725,0.998,0.872,0.9026,952688,2023-11-15 23:59:59.999,901669.08620,154,595898,588270.85250,0,65.80092657588096,0.0786752508607661,0.06396436340800027,0.01471088745276583,0.9637753114721002,0.744815,0.5258546885278998,0.13090714285714283,1478908.55,42.86166508388729,0.8830199999999999,0.052252770261464264
2023-11-16,0.998,0.998,0.7846,0.8614,991968,2023-11-16 23:59:59.999,939987.42150,114,681590,667965.92490,0,62.93809587753459,0.07617675796421497,0.06640684231924321,0.00976991564497176,0.969248577745923,0.758885,0.5485214222540771,0.13859285714285713,1493781.0,16.8,0.8953,0.030588069569644293
2023-11-17,0.8614,0.8614,0.7847,0.7847,822047,2023-11-17 23:59:59.999,658977.20100,93,65338,55256.73850,0,59.745060548119824,0.06723261956419091,0.06657199776823275,0.0006606217959581606,0.962032541951179,0.76912,0.576207458048821,0.14142857142857143,1487676.45,6.399999999999988,0.86424,0.04783610561069247
2023-11-18,0.8212,0.877,0.7847,0.808,520192,2023-11-18 23:59:59.999,415827.47830,58,17222,13653.79390,0,55.020652328728104,0.06131760948366849,0.0655211201113199,-0.004203510627651411,0.961167781879973,0.77752,0.593872218120027,0.14047142857142858,1433477.0,6.329780234241351,0.8458400000000001,0.048333559769556354
2023-11-19,0.8081,0.845,0.808,0.808,211666,2023-11-19 23:59:59.999,171392.43040,22,1472,1198.72600,0,55.020652328728104,0.055984566150111936,0.06361380931907831,-0.0076292431689663764,0.9619121470507151,0.784045,0.6061778529492848,0.13556428571428572,1409555.3,6.329780234241351,0.83294,0.048045790658467084
2023-11-20,0.809,0.866,0.808,0.854,507976,2023-11-20 23:59:59.999,421669.44310,172,223762,191067.62240,0,56.483395342428,0.0548377707617117,0.06185860160760499,-0.007020830845893292,0.9659283607066916,0.79287,0.6198116392933083,0.13055714285714284,1361075.55,17.776858364363537,0.8232200000000001,0.032985633236262434
2023-11-21,0.808,0.879,0.7485,0.7485,3166000,2023-11-21 23:59:59.999,2480348.32090,280,343738,287143.70710,0,49.31424446583254,0.044898398069811774,0.05846656090004636,-0.013568162830234584,0.9622766863922401,0.79642,0.63056331360776,0.13072857142857144,1430444.7,2.156407806742191,0.8006400000000001,0.03849770123003658
2023-11-22,0.7485,0.7826,0.7485,0.7713,725286,2023-11-22 23:59:59.999,548391.55120,91,208124,160251.55920,0,52.81982421875,0.03841828102550482,0.05445690492513806,-0.016038623899633238,0.9567797923113152,0.80155,0.6463202076886848,0.12173571428571427,1303817.45,-13.878963823135326,0.79796,0.040308597097854365
2023-11-23,0.7713,0.8,0.7485,0.759,798609,2023-11-23 23:59:59.999,613959.27520,107,46789,36409.02380,0,51.59606748391795,0.031922254497623315,0.04994997483963511,-0.018027720342011798,0.9429685198698525,0.80791,0.6728514801301475,0.1154142857142857,1341214.9,-5.125000000000004,0.7881600000000001,0.04311615706434339
2023-11-24,0.759,0.791,0.7485,0.77,307622,2023-11-24 23:59:59.999,235981.00190,90,93163,71735.51000,0,40.65476190476191,0.027346481525663324,0.04542927617684076,-0.018082794651177438,0.941779275967913,0.809535,0.677290724032087,0.10680714285714285,1307536.2,-18.085106382978715,0.78056,0.04208138543343253
2023-11-25,0.7701,0.7741,0.77,0.7741,57535,2023-11-25 23:59:59.999,44302.35810,14,0,0,0,47.76916451335055,0.023776898923407952,0.041098800726154204,-0.017321901802746252,0.9403857861668798,0.811365,0.6823442138331202,0.09544285714285713,1288632.9,-13.988888888888889,0.76458,0.01066381732763018
2023-11-26,0.7741,0.7982,0.7485,0.7485,445425,2023-11-26 23:59:59.999,340954.87010,52,108,84.79120,0,29.457198026174638,0.018667090344166137,0.03661245864975659,-0.017945368305590452,0.940869545023689,0.810795,0.6807204549763111,0.08309285714285712,1299962.25,-14.212034383954153,0.7645799999999999,0.01066381732763018
2023-11-27,0.7672,0.7672,0.7485,0.7485,489552,2023-11-27 23:59:59.999,368879.30390,77,5578,4279.44160,0,32.22248298521474,0.01445094868984087,0.03218015665777345,-0.017729207967932578,0.9413344018868199,0.810225,0.67911559811318,0.07792857142857142,1310479.5,-17.07290050963881,0.7600200000000001,0.011877583929278433
2023-11-28,0.7485,0.7485,0.7285,0.7286,653067,2023-11-28 23:59:59.999,481174.37790,123,54735,40613.37000,0,32.807646356033445,0.009395556240556546,0.027623236574330065,-0.01822768033377352,0.9410394959217869,0.8103999999999999,0.6797605040782129,0.06817857142857141,1176562.7,-15.416763408404924,0.7539399999999999,0.0184773645306098
2023-11-29,0.7285,0.7285,0.7285,0.7285,161775,2023-11-29 23:59:59.999,117853.08750,27,0,0,0,27.5933075933076,0.005319729606609425,0.023162535180785936,-0.01784280557417651,0.9413677885561733,0.8101900000000001,0.6790122114438268,0.05918571428571427,1083234.3,-7.161972728431238,0.7456400000000001,0.018778125571979054
2023-11-30,0.7569,0.821,0.7285,0.7285,141190,2023-11-30 23:59:59.999,106003.33910,59,16883,13002.68860,0,30.866685862366822,0.0020657944420457985,0.01894318703303791,-0.01687739259099211,0.9313835485098697,0.801835,0.6722864514901302,0.050549999999999984,981187.95,-9.83910891089109,0.7365200000000001,0.010936269930693326
2023-12-01,0.7285,0.797,0.7285,0.7945,553435,2023-12-01 23:59:59.999,410686.36350,60,74358,56796.55600,0,51.455733808674985,0.004757830487563841,0.016106115723943097,-0.011348285236379256,0.9311482938181466,0.80156,0.6719717061818535,0.04996428571428568,903103.8,-1.670792079207929,0.74572,0.028606677542088194
2023-12-02,0.7945,0.875,0.7285,0.8208,119343,2023-12-02 23:59:59.999,91561.77760,38,267,224.55760,0,51.884570082449926,0.00891076094502019,0.014667044768158515,-0.005756283823138324,0.9082349109195543,0.7956,0.6829650890804456,0.053835714285714244,840521.0,-3.8875878220140527,0.7601800000000001,0.04432039034120815
2023-12-03,0.8208,0.8208,0.789,0.8065,287668,2023-12-03 23:59:59.999,235676.19820,42,246257,202126.93220,0,49.78807572760666,0.010922193514878886,0.01391807451750259,-0.002995881002623704,0.8925370563710874,0.7909250000000001,0.6893129436289128,0.05346428571428568,757721.25,7.7488309953239725,0.77576,0.04413545060376191
2023-12-04,0.8065,0.82,0.7285,0.82,332102,2023-12-04 23:59:59.999,268726.88850,97,293629,240448.38600,0,44.71064094586184,0.013450555858615654,0.013824570785725203,-0.0003740149271095495,0.8835524181207787,0.7883,0.6930475818792213,0.05585714285714283,612257.3,6.3140152988461,0.79406,0.03821312601707911
2023-12-05,0.8201,0.8301,0.8201,0.8201,314056,2023-12-05 23:59:59.999,257558.52560,27,0,0,0,66.57407407407408,0.01528616104691527,0.014116888837963217,0.0011692722089520526,0.8645730852086908,0.7841750000000001,0.7037769147913093,0.047257142857142824,580325.7,8.05006587615284,0.8123799999999999,0.011649334744835482
2023-12-06,0.8201,0.8368,0.7915,0.7918,540589,2023-12-06 23:59:59.999,442995.95290,53,5448,4499.50320,0,54.627539503386,0.014292562136928866,0.01415202349775635,0.00014053863917251608,0.8525948272449616,0.7806949999999999,0.7087951727550382,0.04805714285714283,557756.75,2.831168831168822,0.8118399999999999,0.01270051180060197
2023-12-07,0.7919,0.845,0.7919,0.828,598317,2023-12-07 23:59:59.999,496639.07230,25,57081,47999.41290,0,64.05867970660145,0.016238972539225238,0.014569413306050128,0.0016695592331751104,0.8578105212226015,0.78286,0.7079094787773985,0.048178571428571404,546570.25,6.962924686732973,0.81328,0.014280301117176573
2023-12-08,0.8451,0.8618,0.828,0.828,23842,2023-12-08 23:59:59.999,19742.86780,14,0,0,0,62.37201365187712,0.017578878438013312,0.015171306332442767,0.0024075721055705455,0.8607318797395873,0.78386,0.7069881202604127,0.04755714285714284,521752.75,10.621242484969926,0.8175800000000001,0.014949648825214878
2023-12-09,0.998,1.0,0.828,0.8281,745856,2023-12-09 23:59:59.999,722840.91000,124,462714,461788.68400,0,61.71874999999998,0.01843631037081861,0.015824307140117937,0.002612003230700672,0.8635694377800678,0.784865,0.7061605622199323,0.05954999999999998,548462.25,10.634602538410139,0.8192,0.01569761128316196
2023-12-10,0.8281,1.01,0.8281,0.9421,269413,2023-12-10 23:59:59.999,229335.77510,28,34994,35205.54720,0,80.3638644918444,0.027992004217081257,0.0182578465555106,0.009734157661570656,0.8908143506939489,0.7892699999999999,0.687725649306051,0.06899285714285715,536534.1,29.302772440296458,0.8436,0.05725482512415296
2023-12-11,0.9295,0.9421,0.812,0.812,2476679,2023-12-11 23:59:59.999,2064263.66100,53,165424,155135.11780,0,57.07284473156604,0.02478131416253393,0.01956254007691527,0.00521877408561866,0.8925831251333589,0.7924450000000001,0.6923068748666412,0.07694999999999999,502068.05,11.46190803019904,0.84764,0.05325920577700486
2023-12-12,0.8121,0.9,0.812,0.8787,722668,2023-12-12 23:59:59.999,614741.32510,74,326962,292923.84480,0,65.14020576961872,0.027304205838742934,0.021110873229280805,0.006193332609462129,0.9044845689844565,0.797815,0.6911454310155436,0.08180714285714286,501937.15,20.61770761839396,0.85778,0.05341130030243957
2023-12-13,0.8787,0.9554,0.812,0.812,782425,2023-12-13 23:59:59.999,663639.50130,132,206093,172625.09530,0,57.42486217321715,0.023648873609690257,0.021618473305362696,0.0020304003043275613,0.9056981201614243,0.800465,0.6952318798385757,0.09204285714285713,501127.95,2.2026431718061765,0.85458,0.05605539224728847
2023-12-14,0.814,0.906,0.812,0.8691,214069,2023-12-14 23:59:59.999,174828.66930,26,11,9.96600,0,61.349693251533736,0.025070492249495868,0.02230887709418933,0.002761615155306537,0.9138957086558215,0.80542,0.6969442913441786,0.09214999999999998,496450.3,5.884502923976609,0.8627800000000001,0.05418087300881552
2023-12-15,0.8691,0.905,0.812,0.8567,87077,2023-12-15 23:59:59.999,72630.45070,85,6541,5718.48040,0,55.496641922940974,0.02490941862256857,0.022828985399865182,0.0020804332227033866,0.9192872076225921,0.80955,0.6998127923774079,0.09389999999999998,497927.4,6.224426534407939,0.8457000000000001,0.0317369658284679
2023-12-16,0.848,0.93,0.812,0.93,145536,2023-12-16 23:59:59.999,119101.45440,51,0,0,0,58.90992167101828,0.030346646765317176,0.024332517672955585,0.006014129092361591,0.936799445095572,0.8186249999999999,0.7004505549044279,0.09186428571428572,482932.95,13.414634146341475,0.8693,0.04247040145792614
2023-12-17,0.93,0.93,0.812,0.812,307186,2023-12-17 23:59:59.999,253488.67000,41,8,6.61680,0,50.383810188415914,0.024847647198920075,0.024435543578148488,0.0004121036207715874,0.9353637636793309,0.8218,0.708236236320669,0.09802142857142856,473814.65,-0.9876844287282034,0.8559599999999999,0.04878547939702316
2023-12-18,0.812,0.812,0.812,0.812,1842918,2023-12-18 23:59:59.999,1496449.41600,37,0,0,0,49.431009957325756,0.02025615013466109,0.023599664889451012,-0.003343514754789924,0.9309226028360791,0.8259700000000001,0.7210173971639211,0.09148571428571428,533307.2,2.5511492801212565,0.8559599999999999,0.04878547939702316
2023-12-19,0.8427,0.8766,0.812,0.812,413801,2023-12-19 23:59:59.999,338353.84640,48,15424,13272.48820,0,49.42381562099872,0.016427984057140188,0.02216532872298885,-0.005737344665848663,0.9249218898100583,0.8301450000000001,0.735368110189942,0.09537857142857142,545908.5,-1.9323671497584425,0.84454,0.05154568847146514
2023-12-20,0.812,0.812,0.812,0.812,113831,2023-12-20 23:59:59.999,92430.77200,11,0,0,0,51.49718351615772,0.013241495146750326,0.020380562007741146,-0.00713906686099082,0.9168032384884454,0.83432,0.7518367615115545,0.09214285714285715,544540.55,-1.9323671497584425,0.8356,0.052771204268969495
2023-12-21,0.812,0.813,0.812,0.812,126917,2023-12-21 23:59:59.999,103056.85000,15,0,0,0,48.7468671679198,0.01059405802155311,0.018423261210503538,-0.007829203188950428,0.9162587039939948,0.835195,0.7541312960060053,0.0884142857142857,523214.65,-1.9442096365173158,0.812,0.0
2023-12-22,0.8254,0.93,0.812,0.825,154795,2023-12-22 23:59:59.999,127699.64340,48,10251,8829.75200,0,49.769726742400984,0.009436162176779783,0.01662584140375879,-0.007189679226979006,0.9163333367194296,0.8354050000000001,0.7544766632805705,0.09442857142857142,524987.25,-12.429678378091506,0.8146000000000001,0.005813776741261261
2023-12-23,0.825,0.8533,0.825,0.8255,54840,2023-12-23 23:59:59.999,45690.24410,19,1384,1142.49200,0,49.80055231666156,0.008461330250797428,0.014992939173166516,-0.006531608922369089,0.916294700300748,0.836355,0.7564152996992519,0.0841642857142857,513345.85,1.6625615763546744,0.8173,0.007259476564962517
2023-12-24,0.8255,0.8484,0.825,0.8479,64911,2023-12-24 23:59:59.999,54215.03520,25,15348,12669.77400,0,41.592288468404135,0.009388042214762415,0.013871959781485699,-0.004483917566723283,0.9174614136974573,0.8377500000000001,0.758038586302543,0.07284285714285713,499986.3,-3.5051781040173036,0.82448,0.01467402466936955
2023-12-25,0.967,0.967,0.812,0.812,326053,2023-12-25 23:59:59.999,273085.41780,62,54118,46541.48000,0,50.0,0.007143294696902891,0.012526226764569137,-0.005382932067666246,0.9175149897911983,0.837345,0.7571750102088017,0.07462142857142855,500586.15,0.0,0.82448,0.01467402466936955
2023-12-26,0.812,1.07,0.812,0.9924,1423018,2023-12-26 23:59:59.999,1409633.90020,101,1340842,1336179.01840,0,59.80679661894083,0.019694067499754775,0.013959794911606265,0.005734272588148509,0.950469251715629,0.8473750000000001,0.7442807482843712,0.0867642857142857,544707.6,14.187090093199858,0.8605599999999999,0.0748228775174906
2023-12-27,0.9924,1.1814,0.9899,1.0485,563981,2023-12-27 23:59:59.999,621778.38200,145,324194,368653.66350,0,70.77842206993499,0.033778073912248296,0.017923450711734675,0.01585462320051362,0.9946118164746813,0.8584000000000002,0.722188183525319,0.09019999999999997,542990.8,22.388233920859108,0.90526,0.1077732944657329
2023-12-28,1.0485,1.11,0.9,1.003,352662,2023-12-28 23:59:59.999,359021.62310,76,96964,101337.59830,0,62.00896860986547,0.040797986925885765,0.022498357954564896,0.01829962897132087,1.0169453902739756,0.8671500000000002,0.7173546097260249,0.09848571428571429,559431.8,7.849462365591381,0.9407599999999998,0.10410395285481581
2023-12-29,1.003,1.1,0.8655,0.8958,103339,2023-12-29 23:59:59.999,103254.92100,170,6282,6235.08710,0,52.99708722980224,0.037281417498668756,0.025454969863385673,0.011826447635283083,1.0196731454256989,0.870535,0.721396854574301,0.10859285714285714,527305.95,10.320197044334973,0.95034,0.09524976640390122
2023-12-30,0.8958,0.9863,0.875,0.9214,323127,2023-12-30 23:59:59.999,296964.93110,113,14433,13070.27640,0,49.28878597419781,0.03614357629502363,0.027592691149713265,0.008550885145310362,1.016823246459385,0.8695,0.7221767535406152,0.1081142857142857,529991.65,13.472906403940879,0.9722199999999999,0.062441909003471706
2023-12-31,0.9214,1.1,0.9214,0.9214,409077,2023-12-31 23:59:59.999,387361.50030,54,19982,20161.38520,0,61.24126592683929,0.03484021265917603,0.029042195451605822,0.005798017207570207,1.0214253835418334,0.87497,0.7285146164581666,0.11244285714285715,426611.55,13.472906403940879,0.95802,0.06473640397796115
2024-01-01,0.9214,1.0,0.88,1.0,132739,2024-01-01 23:59:59.999,129527.66520,28,205,198.39900,0,66.63128096249116,0.03969210482300867,0.031172177325886397,0.00851992749712227,1.0378228254536719,0.881035,0.7242471745463283,0.12101428571428573,397115.1,23.152709359605904,0.94832,0.049670031205926855
2024-01-02,1.0074,1.1266,0.9808,1.0,78710,2024-01-02 23:59:59.999,78457.87540,46,9175,9921.34660,0,66.63128096249116,0.04304111315851267,0.03354596449241165,0.009495148666101016,1.0522576095060068,0.8904350000000001,0.7286123904939933,0.1268142857142857,361929.35,23.152709359605904,0.94772,0.04885582872081641
2024-01-03,0.9808,1.051,0.812,0.8673,508563,2024-01-03 23:59:59.999,440298.94570,79,53272,47158.95070,0,53.961885656970914,0.03458872808623226,0.033754517211175776,0.0008342108750564806,1.052219564498392,0.8903449999999999,0.728470435501608,0.1438857142857143,376654.05,5.127272727272728,0.94202,0.05735156493067759
2024-01-04,0.8673,0.946,0.812,0.812,475708,2024-01-04 23:59:59.999,424374.46720,92,275449,260466.37000,0,50.0,0.02316091951864807,0.03163579767267023,-0.008474878154022161,1.0531440175458788,0.88811,0.7230759824541211,0.1533857142857143,396085.6,-1.6353725015142286,0.92014,0.08252749844747284
2024-01-05,0.812,0.946,0.812,0.812,207013,2024-01-05 23:59:59.999,168418.83240,34,2189,2070.79400,0,49.12185895703865,0.013943566144972275,0.028097351367130638,-0.014153785222158363,1.049361893104403,0.8822099999999999,0.7150581068955968,0.15452857142857143,399159.45,-4.2339898572944845,0.89826,0.09558000836993862
2024-01-06,0.8485,0.946,0.812,0.812,426367,2024-01-06 23:59:59.999,351931.02330,34,6134,5228.29400,0,49.087467892388815,0.006563091950269273,0.023790499483758366,-0.017227407533489093,1.0493618931044033,0.88221,0.7150581068955969,0.16207857142857143,405118.5,0.0,0.86066,0.08149096882475611
2024-01-07,0.8273,0.9132,0.812,0.8334,547748,2024-01-07 23:59:59.999,457229.85100,60,40111,36600.26830,0,49.018546094490326,0.002412998584615633,0.01951499930392982,-0.017102000719314187,1.0488055820583462,0.8832800000000001,0.7177544179416538,0.16763571428571428,340360.0,-16.02176541717049,0.8273400000000001,0.024184044326729832
2024-01-08,0.8334,0.9152,0.812,0.9152,1743808,2024-01-08 23:59:59.999,1457608.48600,68,102962,93899.91720,0,56.576599541167475,0.0056593584994497625,0.01674387114303381,-0.011084512643584048,1.0510175591427278,0.8884399999999999,0.7258624408572721,0.16393571428571427,406860.35,-12.713400095374341,0.8369199999999999,0.04473021350270166
2024-01-09,0.9152,0.9152,0.82,0.82,224092,2024-01-09 23:59:59.999,183927.11530,59,4222,3549.23290,0,37.67515012868173,0.0005440067689129746,0.013503898268209642,-0.012959891499296668,1.0506633006446973,0.8888400000000001,0.727016699355303,0.15230714285714284,412373.4,-18.24526420737786,0.8385200000000002,0.04374827996615732
2024-01-10,0.8245,0.946,0.8182,0.8182,465169,2024-01-10 23:59:59.999,396737.94030,91,166194,149867.31430,0,32.150054255154245,-0.003613536686851271,0.010080411277197459,-0.01369394796404873,1.0503761634767719,0.8891500000000001,0.7279238365232282,0.14775714285714284,429286.0,-8.662647912480464,0.8397600000000001,0.04288808692396162
2024-01-11,0.946,0.946,0.8182,0.946,439631,2024-01-11 23:59:59.999,407509.02700,108,292375,276404.08860,0,46.08193566125928,0.003365180396944223,0.008737365101146812,-0.005372184704202589,1.0553680433333332,0.8952,0.7350319566666668,0.14188571428571425,443527.8,2.669850227914039,0.86656,0.05975506673075853
2024-01-12,0.946,0.946,0.812,0.9328,1574808,2024-01-12 23:59:59.999,1342150.31780,102,413193,390149.66410,0,52.9207451847174,0.007741495144682031,0.008538191109853856,-0.0007966959651718244,1.0580689284387845,0.900565,0.7430610715612154,0.13470714285714283,519526.2,1.2372476665943093,0.88644,0.0624394746934781
2024-01-13,0.812,0.946,0.812,0.946,1035708,2024-01-13 23:59:59.999,932184.68140,172,677290,640441.00800,0,51.98067632850242,0.012135001056503003,0.009257553099183686,0.0028774479573193176,1.062176310624172,0.90547,0.748763689375828,0.13632857142857138,568066.05,-5.400000000000005,0.8926000000000001,0.06731508003410172
2024-01-14,0.946,0.946,0.812,0.8525,481798,2024-01-14 23:59:59.999,425555.54940,106,235618,222737.84560,0,45.17844646606019,0.00798022647395269,0.009002087774137487,-0.0010218613001847978,1.0601089191415884,0.9074949999999999,0.7548810808584114,0.1331428571428571,575853.3,-14.749999999999996,0.8991,0.05968936253636445
2024-01-15,0.8525,0.946,0.8525,0.8525,91411,2024-01-15 23:59:59.999,79371.33460,66,19749,18221.35940,0,38.40226450699795,0.004634118450883795,0.008128493909486749,-0.0034943754586029534,1.0495102645703778,0.9004999999999999,0.751489735429622,0.13124999999999992,509272.95,-1.7064452899803901,0.90596,0.0490987067039202
2024-01-16,0.8525,0.9394,0.812,0.8525,349509,2024-01-16 23:59:59.999,287067.59210,61,1769,1617.68080,0,38.40226450699795,0.0019597133792386146,0.006894737803437121,-0.004935024424198507,1.0236412058411217,0.8907,0.7577587941588784,0.1299357142857142,498549.35,4.9876847290640365,0.88726,0.047825338472377764
2024-01-17,0.8525,0.9143,0.812,0.812,564736,2024-01-17 23:59:59.999,461980.17040,80,2214,2024.26020,0,44.91447489424315,-0.0033887203763721674,0.004838046167475263,-0.00822676654384743,1.0073969009519232,0.8811499999999999,0.7549030990480765,0.1201714285714285,509153.05,0.0,0.8631,0.04954972250171935
2024-01-18,0.812,0.82,0.812,0.812,738124,2024-01-18 23:59:59.999,599367.33200,45,0,0,0,50.0,-0.007540470807390509,0.002362342772502108,-0.009902813579892616,1.0066745108141495,0.8769600000000001,0.7472454891858507,0.1111714285714285,540892.3,0.0,0.8363000000000002,0.02218276357889793
2024-01-19,0.812,0.818,0.812,0.818,1005965,2024-01-19 23:59:59.999,816877.11400,47,5589,4571.80200,0,50.60679611650484,-0.01022870295924383,-0.00015586637384708008,-0.01007283658539675,1.0022867013092513,0.8717900000000001,0.7412932986907487,0.10202857142857136,575034.2,-1.8478521718262635,0.8294,0.02122910737636537
2024-01-20,0.818,0.818,0.812,0.812,2332215,2024-01-20 23:59:59.999,1895889.83000,57,355200,290553.60000,0,50.0,-0.012696933813724387,-0.0026640798618225423,-0.010032853951901845,0.9972316793469469,0.86632,0.7354083206530531,0.09288571428571422,671191.1,-11.276223776223771,0.8213000000000001,0.01763377441154373
2024-01-21,0.812,0.82,0.792,0.792,572991,2024-01-21 23:59:59.999,460580.80720,163,828,666.13440,0,45.85170340681363,-0.016081480109243595,-0.005347559911306755,-0.010733920197936841,0.974592297126275,0.85592,0.737247702873725,0.08765714285714278,693203.7,-3.414634146341453,0.8092,0.009959919678248424
2024-01-22,0.792,0.8,0.7918,0.8,491372,2024-01-22 23:59:59.999,389695.10500,45,0,0,0,36.45343367826904,-0.017911748801069494,-0.007860397689259304,-0.01005135111181019,0.9456699948553761,0.8459200000000001,0.7461700051446242,0.08087142857142851,713836.8,-2.224395013444145,0.8068,0.010545141061036083
2024-01-23,0.8,0.888,0.7601,0.7602,1705916,2024-01-23 23:59:59.999,1329368.39770,103,4274,3795.31200,0,41.91454840454299,-0.022316526279838156,-0.010751623407375075,-0.011564902872463081,0.946772429118509,0.840565,0.734357570881491,0.08320714285714279,773704.45,-19.64059196617336,0.79644,0.022653211692762267
2024-01-24,0.7602,0.888,0.7602,0.7602,198634,2024-01-24 23:59:59.999,151091.07220,25,308,268.31200,0,42.11956521739129,-0.025513243378248562,-0.013703947401549775,-0.011809295976698787,0.9495083299250655,0.8379749999999999,0.7264416700749343,0.0832071428571428,759850.75,-18.503430531732416,0.78488,0.02362735702521652
2024-01-25,0.7602,0.7602,0.7602,0.7602,164407,2024-01-25 23:59:59.999,124982.20140,14,0,0,0,11.323896752706048,-0.02772704459918829,-0.01650856684107748,-0.011218477758110808,0.9517587947530545,0.8353849999999999,0.7190112052469454,0.07407857142857137,757720.45,-19.64059196617336,0.77452,0.01981141085326836
2024-01-26,0.7602,0.7602,0.7602,0.7602,41585,2024-01-26 23:59:59.999,31612.91700,13,0,0,0,11.982378854625523,-0.029145526528993493,-0.019035958778660683,-0.01010956775033281,0.9535821982584275,0.832795,0.7120078017415724,0.0645071428571428,738481.35,-10.826979472140767,0.76816,0.017799101100813192
2024-01-27,0.77,0.77,0.7602,0.7605,26762,2024-01-27 23:59:59.999,20400.95860,18,0,0,0,6.679121905651513,-0.029900798393895256,-0.0212089267017076,-0.008691871692187655,0.954185430767967,0.82915,0.7041145692320331,0.05563571428571425,712432.05,-10.791788856304994,0.76026,0.00013416406721956234
2024-01-28,0.7605,0.8879,0.7602,0.872,113841,2024-01-28 23:59:59.999,89205.66610,36,24747,20090.57610,0,54.20077552778974,-0.02125719887615285,-0.021218581136596654,-3.861773955619527e-05,0.9471644679073082,0.82699,0.7068155320926918,0.05518571428571425,630933.7,2.2873900293255085,0.78262,0.04996510782533181
2024-01-29,0.785,0.8879,0.7602,0.8879,380369,2024-01-29 23:59:59.999,304908.91840,46,211147,175328.45860,0,57.13709677419355,-0.01297452462292259,-0.01956976983386184,0.006595245210939252,0.9535277802014888,0.830385,0.7072422197985113,0.05762857142857141,638747.55,9.347290640394084,0.80816,0.06577577821658327
2024-01-30,0.8879,0.8879,0.7602,0.8879,342320,2024-01-30 23:59:59.999,289876.15760,107,243647,214181.95300,0,57.13709677419355,-0.006337392092637728,-0.016923294285617018,0.01058590219297929,0.9594811644382846,0.8338699999999999,0.7082588355617152,0.05764999999999998,632605.1,9.347290640394084,0.8337,0.06727306295983011
2024-01-31,0.8022,0.8879,0.7602,0.7602,277975,2024-01-31 23:59:59.999,227366.54180,93,119151,105173.40730,0,42.27326968973746,-0.011252033077825963,-0.01578904204405881,0.004537008966232846,0.9425222981129882,0.8245799999999999,0.7066377018870116,0.05946428571428571,624522.3,-7.066014669926646,0.8337,0.06727306295983011
2024-02-01,0.7721,0.8879,0.7602,0.8879,150259,2024-02-01 23:59:59.999,118257.99910,44,70954,57658.05090,0,58.19831497083603,-0.004787412390120704,-0.013588716113271187,0.008801303723150482,0.9330944695961729,0.822335,0.7115755304038272,0.06801428571428571,553294.85,9.347290640394084,0.85918,0.05575820119047402
2024-02-02,0.7701,0.8879,0.7701,0.7701,830488,2024-02-02 23:59:59.999,653274.96050,109,115719,102746.90010,0,45.83260831738299,-0.009065132222943029,-0.012683999335205556,0.003618867112262527,0.9099599236888962,0.81354,0.7171200763111039,0.07600000000000003,543033.85,-2.7651515151515187,0.8388,0.06732399275144996
2024-02-03,0.7701,0.7923,0.7701,0.7895,199485,2024-02-03 23:59:59.999,153805.30650,14,251,198.16450,0,48.08706002380547,-0.010765737422755994,-0.012300346952715644,0.00153460952995965,0.9055589887569188,0.8103899999999999,0.7152210112430811,0.07715714285714288,528918.2,-1.312500000000008,0.8191200000000001,0.06366562651853193
2024-02-04,0.7895,0.7895,0.7701,0.7701,246004,2024-02-04 23:59:59.999,190474.08830,15,0,0,0,48.13617021276596,-0.01352301229528452,-0.01254488002122942,-0.0009781322740550994,0.9008960696245665,0.8062699999999999,0.7116439303754334,0.07654285714285716,536647.85,1.3022888713496474,0.79556,0.05270235288862434
2024-02-05,0.7836,0.7866,0.7701,0.7809,118478,2024-02-05 23:59:59.999,91414.32940,24,12898,10099.00700,0,48.382178553277996,-0.014667623522533146,-0.012969428721490166,-0.0016981948010429803,0.8953490104117667,0.8026899999999999,0.7100309895882331,0.0771357142857143,525096.3,2.7229676400947187,0.7997,0.04997259248825408
2024-02-06,0.7758,0.8879,0.7701,0.8879,114358,2024-02-06 23:59:59.999,91283.95210,203,47715,39498.57460,0,59.71102661596959,-0.006861633760149033,-0.01174786972922194,0.004886235969072908,0.9066617548410711,0.806485,0.7063082451589289,0.07641428571428574,502577.4,16.79821099710603,0.7997,0.04997259248825408
2024-02-07,0.8879,0.8879,0.7701,0.8879,431456,2024-02-07 23:59:59.999,357739.93880,162,216667,191760.50390,0,59.71102661596959,-0.0006676345587353083,-0.009531822695124615,0.008864188136389306,0.9168810881743799,0.81028,0.7036789118256201,0.0757,487244.0,16.79821099710603,0.82326,0.05940696928809966
2024-02-08,0.7701,0.8879,0.7701,0.8879,408987,2024-02-08 23:59:59.999,325603.22080,66,83181,73848.51250,0,59.71102661596959,0.004192822189480472,-0.006786893718203597,0.010979715907684068,0.9258830094794112,0.813775,0.7016669905205889,0.08411428571428572,457395.1,16.752136752136764,0.8429400000000001,0.06168231513162669
2024-02-09,0.8879,0.8879,0.7701,0.7701,279975,2024-02-09 23:59:59.999,241201.89470,106,216097,191872.52630,0,50.638462530633305,-0.001444060098264921,-0.005718326994215862,0.004274266895950941,0.9254808898307818,0.81168,0.6978791101692181,0.09252857142857143,354783.1,-11.685779816513762,0.8429399999999999,0.06168231513162669
2024-02-10,0.7701,0.946,0.7701,0.8,164627,2024-02-10 23:59:59.999,143099.66980,43,91032,84648.37120,0,52.45372095912537,-0.0034587791544954394,-0.005266417426271778,0.0018076382717763387,0.9256456286028566,0.8120799999999999,0.6985143713971432,0.10439285714285715,334364.9,-9.89976348687915,0.8467600000000001,0.0573165595617647
2024-02-11,0.8514,0.9459,0.8,0.8,142757,2024-02-11 23:59:59.999,121845.57840,49,83815,74578.86420,0,44.80819152004615,-0.004997846458898336,-0.005212703232797091,0.00021485677389875436,0.9256456286028568,0.8120800000000001,0.6985143713971435,0.10569285714285714,316934.15,-9.89976348687915,0.82918,0.054976058425438644
2024-02-12,0.86,0.946,0.8,0.8,847449,2024-02-12 23:59:59.999,716363.79940,150,431334,382705.26130,0,43.51291512915129,-0.006146712905836349,-0.005399505167404943,-0.000747207738431406,0.9251760773360965,0.8140699999999998,0.7029639226639032,0.10699999999999998,274010.8,5.235464351486459,0.8116,0.044574712562137346
2024-02-13,0.8,0.946,0.7701,0.826,647639,2024-02-13 23:59:59.999,552840.72920,240,253782,239495.43020,0,45.6005685856432,-0.004902699861063176,-0.00530014410613659,0.0003974442450734141,0.9256097385433288,0.8173600000000001,0.7091102614566713,0.11044285714285713,296461.05,-6.971505800202733,0.79922,0.019792473316821914
2024-02-14,0.845,0.946,0.7702,0.82,310670,2024-02-14 23:59:59.999,288568.88510,69,257984,243521.95290,0,55.13922310072189,-0.004350807021299752,-0.005110276689169222,0.0007594696678694703,0.9252022067632351,0.82035,0.715497793236765,0.1138785714285714,303774.2,6.479677963900785,0.8092,0.012774975538025648
2024-02-15,0.84,0.946,0.8,0.874,250696,2024-02-15 23:59:59.999,232876.18780,100,189516,177500.07260,0,48.632159023814204,0.00043886180781727013,-0.0040004489897719235,0.004439310797589194,0.9294901741239634,0.8260400000000001,0.7225898258760368,0.11518571428571425,314229.75,10.702976567447754,0.8240000000000001,0.030298514815040395
2024-02-16,0.92,1.0,0.82,1.0,402530,2024-02-16 23:59:59.999,375931.14040,134,319503,299355.44880,0,72.26418748789463,0.014237732123418168,-0.000352812767133904,0.014590544890552072,0.9627739553792891,0.8380150000000001,0.713256044620711,0.1196285714285714,333018.15,29.85326580963511,0.8640000000000001,0.08073413156774155
2024-02-17,1.02,1.02,1.0,1.0,183105,2024-02-17 23:59:59.999,185520.20210,44,1019,1039.38000,0,71.18132421010264,0.02488655949748264,0.0046950616857894065,0.020191497811693236,0.9881968124065441,0.844415,0.7006331875934559,0.11947142857142855,336481.35,28.05736970162632,0.9039999999999999,0.09009994450607382
2024-02-18,1.0,1.0,0.8945,0.9291,672593,2024-02-18 23:59:59.999,637289.64550,70,220494,206578.88480,0,64.49671772428884,0.027290209895994733,0.009214091327830473,0.01807611856816426,0.9940115984923746,0.8464749999999999,0.6989384015076251,0.12562142857142855,351092.55,4.640162180425725,0.92462,0.07888613312869171
2024-02-19,0.9291,1.0787,0.9291,0.9852,189466,2024-02-19 23:59:59.999,187230.53790,51,107521,106229.79790,0,67.20565942395149,0.033337625907410295,0.014038798243746441,0.019298827663663854,1.0105807697067735,0.8513400000000001,0.6920992302932266,0.1351285714285714,343449.85,10.958441265908316,0.9576600000000001,0.055132730750415526
2024-02-20,0.9852,1.0787,0.93,1.0786,443008,2024-02-20 23:59:59.999,449608.09710,109,430143,437135.52390,0,66.43682123771764,0.04514642619091358,0.020260323833179873,0.024886102357733707,1.0500572060133304,0.8672599999999999,0.6844627939866694,0.13733571428571426,351701.5,21.47764387881518,0.9985800000000001,0.053417525214090454
2024-02-21,1.0786,1.0786,0.9005,0.9107,435315,2024-02-21 23:59:59.999,420011.33540,106,145084,133075.00210,0,51.524064171122994,0.04049011386384738,0.024306281839313375,0.016183832024534002,1.0520217049432885,0.8684000000000001,0.6847782950567117,0.14164285714285713,365954.3,18.25736917283469,0.98072,0.06621878132371445
2024-02-22,0.9107,1.0787,0.9107,0.9796,476937,2024-02-22 23:59:59.999,497588.56030,82,184657,195099.33990,0,55.612682090831186,0.04187687641256943,0.02782040075396459,0.01405647565860484,1.0627877124193388,0.8788750000000001,0.6949622875806615,0.1452285714285714,348276.75,22.45,0.9766400000000001,0.06535673645461419
2024-02-23,0.9796,1.0786,0.9506,0.9963,322829,2024-02-23 23:59:59.999,316127.23700,44,207299,202442.89490,0,65.8005029337804,0.04381833565829085,0.031019987734829845,0.012798347923461007,1.0752121055235082,0.8892150000000001,0.7032178944764921,0.14595714285714284,354443.95,24.53749999999999,0.9900800000000001,0.05981075990152573
2024-02-24,0.9963,1.0786,0.9771,1.0785,40744,2024-02-24 23:59:59.999,42903.93520,38,28348,30533.15610,0,68.1291498502799,0.05139733266666746,0.03509545672119737,0.01630187594547009,1.0999543258553728,0.9046350000000001,0.7093156741446273,0.14064285714285713,344180.95,34.81249999999999,1.00874,0.07134881218351183
2024-02-25,0.9832,1.0785,0.8805,0.9788,5321,2024-02-25 23:59:59.999,5620.79150,125,4223,4544.93920,0,60.301912883152795,0.04879629234369576,0.03783562384569705,0.010960668497998705,1.103400694837466,0.9145300000000001,0.7256593051625342,0.14436428571428572,338523.1,18.49878934624698,0.98878,0.05997205182414517
2024-02-26,0.9884,1.0785,0.9637,1.066,699886,2024-02-26 23:59:59.999,754764.97200,62,698784,753630.06960,0,63.92670157068063,0.05315848249129684,0.040900195574817014,0.01225828691647983,1.1234827235166076,0.9234350000000001,0.7233872764833926,0.14213571428571428,367799.5,30.000000000000014,1.0198399999999999,0.048552579746066055
2024-02-27,1.066,1.1481,0.9301,1.0337,1348582,2024-02-27 23:59:59.999,1415377.23450,95,784897,842744.03240,0,60.80307916363258,0.053393719985955324,0.04339890045704468,0.009994819528910646,1.135881390923629,0.930725,0.725568609076371,0.14514285714285716,413655.8,18.27231121281465,1.03066,0.043060689729707724
2024-02-28,0.9301,1.1066,0.92,0.9872,80615,2024-02-28 23:59:59.999,80491.17220,100,16775,17377.96780,0,58.34497903773208,0.04926014571554871,0.04457114950874549,0.004688996206803221,1.1412884118307713,0.9356900000000001,0.7300915881692289,0.14591428571428572,397237.2,-1.2800000000000034,1.0288400000000002,0.04502358270948847
2024-02-29,1.0018,1.105,0.92,0.9889,275105,2024-02-29 23:59:59.999,291454.97310,90,199967,213349.39140,0,56.05055292259084,0.045595833729155544,0.0447760863528275,0.0008197473763280408,1.137915645869618,0.9466300000000001,0.7553443541303821,0.1487,396993.7,-1.1099999999999999,1.01092,0.03752315285257979
2024-03-01,0.9889,1.0862,0.92,0.92,139305,2024-03-01 23:59:59.999,129500.44930,330,16809,16472.18150,0,45.51770506499328,0.03670902708763202,0.04316267449978841,-0.006453647412156392,1.1316873221947281,0.9526300000000001,0.7735726778052721,0.14771428571428571,395727.6,-0.9794424712086962,0.99916,0.05517067155652552
2024-03-02,1.0177,1.1814,0.963,1.0923,832095,2024-03-02 23:59:59.999,945419.49370,103,603138,699094.89560,0,54.334554334554326,0.04307282214526875,0.043144704028884484,-7.1881883615732e-05,1.1414995443037126,0.9672449999999999,0.7929904556962872,0.16495714285714283,430194.5,10.87088915956152,1.00442,0.06372665847193022
2024-03-03,1.1814,1.1814,1.0191,1.18,395218,2024-03-03 23:59:59.999,442588.70620,111,261846,304944.98980,0,61.59963014331945,0.054563854487915675,0.04542853412069073,0.009135320367224947,1.166482194303771,0.9862449999999999,0.8060078056962288,0.1690142857142857,407582.95,9.401075468199512,1.03368,0.10238973093039239
2024-03-04,1.18,1.2596,1.18,1.2497,297285,2024-03-04 23:59:59.999,355064.86760,110,56709,69760.80760,0,62.0765226919916,0.06850510370807572,0.050043848038167735,0.018461255669907986,1.2069345769161601,1.0074299999999998,0.8079254230838394,0.1640142857142857,390065.25,37.22411331942463,1.0861800000000001,0.13477539463862967
2024-03-05,1.2596,1.2597,1.0434,1.0434,688495,2024-03-05 23:59:59.999,813877.22570,178,37314,47000.71830,0,48.5430463576159,0.06219006986394959,0.052473092403324116,0.009716977460625477,1.1979134978920607,1.0186,0.8392865021079392,0.16884285714285713,408956.5,6.5128623928134015,1.09708,0.1269156294551558
2024-03-06,1.0434,1.1285,0.9685,1.05,48627,2024-03-06 23:59:59.999,50572.47800,64,50,54.04000,0,56.654246680042036,0.05706017075685399,0.05339050807403009,0.0036696626828238987,1.193631493627576,1.0274,0.861168506372424,0.16755,398853.05,5.38994278831678,1.12308,0.08931616315090182
2024-03-07,1.12,1.257,1.05,1.1679,55165,2024-03-07 23:59:59.999,62274.72950,60,1071,1248.21570,0,58.59268047823309,0.06179588888369558,0.055071584235963186,0.006724304647732396,1.2128089985542994,1.035795,0.8587810014457007,0.17033571428571428,381484.8,8.289290681502079,1.1381999999999999,0.08920182173026832
2024-03-08,1.1678,1.1679,1.039,1.1305,9348,2024-03-08 23:59:59.999,10489.40500,30,4618,5338.97730,0,56.010390541024734,0.0618185069160222,0.056420968771975,0.005397538144047198,1.223353600835729,1.04232,0.8612863991642706,0.17040000000000002,372796.95,15.498569677155707,1.1282999999999999,0.08609567352659793
2024-03-09,1.1305,1.2033,1.039,1.0411,203569,2024-03-09 23:59:59.999,213282.80660,28,13671,15454.75300,0,48.33570665717337,0.0540001192556967,0.055936798868719335,-0.0019366796130226363,1.2209597289336906,1.04792,0.8748802710663094,0.17488571428571428,349345.75,-2.3358348968105203,1.08658,0.05876424933578564
2024-03-10,1.0411,1.3,1.0411,1.2852,3431071,2024-03-10 23:59:59.999,3939119.32360,78,2283410,2654607.83800,0,62.08201892744479,0.06673158055594652,0.05809575520616478,0.008635825349781745,1.2629705472965675,1.0629199999999999,0.8628694527034323,0.1792357142857143,511426.0,24.330076424494518,1.1349399999999998,0.09963043209782117
2024-03-11,1.3,1.3147,1.2,1.2088,720329,2024-03-11 23:59:59.999,917921.87380,53,530136,689190.77970,0,55.67928730512249,0.06985131142587497,0.060446866450106815,0.009404444975768159,1.279834903885151,1.06943,0.859025096114849,0.17922857142857143,525292.05,22.447325769854146,1.1667,0.09069440445804072
2024-03-12,1.242,1.31,1.176,1.176,311495,2024-03-12 23:59:59.999,381593.93560,41,19272,25238.70400,0,55.657151944024804,0.06888299445586599,0.06213409205125866,0.006748902404607328,1.2842292778731885,1.082695,0.8811607221268114,0.17322857142857148,519101.05,18.920012134695106,1.16832,0.09079348544911514
2024-03-13,1.22,1.4092,1.1748,1.2421,324736,2024-03-13 23:59:59.999,403651.03400,40,131839,172760.85680,0,59.978078759884134,0.07261228464225922,0.06422973056945877,0.008382554072800447,1.3031906937625286,1.0958200000000002,0.8884493062374719,0.17664285714285716,511491.0,35.010869565217384,1.19064,0.09286556412362319
2024-03-14,1.25,1.388,1.2421,1.2421,431668,2024-03-14 23:59:59.999,539712.80420,68,137037,171542.90360,0,59.92474129821261,0.07470660276957841,0.0663251050094827,0.00838149776009571,1.31973782525232,1.10811,0.8964821747476799,0.17385000000000003,516932.95,13.714181085782288,1.23084,0.04093217560793624
2024-03-15,1.25,1.25,1.039,1.25,359475,2024-03-15 23:59:59.999,407789.92850,63,34826,43532.50000,0,63.584719249135524,0.07612629243890745,0.06828534249536765,0.007840949943539802,1.3369816925235518,1.116685,0.896388307476448,0.17705,532869.5,5.932203389830514,1.2238,0.031088824358584295
2024-03-16,1.25,1.25,0.9685,1.045,266861,2024-03-16 23:59:59.999,279723.64700,72,36373,40861.30750,0,48.10390443357652,0.060017772465431385,0.0666318284893804,-0.0066140560239490165,1.333451688322123,1.1199949999999999,0.9065383116778766,0.17848571428571433,545946.5,-16.379931183484047,1.1910399999999999,0.08695460309839147
2024-03-17,1.03,1.0683,1.03,1.03,18410,2024-03-17 23:59:59.999,19049.86110,24,942,970.26000,0,43.61484760769624,0.04551659274301656,0.06240878134010763,-0.016892188597091073,1.3341612203117974,1.118195,0.9022287796882027,0.16962857142857146,511872.7,-1.2842629863906534,1.16184,0.11367595612089074
2024-03-18,1.03,1.0818,0.92,0.9921,30640,2024-03-18 23:59:59.999,31558.42640,44,30027,30934.58280,0,38.72943647182358,0.030613200165705567,0.056049665105227214,-0.025436464939521647,1.336268394130871,1.116115,0.8959616058691289,0.17550000000000002,445975.6,-5.5142857142857205,1.1118400000000002,0.1240553223364418
2024-03-19,0.92,1.0317,0.92,0.92,310346,2024-03-19 23:59:59.999,285720.02490,51,1735,1726.12220,0,43.88260955780289,0.012836317660225749,0.047406995616226924,-0.034570677956001175,1.3430120323515495,1.112755,0.8824979676484505,0.16802857142857144,457462.15,-21.226132374347113,1.04742,0.12313014253219322
2024-03-20,0.92,1.0075,0.92,1.0075,264713,2024-03-20 23:59:59.999,243687.01750,28,1778,1768.02570,0,48.04956402019275,0.0057423348692065,0.03907406346682284,-0.03333172859761634,1.3419776033335646,1.113685,0.8853923966664355,0.16285000000000002,456942.55,-10.880141530296328,0.99892,0.04857424214538022
2024-03-21,1.0079,1.0079,0.89,0.89,344761,2024-03-21 23:59:59.999,316695.86990,17,9,9.07110,0,37.24175925075751,-0.009254287942779715,0.02940839318490233,-0.03866268112768205,1.3461594860134054,1.112185,0.8782105139865946,0.1564857142857143,467215.35,-14.513495341465749,0.96792,0.059943781996116274
2024-03-22,0.89,0.89,0.89,0.89,839,2024-03-22 23:59:59.999,746.71000,4,0,0,0,38.56613102595797,-0.020898316779033754,0.019347051192115113,-0.04024536797114887,1.3562803488720667,1.10207,0.8478596511279335,0.14727857142857143,425652.55,-30.75007780890133,0.9399200000000001,0.056281942041811264
2024-03-23,0.92,0.92,0.92,0.92,4397,2024-03-23 23:59:59.999,4045.24000,5,0,0,0,43.89801471329236,-0.027389811544998643,0.00999967864469236,-0.037389490189691,1.3529101358078996,1.08907,0.8252298641921003,0.13768571428571433,406111.5,-23.891462607544675,0.9255000000000001,0.04823121395940336
2024-03-24,1.0054,1.0054,1.002,1.002,90241,2024-03-24 23:59:59.999,90728.26400,20,6000,6032.40000,0,32.94386894724164,-0.025622295346880097,0.002875283846377867,-0.028497579193257964,1.331890430357943,1.076685,0.8214795696420566,0.12529285714285715,395759.3,-14.795918367346934,0.9419000000000001,0.05869880748360916
2024-03-25,1.021,1.0271,1.021,1.021,21069,2024-03-25 23:59:59.999,21513.13870,16,0,0,0,37.84937888198757,-0.022429827723318363,-0.0021857384675613807,-0.02024408925575698,1.3315808076944586,1.0755649999999999,0.819549192305541,0.11889285714285715,362388.0,-17.80049915465744,0.9446,0.06264822423658804
2024-03-26,1.049,1.049,1.021,1.021,10649,2024-03-26 23:59:59.999,10938.00900,13,0,0,0,39.52702702702703,-0.01967299607838191,-0.005683189989725488,-0.013989806088656423,1.331067244385429,1.074115,0.8171627556145709,0.11132142857142857,360489.1,-17.80049915465744,0.9707999999999999,0.061487397082637375
2024-03-27,1.0475,1.0475,0.92,0.99,186906,2024-03-27 23:59:59.999,190604.63180,65,295,298.87500,0,32.118030926372526,-0.019761826030885832,-0.00849891719795756,-0.011262908832928272,1.3208156724779307,1.0652199999999998,0.8096243275220689,0.1036857142857143,367076.15,-20.8,0.9907999999999999,0.041721696993267283
2024-03-28,0.99,1.0114,0.99,0.99,83007,2024-03-28 23:59:59.999,82687.27260,25,2804,2819.09250,0,32.118030926372526,-0.019606216152866063,-0.010720376988939262,-0.0088858391639268,1.31395928683658,1.058195,0.8024307131634201,0.09479285714285716,370759.1,-5.263157894736836,1.0048,0.01557883179182789
2024-03-29,0.99,1.0031,0.9199,0.9199,4448410,2024-03-29 23:59:59.999,4099352.15550,69,4008662,3687568.17380,0,28.48390040411941,-0.024852889711080017,-0.013546879533367417,-0.0113060101777126,1.3152426647745734,1.052135,0.7890273352254267,0.08566428571428573,583001.15,-10.689320388349511,0.98838,0.04130038740735968
2024-03-30,0.994,0.994,0.9196,0.9896,49756,2024-03-30 23:59:59.999,46140.29960,17,0,0,0,45.61570117125674,-0.02312019361325801,-0.015461542349345537,-0.007658651263912474,1.2775497321828517,1.037355,0.7971602678171483,0.07087142857142859,413935.4,-0.25199072674125056,0.9821,0.03729316291222788
2024-03-31,0.992,1.0015,0.9896,0.9897,49896,2024-03-31 23:59:59.999,49706.07000,27,54,53.83200,0,46.73366834170854,-0.02149121298261969,-0.01666747647600037,-0.004823736506619318,1.253288119890264,1.0264000000000002,0.7995118801097364,0.0689857142857143,380413.75,7.576086956521737,0.97584,0.03127192031196589
2024-04-01,0.9897,0.9897,0.9897,0.9897,6032,2024-04-01 23:59:59.999,5969.87040,13,0,0,0,49.79274611398964,-0.0199700319986994,-0.017327987580540178,-0.002642044418159222,1.2331516980355137,1.017085,0.8010183019644862,0.05742857142857145,365140.6,-1.766749379652609,0.97578,0.03123822978335912
2024-04-02,0.9897,0.9897,0.87,0.9061,598905,2024-04-02 23:59:59.999,563589.24130,55,6,5.39520,0,48.82303132938187,-0.025219590692223903,-0.018906308202876924,-0.0063132824893469795,1.1937541627814043,1.0002849999999999,0.8068158372185953,0.05800000000000002,378849.05,1.8089887640449442,0.959,0.04227457864956046
2024-04-03,0.9061,0.9202,0.87,0.87,674174,2024-04-03 23:59:59.999,589377.85480,31,0,0,0,37.247263958449246,-0.031924862139375954,-0.02151001899017673,-0.010414843149199222,1.1467131845416807,0.9816800000000001,0.8166468154583195,0.055335714285714314,390974.35,-2.247191011235957,0.94902,0.057102425517641824
2024-04-04,0.8948,0.9078,0.87,0.905,83449,2024-04-04 23:59:59.999,74004.27260,19,3634,3272.94780,0,51.642575558475684,-0.034022441055071906,-0.02401250340315577,-0.010009937651916136,1.0742659753161592,0.9644300000000001,0.854594024683841,0.049614285714285736,377173.05,-1.630434782608697,0.9320999999999999,0.05454892299576372
2024-04-05,0.99,0.99,0.87,0.87,547476,2024-04-05 23:59:59.999,476560.71200,57,56,49.56000,0,47.96582587469487,-0.03807014600548819,-0.02682403192362226,-0.011246114081865932,1.0663696771679556,0.9556799999999999,0.8449903228320441,0.0581857142857143,391203.8,-13.17365269461078,0.90816,0.04892691488329979
2024-04-06,0.87,0.897,0.87,0.87,63896,2024-04-06 23:59:59.999,55737.06000,13,5595,4999.69200,0,44.584055459272086,-0.040807576995067874,-0.029620740937911384,-0.01118683605715649,1.0588797463077786,0.9476799999999999,0.8364802536922211,0.0579714285714286,393478.1,-14.789422135161598,0.88422,0.019475420406182907
2024-04-07,0.8978,0.92,0.87,0.87,347590,2024-04-07 23:59:59.999,302987.80360,24,608,529.14240,0,32.613277133825065,-0.04248724427186035,-0.03219404160470118,-0.01029320266715917,1.0558702754927636,0.941575,0.8272797245072364,0.055442857142857176,409325.6,-14.789422135161598,0.877,0.0156524758424198
2024-04-08,0.9122,0.9122,0.9122,0.9122,15350,2024-04-08 23:59:59.999,14002.27000,17,0,0,0,36.494538232373394,-0.03995265602123499,-0.033745764488007944,-0.006206891533227045,1.0558429035307726,0.9411849999999999,0.8265270964692273,0.05666428571428576,394575.8,-7.858585858585856,0.88544,0.021294788094685765
2024-04-09,0.9478,0.9478,0.9122,0.9122,130359,2024-04-09 23:59:59.999,119245.64020,36,0,0,0,36.494538232373394,-0.03751156658246879,-0.03449892490690012,-0.003012641675568674,1.0473338233517033,0.93642,0.8255061766482968,0.05720714285714289,387858.1,-7.858585858585856,0.88688,0.023113891926665582
2024-04-10,0.9122,0.9122,0.87,0.87,884459,2024-04-10 23:59:59.999,781166.19710,67,0,0,0,35.507246376811594,-0.03853793164802277,-0.03530672625512465,-0.0032312053928981246,1.0484367309456908,0.9354199999999999,0.822403269054309,0.05111428571428573,414843.0,-5.4245026633329765,0.88688,0.023113891926665582
2024-04-11,0.8701,0.8701,0.8701,0.8701,20167,2024-04-11 23:59:59.999,17547.30670,19,0,0,0,35.52282057474041,-0.03889490790567318,-0.03602436258523436,-0.0028705453204388234,1.0494578442799025,0.9344249999999998,0.8193921557200973,0.049592857142857154,415809.4,-12.075586095392083,0.8869,0.023095670589908766
2024-04-12,0.8701,0.9091,0.87,0.87,2393771,2024-04-12 23:59:59.999,2083414.21050,106,0,0,0,42.74920081371694,-0.03873932055305529,-0.03656735417879855,-0.002171966374256741,1.0503996364149328,0.931925,0.8134503635850672,0.04644285714285717,535278.1,-12.09457411336769,0.8869,0.023095670589908766
2024-04-13,0.87,0.87,0.87,0.87,738797,2024-04-13 23:59:59.999,642753.39000,42,0,0,0,28.206997084548107,-0.03817594789156775,-0.03688907292135239,-0.0012868749702153598,1.0420569353767777,0.9253250000000002,0.8085930646232227,0.04112857142857145,567705.9,-12.09457411336769,0.8784600000000001,0.018861283095207
2024-04-14,0.87,0.87,0.87,0.87,118142,2024-04-14 23:59:59.999,102783.54000,7,0,0,0,28.180823915421072,-0.037299505516994014,-0.03697115944048072,-0.0003283460765132959,1.0277914939785584,0.917775,0.8077585060214417,0.04027857142857145,572559.55,-3.984107714380313,0.8700199999999999,4.47213316714287e-05
2024-04-15,0.87,0.87,0.87,0.87,74295,2024-04-15 23:59:59.999,64636.65000,13,0,0,0,28.180823915421072,-0.03618776855096617,-0.03681448126257781,0.0006267127116116392,1.0107281945026056,0.910225,0.8097218054973943,0.04027857142857145,575741.85,0.0,0.87002,4.47213316714287e-05
2024-04-16,0.87,0.87,0.87,0.87,185,2024-04-16 23:59:59.999,160.95000,7,0,0,0,40.534871525957,-0.0349043533376856,-0.03643245567759937,0.0015281023399137672,0.9988302602296674,0.9042250000000001,0.8096197397703327,0.03172857142857144,566405.8,-3.8674033149171305,0.87,0.0
2024-04-17,0.87,0.87,0.87,0.87,640465,2024-04-17 23:59:59.999,557204.55000,19,0,0,0,50.0,-0.0335010581895292,-0.03584617617998533,0.0023451179904561345,0.9848059478250308,0.898225,0.8116440521749693,0.028142857142857153,594278.7,0.0,0.87,0.0
2024-04-18,0.87,0.87,0.87,0.87,46761,2024-04-18 23:59:59.999,40682.07000,25,0,0,0,35.36789297658862,-0.03201983198297331,-0.03508090734058293,0.003061075357609619,0.9825566051874992,0.89573,0.8089033948125008,0.02544285714285715,374196.25,0.0,0.87,0.0
2024-04-19,0.87,0.87,0.87,0.87,181755,2024-04-19 23:59:59.999,158126.85000,12,0,0,0,50.0,-0.030494428750110658,-0.03416361162248848,0.0036691828723778228,0.9650666368702044,0.88975,0.8144333631297956,0.016871428571428575,380796.2,0.0,0.87,0.0
2024-04-20,0.87,0.87,0.87,0.87,226434,2024-04-20 23:59:59.999,196997.58000,12,0,0,0,50.0,-0.028951797399575985,-0.03312124877790598,0.004169451378329997,0.9429319991586356,0.883765,0.8245980008413645,0.014942857142857147,389623.1,-4.626178469633854,0.87,0.0
2024-04-21,0.87,0.87,0.87,0.87,118536,2024-04-21 23:59:59.999,103126.32000,12,0,0,0,50.0,-0.02741324808050094,-0.03197964863842497,0.004566400557924032,0.9098303945285813,0.8777799999999999,0.8457296054714185,0.011371428571428572,395248.3,-4.626178469633854,0.87,0.0
2024-04-22,0.87,0.87,0.87,0.87,830840,2024-04-22 23:59:59.999,722830.80000,15,0,0,0,0.23584905660374034,-0.02589543025979546,-0.03076280496269907,0.004867374702903611,0.9052564922679437,0.8759750000000001,0.8466935077320564,0.008357142857142856,406845.05,0.0,0.87,0.0
2024-04-23,0.87,0.87,0.87,0.87,102609,2024-04-23 23:59:59.999,89269.83000,9,0,0,0,0.23584905660374034,-0.02441115213519951,-0.029492474397199164,0.005081322261999654,0.9052564922679437,0.8759750000000001,0.8466935077320564,0.005814285714285716,378266.8,-0.011492931846912881,0.87,0.0
2024-04-24,0.87,0.87,0.78,0.7806,2817959,2024-04-24 23:59:59.999,2446617.78770,39,0,0,0,0.11160714285712459,-0.030101690332337117,-0.029614317584226755,-0.00048737274811036166,0.9190721252413293,0.869755,0.8204378747586706,0.009228571428571428,514992.3,-10.275862068965521,0.85212,0.039980895437664137
2024-04-25,0.7806,0.7806,0.7806,0.7806,819,2024-04-25 23:59:59.999,639.31140,6,0,0,0,0.0,-0.03421704999867192,-0.03053486406711579,-0.003682185931556132,0.9286997342995247,0.8652850000000001,0.8018702657004755,0.009221428571428571,487659.45,-10.275862068965521,0.83424,0.048966396640934884
2024-04-26,0.7806,0.7806,0.7802,0.7802,35950,2024-04-26 23:59:59.999,28057.84990,40,10877,8489.49850,0,0.0,-0.037083305577724435,-0.03184455236923752,-0.005238753208486914,0.9346594697720099,0.8607950000000001,0.7869305302279903,0.006457142857142851,486262.15,-10.32183908045977,0.8162800000000001,0.04903969820459017
2024-04-27,0.7802,0.7802,0.7802,0.7802,59496,2024-04-27 23:59:59.999,46418.77920,14,0,0,0,0.0,-0.03890634564019879,-0.03325691102342978,-0.005649434616769013,0.9382850097582522,0.8563050000000001,0.774324990241748,0.006457142857142851,471857.45,-10.32183908045977,0.79832,0.0400708372759693
2024-04-28,0.7802,0.8,0.7802,0.7802,55240,2024-04-28 23:59:59.999,43098.40640,9,0,0,0,0.0,-0.0398912762231608,-0.034583784063375984,-0.005307492159784814,0.9339601881892441,0.8497049999999999,0.7654498118107558,0.00787142857142857,473851.95,-10.32183908045977,0.7803599999999999,0.0002190890164703781
2024-04-29,0.7802,0.7802,0.7501,0.755,28043104,2024-04-29 23:59:59.999,21664890.48160,61,0,0,0,0.0,-0.04221860045513204,-0.036110747341727194,-0.0061078531134048444,0.9307539060719445,0.841845,0.7529360939280554,0.01002142857142857,1869489.2,-13.218390804597698,0.7752399999999999,0.01131582962036444
2024-04-30,0.7551,0.7551,0.7551,0.7551,726839,2024-04-30 23:59:59.999,548836.12890,26,0,0,0,0.08688097306688292,-0.04355290177129045,-0.03759917822763985,-0.005953723543650605,0.9319284212316562,0.8361000000000001,0.7402715787683439,0.010028571428571427,1861608.2,-13.206896551724137,0.77014,0.013775267692393388
2024-05-01,0.7551,0.7551,0.7551,0.7551,658274,2024-05-01 23:59:59.999,497062.69740,15,0,0,0,0.08688097306688292,-0.0441019651754454,-0.03889973561720096,-0.0052022295582444394,0.9312547596809873,0.8303499999999999,0.7294452403190126,0.010028571428571427,1893513.55,-13.206896551724137,0.76512,0.013766154146931407
2024-05-02,0.7551,0.7551,0.7551,0.7551,204242,2024-05-02 23:59:59.999,154223.13420,7,0,0,0,0.08688097306688292,-0.04402955655846774,-0.03992569980545432,-0.0041038567530134185,0.9290269673398259,0.824605,0.7201830326601741,0.010028571428571427,1784037.1,-13.206896551724137,0.7600999999999999,0.011236325021867971
2024-05-03,0.7551,0.8,0.7551,0.8,52693,2024-05-03 23:59:59.999,42032.45160,30,49977,39981.60000,0,28.125000000000014,-0.039889298450482724,-0.03991841953446001,2.912108397728347e-05,0.9237986676157915,0.821105,0.7184113323842084,0.013235714285714286,1749731.9,-8.045977011494248,0.76406,0.02009111744022897
2024-05-04,0.8,0.8,0.7551,0.7551,518809,2024-05-04 23:59:59.999,397927.41370,28,137522,110017.60000,0,21.961932650073223,-0.039772693967582984,-0.03988927442108461,0.00011658045350162322,0.9193835681795403,0.8153599999999999,0.7113364318204595,0.016442857142857148,1769765.25,-13.206896551724137,0.7640800000000001,0.020079890437875225
2024-05-05,0.7551,0.7551,0.7551,0.7551,533183,2024-05-05 23:59:59.999,402606.48330,12,0,0,0,21.961932650073223,-0.039228087105281584,-0.03975703695792401,0.0005289498526424227,0.9136240335143669,0.809615,0.705605966485633,0.016442857142857148,1792709.65,-13.206896551724137,0.7640800000000001,0.020079890437875225
2024-05-06,0.7551,0.7551,0.7551,0.7551,398833,2024-05-06 23:59:59.999,301158.79830,6,0,0,0,21.961932650073223,-0.038354357089458224,-0.039476500984230854,0.00112214389477263,0.9065194925255375,0.8038700000000001,0.7012205074744626,0.016442857142857148,1812642.05,-3.266717909300534,0.76408,0.020079890437875225
2024-05-07,0.7551,0.7664,0.7551,0.7551,1096,2024-05-07 23:59:59.999,832.52770,23,0,0,0,21.961932650073223,-0.03723272409028677,-0.03902774560544204,0.0017950215151552665,0.8980150421777688,0.798125,0.6982349578222311,0.017250000000000005,1780673.6,-3.266717909300534,0.76408,0.020079890437875225
2024-05-08,0.7551,0.7551,0.7551,0.7551,421,2024-05-08 23:59:59.999,317.89710,6,0,0,0,38.96103896103898,-0.035929647249451024,-0.038408125934243836,0.002478478684792812,0.8879895480805705,0.79238,0.6967704519194294,0.010821428571428577,1778356.6,-3.217123814406564,0.7551,0.0
2024-05-09,0.7551,0.7552,0.7551,0.7552,46807,2024-05-09 23:59:59.999,35343.96650,12,0,0,0,39.01384083044983,-0.03449128622316133,-0.03762475799202734,0.0031334717688660044,0.8762228555023792,0.78664,0.6970571444976208,0.010828571428571434,1771609.2,-3.204306588054348,0.75512,4.472132641602853e-05
2024-05-10,0.7552,0.77,0.7551,0.7551,59029,2024-05-10 23:59:59.999,44573.01130,15,118,89.12540,0,39.1153512575889,-0.03297927930828304,-0.036695662255278476,0.0037163829469954376,0.8623359046323058,0.780895,0.6994540953676942,0.011864285714285725,1763238.95,-3.217123814406564,0.75512,4.472132641602853e-05
2024-05-11,0.7551,0.7551,0.7551,0.7551,9007,2024-05-11 23:59:59.999,6801.18570,10,0,0,0,39.1153512575889,-0.031418826263198585,-0.035640295056862496,0.004221468793663911,0.8455930042095376,0.77515,0.7047069957904624,0.011864285714285725,1757762.5,0.013245033112581323,0.75512,4.472132641602853e-05
2024-05-12,0.7551,0.7551,0.7551,0.7551,22004,2024-05-12 23:59:59.999,16615.22040,5,0,0,0,39.1153512575889,-0.02983819978897917,-0.03447987600328583,0.00464167621430666,0.8243037767092305,0.769405,0.7145062232907695,0.010450000000000006,1717320.7,0.0,0.75512,4.472132641602853e-05
2024-05-13,0.7551,0.7551,0.7551,0.7551,1143719,2024-05-13 23:59:59.999,863622.21690,7,0,0,0,50.05549389567146,-0.02825978075887592,-0.03323585695440385,0.00497607619552793,0.7917241670755323,0.76366,0.7355958329244677,0.008300000000000005,1769376.2,0.0,0.75512,4.472132641602853e-05
2024-05-14,0.7551,0.7551,0.7551,0.7551,100882,2024-05-14 23:59:59.999,76175.99820,62,0,0,0,50.0,-0.026701078889035723,-0.031928901341330224,0.0052278224522945005,0.7895099952696802,0.762385,0.7352600047303197,0.008292857142857149,1633522.35,0.0,0.7551,0.0
2024-05-15,0.7551,0.7551,0.7551,0.7551,1041,2024-05-15 23:59:59.999,786.05910,3,0,0,0,50.0,-0.025175587921052345,-0.03057823865727465,0.005402650736222304,0.7869990669865244,0.76111,0.7352209330134755,0.008292857142857149,1633533.45,-5.612500000000006,0.7551,0.0
2024-05-16,0.7551,0.7551,0.7502,0.7502,413152,2024-05-16 23:59:59.999,310869.25630,22,0,0,0,47.41833508956796,-0.024084384593759722,-0.029279467844571666,0.005195083250811944,0.7842900921255863,0.7596100000000001,0.7349299078744139,0.00864285714285715,1652393.55,-0.6489206727585771,0.75412,0.00219134661727273
2024-05-17,0.7502,0.7502,0.7502,0.7502,106749,2024-05-17 23:59:59.999,80083.09980,9,0,0,0,0.1999999999999602,-0.02295498729068124,-0.02801457173379358,0.005059584443112341,0.7811104942729726,0.7581100000000001,0.7351095057270275,0.005435714285714289,1654756.2,-0.6489206727585771,0.7531399999999999,0.0026838405312218008
2024-05-18,0.7502,0.7502,0.7502,0.7502,407558,2024-05-18 23:59:59.999,305750.01160,9,0,0,0,1.9607843137252843,-0.02180853655703663,-0.02677336469844219,0.004964828141405562,0.7773462281491501,0.75661,0.7358737718508499,0.002228571428571429,1672372.1,-0.6489206727585771,0.7521599999999999,0.0026838405312210917
2024-05-19,0.7502,0.7502,0.7502,0.7502,194034,2024-05-19 23:59:59.999,145564.30680,7,0,0,0,1.9607843137252843,-0.020661789839143685,-0.02555104972658249,0.0048892598874388064,0.7772949385325366,0.75637,0.7354450614674634,0.002228571428571429,279918.6,-0.6489206727585771,0.75118,0.0021913466172701233
2024-05-20,0.7502,0.7502,0.7502,0.7502,5787,2024-05-20 23:59:59.999,4341.40740,3,0,0,0,1.9607843137252843,-0.019527879563425388,-0.024346415693951073,0.004818536130525686,0.7772265464626824,0.756125,0.7350234535373177,0.002228571428571429,243866.0,-0.6489206727585771,0.7502,0.0
2024-05-21,0.7502,0.87,0.7502,0.7502,16085,2024-05-21 23:59:59.999,12081.34300,29,120,104.40000,0,1.9607843137252843,-0.018416948383720877,-0.023160522231905036,0.004743573848184159,0.7771448066052535,0.75588,0.7346151933947465,0.009978571428571432,211756.55,-0.6620762711864413,0.7502,0.0
2024-05-22,0.7502,0.7502,0.7502,0.7502,200252,2024-05-22 23:59:59.999,150229.05040,6,0,0,0,1.9607843137252843,-0.017336680953653705,-0.02199575397625477,0.0046590730226010665,0.7770500242380606,0.7556350000000001,0.7342199757619395,0.009978571428571432,211557.05,-0.6489206727585771,0.7502,0.0
2024-05-23,0.7702,0.815,0.7502,0.755,7780519,2024-05-23 23:59:59.999,5921424.86300,26,477196,388914.74000,0,48.979591836734805,-0.01590984258589556,-0.02077857169818293,0.004868729112287369,0.758181171714672,0.753385,0.7485888282853279,0.014600000000000002,597948.35,-0.01324327903588783,0.7511599999999999,0.00214662525770596
2024-05-24,0.755,0.7563,0.755,0.7563,1408,2024-05-24 23:59:59.999,1064.54540,4,0,0,0,55.454545454545354,-0.014506936826701677,-0.019524244723886683,0.0050173078971850055,0.758360057419035,0.7534449999999999,0.7485299425809648,0.013628571428571426,572078.3,0.15891934843066863,0.75238,0.0030202648885529993
2024-05-25,0.7563,0.7563,0.7563,0.7563,62170,2024-05-25 23:59:59.999,47019.17100,5,0,0,0,55.454545454545354,-0.01324247292047609,-0.018267890363204566,0.005025417442728476,0.7585331209172742,0.753505,0.7484768790827258,0.013628571428571426,548527.65,0.15891934843066863,0.7536,0.003148809298295302
2024-05-26,0.7563,0.7563,0.7563,0.7563,191637,2024-05-26 23:59:59.999,144935.06310,14,0,0,0,55.454545454545354,-0.01210088469855608,-0.01703448923027487,0.004933604531718788,0.7587007467515031,0.7535649999999999,0.7484292532484967,0.013628571428571426,538167.85,0.15891934843066863,0.75482,0.0026432933997261538
2024-05-27,0.7563,0.7572,0.7563,0.7563,9988,2024-05-27 23:59:59.999,7554.61420,7,0,0,0,55.454545454545354,-0.011068576152054144,-0.015841306614630724,0.0047727304625765805,0.7588632701002284,0.753625,0.7483867298997716,0.013692857142857142,538612.45,0.15891934843066863,0.75604,0.0005813776716049142
2024-05-28,0.7563,0.8,0.7563,0.7638,2266,2024-05-28 23:59:59.999,1722.78420,16,68,51.81260,0,73.51351351351353,-0.009535359186537695,-0.014580117129012119,0.0050447579424744236,0.7609868052908757,0.7540600000000001,0.7471331947091244,0.01681428571428572,538704.7,1.8128499066915567,0.7577999999999999,0.003354101965809631
2024-05-29,0.7638,0.8,0.755,0.755,240124,2024-05-29 23:59:59.999,181511.46920,14,0,0,0,49.81684981684984,-0.008927450063280773,-0.01344958371586585,0.004522133652585077,0.7609704502409672,0.75405,0.7471295497590328,0.020028571428571434,548370.55,0.6398293788323149,0.75754,0.003544432253132637
2024-05-30,0.755,0.755,0.755,0.755,195691,2024-05-30 23:59:59.999,147746.70500,10,0,0,0,60.71428571428574,-0.008349430663996626,-0.012429553105492005,0.004080122441495379,0.7609623998736076,0.754045,0.7471276001263923,0.019678571428571434,555203.65,0.6398293788323149,0.75728,0.0037022965841549973
2024-05-31,0.755,0.755,0.755,0.755,256040,2024-05-31 23:59:59.999,193310.20000,13,0,0,0,60.71428571428574,-0.0078014162552811905,-0.011503925735449843,0.0037025094801686528,0.7609543329366436,0.75404,0.7471256670633565,0.019678571428571434,567555.3,0.6398293788323149,0.75702,0.0038317098007344817
2024-06-01,0.755,0.755,0.755,0.755,15985,2024-06-01 23:59:59.999,12068.67500,5,0,0,0,60.71428571428574,-0.007283155208506531,-0.010659771630061182,0.0033766164215546512,0.7609462494080165,0.754035,0.7471237505919835,0.019678571428571434,567254.35,0.6398293788323149,0.75676,0.003935479640024027
2024-06-02,0.755,0.755,0.755,0.755,50105,2024-06-02 23:59:59.999,37829.27500,11,0,0,0,60.71428571428574,-0.006794111309084694,-0.009886639565865885,0.0030925282567811907,0.7609381492655083,0.75403,0.7471218507344917,0.019678571428571434,512573.65,0.6398293788323149,0.755,0.0
2024-06-03,0.755,0.755,0.755,0.755,14513,2024-06-03 23:59:59.999,10957.31500,7,0,0,0,60.71428571428574,-0.006333531486927058,-0.00917601795007812,0.0028424864631510626,0.7609300324867421,0.754025,0.7471199675132578,0.019678571428571434,508255.2,0.6398293788323149,0.755,0.0
2024-06-04,0.755,0.755,0.755,0.755,14647,2024-06-04 23:59:59.999,11058.48500,6,0,0,0,60.71428571428574,-0.005900501352906984,-0.008520914630643894,0.00262041327773691,0.7609218990491798,0.75402,0.7471181009508202,0.011121428571428576,508935.5,0.0,0.755,0.0
2024-06-05,0.7876,0.7876,0.7876,0.7876,7,2024-06-05 23:59:59.999,5.51320,1,0,0,0,83.99999999999996,-0.0028934207481571272,-0.007395415854146541,0.004501995105989413,0.7722372708155438,0.75589,0.7395427291844561,0.013450000000000002,488278.25,4.1385693507867245,0.76152,0.014579163213197811
2024-06-06,0.755,0.7585,0.7501,0.7501,28639442,2024-06-06 23:59:59.999,21624101.46520,58,3441594,2610449.04900,0,47.206385404789046,-0.0034959254510096294,-0.006615517773519158,0.0031195923225095287,0.77223965811517,0.7558849999999999,0.7395303418848298,0.011500000000000002,1914912.9,-0.8197805103794769,0.76054,0.015275077741113363
2024-06-07,0.7501,0.7501,0.7287,0.729,12933942,2024-06-07 23:59:59.999,9584259.56700,127,0,0,0,37.30232558139536,-0.005611324572036391,-0.006414679133222605,0.0008033545611862139,0.7750267065449237,0.7548250000000001,0.7346232934550765,0.012935714285714288,2541232.1,-3.6096786989289953,0.75534,0.020989235336167884
2024-06-08,0.729,0.729,0.729,0.729,255038,2024-06-08 23:59:59.999,185922.70200,84,0,0,0,37.30232558139536,-0.007204741836977169,-0.006572691673973518,-0.0006320501630036508,0.7769874279060885,0.753765,0.7305425720939115,0.012935714285714288,2544282.3,-3.6096786989289953,0.7501399999999999,0.024086676815140366
2024-06-09,0.729,0.729,0.729,0.729,7535,2024-06-09 23:59:59.999,5493.01500,5,0,0,0,37.30232558139536,-0.008371040356950687,-0.006932361410568952,-0.0014386789463817357,0.7784147544454028,0.752705,0.7269952455545972,0.012935714285714288,2544369.7,-4.5561665357423475,0.7449399999999999,0.025537971728330396
2024-06-10,0.729,0.729,0.729,0.729,441,2024-06-10 23:59:59.999,321.48900,3,0,0,0,37.30232558139536,-0.009189410532349451,-0.0073837712349250515,-0.0018056392974243997,0.7794521914204849,0.751645,0.7238378085795151,0.012871428571428574,2543587.5,-3.4437086092715266,0.73322,0.009436206864888146
2024-06-11,0.729,0.729,0.66,0.6616,21866585,2024-06-11 23:59:59.999,14905362.40140,91,1384,999.38640,0,19.474313022700102,-0.015102499296182126,-0.008927516847176468,-0.006174982449005658,0.7961755759765798,0.747215,0.6982544240234201,0.014678571428571421,3626904.15,-12.370860927152323,0.7155199999999999,0.030142196336645746
2024-06-12,0.6616,0.68,0.6616,0.6616,2934075,2024-06-12 23:59:59.999,1986815.07470,35,0,0,0,20.554854981084475,-0.019563152894100266,-0.011054644056561229,-0.008508508837539038,0.8044779850042543,0.742545,0.6806120149957458,0.012778571428571426,3384581.95,-12.370860927152323,0.70204,0.03691650037580561
2024-06-13,0.6618,0.67,0.6618,0.67,2303222,2024-06-13 23:59:59.999,1527655.91840,10,0,0,0,24.550898203592823,-0.022164939583134702,-0.013276703161875923,-0.008888236421258779,0.8076952385613055,0.7382299999999999,0.6687647614386943,0.01337857142857143,3499672.65,-11.258278145695359,0.69024,0.03554867086118434
2024-06-14,0.67,0.672,0.5315,0.5912,150955799,2024-06-14 23:59:59.999,93130784.30410,184,33416144,20453961.77570,0,16.680227827502037,-0.03023682442972142,-0.016668727415445023,-0.013568097014276397,0.8249532662117459,0.729975,0.6349967337882542,0.02341428571428572,11044354.1,-21.6953642384106,0.6626799999999999,0.04889695287026311
2024-06-15,0.63,0.672,0.595,0.672,52109919,2024-06-15 23:59:59.999,31976701.03580,46,7001080,4590010.53720,0,37.29332516840173,-0.02977078749266282,-0.019289139430888586,-0.010481648061774235,0.8232677950997799,0.72576,0.62825220490022,0.029185714285714297,13640268.2,-10.993377483443703,0.65128,0.033920377356342846
2024-06-16,0.65,0.65,0.6,0.6,15607019,2024-06-16 23:59:59.999,9800661.77150,19,0,0,0,30.556949322629222,-0.034809980348327385,-0.022393307614376346,-0.012416672733951039,0.8292277687988401,0.7179449999999999,0.6066622312011598,0.034328571428571444,14420119.75,-20.529801324503314,0.63896,0.039895463401202085
2024-06-17,0.619,0.619,0.6,0.6,255247,2024-06-17 23:59:59.999,153259.15860,20,18,11.01960,0,30.556949322629222,-0.03836137098626036,-0.025586920288753156,-0.012774450697507201,0.830533291444147,0.709755,0.588976708555853,0.03568571428571431,14432768.8,-23.819197562214324,0.62664,0.040660152483686214
2024-06-18,0.6,0.6001,0.6,0.6,34910,2024-06-18 23:59:59.999,20946.00130,25,0,0,0,30.556949322629222,-0.04070663292781718,-0.02861086281656596,-0.012095770111251215,0.8302218635758167,0.702005,0.5737881364241832,0.03569285714285716,14422508.1,-20.01066524463405,0.6126400000000001,0.033401317339239275
2024-06-19,0.6,0.6001,0.6,0.6,36587,2024-06-19 23:59:59.999,21952.20330,26,33,19.80330,0,24.371584699453578,-0.04208019561219589,-0.03130472937569195,-0.010775466236503939,0.8276189495987865,0.694255,0.5608910504012135,0.033371428571428594,14414552.9,-17.695473251028808,0.6144000000000001,0.03219937887594374
2024-06-20,0.6,0.63,0.5761,0.6282,78356390,2024-06-20 23:59:59.999,46643833.55090,151,3977029,2328615.38120,0,32.912811886739576,-0.04042722967417689,-0.03312922943538894,-0.007298000238787947,0.8211758249773353,0.6879149999999999,0.5546541750226646,0.03454285714285717,18319570.4,-13.827160493827162,0.60564,0.012611423392961655
2024-06-21,0.594,0.6363,0.5589,0.59,287792901,2024-06-21 23:59:59.999,173336009.97890,210,10672105,6394075.48400,0,31.407169609416826,-0.04171875516804591,-0.03484713458192034,-0.006871620586125567,0.81583696983365,0.679665,0.54349303016635,0.03854285714285717,32708416.2,-19.06721536351166,0.60364,0.014396110585728834
2024-06-22,0.59,0.62,0.5656,0.58,12207904,2024-06-22 23:59:59.999,7083598.03550,44,2212629,1325255.92630,0,30.588848358520067,-0.04305292750463241,-0.03648829316646276,-0.006564634338169652,0.8091785359318431,0.6709149999999999,0.5326514640681568,0.04242857142857146,33316306.15,-20.438957475994517,0.59964,0.017990219564989203
2024-06-23,0.58,0.5801,0.58,0.58,19889,2024-06-23 23:59:59.999,11535.62100,10,0,0,0,30.588848358520067,-0.04360758756885674,-0.03791215204694156,-0.005695435521915183,0.8001724944568969,0.662165,0.5241575055431031,0.04243571428571431,33316574.95,-12.33373639661427,0.5956400000000001,0.020001199963914834
2024-06-24,0.58,0.6016,0.5589,0.6016,31632022,2024-06-24 23:59:59.999,18139018.10730,124,9713017,5809172.08680,0,34.28712382831773,-0.04182212080927328,-0.03869414579940791,-0.0031279750098653705,0.7877474548996993,0.654495,0.5212425451003008,0.04548571428571432,34897443.7,-9.068923821039895,0.59596,0.020100945251318607
2024-06-25,0.6016,0.6016,0.5589,0.5589,20162059,2024-06-25 23:59:59.999,11806368.54470,55,1872996,1112937.89980,0,36.511688993958515,-0.04335291328185875,-0.039625899295898076,-0.0037270139859606755,0.7671553012383121,0.64306,0.5189646987616878,0.0436071428571429,35905546.3,-16.58208955223882,0.5821,0.015729907819070698
2024-06-26,0.5705,0.6262,0.5589,0.5589,37643534,2024-06-26 23:59:59.999,22295499.71400,29,18815753,11643127.77560,0,36.511688993958515,-0.0440582018198461,-0.04051235980068768,-0.0035458420191584183,0.7522175152241907,0.6335,0.5147824847758092,0.04710000000000004,36355750.9,-5.463464140730717,0.57588,0.017833311526366614
2024-06-27,0.5656,0.59,0.5656,0.59,10363214,2024-06-27 23:59:59.999,6021221.60000,53,18597,10972.23000,0,40.084283589489345,-0.04162777885878388,-0.040735443612306924,-0.0008923352464769579,0.7377650406334992,0.6265499999999999,0.5153349593665006,0.0487214285714286,36227214.5,-12.202380952380963,0.57788,0.018937449669806306
2024-06-28,0.5656,0.62,0.56,0.5604,19846449,2024-06-28 23:59:59.999,11664192.18680,73,495222,277328.10230,0,45.652173913043484,-0.04161046424417636,-0.040910447738680814,-0.000700016505495546,0.721952103340745,0.61812,0.514287896659255,0.0429714285714286,37206785.05,-6.599999999999994,0.5739599999999999,0.020363766842026874
2024-06-29,0.5703,0.5703,0.5604,0.5605,10896961,2024-06-29 23:59:59.999,6107919.80280,87,631066,353885.86480,0,29.616087751371126,-0.04111472813023376,-0.040951303816991406,-0.00016342431324235102,0.7023929583034947,0.609695,0.5169970416965053,0.037907142857142875,37751256.35,-6.58333333333333,0.56574,0.013583924322389465
2024-06-30,0.5605,0.6,0.5589,0.5589,33014526,2024-06-30 23:59:59.999,19013399.26150,52,8025892,4814784.57450,0,39.881831610044316,-0.0403854223072847,-0.04083812751505007,0.0004527052077653651,0.6775769346775057,0.60119,0.5248030653224943,0.035700000000000016,39401960.6,-6.850000000000005,0.56574,0.013583924322389465
2024-07-01,0.5649,0.5703,0.5589,0.5589,120356,2024-07-01 23:59:59.999,67805.34030,135,17752,10123.61810,0,39.881831610044316,-0.039353796123409834,-0.040541261236722026,0.0011874651133121916,0.6690766831528685,0.596055,0.5230333168471315,0.03515714285714288,38314649.15,-6.850000000000005,0.56574,0.013583924322389465
2024-07-02,0.5589,0.5724,0.5589,0.566,119305,2024-07-02 23:59:59.999,67023.68690,16,0,0,0,41.91246431969553,-0.03753068391526382,-0.039939145772430386,0.0024084618571665675,0.6585184344277238,0.591275,0.5240315655722761,0.036114285714285745,38173910.65,-9.901305316778101,0.56094,0.002933087110262412
2024-07-03,0.566,0.595,0.5589,0.56,21892315,2024-07-03 23:59:59.999,12641480.24470,71,11504598,6824263.67110,0,40.74930619796486,-0.036153252026656424,-0.039181967023275595,0.003028714996619171,0.6431811751671329,0.5857749999999999,0.528368824832867,0.038685714285714316,39153365.3,-5.08474576271185,0.56086,0.002956856438244374
2024-07-04,0.56,0.56,0.56,0.56,138535,2024-07-04 23:59:59.999,77579.60000,19,0,0,0,31.861702127659598,-0.03466206462644639,-0.03827798654390976,0.0036159219174633703,0.6426862713979987,0.5842149999999999,0.5257437286020011,0.03483571428571431,31612502.1,-3.4482758620689493,0.5607599999999999,0.002980436209078603
2024-07-05,0.56,0.56,0.56,0.56,134561,2024-07-05 23:59:59.999,75354.16000,22,0,0,0,39.98664886515357,-0.0330987461262654,-0.03724213846038089,0.004143392334115488,0.6208989661032936,0.578615,0.5363310338967063,0.029307142857142882,29013734.2,-3.4482758620689493,0.56098,0.00284640123601497
2024-07-06,0.56,0.56,0.56,0.56,10499,2024-07-06 23:59:59.999,5879.44000,3,0,0,0,42.84692417739632,-0.03149673025146538,-0.036093056818597785,0.004596326567132408,0.6184212838383392,0.5766150000000001,0.534808716161661,0.025421428571428595,28233908.2,-6.914893617021272,0.5612,0.0026832815723267247
2024-07-07,0.56,0.56,0.5198,0.52,17607782,2024-07-07 23:59:59.999,9249715.02360,38,4158232,2255719.11700,0,33.314794215795345,-0.033073535702816126,-0.035489152595441456,0.00241561689262533,0.6199442732377509,0.572615,0.525285726762249,0.02828571428571431,29101534.95,-6.960100196815161,0.552,0.01788854381989653
2024-07-08,0.52,0.525,0.52,0.525,209580,2024-07-08 23:59:59.999,108982.10000,75,100,52.50000,0,26.53186274509804,-0.03353315780056598,-0.03509795363646636,0.0015647958359003775,0.6188677062420557,0.568865,0.5188622937579442,0.025592857142857164,29110268.45,-6.065485775630691,0.545,0.020615528127999418
2024-07-09,0.525,0.55,0.5198,0.5198,22835910,2024-07-09 23:59:59.999,12217098.59800,162,12531034,6844951.15000,0,34.447096260938764,-0.03392593115007869,-0.03486354913918883,0.0009376179891101358,0.6171550845320106,0.564855,0.5125549154679894,0.024700000000000017,30250234.6,-11.89830508474575,0.53696,0.021135467820616316
2024-07-10,0.5198,0.5198,0.5197,0.5197,169367,2024-07-10 23:59:59.999,88031.92330,82,0,0,0,34.41971383147856,-0.0338550164677871,-0.03466184260490848,0.0008068261371213803,0.6062902446244762,0.5594300000000001,0.512569755375524,0.01990000000000001,26340883.45,-7.262669521770157,0.5289,0.017529118631473748
2024-07-11,0.5197,0.56,0.46,0.51,183236066,2024-07-11 23:59:59.999,92568035.23130,194,85455381,44089209.05700,0,11.685823754789268,-0.03418743355182896,-0.03456696079429258,0.0003795272424636162,0.6048886313041121,0.5554300000000001,0.5059713686958881,0.024821428571428585,21113041.7,-9.009812667261372,0.5189,0.005456189145937562
2024-07-12,0.51,0.51,0.4962,0.5047,15046,2024-07-12 23:59:59.999,7526.23030,15,0,0,0,15.23096129837701,-0.034481065927624344,-0.034549781820958934,6.871589333459077e-05,0.6045911362153563,0.5516650000000001,0.49873886378464377,0.02152142857142859,20503398.8,-9.697620325639635,0.5158400000000001,0.008256694253527638
2024-07-13,0.5048,0.5858,0.4825,0.5858,67758009,2024-07-13 23:59:59.999,36179769.15370,261,26823332,15676022.12980,0,57.85226567349472,-0.027848657493531048,-0.03320955695547336,0.005360899461942313,0.6055936143307045,0.5519550000000001,0.49831638566929576,0.028192857142857162,23890304.8,4.8130255859724524,0.528,0.032953983067245125
2024-07-14,0.5294,0.58,0.5192,0.54,940965,2024-07-14 23:59:59.999,510269.24980,37,42782,24790.04340,0,45.39698002922553,-0.02598852373469973,-0.031765350311318635,0.005776826576618904,0.5973350703776017,0.548875,0.5004149296223983,0.030014285714285733,22355751.95,-4.593639575971716,0.5320400000000001,0.03293558865416395
2024-07-15,0.54,0.5555,0.5353,0.5555,6524596,2024-07-15 23:59:59.999,3510130.17010,261,5960152,3204172.21330,0,49.230072463768124,-0.022998521231516245,-0.030011984495358156,0.007013463263841911,0.5970406891132705,0.548705,0.5003693108867295,0.030642857142857156,21673878.8,-0.803571428571439,0.5391999999999999,0.03346931430424468
2024-07-16,0.5555,0.5555,0.5555,0.5555,132276,2024-07-16 23:59:59.999,73479.31800,24,0,0,0,47.54328497894245,-0.020393835267694338,-0.028088354649825398,0.00769451938213106,0.5967434628948726,0.548535,0.5003265371051274,0.029678571428571436,19798315.9,-0.803571428571439,0.5483,0.029494830055390175
2024-07-17,0.5555,0.5573,0.5555,0.5555,189462,2024-07-17 23:59:59.999,105246.78540,93,358,199.51340,0,48.91670678863744,-0.01812071851236141,-0.026094827422332597,0.007974108909971186,0.5910793145471636,0.54681,0.5025406854528365,0.027228571428571435,19289628.3,-0.803571428571439,0.55846,0.016692303615630226
2024-07-18,0.5555,0.56,0.5555,0.5555,98457,2024-07-18 23:59:59.999,54706.29150,84,0,0,0,48.91670678863744,-0.016133282666874305,-0.02410251847124094,0.007969235804366634,0.5905710892909859,0.546565,0.502558910709014,0.027550000000000012,18302228.7,-0.803571428571439,0.5524,0.006931810729987023
2024-07-19,0.5555,0.5555,0.5,0.5327,31601209,2024-07-19 23:59:59.999,15826175.93150,112,2205294,1102843.85850,0,44.07809110629064,-0.016211123156400054,-0.022524239408272764,0.006313116251872711,0.5890838949141389,0.545175,0.501266105085861,0.031514285714285724,19337441.1,2.442307692307679,0.55094,0.010196469977220518
2024-07-20,0.5369,0.5406,0.5025,0.5026,81814,2024-07-20 23:59:59.999,42561.91350,23,526,279.05710,0,38.986953184957784,-0.01848850675182445,-0.021717092876983105,0.003228586125158653,0.5896524340221422,0.5423600000000001,0.4950675659778579,0.0342357142857143,17690805.5,-4.266666666666661,0.5403600000000001,0.023303175749161898
2024-07-21,0.59,0.59,0.5026,0.5449,130677,2024-07-21 23:59:59.999,76199.79100,60,9950,5309.97300,0,54.73564092810956,-0.01668772744052649,-0.020711219789691784,0.004023492349165294,0.5883319976899449,0.54166,0.4949880023100552,0.03760714285714286,17691321.55,4.828780300115431,0.5382399999999999,0.02202879933170034
2024-07-22,0.5485,0.5485,0.5288,0.5395,33608,2024-07-22 23:59:59.999,18169.35880,29,11482,6167.14770,0,52.75351310292441,-0.015517456157423948,-0.01967246706323822,0.0041550109058142715,0.5855803556785161,0.540335,0.495089644321484,0.038657142857142855,17687036.7,3.8098903213392203,0.5350400000000001,0.019959659315637427
2024-07-23,0.5395,0.553,0.5288,0.5336,155413,2024-07-23 23:59:59.999,84045.19530,83,69278,37249.81770,0,52.613636363636346,-0.014894395110463976,-0.018716852672683373,0.0038224575622193974,0.5833764946826114,0.539015,0.49465350531738855,0.03822857142857143,16600191.6,4.6274509803921475,0.53066,0.016439981751702137
2024-07-24,0.5336,0.5889,0.5026,0.5176,30059868,2024-07-24 23:59:59.999,17699113.68340,60,5307857,3125744.62620,0,49.62486602357983,-0.015512858448481603,-0.01807605382784302,0.002563195379361418,0.5810861386681885,0.536895,0.49270386133181154,0.044385714285714285,18096258.25,2.5559738458490013,0.52764,0.017334157031603556
2024-07-25,0.5124,0.5124,0.5026,0.5026,133398,2024-07-25 23:59:59.999,67062.79490,37,0,0,0,48.70266479663395,-0.01701720598170342,-0.017864284258615103,0.0008470782769116822,0.5793394278168651,0.534025,0.48871057218313485,0.0383142857142857,18096200.1,-14.202799590303849,0.5276400000000001,0.017334157031603556
2024-07-26,0.5131,0.5131,0.5026,0.505,11244098,2024-07-26 23:59:59.999,5655726.19210,71,35060,17705.30000,0,50.053134962805515,-0.017810444579165696,-0.01785351632272522,4.3071743559525144e-05,0.576627740298468,0.5312749999999999,0.4859222597015319,0.038078571428571406,18657880.05,-6.481481481481486,0.51966,0.016569188272099158
2024-07-27,0.505,0.5222,0.5026,0.5026,4718,2024-07-27 23:59:59.999,2400.73790,10,2001,1029.16170,0,29.567779960707256,-0.01842041277285633,-0.017966895612751443,-0.0004535171601048882,0.5773094482230264,0.530405,0.4835005517769736,0.032099999999999976,17777726.85,-9.522952295229512,0.51228,0.013446635266721844
2024-07-28,0.5172,0.5172,0.5027,0.515,24447,2024-07-28 23:59:59.999,12572.24220,25,3509,1792.57150,0,42.65569917743829,-0.017699215058251005,-0.017913359501851356,0.00021414444360035034,0.5772630527243614,0.5299050000000001,0.4825469472756388,0.02838571428571426,17768470.2,-7.290729072907287,0.5085599999999999,0.007192218016456214
2024-07-29,0.515,0.5219,0.515,0.515,27745,2024-07-29 23:59:59.999,14293.57110,24,13,6.78470,0,36.910148674854554,-0.016932473657255365,-0.01771718233293216,0.0007847086756767943,0.5772865906358184,0.5296649999999999,0.4820434093641814,0.02743571428571426,16628061.95,-7.290729072907287,0.50804,0.006428685712977123
2024-07-30,0.5212,0.5545,0.4565,0.505,114553353,2024-07-30 23:59:59.999,57893843.12060,103,49824502,27627061.19130,0,34.66909532483301,-0.016936508472347067,-0.01756104756081514,0.0006245390884680735,0.5776404916824764,0.52893,0.4802195083175236,0.03443571428571426,22347261.25,-9.09090909090909,0.5085200000000001,0.005995998665463287
2024-07-31,0.5038,0.5676,0.4646,0.4955,20865258,2024-07-31 23:59:59.999,10810706.07560,165,10719598,6084087.23010,0,32.77841561423649,-0.017504495766537453,-0.017549737201959605,4.5241435422151144e-05,0.5785074316661484,0.528205,0.4779025683338517,0.04166428571428569,14228720.85,-6.983292660033783,0.5066200000000001,0.008409637328460246
2024-08-01,0.4932,0.505,0.4857,0.505,43781,2024-08-01 23:59:59.999,21656.90870,43,20421,10194.16320,0,36.254763200870975,-0.016992183865785826,-0.01743822653472485,0.0004460426689390229,0.5784930900074378,0.5282199999999999,0.4779469099925621,0.042721428571428535,14230157.6,0.4775169120572935,0.5071,0.008188406438143718
2024-08-02,0.4919,0.4919,0.4549,0.4632,191057,2024-08-02 23:59:59.999,89904.41710,21,4513,2219.94470,0,32.856438085841134,-0.01973162971145581,-0.01789690717007104,-0.0018347225413847708,0.5726982539549563,0.5220899999999999,0.47148174604504356,0.042335714285714254,10851810.0,-14.993576803083142,0.49674000000000007,0.019977186989068425
2024-08-03,0.4618,0.5151,0.4242,0.4243,47031202,2024-08-03 23:59:59.999,22071668.31190,176,20014727,10301860.83590,0,31.489361702127653,-0.024756191217761847,-0.019268763979609204,-0.005487427238152643,0.5823806655577182,0.516305,0.45022933444228186,0.046107142857142826,13156321.85,-21.353104726598698,0.4786,0.03487542114435545
2024-08-04,0.4503,0.47,0.4243,0.47,61325005,2024-08-04 23:59:59.999,26754779.17950,48,32392048,14438034.64440,0,32.57328990228011,-0.024765107597713776,-0.02036803270323012,-0.004397074894483655,0.5784906919832711,0.51203,0.4455693080167289,0.04312857142857139,15896342.3,-11.919040479760119,0.4716,0.03161162760751392
2024-08-05,0.4243,0.4243,0.3694,0.3694,16443206,2024-08-05 23:59:59.999,6081665.88660,98,26,9.60700,0,22.573363431151222,-0.03251494114214659,-0.022797414391013418,-0.009717526751133174,0.5918173559834641,0.502725,0.4136326440165359,0.04890714285714282,16711888.8,-28.632148377125183,0.44638,0.05169760149171397
2024-08-06,0.4388,0.4388,0.3694,0.3694,15648157,2024-08-06 23:59:59.999,6863029.95660,44,15017249,6587333.56660,0,23.011176857330696,-0.0382162074103814,-0.025881172994887017,-0.01233503441549438,0.5969996891284534,0.49341999999999997,0.3898403108715466,0.05213571428571425,17484823.55,-26.502188619180266,0.41925999999999997,0.04874092736085342
2024-08-07,0.4061,0.4061,0.3694,0.3952,284785,2024-08-07 23:59:59.999,105311.75530,4,3039,1234.13790,0,30.509554140127378,-0.040189379473410114,-0.028742814290591643,-0.011446565182818471,0.5934693175927594,0.485405,0.37734068240724045,0.04859285714285712,17494139.95,-21.742574257425744,0.40565999999999997,0.04250315282418412
2024-08-08,0.3953,0.3953,0.3953,0.3953,109,2024-08-08 23:59:59.999,43.08770,2,0,0,0,32.06285523236373,-0.041269336166969095,-0.031248118665867138,-0.010021217501101957,0.5913069314646254,0.47853500000000004,0.3657630685353746,0.04752857142857141,15914084.95,-21.348985276561887,0.39986,0.04128483983250915
2024-08-09,0.3953,0.4267,0.3953,0.4266,4446503,2024-08-09 23:59:59.999,1896870.52650,15,0,0,0,38.04878048780487,-0.0391482841614445,-0.03282815176498262,-0.006320132396461883,0.5892017136169376,0.474735,0.3602682863830624,0.049021428571428556,16132319.4,-17.165048543689327,0.39117999999999997,0.023645549263992795
2024-08-10,0.4266,0.4725,0.4266,0.4266,2965,2024-08-10 23:59:59.999,1274.55390,4,0,0,0,38.32923832923831,-0.03704035698718511,-0.03367059280942312,-0.00336976417776199,0.580205146888238,0.4688199999999999,0.3574348531117618,0.050899999999999994,16125933.8,-17.165048543689327,0.40262000000000003,0.024301687184143054
2024-08-11,0.4266,0.4737,0.4266,0.4266,56155,2024-08-11 23:59:59.999,23975.59920,6,211,99.95070,0,35.887611749680715,-0.034966734762484075,-0.033929821200035314,-0.0010369135624487616,0.5708598594153984,0.463175,0.35549014058460154,0.053221428571428565,16127061.15,-15.52475247524753,0.41406,0.01717113857599358
2024-08-12,0.427,0.427,0.427,0.427,3039,2024-08-12 23:59:59.999,1297.65300,2,0,0,0,35.969387755102034,-0.0329117118256102,-0.033726199325150294,0.0008144874995400925,0.5613233572588883,0.457845,0.3543666427411118,0.05275714285714285,16119442.45,-13.82441977800202,0.42042,0.014043575043271316
2024-08-13,0.428,0.4335,0.428,0.4335,10547,2024-08-13 23:59:59.999,4514.24250,7,0,0,0,38.471460819090616,-0.03040807035853682,-0.0330625735318276,0.00265450317329078,0.5536718770242661,0.45363999999999993,0.35360812297573374,0.04622142857142857,14616976.4,-14.15841584158416,0.42806,0.003045980957920531
2024-08-14,0.4335,0.4335,0.4335,0.4335,67434,2024-08-14 23:59:59.999,29232.63900,4,0,0,0,39.687292082501656,-0.028099997182242376,-0.032070058261910554,0.003970061079668179,0.547841848736831,0.450185,0.352528151263169,0.03886428571428572,14613678.2,-6.411917098445596,0.42943999999999993,0.003709851748522884
2024-08-15,0.4335,0.4335,0.4335,0.4335,8202,2024-08-15 23:59:59.999,3555.56700,2,0,0,0,37.71899690827894,-0.02597144985400901,-0.030850336580330245,0.004878886726321235,0.5409979764864579,0.4466099999999999,0.352222023513542,0.03748571428571428,14051883.4,2.1682771623851016,0.4308199999999999,0.0036724651116140164
2024-08-16,0.4335,0.4335,0.396,0.396,11583883,2024-08-16 23:59:59.999,4596606.89020,31,1373179,545759.44650,0,38.28451882845188,-0.02699926662130192,-0.03008012258852458,0.00308085596722266,0.5343860425420363,0.44128,0.34817395745796376,0.036585714285714284,14630841.65,-15.744680851063823,0.42469999999999997,0.01628879983289144
2024-08-17,0.4,0.4,0.396,0.396,362,2024-08-17 23:59:59.999,143.85200,4,225,89.10000,0,44.292053247277124,-0.027496852218225898,-0.029563468514464845,0.002066616296238947,0.5236882206579513,0.43533,0.34697177934204876,0.03037857142857143,14629637.4,7.200866269626424,0.41850000000000004,0.020539595906346027
2024-08-18,0.4188,0.4575,0.377,0.4575,85949291,2024-08-18 23:59:59.999,35877859.62430,46,37672331,17217798.76230,0,47.62988244216914,-0.02266736113640594,-0.028184247038853066,0.005516885902447127,0.5133226234735517,0.43245500000000003,0.35158737652644834,0.03286428571428572,18925714.7,23.849485652409317,0.42330000000000007,0.026778256104459077
2024-08-19,0.4575,0.4575,0.4575,0.4575,23774,2024-08-19 23:59:59.999,10876.60500,3,0,0,0,77.00797057020235,-0.018625254321459728,-0.026272448495374398,0.00764719417391467,0.5045106558231218,0.43007999999999996,0.35564934417687816,0.025678571428571436,13199235.75,15.764170040485837,0.42810000000000004,0.03089781545669553
2024-08-20,0.457,0.4969,0.4,0.4969,13291436,2024-08-20 23:59:59.999,5911007.35520,11,5676124,2815619.52220,0,81.4814814814815,-0.01210308796420606,-0.02343857638914073,0.011335488424934669,0.5048418864046228,0.43015,0.35545811359537716,0.027642857142857146,12820544.65,25.70199848216545,0.44078,0.04392911335317443
2024-08-21,0.4969,0.5727,0.47,0.5236,65902045,2024-08-21 23:59:59.999,35272530.07960,57,33221311,18897736.33120,0,81.56342182890856,-0.00472528710921577,-0.019695918533155738,0.014970631423939968,0.5100373529121363,0.43107999999999996,0.35212264708786367,0.03235714285714286,16113457.85,22.737927801218934,0.46630000000000005,0.04826131991560237
2024-08-22,0.532,0.578,0.532,0.578,13088,2024-08-22 23:59:59.999,6984.04600,14,6574,3497.36800,0,85.44819557625146,0.005448491761323171,-0.014667036474259956,0.020115528235583126,0.538911385274728,0.43682,0.334728614725272,0.036235714285714295,16104559.4,35.489920300046876,0.5027,0.05056337607395512
2024-08-23,0.578,0.578,0.534,0.5345,145371,2024-08-23 23:59:59.999,77769.04030,24,1302,698.15580,0,69.98888477213784,0.009887224588539467,-0.00975618426170007,0.01964340885023954,0.5531024286422989,0.44233,0.33155757135770114,0.037135714285714286,13760267.85,25.293014533520864,0.5181,0.04474656411386531
2024-08-24,0.5382,0.5726,0.534,0.534,3394,2024-08-24 23:59:59.999,1820.46560,14,0,0,0,69.85946745562131,0.013212303304010464,-0.005162486748557963,0.018374790052568427,0.5631538268019021,0.4455299999999999,0.3279061731980978,0.03661428571428571,10694187.3,25.058548009367694,0.5334,0.02923619332259761
2024-08-25,0.534,0.585,0.5,0.5,17237648,2024-08-25 23:59:59.999,8826568.14270,49,4423560,2402104.59400,0,62.05650459921157,0.012954603684462107,-0.0015390686619539482,0.014493672346416055,0.5663416170691735,0.45206,0.33777838293082646,0.03932142857142856,10733909.4,15.340253748558247,0.5340199999999999,0.028286074312217704
2024-08-26,0.5232,0.5271,0.5,0.5139,4769,2024-08-26 23:59:59.999,2438.71430,66,2242,1156.57130,0,63.66782006920416,0.013713903370747904,0.001511525744586423,0.01220237762616148,0.5697708795452745,0.45928499999999994,0.3487991204547254,0.04122857142857141,9951740.0,18.546712802768173,0.5320799999999999,0.029486556258679936
2024-08-27,0.5139,0.5139,0.486,0.486,104194,2024-08-27 23:59:59.999,52707.14370,97,0,0,0,57.736516357206014,0.011926871462615729,0.0035945948881922853,0.008332276574423444,0.5706238147970333,0.46382500000000004,0.35702618520296675,0.04275714285714285,9942710.45,12.110726643598614,0.51368,0.021211718459291602
2024-08-28,0.486,0.486,0.4195,0.4195,220444,2024-08-28 23:59:59.999,103743.62060,33,22,9.58980,0,48.275012321340554,0.005086013170345571,0.003892878544622943,0.0011931346257226284,0.5690776891128855,0.465035,0.3609923108871145,0.04750714285714285,9953727.2,5.934343434343425,0.49067999999999995,0.04356359718843471
2024-08-29,0.4338,0.4432,0.41,0.4432,46551,2024-08-29 23:59:59.999,19875.32520,773,11362,4928.83560,0,51.12922002328288,0.001559004386711249,0.0034261037130406038,-0.0018670993263293547,0.5688764204192328,0.465865,0.3628535795807671,0.049878571428571425,9733729.6,11.91919191919191,0.47252,0.03974905030307204
2024-08-30,0.4432,0.4432,0.3694,0.425,280050,2024-08-30 23:59:59.999,112457.36200,52,156679,66588.57500,0,53.534861043393455,-0.0026739398669819447,0.002206094997036094,-0.004880034864018039,0.5689272170952043,0.465785,0.3626427829047957,0.052471428571428565,9747583.85,-7.103825136612028,0.45752000000000004,0.04092049608687697
2024-08-31,0.425,0.4416,0.425,0.4376,149412,2024-08-31 23:59:59.999,65044.03310,32,117074,50803.14890,0,54.91958372753074,-0.00495474872822893,0.0007739262519830887,-0.005728674980212019,0.5687118944941273,0.46633500000000006,0.3639581055058728,0.05337142857142856,9752246.7,-4.349726775956291,0.44226,0.026228381574090194
2024-09-01,0.45,0.4525,0.3694,0.3694,62523406,2024-09-01 23:59:59.999,26217603.55180,35,26362172,11474637.74590,0,39.74388824214202,-0.012125698705237442,-0.0018059987394610183,-0.010319699965776424,0.5734484443020101,0.463455,0.3534615556979898,0.05355714285714285,12878265.05,-25.65908633527873,0.41894,0.029274528177171622
2024-09-02,0.405,0.405,0.405,0.405,474,2024-09-02 23:59:59.999,191.97000,3,0,0,0,44.35605246183617,-0.014765893716224443,-0.004397977734813705,-0.01036791598141074,0.5743708553884977,0.46203000000000005,0.34968914461150236,0.05609999999999999,12877761.4,-22.650878533231463,0.41604,0.02991635004468305
2024-09-03,0.405,0.405,0.3973,0.3973,76622,2024-09-03 23:59:59.999,31013.01100,8,0,0,0,38.50946008306414,-0.017280395292168904,-0.0069744612462847464,-0.010305934045884157,0.5756210964097705,0.46021999999999996,0.3448189035902294,0.04972857142857142,12878220.8,-31.26297577854671,0.40686,0.026325424972751806
2024-09-04,0.3973,0.3973,0.3973,0.3973,0,2024-09-04 23:59:59.999,0,0,0,0,0,34.472584214408656,-0.01905351880275591,-0.00939027275757898,-0.009663246045176929,0.5766756759385777,0.45841000000000004,0.3401443240614224,0.042392857142857135,12877810.7,-25.668849391955096,0.40132,0.02439768431626188
2024-09-05,0.3973,0.3973,0.3973,0.3973,0,2024-09-05 23:59:59.999,0,0,0,0,0,24.354243542435427,-0.020225584017002085,-0.011557335009463602,-0.008668249007538483,0.5765975924285899,0.45847499999999997,0.34035240757141005,0.03850714285714285,12298616.55,-25.599250936329593,0.39326,0.013748563561185263
2024-09-06,0.3973,0.3973,0.3973,0.3973,0,2024-09-06 23:59:59.999,0,0,0,0,0,27.784974093264253,-0.020913377743069506,-0.013428543556184785,-0.0074848341868847205,0.5765191846045119,0.45854,0.34056081539548805,0.035364285714285716,12298598.45,-20.540000000000003,0.39884,0.0034435446847638582
2024-09-07,0.3973,0.3973,0.3973,0.3973,0,2024-09-07 23:59:59.999,0,0,0,0,0,27.830035679532926,-0.02121391838038089,-0.014985618521024008,-0.006228299859356884,0.5766508374438655,0.45553,0.33440916255613456,0.03260714285714286,8001133.9,-22.68923915158592,0.3973,0.0
2024-09-08,0.3973,0.3973,0.3973,0.3973,0,2024-09-08 23:59:59.999,0,0,0,0,0,31.279620853080573,-0.021207630636047803,-0.016230020944028766,-0.004977609692019037,0.5763954654776872,0.45252,0.3286445345223128,0.026535714285714294,7999945.2,-18.25102880658436,0.3973,0.0
2024-09-09,0.3973,0.3973,0.3973,0.3973,0,2024-09-09 23:59:59.999,0,0,0,0,0,27.611367127496152,-0.02096102194021937,-0.017176221143266886,-0.0037848007969524845,0.571910438186419,0.44753999999999994,0.323169561813581,0.024600000000000007,7335373.4,-5.292014302741358,0.3973,0.0
2024-09-10,0.3973,0.3973,0.3973,0.3973,0,2024-09-10 23:59:59.999,0,0,0,0,0,30.924731182795696,-0.020528937954140514,-0.017846764505441613,-0.0026821734486989005,0.562111530092643,0.44122500000000003,0.32033846990735704,0.02260714285714286,4040271.15,-10.356498194945848,0.3973,0.0
2024-09-11,0.3973,0.3973,0.3973,0.3973,0,2024-09-11 23:59:59.999,0,0,0,0,0,43.31325301204819,-0.019956462603746616,-0.018268704125102616,-0.0016877584786440004,0.5358125519040244,0.43219,0.3285674480959756,0.01785714285714286,4039616.75,-6.517647058823531,0.3973,0.0
