open_time,open,high,low,close,volume,close_time,quote_asset_volume,number_of_trades,taker_buy_base_asset_volume,taker_buy_quote_asset_volume,ignore,rsi_14,macd,macd_signal,macd_hist,bb_upper,bb_middle,bb_lower,atr_14,volume_ma_20,roc_12,close_ma_5,close_std_5
2024-07-11 18:00:00,0.5197,0.56,0.46,0.56,108899806,2024-07-11 18:59:59.999,54182983.39430,91,52361199,26568002.13700,0,100.0,0.00262692939996223,0.0005315138170896289,0.002095415582872601,0.5397377078986484,0.521715,0.5036922921013517,0.007142857142857145,5449329.95,7.754473734847027,0.52776,0.018022707898648318
2024-07-11 19:00:00,0.56,0.56,0.46,0.56,68509346,2024-07-11 19:59:59.999,35412483.80490,37,33094182,17521206.92000,0,100.0,0.004625081732398173,0.0013578489969422595,0.0032672327354559133,0.5485381565534191,0.52373,0.49892184344658097,0.01428571428571429,8874797.25,7.754473734847027,0.53582,0.022073219067458235
2024-07-11 20:00:00,0.51,0.51,0.51,0.51,5735121,2024-07-11 20:59:59.999,2924911.71000,8,0,0,0,44.629014396456235,0.002763148972960483,0.0016409982649787551,0.0011221507079817279,0.5487542532230953,0.523245,0.49773574677690463,0.017857142857142867,9161553.3,-1.8664614200500367,0.53388,0.024170788154299013
2024-07-11 21:00:00,0.51,0.51,0.51,0.51,5000,2024-07-11 21:59:59.999,2550.00000,2,0,0,0,44.629014396456235,0.0012863745136256766,0.0015696523628369336,-0.00028327784921125705,0.5489137478445402,0.52276,0.49660625215545984,0.017857142857142867,9161803.3,-1.8664614200500367,0.53194,0.025919452154704214
2024-07-11 22:00:00,0.51,0.51,0.51,0.51,0,2024-07-11 22:59:59.999,0,0,0,0,0,44.629014396456235,0.0001242130969593136,0.0012791928534094587,-0.0011549797564501451,0.5490207325666419,0.5222750000000002,0.4955292674333585,0.017857142857142867,9161177.7,-1.8664614200500367,0.53,0.027386127875258306
2024-07-11 23:00:00,0.51,0.51,0.51,0.51,0,2024-07-11 23:59:59.999,0,0,0,0,0,44.629014396456235,-0.0007809859876316549,0.0008655945550078411,-0.0016465805426394962,0.5490786249677697,0.5217900000000001,0.49450137503223046,0.017857142857142867,9160193.1,-1.8664614200500367,0.5199999999999999,0.022360679774997765
2024-07-12 00:00:00,0.51,0.51,0.51,0.51,0,2024-07-12 00:59:59.999,0,0,0,0,0,44.629014396456235,-0.0014764851143043156,0.00039575862919115405,-0.0018722437434954696,0.5490903028169856,0.5213050000000001,0.4935196971830147,0.017857142857142867,9160193.1,-1.8664614200500367,0.51,0.0
2024-07-12 01:00:00,0.51,0.51,0.51,0.51,196,2024-07-12 01:59:59.999,99.96000,1,0,0,0,44.629014396456235,-0.0020011240334875113,-8.477977391023024e-05,-0.001916344259577281,0.5490582048035337,0.5208200000000001,0.49258179519646633,0.017857142857142867,9160202.9,-1.8664614200500367,0.51,0.0
2024-07-12 02:00:00,0.51,0.51,0.51,0.51,0,2024-07-12 02:59:59.999,0,0,0,0,0,44.629014396456235,-0.002386876862029208,-0.0005460914981810047,-0.0018407853638482035,0.5489844070848907,0.520335,0.49168559291510927,0.017857142857142867,9160202.9,-1.8664614200500367,0.51,0.0
2024-07-12 03:00:00,0.51,0.51,0.51,0.51,0,2024-07-12 03:59:59.999,0,0,0,0,0,44.629014396456235,-0.0026600960596027123,-0.0009695476771639031,-0.0016905483824388092,0.5488706822800568,0.51985,0.4908293177199433,0.017857142857142867,9160202.9,-1.8664614200500367,0.51,0.0
2024-07-12 04:00:00,0.51,0.51,0.51,0.51,0,2024-07-12 04:59:59.999,0,0,0,0,0,44.629014396456235,-0.0028425138876287948,-0.001344605218003723,-0.0014979086696250718,0.5487185454686302,0.519365,0.4900114545313697,0.017857142857142867,9160202.9,-1.8664614200500367,0.51,0.0
2024-07-12 05:00:00,0.51,0.51,0.51,0.51,0,2024-07-12 05:59:59.999,0,0,0,0,0,44.629014396456235,-0.002952053968315993,-0.0016664136717220476,-0.0012856402965939454,0.548529290397118,0.51888,0.48923070960288206,0.017857142857142867,9159625.7,-1.8664614200500367,0.51,0.0
2024-07-12 06:00:00,0.51,0.51,0.51,0.51,0,2024-07-12 06:59:59.999,0,0,0,0,0,44.629014396456235,-0.003003492710449862,-0.0019340415160910803,-0.0010694511943587818,0.5483040181788212,0.5183950000000002,0.4884859818211791,0.017857142857142867,9159615.95,-8.928571428571436,0.51,0.0
2024-07-12 07:00:00,0.51,0.51,0.51,0.51,0,2024-07-12 07:59:59.999,0,0,0,0,0,44.629014396456235,-0.0030090010112259202,-0.0021491697688474144,-0.0008598312423785059,0.5480436601441679,0.5179100000000001,0.4877763398558323,0.017857142857142867,9159615.95,-8.928571428571436,0.51,0.0
2024-07-12 08:00:00,0.51,0.51,0.51,0.51,1495,2024-07-12 08:59:59.999,762.45000,1,0,0,0,0.0,-0.0029785897449426946,-0.0023151379199169994,-0.0006634518250256951,0.5477489960566233,0.517425,0.4871010039433768,0.01071428571428572,9158678.75,0.0,0.51,0.0
2024-07-12 09:00:00,0.51,0.51,0.4962,0.4962,13252,2024-07-12 09:59:59.999,6611.89620,11,0,0,0,0.0,-0.003953330322252757,-0.002642909360276346,-0.0013104209619764114,0.547990891772701,0.5162500000000001,0.4845091082272992,0.004557142857142863,9158236.85,-2.7058823529411833,0.50724,0.00617154761789838
2024-07-12 10:00:00,0.4962,0.4962,0.4962,0.4962,0,2024-07-12 10:59:59.999,0,0,0,0,0,0.0,-0.00467027378995466,-0.0030485138724016406,-0.0016217599175530192,0.5479960778745327,0.5150750000000001,0.4821539221254673,0.0009857142857142881,9158236.85,-2.7058823529411833,0.50448,0.007558571293570358
2024-07-12 11:00:00,0.4962,0.4962,0.4962,0.4962,0,2024-07-12 11:59:59.999,0,0,0,0,0,0.0,-0.005177462889082496,-0.003474414245796353,-0.0017030486432861426,0.547789293449795,0.5139,0.4800107065502051,0.0009857142857142881,9158210.8,-2.7058823529411833,0.5017199999999999,0.007558571293570279
2024-07-12 12:00:00,0.4962,0.4962,0.4962,0.4962,0,2024-07-12 12:59:59.999,0,0,0,0,0,0.0,-0.005514824985614064,-0.0038825811667127447,-0.0016322438189013194,0.5473883053363655,0.512725,0.4780616946636345,0.0009857142857142881,9158210.8,-2.7058823529411833,0.49895999999999996,0.006171547617898092
2024-07-12 13:00:00,0.4962,0.4962,0.4962,0.4962,0,2024-07-12 13:59:59.999,0,0,0,0,0,0.0,-0.005715503222485152,-0.004249226497271963,-0.0014662767252131888,0.5468059065600137,0.51155,0.4762940934399862,0.0009857142857142881,9158210.8,-2.7058823529411833,0.4962,0.0
2024-07-12 14:00:00,0.5041,0.5041,0.5041,0.5041,100,2024-07-12 14:59:59.999,50.41000,1,0,0,0,36.405529953917046,-0.0052034804416083436,-0.004440102657932887,-0.000763377783675457,0.5357287084467158,0.5087550000000001,0.48178129155328436,0.0015500000000000038,3713225.5,-1.1568627450980424,0.49778,0.0035329874044472496
2024-07-12 15:00:00,0.5047,0.5047,0.5047,0.5047,3,2024-07-12 15:59:59.999,1.51410,1,0,0,0,38.116591928251246,-0.00469699437860549,-0.004491486466131119,-0.00020550791247437097,0.5180730285503002,0.5059899999999999,0.4939069714496996,0.0015928571428571498,287758.35,-1.0392156862745041,0.49948,0.004496331838285893
2024-07-12 16:00:00,0.5047,0.5047,0.5047,0.5047,0,2024-07-12 16:59:59.999,0,0,0,0,0,38.116591928251246,-0.004246626786513219,-0.004442510363781531,0.00019588357726831214,0.5176694107166668,0.505725,0.4937805892833331,0.0015928571428571498,1002.3,-1.0392156862745041,0.50118,0.004552691511620748
2024-07-12 17:00:00,0.5047,0.5047,0.5047,0.5047,0,2024-07-12 17:59:59.999,0,0,0,0,0,38.116591928251246,-0.0038453509826413823,-0.004323070358887987,0.00047771937624660477,0.5172390894116832,0.50546,0.49368091058831687,0.0015928571428571498,752.3,-1.0392156862745041,0.50288,0.003743260610748853
2024-07-12 18:00:00,0.5047,0.5047,0.5047,0.5047,0,2024-07-12 18:59:59.999,0,0,0,0,0,38.116591928251246,-0.0034871063018522275,-0.004155868444142706,0.0006687621422904787,0.5167809215838609,0.505195,0.49360907841613905,0.0015928571428571498,752.3,-1.0392156862745041,0.50458,0.00026832815727075205
2024-07-12 19:00:00,0.5047,0.5047,0.5047,0.5047,0,2024-07-12 19:59:59.999,0,0,0,0,0,38.116591928251246,-0.003166656664900458,-0.00395801747066897,0.0007913608057685123,0.5162934872334715,0.50493,0.4935665127665285,0.0015928571428571498,752.3,-1.0392156862745041,0.5047,0.0
2024-07-12 20:00:00,0.5047,0.5047,0.5047,0.5047,0,2024-07-12 20:59:59.999,0,0,0,0,0,38.116591928251246,-0.002879470767695236,-0.003742300613438804,0.0008628298457435683,0.5157750286607241,0.5046649999999999,0.4935549713392758,0.0015928571428571498,752.3,-1.0392156862745041,0.5047,0.0
2024-07-12 21:00:00,0.5047,0.5047,0.5047,0.5047,0,2024-07-12 21:59:59.999,0,0,0,0,0,38.116591928251246,-0.002621620463245211,-0.003518158335225293,0.0008965378719800817,0.5152233665353207,0.5044,0.49357663346467917,0.0015928571428571498,742.5,1.7130189439742167,0.5047,0.0
2024-07-12 22:00:00,0.5047,0.5047,0.5047,0.5047,0,2024-07-12 22:59:59.999,0,0,0,0,0,38.116591928251246,-0.0023896944744953297,-0.0032924605298500506,0.000902766055354721,0.5146357819257729,0.504135,0.4936342180742271,0.0015928571428571498,742.5,1.7130189439742167,0.5047,0.0
2024-07-12 23:00:00,0.5047,0.5047,0.5047,0.5047,0,2024-07-12 23:59:59.999,0,0,0,0,0,100.0,-0.0021807250438470316,-0.0030701094657739074,0.0008893844219268758,0.5140088466072983,0.50387,0.4937311533927018,0.0006071428571428616,742.5,1.7130189439742167,0.5047,0.0
2024-07-13 00:00:00,0.5047,0.5047,0.5047,0.5047,0,2024-07-13 00:59:59.999,0,0,0,0,0,100.0,-0.001992125512437881,-0.0028545095979625634,0.0008623840855246823,0.5133381717121891,0.5036050000000001,0.4938718282878111,0.0006071428571428616,742.5,1.7130189439742167,0.5047,0.0
2024-07-13 01:00:00,0.5047,0.5047,0.5047,0.5047,0,2024-07-13 01:59:59.999,0,0,0,0,0,100.0,-0.0018216371439954138,-0.0026479327484784793,0.0008262956044830655,0.5126180215676908,0.50334,0.49406197843230926,0.0006071428571428616,742.5,1.7130189439742167,0.5047,0.0
2024-07-13 02:00:00,0.5047,0.5047,0.5047,0.5047,0,2024-07-13 02:59:59.999,0,0,0,0,0,100.0,-0.0016672837760837167,-0.002451801162458064,0.0007845173863743472,0.5118406926948793,0.5030749999999999,0.4943093073051205,0.0006071428571428616,742.5,0.11902400317398235,0.5047,0.0
2024-07-13 03:00:00,0.5047,0.5047,0.5047,0.5047,0,2024-07-13 03:59:59.999,0,0,0,0,0,100.0,-0.001527333105319384,-0.0022669061999088754,0.0007395730945894915,0.5109954556507587,0.50281,0.49462454434924136,0.0006071428571428616,742.5,0.0,0.5047,0.0
2024-07-13 04:00:00,0.5048,0.5048,0.5048,0.5048,17266,2024-07-13 04:59:59.999,8715.87680,46,17266,8715.87680,0,100.0,-0.0013924024680415092,-0.002092004431058516,0.0006996019630170066,0.510077773138257,0.50255,0.4950222268617431,5.000000000000242e-05,1531.05,0.019813750743013468,0.5047200000000001,4.4721359374918985e-05
2024-07-13 05:00:00,0.5048,0.5048,0.5048,0.5048,48385,2024-07-13 05:59:59.999,24424.74800,79,48385,24424.74800,0,100.0,-0.0012708071015083977,-0.001927764197028905,0.0006569570955205072,0.5099417299725381,0.50298,0.49601827002746185,7.142857142856356e-06,3287.7,0.019813750743013468,0.5047400000000001,5.477225560763086e-05
2024-07-13 06:00:00,0.5048,0.5048,0.5048,0.5048,210,2024-07-13 06:59:59.999,106.00800,6,210,106.00800,0,100.0,-0.0011610467885689868,-0.0017744201416086955,0.0006133733530397088,0.5096314907673668,0.50341,0.4971885092326333,7.142857142856356e-06,3298.2,0.019813750743013468,0.50476,5.4772255607709407e-05
2024-07-13 07:00:00,0.5048,0.5048,0.49,0.49,150,2024-07-13 07:59:59.999,74.25480,3,51,25.74480,0,0.6711409395972368,-0.002228794097816844,-0.0018652952048535073,-0.0003634988929633368,0.5111756945277339,0.5031,0.49502430547226606,0.001064285714285716,3305.7,-2.91262135922331,0.50182,0.006607722754473266
2024-07-13 08:00:00,0.5048,0.5048,0.5048,0.5048,20,2024-07-13 08:59:59.999,10.09600,7,20,10.09600,0,50.16835016835015,-0.0018717815603573884,-0.0018665924790606378,-5.189081296750643e-06,0.5109477880090615,0.50353,0.4961122119909385,0.0021214285714285758,3306.7,0.019813750743013468,0.5018400000000001,0.006618761213398149
2024-07-13 09:00:00,0.5048,0.5048,0.5048,0.5048,84,2024-07-13 09:59:59.999,42.40320,23,84,42.40320,0,50.16835016835015,-0.0015707463448207948,-0.0018074231388667315,0.00023667679404593676,0.5105382416463597,0.50396,0.4973817583536402,0.0021214285714285758,3310.9,0.019813750743013468,0.5018400000000001,0.006618761213398149
2024-07-13 10:00:00,0.5048,0.5048,0.5048,0.5048,3,2024-07-13 10:59:59.999,1.51440,2,3,1.51440,0,50.16835016835015,-0.0013169970382514995,-0.0017093377684282921,0.00039234073017679265,0.5105838182791602,0.503995,0.49740618172083967,0.0021214285714285758,3306.05,0.019813750743013468,0.50184,0.006618761213398149
2024-07-13 11:00:00,0.5048,0.5048,0.5048,0.5048,0,2024-07-13 11:59:59.999,0,0,0,0,0,50.16835016835015,-0.0011031856727937717,-0.0015881072006731446,0.00048492152787937295,0.5105912222331161,0.5040000000000001,0.4974087777668841,0.0021214285714285758,3305.9,0.019813750743013468,0.50184,0.006618761213398149
2024-07-13 12:00:00,0.49,0.5048,0.49,0.5048,13116,2024-07-13 12:59:59.999,6523.89840,3,6558,3310.47840,0,50.16835016835015,-0.0009231004612924032,-0.0014551057223495258,0.0005320052610571226,0.510598609346218,0.504005,0.49741139065378204,0.0031785714285714355,3961.7,0.019813750743013468,0.5048,0.0
2024-07-13 13:00:00,0.5048,0.5048,0.5048,0.5048,295,2024-07-13 13:59:59.999,148.91600,4,295,148.91600,0,50.16835016835015,-0.0007714904944174927,-0.0013183825694849766,0.0005468920750674839,0.5106059796367506,0.50401,0.4974140203632494,0.0031785714285714355,3976.45,0.019813750743013468,0.5048,0.0
2024-07-13 14:00:00,0.5048,0.5048,0.5048,0.5048,292,2024-07-13 14:59:59.999,147.40160,27,292,147.40160,0,50.16835016835015,-0.0006439174676922121,-0.0011834894644526493,0.0005395719967604372,0.5106133331228431,0.5040150000000001,0.4974166668771571,0.0031785714285714355,3991.05,0.019813750743013468,0.5048,0.0
2024-07-13 15:00:00,0.5048,0.5205,0.5048,0.5205,381949,2024-07-13 15:59:59.999,192913.55070,11,378857,191304.16470,0,67.40088105726865,0.0007079682923588626,-0.0008051977231242873,0.00151316601548315,0.5147056592018705,0.504805,0.49490434079812934,0.004300000000000003,23088.5,3.130572617396458,0.5079400000000001,0.0070212534493482226
2024-07-13 16:00:00,0.5223,0.5223,0.5204,0.5204,10,2024-07-13 16:59:59.999,5.21430,4,0,0,0,67.25274725274718,0.0017510472156710977,-0.0002939485299787659,0.0020449957456498634,0.5176989614487959,0.50559,0.49348103855120407,0.0044357142857142885,23089.0,3.090332805071305,0.5110600000000001,0.008571930937658394
2024-07-13 17:00:00,0.5177,0.5177,0.5177,0.5177,186,2024-07-13 17:59:59.999,96.29220,1,0,0,0,63.485477178423274,0.0023340111148195675,0.0002316435678996883,0.002102367546919879,0.5194897308810805,0.50624,0.4929902691189196,0.004628571428571426,23098.3,2.5554675118858996,0.51364,0.008147576326735845
2024-07-13 18:00:00,0.5177,0.5177,0.5177,0.5177,0,2024-07-13 18:59:59.999,0,0,0,0,0,63.409563409563454,0.0027640987387897997,0.0007381347323016979,0.0020259640064881016,0.5210648331467023,0.5068900000000001,0.4927151668532979,0.00462142857142857,23098.3,2.5554675118858996,0.51622,0.006530467058334145
2024-07-13 19:00:00,0.5177,0.5177,0.5177,0.5177,0,2024-07-13 19:59:59.999,0,0,0,0,0,63.409563409563454,0.00306951802355937,0.0012044114864607977,0.0018651065370985723,0.5224644271687657,0.50754,0.49261557283123425,0.00462142857142857,23098.3,5.653061224489807,0.5188,0.0015066519173280513
2024-07-13 20:00:00,0.5177,0.5177,0.5177,0.5177,0,2024-07-13 20:59:59.999,0,0,0,0,0,63.409563409563454,0.00327378869097128,0.001618286995466298,0.001655501695504982,0.5237139577156696,0.50819,0.4926660422843305,0.00462142857142857,23098.3,2.5554675118858996,0.51824,0.0012074767078450075
2024-07-13 21:00:00,0.5177,0.5177,0.5177,0.5177,0,2024-07-13 21:59:59.999,0,0,0,0,0,91.59159159159182,0.0033964895431868314,0.001973927551827057,0.0014225619913597744,0.5248303128569506,0.50884,0.4928496871430494,0.0035642857142857104,23098.3,2.5554675118858996,0.5177,0.0
2024-07-13 22:00:00,0.5177,0.5177,0.5177,0.5177,0,2024-07-13 22:59:59.999,0,0,0,0,0,84.86486486486521,0.0034538888188490047,0.0022699198364030723,0.0011839689824459324,0.525824902896301,0.5094900000000001,0.4931550971036992,0.0025071428571428506,23098.3,2.5554675118858996,0.5177,0.0
2024-07-13 23:00:00,0.5858,0.5858,0.4825,0.5858,67296043,2024-07-13 23:59:59.999,35946558.97930,45,26371311,15447784.77790,0,96.76674364896083,0.008873622550675475,0.0035906604905297317,0.005282962060145743,0.5512107026735826,0.5135449999999999,0.47587929732641726,0.009885714285714279,3387900.45,16.04595879556259,0.53132,0.030455245853546975
2024-07-14 00:00:00,0.5858,0.5858,0.5858,0.5858,0,2024-07-14 00:59:59.999,0,0,0,0,0,96.76674364896083,0.013018500816921574,0.005476228682895144,0.007542272134026431,0.5669169487812368,0.517595,0.4682730512187633,0.009885714285714279,3387037.15,16.04595879556259,0.54494,0.03729990616610173
2024-07-14 01:00:00,0.5858,0.5858,0.5858,0.5858,0,2024-07-14 01:59:59.999,0,0,0,0,0,96.76674364896083,0.016117359272989296,0.007604454915667705,0.00851290435732159,0.5791643688201955,0.521645,0.4641256311798046,0.009885714285714279,3384617.9,16.04595879556259,0.55856,0.0372999061661018
2024-07-14 02:00:00,0.5858,0.5858,0.5858,0.5858,0,2024-07-14 02:59:59.999,0,0,0,0,0,96.76674364896083,0.018361400404504735,0.009755844106237251,0.008605556298267484,0.5893045482736589,0.525695,0.4620854517263412,0.00882857142857142,3384607.4,16.04595879556259,0.57218,0.03045524585354723
2024-07-14 03:00:00,0.5858,0.5858,0.5858,0.5858,0,2024-07-14 03:59:59.999,0,0,0,0,0,96.76674364896083,0.019910163921442292,0.0117867081393608,0.008123455782081491,0.5971324234508099,0.530485,0.46383757654919017,0.00882857142857142,3384599.9,12.545629202689726,0.5858,0.0
2024-07-14 04:00:00,0.5858,0.5858,0.5858,0.5858,0,2024-07-14 04:59:59.999,0,0,0,0,0,96.76674364896083,0.020896565092688224,0.013608679580325423,0.007287885512362801,0.6043782915062071,0.534535,0.4646917084937928,0.00882857142857142,3384598.9,12.567255956956192,0.5858,0.0
2024-07-14 05:00:00,0.5294,0.5295,0.5294,0.5295,502,2024-07-14 05:59:59.999,265.76490,2,441,233.46540,0,53.53773584905661,0.016949526459884567,0.014276848970994169,0.0026726774888903987,0.6042598486523444,0.5357700000000001,0.46728015134765577,0.011735714285714282,3384619.8,2.279312343055808,0.57454,0.02517812542664776
2024-07-14 06:00:00,0.5295,0.5295,0.5295,0.5295,0,2024-07-14 06:59:59.999,0,0,0,0,0,53.57985837922896,0.013663979087056966,0.014154274992041036,-0.0004902959049840703,0.6040183521652291,0.537005,0.46999164783477076,0.011599999999999996,3384619.65,2.279312343055808,0.56328,0.03083677998754082
2024-07-14 07:00:00,0.5295,0.5295,0.5295,0.5295,0,2024-07-14 07:59:59.999,0,0,0,0,0,54.74276527331187,0.01093413331934312,0.013510246648398257,-0.002576113329055137,0.6036454689488655,0.5382399999999999,0.4728345310511343,0.011407142857142857,3384619.65,2.279312343055808,0.55202,0.030836779987540662
2024-07-14 08:00:00,0.5295,0.5295,0.5295,0.5295,0,2024-07-14 08:59:59.999,0,0,0,0,0,54.74276527331187,0.008670773225071704,0.012542351952788165,-0.0038715787277164605,0.603131243750484,0.539475,0.4758187562495161,0.011407142857142857,3383963.85,2.279312343055808,0.5407599999999999,0.025178125426647182
2024-07-14 09:00:00,0.5295,0.5295,0.5295,0.5295,0,2024-07-14 09:59:59.999,0,0,0,0,0,54.74276527331187,0.006798684600719862,0.011393618471982767,-0.0045949338712629045,0.6024636668419052,0.54071,0.4789563331580948,0.011407142857142857,3383949.1,2.279312343055808,0.5295,0.0
2024-07-14 10:00:00,0.5295,0.5295,0.5295,0.5295,0,2024-07-14 10:59:59.999,0,0,0,0,0,54.74276527331187,0.005254480329458633,0.010165790834592145,-0.004911310505133512,0.6016280743881464,0.5419449999999999,0.48226192561185344,0.011407142857142857,3383934.5,2.279312343055808,0.5295,0.0
2024-07-14 11:00:00,0.5295,0.5295,0.5295,0.5295,0,2024-07-14 11:59:59.999,0,0,0,0,0,54.74276527331187,0.003984761834636585,0.008929585027443891,-0.004944823192807306,0.6015304724785652,0.5423950000000001,0.483259527521435,0.011407142857142857,3364837.05,-9.610788665073407,0.5295,0.0
2024-07-14 12:00:00,0.5226,0.5226,0.5192,0.5193,15,2024-07-14 12:59:59.999,7.80120,5,0,0,0,50.594353640416024,0.0021318988779274184,0.007570047791243651,-0.005438148913316233,0.601563587050751,0.54234,0.4831164129492492,0.012142857142857141,3364837.3,-11.351997268692388,0.52746,0.0045615786740954775
2024-07-14 13:00:00,0.5193,0.5193,0.5193,0.5193,0,2024-07-14 13:59:59.999,0,0,0,0,0,0.0,0.0006559478069810831,0.00618722778926731,-0.005531279982286227,0.6015076102428463,0.5424200000000001,0.483332389757154,0.004764285714285713,3364828.0,-11.351997268692388,0.52542,0.005586770086549119
2024-07-14 14:00:00,0.5193,0.5193,0.5193,0.5193,0,2024-07-14 14:59:59.999,0,0,0,0,0,0.0,-0.000507884483137433,0.004848205330817128,-0.005356089813954561,0.6014508626783891,0.5425,0.48354913732161087,0.004764285714285713,3364828.0,-11.351997268692388,0.52338,0.005586770086548871
2024-07-14 15:00:00,0.5213,0.5213,0.5199,0.5199,43,2024-07-14 15:59:59.999,22.38790,3,20,10.39800,0,0.8941877794337358,-0.0013661022394440003,0.0036053438138175537,-0.004971446053261554,0.6013739309351183,0.54261,0.4838460690648818,0.004907142857142856,3364830.15,-11.24957323318538,0.52146,0.004501999555747921
2024-07-14 16:00:00,0.5217,0.5226,0.5217,0.522,12,2024-07-14 16:59:59.999,6.26430,4,0,0,0,3.901734104046284,-0.0018555479801253272,0.0025131654529569653,-0.004368713433082292,0.6012355929470077,0.542825,0.48441440705299227,0.005099999999999993,3364830.75,-10.891089108910885,0.51996,0.0011696153213566732
2024-07-14 17:00:00,0.5215,0.5216,0.5215,0.5216,6,2024-07-14 17:59:59.999,3.12930,2,0,0,0,3.879310344827644,-0.0022497457838999146,0.001560583204139846,-0.0038103289880397607,0.6011025401793361,0.5430200000000001,0.484937459820664,0.005135714285714283,3364831.05,-1.4919735599622321,0.52042,0.001291123541708154
2024-07-14 18:00:00,0.5228,0.5228,0.5228,0.5228,539,2024-07-14 18:59:59.999,281.78920,2,0,0,0,5.50847457627134,-0.0024372939989256714,0.0007610077625559237,-0.0031983017614815954,0.6009327150541289,0.543275,0.485617284945871,0.005221428571428576,3364858.0,-1.265344664778079,0.52112,0.0014686728702996434
2024-07-14 19:00:00,0.5228,0.5228,0.5228,0.5228,0,2024-07-14 19:59:59.999,0,0,0,0,0,26.89655172413846,-0.002556453398238401,9.751552975258611e-05,-0.002653968927990987,0.5948075431588159,0.540125,0.48544245684118403,0.0011928571428571463,55.85,-1.265344664778079,0.5218200000000001,0.0011924764148423586
2024-07-14 20:00:00,0.5223,0.5225,0.5223,0.5225,40,2024-07-14 20:59:59.999,20.89910,3,0,0,0,26.351351351351738,-0.002644590129254998,-0.00045090560247509085,-0.002193684526779907,0.5876965704294973,0.53696,0.4862234295705027,0.001228571428571436,57.85,-1.3220018885741278,0.52234,0.0005272570530169498
2024-07-14 21:00:00,0.58,0.58,0.5313,0.5313,54126,2024-07-14 21:59:59.999,31392.93390,3,42321,24546.18000,0,53.8135593220339,-0.0019819429652959686,-0.0007571130752296214,-0.0012248298900663472,0.5794843105501413,0.534235,0.4889856894498587,0.005335714285714293,2764.15,0.33994334277620847,0.5242,0.0039993749511590924
2024-07-14 22:00:00,0.5313,0.5313,0.5313,0.5313,0,2024-07-14 22:59:59.999,0,0,0,0,0,53.8135593220339,-0.0014401905016998562,-0.0008937285605916105,-0.0005464619411082457,0.5696972891500766,0.53151,0.4933227108499236,0.005335714285714293,2764.15,0.33994334277620847,0.52614,0.0047120059422671775
2024-07-14 23:00:00,0.54,0.54,0.54,0.54,885682,2024-07-14 23:59:59.999,478268.28000,13,0,0,0,66.25386996904018,-0.00030568170905476144,-0.0007761191902374488,0.0004704374811826873,0.5580445947613815,0.5292199999999999,0.5003954052386184,0.0059571428571428674,47048.25,1.9830028328612022,0.5295799999999999,0.007255825245963827
2024-07-15 00:00:00,0.54,0.54,0.54,0.54,59616,2024-07-15 00:59:59.999,32192.64000,51,0,0,0,66.25386996904018,0.0005866565710820337,-0.0005035640378868016,0.0010902206089688352,0.5395508015426483,0.52693,0.5143091984573517,0.0059571428571428674,50029.05,3.9861351819757465,0.5330199999999999,0.007314847913659628
2024-07-15 01:00:00,0.54,0.54,0.54,0.54,0,2024-07-15 01:59:59.999,0,0,0,0,0,66.25386996904018,0.0012790918011476027,-0.0001470328699891375,0.0014261246711367401,0.541336525018602,0.527455,0.513573474981398,0.0059571428571428674,50003.95,3.9861351819757465,0.53652,0.004765186250292292
2024-07-15 02:00:00,0.54,0.54,0.54,0.54,37815,2024-07-15 02:59:59.999,20420.10000,34,0,0,0,96.83257918551976,0.0018070174995356014,0.0002437772039954196,0.0015632402955401818,0.5429395384111161,0.5279800000000001,0.5130204615888841,0.0052214285714285835,51894.7,3.9861351819757465,0.53826,0.003890758280846639
2024-07-15 03:00:00,0.54,0.54,0.54,0.54,21263,2024-07-15 03:59:59.999,11482.02000,11,0,0,0,96.83257918551976,0.0022000382873784696,0.000635029420735789,0.0015650088666426805,0.5443970668722999,0.528505,0.5126129331277001,0.0052214285714285835,52957.85,3.8661281015579934,0.54,0.0
2024-07-15 04:00:00,0.54,0.54,0.54,0.54,58,2024-07-15 04:59:59.999,31.32000,1,0,0,0,96.83257918551976,0.0024828859643226675,0.0010046007295013456,0.0014782852348213219,0.5457334947493654,0.52903,0.5123265052506346,0.0052214285714285835,52960.75,3.4482758620689684,0.54,0.0
2024-07-15 05:00:00,0.54,0.54,0.54,0.54,0,2024-07-15 05:59:59.999,0,0,0,0,0,96.744186046511,0.002676192760379781,0.0013389191357119007,0.00133727362466788,0.5469657619471096,0.529555,0.5121442380528904,0.00507857142857144,52960.75,3.5276073619632067,0.54,0.0
2024-07-15 06:00:00,0.55,0.55,0.55,0.55,27,2024-07-15 06:59:59.999,14.85000,1,0,0,0,97.61904761904715,0.0035946171241898472,0.0017900587334451316,0.0018045583907447156,0.5502449407509103,0.53058,0.5109150592490898,0.005600000000000017,52962.1,5.202754399387912,0.542,0.00447213595499752
2024-07-15 07:00:00,0.54,0.54,0.54,0.54,18,2024-07-15 07:59:59.999,9.72000,1,0,0,0,73.58974358974355,0.0034757198742828566,0.00212719096163518,0.0013485289126476765,0.551204382027682,0.5311049999999999,0.5110056179723179,0.006278571428571443,52963.0,3.289977046671766,0.542,0.00447213595499752
2024-07-15 08:00:00,0.54,0.5412,0.54,0.5412,1362,2024-07-15 08:59:59.999,736.95000,2,1225,662.97000,0,73.58974358974346,0.0034386570508491143,0.002389484179491973,0.0010491728713571415,0.5519750507351794,0.5322,0.5124249492648206,0.006278571428571435,53030.35,3.578947368421062,0.5422399999999999,0.00436898157469014
2024-07-15 09:00:00,0.54,0.5555,0.5353,0.5555,6243464,2024-07-15 09:59:59.999,3355822.06860,9,5958927,3203509.24330,0,80.67542213883665,0.004510890506811638,0.002813765444974031,0.001697125061837607,0.5553762695313007,0.5340100000000001,0.5126437304686995,0.007721428571428578,365203.55,4.554865424430641,0.54534,0.0070553525780067
2024-07-15 10:00:00,0.5555,0.5555,0.5555,0.5555,189,2024-07-15 10:59:59.999,104.98950,1,0,0,0,81.13207547169812,0.005299548885132288,0.0033109221330226736,0.0019886267521096145,0.5580549748203845,0.53582,0.5135850251796155,0.007685714285714288,365213.0,4.554865424430641,0.54844,0.007512855648818886
2024-07-15 11:00:00,0.5555,0.5555,0.5555,0.5555,18,2024-07-15 11:59:59.999,9.99900,1,0,0,0,77.37556561085972,0.005857046127042076,0.003820146931840477,0.002036899195201599,0.5601662066863377,0.5376000000000001,0.5150337933136625,0.003578571428571431,365211.75,2.8703703703703622,0.54954,0.008172086636838306
2024-07-15 12:00:00,0.5555,0.5555,0.5555,0.5555,73540,2024-07-15 12:59:59.999,40851.47000,69,0,0,0,77.37556561085972,0.006227081511116173,0.0043015338477061455,0.0019255476634100271,0.5619386620815646,0.5392750000000001,0.5166113379184355,0.003578571428571431,368888.15,2.8703703703703622,0.55264,0.006395154415649047
2024-07-15 13:00:00,0.5555,0.5555,0.5555,0.5555,65225,2024-07-15 13:59:59.999,36232.48750,59,0,0,0,71.83098591549292,0.006446028604221721,0.004730432799016766,0.0017155958052049551,0.5631329467924799,0.54097,0.51880705320752,0.0029571428571428565,372149.1,2.8703703703703622,0.5555,0.0
2024-07-15 14:00:00,0.5555,0.5555,0.5555,0.5555,203,2024-07-15 14:59:59.999,112.76650,1,0,0,0,71.83098591549292,0.006544106952976136,0.005093167629813717,0.0014509393231624196,0.5639329628656837,0.542605,0.5212770371343163,0.0029571428571428565,372132.3,2.8703703703703622,0.5555,0.0
2024-07-15 15:00:00,0.5555,0.5555,0.5555,0.5555,2036,2024-07-15 15:59:59.999,1130.99800,2,0,0,0,71.83098591549292,0.0065463702053234485,0.005383808144918918,0.0011625620604045301,0.5641411663239274,0.5442400000000001,0.5243388336760727,0.0029571428571428565,372234.1,2.8703703703703622,0.5555,0.0
2024-07-15 16:00:00,0.5555,0.5555,0.5555,0.5555,407,2024-07-15 16:59:59.999,226.08850,1,0,0,0,71.83098591549292,0.006473539149137841,0.005601754345764656,0.0008717848033731853,0.563547430223712,0.5458900000000001,0.5282325697762882,0.0029571428571428565,372252.45,2.8703703703703622,0.5555,0.0
2024-07-15 17:00:00,0.5555,0.5555,0.5555,0.5555,19355,2024-07-15 17:59:59.999,10751.70250,17,0,0,0,71.83098591549292,0.006342703753957291,0.005749944227404245,0.000592759526553046,0.5638406218836883,0.5471,0.5303593781163117,0.0029571428571428565,370513.9,2.8703703703703622,0.5555,0.0
2024-07-15 18:00:00,0.5555,0.5555,0.5555,0.5555,0,2024-07-15 18:59:59.999,0,0,0,0,0,71.83098591549292,0.006167914579531919,0.00583353829783026,0.00033437628170165934,0.5636847434723998,0.54831,0.5329352565276001,0.0029571428571428565,370513.9,0.9999999999999907,0.5555,0.0
2024-07-15 19:00:00,0.5555,0.5555,0.5555,0.5555,0,2024-07-15 19:59:59.999,0,0,0,0,0,71.83098591549292,0.005960680766397997,0.0058589667915439235,0.00010171397485407314,0.5642573120397512,0.549085,0.5339126879602489,0.0029571428571428565,326229.8,2.8703703703703622,0.5555,0.0
2024-07-15 20:00:00,0.5555,0.5555,0.5555,0.5555,0,2024-07-15 20:59:59.999,0,0,0,0,0,60.78431372549011,0.005730389160746641,0.005833251265384373,-0.00010286210463773208,0.5646572116861323,0.54986,0.5350627883138678,0.0022428571428571415,323249.0,2.6422764227642235,0.5555,0.0
2024-07-15 21:00:00,0.5555,0.5555,0.5555,0.5555,0,2024-07-15 21:59:59.999,0,0,0,0,0,100.0,0.005484656873675053,0.0057635323870423045,-0.0002788755133672511,0.5648707999423987,0.550635,0.5363992000576012,0.0015285714285714267,323249.0,0.0,0.5555,0.0
2024-07-15 22:00:00,0.5555,0.5555,0.5555,0.5555,0,2024-07-15 22:59:59.999,0,0,0,0,0,100.0,0.0052296276702094024,0.005656751443675473,-0.00042712377346607044,0.5648747922961681,0.55141,0.5379452077038318,0.0014428571428571426,321358.25,0.0,0.5555,0.0
2024-07-17 18:00:00,0.5573,0.5573,0.5573,0.5573,358,2024-07-17 18:59:59.999,199.51340,1,358,199.51340,0,100.0,0.00037377370868962867,0.00036504277074088593,8.730937948742742e-06,0.5563949844719075,0.55559,0.5547850155280926,0.00012857142857143028,9367.6,0.32403240324032834,0.5558599999999999,0.0008049844718998877
2024-07-17 19:00:00,0.5555,0.5555,0.5555,0.5555,44,2024-07-17 19:59:59.999,24.44200,1,0,0,0,50.0,0.00032407824807278995,0.0003568498662072668,-3.2771618134476834e-05,0.5563949844719075,0.55559,0.5547850155280926,0.00025714285714286057,9369.8,0.0,0.55586,0.0008049844718998877
2024-07-17 20:00:00,0.5555,0.5555,0.5555,0.5555,700,2024-07-17 20:59:59.999,388.85000,1,0,0,0,50.0,0.00028144985847489146,0.00034176986466079176,-6.032000618590031e-05,0.5563949844719074,0.5555899999999999,0.5547850155280925,0.00025714285714286057,9404.8,0.0,0.55586,0.0008049844718998877
2024-07-17 21:00:00,0.5555,0.5555,0.5555,0.5555,1366,2024-07-17 21:59:59.999,758.81300,2,0,0,0,50.0,0.00024484414152947664,0.0003223847200345288,-7.754057850505215e-05,0.5563949844719074,0.5555899999999999,0.5547850155280925,0.00025714285714286057,8023.1,0.0,0.55586,0.0008049844718998877
2024-07-17 22:00:00,0.5555,0.5555,0.5555,0.5555,0,2024-07-17 22:59:59.999,0,0,0,0,0,50.0,0.000213374201956662,0.00030058261641895546,-8.720841446229345e-05,0.5563949844719075,0.55559,0.5547850155280926,0.00025714285714286057,5262.85,0.0,0.5558599999999999,0.0008049844718998877
2024-07-17 23:00:00,0.5555,0.5555,0.5555,0.5555,0,2024-07-17 23:59:59.999,0,0,0,0,0,50.0,0.00018628665140052458,0.0002777234234152693,-9.143677201474469e-05,0.5563949844719075,0.55559,0.5547850155280926,0.00025714285714286057,5240.5,0.0,0.5555,0.0
2024-07-18 00:00:00,0.5555,0.5555,0.5555,0.5555,0,2024-07-18 00:59:59.999,0,0,0,0,0,50.0,0.0001629412865700175,0.00025476699604621894,-9.182570947620144e-05,0.5563949844719075,0.55559,0.5547850155280926,0.00025714285714286057,4115.4,0.0,0.5555,0.0
2024-07-18 01:00:00,0.5555,0.5555,0.5555,0.5555,0,2024-07-18 01:59:59.999,0,0,0,0,0,50.0,0.0001427938776955573,0.0002323723723760866,-8.95784946805293e-05,0.5563949844719074,0.5555899999999999,0.5547850155280925,0.00025714285714286057,4115.4,0.0,0.5555,0.0
2024-07-18 02:00:00,0.5555,0.5555,0.5555,0.5555,12307,2024-07-18 02:59:59.999,6836.53850,12,0,0,0,50.0,0.00012538158998676163,0.0002109742158982216,-8.559262591145998e-05,0.5563949844719074,0.5555899999999999,0.5547850155280925,0.00025714285714286057,4730.75,0.0,0.5555,0.0
2024-07-18 03:00:00,0.5555,0.5555,0.5555,0.5555,318,2024-07-18 03:59:59.999,176.64900,1,0,0,0,50.0,0.00011031063411925945,0.00019084149954242918,-8.053086542316972e-05,0.5563949844719075,0.55559,0.5547850155280926,0.00025714285714286057,4248.9,0.0,0.5555,0.0
2024-07-18 04:00:00,0.5555,0.5555,0.5555,0.5555,0,2024-07-18 04:59:59.999,0,0,0,0,0,50.0,9.724580384740111e-05,0.00017212236040342358,-7.487655655602247e-05,0.5563949844719075,0.55559,0.5547850155280926,0.00025714285714286057,2671.75,0.0,0.5555,0.0
2024-07-18 05:00:00,0.5555,0.5555,0.5555,0.5555,54,2024-07-18 05:59:59.999,29.99700,1,0,0,0,50.0,8.590161136334817e-05,0.00015487821059540852,-6.897659923206035e-05,0.5563949844719075,0.55559,0.5547850155280926,0.00025714285714286057,2674.45,0.0,0.5555,0.0
2024-07-18 06:00:00,0.5555,0.5555,0.5555,0.5555,0,2024-07-18 06:59:59.999,0,0,0,0,0,50.0,7.603477547379889e-05,0.0001391095235710866,-6.307474809728772e-05,0.5563949844719075,0.55559,0.5547850155280926,0.00025714285714286057,2674.45,-0.3229858245110396,0.5555,0.0
2024-07-18 07:00:00,0.5555,0.5555,0.5555,0.5555,54,2024-07-18 07:59:59.999,29.99700,1,0,0,0,50.0,6.743785528129376e-05,0.00012477518991312804,-5.733733463183428e-05,0.5563949844719074,0.5555899999999999,0.5547850155280925,0.00025714285714286057,2653.1,0.0,0.5555,0.0
2024-07-18 08:00:00,0.5555,0.5555,0.5555,0.5555,0,2024-07-18 08:59:59.999,0,0,0,0,0,0.0,5.993385389158057e-05,0.00011180692270881854,-5.187306881723797e-05,0.5563949844719074,0.5555899999999999,0.5547850155280925,0.00012857142857143028,2653.1,0.0,0.5555,0.0
2024-07-19 14:00:00,0.5555,0.5555,0.5218,0.5218,1324,2024-07-19 14:59:59.999,731.64020,3,1210,672.15500,0,0.0,-0.0026848298685461236,-0.0005321868182408425,-0.002152643050305281,0.5688860981683488,0.553815,0.5387439018316511,0.006371428571428568,1582054.95,-6.066606660666058,0.54876,0.015071098168348245
2024-07-19 15:00:00,0.5195,0.5211,0.5195,0.5211,114,2024-07-19 15:59:59.999,59.31420,2,0,0,0,0.0,-0.004816539466935166,-0.0013890573479797075,-0.0034274821189554583,0.5730569680675065,0.552095,0.5311330319324935,0.006535714285714288,1581605.5,-6.192619261926191,0.54188,0.01865159510604872
2024-07-19 16:00:00,0.5211,0.5211,0.5211,0.5211,0,2024-07-19 16:59:59.999,0,0,0,0,0,0.0,-0.006431792973288886,-0.0023976044730415437,-0.004034188500247342,0.5754101226963452,0.5503750000000001,0.525339877303655,0.006535714285714288,1581605.5,-6.192619261926191,0.535,0.01871603590507273
2024-07-19 17:00:00,0.5211,0.5211,0.5211,0.5211,0,2024-07-19 17:59:59.999,0,0,0,0,0,0.0,-0.0076240081913284685,-0.0034428852166989293,-0.004181122974629539,0.5767476643356175,0.5486549999999999,0.5205623356643823,0.006535714285714288,1581605.5,-6.192619261926191,0.52812,0.015308886308283906
2024-07-19 18:00:00,0.5309,0.5309,0.5273,0.5275,12162,2024-07-19 18:59:59.999,6415.55940,8,0,0,0,15.686274509803852,-0.007960655385477966,-0.0043464392504547365,-0.0036142161350232295,0.5766709623691842,0.547255,0.5178390376308158,0.00723571428571429,1581327.25,-5.040504050405045,0.52252,0.0028003571200750877
2024-07-19 19:00:00,0.5275,0.5275,0.5275,0.5275,0,2024-07-19 19:59:59.999,0,0,0,0,0,15.686274509803852,-0.008133690588889797,-0.005103889518141749,-0.0030298010707480484,0.576267080355986,0.5458550000000001,0.5154429196440142,0.00723571428571429,1580003.9,-5.040504050405045,0.5236599999999999,0.0035054243680268785
2024-07-19 20:00:00,0.5275,0.5275,0.5275,0.5275,0,2024-07-19 20:59:59.999,0,0,0,0,0,15.686274509803852,-0.008176567848706129,-0.0057184251842546255,-0.0024581426644515033,0.5755674598496283,0.544455,0.5133425401503717,0.00723571428571429,1578293.65,-5.040504050405045,0.52494,0.003505424368027127
2024-07-19 21:00:00,0.5275,0.5275,0.5275,0.5275,0,2024-07-19 21:59:59.999,0,0,0,0,0,15.686274509803852,-0.008116980882104108,-0.006198136323824523,-0.0019188445582795852,0.574591810571975,0.5430550000000001,0.5115181894280252,0.00723571428571429,1575217.85,-5.040504050405045,0.52622,0.002862167011192795
2024-07-19 22:00:00,0.5327,0.5327,0.5326,0.5327,1131,2024-07-19 22:59:59.999,602.38920,5,0,0,0,25.21739130434773,-0.007562979937736136,-0.006471105046606846,-0.0010918748911292898,0.5732050370893457,0.541915,0.5106249629106544,0.00760714285714286,1575274.4,-4.104410441044112,0.5285399999999999,0.0023255106965920334
2024-07-19 23:00:00,0.5327,0.5327,0.5327,0.5327,0,2024-07-19 23:59:59.999,0,0,0,0,0,25.21739130434773,-0.0070427458078076155,-0.006585433198847001,-0.0004573126089606142,0.5716395171848292,0.5407749999999999,0.5099104828151706,0.00760714285714286,1575274.4,-4.104410441044112,0.5295799999999999,0.002848157299020835
2024-07-20 00:00:00,0.5327,0.5327,0.5327,0.5327,0,2024-07-20 00:59:59.999,0,0,0,0,0,25.21739130434773,-0.006554895753412837,-0.0065793257097601695,2.4429956347332346e-05,0.5698877093175573,0.539635,0.5093822906824427,0.00760714285714286,1575274.4,-4.104410441044112,0.53062,0.0028481572990211386
2024-07-20 01:00:00,0.5327,0.5327,0.5327,0.5327,0,2024-07-20 01:59:59.999,0,0,0,0,0,25.21739130434773,-0.006097977382801711,-0.006483056044368479,0.00038507866156676715,0.5679380029217913,0.538495,0.5090519970782086,0.003642857142857146,1575274.4,-4.104410441044112,0.5316599999999999,0.002325510696593118
2024-07-20 02:00:00,0.5327,0.5327,0.5327,0.5327,0,2024-07-20 02:59:59.999,0,0,0,0,0,25.21739130434773,-0.00567050028438143,-0.006320544892371069,0.0006500446079896393,0.5657734873111258,0.537355,0.5089365126888743,0.003642857142857146,1575274.4,2.0889229589881007,0.5327,0.0
2024-07-20 03:00:00,0.5327,0.5327,0.5327,0.5327,0,2024-07-20 03:59:59.999,0,0,0,0,0,25.21739130434773,-0.005270961243681538,-0.006110628162633164,0.0008396669189516259,0.5633698599895601,0.536215,0.5090601400104399,0.003642857142857146,1575274.4,2.2260602571483292,0.5327,0.0
2024-07-20 04:00:00,0.5327,0.5327,0.5327,0.5327,0,2024-07-20 04:59:59.999,0,0,0,0,0,94.30894308943061,-0.004897864146137576,-0.005868075359334047,0.0009702112131964712,0.5606917605495427,0.535075,0.5094582394504572,0.0012357142857142925,1575274.4,2.2260602571483292,0.5327,0.0
2024-07-20 05:00:00,0.5327,0.5327,0.5327,0.5327,0,2024-07-20 05:59:59.999,0,0,0,0,0,100.0,-0.004549735489528306,-0.0056044073853729,0.001054671895844594,0.5576859246357402,0.533935,0.5101840753642599,0.0010714285714285723,1575274.4,2.2260602571483292,0.5327,0.0
2024-07-20 06:00:00,0.5369,0.5369,0.5328,0.5328,1339,2024-07-20 06:59:59.999,713.43150,2,0,0,0,100.0,-0.004217159072169463,-0.005326957722732213,0.0011097986505627499,0.5542720381206026,0.5328,0.5113279618793976,0.001371428571428579,1575340.85,1.0047393364929067,0.53272,4.472135922208691e-05
2024-07-20 07:00:00,0.5328,0.5328,0.5328,0.5328,0,2024-07-20 07:59:59.999,0,0,0,0,0,100.0,-0.003908534710044154,-0.005043273120194602,0.001134738410150448,0.550296752749709,0.531665,0.5130332472502911,0.001371428571428579,806.65,1.0047393364929067,0.53274,5.47722554831075e-05
2024-07-20 08:00:00,0.5368,0.5368,0.5025,0.5025,70642,2024-07-20 08:59:59.999,36841.34260,5,0,0,0,14.88764044943835,-0.0060392872443079115,-0.005242475945017264,-0.0007968112992906475,0.5484326561000812,0.529015,0.5095973438999188,0.0031214285714285844,4336.55,-4.739336492891,0.5267,0.013528303663059939
2024-07-20 09:00:00,0.5025,0.5025,0.5025,0.5025,0,2024-07-20 09:59:59.999,0,0,0,0,0,14.88764044943835,-0.0076398564684304615,-0.0057219520496999045,-0.001917904418730557,0.5450147100301986,0.526365,0.5077152899698013,0.0031214285714285844,4335.6,-4.739336492891,0.52066,0.016577786341968298
2024-07-20 10:00:00,0.5025,0.5025,0.5025,0.5025,0,2024-07-20 10:59:59.999,0,0,0,0,0,14.88764044943835,-0.008806799803249166,-0.0063389216004097575,-0.002467878202839408,0.5468337657864745,0.5254000000000001,0.5039662342135257,0.0031214285714285844,4269.4,-5.66923221325324,0.51462,0.016595993492404714
2024-07-20 11:00:00,0.5025,0.5025,0.5025,0.5025,0,2024-07-20 11:59:59.999,0,0,0,0,0,14.88764044943835,-0.009620709255265258,-0.0069952791313808585,-0.0026254301238844,0.5481823196938452,0.52447,0.5007576803061548,0.0031214285714285844,4263.7,-5.66923221325324,0.5085599999999999,0.01355057194364602
2024-07-20 12:00:00,0.5305,0.5308,0.5305,0.5308,526,2024-07-20 12:59:59.999,279.05710,8,526,279.05710,0,48.3816013628621,-0.007891200073553262,-0.00717446331981534,-0.0007167367537379218,0.5487736547854709,0.524955,0.501136345214529,0.004771428571428593,4290.0,-0.3566735498404171,0.50816,0.012656144752645893
2024-07-20 13:00:00,0.5308,0.5308,0.5308,0.5308,0,2024-07-20 13:59:59.999,0,0,0,0,0,48.3816013628621,-0.00644624330646959,-0.00702881931714619,0.0005825760106765998,0.5493230836411568,0.52544,0.5015569163588433,0.004771428571428593,4290.0,-0.3566735498404171,0.51382,0.015500548377394268
2024-07-20 14:00:00,0.5308,0.5308,0.5308,0.5308,0,2024-07-20 14:59:59.999,0,0,0,0,0,48.3816013628621,-0.005240693209153768,-0.006671194095547705,0.001430500886393937,0.549593372183205,0.525605,0.501616627816795,0.004771428571428593,3681.9,-0.3566735498404171,0.51948,0.015500548377394695
2024-07-20 15:00:00,0.5308,0.5308,0.5308,0.5308,0,2024-07-20 15:59:59.999,0,0,0,0,0,48.3816013628621,-0.004236450902644462,-0.006184245456967057,0.0019477945543225949,0.549858442303967,0.52577,0.501681557696033,0.004771428571428593,3681.9,-0.3566735498404171,0.52514,0.012656144752647458
2024-07-20 16:00:00,0.5308,0.5308,0.5308,0.5308,0,2024-07-20 16:59:59.999,0,0,0,0,0,48.3816013628621,-0.003401372732020902,-0.005627670911977826,0.002226298179956924,0.5501183587846111,0.5259349999999999,0.5017516412153887,0.004771428571428593,3681.9,-0.3566735498404171,0.5308,0.0
2024-07-20 17:00:00,0.5308,0.5308,0.5308,0.5308,0,2024-07-20 17:59:59.999,0,0,0,0,0,48.3816013628621,-0.00270834712564072,-0.005043806154710406,0.0023354590290696857,0.5503731820827228,0.5260999999999999,0.501826817917277,0.004771428571428593,3681.9,-0.3566735498404171,0.5308,0.0
2024-07-20 18:00:00,0.5308,0.5308,0.5308,0.5308,0,2024-07-20 18:59:59.999,0,0,0,0,0,48.3816013628621,-0.0021345139910297073,-0.004461947721974266,0.0023274337309445586,0.5501841101660301,0.526005,0.5018258898339698,0.004771428571428593,3625.35,-0.3753753753753757,0.5308,0.0
2024-07-20 19:00:00,0.5308,0.5308,0.5308,0.5308,0,2024-07-20 19:59:59.999,0,0,0,0,0,48.3816013628621,-0.0016606046805603958,-0.003901679113691492,0.002241074433131096,0.5499930929994679,0.52591,0.5018269070005321,0.004771428571428593,3625.35,-0.3753753753753757,0.5308,0.0
2024-07-20 20:00:00,0.5406,0.5406,0.5026,0.5026,9307,2024-07-20 20:59:59.999,4728.08230,8,0,0,0,32.60368663594474,-0.0035199565687936696,-0.0038253346047119273,0.00030537803591825776,0.5503885150168629,0.524405,0.49842148498313704,0.007185714285714295,4090.7,0.019900497512457715,0.5251600000000001,0.012611423393097412
2024-07-20 21:00:00,0.5026,0.5026,0.5026,0.5026,0,2024-07-20 21:59:59.999,0,0,0,0,0,32.60368663594474,-0.004936600280769254,-0.0040475877399233934,-0.0008890125408458609,0.5503083352669443,0.5229,0.4954916647330557,0.007185714285714295,4090.7,0.019900497512457715,0.5195200000000001,0.015445776121644144
2024-07-20 22:00:00,0.5026,0.5026,0.5026,0.5026,0,2024-07-20 22:59:59.999,0,0,0,0,0,50.08849557522132,-0.0059902487696490425,-0.004436119945868524,-0.0015541288237805187,0.5498241529392288,0.521395,0.49296584706077123,0.0047357142857142875,4090.7,0.019900497512457715,0.51388,0.015445776121643773
2024-07-20 23:00:00,0.5026,0.5026,0.5026,0.5026,0,2024-07-20 23:59:59.999,0,0,0,0,0,50.08849557522132,-0.0067474919015593215,-0.004898394337006683,-0.0018490975645526382,0.5489785327378687,0.51989,0.4908014672621313,0.0047357142857142875,4090.7,0.019900497512457715,0.50824,0.012611423393096021
2024-07-21 00:00:00,0.59,0.59,0.59,0.59,49020,2024-07-21 00:59:59.999,28921.80000,6,0,0,0,80.40305767894371,-0.00029179934357581594,-0.00397707533832051,0.0036852759947446937,0.5653209352311824,0.522755,0.4801890647688175,0.010978571428571424,6541.7,11.152976639035401,0.5200800000000001,0.0390864682466957
2024-07-21 01:00:00,0.59,0.59,0.59,0.59,0,2024-07-21 01:59:59.999,0,0,0,0,0,80.40305767894371,0.004769404789354947,-0.002227779312785418,0.006997184102140366,0.5776628001997542,0.52562,0.4735771998002457,0.010978571428571424,6541.7,11.152976639035401,0.53756,0.04787095152595138
2024-07-21 02:00:00,0.59,0.59,0.59,0.59,0,2024-07-21 02:59:59.999,0,0,0,0,0,75.60553633217991,0.008680383471008635,-4.614675602660665e-05,0.008726530227035241,0.5879421365594147,0.52848,0.46901786344058516,0.008957142857142846,6474.75,11.152976639035401,0.55504,0.04787095152595179
2024-07-21 03:00:00,0.59,0.59,0.59,0.59,0,2024-07-21 03:59:59.999,0,0,0,0,0,75.60553633217991,0.011645618808479807,0.0022922063568746767,0.00935341245160513,0.5968698212547858,0.5313399999999999,0.4658101787452141,0.008957142857142846,6474.75,11.152976639035401,0.5725199999999999,0.03908646824669719
2024-07-21 04:00:00,0.59,0.59,0.59,0.59,0,2024-07-21 04:59:59.999,0,0,0,0,0,75.60553633217991,0.013836095282750871,0.004600984142049916,0.009235111140700955,0.6047286302326919,0.5357149999999999,0.4667013697673081,0.008957142857142846,2942.65,11.152976639035401,0.59,0.0
2024-07-21 05:00:00,0.59,0.59,0.59,0.59,0,2024-07-21 05:59:59.999,0,0,0,0,0,75.60553633217991,0.015394604254849065,0.0067597081646097465,0.008634896090239319,0.6112968861247207,0.54009,0.46888311387527926,0.008957142857142846,2942.65,11.152976639035401,0.59,0.0
2024-07-21 06:00:00,0.59,0.59,0.59,0.59,0,2024-07-21 06:59:59.999,0,0,0,0,0,75.60553633217991,0.016440221207079886,0.008695810773103775,0.0077444104339761104,0.6166922517457007,0.544465,0.47223774825429915,0.008957142857142846,2942.65,11.152976639035401,0.59,0.0
2024-07-21 07:00:00,0.59,0.59,0.59,0.59,0,2024-07-21 07:59:59.999,0,0,0,0,0,75.60553633217991,0.017072083819533512,0.010371065382389725,0.006701018437143788,0.6209645238969965,0.54884,0.4767154761030034,0.008957142857142846,2942.65,11.152976639035401,0.59,0.0
2024-07-21 08:00:00,0.59,0.59,0.59,0.59,31610,2024-07-21 08:59:59.999,18649.90000,1,0,0,0,75.60553633217991,0.017372579212957318,0.011771368148503245,0.005601211064454072,0.6256458137643992,0.5518000000000001,0.4779541862356009,0.008957142857142846,4496.85,17.389574214086732,0.59,0.0
2024-07-21 09:00:00,0.59,0.59,0.59,0.59,0,2024-07-21 09:59:59.999,0,0,0,0,0,75.60553633217991,0.01741003196592794,0.012899100911988187,0.004510931053939755,0.6297978543066591,0.55476,0.479722145693341,0.008957142857142846,4496.85,17.389574214086732,0.59,0.0
2024-07-21 10:00:00,0.59,0.59,0.59,0.59,0,2024-07-21 10:59:59.999,0,0,0,0,0,100.0,0.01724097036810146,0.013767474803210843,0.003473495564890617,0.6334456432962547,0.55772,0.48199435670374524,0.006242857142857138,4496.85,17.389574214086732,0.59,0.0
2024-07-21 11:00:00,0.59,0.59,0.59,0.59,4621,2024-07-21 11:59:59.999,2726.39000,5,0,0,0,100.0,0.01691203640539707,0.01439638712364809,0.0025156492817489783,0.6366028860856789,0.56068,0.48475711391432097,0.006242857142857138,4727.9,17.389574214086732,0.59,0.0
2024-07-21 12:00:00,0.59,0.59,0.59,0.59,19642,2024-07-21 12:59:59.999,11588.78000,14,0,0,0,100.0,0.016461594851565398,0.014809428669231553,0.0016521661823338443,0.6392734206273227,0.56364,0.48800657937267733,0.006242857142857138,5710.0,0.0,0.59,0.0
2024-07-21 13:00:00,0.59,0.59,0.5324,0.5324,20480,2024-07-21 13:59:59.999,11475.54670,19,5792,3086.47120,0,60.275862068965495,0.0113262164975928,0.014112786234903803,-0.002786569737311003,0.6392104134729426,0.56372,0.4882295865270574,0.010357142857142851,6734.0,-9.762711864406777,0.5784800000000001,0.025759503100799212
2024-07-21 14:00:00,0.5317,0.5357,0.5026,0.5026,1855,2024-07-21 14:59:59.999,981.03560,6,1646,875.99220,0,0.0,0.0047964902549912924,0.012249527038921302,-0.007453036783930009,0.6413589228928918,0.56231,0.48326107710710814,0.006478571428571421,6826.75,-14.813559322033887,0.5609999999999999,0.04108381676524274
2024-07-21 15:00:00,0.5364,0.5366,0.5364,0.5366,2512,2024-07-21 15:59:59.999,1347.50960,2,2512,1347.50960,0,28.006589785831935,0.0023381977194938397,0.01026726117503581,-0.00792906345554197,0.6412034953019536,0.5626,0.4839965046980463,0.008907142857142844,6952.35,-9.050847457627121,0.5503199999999999,0.03852131877285637
2024-07-21 16:00:00,0.5378,0.5402,0.5378,0.5402,190,2024-07-21 16:59:59.999,102.63080,2,0,0,0,30.08,0.0006727184079654558,0.00834835262162174,-0.007675634213656284,0.6387185798412265,0.56448,0.49024142015877353,0.009164285714285705,6496.5,-8.440677966101688,0.54036,0.03149393592423775
2024-07-21 17:00:00,0.5406,0.5406,0.5378,0.5378,197,2024-07-21 17:59:59.999,106.46740,2,0,0,0,29.513343799058063,-0.0008312635981692074,0.00651242937766355,-0.007343692975832757,0.6358248259320957,0.56624,0.49665517406790427,0.009364285714285705,6506.35,-8.847457627118649,0.52992,0.015531645115697467
2024-07-21 18:00:00,0.5378,0.5378,0.5378,0.5378,0,2024-07-21 18:59:59.999,0,0,0,0,0,29.513343799058063,-0.002000123989289282,0.0048099187042729835,-0.0068100426935622654,0.6323944423885041,0.568,0.5036055576114958,0.009364285714285705,6506.35,-8.847457627118649,0.5309999999999999,0.015929846201391006
2024-07-21 19:00:00,0.5378,0.5378,0.5378,0.5378,0,2024-07-21 19:59:59.999,0,0,0,0,0,29.513343799058063,-0.0028931043641929888,0.0032693140905797886,-0.006162418454772778,0.6282848269405482,0.5697599999999999,0.5112351730594517,0.009364285714285705,6506.35,-8.847457627118649,0.53804,0.0013145341380082789
2024-07-21 20:00:00,0.5442,0.5458,0.5442,0.5458,367,2024-07-21 20:59:59.999,200.01420,2,0,0,0,33.67799113737075,-0.0029215863755815974,0.002031133997347511,-0.0049527203729291085,0.6261947467024075,0.56755,0.5089052532975925,0.009935714285714279,4073.7,-7.491525423728816,0.5398799999999999,0.0034687173421876064
2024-07-21 21:00:00,0.5449,0.5449,0.5449,0.5449,183,2024-07-21 21:59:59.999,99.71670,1,0,0,0,33.45561261922231,-0.002982401781816968,0.001028426841514615,-0.004010828623331583,0.62377315516566,0.565295,0.50681684483434,0.009999999999999985,4082.85,-7.644067796610156,0.54082,0.004147529385067103
2024-07-21 22:00:00,0.5449,0.5449,0.5449,0.5449,0,2024-07-21 22:59:59.999,0,0,0,0,0,33.45561261922231,-0.002996061695162866,0.0002235291341791185,-0.0032195908293419844,0.6209827448798431,0.56304,0.5050972551201569,0.009999999999999985,4082.85,-7.644067796610156,0.5422399999999999,0.004069766578072731
2024-07-21 23:00:00,0.5449,0.5449,0.5449,0.5449,0,2024-07-21 23:59:59.999,0,0,0,0,0,33.45561261922231,-0.0029726207532452253,-0.0004157008433057505,-0.002556919909939475,0.617813128793467,0.560785,0.503756871206533,0.009999999999999985,4082.85,-7.644067796610156,0.54366,0.0032989392234474826
2024-07-22 00:00:00,0.5449,0.5449,0.5449,0.5449,0,2024-07-22 00:59:59.999,0,0,0,0,0,33.45561261922231,-0.00292037932292466,-0.0009166365392295325,-0.0020037427836951272,0.6142456351484934,0.55853,0.5028143648515065,0.009999999999999985,4082.85,-7.644067796610156,0.54508,0.0004024922359533349
2024-07-22 01:00:00,0.5449,0.5449,0.5449,0.5449,0,2024-07-22 01:59:59.999,0,0,0,0,0,33.45561261922231,-0.002846168751324263,-0.001302542981648479,-0.001543625769675784,0.6102512472126206,0.5562750000000001,0.5022987527873796,0.009999999999999985,4082.85,2.347858752817443,0.5449,0.0
2024-07-22 02:00:00,0.5449,0.5449,0.5449,0.5449,0,2024-07-22 02:59:59.999,0,0,0,0,0,33.45561261922231,-0.0027555915940676856,-0.0015931527041323204,-0.0011624388899353652,0.605786951457063,0.55402,0.502253048542937,0.009999999999999985,4082.85,8.416235575009948,0.5449,0.0
2024-07-22 03:00:00,0.5449,0.5449,0.5449,0.5449,0,2024-07-22 03:59:59.999,0,0,0,0,0,57.941550190597255,-0.0026532238316083756,-0.0018051669296275316,-0.000848056901980844,0.600789259300881,0.551765,0.5027407406991189,0.005885714285714272,4082.85,1.546775997018279,0.5449,0.0
2024-07-22 04:00:00,0.5449,0.5449,0.5449,0.5449,0,2024-07-22 04:59:59.999,0,0,0,0,0,93.25153374233135,-0.0025427849996882967,-0.0019526905436396847,-0.0005900944560486121,0.5951621354778089,0.5495099999999999,0.503857864522191,0.0035214285714285642,2502.35,0.8700481303221099,0.5449,0.0
2024-07-22 05:00:00,0.5485,0.5485,0.5353,0.5355,11664,2024-07-22 05:59:59.999,6266.97470,10,11482,6167.14770,0,47.73662551440332,-0.003177138791734646,-0.002197580193258677,-0.000979558598475969,0.5886063883834073,0.546785,0.5049636116165926,0.0020357142857142835,3085.55,-0.4276682781703177,0.5430200000000001,0.0042038077976994884
2024-07-22 06:00:00,0.5355,0.5355,0.5355,0.5355,0,2024-07-22 06:59:59.999,0,0,0,0,0,38.647342995169026,-0.003637932916072395,-0.002485650737821421,-0.001152282178250974,0.5808215016015397,0.54406,0.5072984983984603,0.001778571428571423,3085.55,-0.4276682781703177,0.5411400000000001,0.005148592040548139
2024-07-22 07:00:00,0.5355,0.5355,0.5355,0.5355,0,2024-07-22 07:59:59.999,0,0,0,0,0,43.715846994535596,-0.003957496028681451,-0.0027800197959934273,-0.0011774762326880236,0.5711889092036007,0.5413349999999999,0.5114810907963991,0.0015785714285714212,2854.5,-0.4276682781703177,0.53926,0.005148592040547813
2024-07-22 08:00:00,0.5288,0.5288,0.5288,0.5288,550,2024-07-22 08:59:59.999,290.84000,1,0,0,0,32.00000000000014,-0.0046972392529816,-0.003163463687391062,-0.0015337755655905378,0.5579301185244586,0.538275,0.5186198814755413,0.0020571428571428446,1899.9,-3.1146940271161423,0.53604,0.005740034843098606
2024-07-22 09:00:00,0.5288,0.5288,0.5288,0.5288,0,2024-07-22 09:59:59.999,0,0,0,0,0,32.00000000000014,-0.005223280363144567,-0.003575427022541763,-0.0016478533406028037,0.5580404492897105,0.538095,0.5181495507102895,0.0020571428571428446,875.9,-2.954670581758121,0.5328200000000001,0.0036697411352818823
2024-07-22 10:00:00,0.5288,0.5288,0.5288,0.5288,0,2024-07-22 10:59:59.999,0,0,0,0,0,0.0,-0.0055758962715186655,-0.003975520872337144,-0.0016003753991815214,0.5513859453980717,0.539405,0.5274240546019283,0.0014857142857142727,783.15,-2.954670581758121,0.5314800000000001,0.0036697411352815553
2024-07-22 11:00:00,0.5288,0.5288,0.5288,0.5288,0,2024-07-22 11:59:59.999,0,0,0,0,0,0.0,-0.005788619319137656,-0.004338140561697247,-0.0014504787574404088,0.5518572452537666,0.539015,0.5261727547462335,0.0014214285714285655,657.55,-2.954670581758121,0.5301400000000001,0.002996331089845584
2024-07-22 12:00:00,0.5288,0.5288,0.5288,0.5288,0,2024-07-22 12:59:59.999,0,0,0,0,0,0.0,-0.005889315503800119,-0.004648375550117822,-0.0012409399536822971,0.55205482230442,0.5384450000000001,0.5248351776955801,0.0014214285714285655,648.05,-2.954670581758121,0.5288,0.0
2024-07-22 13:00:00,0.5414,0.5414,0.5288,0.5288,3461,2024-07-22 13:59:59.999,1851.60940,2,0,0,0,0.0,-0.005901093819370318,-0.004898919203968321,-0.0010021746154019965,0.5522733568271774,0.537995,0.5237166431728226,0.0023214285714285615,811.25,-2.954670581758121,0.5288,0.0
2024-07-22 14:00:00,0.5288,0.5288,0.5288,0.5288,0,2024-07-22 14:59:59.999,0,0,0,0,0,0.0,-0.005843072911970726,-0.005087749945568803,-0.000755322966401923,0.5524046911493012,0.5375449999999999,0.5226853088506986,0.0023214285714285615,811.25,-2.954670581758121,0.5288,0.0
2024-07-22 15:00:00,0.5288,0.5288,0.5288,0.5288,0,2024-07-22 15:59:59.999,0,0,0,0,0,0.0,-0.005731027210591488,-0.0052164053985733405,-0.0005146218120181479,0.5524587269327189,0.5370950000000001,0.5217312730672813,0.0023214285714285615,811.25,-2.954670581758121,0.5288,0.0
2024-07-22 16:00:00,0.5363,0.5363,0.5363,0.5363,198,2024-07-22 16:59:59.999,106.18740,1,0,0,0,31.779661016949007,-0.004979640667430174,-0.005169052452344708,0.00018941178491453398,0.5514279068494893,0.5366200000000001,0.5218120931505109,0.0028571428571428437,802.8,-1.5782712424298129,0.5303000000000001,0.003354101966246063
2024-07-22 17:00:00,0.5485,0.5485,0.5485,0.5485,37,2024-07-22 17:59:59.999,20.29450,1,0,0,0,55.027932960893786,-0.003360980092133814,-0.00480743798030253,0.0014464578881687156,0.5521106773888439,0.5368,0.5214893226111562,0.0037285714285714144,795.5,2.427637721755371,0.53424,0.008607729084955199
2024-07-22 18:00:00,0.5485,0.5485,0.5485,0.5485,0,2024-07-22 18:59:59.999,0,0,0,0,0,55.027932960893786,-0.0020544969622934284,-0.00425684977670071,0.0022023528144072815,0.552768816828442,0.53698,0.521191183171558,0.0037285714285714144,795.5,2.427637721755371,0.53818,0.00990590732845769
2024-07-22 19:00:00,0.5485,0.5485,0.5485,0.5485,0,2024-07-22 19:59:59.999,0,0,0,0,0,74.62121212121227,-0.0010074859977511341,-0.0036069770209107947,0.0025994910231596606,0.5534045002839015,0.5371600000000001,0.5209154997160986,0.0027857142857142725,795.5,2.427637721755371,0.5421199999999999,0.009129731649944567
2024-07-22 20:00:00,0.5485,0.5485,0.5485,0.5485,0,2024-07-22 20:59:59.999,0,0,0,0,0,74.62121212121227,-0.00017569694008923165,-0.002920721004746482,0.0027450240646572505,0.554019568339738,0.53734,0.5206604316602621,0.0027857142857142725,795.5,3.7254160363086117,0.54606,0.005456005865100127
2024-07-22 21:00:00,0.5485,0.5485,0.5443,0.5443,4731,2024-07-22 21:59:59.999,2575.69230,4,0,0,0,64.37908496732038,0.00014294915291535037,-0.002307986973214116,0.002450936126129466,0.5539343828536023,0.53731,0.5206856171463976,0.003085714285714271,1032.05,2.931164901664137,0.54766,0.0018782971011024044
2024-07-22 22:00:00,0.5443,0.5443,0.5395,0.5395,12967,2024-07-22 22:59:59.999,7057.76050,10,0,0,0,68.64111498257832,8.065617285279991e-06,-0.0018447764551142367,0.0018528420723995167,0.5533171263466636,0.53704,0.5207628736533363,0.002949999999999992,1680.4,2.0234493192133,0.54586,0.003993494710151303
2024-07-22 23:00:00,0.5395,0.5395,0.5395,0.5395,0,2024-07-22 23:59:59.999,0,0,0,0,0,68.64111498257832,-9.770428233679684e-05,-0.0014953620205587488,0.001397657738221952,0.5526730086527837,0.53677,0.5208669913472163,0.002949999999999992,1680.4,2.0234493192133,0.54406,0.004501999555753309
2024-07-23 00:00:00,0.5395,0.5395,0.5395,0.5395,188,2024-07-23 00:59:59.999,101.42600,1,188,101.42600,0,68.64111498257832,-0.00017945899819615807,-0.0012321814160862307,0.0010527224178900727,0.5520000848894105,0.5365,0.5209999151105894,0.002949999999999992,1689.8,2.0234493192133,0.54226,0.004060541835765215
2024-07-23 01:00:00,0.5378,0.5395,0.5378,0.5395,41705,2024-07-23 01:59:59.999,22499.52790,28,41517,22398.42150,0,68.64111498257832,-0.00024146672146818648,-0.0010340384771626218,0.0007925717556944354,0.5522489041752987,0.5367000000000001,0.5211510958247014,0.003071428571428566,3191.85,2.0234493192133,0.5404599999999999,0.002146625258398839
2024-07-23 02:00:00,0.5353,0.5353,0.5288,0.5288,185,2024-07-23 02:59:59.999,97.83450,2,0,0,0,50.0,-0.00114085776695394,-0.0010554023351208855,-8.545543183305446e-05,0.5523065082163048,0.536365,0.5204234917836952,0.0038357142857142756,3201.1,0.0,0.53736,0.0047851854718484275
2024-07-23 03:00:00,0.5288,0.5288,0.5288,0.5288,0,2024-07-23 03:59:59.999,0,0,0,0,0,50.0,-0.0018325076428518106,-0.0012108233966670705,-0.0006216842461847401,0.5523257017258181,0.53603,0.5197342982741819,0.00293571428571428,3201.1,0.0,0.53522,0.005860631365303989
2024-07-23 04:00:00,0.5288,0.5288,0.5288,0.5288,4908,2024-07-23 04:59:59.999,2595.35040,4,0,0,0,50.0,-0.002353515293279207,-0.001439361775989498,-0.0009141535172897089,0.5523257017258181,0.53603,0.5197342982741819,0.00293571428571428,3419.0,-1.3984710050344864,0.53308,0.00586063136530363
2024-07-23 05:00:00,0.5288,0.5288,0.5288,0.5288,5969,2024-07-23 05:59:59.999,3156.40720,5,0,0,0,50.0,-0.0027348914832905358,-0.001698467717449706,-0.0010364237658408298,0.5523257017258181,0.53603,0.5197342982741819,0.00293571428571428,3717.45,-3.5916134913400075,0.53094,0.004785185471847098
2024-07-23 06:00:00,0.5288,0.5288,0.5288,0.5288,0,2024-07-23 06:59:59.999,0,0,0,0,0,38.24451410658312,-0.0030025236380470943,-0.0019592789015691835,-0.0010432447364779108,0.5523257017258181,0.53603,0.5197342982741819,0.002399999999999997,3717.45,-3.5916134913400075,0.5288,0.0
2024-07-23 07:00:00,0.5288,0.5288,0.5288,0.5288,0,2024-07-23 07:59:59.999,0,0,0,0,0,0.0,-0.0031779901565814894,-0.002203021152571645,-0.0009749690040098445,0.5523257017258181,0.53603,0.5197342982741819,0.0015285714285714267,3717.45,-3.5916134913400075,0.5288,0.0
2024-07-23 08:00:00,0.5288,0.5288,0.5288,0.5288,0,2024-07-23 08:59:59.999,0,0,0,0,0,0.0,-0.0032792475126224296,-0.002418266424581802,-0.0008609810880406276,0.5523257017258181,0.53603,0.5197342982741819,0.0015285714285714267,3717.45,-3.5916134913400075,0.5288,0.0
2024-07-23 09:00:00,0.5288,0.5288,0.5288,0.5288,0,2024-07-23 09:59:59.999,0,0,0,0,0,0.0,-0.003321209856954388,-0.0025988551110563197,-0.0007223547458980683,0.5523257017258181,0.53603,0.5197342982741819,0.0015285714285714267,3544.4,-2.8476942862391987,0.5288,0.0
2024-07-23 10:00:00,0.553,0.553,0.5415,0.5529,3004,2024-07-23 10:59:59.999,1647.87810,4,1159,627.59850,0,55.02283105022828,-0.0013937306698379448,-0.002357830222812645,0.0009640995529747003,0.5547947955868688,0.537235,0.5196752044131312,0.003257142857142855,3694.6,2.483781278961996,0.53362,0.010777847651548116
2024-07-23 11:00:00,0.5474,0.5474,0.5474,0.5474,183,2024-07-23 11:59:59.999,100.17420,1,0,0,0,53.43680709534369,-0.00030646087169450276,-0.0019475563525890166,0.0016410954808945138,0.5558137691534443,0.538165,0.5205162308465557,0.0033499999999999958,3703.75,1.4643188137164076,0.53734,0.011854450641003527
2024-07-23 12:00:00,0.5474,0.5474,0.5474,0.5474,0,2024-07-23 12:59:59.999,0,0,0,0,0,59.80148883374697,0.0005488811168409269,-0.001448268858703028,0.001997149975543955,0.5568143259498367,0.53872,0.5206256740501632,0.003007142857142851,3693.85,1.4643188137164076,0.54106,0.011414814934986778
2024-07-23 13:00:00,0.5489,0.5489,0.5489,0.5489,1821,2024-07-23 13:59:59.999,999.54690,2,1821,999.54690,0,61.244019138756116,0.0013324239156350393,-0.0008921303038354145,0.0022245542194704536,0.5568806667317845,0.53874,0.5205993332682155,0.0031142857142857122,3783.05,1.742354031510672,0.54508,0.009374806664673503
2024-07-23 14:00:00,0.5489,0.5489,0.5489,0.5489,0,2024-07-23 14:59:59.999,0,0,0,0,0,61.244019138756116,0.0019311264056794952,-0.0003274789619324324,0.0022586053676119278,0.5569467968303206,0.53876,0.5205732031696795,0.0031142857142857122,3783.05,3.8010590015128605,0.5490999999999999,0.0022527760652173
2024-07-23 15:00:00,0.5489,0.5489,0.5489,0.5489,0,2024-07-23 15:59:59.999,0,0,0,0,0,61.244019138756116,0.002378188169609219,0.00021365446437589803,0.0021645337052333207,0.5570127178445778,0.53878,0.5205472821554222,0.0029928571428571383,3783.05,3.8010590015128605,0.5483,0.0008215838362664843
2024-07-23 16:00:00,0.5489,0.5489,0.5489,0.5489,2317,2024-07-23 16:59:59.999,1271.80130,2,0,0,0,82.31511254019304,0.0027013483758828727,0.0007111932466772931,0.00199015512920558,0.5570784313504077,0.5388,0.5205215686495922,0.002228571428571429,3898.9,3.8010590015128605,0.5486000000000001,0.0006708203932611205
2024-07-23 17:00:00,0.5489,0.5489,0.5489,0.5489,14369,2024-07-23 17:59:59.999,7887.14410,9,0,0,0,82.31511254019304,0.002923751974804767,0.001153704992302788,0.0017700469825019788,0.5577111585350192,0.5390300000000001,0.5203488414649811,0.002228571428571429,4380.8,3.8010590015128605,0.5489,0.0
2024-07-23 18:00:00,0.5489,0.5489,0.5489,0.5489,187,2024-07-23 18:59:59.999,102.64430,1,0,0,0,82.31511254019304,0.0030646806978935626,0.0015359001334209431,0.0015287805644726195,0.5586968199120801,0.5395000000000001,0.5203031800879201,0.002228571428571429,3741.8,3.8010590015128605,0.5489,0.0
2024-07-23 19:00:00,0.5489,0.5489,0.5336,0.5336,63061,2024-07-23 19:59:59.999,34237.91000,22,24593,13122.82480,0,55.17241379310336,0.0019196569830115529,0.0016126515033390652,0.00030700547967248766,0.5585823035982004,0.539205,0.5198276964017997,0.0033214285714285785,6894.85,0.907715582450816,0.5458400000000001,0.006842368011150083
2024-07-23 20:00:00,0.5336,0.5336,0.5336,0.5336,0,2024-07-23 20:59:59.999,0,0,0,0,0,55.17241379310336,0.0010006821980415026,0.001490257642279553,-0.0004895754442380503,0.5584473757867214,0.53891,0.5193726242132786,0.0033214285714285785,6885.45,0.907715582450816,0.54278,0.008380155129829264
2024-07-23 21:00:00,0.5342,0.5342,0.5336,0.5336,17516,2024-07-23 21:59:59.999,9347.55040,2,0,0,0,55.17241379310336,0.00026928392266023504,0.0012460628983556894,-0.0009767789756954543,0.5582925346123706,0.5386150000000001,0.5189374653876295,0.0033642857142857246,5676.0,0.907715582450816,0.53972,0.00838015512982886
2024-07-23 22:00:00,0.5336,0.5336,0.5336,0.5336,0,2024-07-23 22:59:59.999,0,0,0,0,0,55.17241379310336,-0.00030681767682816385,0.0009354867833189186,-0.0012423044601470824,0.558141698443282,0.5388550000000001,0.5195683015567182,0.0033642857142857246,5666.75,-3.4906854765780406,0.53666,0.006842368011148595
2024-07-23 23:00:00,0.5336,0.5336,0.5336,0.5336,0,2024-07-23 23:59:59.999,0,0,0,0,0,55.17241379310336,-0.0007546828311071341,0.0005974528604337081,-0.0013521356915408421,0.5579699318576669,0.539095,0.5202200681423331,0.0033642857142857246,5666.75,-2.5210084033613507,0.5336,0.0
2024-07-24 00:00:00,0.5336,0.5336,0.5336,0.5336,0,2024-07-24 00:59:59.999,0,0,0,0,0,6.726457399103367,-0.0010969739596035089,0.0002585674964262646,-0.0013555414560297734,0.5577758328388244,0.539335,0.5208941671611756,0.0016357142857142959,5421.35,-2.5210084033613507,0.5336,0.0
2024-07-24 01:00:00,0.5336,0.5336,0.5336,0.5336,112,2024-07-24 01:59:59.999,59.76320,2,0,0,0,8.9285714285717,-0.001352649641934045,-6.367593124579744e-05,-0.0012889737106882475,0.5575577841647442,0.5395749999999999,0.5215922158352556,0.0012428571428571566,5128.5,-2.7873929677537057,0.5336,0.0
2024-07-24 02:00:00,0.5336,0.5336,0.5336,0.5336,0,2024-07-24 02:59:59.999,0,0,0,0,0,8.9285714285717,-0.0015375505367293263,-0.0003584508523425033,-0.0011790996843868231,0.557313905228914,0.5398149999999999,0.5223160947710859,0.0012428571428571566,5128.5,-2.7873929677537057,0.5336,0.0
2024-07-24 03:00:00,0.5336,0.5336,0.5336,0.5336,0,2024-07-24 03:59:59.999,0,0,0,0,0,0.0,-0.0016648939667057716,-0.0006197394752151571,-0.0010451544914906147,0.5570419888289146,0.540055,0.5230680111710853,0.0011357142857142954,5128.5,-2.7873929677537057,0.5336,0.0
2024-07-24 04:00:00,0.5336,0.5336,0.5336,0.5336,0,2024-07-24 04:59:59.999,0,0,0,0,0,0.0,-0.0017456913096591808,-0.000844929842103962,-0.0009007614675552189,0.5567394167456695,0.5402950000000001,0.5238505832543306,0.0011357142857142954,5128.5,-2.7873929677537057,0.5336,0.0
2024-07-24 05:00:00,0.5336,0.5336,0.5336,0.5336,0,2024-07-24 05:59:59.999,0,0,0,0,0,0.0,-0.0017891001531734618,-0.001033763904317862,-0.0007553362488555999,0.5564030446843728,0.540535,0.5246669553156271,0.0011357142857142954,5128.5,-2.7873929677537057,0.5336,0.0
2024-07-24 06:00:00,0.5336,0.5336,0.5336,0.5336,0,2024-07-24 06:59:59.999,0,0,0,0,0,0.0,-0.0018027213251213814,-0.001187555388478566,-0.0006151659366428154,0.5545970072658668,0.5395700000000001,0.5245429927341334,0.0011357142857142954,4978.3,-2.7873929677537057,0.5336,0.0
2024-07-24 07:00:00,0.5336,0.5336,0.5336,0.5336,0,2024-07-24 07:59:59.999,0,0,0,0,0,0.0,-0.001792849350720216,-0.0013086141809268961,-0.00048423516979331977,0.5536584480347491,0.53888,0.524101551965251,0.0011357142857142954,4969.15,0.0,0.5336,0.0
2024-07-24 08:00:00,0.5336,0.5336,0.5336,0.5336,0,2024-07-24 08:59:59.999,0,0,0,0,0,0.0,-0.0017646835662095128,-0.0013998280579834196,-0.00036485550822609324,0.5525769677870374,0.53819,0.5238030322129625,0.0011357142857142954,4969.15,0.0,0.5336,0.0
2024-07-24 11:00:00,0.5387,0.5387,0.5387,0.5387,182,2024-07-24 11:59:59.999,98.04340,1,0,0,0,100.0,-0.0012026947529799603,-0.0014449046771865042,0.00024220992420654393,0.5473724399260911,0.53615,0.524927560073909,0.0004785714285714314,4896.55,0.9557721139430273,0.53462,0.0022807893370463015
2024-07-24 12:00:00,0.5387,0.5387,0.5387,0.5387,0,2024-07-24 12:59:59.999,0,0,0,0,0,100.0,-0.0008229987329395616,-0.0013205234883371158,0.0004975247553975542,0.5452313118580243,0.5356399999999999,0.5260486881419755,0.0004785714285714314,4780.7,0.9557721139430273,0.5356399999999999,0.0027933850432739385
2024-07-24 13:00:00,0.5428,0.5428,0.5428,0.5428,545,2024-07-24 13:59:59.999,295.82600,2,545,295.82600,0,100.0,-0.000189071666154339,-0.0010942331239005606,0.0009051614577462216,0.5434206663299931,0.5353349999999999,0.5272493336700067,0.0007714285714285737,4089.5,1.7241379310344802,0.53748,0.003917524728701881
2024-07-24 14:00:00,0.5387,0.5387,0.5387,0.5387,173,2024-07-24 14:59:59.999,93.19510,2,0,0,0,69.17293233082708,-1.7316025038294214e-05,-0.0008788497041281073,0.0008615336790898131,0.5401096849231364,0.5348249999999999,0.5295403150768634,0.001064285714285716,4088.8,0.9557721139430273,0.5385,0.00326419974878882
2024-07-24 15:00:00,0.5387,0.5387,0.5387,0.5387,2030,2024-07-24 15:59:59.999,1093.56100,2,0,0,0,69.17293233082708,0.00011744769406996092,-0.0006795902244884936,0.0007970379185584546,0.540602623327825,0.53508,0.529557376672175,0.001064285714285716,1037.25,0.9557721139430273,0.53952,0.001833575741548519
2024-07-24 16:00:00,0.5387,0.5889,0.5288,0.5889,30054457,2024-07-24 16:59:59.999,17696241.27330,43,5306930,3125251.07700,0,93.54330708661419,0.004226251773746248,0.00030157817515845495,0.003924673598587793,0.5624956944494895,0.537845,0.5131943055505105,0.005357142857142854,1503760.1,10.363568215892057,0.5495599999999999,0.022063272649360435
2024-07-24 17:00:00,0.5338,0.534,0.5026,0.5026,144,2024-07-24 17:59:59.999,72.56220,4,0,0,0,39.65287049399201,0.0005129073715672838,0.00034384401444022077,0.00016906335712706306,0.5655399167872764,0.536295,0.5070500832127235,0.011521428571428563,1502891.5,-5.809595202398786,0.5423399999999999,0.03071568003479656
2024-07-24 18:00:00,0.5026,0.5026,0.5026,0.5026,0,2024-07-24 18:59:59.999,0,0,0,0,0,39.65287049399201,-0.0024022531414964465,-0.00020537541674711286,-0.0021968777247493338,0.5676485256469574,0.534745,0.5018414743530426,0.011521428571428563,1502891.5,-5.809595202398786,0.5343,0.035460047941309705
2024-07-24 19:00:00,0.5026,0.5026,0.5026,0.5026,0,2024-07-24 19:59:59.999,0,0,0,0,0,39.65287049399201,-0.004658834704249881,-0.001096067274247667,-0.003562767430002214,0.5691086083282907,0.533195,0.4972813916717092,0.011521428571428563,1502891.5,-5.809595202398786,0.52708,0.03792936856843214
2024-07-24 20:00:00,0.5026,0.5026,0.5026,0.5026,0,2024-07-24 20:59:59.999,0,0,0,0,0,39.65287049399201,-0.006373719578723236,-0.002151597735142781,-0.004222121843580454,0.5700728668074145,0.5316449999999999,0.4932171331925853,0.011521428571428563,1502891.5,-5.809595202398786,0.5198600000000001,0.03859453329164578
2024-07-24 21:00:00,0.5205,0.5205,0.5176,0.5176,2038,2024-07-24 21:59:59.999,1059.67120,2,382,197.72320,0,45.145631067961155,-0.006448074171793494,-0.0030108930224729243,-0.00343718114932057,0.5697645377805622,0.530845,0.49192546221943784,0.012799999999999987,1502987.8,-2.9985007496251903,0.5056,0.006708203932493909
2024-07-24 22:00:00,0.5176,0.5176,0.5176,0.5176,0,2024-07-24 22:59:59.999,0,0,0,0,0,45.145631067961155,-0.006432846868110076,-0.0036952837916003553,-0.0027375630765097206,0.5693816295080375,0.530045,0.4907083704919625,0.012799999999999987,1502987.8,-2.9985007496251903,0.5086,0.008215838362573356
2024-07-24 23:00:00,0.5176,0.5176,0.5176,0.5176,0,2024-07-24 23:59:59.999,0,0,0,0,0,45.145631067961155,-0.006347607848208647,-0.004225748602922014,-0.0021218592452866333,0.568926493764328,0.5292450000000001,0.4895635062356722,0.012799999999999987,1502987.8,-3.916836829404123,0.5115999999999999,0.008215838362573682
2024-07-25 00:00:00,0.5176,0.5176,0.5176,0.5176,0,2024-07-25 00:59:59.999,0,0,0,0,0,45.145631067961155,-0.00620848772893301,-0.004622296428124214,-0.001586191300808796,0.5684010008008806,0.528445,0.4884889991991194,0.012685714285714269,1502987.8,-3.916836829404123,0.5146,0.006708203932495142
2024-07-25 01:00:00,0.5124,0.5124,0.5026,0.5026,49854,2024-07-25 01:59:59.999,25073.02800,8,0,0,0,39.66800228963939,-0.007225319684151299,-0.0051429010793296315,-0.0020824186048216675,0.5683847057619175,0.5268949999999999,0.4854052942380823,0.01339285714285712,1505480.5,-7.406042741341176,0.5146,0.006708203932495142
2024-07-25 02:00:00,0.5026,0.5026,0.5026,0.5026,54718,2024-07-25 02:59:59.999,27501.26680,2,0,0,0,39.66800228963939,-0.007939643071468772,-0.00570224947775746,-0.0022373935937113117,0.568077631436335,0.525345,0.4826123685636649,0.01339285714285712,1508216.4,-6.701317987748266,0.5115999999999999,0.008215838362573682
2024-07-25 03:00:00,0.5026,0.5026,0.5026,0.5026,0,2024-07-25 03:59:59.999,0,0,0,0,0,38.21805392731537,-0.008408817884079545,-0.006243563159021878,-0.002165254725057667,0.5675045906614262,0.523795,0.4800854093385738,0.013099999999999976,1508216.4,-6.701317987748266,0.5086,0.008215838362573356
2024-07-25 04:00:00,0.5026,0.5026,0.5026,0.5026,0,2024-07-25 04:59:59.999,0,0,0,0,0,39.15915915915917,-0.008680578003542827,-0.006730966127926069,-0.0019496118756167583,0.5666831284839703,0.522245,0.47780687151602963,0.012807142857142835,1508216.4,-14.65444048225504,0.5056,0.006708203932493909
2024-07-25 05:00:00,0.5026,0.5026,0.5026,0.5026,0,2024-07-25 05:59:59.999,0,0,0,0,0,39.15915915915917,-0.008794571510204352,-0.007143687204381727,-0.001650884305822625,0.5656253308643383,0.520695,0.47576466913566173,0.012807142857142835,1508216.4,0.0,0.5026,0.0
2024-07-25 06:00:00,0.5026,0.5026,0.5026,0.5026,0,2024-07-25 06:59:59.999,0,0,0,0,0,12.89767841788472,-0.008783659624993834,-0.007471681688504149,-0.001311977936489685,0.5643389201779685,0.519145,0.47395107982203144,0.008514285714285696,1508207.05,0.0,0.5026,0.0
2024-07-25 07:00:00,0.5026,0.5026,0.5026,0.5026,0,2024-07-25 07:59:59.999,0,0,0,0,0,50.0,-0.008675011741994143,-0.007712347699202149,-0.0009626640427919941,0.5621272350235264,0.51734,0.47255276497647364,0.002349999999999987,1508197.95,0.0,0.5026,0.0
2024-07-25 08:00:00,0.5026,0.5026,0.5026,0.5026,0,2024-07-25 08:59:59.999,0,0,0,0,0,50.0,-0.008491028224065666,-0.007868083804174853,-0.0006229444198908134,0.5596016134511446,0.5155350000000001,0.4714683865488556,0.002349999999999987,1508197.95,0.0,0.5026,0.0
2024-07-25 09:00:00,0.5036,0.5036,0.5036,0.5036,381,2024-07-25 09:59:59.999,191.87160,1,0,0,0,51.61290322580647,-0.00817034565903274,-0.00792853617514643,-0.0002418094838863103,0.5559917233653496,0.5135750000000001,0.47115827663465065,0.0024214285714285583,1508189.75,-2.704791344667678,0.5028,0.00044721359541264374
2024-07-25 10:00:00,0.5036,0.5036,0.5036,0.5036,0,2024-07-25 10:59:59.999,0,0,0,0,0,51.61290322580647,-0.007825989282906898,-0.007908026796698523,8.203751379162565e-05,0.5527377146040808,0.51182,0.4709022853959193,0.0024214285714285583,1508181.1,-2.704791344667678,0.5030000000000001,0.0005477225574342482
2024-07-25 11:00:00,0.5036,0.5036,0.5036,0.5036,0,2024-07-25 11:59:59.999,0,0,0,0,0,6.250000000000043,-0.0074670093382736,-0.007819823305013539,0.00035281396673993853,0.5490957989049398,0.510065,0.4710342010950602,0.001142857142857136,1508079.6,-2.704791344667678,0.5032,0.0005477225574346308
2024-07-25 12:00:00,0.5036,0.5036,0.5036,0.5036,0,2024-07-25 12:59:59.999,0,0,0,0,0,6.250000000000043,-0.007100663121386908,-0.007675991268288213,0.0005753281469013053,0.5179326007104805,0.5058,0.4936673992895195,0.001142857142857136,5356.75,-2.704791344667678,0.5034000000000001,0.0004472135954140494
2024-07-25 13:00:00,0.5026,0.5026,0.5026,0.5026,98,2024-07-25 13:59:59.999,49.25480,1,0,0,0,5.8823529411765065,-0.006812492574009621,-0.007503291529432496,0.0006907989554228748,0.5179326007104805,0.5058,0.4936673992895195,0.0012142857142857075,5354.45,0.0,0.5034,0.0004472135954140494
2024-07-25 14:00:00,0.5026,0.5026,0.5026,0.5026,100,2024-07-25 14:59:59.999,50.26000,1,0,0,0,5.8823529411765065,-0.0065090826856197825,-0.007304449760669953,0.0007953670750501709,0.5179326007104805,0.5058,0.4936673992895195,0.0012142857142857075,5359.45,0.0,0.5032,0.0005477225574346308
2024-07-25 15:00:00,0.5051,0.5051,0.5026,0.5026,356,2024-07-25 15:59:59.999,178.97810,3,0,0,0,50.0,-0.0061971908051363656,-0.007082997969563237,0.0008858071644268712,0.5179326007104805,0.5058,0.4936673992895195,0.0003214285714285677,5377.25,0.0,0.5030000000000001,0.0005477225574342482
2024-07-25 16:00:00,0.5026,0.5026,0.5026,0.5026,0,2024-07-25 16:59:59.999,0,0,0,0,0,50.0,-0.005882207812676343,-0.006842839938185859,0.0009606321255095154,0.5179326007104805,0.5058,0.4936673992895195,0.0003214285714285677,5377.25,0.0,0.5028,0.00044721359541264363
2024-07-25 17:00:00,0.5036,0.5036,0.5026,0.5026,21149,2024-07-25 17:59:59.999,10629.60640,15,0,0,0,50.0,-0.005568392558610191,-0.006587950462270725,0.0010195579036605335,0.5158977501911908,0.50505,0.4942022498088093,0.00039285714285713924,6332.8,0.0,0.5026,0.0
2024-07-25 18:00:00,0.5026,0.5026,0.5026,0.5026,6392,2024-07-25 18:59:59.999,3212.61920,4,0,0,0,50.0,-0.005259068441508585,-0.006322174058118297,0.001063105616609712,0.513432936346857,0.5043000000000001,0.49516706365314306,0.00039285714285713924,6652.4,0.0,0.5026,0.0
2024-07-25 19:00:00,0.5026,0.5026,0.5026,0.5026,0,2024-07-25 19:59:59.999,0,0,0,0,0,50.0,-0.004956788082622676,-0.006049096863019174,0.0010923087803964976,0.510214122321487,0.5035499999999999,0.4968858776785129,0.00039285714285713924,6652.4,0.0,0.5026,0.0
2024-07-25 20:00:00,0.5026,0.5026,0.5026,0.5026,350,2024-07-25 20:59:59.999,175.91000,2,0,0,0,50.0,-0.00466347112813803,-0.005771971716042946,0.0011085005879049158,0.5036207826816391,0.5028,0.5019792173183609,0.00039285714285713924,6669.9,0.0,0.5026,0.0
2024-07-25 21:00:00,0.5026,0.5026,0.5026,0.5026,0,2024-07-25 21:59:59.999,0,0,0,0,0,50.0,-0.004380519427295115,-0.005493681258293381,0.0011131618309982655,0.5036207826816391,0.5028,0.5019792173183609,0.00039285714285713924,4177.2,-0.1985702938840351,0.5026,0.0
2024-07-25 22:00:00,0.5026,0.5026,0.5026,0.5026,0,2024-07-25 22:59:59.999,0,0,0,0,0,50.0,-0.004108913172477524,-0.00521672764113021,0.0011078144686526856,0.5036207826816391,0.5028,0.5019792173183609,0.00039285714285713924,1441.3,-0.1985702938840351,0.5026,0.0
2024-07-25 23:00:00,0.5026,0.5026,0.5026,0.5026,0,2024-07-25 23:59:59.999,0,0,0,0,0,0.0,-0.0038492910278487003,-0.0049432403184739085,0.0010939492906252082,0.5036207826816391,0.5028,0.5019792173183609,0.0003214285714285677,1441.3,-0.1985702938840351,0.5026,0.0
2024-07-26 00:00:00,0.5026,0.5026,0.5026,0.5026,0,2024-07-26 00:59:59.999,0,0,0,0,0,0.0,-0.0036020168002579567,-0.004674995614830719,0.0010729788145727621,0.5036207826816391,0.5028,0.5019792173183609,0.0003214285714285677,1441.3,-0.1985702938840351,0.5026,0.0
2024-07-26 01:00:00,0.5026,0.5026,0.5026,0.5026,0,2024-07-26 01:59:59.999,0,0,0,0,0,0.0,-0.003367234806558539,-0.004413443453176283,0.0010462086466177445,0.5036207826816391,0.5028,0.5019792173183609,0.0003214285714285677,1441.3,0.0,0.5026,0.0
2024-07-26 02:00:00,0.5026,0.5026,0.5026,0.5026,0,2024-07-26 02:59:59.999,0,0,0,0,0,0.0,-0.0031449157538703254,-0.004159737913315092,0.0010148221594447667,0.5036207826816391,0.5028,0.5019792173183609,0.0003214285714285677,1441.3,0.0,0.5026,0.0
2024-07-26 13:00:00,0.5071,0.5071,0.503,0.505,10748356,2024-07-26 13:59:59.999,5406493.20030,55,35060,17705.30000,0,100.0,-0.0012348852548316192,-0.001973028311324153,0.0007381430564925339,0.5037933126291776,0.5027200000000001,0.5016466873708225,0.002392857142857125,562542.0,0.4775169120572935,0.50308,0.0010733126291637722
2024-07-26 14:00:00,0.505,0.505,0.505,0.505,0,2024-07-26 14:59:59.999,0,0,0,0,0,100.0,-0.0009850649372706854,-0.0017754356365134595,0.000790370699242774,0.5043174088269865,0.5028400000000001,0.5013625911730136,0.002392857142857125,562222.4,0.4775169120572935,0.50356,0.0013145341379832709
2024-07-26 15:00:00,0.505,0.505,0.505,0.505,0,2024-07-26 15:59:59.999,0,0,0,0,0,100.0,-0.0007781109569904299,-0.0015759707006088536,0.0007978597436184237,0.5047184682329426,0.5029600000000001,0.5012015317670575,0.002392857142857125,562222.4,0.4775169120572935,0.50404,0.0013145341379836308
2024-07-26 16:00:00,0.505,0.505,0.505,0.505,0,2024-07-26 16:59:59.999,0,0,0,0,0,100.0,-0.0006071001638137119,-0.0013821965932498254,0.0007750964294361135,0.5050498784359915,0.50308,0.5011101215640085,0.002392857142857125,562204.9,0.4775169120572935,0.50452,0.0010733126291650942
2024-07-26 17:00:00,0.505,0.505,0.505,0.505,0,2024-07-26 17:59:59.999,0,0,0,0,0,100.0,-0.0004661988282614882,-0.001198997040252158,0.0007327982119906698,0.5053324559599216,0.5032,0.5010675440400784,0.002392857142857125,562204.9,0.4775169120572935,0.505,0.0
2024-07-26 18:00:00,0.505,0.505,0.505,0.505,0,2024-07-26 18:59:59.999,0,0,0,0,0,100.0,-0.00035049323683711275,-0.001029296279569149,0.0006788030427320362,0.5055767792607013,0.50332,0.5010632207392987,0.002392857142857125,562204.9,0.4775169120572935,0.505,0.0
2024-07-26 19:00:00,0.505,0.505,0.505,0.505,0,2024-07-26 19:59:59.999,0,0,0,0,0,100.0,-0.00025584648302223734,-0.0008746063202597666,0.0006187598372375293,0.5057889303276522,0.5034400000000001,0.5010910696723481,0.002392857142857125,562204.9,0.4775169120572935,0.505,0.0
2024-07-26 20:00:00,0.505,0.505,0.505,0.505,0,2024-07-26 20:59:59.999,0,0,0,0,0,100.0,-0.00017877741398752978,-0.0007354405390053193,0.0005566631250177895,0.5059725985117505,0.50356,0.5011474014882495,0.002392857142857125,562204.9,0.4775169120572935,0.505,0.0
2024-07-26 21:00:00,0.505,0.505,0.505,0.505,0,2024-07-26 21:59:59.999,0,0,0,0,0,100.0,-0.00011635831529666074,-0.0006116240942635877,0.0004952657789669269,0.5061300053705539,0.50368,0.5012299946294462,0.0016428571428571284,562204.9,0.4775169120572935,0.505,0.0
2024-07-26 22:00:00,0.505,0.505,0.505,0.505,0,2024-07-26 22:59:59.999,0,0,0,0,0,100.0,-6.612844235887039e-05,-0.0005025249638826442,0.00043639652152377385,0.5062623480449949,0.5038,0.5013376519550051,0.0010071428571428493,562204.9,0.4775169120572935,0.505,0.0
2024-07-26 23:00:00,0.505,0.505,0.505,0.505,0,2024-07-26 23:59:59.999,0,0,0,0,0,100.0,-2.6020952822336518e-05,-0.00040722416167058266,0.00038120320884824614,0.506370005370554,0.50392,0.5014699946294461,0.0003214285714285677,562204.9,0.4775169120572935,0.505,0.0
2024-07-27 00:00:00,0.505,0.505,0.505,0.505,0,2024-07-27 00:59:59.999,0,0,0,0,0,100.0,5.69882904044583e-06,-0.00032463956352837695,0.0003303383925688228,0.5064525985117506,0.50404,0.5016274014882495,0.0003214285714285677,562204.9,0.4775169120572935,0.505,0.0
2024-07-27 01:00:00,0.505,0.505,0.505,0.505,0,2024-07-27 01:59:59.999,0,0,0,0,0,100.0,3.0485566066440484e-05,-0.00025361453760941346,0.00028410010367585395,0.5065089303276521,0.5041599999999999,0.5018110696723478,0.0003214285714285677,562204.9,0.0,0.505,0.0
2024-07-27 02:00:00,0.505,0.505,0.505,0.505,0,2024-07-27 02:59:59.999,0,0,0,0,0,100.0,4.9557960419388536e-05,-0.00019298003800365305,0.0002425379984230416,0.5065367792607015,0.50428,0.5020232207392984,0.0003214285714285677,562204.9,0.0,0.505,0.0
2024-07-27 14:00:00,0.5222,0.5222,0.5222,0.5222,6,2024-07-27 14:59:59.999,3.13320,1,6,3.13320,0,100.0,0.0014511310411482459,0.00033961012834059467,0.0011115209128076513,0.5135520738425964,0.50586,0.4981679261574036,0.0018928571428571406,112.15,3.405940594059405,0.50844,0.007692073842594835
2024-07-27 15:00:00,0.505,0.505,0.5026,0.5026,2475,2024-07-27 15:59:59.999,1249.36620,3,0,0,0,46.73913043478266,0.0009435289967258953,0.0004603939020176549,0.00048313509470824037,0.5135623431675894,0.50574,0.49791765683241046,0.003292857142857137,235.9,-0.4752475247524669,0.50796,0.00802795117074904
2024-07-27 16:00:00,0.5026,0.5026,0.5026,0.5026,0,2024-07-27 16:59:59.999,0,0,0,0,0,46.73913043478266,0.0005350826200790637,0.00047533164562993667,5.9750974449127036e-05,0.5135628484881193,0.5056200000000001,0.4976771515118808,0.003292857142857137,235.9,-0.4752475247524669,0.50748,0.008315768154532086
2024-07-27 17:00:00,0.5026,0.5026,0.5026,0.5026,0,2024-07-27 17:59:59.999,0,0,0,0,0,46.73913043478266,0.0002089769674915587,0.0004220607100022611,-0.00021308374251070242,0.5135540280866785,0.5055,0.49744597191332135,0.003292857142857137,235.9,-0.4752475247524669,0.507,0.008560373823608936
2024-07-27 18:00:00,0.5026,0.5026,0.5026,0.5026,0,2024-07-27 18:59:59.999,0,0,0,0,0,46.73913043478266,-4.8900418068376084e-05,0.00032786848438813365,-0.00037676890245650973,0.513536263334328,0.50538,0.49722373666567216,0.003292857142857137,235.9,-0.4752475247524669,0.50652,0.008765386471795077
2024-07-27 19:00:00,0.5026,0.5026,0.5026,0.5026,0,2024-07-27 19:59:59.999,0,0,0,0,0,46.73913043478266,-0.0002503838350390586,0.00021221802050269518,-0.00046260185554175375,0.5135098867615806,0.50526,0.49701011323841954,0.003292857142857137,235.9,-0.4752475247524669,0.5026,0.0
2024-07-27 20:00:00,0.5026,0.5026,0.5026,0.5026,0,2024-07-27 20:59:59.999,0,0,0,0,0,46.73913043478266,-0.0004053878359699947,8.869684920815717e-05,-0.000494084685178152,0.513475188565414,0.50514,0.4968048114345861,0.003292857142857137,235.9,-0.4752475247524669,0.5026,0.0
2024-07-27 21:00:00,0.5026,0.5026,0.5026,0.5026,0,2024-07-27 21:59:59.999,0,0,0,0,0,46.73913043478266,-0.0005222099126428459,-3.348450316204348e-05,-0.0004887254094808024,0.5134324218929639,0.50502,0.4966075781070362,0.003292857142857137,235.9,-0.4752475247524669,0.5026,0.0
2024-07-27 22:00:00,0.5026,0.5026,0.5026,0.5026,0,2024-07-27 22:59:59.999,0,0,0,0,0,46.73913043478266,-0.0006077860705757665,-0.00014834481664478813,-0.00045944125393097834,0.5133818071559977,0.5049,0.4964181928440024,0.003292857142857137,235.9,-0.4752475247524669,0.5026,0.0
2024-07-27 23:00:00,0.5026,0.5026,0.5026,0.5026,0,2024-07-27 23:59:59.999,0,0,0,0,0,46.73913043478266,-0.0006679065809723772,-0.00025225716951030595,-0.00041564941146207126,0.5133235355678989,0.50478,0.4962364644321011,0.0026285714285714246,235.9,-0.4752475247524669,0.5026,0.0
2024-07-28 00:00:00,0.5026,0.5026,0.5026,0.5026,0,2024-07-28 00:59:59.999,0,0,0,0,0,46.73913043478266,-0.0007073980739502606,-0.0003432853503982969,-0.00036411272355196366,0.5132577720492276,0.50466,0.49606222795077237,0.0026285714285714246,235.9,-0.4752475247524669,0.5026,0.0
2024-07-28 01:00:00,0.5026,0.5026,0.5026,0.5026,0,2024-07-28 01:59:59.999,0,0,0,0,0,46.73913043478266,-0.0007302771858394008,-0.0004206837174865177,-0.0003095934683528831,0.5131846576139898,0.5045400000000001,0.49589534238601035,0.0026285714285714246,235.9,-0.4752475247524669,0.5026,0.0
2024-07-28 02:00:00,0.5172,0.5172,0.5027,0.5027,98,2024-07-28 02:59:59.999,49.30810,2,0,0,0,46.88346883468839,-0.0007319029608426897,-0.0004829275661577521,-0.0002489753946849376,0.5131050133397881,0.504425,0.4957449866602119,0.0036714285714285638,240.8,-3.7342014553810725,0.5026200000000001,4.4721358672426965e-05
2024-07-28 03:00:00,0.5165,0.5165,0.5027,0.5027,198,2024-07-28 03:59:59.999,99.57600,2,0,0,0,46.88346883468839,-0.0007248359417045824,-0.0005313092412671183,-0.00019352670043746418,0.5130188339904741,0.50431,0.495601166009526,0.004657142857142844,250.2,0.019896538002385392,0.5026400000000001,5.477225503427783e-05
2024-07-28 04:00:00,0.5027,0.5027,0.5027,0.5027,0,2024-07-28 04:59:59.999,0,0,0,0,0,0.5076142131979253,-0.0007110388646965893,-0.0005672551659530125,-0.00014378369874357675,0.5129261842809163,0.504195,0.4954638157190836,0.003428571428571416,250.2,0.019896538002385392,0.50266,5.4772255034559074e-05
2024-07-28 05:00:00,0.5027,0.5027,0.5027,0.5027,0,2024-07-28 05:59:59.999,0,0,0,0,0,100.0,-0.0006921261819731184,-0.0005922293691570337,-9.989681281608466e-05,0.5128271138097062,0.5040800000000001,0.495332886190294,0.002028571428571419,138.85,0.019896538002385392,0.50268,4.472135867346032e-05
2024-07-28 06:00:00,0.5108,0.5109,0.5108,0.5109,3509,2024-07-28 06:59:59.999,1792.57150,2,3509,1792.57150,0,100.0,-1.529002107047983e-05,-0.00047684149953972294,0.0004615514784692431,0.5136356411054614,0.504375,0.49511435889453853,0.002614285714285704,314.3,1.651412654198164,0.50434,0.003667151483089298
2024-07-28 07:00:00,0.5109,0.5109,0.5109,0.5109,0,2024-07-28 07:59:59.999,0,0,0,0,0,100.0,0.0005151689656319736,-0.0002784394065053836,0.0007936083721373572,0.5143794853243161,0.50467,0.4949605146756838,0.002614285714285704,314.3,1.651412654198164,0.50598,0.004491324971534141
2024-07-28 08:00:00,0.5109,0.5109,0.5109,0.5109,0,2024-07-28 08:59:59.999,0,0,0,0,0,100.0,0.000924899864437112,-3.7771552316884415e-05,0.0009626714167539965,0.515067271761183,0.5049650000000001,0.4948627282388171,0.002614285714285704,314.3,1.651412654198164,0.50762,0.004491324971534344
2024-07-28 09:00:00,0.5109,0.5109,0.5109,0.5109,0,2024-07-28 09:59:59.999,0,0,0,0,0,100.0,0.0012353739319974633,0.0002168575445459852,0.0010185163874514781,0.5157053263283259,0.50526,0.4948146736716742,0.002614285714285704,314.3,1.651412654198164,0.50926,0.0036671514830900432
2024-07-28 10:00:00,0.5109,0.5109,0.5109,0.5109,0,2024-07-28 10:59:59.999,0,0,0,0,0,100.0,0.0014645445099207288,0.00046639493762093404,0.0009981495722997948,0.51204646959887,0.504695,0.49734353040112994,0.002614285714285704,314.0,1.651412654198164,0.5109,0.0
2024-07-28 11:00:00,0.5109,0.5109,0.5109,0.5109,0,2024-07-28 11:59:59.999,0,0,0,0,0,100.0,0.0016274041420838437,0.000698596778513516,0.0009288073635703276,0.5128882151923756,0.5051100000000001,0.4973317848076246,0.002614285714285704,190.25,1.651412654198164,0.5109,0.0
2024-07-28 12:00:00,0.5159,0.5159,0.515,0.515,1801,2024-07-28 12:59:59.999,927.67160,2,0,0,0,100.0,0.0020635203309058436,0.0009715814889919818,0.0010919388419138617,0.5145701238381393,0.50573,0.4968898761618607,0.0029714285714285615,280.3,2.4671707122960536,0.5117200000000001,0.0018335757415310918
2024-07-28 13:00:00,0.515,0.515,0.515,0.515,268,2024-07-28 13:59:59.999,138.02000,2,0,0,0,100.0,0.002381690902422684,0.0012536033716781224,0.0011280875307445616,0.5159707013640794,0.5063500000000001,0.49672929863592075,0.0029714285714285615,293.7,2.4671707122960536,0.5125400000000001,0.0022456624857560303
2024-07-28 14:00:00,0.515,0.515,0.515,0.515,0,2024-07-28 14:59:59.999,0,0,0,0,0,100.0,0.0026038280635549693,0.0015236483100534918,0.0010801797535014775,0.5171548390938875,0.50697,0.49678516090611263,0.0029714285714285615,293.7,2.4467873483190723,0.5133599999999999,0.0022456624857561873
2024-07-28 15:00:00,0.515,0.515,0.515,0.515,0,2024-07-28 15:59:59.999,0,0,0,0,0,100.0,0.0027481938956267493,0.0017685574271681436,0.0009796364684586058,0.5181572582711118,0.5075900000000001,0.49702274172888844,0.0029714285714285615,293.7,2.4467873483190723,0.51418,0.0018335757415316365
2024-07-28 16:00:00,0.515,0.515,0.515,0.515,13923,2024-07-28 16:59:59.999,7170.34500,10,0,0,0,100.0,0.002829982580063284,0.001980842457747172,0.0008491401223161121,0.5189973024773018,0.50821,0.49742269752269835,0.0019285714285714223,989.85,2.4467873483190723,0.515,0.0
2024-07-28 17:00:00,0.515,0.515,0.515,0.515,0,2024-07-28 17:59:59.999,0,0,0,0,0,100.0,0.002861811519948798,0.002157036270187497,0.000704775249761301,0.519684850965059,0.50883,0.497975149034941,0.0009428571428571421,989.85,2.4467873483190723,0.515,0.0
2024-07-28 18:00:00,0.515,0.515,0.515,0.515,0,2024-07-28 18:59:59.999,0,0,0,0,0,100.0,0.0028541354868681923,0.0022964561135236363,0.000557679373344556,0.5202227726968923,0.5094500000000001,0.4986772273031078,0.0009428571428571421,989.85,0.8025053826580528,0.515,0.0
2024-07-28 19:00:00,0.515,0.515,0.515,0.515,0,2024-07-28 19:59:59.999,0,0,0,0,0,100.0,0.0028155957403023235,0.002400284038879374,0.0004153117014229495,0.520607571876509,0.51007,0.49953242812349113,0.0009428571428571421,989.85,0.8025053826580528,0.515,0.0
2024-07-28 20:00:00,0.515,0.515,0.515,0.515,0,2024-07-28 20:59:59.999,0,0,0,0,0,100.0,0.0027533142210235395,0.0024708900753082075,0.00028242414571533203,0.5208285974323227,0.5106900000000001,0.5005514025676775,0.00035714285714285747,989.85,0.8025053826580528,0.515,0.0
2024-07-28 21:00:00,0.515,0.515,0.515,0.515,232,2024-07-28 21:59:59.999,119.48000,1,0,0,0,100.0,0.0026731413586709163,0.0025113403319807492,0.00016180102669016705,0.5208653567230755,0.51131,0.5017546432769245,0.00035714285714285747,1001.45,0.8025053826580528,0.515,0.0
2024-07-28 22:00:00,0.515,0.515,0.515,0.515,0,2024-07-28 22:59:59.999,0,0,0,0,0,100.0,0.0025798647131392016,0.00252504520821244,5.481950492676165e-05,0.5206983747932662,0.511925,0.5031516252067337,0.00035714285714285747,996.55,0.8025053826580528,0.515,0.0
2024-07-28 23:00:00,0.515,0.515,0.515,0.515,4418,2024-07-28 23:59:59.999,2275.27000,4,0,0,0,100.0,0.002477384552530215,0.0025155130770759954,-3.8128524545780196e-05,0.5202506624740962,0.51254,0.5048293375259038,0.00035714285714285747,1207.55,0.8025053826580528,0.515,0.0
2024-07-29 00:00:00,0.515,0.515,0.515,0.515,200,2024-07-29 00:59:59.999,103.00000,1,0,0,0,100.0,0.0023688615258133927,0.002486182766823475,-0.00011732124101008221,0.5193800681670302,0.513155,0.5069299318329699,0.00035714285714285747,1217.55,0.0,0.515,0.0
2024-07-29 01:00:00,0.515,0.515,0.515,0.515,7728,2024-07-29 01:59:59.999,3979.92000,7,0,0,0,100.0,0.002256840789487513,0.002440314371356283,-0.00018347358186876972,0.5176253312370445,0.51377,0.5099146687629554,0.00035714285714285747,1603.95,0.0,0.515,0.0
2024-07-29 07:00:00,0.5194,0.5194,0.5194,0.5194,776,2024-07-29 07:59:59.999,403.05440,1,0,0,0,100.0,0.0019502932744840384,0.002036776884275529,-8.648360979149035e-05,0.5171877398201907,0.51522,0.5132522601798093,0.0003142857142857114,1782.85,0.854368932038827,0.51588,0.0019677398201831246
2024-07-29 08:00:00,0.5194,0.5194,0.5194,0.5194,0,2024-07-29 08:59:59.999,0,0,0,0,0,100.0,0.002122529870268952,0.0020539274814742135,6.860238879473866e-05,0.5181485828494984,0.5154400000000001,0.5127314171505019,0.0003142857142857114,1692.8,0.854368932038827,0.51676,0.0024099792530091874
2024-07-29 09:00:00,0.515,0.515,0.515,0.515,7117,2024-07-29 09:59:59.999,3665.25500,1,0,0,0,50.0,0.001882287546507544,0.0020195994944808794,-0.00013731194797333545,0.5181485828494983,0.51544,0.5127314171505017,0.0006285714285714228,2035.25,0.0,0.51676,0.0024099792530091874
2024-07-29 10:00:00,0.515,0.515,0.515,0.515,0,2024-07-29 10:59:59.999,0,0,0,0,0,50.0,0.0016726129333440864,0.0019502021822535207,-0.00027758924890943426,0.5181485828494983,0.51544,0.5127314171505017,0.0006285714285714228,2035.25,0.0,0.51676,0.0024099792530091874
2024-07-29 11:00:00,0.515,0.515,0.515,0.515,0,2024-07-29 11:59:59.999,0,0,0,0,0,50.0,0.001489276835471287,0.0018580171128970743,-0.0003687402774257872,0.5181485828494984,0.5154400000000001,0.5127314171505019,0.0006285714285714228,2035.25,0.0,0.51676,0.0024099792530091874
2024-07-29 12:00:00,0.5219,0.5219,0.5219,0.5219,13,2024-07-29 12:59:59.999,6.78470,1,13,6.78470,0,71.97452229299378,0.001879092977189467,0.001862232285755553,1.6860691433914082e-05,0.5197321642052393,0.5157849999999999,0.5118378357947606,0.0011214285714285668,1339.75,1.3398058252427216,0.51726,0.0032183846879972272
2024-07-29 13:00:00,0.5219,0.5219,0.5219,0.5219,0,2024-07-29 13:59:59.999,0,0,0,0,0,71.97452229299378,0.0021630903192514372,0.00192240389245473,0.0002406864267967073,0.5209071826094651,0.51613,0.5113528173905348,0.0011214285714285668,1339.75,1.3398058252427216,0.51776,0.0037792856467771005
2024-07-29 14:00:00,0.5219,0.5219,0.5219,0.5219,0,2024-07-29 14:59:59.999,0,0,0,0,0,71.97452229299378,0.0023609447573996745,0.002010112065443719,0.00035083269195595535,0.5218657816052735,0.516475,0.5110842183947265,0.0011214285714285668,1339.75,1.3398058252427216,0.51914,0.0037792856467772015
2024-07-29 15:00:00,0.5219,0.5219,0.5219,0.5219,0,2024-07-29 15:59:59.999,0,0,0,0,0,71.97452229299378,0.002489053564981303,0.0021059003653512358,0.00038315319963006704,0.5226763865273615,0.5168200000000001,0.5109636134726386,0.0011214285714285668,1339.75,1.3398058252427216,0.5205200000000001,0.0030857738089394597
2024-07-29 16:00:00,0.515,0.515,0.515,0.515,4542,2024-07-29 16:59:59.999,2339.13000,5,0,0,0,50.0,0.002010631080152314,0.0020868465083114514,-7.621542815913719e-05,0.5226763865273614,0.51682,0.5109636134726385,0.001614285714285711,1566.85,0.0,0.5205200000000001,0.0030857738089394597
2024-07-29 17:00:00,0.515,0.515,0.515,0.515,0,2024-07-29 17:59:59.999,0,0,0,0,0,50.0,0.0016128854743159282,0.001992054301512347,-0.0003791688271964186,0.5226763865273614,0.51682,0.5109636134726385,0.001614285714285711,1555.25,0.0,0.5191399999999999,0.0037792856467772015
2024-07-29 18:00:00,0.515,0.515,0.515,0.515,0,2024-07-29 18:59:59.999,0,0,0,0,0,50.0,0.001282880962913513,0.00185021963379258,-0.0005673386708790671,0.5226763865273615,0.5168200000000001,0.5109636134726386,0.001614285714285711,1555.25,0.0,0.51776,0.0037792856467771
2024-07-29 19:00:00,0.5189,0.5189,0.5189,0.5189,174,2024-07-29 19:59:59.999,90.28860,1,0,0,0,57.35849056603777,0.0013208218048299525,0.0017443400680000546,-0.00042351826317010214,0.5228759411854167,0.517015,0.5111540588145833,0.0018928571428571406,1343.05,-0.09626492106275414,0.51716,0.0031421330334559373
2024-07-29 20:00:00,0.5189,0.5189,0.5189,0.5189,0,2024-07-29 20:59:59.999,0,0,0,0,0,57.35849056603777,0.0013354954353361759,0.001662571141467279,-0.00032707570613110305,0.5230481323617788,0.51721,0.5113718676382211,0.0018928571428571406,1333.05,-0.09626492106275414,0.51656,0.0021361179742548334
2024-07-29 21:00:00,0.5189,0.5189,0.5189,0.5189,0,2024-07-29 21:59:59.999,0,0,0,0,0,48.86877828054311,0.0013317725482930864,0.0015964114228324406,-0.0002646388745393541,0.52319263655062,0.517405,0.51161736344938,0.0015785714285714292,946.65,0.757281553398061,0.51734,0.0021361179742549904
2024-07-29 22:00:00,0.5189,0.5189,0.5189,0.5189,0,2024-07-29 22:59:59.999,0,0,0,0,0,48.86877828054311,0.0013136788613129502,0.0015398649105285427,-0.0002261860492155925,0.5233087190931222,0.5176000000000001,0.511891280906878,0.0015785714285714292,741.5,0.757281553398061,0.5181199999999999,0.001744133022431449
2024-07-29 23:00:00,0.5191,0.5191,0.515,0.515,884,2024-07-29 23:59:59.999,455.97340,2,0,0,0,50.0,0.0009734210853449277,0.00142657614549182,-0.00045315506014689225,0.5233087190931222,0.5176000000000001,0.511891280906878,0.00155714285714286,785.7,0.0,0.51812,0.001744133022431449
2024-07-30 00:00:00,0.515,0.515,0.515,0.515,0,2024-07-30 00:59:59.999,0,0,0,0,0,50.0,0.000695744239952889,0.0012804097643840339,-0.0005846655244311448,0.5233087190931222,0.5176000000000001,0.511891280906878,0.00155714285714286,785.7,-1.3220923548572556,0.51734,0.0021361179742549904
2024-07-30 01:00:00,0.515,0.515,0.515,0.515,0,2024-07-30 01:59:59.999,0,0,0,0,0,50.0,0.0004702624466691452,0.0011183803008410563,-0.0006481178541719111,0.5233087190931222,0.5176000000000001,0.511891280906878,0.00155714285714286,785.7,-1.3220923548572556,0.5165599999999999,0.0021361179742548334
2024-07-30 02:00:00,0.515,0.515,0.515,0.515,0,2024-07-30 02:59:59.999,0,0,0,0,0,26.53061224489798,0.00028824380581538023,0.000952353001835921,-0.0006641091960205408,0.5233087190931222,0.5176000000000001,0.511891280906878,0.001064285714285716,675.3,-1.3220923548572556,0.51578,0.0017441330224308965
2024-07-30 03:00:00,0.515,0.515,0.515,0.515,0,2024-07-30 03:59:59.999,0,0,0,0,0,26.53061224489798,0.0001423517788692319,0.0007903527572425832,-0.0006480009783733513,0.5231355831018301,0.51738,0.5116244168981698,0.001064285714285716,636.5,-1.3220923548572556,0.515,0.0
2024-07-30 04:00:00,0.515,0.515,0.515,0.515,0,2024-07-30 04:59:59.999,0,0,0,0,0,26.53061224489798,2.642666626051504e-05,0.0006375675390461696,-0.0006111408727856545,0.5229268380463299,0.51716,0.51139316195367,0.001064285714285716,636.5,0.0,0.515,0.0
2024-07-30 05:00:00,0.515,0.515,0.515,0.515,0,2024-07-30 05:59:59.999,0,0,0,0,0,26.53061224489798,-6.469901075489837e-05,0.000497114229085956,-0.0005618132398408544,0.52292683804633,0.5171600000000001,0.5113931619536701,0.001064285714285716,280.65,0.0,0.515,0.0
2024-07-30 06:00:00,0.515,0.515,0.515,0.515,0,2024-07-30 06:59:59.999,0,0,0,0,0,50.0,-0.00013535646128548517,0.00037062009101166776,-0.0005059765522971529,0.52292683804633,0.5171600000000001,0.5113931619536701,0.0005714285714285719,280.65,0.0,0.515,0.0
2024-07-30 07:00:00,0.5212,0.5212,0.5027,0.5027,28771,2024-07-30 07:59:59.999,14488.24920,3,0,0,0,19.40298507462694,-0.0011703689201195688,6.242228878542037e-05,-0.0012327912089049892,0.5251879709804202,0.516545,0.5079020290195798,0.0018928571428571406,1719.2,-3.1219888225091523,0.5125400000000001,0.0055007272246432055
2024-07-30 08:00:00,0.5027,0.5027,0.5027,0.5027,0,2024-07-30 08:59:59.999,0,0,0,0,0,19.40298507462694,-0.0019679385796605997,-0.0003436498849037838,-0.0016242886947568159,0.5258386822654092,0.5155850000000001,0.505331317734591,0.0018928571428571406,1718.55,-3.1219888225091523,0.5100800000000001,0.006736987457308238
2024-07-30 09:00:00,0.5255,0.5255,0.5255,0.5255,618,2024-07-30 09:59:59.999,324.75900,2,570,299.53500,0,58.4615384615384,-0.0007515850242620914,-0.00042523691277544535,-0.00032634811148664605,0.5265956145036319,0.515765,0.5049343854963682,0.0032428571428571346,1749.45,1.271921372133347,0.5121800000000001,0.009657484144430685
2024-07-30 10:00:00,0.5322,0.5322,0.5322,0.5322,190,2024-07-30 10:59:59.999,101.11800,1,190,101.11800,0,64.55142231947482,0.0007444365365116834,-0.00019130222291801954,0.0009357387594297029,0.5291301648566106,0.51628,0.5034298351433893,0.003721428571428566,1758.95,2.5631142802081284,0.51562,0.013292366230281695
2024-07-30 11:00:00,0.5322,0.5322,0.5322,0.5322,0,2024-07-30 11:59:59.999,0,0,0,0,0,64.55142231947482,0.0019080495936819597,0.0002285681404019764,0.0016794814532799832,0.5313111217091084,0.516795,0.5022788782908916,0.003721428571428566,1758.95,3.339805825242717,0.51906,0.015182983896452515
2024-07-30 12:00:00,0.5255,0.5255,0.5255,0.5255,5660,2024-07-30 12:59:59.999,2974.33000,6,0,0,0,56.297709923664065,0.0022634951559243888,0.0006355535435064591,0.0016279416124179297,0.5323143989542751,0.51732,0.5023256010457249,0.004199999999999997,1814.85,2.038834951456302,0.52362,0.012164990752151881
2024-07-30 13:00:00,0.5255,0.5255,0.5255,0.5255,0,2024-07-30 13:59:59.999,0,0,0,0,0,60.82474226804119,0.0025161833296935,0.0010116795007438675,0.0015045038289496324,0.5332276251951578,0.517845,0.5024623748048422,0.003907142857142855,1814.85,2.038834951456302,0.52818,0.0036697411352771426
2024-07-30 14:00:00,0.5255,0.5255,0.5255,0.5255,0,2024-07-30 14:59:59.999,0,0,0,0,0,60.82474226804119,0.002685483940712774,0.001346440388737649,0.001339043551975125,0.5340574874711619,0.51837,0.5026825125288381,0.003907142857142855,1814.85,2.038834951456302,0.5281800000000001,0.0036697411352771426
2024-07-30 15:00:00,0.5255,0.5255,0.5255,0.5255,0,2024-07-30 15:59:59.999,0,0,0,0,0,60.82474226804119,0.0027875230639817783,0.0016346569237864752,0.001152866140195303,0.5347088133621178,0.5186999999999999,0.502691186637882,0.003907142857142855,1806.15,2.038834951456302,0.52684,0.002996331089840362
2024-07-30 16:00:00,0.5255,0.5255,0.5255,0.5255,0,2024-07-30 16:59:59.999,0,0,0,0,0,60.82474226804119,0.0028357016014264325,0.0018748658593144667,0.0009608357421119658,0.5353257017258175,0.5190300000000001,0.5027342982741827,0.003907142857142855,1806.15,2.038834951456302,0.5255,0.0
2024-07-30 17:00:00,0.5255,0.5255,0.5255,0.5255,0,2024-07-30 17:59:59.999,0,0,0,0,0,60.82474226804119,0.0028411326310320284,0.002068119213657979,0.0007730134173740493,0.5359099435521368,0.51936,0.5028100564478633,0.003907142857142855,1806.15,2.038834951456302,0.5255,0.0
2024-07-30 18:00:00,0.5255,0.5255,0.5255,0.5255,0,2024-07-30 18:59:59.999,0,0,0,0,0,60.82474226804119,0.002813010131366589,0.002217097397199701,0.000595912734166888,0.53646302345403,0.51969,0.50291697654597,0.003907142857142855,1806.15,2.038834951456302,0.5255,0.0
2024-07-30 19:00:00,0.5045,0.5045,0.5027,0.5027,59810,2024-07-30 19:59:59.999,30068.81800,10,0,0,0,41.374474053295934,0.000940116319590234,0.0019617011816778075,-0.0010215848620875735,0.5374020722961234,0.519075,0.5007479277038765,0.005535714285714278,4752.45,0.0,0.52094,0.010196469977396
2024-07-30 20:00:00,0.506,0.5069,0.5053,0.5053,19165,2024-07-30 20:59:59.999,9707.51810,15,0,0,0,43.43707713125842,-0.00033055679584237385,0.001503249586173771,-0.001833806382016145,0.5378602552355196,0.51859,0.4993197447644804,0.005835714285714277,5710.7,0.5172070817584912,0.5169,0.011811858448183969
2024-07-30 21:00:00,0.5044,0.5545,0.4565,0.4565,114430519,2024-07-30 21:59:59.999,57831825.96000,58,49815122,27622308.17000,0,29.076086956521706,-0.0052152088743626646,0.00015955789406648367,-0.005374766768429148,0.5494913226683469,0.515665,0.48183867733165314,0.011514285714285708,5727236.65,-13.130352045670781,0.5031000000000001,0.028196099020962515
2024-07-30 22:00:00,0.4565,0.4565,0.4565,0.4565,0,2024-07-30 22:59:59.999,0,0,0,0,0,29.076086956521706,-0.00898278290882304,-0.0016689102665114217,-0.007313872642311618,0.5556940464364315,0.51274,0.46978595356356845,0.011514285714285708,5727236.65,-14.223975948891393,0.48929999999999996,0.031215701177450948
2024-07-30 23:00:00,0.505,0.505,0.5048,0.505,8620,2024-07-30 23:59:59.999,4352.36830,8,8620,4352.36830,0,42.46877296105806,-0.007963272161932267,-0.002927782645595591,-0.0050354895163366754,0.5553159134063276,0.51224,0.4691640865936725,0.013349999999999997,5727667.65,-5.110860578729802,0.4852,0.026218695619727346
2024-07-31 00:00:00,0.5038,0.5047,0.5035,0.5035,19,2024-07-31 00:59:59.999,9.57690,4,0,0,0,39.03743315508018,-0.007193418760101267,-0.003780909868496727,-0.0034125088916045396,0.5548925387370495,0.511665,0.46843746126295055,0.012978571428571426,5727668.6,-4.186489058039966,0.48536,0.02635427859001094
2024-07-31 01:00:00,0.5083,0.5086,0.507,0.5076,2874,2024-07-31 01:59:59.999,1461.23880,10,0,0,0,40.888888888888914,-0.006181215453708311,-0.004260970985539045,-0.0019202444681692661,0.5545290253431064,0.5112949999999999,0.46806097465689345,0.013342857142857148,5727812.3,-3.406279733587044,0.48582000000000003,0.02680554047207238
2024-07-31 02:00:00,0.5076,0.5076,0.5076,0.5076,0,2024-07-31 02:59:59.999,0,0,0,0,0,43.02416212003121,-0.005317737473443551,-0.0044723242831199465,-0.0008454131903236047,0.5541521783415061,0.510925,0.46769782165849383,0.012864285714285717,5727812.3,-3.406279733587044,0.49604,0.022173249649068548
2024-07-31 03:00:00,0.5095,0.5095,0.5095,0.5095,3,2024-07-31 03:59:59.999,1.52850,1,0,0,0,43.85560675883255,-0.004429055437926155,-0.0044636705140811885,3.461507615503366e-05,0.5543264383606049,0.5112650000000001,0.4682035616393953,0.012999999999999996,5726373.9,-3.044719314938157,0.50664,0.0023754999473640627
2024-07-31 04:00:00,0.5097,0.5097,0.5097,0.5097,255,2024-07-31 04:59:59.999,129.97350,1,0,0,0,43.94171779141107,-0.003666366601689952,-0.004304209731602941,0.0006378431299129891,0.5544967357759436,0.5116149999999999,0.4687332642240562,0.013014285714285716,5726386.65,-3.006660323501413,0.50758,0.002491385156881111
2024-07-31 05:00:00,0.5104,0.514,0.5104,0.514,1351,2024-07-31 05:59:59.999,690.25240,2,0,0,0,45.73125463994063,-0.002684016469576722,-0.003980171079197697,0.0012961546096209751,0.5534435450355145,0.51104,0.4686364549644856,0.013321428571428571,5726423.3,-2.1883920076117898,0.50968,0.0026147657638742818
2024-07-31 06:00:00,0.5139,0.5676,0.5139,0.5676,10714712,2024-07-31 06:59:59.999,6081666.87960,7,10714644,6081631.93440,0,61.17896972915562,0.00239200162788622,-0.0027057365377809134,0.005097738165667134,0.5614318880752276,0.51281,0.4641881119247724,0.017157142857142853,6262149.4,8.011417697431025,0.52168,0.025776675503251783
2024-07-31 07:00:00,0.5676,0.5676,0.5676,0.5676,0,2024-07-31 07:59:59.999,0,0,0,0,0,61.17896972915562,0.006341679605922579,-0.0008962533090402146,0.007237932914962794,0.5684662974477885,0.5145799999999999,0.46069370255221137,0.017157142857142853,6262149.4,12.910284463894959,0.53368,0.03101672129674498
2024-07-31 08:00:00,0.5676,0.5676,0.5676,0.5676,0,2024-07-31 08:59:59.999,0,0,0,0,0,61.17896972915562,0.00936388680118272,0.0011557747130043728,0.008208112088178347,0.5754369056801787,0.5166850000000001,0.45793309431982143,0.017157142857142853,6261866.4,12.329309321195336,0.5453,0.030573354411970618
2024-07-31 09:00:00,0.5149,0.5149,0.4646,0.4646,9874010,2024-07-31 09:59:59.999,4587465.34780,4,0,0,0,42.90502793296089,0.003408477774093699,0.0016063153252222383,0.0018021624488714606,0.5766281993960602,0.5136399999999999,0.4506518006039395,0.022885714285714287,6755566.9,1.7743702081051467,0.53628,0.04630671657545971
2024-07-31 10:00:00,0.4646,0.4646,0.4646,0.4646,0,2024-07-31 10:59:59.999,0,0,0,0,0,42.34674689732983,-0.0012962840308802237,0.0010257954540017458,-0.0023220794848819695,0.5769663785809576,0.510595,0.4442236214190424,0.02258571428571429,6755566.9,1.7743702081051467,0.5264,0.05641542342303163
2024-07-31 11:00:00,0.4646,0.4646,0.4646,0.4646,0,2024-07-31 11:59:59.999,0,0,0,0,0,51.86549976969138,-0.0049675785045106835,-0.00017287933770074044,-0.004794699166809943,0.5765769970068916,0.50755,0.4385230029931083,0.01558571428571429,6755566.9,-7.999999999999999,0.5058,0.05641542342303147
2024-07-31 12:00:00,0.4646,0.4646,0.4646,0.4646,0,2024-07-31 12:59:59.999,0,0,0,0,0,51.86549976969138,-0.007787338237360664,-0.0016957711176327258,-0.006091567119727938,0.5755416984474626,0.504505,0.4334683015525374,0.01558571428571429,6755566.9,-7.725918570009918,0.4852,0.04606300033649472
2024-07-31 13:00:00,0.5148,0.5148,0.51,0.51,3336,2024-07-31 13:59:59.999,1701.56640,3,0,0,0,51.16822429906542,-0.006286154686318768,-0.0026138478313699346,-0.0036723068549488333,0.574137687977349,0.50373,0.43332231202265103,0.015707142857142864,6755733.7,0.47281323877067727,0.47368,0.020303497235695717
2024-07-31 14:00:00,0.51,0.51,0.51,0.51,0,2024-07-31 14:59:59.999,0,0,0,0,0,51.5294117647059,-0.005038376637082731,-0.0030987535925124945,-0.0019396230445702365,0.572691752373328,0.5029549999999999,0.4332182476266718,0.015600000000000003,6755733.7,0.47281323877067727,0.48276,0.02486660411073273
2024-07-31 15:00:00,0.515,0.515,0.515,0.515,11040,2024-07-31 15:59:59.999,5685.60000,11,0,0,0,51.73383317713214,-0.003604494955919746,-0.003199901865193945,-0.00040459309072580097,0.573513920393412,0.5035700000000001,0.43362607960658817,0.01559285714285714,6753295.2,1.0794896957801887,0.49284,0.02586016241248142
2024-07-31 16:00:00,0.515,0.515,0.515,0.515,36733,2024-07-31 16:59:59.999,18917.49500,34,0,0,0,51.73383317713214,-0.002440006516764459,-0.003047922795508048,0.000607916278743589,0.5741837079890288,0.504055,0.43392629201097127,0.01559285714285714,6754173.6,1.0398273494212225,0.50292,0.02156691911237959
2024-07-31 17:00:00,0.515,0.515,0.515,0.515,0,2024-07-31 17:59:59.999,0,0,0,0,0,51.3002364066194,-0.001499851682477349,-0.0027383085729019087,0.0012384568904245598,0.5735467405493793,0.50698,0.44041325945062076,0.01545714285714286,1032647.65,0.19455252918287955,0.5130000000000001,0.002738612787513397
2024-07-31 18:00:00,0.515,0.515,0.515,0.515,22,2024-07-31 18:59:59.999,11.33000,2,0,0,0,51.25414103170847,-0.0007461708102298736,-0.0023398810203675018,0.0015937102101376281,0.5721318337785655,0.509905,0.4476781662214346,0.015442857142857138,1032648.75,-9.267089499647636,0.514,0.0022360679774847472
2024-07-31 19:00:00,0.515,0.515,0.51,0.51,183729,2024-07-31 19:59:59.999,94077.79100,52,0,0,0,49.056603773584904,-0.0005460371261587493,-0.0019811122415257514,0.001435075115367002,0.57233902147108,0.5101549999999999,0.44797097852891987,0.015492857142857142,1041404.2,-10.147991543340378,0.514,0.0022360679774847472
2024-07-31 20:00:00,0.51,0.51,0.4955,0.4955,37174,2024-07-31 20:59:59.999,18887.49570,34,4954,2455.29570,0,29.14979757085021,-0.0015397097426140816,-0.0018928317417434173,0.00035312199912933577,0.5722215459940039,0.509755,0.44728845400599604,0.012692857142857145,1043261.95,-12.70260747004933,0.5101,0.008443932733029649
2024-07-31 21:00:00,0.4955,0.4955,0.4955,0.4955,0,2024-07-31 21:59:59.999,0,0,0,0,0,29.14979757085021,-0.002300681624536338,-0.001974401718302002,-0.00032627990623433634,0.5719379807472397,0.50915,0.4463620192527603,0.012692857142857145,1043118.25,6.6508824795522985,0.5062,0.009978727373764953
2024-07-31 22:00:00,0.4955,0.4955,0.4955,0.4955,0,2024-07-31 22:59:59.999,0,0,0,0,0,29.14979757085021,-0.002870666071916772,-0.002153654589024956,-0.000717011482891816,0.5716283525458263,0.508545,0.44546164745417377,0.012692857142857145,1043118.25,6.6508824795522985,0.5023000000000001,0.009477605182741182
2024-07-31 23:00:00,0.4955,0.4955,0.4955,0.4955,0,2024-07-31 23:59:59.999,0,0,0,0,0,72.10300429184548,-0.0032845209401274333,-0.002379827859245452,-0.0009046930808819815,0.5711938744551692,0.507845,0.44449612554483076,0.005335714285714289,1043118.1,6.6508824795522985,0.4984,0.0064845971347431315
2024-08-01 00:00:00,0.4955,0.4955,0.4955,0.4955,0,2024-08-01 00:59:59.999,0,0,0,0,0,72.10300429184548,-0.0035713357691798953,-0.002618129441232341,-0.0009532063279475544,0.5707142178889327,0.5071350000000001,0.4435557821110675,0.005335714285714289,1043105.35,6.6508824795522985,0.4955,0.0
2024-08-01 01:00:00,0.4955,0.4955,0.4955,0.4955,0,2024-08-01 01:59:59.999,0,0,0,0,0,72.10300429184548,-0.003755349258959706,-0.0028455734047778142,-0.0009097758541818917,0.5699068775571163,0.50621,0.44251312244288377,0.005335714285714289,1043037.8,-2.843137254901963,0.4955,0.0
2024-08-01 02:00:00,0.4955,0.4955,0.4955,0.4955,0,2024-08-01 02:59:59.999,0,0,0,0,0,72.10300429184548,-0.003856723369083992,-0.00304780339763905,-0.0008089199714449418,0.5594671407672234,0.5026050000000001,0.44574285923277673,0.005335714285714289,507302.2,-2.843137254901963,0.4955,0.0
2024-08-01 03:00:00,0.4955,0.4955,0.4955,0.4955,0,2024-08-01 03:59:59.999,0,0,0,0,0,20.408163265306115,-0.0038921962659723697,-0.0032166819713057146,-0.0006755142946666551,0.5469569982819031,0.499,0.4510430017180968,0.0017500000000000016,507302.2,-3.786407766990295,0.4955,0.0
2024-08-01 04:00:00,0.4932,0.4932,0.4857,0.4864,23131,2024-08-01 04:59:59.999,11347.43360,8,0,0,0,14.88095238095238,-0.004601558834577468,-0.003493657343960066,-0.0011079014906174023,0.5306214207883265,0.49494,0.4592585792116735,0.00245,508458.75,-5.55339805825243,0.49368,0.00406964371903907
2024-08-01 05:00:00,0.4864,0.4864,0.4864,0.4864,0,2024-08-01 05:59:59.999,0,0,0,0,0,0.0,-0.005104887811865466,-0.003815903437541146,-0.0012889843743243202,0.5290409455531908,0.49603,0.4630190544468093,0.0020928571428571424,14758.25,-5.55339805825243,0.49185999999999996,0.004984275273288229
2024-08-01 06:00:00,0.4864,0.4864,0.4864,0.4864,0,2024-08-01 06:59:59.999,0,0,0,0,0,0.0,-0.005441058517012876,-0.004140934453435492,-0.0013001240635773835,0.5270578725116908,0.49711999999999995,0.4671821274883091,0.0020928571428571424,14758.25,-5.55339805825243,0.49004000000000003,0.004984275273288066
2024-08-01 07:00:00,0.4864,0.4864,0.4864,0.4864,0,2024-08-01 07:59:59.999,0,0,0,0,0,0.0,-0.005642433758743626,-0.004441234314497119,-0.0012011994442465068,0.5245315661028215,0.49821,0.4718884338971785,0.0020928571428571424,14758.25,-4.627450980392159,0.48822,0.004069643719038453
2024-08-01 08:00:00,0.4864,0.4864,0.4864,0.4864,0,2024-08-01 08:59:59.999,0,0,0,0,0,0.0,-0.005735905144615305,-0.004700168480520756,-0.001035736664094549,0.5211944838042045,0.4993,0.4774055161957956,0.0020928571428571424,14758.25,-1.8365287588294648,0.4864,0.0
2024-08-01 09:00:00,0.4864,0.4864,0.4864,0.4864,0,2024-08-01 09:59:59.999,0,0,0,0,0,0.0,-0.005743771271499221,-0.00490888903871645,-0.0008348822327827708,0.5201299116428543,0.49812,0.4761100883571457,0.0017357142857142849,14591.45,-1.8365287588294648,0.4864,0.0
2024-08-01 10:00:00,0.4864,0.4864,0.4864,0.4864,0,2024-08-01 10:59:59.999,0,0,0,0,0,0.0,-0.005684478108556434,-0.005064006852684447,-0.0006204712558719877,0.5187981455369783,0.49694000000000005,0.47508185446302176,0.0006999999999999983,14591.45,-1.8365287588294648,0.4864,0.0
2024-08-01 11:00:00,0.4864,0.4864,0.4864,0.4864,0,2024-08-01 11:59:59.999,0,0,0,0,0,0.0,-0.005573242973959558,-0.00516585407693947,-0.00040738889702008826,0.5160985916289359,0.49551,0.4749214083710641,0.0006999999999999983,14039.45,-1.8365287588294648,0.4864,0.0
2024-08-01 12:00:00,0.4864,0.4864,0.4864,0.4864,0,2024-08-01 12:59:59.999,0,0,0,0,0,0.0,-0.0054225801992872635,-0.005217199301409029,-0.00020538089787823424,0.5128624778366471,0.49407999999999996,0.47529752216335286,0.0006999999999999983,12202.8,-1.8365287588294648,0.4864,0.0
2024-08-01 13:00:00,0.4992,0.4999,0.4992,0.4992,5943,2024-08-01 13:59:59.999,2966.74770,18,5926,2958.25920,0,58.447488584474854,-0.0042216611570308205,-0.005018091672533388,0.0007964305155025676,0.509523804885256,0.49329,0.47705619511474406,0.0016642857142857134,12499.95,0.7467204843592293,0.48895999999999995,0.005724334022391574
2024-08-01 14:00:00,0.4992,0.4992,0.4992,0.4992,14495,2024-08-01 14:59:59.999,7235.90400,14,14495,7235.90400,0,58.447488584474854,-0.003232660070852378,-0.0046610053521971865,0.0014283452813448087,0.5055013764453464,0.4925,0.47949862355465356,0.0016642857142857134,13223.6,0.7467204843592293,0.49151999999999996,0.00701084873605985
2024-08-01 15:00:00,0.4992,0.4992,0.4992,0.4992,0,2024-08-01 15:59:59.999,0,0,0,0,0,58.447488584474854,-0.0024209622389934626,-0.004212996729556442,0.0017920344905629796,0.5025800208147247,0.49196,0.48133997918527527,0.0016642857142857134,4037.15,0.7467204843592293,0.49408,0.0070108487360600194
2024-08-01 16:00:00,0.4881,0.4881,0.4881,0.4881,14,2024-08-01 16:59:59.999,6.83340,1,0,0,0,38.78787878787875,-0.002642897416437473,-0.0038989768669326482,0.0012560794504951752,0.5022063528279888,0.4915900000000001,0.48097364717201135,0.002457142857142856,2179.15,0.3495065789473642,0.49441999999999997,0.006572822833449473
2024-08-01 17:00:00,0.505,0.505,0.505,0.505,15,2024-08-01 17:59:59.999,7.57500,1,0,0,0,59.51903807615231,-0.001438511616241811,-0.0034068838167944813,0.0019683722005526703,0.5041644606230338,0.49206500000000003,0.47996553937696623,0.003664285714285715,2179.9,3.824013157894738,0.49813999999999997,0.00614882102519809
2024-08-01 18:00:00,0.505,0.505,0.505,0.505,0,2024-08-01 18:59:59.999,0,0,0,0,0,72.79411764705883,-0.00047851121305442224,-0.0028212092960464693,0.002342698082992047,0.5058886683743491,0.4925400000000001,0.47919133162565103,0.002964285714285717,2179.9,3.824013157894738,0.4993,0.006899999999994142
2024-08-01 19:00:00,0.505,0.505,0.505,0.505,0,2024-08-01 19:59:59.999,0,0,0,0,0,72.79411764705883,0.000279078974206981,-0.002201151641995779,0.00248023061620276,0.5074398725252026,0.4930149999999999,0.47859012747479723,0.002964285714285717,2179.9,3.824013157894738,0.50046,0.007351734489215461
2024-08-01 20:00:00,0.505,0.505,0.505,0.505,0,2024-08-01 20:59:59.999,0,0,0,0,0,72.79411764705883,0.0008694521525547394,-0.0015870308830856752,0.002456483035640415,0.5088544702924751,0.49349,0.4781255297075249,0.002964285714285717,2179.9,3.824013157894738,0.50162,0.007557909763944059
2024-08-01 21:00:00,0.505,0.505,0.505,0.505,183,2024-08-01 21:59:59.999,92.41500,1,0,0,0,72.79411764705883,0.0013220869543650315,-0.0010052073155955338,0.0023272942699605653,0.5101562614508057,0.49396499999999993,0.47777373854919414,0.002964285714285717,2189.05,3.824013157894738,0.505,0.0
2024-08-01 22:00:00,0.505,0.505,0.505,0.505,0,2024-08-01 22:59:59.999,0,0,0,0,0,72.79411764705883,0.0016616488423432663,-0.0004718360840077736,0.00213348492635104,0.5113617891302412,0.49444,0.4775182108697587,0.002964285714285717,2189.05,3.824013157894738,0.505,0.0
2024-08-01 23:00:00,0.505,0.505,0.505,0.505,0,2024-08-01 23:59:59.999,0,0,0,0,0,72.79411764705883,0.00190875118942202,4.28137067818523e-06,0.0019044698187438347,0.5124830661248855,0.49491499999999994,0.47734693387511434,0.002964285714285717,2189.05,3.824013157894738,0.505,0.0
2024-08-02 00:00:00,0.4919,0.4919,0.4919,0.4919,4513,2024-08-02 00:59:59.999,2219.94470,1,4513,2219.94470,0,55.102040816326536,0.0010355834990771196,0.00021054179635797215,0.0008250417027191474,0.5123646324560363,0.49519,0.47801536754396384,0.003900000000000003,1258.15,1.1307565789473695,0.5023799999999999,0.005858498101042724
2024-08-02 01:00:00,0.4919,0.4919,0.4919,0.4919,0,2024-08-02 01:59:59.999,0,0,0,0,0,55.102040816326536,0.00033967623742142683,0.00023636868457066308,0.00010330755285076375,0.5122179761692138,0.495465,0.4787120238307861,0.003900000000000003,1258.15,-1.4623397435897383,0.49976000000000004,0.007175165503312052
2024-08-02 02:00:00,0.4919,0.4919,0.4919,0.4919,0,2024-08-02 02:59:59.999,0,0,0,0,0,55.102040816326536,-0.00020942120390332608,0.00014721070687586524,-0.0003566319107791913,0.5120409073044203,0.49574000000000007,0.4794390926955798,0.003900000000000003,1258.15,-1.4623397435897383,0.49714,0.007175165503311911
2024-08-02 03:00:00,0.4919,0.4919,0.4919,0.4919,0,2024-08-02 03:59:59.999,0,0,0,0,0,41.11922141119225,-0.0006372391855234971,-9.679271604007282e-06,-0.0006275599139194899,0.5118308181977124,0.496015,0.48019918180228754,0.0029357142857142876,1258.15,-1.4623397435897383,0.49451999999999996,0.005858498101042207
2024-08-02 04:00:00,0.4862,0.4862,0.4862,0.4862,1586,2024-08-02 04:59:59.999,771.11320,1,0,0,0,36.11111111111116,-0.0014198630835389747,-0.00029171603399100085,-0.001128147049547974,0.511846647309343,0.496005,0.48016335269065685,0.0033428571428571435,1337.45,-0.389264494980528,0.49076000000000003,0.0025491174943325285
2024-08-02 05:00:00,0.4862,0.4862,0.4862,0.4862,0,2024-08-02 05:59:59.999,0,0,0,0,0,36.11111111111116,-0.002016849179322877,-0.0006367426630573763,-0.0013801065162655007,0.5118624078405668,0.495995,0.48012759215943324,0.0033428571428571435,1337.45,-3.722772277227719,0.48962000000000006,0.003122018577765224
2024-08-02 06:00:00,0.4812,0.4812,0.481,0.481,4690,2024-08-02 06:59:59.999,2256.18060,3,0,0,0,41.320293398533025,-0.0028764041070244994,-0.001084674951850801,-0.0017917291551736985,0.5124409394464948,0.495725,0.47900906055350523,0.002921428571428575,1571.95,-4.752475247524757,0.48744,0.0045916228067982056
2024-08-02 07:00:00,0.481,0.481,0.481,0.481,0,2024-08-02 07:59:59.999,0,0,0,0,0,0.0,-0.003517065043462886,-0.001571152970173218,-0.001945912073289668,0.5129609057703975,0.49545500000000003,0.4779490942296025,0.0017142857142857157,1571.95,-4.752475247524757,0.48525999999999997,0.004531887024177405
2024-08-02 08:00:00,0.481,0.481,0.481,0.481,0,2024-08-02 08:59:59.999,0,0,0,0,0,0.0,-0.003978926859265319,-0.0020527077479916386,-0.0019262191112736807,0.5134299156580225,0.49518500000000004,0.4769400843419776,0.0017142857142857157,1571.95,-4.752475247524757,0.48308,0.002848157299010277
2024-08-02 09:00:00,0.4857,0.4857,0.4646,0.4646,617,2024-08-02 09:59:59.999,286.72150,2,0,0,0,0.0,-0.0056037026196887885,-0.002762906722331069,-0.0028407958973577195,0.516122526041499,0.4934550000000001,0.4707874739585011,0.0032214285714285734,1305.65,-7.999999999999999,0.47876,0.008229702303236809
2024-08-02 10:00:00,0.4861,0.4862,0.4646,0.4646,14032,2024-08-02 10:59:59.999,6682.71450,6,0,0,0,0.0,-0.006812815222645152,-0.003572888422393886,-0.003239926800251266,0.5176007252631625,0.491725,0.4658492747368376,0.0047642857142857166,1282.5,-7.999999999999999,0.47444,0.008982649943078999
2024-08-02 11:00:00,0.4646,0.4646,0.4646,0.4646,0,2024-08-02 11:59:59.999,0,0,0,0,0,0.0,-0.007682486746640627,-0.004394808087243235,-0.0032876786593973913,0.5182807952075992,0.48999500000000007,0.46170920479240096,0.0047642857142857166,1282.5,-7.999999999999999,0.47115999999999997,0.008982649943078836
2024-08-02 12:00:00,0.4646,0.4646,0.4646,0.4646,0,2024-08-02 12:59:59.999,0,0,0,0,0,0.0,-0.008276303618755143,-0.005171107193545617,-0.0031051964252095257,0.5193042047106697,0.4888199999999999,0.4583357952893301,0.0047642857142857166,1281.8,-5.54990851799146,0.4678800000000001,0.007334302966191902
2024-08-02 13:00:00,0.4646,0.4646,0.4646,0.4646,0,2024-08-02 13:59:59.999,0,0,0,0,0,0.0,-0.008647227907520039,-0.005866331336340502,-0.0027808965711795365,0.5181127517323622,0.4868,0.4554872482676379,0.0047642857142857166,1281.05,-5.54990851799146,0.4646,0.0
2024-08-02 14:00:00,0.4817,0.4817,0.4817,0.4817,10110,2024-08-02 14:59:59.999,4869.98700,2,0,0,0,38.51351351351353,-0.007475191633389777,-0.006188103395750358,-0.001287088237639419,0.5158097384761687,0.485635,0.4554602615238313,0.005050000000000003,1786.55,-2.073592193535269,0.46802,0.007647352483042193
2024-08-02 15:00:00,0.4817,0.4817,0.4549,0.4549,155009,2024-08-02 15:59:59.999,72586.15560,5,0,0,0,24.016853932584283,-0.008609633964103802,-0.006672409509421048,-0.0019372244546827545,0.5148162314445535,0.48313000000000006,0.45144376855544666,0.006964285714285716,9537.0,-7.521854035373039,0.46608,0.009689530432373378
2024-08-02 16:00:00,0.4549,0.4549,0.4549,0.4549,0,2024-08-02 16:59:59.999,0,0,0,0,0,24.016853932584283,-0.009400326571197604,-0.007217992921776359,-0.002182333649421245,0.5129464691562893,0.480625,0.4483035308437108,0.006964285714285716,9537.0,-6.43767996709173,0.4641400000000001,0.010949109552830683
2024-08-02 17:00:00,0.4549,0.4549,0.4549,0.4549,0,2024-08-02 17:59:59.999,0,0,0,0,0,24.016853932584283,-0.009912688852297402,-0.007756932107880568,-0.0021557567444168337,0.510252462680203,0.47812,0.445987537319797,0.006964285714285716,9527.85,-6.43767996709173,0.4622,0.011682037493514834
2024-08-02 18:00:00,0.4549,0.4549,0.4549,0.4549,0,2024-08-02 18:59:59.999,0,0,0,0,0,26.106870229007626,-0.010201147176779612,-0.008245775121660378,-0.001955372055119234,0.5067191899360656,0.475615,0.44451081006393445,0.00655714285714286,9527.85,-5.4261954261954175,0.46026000000000006,0.011985324359394058
2024-08-02 19:00:00,0.4632,0.4632,0.4632,0.4632,500,2024-08-02 19:59:59.999,231.60000,1,0,0,0,34.41734417344172,-0.009648786636966111,-0.008526377424721525,-0.001122409212244586,0.501804721207587,0.4735250000000001,0.4452452787924132,0.007150000000000002,9552.85,-3.7006237006236975,0.4565600000000001,0.003711872842633661
2024-08-02 20:00:00,0.4632,0.4632,0.4632,0.4632,0,2024-08-02 20:59:59.999,0,0,0,0,0,37.02623906705539,-0.009106067847802046,-0.00864231550933763,-0.0004637523384644158,0.4993376285786082,0.47209,0.4448423714213918,0.006778571428571427,9327.2,-3.7006237006236975,0.45822,0.004546097227279975
2024-08-02 21:00:00,0.4632,0.4632,0.4632,0.4632,0,2024-08-02 21:59:59.999,0,0,0,0,0,37.02623906705539,-0.00857708796628831,-0.008629270000727766,5.218203443945607e-05,0.49649649865297035,0.470655,0.4448135013470296,0.006778571428571427,9327.2,-0.301334481274217,0.45987999999999996,0.0045460972272801225
2024-08-02 22:00:00,0.4632,0.4632,0.4632,0.4632,0,2024-08-02 22:59:59.999,0,0,0,0,0,37.02623906705539,-0.008064900446967949,-0.008516396089975804,0.00045149564300785497,0.49321566627538993,0.46921999999999997,0.44522433372461,0.006778571428571427,9327.2,-0.301334481274217,0.46154,0.003711872842634226
2024-08-02 23:00:00,0.4632,0.4632,0.4632,0.4632,0,2024-08-02 23:59:59.999,0,0,0,0,0,48.659003831417614,-0.007571706231580599,-0.008327458118296762,0.000755751886716163,0.48938268749804115,0.467785,0.44618731250195887,0.00527142857142857,9327.2,-0.301334481274217,0.4632,0.0
2024-08-03 00:00:00,0.4632,0.4632,0.4632,0.4632,0,2024-08-03 00:59:59.999,0,0,0,0,0,48.659003831417614,-0.007099013256771924,-0.008081769145991794,0.0009827558892198697,0.4864825532099283,0.46663499999999997,0.44678744679007165,0.003728571428571426,9247.9,-0.301334481274217,0.4632,0.0
2024-08-03 01:00:00,0.4618,0.4618,0.4618,0.4618,391,2024-08-03 01:59:59.999,180.56380,1,0,0,0,47.388059701492516,-0.006759450233696507,-0.007817305363532737,0.0010578551298362302,0.48307831613378377,0.46541499999999997,0.44775168386621617,0.0038285714285714273,9267.45,-0.602668962548434,0.46292,0.0006260990336094542
2024-08-03 02:00:00,0.4618,0.4618,0.4618,0.4618,0,2024-08-03 02:59:59.999,0,0,0,0,0,47.388059701492516,-0.006416380056259163,-0.007537120302078022,0.0011207402458188586,0.4805710887249156,0.46445499999999995,0.4483389112750843,0.0038285714285714273,9032.95,-4.131201992941671,0.46264000000000005,0.0007668115804332031
2024-08-03 03:00:00,0.4618,0.4618,0.4618,0.4618,0,2024-08-03 03:59:59.999,0,0,0,0,0,47.388059701492516,-0.006074471739961951,-0.007244590589654809,0.0011701188496928581,0.47762663304899533,0.463495,0.44936336695100465,0.0038285714285714273,9032.95,1.516816882831383,0.46236,0.0007668115804330511
2024-08-03 04:00:00,0.4618,0.4618,0.4618,0.4618,0,2024-08-03 04:59:59.999,0,0,0,0,0,22.739726027397197,-0.0057373701048007986,-0.006943146492684007,0.0012057763878832086,0.4740205103225019,0.46253500000000003,0.45104948967749814,0.0026071428571428556,9032.95,1.516816882831383,0.46208,0.0006260990336088957
2024-08-03 05:00:00,0.4618,0.4618,0.4618,0.4618,0,2024-08-03 05:59:59.999,0,0,0,0,0,85.5670103092782,-0.005407876001984502,-0.006636092394544107,0.0012282163925596053,0.47384272558425944,0.462395,0.45094727441574056,0.0006928571428571419,9002.1,1.516816882831383,0.4618,0.0
2024-08-03 06:00:00,0.4618,0.4618,0.4618,0.4618,0,2024-08-03 06:59:59.999,0,0,0,0,0,85.5670103092782,-0.0050880971350830695,-0.006326493342651901,0.0012383962075688312,0.4736575805020241,0.462255,0.45085241949797594,0.0006928571428571419,8300.5,1.516816882831383,0.4618,0.0
2024-08-03 07:00:00,0.4618,0.4618,0.4618,0.4618,0,2024-08-03 07:59:59.999,0,0,0,0,0,85.5670103092782,-0.004779574123862984,-0.006017109498894118,0.0012375353750311343,0.4734649872478427,0.462115,0.4507650127521573,0.0006928571428571419,8300.5,-0.3022452504317816,0.4618,0.0
2024-08-03 08:00:00,0.4618,0.4618,0.4618,0.4618,0,2024-08-03 08:59:59.999,0,0,0,0,0,85.5670103092782,-0.004483385734743328,-0.005710364746063961,0.0012269790113206332,0.47326484173120525,0.46197499999999997,0.4506851582687947,0.0006928571428571419,8300.5,-0.3022452504317816,0.4618,0.0
2024-08-03 09:00:00,0.4618,0.4618,0.4618,0.4618,0,2024-08-03 09:59:59.999,0,0,0,0,0,0.0,-0.004200236589595507,-0.005408339114770271,0.0012081025251747639,0.4730570225215225,0.46183499999999994,0.4506129774784774,0.00010000000000000089,8300.5,-0.3022452504317816,0.4618,0.0
2024-08-03 10:00:00,0.4724,0.4724,0.4724,0.4724,15,2024-08-03 10:59:59.999,7.08600,1,0,0,0,88.33333333333324,-0.0030849461016353996,-0.004943660512143297,0.0018587144105078977,0.46945978563243923,0.46136999999999995,0.45328021436756066,0.0008571428571428579,7795.75,1.986183074265973,0.46392,0.004740464112287708
2024-08-03 11:00:00,0.4724,0.4724,0.4724,0.4724,0,2024-08-03 11:59:59.999,0,0,0,0,0,88.33333333333324,-0.002175986931847451,-0.004390125796084128,0.002214138864236677,0.4711343727207434,0.46224499999999996,0.45335562727925655,0.0008571428571428579,45.3,1.986183074265973,0.46604,0.005805859109545256
2024-08-03 12:00:00,0.4724,0.4724,0.4724,0.4724,0,2024-08-03 12:59:59.999,0,0,0,0,0,88.33333333333324,-0.001439041862277446,-0.003799909009322792,0.002360867147045346,0.4724016967595758,0.46312,0.4538383032404242,0.0008571428571428579,45.3,1.986183074265973,0.46815999999999997,0.005805859109545424
2024-08-03 13:00:00,0.5151,0.5151,0.4242,0.4242,46414136,2024-08-03 13:59:59.999,21798464.55710,37,19896181,10248289.51470,0,17.607973421926914,-0.00469027815406986,-0.003977982838272206,-0.0007122953157976545,0.48110171618193465,0.461585,0.4420682838180654,0.00735,2320752.1,-8.142052836725847,0.46064,0.02088128348545378
2024-08-03 14:00:00,0.4242,0.4242,0.4242,0.4242,0,2024-08-03 14:59:59.999,0,0,0,0,0,17.607973421926914,-0.007184092591752567,-0.004619204788968278,-0.0025648878027842888,0.4856588389346104,0.46005,0.4344411610653896,0.00735,2320752.1,-8.142052836725847,0.45312,0.026400227271746703
2024-08-03 15:00:00,0.4242,0.4242,0.4242,0.4242,0,2024-08-03 15:59:59.999,0,0,0,0,0,18.02721088435375,-0.009056065811113623,-0.005506576993397347,-0.0035494888177162757,0.48823778883377705,0.45809999999999995,0.42796221116622285,0.007249999999999999,2320727.1,-8.142052836725847,0.44348,0.02640022727174655
2024-08-03 16:00:00,0.455,0.4598,0.455,0.4596,11357,2024-08-03 16:59:59.999,5171.53220,8,30,13.79100,0,48.83227176220808,-0.007595576842680141,-0.005924376963253907,-0.001671199879426234,0.48797241736489005,0.45791999999999994,0.4278675826351098,0.00979285714285714,2321294.95,-0.4763967085318276,0.44092000000000003,0.023337780528573587
2024-08-03 17:00:00,0.4533,0.4533,0.4492,0.4501,62965,2024-08-03 17:59:59.999,28442.38490,33,41923,18957.58060,0,44.35872709739634,-0.007122594581455255,-0.006164020486894177,-0.000958574094561078,0.4874037859916835,0.45726500000000003,0.4271262140083166,0.010535714285714284,2324443.2,-2.5335643135556496,0.43646,0.017120397191650222
2024-08-03 18:00:00,0.4522,0.4522,0.4456,0.4456,5681,2024-08-03 18:59:59.999,2540.87870,4,16,7.23520,0,42.513863216266174,-0.007029829623726946,-0.006337182314260731,-0.000692647309466215,0.48682045543224683,0.45638500000000004,0.42594954456775325,0.011007142857142854,2324727.25,-3.5080121264616704,0.44074,0.0159222485849163
2024-08-03 19:00:00,0.45,0.45,0.45,0.45,22,2024-08-03 19:59:59.999,9.90000,1,0,0,0,44.76021314387212,-0.006526041356290424,-0.00637495412266667,-0.0001510872336237543,0.4861106527778605,0.455725,0.4253393472221395,0.011321428571428569,2324728.35,-2.555218709398003,0.44589999999999996,0.013163586137518713
2024-08-03 20:00:00,0.4522,0.4522,0.4522,0.4522,13125,2024-08-03 20:59:59.999,5935.12500,1,13125,5935.12500,0,45.81881533101045,-0.0058814660315890666,-0.006276256504451149,0.0003947904728620827,0.4853886863375709,0.45517499999999994,0.424961313662429,0.011478571428571425,2325384.6,-2.0788220008661753,0.45150000000000007,0.0051264022471789105
2024-08-03 21:00:00,0.4522,0.4522,0.4472,0.4472,4456,2024-08-03 21:59:59.999,2001.63820,7,1783,806.27260,0,43.90651085141903,-0.005708292018998584,-0.006162663607360637,0.00045437158836205294,0.4846902066667703,0.45444500000000004,0.42419979333322977,0.011835714285714283,2325587.85,-3.161541792983976,0.44902,0.0026099808428182558
2024-08-03 22:00:00,0.4522,0.453,0.4243,0.4243,227118,2024-08-03 22:59:59.999,99639.79660,43,61669,27851.31680,0,36.86054660126139,-0.007334343239686958,-0.006396999533825903,-0.0009373437058610547,0.48543169422546983,0.45257000000000003,0.4197083057745302,0.013885714285714282,2336943.75,-10.182049110922941,0.44386000000000003,0.011225328502982567
2024-08-03 23:00:00,0.4514,0.452,0.4243,0.4243,291936,2024-08-03 23:59:59.999,129274.84940,40,0,0,0,36.86054660126139,-0.008524732734645768,-0.006822546173989877,-0.0017021865606558911,0.4855576462745301,0.45069499999999996,0.41583235372546984,0.015864285714285713,2351540.55,-10.182049110922941,0.4396,0.014078884899020538
2024-08-04 00:00:00,0.4243,0.4243,0.4243,0.4243,0,2024-08-04 00:59:59.999,0,0,0,0,0,31.794095382286145,-0.009360226125458004,-0.0073300821642835025,-0.002030143961174502,0.48516985557055003,0.44882,0.41247014442944996,0.015107142857142855,2351540.55,-10.182049110922941,0.43445999999999996,0.014024015116929365
2024-08-04 01:00:00,0.4243,0.4243,0.4243,0.4243,0,2024-08-04 01:59:59.999,0,0,0,0,0,31.794095382286145,-0.009908145720818495,-0.007845694875590501,-0.002062450845227994,0.48432968445204255,0.44694500000000004,0.4095603155479575,0.015107142857142855,2351540.55,0.02357378595002098,0.42888000000000004,0.010241191336942118
2024-08-04 02:00:00,0.4243,0.4243,0.4243,0.4243,0,2024-08-04 02:59:59.999,0,0,0,0,0,31.794095382286145,-0.010224514113527483,-0.008321458723177898,-0.001903055390349585,0.4830741050414273,0.44506999999999997,0.40706589495857265,0.015107142857142855,2351540.55,0.02357378595002098,0.4243,0.0
2024-08-04 03:00:00,0.4243,0.4243,0.4243,0.4243,0,2024-08-04 03:59:59.999,0,0,0,0,0,50.0595947556615,-0.01035586240851566,-0.008728339460245451,-0.0016275229482702082,0.481423315490785,0.44319499999999995,0.4049666845092149,0.008614285714285713,2351540.55,0.02357378595002098,0.4243,0.0
2024-08-04 04:00:00,0.4243,0.4243,0.4243,0.4243,0,2024-08-04 04:59:59.999,0,0,0,0,0,50.0595947556615,-0.010340755090816778,-0.009050822586359716,-0.0012899325044570618,0.47938430016916456,0.44132000000000005,0.40325569983083553,0.008614285714285713,2351540.55,-7.680591818973019,0.4243,0.0
2024-08-04 05:00:00,0.4243,0.4243,0.4243,0.4243,0,2024-08-04 05:59:59.999,0,0,0,0,0,50.0595947556615,-0.010211075510388079,-0.00928287317116539,-0.0009282023392226894,0.47695196637047066,0.439445,0.4019380336295293,0.008614285714285713,2351540.55,-5.732059542323926,0.4243,0.0
2024-08-04 06:00:00,0.4243,0.4243,0.4243,0.4243,0,2024-08-04 06:59:59.999,0,0,0,0,0,13.608247422680407,-0.009993109166628988,-0.00942492037025811,-0.000568188796370878,0.4717108674917633,0.43704,0.4023691325082367,0.006071428571428573,2351539.8,-4.7800718132854545,0.4243,0.0
2024-08-04 07:00:00,0.4503,0.4505,0.4503,0.4505,4083,2024-08-04 07:59:59.999,1838.94490,2,0,0,0,50.30674846625767,-0.007618427738708078,-0.009063621843948105,0.001445194105240027,0.46712086617206927,0.43594499999999997,0.40476913382793067,0.0072,2351743.95,0.1111111111111112,0.42954,0.01171699620209289
2024-08-04 08:00:00,0.4505,0.4505,0.4505,0.4505,0,2024-08-04 08:59:59.999,0,0,0,0,0,54.036243822075804,-0.005671102657132332,-0.00838511800658495,0.002714015349452618,0.46190001216071,0.43484999999999996,0.4077999878392899,0.006728571428571429,2351743.95,-0.3759398496240556,0.43478000000000006,0.014350331006630608
2024-08-04 09:00:00,0.4505,0.4505,0.4505,0.4505,0,2024-08-04 09:59:59.999,0,0,0,0,0,50.44404973357017,-0.004080792662654098,-0.007524252937798779,0.003443460275144681,0.46358955872119845,0.436165,0.4087404412788016,0.0064142857142857135,31037.15,0.7379248658318482,0.44001999999999997,0.014350331006630771
2024-08-04 10:00:00,0.4243,0.4243,0.4243,0.4243,12,2024-08-04 10:59:59.999,5.09160,1,0,0,0,32.627646326276476,-0.004878347024101004,-0.006995071755059225,0.0021167247309582206,0.4635854086524125,0.43617,0.4087545913475875,0.00812857142857143,31037.75,0.0,0.44001999999999997,0.014350331006630771
2024-08-04 11:00:00,0.4243,0.4243,0.4243,0.4243,0,2024-08-04 11:59:59.999,0,0,0,0,0,34.79415670650731,-0.005447617854019815,-0.006685580974851343,0.0012379631208315279,0.46358125168786823,0.4361750000000001,0.40876874831213195,0.007771428571428572,31037.75,0.0,0.44001999999999997,0.014350331006630771
2024-08-04 12:00:00,0.4243,0.4243,0.4243,0.4243,0,2024-08-04 12:59:59.999,0,0,0,0,0,50.0,-0.005831546648354724,-0.0065147741095520195,0.0006832274611972954,0.45994725039808637,0.43441,0.40887274960191367,0.005721428571428572,30469.9,0.0,0.43478000000000006,0.014350331006630608
2024-08-04 13:00:00,0.4504,0.4504,0.4504,0.4504,3200,2024-08-04 13:59:59.999,1441.28000,2,0,0,0,66.62420382165605,-0.0039838379071829855,-0.006008586869078213,0.0020247489618952274,0.46000137684722764,0.43442499999999995,0.40884862315277226,0.005607142857142858,27481.65,6.151308036766442,0.43476,0.014322988514966562
2024-08-04 14:00:00,0.4504,0.4504,0.4504,0.4504,21068,2024-08-04 14:59:59.999,9489.02720,11,0,0,0,66.62420382165605,-0.002490802991368224,-0.005305030093536216,0.002814227102167992,0.46076757297258836,0.43466499999999997,0.4085624270274116,0.005607142857142858,28251.0,6.151308036766442,0.43474,0.014295558750880077
2024-08-04 15:00:00,0.4504,0.4504,0.4504,0.4504,12680,2024-08-04 15:59:59.999,5711.07200,1,0,0,0,66.62420382165605,-0.0012926610716686993,-0.0045025562891627124,0.003209895217494013,0.46083761081864305,0.434685,0.4085323891813569,0.005607142857142858,28883.9,6.151308036766442,0.43996,0.014295558750880233
2024-08-04 16:00:00,0.4504,0.4504,0.4243,0.4243,9991,2024-08-04 16:59:59.999,4409.04010,4,0,0,0,50.0,-0.002421265994164312,-0.004086298230163032,0.00166503223599872,0.45846709067260694,0.43329000000000006,0.4081129093273932,0.007471428571428573,28727.2,0.0,0.43996,0.014295558750880233
2024-08-04 17:00:00,0.4276,0.4276,0.4243,0.4244,31182941,2024-08-04 17:59:59.999,13234074.16800,14,15318030,6500971.93200,0,50.04775549188157,-0.00326993063721176,-0.003923024711572778,0.0006530940743610181,0.4567328780808242,0.43215000000000003,0.4075671219191759,0.007707142857142857,1587651.45,0.023568230025922458,0.43998,0.014268216426725114
2024-08-04 18:00:00,0.4244,0.4244,0.4244,0.4244,22617,2024-08-04 18:59:59.999,9598.65480,2,0,0,0,50.04775549188157,-0.0038975746665257383,-0.00391793470256337,2.036003603763173e-05,0.45673119515752747,0.432155,0.40757880484247255,0.007707142857142857,1577426.4,0.023568230025922458,0.43478000000000006,0.014259102356034331
2024-08-04 19:00:00,0.4244,0.4244,0.4244,0.4244,0,2024-08-04 19:59:59.999,0,0,0,0,0,50.04775549188157,-0.004344901758819852,-0.0040033281138146665,-0.00034157364500518594,0.4567295061321706,0.43216,0.40759049386782936,0.007707142857142857,1562829.6,-5.793562708102111,0.42957999999999996,0.011638814372600807
2024-08-04 20:00:00,0.4244,0.4244,0.4244,0.4244,0,2024-08-04 20:59:59.999,0,0,0,0,0,50.04775549188157,-0.004645857152966892,-0.0041318339216451115,-0.0005140232313217809,0.45672781099976856,0.432165,0.4076021890002315,0.007707142857142857,1562829.6,-5.793562708102111,0.42438000000000003,4.472135791591585e-05
2024-08-04 21:00:00,0.4244,0.4244,0.4244,0.4244,0,2024-08-04 21:59:59.999,0,0,0,0,0,33.37579617834395,-0.00482870417512804,-0.0042712079723416976,-0.0005574962027863426,0.4567261097553259,0.43217,0.4076138902446741,0.005835714285714285,1562829.6,-5.793562708102111,0.4244,0.0
2024-08-04 22:00:00,0.4278,0.47,0.4243,0.47,30068413,2024-08-04 22:59:59.999,13488211.90090,11,17074018,7937062.71240,0,57.85656728444801,-0.0012793255836574535,-0.0036728314946048485,0.002393505910947395,0.4639383030356941,0.4344550000000001,0.40497169696430607,0.009099999999999997,3066250.25,10.77068112184774,0.43351999999999996,0.020392939954794718
2024-08-04 23:00:00,0.47,0.47,0.47,0.47,0,2024-08-04 23:59:59.999,0,0,0,0,0,57.85656728444801,0.0015161057980777604,-0.0026350440360683267,0.004151149834146087,0.46977875873799135,0.43674,0.4037012412620087,0.009099999999999997,3066250.25,10.77068112184774,0.44264000000000003,0.024976148622233012
2024-08-05 00:00:00,0.4243,0.4243,0.4243,0.4243,60398,2024-08-05 00:59:59.999,25626.87140,24,0,0,0,50.0,4.3396985499100094e-05,-0.0020993558317548414,0.0021427528172539415,0.46977875873799135,0.43674,0.4037012412620087,0.010492857142857137,3069270.15,0.0,0.44261999999999996,0.02499443938158789
2024-08-05 01:00:00,0.4243,0.4243,0.4243,0.4243,11250,2024-08-05 01:59:59.999,4773.37500,6,0,0,0,50.0,-0.0011109292578089236,-0.0019016705169656578,0.0007907412591567342,0.4697787587379914,0.4367400000000001,0.40370124126200874,0.010492857142857137,3069832.65,-5.794849023090588,0.4426,0.0250126967758351
2024-08-05 02:00:00,0.41,0.41,0.3702,0.3725,8068,2024-08-05 02:59:59.999,3010.89780,9,0,0,0,36.745138178096205,-0.006134849485382954,-0.0027483063106491174,-0.0033865431747338364,0.47773360387021263,0.43415,0.39056639612978733,0.014357142857142855,3070236.05,-17.295737122557732,0.43221999999999994,0.04045549406446373
2024-08-05 03:00:00,0.3725,0.3725,0.3725,0.3725,0,2024-08-05 03:59:59.999,0,0,0,0,0,26.993502658003536,-0.010001056507153105,-0.004198856349949916,-0.005802200157203189,0.4810374207384366,0.43025,0.37946257926156346,0.012492857142857139,3070031.9,-17.295737122557732,0.41272000000000003,0.04118400174824976
2024-08-05 04:00:00,0.3725,0.3725,0.3725,0.3725,0,2024-08-05 04:59:59.999,0,0,0,0,0,26.993502658003536,-0.01291616392868633,-0.0059423178656972,-0.006973846062989131,0.482306317549353,0.42635000000000006,0.37039368245064713,0.012492857142857139,3070031.9,-12.20834315342918,0.39322,0.028372028478764424
2024-08-05 05:00:00,0.3725,0.3725,0.3725,0.3725,19837,2024-08-05 05:59:59.999,7389.28250,2,0,0,0,26.993502658003536,-0.015052887248364066,-0.0077644317422305735,-0.007288455506133493,0.4820719140214297,0.42245,0.3628280859785703,0.012492857142857139,3071023.75,-12.229029217719134,0.38286000000000003,0.02316566424689368
2024-08-05 06:00:00,0.3725,0.3725,0.3725,0.3725,32398,2024-08-05 06:59:59.999,12068.25500,4,0,0,0,31.913407821229043,-0.016555415350694325,-0.009522628463923325,-0.007032786886771,0.48350802556163497,0.41986,0.35621197443836505,0.010628571428571423,3072643.05,-12.229029217719134,0.3725,0.0
2024-08-05 07:00:00,0.3725,0.3725,0.3725,0.3725,83250,2024-08-05 07:59:59.999,31010.62500,41,0,0,0,31.865828092243177,-0.017543944030859737,-0.011126891577310609,-0.006417052453549128,0.4842840315236475,0.41727,0.35025596847635243,0.01039285714285714,3076805.55,-12.229029217719134,0.3725,0.0
2024-08-05 08:00:00,0.3725,0.3725,0.3725,0.3725,0,2024-08-05 08:59:59.999,0,0,0,0,0,31.865828092243177,-0.018118501326933933,-0.012525213527235275,-0.005593287799698659,0.48449547408026694,0.41468,0.34486452591973304,0.01039285714285714,3076805.55,-12.229029217719134,0.3725,0.0
2024-08-05 09:00:00,0.3725,0.3725,0.3725,0.3725,0,2024-08-05 09:59:59.999,0,0,0,0,0,31.865828092243177,-0.018362174407026977,-0.013692605703193616,-0.00466956870383336,0.48090109245424634,0.410785,0.3406689075457537,0.01039285714285714,3076645.55,-12.229029217719134,0.3725,0.0
2024-08-05 10:00:00,0.3725,0.3725,0.3695,0.3695,15559569,2024-08-05 10:59:59.999,5750866.32150,10,26,9.60700,0,31.21149897330595,-0.018583147054883176,-0.01467071397353153,-0.003912433081351646,0.47656704648667597,0.40674,0.336912953513324,0.010607142857142855,3853570.6,-21.382978723404253,0.3719,0.0013416407864241797
2024-08-05 11:00:00,0.3694,0.3694,0.3694,0.3694,668436,2024-08-05 11:59:59.999,246920.25840,2,0,0,0,31.19015047879617,-0.01855247722565484,-0.015447066623956193,-0.003105410601698647,0.47123911109254973,0.40269000000000005,0.33414088890745036,0.010614285714285712,3886358.4,-21.40425531914893,0.37128,0.0016709278858754771
2024-08-05 12:00:00,0.3694,0.3694,0.3694,0.3694,0,2024-08-05 12:59:59.999,0,0,0,0,0,0.0,-0.018317023915283392,-0.016021058082221633,-0.002295965833061759,0.469243271414606,0.399945,0.330646728585394,0.00735,3885858.85,-12.938958284232854,0.37066,0.0016801785618783716
2024-08-05 13:00:00,0.3694,0.3694,0.3694,0.3694,0,2024-08-05 13:59:59.999,0,0,0,0,0,0.0,-0.017923810935188522,-0.016401608652815012,-0.0015222022823735103,0.4667717497463263,0.397195,0.32761825025367375,0.00735,2326711.8,-12.938958284232854,0.37004000000000004,0.0013758633652347463
2024-08-05 14:00:00,0.3694,0.3694,0.3694,0.3694,0,2024-08-05 14:59:59.999,0,0,0,0,0,0.0,-0.01741147813385846,-0.016603582549023704,-0.0008078955848347565,0.46384178363546197,0.394445,0.325048216364538,0.004085714285714288,2325580.95,-0.8322147651006689,0.36941999999999997,4.472135725284855e-05
2024-08-05 15:00:00,0.3694,0.3694,0.3694,0.3694,0,2024-08-05 15:59:59.999,0,0,0,0,0,0.0,-0.016811656387701213,-0.016645197316759206,-0.0001664590709420065,0.46044977323142744,0.391695,0.3229402267685726,0.004085714285714288,2325580.95,-0.8322147651006689,0.3694,0.0
2024-08-05 16:00:00,0.3694,0.3694,0.3694,0.3694,0,2024-08-05 16:59:59.999,0,0,0,0,0,0.0,-0.016150124747404737,-0.01654618280288831,0.0003960580554835738,0.4565825627498255,0.388945,0.32130743725017447,0.00022142857142857082,2325580.95,-0.8322147651006689,0.3694,0.0
2024-08-05 17:00:00,0.3694,0.3694,0.3694,0.3694,0,2024-08-05 17:59:59.999,0,0,0,0,0,0.0,-0.015447783721561026,-0.016326502986622853,0.0008787192650618267,0.45221603253389664,0.38619499999999995,0.32017396746610327,0.00022142857142857082,2325580.95,-0.8322147651006689,0.3694,0.0
2024-08-05 18:00:00,0.3694,0.3694,0.3694,0.3694,0,2024-08-05 18:59:59.999,0,0,0,0,0,0.0,-0.014721473416736908,-0.016005497072645664,0.0012840236559087566,0.4343913597141565,0.38116500000000003,0.3279386402858436,0.00022142857142857082,822160.3,-0.8322147651006689,0.3694,0.0
2024-08-05 19:00:00,0.3694,0.3694,0.3694,0.3694,0,2024-08-05 19:59:59.999,0,0,0,0,0,0.0,-0.013984660802795035,-0.015601329818675538,0.001616669015880503,0.40921450709235857,0.376135,0.3430554929076414,0.00022142857142857082,822160.3,-0.8322147651006689,0.3694,0.0
2024-08-05 20:00:00,0.3694,0.3694,0.3694,0.3694,0,2024-08-05 20:59:59.999,0,0,0,0,0,0.0,-0.013248016608934154,-0.015130667176727263,0.001882650567793109,0.3975495486189911,0.37339,0.3492304513810089,0.00022142857142857082,819140.4,-0.8322147651006689,0.3694,0.0
2024-08-05 21:00:00,0.3694,0.3694,0.3694,0.3694,0,2024-08-05 21:59:59.999,0,0,0,0,0,0.0,-0.012519899173756066,-0.014608513576133025,0.002088614402376959,0.37375320645519683,0.370645,0.3675367935448032,0.00022142857142857082,818577.9,-0.8322147651006689,0.3694,0.0
2024-08-05 22:00:00,0.3694,0.3694,0.3694,0.3694,0,2024-08-05 22:59:59.999,0,0,0,0,0,0.0,-0.011806759882106554,-0.014048162837327731,0.0022414029552211764,0.373516827416658,0.37049,0.367463172583342,0.00022142857142857082,818174.5,-0.02706359945872503,0.3694,0.0
2024-08-05 23:00:00,0.3694,0.3694,0.3694,0.3694,0,2024-08-05 23:59:59.999,0,0,0,0,0,0.0,-0.011113482546687592,-0.013461226779199703,0.002347744232512111,0.3732436260094525,0.37033499999999997,0.36742637399054745,0.00022142857142857082,818174.5,0.0,0.3694,0.0
2024-08-06 00:00:00,0.4388,0.4388,0.4388,0.4388,15559562,2024-08-06 00:59:59.999,6827535.80560,6,14954273,6561934.99240,0,99.85611510791368,-0.00490748483322051,-0.011750478390003864,0.006842993556783354,0.40444018982522517,0.37365000000000004,0.3428598101747749,0.0049642857142857145,1596152.6,18.787222523010293,0.38328,0.031036623527693957
2024-08-06 01:00:00,0.4059,0.4059,0.4029,0.4029,2021,2024-08-06 01:59:59.999,820.27290,2,2004,813.42360,0,65.90693257359922,-0.0028531278231454515,-0.009971008276632182,0.007117880453486731,0.4086087169232523,0.37517,0.3417312830767477,0.007521428571428576,1595261.8,9.068760151597177,0.38998000000000005,0.030906827724627637
2024-08-06 02:00:00,0.4029,0.4029,0.4029,0.4029,0,2024-08-06 02:59:59.999,0,0,0,0,0,65.90693257359922,-0.0012110745779511656,-0.008219021536895979,0.0070079469589448135,0.41231027217011973,0.37669,0.3410697278298803,0.007521428571428576,1593641.9,9.068760151597177,0.39668000000000003,0.028895795541909162
2024-08-06 03:00:00,0.4029,0.4029,0.4029,0.4029,0,2024-08-06 03:59:59.999,0,0,0,0,0,65.90693257359922,8.923579452818631e-05,-0.006557370070611145,0.006646605865139332,0.41562662450667354,0.37821,0.34079337549332644,0.007521428571428576,1589479.4,9.068760151597177,0.40338,0.02454540690230707
2024-08-06 04:00:00,0.4018,0.4018,0.4004,0.4018,25074,2024-08-06 04:59:59.999,10074.66320,12,25024,10054.64320,0,65.22556390977442,0.00101923126248743,-0.00504204980399143,0.00606128106647886,0.4184210762020151,0.37967500000000004,0.340928923797985,0.007700000000000005,1590733.1,8.770979967514885,0.40986,0.016184962156268076
2024-08-06 05:00:00,0.4019,0.4019,0.4019,0.4019,10711,2024-08-06 05:59:59.999,4304.75090,3,10711,4304.75090,0,65.2582159624413,0.0017442222272704422,-0.003684795397739055,0.005429017625009497,0.4209609700834217,0.38114499999999996,0.3413290299165782,0.007707142857142861,1591268.65,8.798050893340545,0.40248,0.000576194411481206
2024-08-06 06:00:00,0.4019,0.4019,0.4019,0.4019,14166,2024-08-06 06:59:59.999,5693.31540,8,14166,5693.31540,0,65.2582159624413,0.0022923579150375684,-0.0024893647351837303,0.004781722650221299,0.42321745552366963,0.382765,0.3423125444763304,0.007707142857142861,813998.5,8.798050893340545,0.40228,0.0005674504382075994
2024-08-06 07:00:00,0.4019,0.4019,0.4019,0.4019,0,2024-08-06 07:59:59.999,0,0,0,0,0,65.2582159624413,0.002695685215538368,-0.0014523547450393105,0.004148039960577679,0.42519149120081584,0.38438999999999995,0.34358850879918407,0.007707142857142861,780576.7,8.798050893340545,0.40208000000000005,0.00046043457713537266
2024-08-06 08:00:00,0.4019,0.4019,0.4019,0.4019,0,2024-08-06 08:59:59.999,0,0,0,0,0,65.2582159624413,0.0029809623288590825,-0.0005656913302596317,0.0035466536591187143,0.42689146472508094,0.386015,0.34513853527491906,0.007707142857142861,780576.7,8.798050893340545,0.40187999999999996,4.4721357556226266e-05
2024-08-06 09:00:00,0.4035,0.41,0.4035,0.41,11071,2024-08-06 09:59:59.999,4532.44110,5,11071,4532.44110,0,67.71378708551481,0.0038166528042088976,0.00031077749663407445,0.003505875307574823,0.42947600669533886,0.38804500000000003,0.3466139933046612,0.008285714285714289,781130.25,10.990795885219267,0.40352,0.0036224301235252224
2024-08-06 10:00:00,0.41,0.41,0.41,0.41,0,2024-08-06 10:59:59.999,0,0,0,0,0,67.71378708551481,0.004427901435275494,0.0011342022843623587,0.0032936991509131355,0.43163783132040173,0.39007500000000006,0.3485121686795984,0.008285714285714289,781130.25,10.990795885219267,0.40513999999999994,0.004436552715772034
2024-08-06 11:00:00,0.41,0.41,0.3694,0.3694,19906,2024-08-06 11:59:59.999,7868.62840,5,0,0,0,50.0,0.0016175930814356088,0.0012308804437770088,0.00038671263765859996,0.4316378313204017,0.390075,0.34851216867959833,0.011185714285714287,782125.55,0.0,0.39864,0.01683992280266803
2024-08-06 12:00:00,0.3694,0.3694,0.3694,0.3694,0,2024-08-06 12:59:59.999,0,0,0,0,0,50.0,-0.0006026495670877763,0.0008641744416040517,-0.001466824008691828,0.4316378313204017,0.390075,0.34851216867959833,0.011185714285714287,782125.55,-15.815861440291707,0.39214000000000004,0.02102041864473239
2024-08-06 13:00:00,0.3694,0.3694,0.3694,0.3694,0,2024-08-06 13:59:59.999,0,0,0,0,0,50.0,-0.002335288114311662,0.00022428193042090875,-0.002559570044732571,0.4316378313204017,0.390075,0.34851216867959833,0.011185714285714287,782125.55,-8.314718292380237,0.38564000000000004,0.02223753583470543
2024-08-06 14:00:00,0.3694,0.3694,0.3694,0.3694,0,2024-08-06 14:59:59.999,0,0,0,0,0,9.557109557109541,-0.003666155487614564,-0.0005538055531861861,-0.003112349934428378,0.4316378313204017,0.390075,0.34851216867959833,0.006228571428571429,782125.55,-8.314718292380237,0.37751999999999997,0.01815687197729285
2024-08-06 15:00:00,0.3694,0.3694,0.3694,0.3694,0,2024-08-06 15:59:59.999,0,0,0,0,0,16.43286573146291,-0.004667078295898963,-0.0013764601017287417,-0.0032906181941702215,0.4316378313204017,0.390075,0.34851216867959833,0.003664285714285711,782125.55,-8.314718292380237,0.3694,0.0
2024-08-06 16:00:00,0.3694,0.3694,0.3694,0.3694,0,2024-08-06 16:59:59.999,0,0,0,0,0,16.43286573146291,-0.005398090999872207,-0.0021807862813574353,-0.003217304718514772,0.4316378313204017,0.390075,0.34851216867959833,0.003664285714285711,782125.55,-8.063713290194123,0.3694,0.0
2024-08-06 17:00:00,0.3694,0.3694,0.3694,0.3694,0,2024-08-06 17:59:59.999,0,0,0,0,0,16.43286573146291,-0.005909305044297153,-0.002926490033945379,-0.002982815010351774,0.4316378313204017,0.390075,0.34851216867959833,0.003664285714285711,782125.55,-8.08658870365762,0.3694,0.0
2024-08-06 18:00:00,0.3694,0.3694,0.3694,0.3694,0,2024-08-06 18:59:59.999,0,0,0,0,0,16.803278688524586,-0.006242486360649502,-0.003589689299286204,-0.002652797061363298,0.4316378313204017,0.390075,0.34851216867959833,0.0034857142857142825,782125.55,-8.08658870365762,0.3694,0.0
2024-08-06 19:00:00,0.3694,0.3694,0.3694,0.3694,0,2024-08-06 19:59:59.999,0,0,0,0,0,16.63244353182752,-0.00643238640781274,-0.004158228720991512,-0.002274157686821228,0.4316378313204017,0.390075,0.34851216867959833,0.003478571428571426,782125.55,-8.08658870365762,0.3694,0.0
2024-08-06 20:00:00,0.3694,0.3694,0.3694,0.3694,0,2024-08-06 20:59:59.999,0,0,0,0,0,16.63244353182752,-0.006507864947239095,-0.004628155966241029,-0.0018797089809980657,0.4221991730890671,0.386605,0.3510108269109328,0.003478571428571426,4147.45,-8.08658870365762,0.3694,0.0
2024-08-06 21:00:00,0.3694,0.3694,0.3694,0.3694,0,2024-08-06 21:59:59.999,0,0,0,0,0,16.63244353182752,-0.006492836851949235,-0.005001092143382671,-0.0014917447085665645,0.42044830365792507,0.38493,0.3494116963420749,0.003478571428571426,4046.4,-9.902439024390237,0.3694,0.0
2024-08-06 22:00:00,0.3694,0.3694,0.3694,0.3694,0,2024-08-06 22:59:59.999,0,0,0,0,0,16.63244353182752,-0.006407070260460668,-0.005282287766798271,-0.001124782493662397,0.4183623826393994,0.383255,0.3481476173606006,0.003478571428571426,4046.4,-9.902439024390237,0.3694,0.0
2024-08-06 23:00:00,0.402,0.402,0.3694,0.3694,5646,2024-08-06 23:59:59.999,2200.07910,3,0,0,0,0.0,-0.006266859167294914,-0.0054792020468976,-0.0007876571203973134,0.4159293874916622,0.38158000000000003,0.34723061250833787,0.005228571428571428,4328.7,0.0,0.3694,0.0
2024-08-07 00:00:00,0.4061,0.4061,0.4061,0.4061,3039,2024-08-07 00:59:59.999,1234.13790,1,3039,1234.13790,0,47.477360931435996,-0.003157954645101879,-0.005014952566538456,0.0018569979214365772,0.4167261789545904,0.381795,0.3468638210454096,0.00785,3226.95,9.93502977801841,0.37674,0.016412738954842437
2024-08-07 01:00:00,0.4061,0.4061,0.4061,0.4061,0,2024-08-07 01:59:59.999,0,0,0,0,0,100.0,-0.0006862151517016968,-0.0041492050835711045,0.0034629899318694077,0.4174911855997624,0.38200500000000004,0.3465188144002377,0.004950000000000002,2691.4,9.93502977801841,0.38408,0.02010141786043483
2024-08-07 02:00:00,0.4061,0.4061,0.4061,0.4061,0,2024-08-07 02:59:59.999,0,0,0,0,0,100.0,0.0012581530001270491,-0.0030677334668314737,0.004325886466958523,0.41824249096541255,0.38221499999999997,0.3461875090345874,0.004950000000000002,1983.1,9.93502977801841,0.39142,0.02010141786043498
2024-08-07 03:00:00,0.4061,0.4061,0.4061,0.4061,0,2024-08-07 03:59:59.999,0,0,0,0,0,100.0,0.002767180435319039,-0.0019007506864013712,0.00466793112172041,0.4189807037093248,0.382425,0.34586929629067525,0.004950000000000002,1983.1,9.93502977801841,0.39876,0.016412738954842996
2024-08-07 04:00:00,0.4061,0.4061,0.4061,0.4061,0,2024-08-07 04:59:59.999,0,0,0,0,0,100.0,0.003917932067616814,-0.0007370141355977339,0.004654946203214548,0.4197063834875897,0.382635,0.3455636165124103,0.004950000000000002,1983.1,9.93502977801841,0.4061,0.0
2024-08-07 05:00:00,0.4061,0.4061,0.4061,0.4061,0,2024-08-07 05:59:59.999,0,0,0,0,0,100.0,0.004774869305825935,0.00036536255268700016,0.004409506753138935,0.4189419624562519,0.38244,0.3459380375437481,0.004950000000000002,1429.55,9.93502977801841,0.4061,0.0
2024-08-07 06:00:00,0.4061,0.4061,0.4061,0.4061,0,2024-08-07 06:59:59.999,0,0,0,0,0,100.0,0.005391844414897762,0.0013706589251291528,0.004021185489768609,0.41816405959382835,0.382245,0.34632594040617165,0.004950000000000002,1429.55,9.93502977801841,0.4061,0.0
2024-08-07 07:00:00,0.4061,0.4061,0.4061,0.4061,0,2024-08-07 07:59:59.999,0,0,0,0,0,100.0,0.005813783951465146,0.002259283930396352,0.0035545000210687938,0.42097265224232894,0.38408000000000003,0.3471873477576711,0.004950000000000002,434.25,9.93502977801841,0.4061,0.0
2024-08-07 08:00:00,0.4061,0.4061,0.4061,0.4061,0,2024-08-07 08:59:59.999,0,0,0,0,0,100.0,0.0060781094122918655,0.003023049026775455,0.0030550603855164105,0.42337966545819505,0.385915,0.34845033454180496,0.004950000000000002,434.25,9.93502977801841,0.4061,0.0
2024-08-07 09:00:00,0.4061,0.4061,0.4061,0.4061,0,2024-08-07 09:59:59.999,0,0,0,0,0,100.0,0.006215935805677031,0.0036616263825557708,0.00255430942312126,0.4254034055215217,0.38775000000000004,0.35009659447847835,0.004950000000000002,434.25,9.93502977801841,0.4061,0.0
2024-08-07 10:00:00,0.4061,0.4061,0.4061,0.4061,0,2024-08-07 10:59:59.999,0,0,0,0,0,100.0,0.006253082571939683,0.004179917620432553,0.0020731649515071298,0.4270496654581951,0.38958499999999996,0.3521203345418048,0.004950000000000002,434.25,9.93502977801841,0.4061,0.0
2024-08-07 11:00:00,0.4061,0.4061,0.4061,0.4061,0,2024-08-07 11:59:59.999,0,0,0,0,0,100.0,0.0062109259634908764,0.004586119289044218,0.0016248066744466586,0.4283126522423291,0.39142,0.35452734775767086,0.004950000000000002,434.25,9.93502977801841,0.4061,0.0
2024-08-07 12:00:00,0.3694,0.3694,0.3694,0.3694,522,2024-08-07 12:59:59.999,192.82680,1,0,0,0,50.0,0.003179482170962755,0.004304791865427925,-0.00112530969446517,0.4283126522423291,0.39142,0.35452734775767086,0.0075714285714285744,460.35,-9.037182959862106,0.39876000000000006,0.016412738954842996
2024-08-07 13:00:00,0.3694,0.3694,0.3694,0.3694,0,2024-08-07 13:59:59.999,0,0,0,0,0,50.0,0.0007681859554953818,0.0035974706834414165,-0.0028292847279460347,0.4283126522423291,0.39142,0.35452734775767086,0.005242857142857145,460.35,-9.037182959862106,0.39142,0.020101417860434984
2024-08-07 14:00:00,0.3694,0.3694,0.3694,0.3694,281199,2024-08-07 14:59:59.999,103874.91060,1,0,0,0,0.0,-0.0011297604920132431,0.0026520244483504846,-0.0037817849403637277,0.4283126522423291,0.39142,0.35452734775767086,0.0026214285714285723,14520.3,-9.037182959862106,0.38408000000000003,0.02010141786043483
2024-08-07 15:00:00,0.3694,0.3694,0.3694,0.3694,0,2024-08-07 15:59:59.999,0,0,0,0,0,0.0,-0.0026038808085284137,0.0016008433969747049,-0.004204724205503119,0.4283126522423291,0.39142,0.35452734775767086,0.0026214285714285723,14520.3,-9.037182959862106,0.37673999999999996,0.016412738954842437
2024-08-07 16:00:00,0.3694,0.3694,0.3694,0.3694,0,2024-08-07 16:59:59.999,0,0,0,0,0,0.0,-0.0037291445230798193,0.0005348458129637998,-0.004263990336043619,0.4283126522423291,0.39142,0.35452734775767086,0.0026214285714285723,14520.3,-9.037182959862106,0.3694,0.0
2024-08-07 17:00:00,0.3952,0.3952,0.3952,0.3952,25,2024-08-07 17:59:59.999,9.88000,1,0,0,0,41.27999999999998,-0.002510144361852873,-7.415222199953492e-05,-0.002435992139853338,0.4281358246570398,0.39271,0.3572841753429602,0.004464285714285714,14521.55,-2.6840679635557794,0.37455999999999995,0.011538110763890271
2024-08-07 18:00:00,0.3952,0.3952,0.3952,0.3952,0,2024-08-07 18:59:59.999,0,0,0,0,0,41.27999999999998,-0.0015264816217250843,-0.0003646181019446449,-0.0011618635197804394,0.42768823002333334,0.394,0.3603117699766667,0.004464285714285714,14521.55,-2.6840679635557794,0.37972,0.014131241983626381
2024-08-07 19:00:00,0.3952,0.3952,0.3952,0.3952,0,2024-08-07 19:59:59.999,0,0,0,0,0,41.27999999999998,-0.0007384098837706077,-0.00043937645830983746,-0.0002990334254607702,0.4269252834331304,0.39529000000000003,0.36365471656686965,0.004464285714285714,14239.25,-2.6840679635557794,0.38488,0.014131241983626534
2024-08-07 20:00:00,0.3952,0.3952,0.3952,0.3952,0,2024-08-07 20:59:59.999,0,0,0,0,0,41.27999999999998,-0.00011255983399116598,-0.00037401313344610315,0.00026145329945493717,0.42596904437878247,0.394745,0.36352095562121756,0.004464285714285714,14087.3,-2.6840679635557794,0.39004000000000005,0.01153811076389083
2024-08-07 21:00:00,0.3952,0.3952,0.3952,0.3952,0,2024-08-07 21:59:59.999,0,0,0,0,0,41.27999999999998,0.00037906125724895823,-0.00022339825530709088,0.0006024595125560491,0.4249666942274266,0.3942,0.3634333057725734,0.004464285714285714,14087.3,-2.6840679635557794,0.3952,0.0
2024-08-07 22:00:00,0.3952,0.3952,0.3952,0.3952,0,2024-08-07 22:59:59.999,0,0,0,0,0,41.27999999999998,0.0007599146904741505,-2.6735666150842544e-05,0.0007866503566249931,0.42391614235850755,0.39365500000000003,0.3633938576414925,0.004464285714285714,14087.3,-2.6840679635557794,0.3952,0.0
2024-08-07 23:00:00,0.3952,0.3952,0.3952,0.3952,0,2024-08-07 23:59:59.999,0,0,0,0,0,41.27999999999998,0.0010496441359870712,0.00018854029427674027,0.0008611038417103309,0.4228149278208492,0.39311,0.36340507217915086,0.004464285714285714,14087.3,-2.6840679635557794,0.3952,0.0
2024-08-08 00:00:00,0.3952,0.3952,0.3952,0.3952,0,2024-08-08 00:59:59.999,0,0,0,0,0,41.27999999999998,0.0012646783837708675,0.0004037679121755658,0.0008609104715953018,0.4216601451909758,0.392565,0.3634698548090242,0.004464285714285714,14087.3,6.984298863021113,0.3952,0.0
2024-08-08 01:00:00,0.3952,0.3952,0.3952,0.3952,0,2024-08-08 01:59:59.999,0,0,0,0,0,41.27999999999998,0.0014187402202536226,0.0006067623737911773,0.0008119778464624452,0.4204483476017895,0.39202000000000004,0.36359165239821056,0.004464285714285714,14087.3,6.984298863021113,0.3952,0.0
2024-08-08 02:00:00,0.3952,0.3952,0.3952,0.3952,0,2024-08-08 02:59:59.999,0,0,0,0,0,100.0,0.0015232759585777078,0.0007900650907484835,0.0007332108678292243,0.41917541800938185,0.391475,0.3637745819906182,0.0018428571428571422,14087.3,6.984298863021113,0.3952,0.0
2024-08-08 03:00:00,0.3952,0.3952,0.3952,0.3952,0,2024-08-08 03:59:59.999,0,0,0,0,0,100.0,0.0015878179078791521,0.0009496156541746175,0.0006382022537045346,0.41783639524839594,0.39093,0.36402360475160406,0.0018428571428571422,14087.3,6.984298863021113,0.3952,0.0
2024-08-08 04:00:00,0.3952,0.3952,0.3952,0.3952,0,2024-08-08 04:59:59.999,0,0,0,0,0,100.0,0.0016202901712022433,0.001083750557580143,0.0005365396136221003,0.41642523405181736,0.39038500000000004,0.3643447659481827,0.0018428571428571422,14087.3,6.984298863021113,0.3952,0.0
2024-08-08 05:00:00,0.3952,0.3952,0.3952,0.3952,0,2024-08-08 05:59:59.999,0,0,0,0,0,100.0,0.00162726655789458,0.0011924537576430303,0.0004348128002515496,0.4149344657350193,0.38984,0.36474553426498074,0.0018428571428571422,14087.3,0.0,0.3952,0.0
2024-08-08 06:00:00,0.3952,0.3952,0.3952,0.3952,0,2024-08-08 06:59:59.999,0,0,0,0,0,100.0,0.0016141880396861041,0.0012768006140516453,0.00033738742563445886,0.4133547042463284,0.38929500000000006,0.3652352957536717,0.0018428571428571422,14087.3,0.0,0.3952,0.0
2024-08-08 15:00:00,0.3953,0.3953,0.3953,0.3953,15,2024-08-08 15:59:59.999,5.92950,1,0,0,0,100.0,0.0011322297036552298,0.001287050642352421,-0.00015482093869719112,0.3952497213568844,0.395205,0.39516027864311554,7.142857142856356e-06,0.75,0.02530364372469357,0.39521999999999996,4.4721357514950906e-05
2024-08-08 16:00:00,0.3953,0.3953,0.3953,0.3953,0,2024-08-08 16:59:59.999,0,0,0,0,0,100.0,0.0010753288258451565,0.001244706279050968,-0.0001693774532058115,0.39527155869918873,0.39520999999999995,0.39514844130081117,7.142857142856356e-06,0.75,0.02530364372469357,0.39524,5.477225408906831e-05
2024-08-08 17:00:00,0.3953,0.3953,0.3953,0.3953,94,2024-08-08 17:59:59.999,37.15820,1,0,0,0,100.0,0.001018493906468687,0.001199463804534512,-0.00018096989806582484,0.3952882695080798,0.395215,0.39514173049192014,7.142857142856356e-06,5.45,0.02530364372469357,0.39525999999999994,5.4772254089231734e-05
2024-08-08 18:00:00,0.3953,0.3953,0.3953,0.3953,0,2024-08-08 18:59:59.999,0,0,0,0,0,100.0,0.000962358355316606,0.0011520427146909308,-0.00018968435937432486,0.3953020782667148,0.39522,0.3951379217332852,7.142857142856356e-06,5.45,0.02530364372469357,0.39527999999999996,4.4721357515567655e-05
2024-08-08 19:00:00,0.3953,0.3953,0.3953,0.3953,0,2024-08-08 19:59:59.999,0,0,0,0,0,100.0,0.0009074104636125901,0.0011031162644752628,-0.00019570580086267263,0.3953138523303227,0.395225,0.3951361476696773,7.142857142856356e-06,5.45,0.02530364372469357,0.3953,0.0
2024-08-08 20:00:00,0.3953,0.3953,0.3953,0.3953,0,2024-08-08 20:59:59.999,0,0,0,0,0,100.0,0.0008540192611252162,0.0010532968638052535,-0.00019927760268003726,0.39532403246792913,0.39522999999999997,0.3951359675320708,7.142857142856356e-06,5.45,0.02530364372469357,0.3953,0.0
2024-08-08 21:00:00,0.3953,0.3953,0.3953,0.3953,0,2024-08-08 21:59:59.999,0,0,0,0,0,100.0,0.0008024561336935632,0.0010031287177829154,-0.00020067258408935224,0.3953328720957685,0.39523499999999995,0.3951371279042314,7.142857142856356e-06,5.45,0.02530364372469357,0.3953,0.0
2024-08-08 22:00:00,0.3953,0.3953,0.3953,0.3953,0,2024-08-08 22:59:59.999,0,0,0,0,0,100.0,0.0007529128727861711,0.0009530855487835665,-0.0002001726759973954,0.3953405249368049,0.39524,0.3951394750631951,7.142857142856356e-06,5.45,0.02530364372469357,0.3953,0.0
2024-08-08 23:00:00,0.3953,0.3953,0.3953,0.3953,0,2024-08-08 23:59:59.999,0,0,0,0,0,100.0,0.0007055167239523596,0.0009035717838173251,-0.00019805505986496546,0.39534708355593984,0.39524499999999996,0.3951429164440601,7.142857142856356e-06,5.45,0.02530364372469357,0.3953,0.0
2024-08-09 00:00:00,0.3953,0.3953,0.3953,0.3953,252,2024-08-09 00:59:59.999,99.61560,1,0,0,0,100.0,0.0006603429124847904,0.0008549260095508182,-0.00019458309706602787,0.3953525978340475,0.39525,0.39514740216595245,7.142857142856356e-06,18.05,0.02530364372469357,0.3953,0.0
2024-08-09 01:00:00,0.3953,0.3953,0.3953,0.3953,0,2024-08-09 01:59:59.999,0,0,0,0,0,100.0,0.0006174250497967826,0.0008074258176000111,-0.0001900007678032285,0.39535708355594007,0.39525499999999997,0.39515291644405987,7.142857142856356e-06,18.05,0.02530364372469357,0.3953,0.0
2024-08-09 02:00:00,0.3953,0.3953,0.3953,0.3953,0,2024-08-09 02:59:59.999,0,0,0,0,0,100.0,0.0005767637607984599,0.000761293406239701,-0.00018452964544124104,0.3953605249368053,0.39526,0.3951594750631947,7.142857142856356e-06,18.05,0.02530364372469357,0.3953,0.0
2024-08-09 03:00:00,0.3953,0.3953,0.3953,0.3953,0,2024-08-09 03:59:59.999,0,0,0,0,0,100.0,0.00053833381915247,0.0007167014888222548,-0.00017836766966978482,0.3953628720957692,0.395265,0.39516712790423075,7.142857142856356e-06,18.05,0.0,0.3953,0.0
2024-08-09 04:00:00,0.3953,0.3953,0.3953,0.3953,0,2024-08-09 04:59:59.999,0,0,0,0,0,100.0,0.0005020900321746069,0.0006737791974927253,-0.0001716891653181184,0.39536403246793,0.39526999999999995,0.3951759675320699,7.142857142856356e-06,18.05,0.0,0.3953,0.0
2024-08-09 16:00:00,0.4267,0.4267,0.4267,0.4267,972,2024-08-09 16:59:59.999,414.75240,4,0,0,0,100.0,0.002714341605740689,0.0007990318201606506,0.0019153097855800381,0.41091250689869047,0.39687,0.38282749310130954,0.002242857142857146,61.2,7.943334176574764,0.40158000000000005,0.014042506898692438
2024-08-09 17:00:00,0.4267,0.4267,0.4267,0.4267,25,2024-08-09 17:59:59.999,10.66750,1,0,0,0,100.0,0.004633176138721884,0.0015658606838728976,0.0030673154548489863,0.4177694321532785,0.39844,0.37911056784672154,0.002242857142857146,62.45,7.943334176574764,0.40786,0.017198488305657303
2024-08-09 18:00:00,0.4267,0.4267,0.4266,0.4266,4267030,2024-08-09 18:59:59.999,1820315.13260,6,0,0,0,99.68253968253954,0.006075759591755936,0.002467840465449506,0.00360791912630643,0.4229872334126029,0.400005,0.3770227665873971,0.002250000000000006,213413.95,7.918036933974196,0.41412000000000004,0.017180279392368356
2024-08-09 19:00:00,0.4266,0.4266,0.4266,0.4266,0,2024-08-09 19:59:59.999,0,0,0,0,0,99.68253968253954,0.007136749367303907,0.0034016222458203866,0.0037351271214835207,0.4273015779784868,0.40157,0.3758384220215132,0.002250000000000006,213413.95,7.918036933974196,0.4203799999999999,0.014020235376049963
2024-08-09 20:00:00,0.4266,0.4266,0.4266,0.4266,2416,2024-08-09 20:59:59.999,1030.66560,2,0,0,0,99.68253968253954,0.00788667868584092,0.004298633533824494,0.003588045152016426,0.4309813661051662,0.40313499999999997,0.37528863389483375,0.002250000000000006,213522.15,7.918036933974196,0.42664,5.477225437356517e-05
2024-08-09 21:00:00,0.4266,0.4266,0.4266,0.4266,175808,2024-08-09 21:59:59.999,74999.69280,1,0,0,0,99.68253968253954,0.008384353466052652,0.005115777520270126,0.003268575945782526,0.4341635546503027,0.40469999999999995,0.3752364453496972,0.002250000000000006,222312.55,7.918036933974196,0.42661999999999994,4.4721357863338105e-05
2024-08-09 22:00:00,0.4266,0.4266,0.4266,0.4266,0,2024-08-09 22:59:59.999,0,0,0,0,0,99.68253968253954,0.008678721416747859,0.005828366299565673,0.0028503551171821856,0.43692697885603965,0.406265,0.3756030211439603,0.002250000000000006,222312.55,7.918036933974196,0.4266,0.0
2024-08-09 23:00:00,0.4266,0.4266,0.4266,0.4266,0,2024-08-09 23:59:59.999,0,0,0,0,0,99.68253968253954,0.008810448769380919,0.006424782793528724,0.0023856659758521945,0.43931948696745454,0.40782999999999997,0.3763405130325454,0.002250000000000006,222312.55,7.918036933974196,0.4266,0.0
2024-08-10 00:00:00,0.4266,0.4266,0.4266,0.4266,0,2024-08-10 00:59:59.999,0,0,0,0,0,99.68253968253954,0.008813249985610394,0.006902476231945059,0.0019107737536653352,0.44136988981915615,0.40939499999999995,0.37742011018084376,0.002250000000000006,222312.55,7.918036933974196,0.4266,0.0
2024-08-10 01:00:00,0.4266,0.4266,0.4266,0.4266,0,2024-08-10 01:59:59.999,0,0,0,0,0,99.68253968253954,0.008715008773418575,0.007264982740239762,0.001450026033178813,0.44309369439994867,0.41096000000000005,0.3788263056000514,0.002250000000000006,222312.55,7.918036933974196,0.4266,0.0
2024-08-10 02:00:00,0.4266,0.4266,0.4266,0.4266,0,2024-08-10 02:59:59.999,0,0,0,0,0,99.68253968253954,0.008538722823428768,0.007519730756877564,0.0010189920665512045,0.4444957678981881,0.4125249999999999,0.3805542321018117,0.002250000000000006,222312.55,7.918036933974196,0.4266,0.0
2024-08-10 03:00:00,0.4266,0.4266,0.4266,0.4266,0,2024-08-10 03:59:59.999,0,0,0,0,0,99.68253968253954,0.008303299668041553,0.007676444539110362,0.0006268551289311903,0.44557111547545253,0.41409,0.3826088845245475,0.002250000000000006,222312.55,7.918036933974196,0.4266,0.0
2024-08-10 04:00:00,0.4266,0.4266,0.4266,0.4266,0,2024-08-10 04:59:59.999,0,0,0,0,0,99.68253968253954,0.008024226829284775,0.007746000997145246,0.00027822583213952916,0.446304081724028,0.415655,0.38500591827597197,0.002250000000000006,222312.55,-0.0234356690883629,0.4266,0.0
2024-08-10 05:00:00,0.4266,0.4266,0.4266,0.4266,0,2024-08-10 05:59:59.999,0,0,0,0,0,99.68253968253954,0.007714135837902258,0.00773962796529665,-2.5492127394391266e-05,0.4466656573511604,0.41722000000000004,0.3877743426488397,0.002250000000000006,222312.55,-0.0234356690883629,0.4266,0.0
2024-08-10 06:00:00,0.4266,0.4266,0.4266,0.4266,0,2024-08-10 06:59:59.999,0,0,0,0,0,0.0,0.007383276675561046,0.007668357707349529,-0.0002850810317884837,0.4466076923665946,0.418785,0.39096230763340545,7.142857142860322e-06,222312.55,0.0,0.4266,0.0
2024-08-10 07:00:00,0.4266,0.4266,0.4266,0.4266,2343,2024-08-10 07:59:59.999,999.52380,1,0,0,0,0.0,0.007039916628990894,0.007542669491677803,-0.0005027528626869084,0.4460508293947646,0.42035,0.3946491706052354,7.142857142860322e-06,222429.7,0.0,0.4266,0.0
2024-08-10 16:00:00,0.4725,0.4725,0.4725,0.4725,211,2024-08-10 16:59:59.999,99.69750,1,0,0,0,100.0,0.00778324713746803,0.005998576136378097,0.0017846710010899335,0.4494221040334449,0.42889499999999997,0.40836789596655504,0.0032785714285714284,8928.1,10.759493670886075,0.43578,0.020527104033444633
2024-08-10 17:00:00,0.4725,0.4725,0.4725,0.4725,0,2024-08-10 17:59:59.999,0,0,0,0,0,100.0,0.010343232011584658,0.0068675073114194095,0.003475724700165248,0.45944544381642294,0.43118999999999996,0.402934556183577,0.0032785714285714284,137.7,10.759493670886075,0.4449599999999999,0.02514046538948452
2024-08-10 18:00:00,0.4725,0.4725,0.4725,0.4725,0,2024-08-10 18:59:59.999,0,0,0,0,0,100.0,0.012231046576643756,0.00794021516446428,0.0042908314121794765,0.4671157049552838,0.43348499999999995,0.3998542950447161,0.0032785714285714284,137.7,10.759493670886075,0.45413999999999993,0.025140465389484733
2024-08-10 19:00:00,0.4266,0.4266,0.4266,0.4266,211,2024-08-10 19:59:59.999,90.01260,1,0,0,0,50.0,0.009909179964349313,0.008334008124441286,0.001575171839908027,0.4671157049552839,0.433485,0.39985429504471615,0.006557142857142857,148.25,0.0,0.45413999999999993,0.025140465389484733
2024-08-10 20:00:00,0.4266,0.4266,0.4266,0.4266,0,2024-08-10 20:59:59.999,0,0,0,0,0,50.0,0.007977128573356917,0.008262632214224411,-0.00028550364086749394,0.4671157049552838,0.43348499999999995,0.3998542950447161,0.006557142857142857,148.25,0.0,0.45413999999999993,0.025140465389484733
2024-08-10 21:00:00,0.4266,0.4266,0.4266,0.4266,0,2024-08-10 21:59:59.999,0,0,0,0,0,50.0,0.006372505647954274,0.007884606900970384,-0.0015121012530161099,0.4671157049552838,0.43348499999999995,0.3998542950447161,0.006557142857142857,148.25,0.0,0.44496,0.0251404653894845
2024-08-10 22:00:00,0.4266,0.4266,0.4266,0.4266,0,2024-08-10 22:59:59.999,0,0,0,0,0,50.0,0.005042701297306051,0.007316225780237517,-0.0022735244829314655,0.4671157049552839,0.433485,0.39985429504471615,0.006557142857142857,148.25,0.0,0.43577999999999995,0.020527104033444567
2024-08-10 23:00:00,0.4266,0.4266,0.4266,0.4266,0,2024-08-10 23:59:59.999,0,0,0,0,0,50.0,0.003943365110361585,0.006641653646262331,-0.0026982885359007457,0.4671157049552838,0.43348499999999995,0.3998542950447161,0.006557142857142857,148.25,0.0,0.4266,0.0
2024-08-11 00:00:00,0.4266,0.4266,0.4266,0.4266,0,2024-08-11 00:59:59.999,0,0,0,0,0,50.0,0.0030371231962556533,0.005920747556260995,-0.002883624360005342,0.4671157049552838,0.43348499999999995,0.3998542950447161,0.006557142857142857,148.25,0.0,0.4266,0.0
2024-08-11 01:00:00,0.4266,0.4266,0.4266,0.4266,0,2024-08-11 01:59:59.999,0,0,0,0,0,50.0,0.0022924935120273715,0.005195096747414271,-0.0029026032353868993,0.4671157049552839,0.433485,0.39985429504471615,0.006557142857142857,148.25,0.0,0.4266,0.0
2024-08-11 02:00:00,0.4266,0.4266,0.4266,0.4266,0,2024-08-11 02:59:59.999,0,0,0,0,0,50.0,0.0016829689045889107,0.004492671178849199,-0.002809702274260288,0.4671157049552838,0.43348499999999995,0.3998542950447161,0.006557142857142857,148.25,0.0,0.4266,0.0
2024-08-11 03:00:00,0.4266,0.4266,0.4266,0.4266,0,2024-08-11 03:59:59.999,0,0,0,0,0,50.0,0.0011862420024125186,0.0038313853435618626,-0.002645143341149344,0.4671157049552838,0.43348499999999995,0.3998542950447161,0.006557142857142857,31.1,0.0,0.4266,0.0
2024-08-11 04:00:00,0.4266,0.4266,0.4266,0.4266,0,2024-08-11 04:59:59.999,0,0,0,0,0,50.0,0.0007835500761784187,0.0032218182900851738,-0.002438268213906755,0.4671157049552839,0.433485,0.39985429504471615,0.006557142857142857,31.1,-9.714285714285714,0.4266,0.0
2024-08-11 05:00:00,0.4266,0.4266,0.4266,0.4266,0,2024-08-11 05:59:59.999,0,0,0,0,0,50.0,0.000459121358175274,0.002669278903703194,-0.00221015754552792,0.4671157049552839,0.433485,0.39985429504471615,0.006557142857142857,31.1,-9.714285714285714,0.4266,0.0
2024-08-11 06:00:00,0.4266,0.4266,0.4266,0.4266,48322,2024-08-11 06:59:59.999,20614.16520,1,0,0,0,0.0,0.00019970716192585503,0.0021753645553477265,-0.0019756573934218715,0.4671157049552838,0.43348499999999995,0.3998542950447161,0.0032785714285714284,2437.2,-9.714285714285714,0.4266,0.0
2024-08-11 07:00:00,0.4737,0.4737,0.4737,0.4737,422,2024-08-11 07:59:59.999,199.90140,2,211,99.95070,0,50.6451612903226,0.0037514515134463022,0.002490581946967442,0.0012608695664788603,0.47376315776325495,0.43583999999999995,0.39791684223674495,0.006642857142857145,2458.3,11.040787623066112,0.43601999999999996,0.021063760348044625
2024-08-11 08:00:00,0.4737,0.4737,0.4737,0.4737,0,2024-08-11 08:59:59.999,0,0,0,0,0,50.6451612903226,0.006491405617760682,0.0032907466811260898,0.003200658936634592,0.47940912506972644,0.438195,0.39698087493027356,0.006642857142857145,2458.3,11.040787623066112,0.44543999999999995,0.02579773245849079
2024-08-11 09:00:00,0.4737,0.4737,0.4737,0.4737,0,2024-08-11 09:59:59.999,0,0,0,0,0,100.0,0.008564117173929908,0.004345420779686854,0.004218696394243054,0.4842802978193417,0.44055,0.3968197021806583,0.0033642857142857164,2458.3,11.040787623066112,0.45485999999999993,0.025797732458491016
2024-08-11 10:00:00,0.4266,0.4266,0.4266,0.4266,30,2024-08-11 10:59:59.999,12.79800,1,0,0,0,50.0,0.006333174750143167,0.004742971573778117,0.0015902031763650494,0.48428029781934157,0.4405499999999999,0.3968197021806582,0.006728571428571433,2459.8,0.0,0.45486000000000004,0.025797732458491016
2024-08-11 11:00:00,0.4266,0.4266,0.4266,0.4266,0,2024-08-11 11:59:59.999,0,0,0,0,0,50.0,0.0045131124551518464,0.004696999750052864,-0.00018388729490101743,0.4842802978193417,0.44055,0.3968197021806583,0.006728571428571433,2459.8,0.0,0.45485999999999993,0.025797732458491016
2024-08-11 12:00:00,0.4266,0.4266,0.4266,0.4266,0,2024-08-11 12:59:59.999,0,0,0,0,0,50.0,0.003035706241638514,0.004364741048369994,-0.00132903480673148,0.479682347946672,0.438255,0.396827652053328,0.006728571428571433,2449.25,0.0,0.44543999999999995,0.025797732458490787
2024-08-11 13:00:00,0.4266,0.4266,0.4266,0.4266,0,2024-08-11 13:59:59.999,0,0,0,0,0,50.0,0.0018435993080694324,0.0038605127003098817,-0.0020169133922404493,0.4743755889410028,0.43595999999999996,0.3975444110589971,0.006728571428571433,2449.25,0.0,0.43601999999999996,0.02106376034804464
2024-08-11 14:00:00,0.4266,0.4266,0.4266,0.4266,14,2024-08-11 14:59:59.999,5.97240,1,0,0,0,50.0,0.0008886027155800003,0.0032661307033639056,-0.0023775279877839054,0.468174939071762,0.43366499999999997,0.39915506092823794,0.006728571428571433,2449.95,0.0,0.4266,0.0
2024-08-11 15:00:00,0.4266,0.4266,0.4266,0.4266,0,2024-08-11 15:59:59.999,0,0,0,0,0,50.0,0.00013025948538941678,0.0026389564597690076,-0.002508696974379591,0.468174939071762,0.43366499999999997,0.39915506092823794,0.006728571428571433,2439.4,0.0,0.4266,0.0
2024-08-11 16:00:00,0.4266,0.4266,0.4266,0.4266,0,2024-08-11 16:59:59.999,0,0,0,0,0,50.0,-0.0004653685096075999,0.002018091465893686,-0.002483459975501286,0.4681749390717621,0.4336650000000001,0.39915506092823805,0.006728571428571433,2439.4,0.0,0.4266,0.0
2024-08-11 17:00:00,0.4266,0.4266,0.4266,0.4266,0,2024-08-11 17:59:59.999,0,0,0,0,0,50.0,-0.000926725274809137,0.0014291281177531213,-0.0023558533925622585,0.468174939071762,0.43366499999999997,0.39915506092823794,0.006728571428571433,2439.4,0.0,0.4266,0.0
2024-08-11 18:00:00,0.4266,0.4266,0.4266,0.4266,0,2024-08-11 18:59:59.999,0,0,0,0,0,50.0,-0.0012776261560946134,0.0008877772629835743,-0.0021654034190781877,0.468174939071762,0.43366499999999997,0.39915506092823794,0.006728571428571433,2439.4,0.0,0.4266,0.0
2024-08-11 19:00:00,0.4266,0.4266,0.4266,0.4266,0,2024-08-11 19:59:59.999,0,0,0,0,0,50.0,-0.0015379886567474244,0.0004026240790373745,-0.001940612735784799,0.4681749390717621,0.4336650000000001,0.39915506092823805,0.006728571428571433,2439.4,-9.943001899936675,0.4266,0.0
2024-08-11 20:00:00,0.4266,0.4266,0.4266,0.4266,0,2024-08-11 20:59:59.999,0,0,0,0,0,50.0,-0.001724449434674813,-2.2790623705063088e-05,-0.00170165881096975,0.468174939071762,0.43366499999999997,0.39915506092823794,0.006728571428571433,2439.4,-9.943001899936675,0.4266,0.0
2024-08-11 21:00:00,0.4266,0.4266,0.4266,0.4266,7367,2024-08-11 21:59:59.999,3142.76220,1,0,0,0,0.0,-0.0018508850933395826,-0.0003884095176319671,-0.0014624755757076155,0.468174939071762,0.43366499999999997,0.39915506092823794,0.0033642857142857164,2807.75,-9.943001899936675,0.4266,0.0
2024-08-11 22:00:00,0.4266,0.4266,0.4266,0.4266,0,2024-08-11 22:59:59.999,0,0,0,0,0,0.0,-0.0019288516624548224,-0.0006964979465965383,-0.0012323537158582842,0.4681749390717621,0.4336650000000001,0.39915506092823805,0.0033642857142857164,2807.75,0.0,0.4266,0.0
2024-08-11 23:00:00,0.4266,0.4266,0.4266,0.4266,0,2024-08-11 23:59:59.999,0,0,0,0,0,0.0,-0.0019679553657507842,-0.0009507894304273876,-0.0010171659353233966,0.468174939071762,0.43366499999999997,0.39915506092823794,0.0033642857142857164,2807.75,0.0,0.4266,0.0
2024-08-12 23:00:00,0.427,0.427,0.427,0.427,3039,2024-08-12 23:59:59.999,1297.65300,2,0,0,0,100.0,-0.0005478166636408988,-0.0007800742462375259,0.00023225758259662712,0.426798885437816,0.42661999999999994,0.42644111456218387,2.857142857142939e-05,151.95,0.09376465072667874,0.42668,0.0001788854377708174
2024-08-13 00:00:00,0.427,0.427,0.427,0.427,0,2024-08-13 00:59:59.999,0,0,0,0,0,100.0,-0.0004830320920475306,-0.0007206658153995269,0.00023763372335199625,0.42688623480422166,0.42664,0.4263937651957784,2.857142857142939e-05,151.95,0.09376465072667874,0.42676,0.00021908902265184237
2024-08-13 01:00:00,0.427,0.427,0.427,0.427,0,2024-08-13 01:59:59.999,0,0,0,0,0,100.0,-0.0004267703098356779,-0.0006618867142867571,0.00023511640445107924,0.4269530780385919,0.42666000000000004,0.4263669219614082,2.857142857142939e-05,151.95,0.09376465072667874,0.42684,0.0002190890226520172
2024-08-13 02:00:00,0.427,0.427,0.427,0.427,0,2024-08-13 02:59:59.999,0,0,0,0,0,100.0,-0.00037782708662309483,-0.0006050747887540247,0.00022724770213092987,0.42700831307245835,0.42668,0.42635168692754166,2.857142857142939e-05,151.95,0.09376465072667874,0.42691999999999997,0.00017888543777147604
2024-08-13 03:00:00,0.427,0.427,0.427,0.427,0,2024-08-13 03:59:59.999,0,0,0,0,0,100.0,-0.000335175534685872,-0.0005510949379403942,0.00021591940325452219,0.4270554093264625,0.42669999999999997,0.4263445906735374,2.857142857142939e-05,151.95,0.09376465072667874,0.427,0.0
2024-08-13 04:00:00,0.427,0.427,0.427,0.427,0,2024-08-13 04:59:59.999,0,0,0,0,0,100.0,-0.00029793941240252586,-0.0005004638328328205,0.00020252442043029468,0.42709612987660295,0.4267199999999999,0.4263438701233968,2.857142857142939e-05,151.95,0.09376465072667874,0.427,0.0
2024-08-13 05:00:00,0.427,0.427,0.427,0.427,0,2024-08-13 05:59:59.999,0,0,0,0,0,100.0,-0.00026537049138392055,-0.0004534451645430405,0.00018807467315911996,0.4271314883877687,0.42674,0.4263485116122313,2.857142857142939e-05,151.95,0.09376465072667874,0.427,0.0
2024-08-13 06:00:00,0.427,0.427,0.427,0.427,0,2024-08-13 06:59:59.999,0,0,0,0,0,100.0,-0.00023682936532792853,-0.0004101220047000181,0.00017329263937208958,0.4271620997517897,0.42676,0.42635790024821024,2.857142857142939e-05,151.95,0.09376465072667874,0.427,0.0
2024-08-13 07:00:00,0.427,0.427,0.427,0.427,0,2024-08-13 07:59:59.999,0,0,0,0,0,100.0,-0.0002117691740837202,-0.0003704514385767585,0.0001586822644930383,0.4271883342282595,0.42677999999999994,0.42637166577174035,2.857142857142939e-05,151.95,0.09376465072667874,0.427,0.0
2024-08-13 08:00:00,0.427,0.427,0.427,0.427,0,2024-08-13 08:59:59.999,0,0,0,0,0,100.0,-0.00018972179719339843,-0.00033430551030008655,0.00014458371310668811,0.4272103913406673,0.42679999999999996,0.4263896086593326,2.857142857142939e-05,151.95,0.09376465072667874,0.427,0.0
2024-08-13 09:00:00,0.428,0.428,0.428,0.428,47,2024-08-13 09:59:59.999,20.11600,2,0,0,0,100.0,-9.051405977572591e-05,-0.0002855472201952144,0.0001950331604194885,0.42753522651454434,0.42686999999999997,0.4262047734854556,0.00010000000000000089,154.3,0.32817627754336903,0.4272,0.0004472135953288706
2024-08-13 10:00:00,0.428,0.428,0.428,0.428,2569,2024-08-13 10:59:59.999,1099.53200,2,0,0,0,100.0,-1.1755700718818485e-05,-0.00023078891629993523,0.00021903321558111675,0.427761808019501,0.42693999999999993,0.4261181919804989,0.00010000000000000089,282.75,0.32817627754336903,0.4274,0.0005477225573656679
2024-08-13 11:00:00,0.428,0.428,0.428,0.428,7908,2024-08-13 11:59:59.999,3384.62400,2,0,0,0,100.0,5.008353444790892e-05,-0.0001746144261503664,0.00022469796059827531,0.4279411000849988,0.42701,0.4260788999150012,0.00010000000000000089,678.15,0.2341920374707262,0.4276,0.0005477225573658705
2024-08-13 12:00:00,0.428,0.428,0.428,0.428,0,2024-08-13 12:59:59.999,0,0,0,0,0,100.0,9.796232514042158e-05,-0.00012009907589220881,0.0002180614010326304,0.42808859464491866,0.42707999999999996,0.42607140535508126,0.00010000000000000089,678.15,0.2341920374707262,0.42779999999999996,0.0004472135953296153
2024-08-13 13:00:00,0.428,0.428,0.428,0.428,0,2024-08-13 13:59:59.999,0,0,0,0,0,100.0,0.00013435781841636407,-6.920769703049423e-05,0.0002035655154468583,0.42821128025956284,0.42715,0.4260887197404371,7.142857142857149e-05,678.15,0.2341920374707262,0.428,0.0
2024-08-13 14:00:00,0.428,0.428,0.428,0.428,0,2024-08-13 14:59:59.999,0,0,0,0,0,100.0,0.00016134166279585527,-2.3097825065224315e-05,0.00018443948786107958,0.42831275123565354,0.42722000000000004,0.42612724876434654,7.142857142857149e-05,678.15,0.2341920374707262,0.428,0.0
2024-08-13 15:00:00,0.428,0.428,0.428,0.428,0,2024-08-13 15:59:59.999,0,0,0,0,0,100.0,0.0001806441999844255,1.7650579944705657e-05,0.00016299362003971982,0.4283948219670209,0.42729,0.4261851780329791,7.142857142857149e-05,678.15,0.2341920374707262,0.428,0.0
2024-08-13 16:00:00,0.4335,0.4335,0.4335,0.4335,23,2024-08-13 16:59:59.999,9.97050,1,0,0,0,100.0,0.0006324550858160527,0.0001406114811189751,0.0004918436046970776,0.43059101082539725,0.427635,0.42467898917460273,0.0004642857142857147,679.3,1.5222482435597202,0.42910000000000004,0.002459674775219128
2024-08-13 17:00:00,0.4335,0.4335,0.4335,0.4335,0,2024-08-13 17:59:59.999,0,0,0,0,0,100.0,0.0009792305082104713,0.00030833528653727445,0.0006708952216731969,0.4318855156678019,0.4279800000000001,0.42407448433219824,0.0004642857142857147,679.3,1.5222482435597202,0.43019999999999997,0.003012474066253634
2024-08-13 18:00:00,0.4335,0.4335,0.4335,0.4335,0,2024-08-13 18:59:59.999,0,0,0,0,0,100.0,0.001239761331930156,0.0004946204956158509,0.0007451408363143051,0.43288194957987813,0.42832499999999996,0.4237680504201218,0.0004642857142857147,679.3,1.5222482435597202,0.43129999999999996,0.0030124740662538707
2024-08-13 19:00:00,0.4335,0.4335,0.4335,0.4335,0,2024-08-13 19:59:59.999,0,0,0,0,0,100.0,0.0014297525888966045,0.0006816469142720017,0.0007481056746246028,0.43370860392638916,0.42865000000000003,0.4235913960736109,0.0004642857142857147,527.35,1.5222482435597202,0.4324,0.0024596747752200104
2024-08-13 20:00:00,0.4335,0.4335,0.4335,0.4335,0,2024-08-13 20:59:59.999,0,0,0,0,0,100.0,0.0015623126610053162,0.0008577800636186649,0.0007045325973866513,0.4344085701164516,0.428975,0.42354142988354837,0.0004642857142857147,527.35,1.5222482435597202,0.4335,0.0
2024-08-13 21:00:00,0.4335,0.4335,0.4335,0.4335,0,2024-08-13 21:59:59.999,0,0,0,0,0,100.0,0.0016483661344693923,0.0010158972777888104,0.0006324688566805819,0.4350068748937139,0.4293,0.4235931251062861,0.0004642857142857147,527.35,1.2850467289719638,0.4335,0.0
2024-08-13 22:00:00,0.4335,0.4335,0.4335,0.4335,0,2024-08-13 22:59:59.999,0,0,0,0,0,100.0,0.0016970021477592523,0.0011521182517828987,0.0005448838959763536,0.43551768056239243,0.429625,0.42373231943760753,0.0004642857142857147,527.35,1.2850467289719638,0.4335,0.0
2024-08-13 23:00:00,0.4335,0.4335,0.4335,0.4335,0,2024-08-13 23:59:59.999,0,0,0,0,0,100.0,0.0017157682305618538,0.00126484824753869,0.0004509199830231639,0.4359491227428753,0.42995,0.4239508772571247,0.0003928571428571432,527.35,1.2850467289719638,0.4335,0.0
2024-08-14 00:00:00,0.4335,0.4335,0.4335,0.4335,0,2024-08-14 00:59:59.999,0,0,0,0,0,100.0,0.0017109180876798136,0.0013540622155669149,0.0003568558721128987,0.43630540541535634,0.4302750000000001,0.4242445945846438,0.0003928571428571432,527.35,1.2850467289719638,0.4335,0.0
2024-08-14 01:00:00,0.4335,0.4335,0.4335,0.4335,0,2024-08-14 01:59:59.999,0,0,0,0,0,100.0,0.0016876204761606672,0.0014207738676856655,0.0002668466084750018,0.4365877067044756,0.4306,0.42461229329552436,0.0003928571428571432,527.35,1.2850467289719638,0.4335,0.0
2024-08-14 02:00:00,0.4335,0.4335,0.4335,0.4335,0,2024-08-14 02:59:59.999,0,0,0,0,0,100.0,0.0016501352195439911,0.0014666461380573308,0.0001834890814866603,0.43679441223632104,0.43092499999999995,0.42505558776367885,0.0003928571428571432,527.35,1.2850467289719638,0.4335,0.0
2024-08-14 03:00:00,0.4335,0.4335,0.4335,0.4335,0,2024-08-14 03:59:59.999,0,0,0,0,0,100.0,0.0016019614689806727,0.0014937092042419994,0.00010825226473867335,0.43692079313118715,0.43125,0.4255792068688129,0.0003928571428571432,527.35,1.2850467289719638,0.4335,0.0
2024-08-14 04:00:00,0.4335,0.4335,0.4335,0.4335,0,2024-08-14 04:59:59.999,0,0,0,0,0,100.0,0.0015459625308585911,0.001504159869565318,4.180266129327325e-05,0.43695796533421416,0.43157500000000004,0.4261920346657859,0.0003928571428571432,527.35,0.0,0.4335,0.0
2024-08-14 05:00:00,0.4335,0.4335,0.4335,0.4335,0,2024-08-14 05:59:59.999,0,0,0,0,0,100.0,0.0014844709123201238,0.0015002220781162793,-1.5751165796155497e-05,0.43702178580578616,0.43185,0.42667821419421387,0.0003928571428571432,525.0,0.0,0.4335,0.0
2024-08-16 19:00:00,0.428,0.428,0.396,0.396,11407785,2024-08-16 19:59:59.999,4520268.66020,9,1320364,522864.14400,0,0.0,-0.0029741398014307974,-0.0005728687094038505,-0.002401271092026947,0.4483955098312448,0.43162500000000004,0.41485449016875525,0.00307142857142857,579194.15,-8.650519031141863,0.426,0.016770509831243802
2024-08-16 20:00:00,0.396,0.396,0.396,0.396,0,2024-08-16 20:59:59.999,0,0,0,0,0,0.0,-0.0052850611788888835,-0.0015153072033008573,-0.003769753975588026,0.4528345129219132,0.42974999999999997,0.40666548707808675,0.00307142857142857,579194.15,-8.650519031141863,0.41850000000000004,0.020539595906439716
2024-08-16 21:00:00,0.396,0.396,0.396,0.396,0,2024-08-16 21:59:59.999,0,0,0,0,0,0.0,-0.007035383498220582,-0.0026193224622848028,-0.004416061035935779,0.45535106613993676,0.42787499999999995,0.40039893386006314,0.00307142857142857,579194.15,-8.650519031141863,0.41100000000000003,0.020539595906439473
2024-08-16 22:00:00,0.396,0.396,0.396,0.396,0,2024-08-16 22:59:59.999,0,0,0,0,0,0.0,-0.008326543338173065,-0.0037607666374624557,-0.004565776700710609,0.4567793505625524,0.42600000000000005,0.39522064943744767,0.00307142857142857,579194.15,-8.650519031141863,0.4035,0.016770509831242928
2024-08-16 23:00:00,0.396,0.396,0.396,0.396,0,2024-08-16 23:59:59.999,0,0,0,0,0,0.0,-0.009243246422601159,-0.004857262594490198,-0.004385983828110961,0.4574446243739468,0.424125,0.39080537562605316,0.00307142857142857,579194.15,-8.650519031141863,0.396,0.0
2024-08-17 00:00:00,0.396,0.396,0.396,0.396,0,2024-08-17 00:59:59.999,0,0,0,0,0,0.0,-0.009856124948319944,-0.005857035065256148,-0.0039990898830637965,0.4575121759486199,0.42225,0.3869878240513801,0.00307142857142857,579194.15,-8.650519031141863,0.396,0.0
2024-08-17 01:00:00,0.396,0.396,0.396,0.396,0,2024-08-17 01:59:59.999,0,0,0,0,0,0.0,-0.010223979919201376,-0.006730424036045194,-0.0034935558831561816,0.4570770363697173,0.42037499999999994,0.3836729636302826,0.00307142857142857,579194.15,-8.650519031141863,0.396,0.0
2024-08-17 02:00:00,0.396,0.396,0.396,0.396,0,2024-08-17 02:59:59.999,0,0,0,0,0,0.0,-0.010395672789046406,-0.007463473786645437,-0.002932199002400969,0.45619685174625046,0.4185,0.3808031482537495,0.00307142857142857,579194.15,-8.650519031141863,0.396,0.0
2024-08-17 03:00:00,0.396,0.396,0.396,0.396,0,2024-08-17 03:59:59.999,0,0,0,0,0,0.0,-0.01041172078919228,-0.008053123187154806,-0.002358597602037474,0.45490633391505086,0.41662499999999997,0.37834366608494907,0.002678571428571427,579194.15,-8.650519031141863,0.396,0.0
2024-08-17 04:00:00,0.4,0.4,0.396,0.396,350,2024-08-17 04:59:59.999,139.10000,3,225,89.10000,0,0.0,-0.010305641919914066,-0.008503626933706659,-0.0018020149862074068,0.4532241882031911,0.41475,0.3762758117968089,0.002964285714285713,579211.65,-8.650519031141863,0.396,0.0
2024-08-17 05:00:00,0.396,0.396,0.396,0.396,0,2024-08-17 05:59:59.999,0,0,0,0,0,0.0,-0.010105088481933588,-0.008823919243352045,-0.0012811692385815438,0.4511563339150508,0.412875,0.3745936660849492,0.002964285714285713,579211.65,-8.650519031141863,0.396,0.0
2024-08-17 06:00:00,0.396,0.396,0.396,0.396,0,2024-08-17 06:59:59.999,0,0,0,0,0,0.0,-0.009832802016485231,-0.009025695797978682,-0.0008071062185065498,0.4486968517462503,0.41100000000000003,0.3733031482537498,0.002964285714285713,579211.65,-8.650519031141863,0.396,0.0
2024-08-17 07:00:00,0.396,0.396,0.396,0.396,0,2024-08-17 07:59:59.999,0,0,0,0,0,0.0,-0.009507417440803634,-0.009122040126543673,-0.00038537731425996105,0.44582703636971704,0.40912500000000007,0.3724229636302831,0.002964285714285713,579211.65,0.0,0.396,0.0
2024-08-17 08:00:00,0.396,0.396,0.396,0.396,0,2024-08-17 08:59:59.999,0,0,0,0,0,0.0,-0.009144139867938439,-0.009126460074822627,-1.767979311581222e-05,0.4425121759486194,0.40725,0.3719878240513806,0.002964285714285713,579200.15,0.0,0.396,0.0
2024-08-18 04:00:00,0.4188,0.4188,0.4188,0.4188,13328,2024-08-18 04:59:59.999,5581.76640,2,13328,5581.76640,0,100.0,-0.0007909993362372747,-0.0032347807290432863,0.0024437813928060116,0.40733646997738887,0.39714000000000005,0.3869435300226112,0.003257142857142855,742.8,5.757575757575753,0.40056,0.010196469977389839
2024-08-18 05:00:00,0.4188,0.4188,0.4188,0.4188,0,2024-08-18 05:59:59.999,0,0,0,0,0,100.0,0.0007963675761140654,-0.002428551068011816,0.0032249186441258813,0.4123153838565176,0.3982800000000001,0.38424461614348254,0.003257142857142855,742.8,5.757575757575753,0.40512000000000004,0.012488074311110495
2024-08-18 06:00:00,0.4188,0.4188,0.4188,0.4188,0,2024-08-18 06:59:59.999,0,0,0,0,0,100.0,0.0020309556974592025,-0.001536649714917612,0.0035676054123768147,0.41612544821307695,0.39942,0.38271455178692304,0.003257142857142855,742.8,5.757575757575753,0.40968,0.01248807431111071
2024-08-18 07:00:00,0.4188,0.4188,0.4188,0.4188,0,2024-08-18 07:59:59.999,0,0,0,0,0,100.0,0.0029750807988269123,-0.000634303612168707,0.0036093844109956193,0.4192738451420278,0.40056,0.38184615485797224,0.003257142857142855,742.8,5.757575757575753,0.41424000000000005,0.010196469977390639
2024-08-18 08:00:00,0.4188,0.4188,0.4188,0.4188,0,2024-08-18 08:59:59.999,0,0,0,0,0,100.0,0.0036808758976326628,0.0002287322897915672,0.0034521436078410956,0.42195833161935603,0.40170000000000006,0.3814416683806441,0.003257142857142855,742.8,5.757575757575753,0.4188,0.0
2024-08-18 09:00:00,0.396,0.396,0.396,0.396,150,2024-08-18 09:59:59.999,59.40000,2,0,0,0,50.0,0.002373098543162755,0.0006576055404658049,0.00171549300269695,0.42195833161935603,0.40170000000000006,0.3814416683806441,0.004885714285714283,750.3,0.0,0.41424000000000005,0.010196469977390639
2024-08-18 10:00:00,0.396,0.396,0.396,0.396,0,2024-08-18 10:59:59.999,0,0,0,0,0,50.0,0.0013214427977157883,0.0007903729919158018,0.0005310698057999865,0.42195833161935603,0.40170000000000006,0.3814416683806441,0.004885714285714283,750.3,0.0,0.40968,0.01248807431111073
2024-08-18 11:00:00,0.396,0.396,0.396,0.396,0,2024-08-18 11:59:59.999,0,0,0,0,0,50.0,0.00048243681142301487,0.0007287857558172445,-0.00024634894439422967,0.42195833161935603,0.40170000000000006,0.3814416683806441,0.004885714285714283,750.3,0.0,0.40512000000000004,0.012488074311110538
2024-08-18 12:00:00,0.396,0.396,0.396,0.396,0,2024-08-18 12:59:59.999,0,0,0,0,0,50.0,-0.00018040191642948455,0.0005469482213678987,-0.0007273501377973833,0.42195833161935603,0.40170000000000006,0.3814416683806441,0.004885714285714283,749.7,0.0,0.40056,0.01019646997738993
2024-08-18 13:00:00,0.396,0.396,0.396,0.396,0,2024-08-18 13:59:59.999,0,0,0,0,0,50.0,-0.0006976641457562827,0.0002980257479430624,-0.0009956898936993451,0.42195833161935603,0.40170000000000006,0.3814416683806441,0.004885714285714283,749.7,0.0,0.396,0.0
2024-08-18 14:00:00,0.396,0.396,0.396,0.396,0,2024-08-18 14:59:59.999,0,0,0,0,0,50.0,-0.0010949759875848453,1.942540083748079e-05,-0.001114401388422326,0.42195833161935603,0.40170000000000006,0.3814416683806441,0.004885714285714283,749.7,0.0,0.396,0.0
2024-08-18 15:00:00,0.396,0.396,0.396,0.396,0,2024-08-18 15:59:59.999,0,0,0,0,0,50.0,-0.0013937818353128573,-0.0002632160463925869,-0.0011305657889202703,0.42195833161935603,0.40170000000000006,0.3814416683806441,0.004885714285714283,749.7,0.0,0.396,0.0
2024-08-18 16:00:00,0.396,0.396,0.396,0.396,25,2024-08-18 16:59:59.999,9.90000,1,0,0,0,50.0,-0.0016120054272898976,-0.0005329739225720491,-0.0010790315047178485,0.42195833161935603,0.40170000000000006,0.3814416683806441,0.004885714285714283,750.95,-5.4441260744985644,0.396,0.0
2024-08-18 17:00:00,0.396,0.396,0.396,0.396,0,2024-08-18 17:59:59.999,0,0,0,0,0,50.0,-0.0017646078947671229,-0.0007793007170110639,-0.000985307177756059,0.42195833161935603,0.40170000000000006,0.3814416683806441,0.003257142857142855,750.95,-5.4441260744985644,0.396,0.0
2024-08-18 18:00:00,0.396,0.396,0.396,0.396,6313,2024-08-18 18:59:59.999,2499.94800,1,0,0,0,0.0,-0.001864058740856045,-0.0009962523217800603,-0.0008678064190759847,0.42195833161935603,0.40170000000000006,0.3814416683806441,0.0016285714285714276,1066.6,-5.4441260744985644,0.396,0.0
2024-08-18 19:00:00,0.4575,0.4575,0.377,0.4575,85927959,2024-08-18 19:59:59.999,35869090.99150,38,37658245,17211899.54550,0,72.95373665480429,0.002985249670223622,-0.00019995192337932355,0.0031852015936029454,0.4367006949806861,0.40477500000000005,0.372849305019314,0.007378571428571429,4297464.55,9.240687679083097,0.4083,0.0275036361232442
2024-08-18 20:00:00,0.4575,0.4575,0.4575,0.4575,0,2024-08-18 20:59:59.999,0,0,0,0,0,72.95373665480429,0.006750545437648248,0.0011901475488261912,0.005560397888822057,0.44720065036578593,0.40785,0.36849934963421405,0.007378571428571429,4297464.55,9.240687679083097,0.42060000000000003,0.03368493728656531
2024-08-18 21:00:00,0.4575,0.4575,0.4575,0.4575,0,2024-08-18 21:59:59.999,0,0,0,0,0,72.95373665480429,0.009623634196312514,0.0028768448783234564,0.006746789317989057,0.45562478806025136,0.41092500000000004,0.3662252119397487,0.007378571428571429,4297464.55,15.530303030303031,0.43289999999999995,0.03368493728656553
2024-08-18 22:00:00,0.4575,0.4575,0.4575,0.4575,0,2024-08-18 22:59:59.999,0,0,0,0,0,72.95373665480429,0.011764958617530241,0.004654467626164814,0.007110490991365427,0.4626625328693746,0.414,0.36533746713062537,0.007378571428571429,4297464.55,15.530303030303031,0.4452,0.02750363612324503
2024-08-18 23:00:00,0.4575,0.4575,0.4575,0.4575,0,2024-08-18 23:59:59.999,0,0,0,0,0,100.0,0.013308560843640627,0.006385286269659978,0.006923274573980649,0.4686345465661314,0.417075,0.36551545343386854,0.005750000000000001,4297388.75,15.530303030303031,0.4575,0.0
2024-08-19 00:00:00,0.4575,0.4575,0.4575,0.4575,0,2024-08-19 00:59:59.999,0,0,0,0,0,100.0,0.014366271296078814,0.007981483274943746,0.006384788021135068,0.4736546087291117,0.41901,0.3643653912708883,0.005750000000000001,4296722.35,15.530303030303031,0.4575,0.0
2024-08-19 01:00:00,0.4575,0.4575,0.4575,0.4575,0,2024-08-19 01:59:59.999,0,0,0,0,0,100.0,0.015031243630085012,0.009391435345972,0.005639808284113012,0.4782350459802649,0.420945,0.36365495401973513,0.005750000000000001,4296722.35,15.530303030303031,0.4575,0.0
2024-08-19 02:00:00,0.4575,0.4575,0.4575,0.4575,0,2024-08-19 02:59:59.999,0,0,0,0,0,100.0,0.01538093712675559,0.010589335702128718,0.004791601424626871,0.48243447219054636,0.42288000000000003,0.3633255278094537,0.005750000000000001,4296722.35,15.530303030303031,0.4575,0.0
2024-08-19 03:00:00,0.4575,0.4575,0.4575,0.4575,0,2024-08-19 03:59:59.999,0,0,0,0,0,100.0,0.015479632178258096,0.011567394997354595,0.003912237180903501,0.4862950018833666,0.424815,0.3633349981166334,0.005750000000000001,4296722.35,15.530303030303031,0.4575,0.0
2024-08-19 04:00:00,0.4575,0.4575,0.4575,0.4575,0,2024-08-19 04:59:59.999,0,0,0,0,0,100.0,0.015380551296349798,0.012330026257153638,0.0030505250391961603,0.48984766865323554,0.42675,0.3636523313467645,0.005750000000000001,4296722.35,15.530303030303031,0.4575,0.0
2024-08-19 05:00:00,0.4575,0.4575,0.4575,0.4575,0,2024-08-19 05:59:59.999,0,0,0,0,0,100.0,0.015127646886919088,0.012889550383106728,0.00223809650381236,0.49260638762068554,0.429825,0.3670436123793145,0.005750000000000001,4296714.85,15.530303030303031,0.4575,0.0
2024-08-19 06:00:00,0.4575,0.4575,0.4575,0.4575,0,2024-08-19 06:59:59.999,0,0,0,0,0,100.0,0.01475710757027765,0.013263061820540916,0.001494045749736734,0.4947228368638529,0.43290000000000006,0.37107716313614725,0.005750000000000001,4296714.85,15.530303030303031,0.4575,0.0
2024-08-19 07:00:00,0.4575,0.4575,0.4575,0.4575,0,2024-08-19 07:59:59.999,0,0,0,0,0,100.0,0.014298626822820404,0.013470174820996815,0.0008284520018235885,0.49616633964633844,0.435975,0.37578366035366156,0.005750000000000001,4296714.85,0.0,0.4575,0.0
2024-08-19 08:00:00,0.4575,0.4575,0.4575,0.4575,0,2024-08-19 08:59:59.999,0,0,0,0,0,100.0,0.013776470945777608,0.013531434045952974,0.00024503689982463377,0.4968799685557386,0.43905000000000005,0.3812200314442615,0.005750000000000001,4296714.85,0.0,0.4575,0.0
2024-08-20 12:00:00,0.457,0.457,0.4,0.4,7736778,2024-08-20 12:59:59.999,3150897.79500,8,121466,55509.96200,0,0.0,-0.002382747137900043,0.0022188364055658934,-0.0046015835434659366,0.4803397817412442,0.45462500000000006,0.4289102182587559,0.004107142857142857,386838.9,-12.568306010928959,0.446,0.025714781741245057
2024-08-20 13:00:00,0.4,0.4,0.4,0.4,0,2024-08-20 13:59:59.999,0,0,0,0,0,0.0,-0.006083239099197446,0.0005584213046132251,-0.006641660403810671,0.48714625314693527,0.45175,0.4163537468530647,0.004107142857142857,386838.9,-12.568306010928959,0.4345,0.03149404705654475
2024-08-20 14:00:00,0.4,0.4,0.4,0.4,0,2024-08-20 14:59:59.999,0,0,0,0,0,0.0,-0.008913160275721699,-0.0013358950114537604,-0.007577265264267939,0.49100496808123806,0.448875,0.406745031918762,0.004107142857142857,386838.9,-12.568306010928959,0.42300000000000004,0.031494047056544516
2024-08-20 15:00:00,0.4,0.4,0.4,0.4,0,2024-08-20 15:59:59.999,0,0,0,0,0,0.0,-0.011028760510597091,-0.0032744681112824273,-0.007754292399314664,0.4931950041959151,0.446,0.3988049958040849,0.004107142857142857,386838.9,-12.568306010928959,0.41150000000000003,0.025714781741244187
2024-08-20 16:00:00,0.4,0.4,0.4,0.4,0,2024-08-20 16:59:59.999,0,0,0,0,0,0.0,-0.012560598181675042,-0.005131694125360951,-0.0074289040563140915,0.49421509070671993,0.44312500000000005,0.39203490929328016,0.004107142857142857,386838.9,-12.568306010928959,0.4,0.0
2024-08-20 17:00:00,0.4,0.4,0.4,0.4,0,2024-08-20 17:59:59.999,0,0,0,0,0,0.0,-0.013617615181161447,-0.0068288783365210515,-0.006788736844640395,0.49431866978788536,0.44025,0.3861813302121146,0.004107142857142857,386838.9,-12.568306010928959,0.4,0.0
2024-08-20 18:00:00,0.4,0.4,0.4,0.4,0,2024-08-20 18:59:59.999,0,0,0,0,0,0.0,-0.014290575905190284,-0.008321217850254898,-0.005969358054935385,0.4936514557669015,0.437375,0.3810985442330985,0.004107142857142857,386838.9,-12.568306010928959,0.4,0.0
2024-08-20 19:00:00,0.4969,0.4969,0.4969,0.4969,5554656,2024-08-20 19:59:59.999,2760108.56640,1,5554656,2760108.56640,0,62.759067357512954,-0.006925054239911521,-0.008041985128186224,0.0011169308882747024,0.5010813315364524,0.43934500000000004,0.37760866846354774,0.011028571428571428,664571.7,8.612021857923494,0.41938000000000003,0.04333499740394402
2024-08-20 20:00:00,0.4969,0.4969,0.4969,0.4969,0,2024-08-20 20:59:59.999,0,0,0,0,0,62.759067357512954,-0.0010754283854633728,-0.006648673779641653,0.00557324539417828,0.5078208533237158,0.44131500000000007,0.37480914667628423,0.011028571428571428,664571.7,8.612021857923494,0.43876,0.05307431582224926
2024-08-20 21:00:00,0.4969,0.4969,0.4969,0.4969,0,2024-08-20 21:59:59.999,0,0,0,0,0,62.759067357512954,0.0035198674080269554,-0.004614965542107931,0.008134832950134886,0.5140098270262612,0.44328500000000004,0.37256017297373895,0.011028571428571428,664571.7,8.612021857923494,0.45814000000000005,0.05307431582224948
2024-08-20 22:00:00,0.4969,0.4969,0.4969,0.4969,1,2024-08-20 22:59:59.999,0.49690,1,1,0.49690,0,62.759067357512954,0.007080057931040384,-0.0022759608474782673,0.009356018778518651,0.519741861434186,0.44525500000000007,0.3707681385658142,0.011028571428571428,664571.75,8.612021857923494,0.47752,0.04333499740394483
2024-08-20 23:00:00,0.4969,0.4969,0.4969,0.4969,1,2024-08-20 23:59:59.999,0.49690,1,1,0.49690,0,62.759067357512954,0.009788696569514865,0.00013697063592035997,0.009651725933594505,0.5250832213486718,0.447225,0.36936677865132816,0.011028571428571428,664571.8,8.612021857923494,0.4969,0.0
2024-08-21 00:00:00,0.4969,0.4969,0.4969,0.4969,53400,2024-08-21 00:59:59.999,26534.46000,5,53400,26534.46000,0,62.759067357512954,0.011799297251288199,0.0024694359589939284,0.00932986129229427,0.5300827708537208,0.449195,0.3683072291462792,0.011028571428571428,667241.8,24.224999999999998,0.4969,0.0
2024-08-21 01:00:00,0.4969,0.4969,0.4969,0.4969,603,2024-08-21 01:59:59.999,299.63070,1,603,299.63070,0,62.759067357512954,0.013240089269756838,0.004623566621146511,0.008616522648610327,0.5347776727992318,0.4511649999999999,0.367552327200768,0.011028571428571428,667271.95,24.224999999999998,0.4969,0.0
2024-08-21 02:00:00,0.4969,0.4969,0.4969,0.4969,0,2024-08-21 02:59:59.999,0,0,0,0,0,100.0,0.014218030717049857,0.006542459440327181,0.007675571276722676,0.5391968694220668,0.45313499999999995,0.36707313057793306,0.0069214285714285706,667271.95,24.224999999999998,0.4969,0.0
2024-08-21 03:00:00,0.4969,0.4969,0.4969,0.4969,0,2024-08-21 03:59:59.999,0,0,0,0,0,100.0,0.014822195318580866,0.008198406615977918,0.006623788702602948,0.543363316441299,0.455105,0.3668466835587009,0.0069214285714285706,667271.95,24.224999999999998,0.4969,0.0
2024-08-21 04:00:00,0.4969,0.4969,0.4969,0.4969,0,2024-08-21 04:59:59.999,0,0,0,0,0,100.0,0.015126629746349207,0.009584051242052177,0.005542578504297031,0.5472954755614055,0.457075,0.3668545244385945,0.0069214285714285706,667271.95,24.224999999999998,0.4969,0.0
2024-08-21 05:00:00,0.4969,0.4969,0.4969,0.4969,97336,2024-08-21 05:59:59.999,48366.25840,2,97336,48366.25840,0,100.0,0.015192763503189377,0.010705793694279618,0.004486969808909759,0.5510083445283607,0.459045,0.36708165547163935,0.0069214285714285706,672138.75,24.224999999999998,0.4969,0.0
2024-08-21 06:00:00,0.4969,0.4969,0.4969,0.4969,0,2024-08-21 06:59:59.999,0,0,0,0,0,100.0,0.015071440794124646,0.011578923114248626,0.0034925176798760206,0.5545141871622414,0.461015,0.3675158128377586,0.0069214285714285706,672138.75,24.224999999999998,0.4969,0.0
2024-08-21 07:00:00,0.4969,0.4969,0.4969,0.4969,16,2024-08-21 07:59:59.999,7.95040,2,16,7.95040,0,100.0,0.014804633078542628,0.012224065107107428,0.0025805679714352003,0.5578230619793544,0.46298500000000004,0.3681469380206457,0.0069214285714285706,672139.55,0.0,0.4969,0.0
2024-08-21 08:00:00,0.4969,0.4969,0.4969,0.4969,5803,2024-08-21 08:59:59.999,2883.51070,1,5803,2883.51070,0,100.0,0.014426881927262825,0.01266462847113851,0.0017622534561243137,0.5589474626512386,0.46783,0.3767125373487614,0.0069214285714285706,285590.8,0.0,0.4969,0.0
2024-08-21 20:00:00,0.4969,0.57,0.47,0.47,52785229,2024-08-21 20:59:59.999,27807664.39980,20,20104514,11432880.59980,0,0.0,0.005584183746141669,0.00924587682973125,-0.003661693083589582,0.507585045718945,0.4955550000000001,0.4835249542810552,0.008507142857142855,2667646.45,-5.413564097403912,0.49151999999999996,0.012030045718945708
2024-08-21 21:00:00,0.5236,0.5727,0.5236,0.5727,12495710,2024-08-21 21:59:59.999,7156292.47870,4,12495697,7156285.67190,0,79.24382716049381,0.01162933912026548,0.009722569287838097,0.001906769832427383,0.5359069575083448,0.49934500000000004,0.4627830424916552,0.01584285714285714,3292401.8,15.254578385993153,0.50668,0.03870080102530107
2024-08-21 22:00:00,0.5727,0.5727,0.5727,0.5727,0,2024-08-21 22:59:59.999,0,0,0,0,0,79.24382716049381,0.016233043882097342,0.011024664206689948,0.005208379675407394,0.5522050584020324,0.5031350000000001,0.45406494159796784,0.01584285714285714,3292401.8,15.254578385993153,0.52184,0.04770972647165316
2024-08-21 23:00:00,0.5236,0.5236,0.5236,0.5236,6,2024-08-21 23:59:59.999,3.14160,1,0,0,0,57.47062115276999,0.01573813400738322,0.011967358166828604,0.003770775840554616,0.5542731535674508,0.5044700000000001,0.45466684643254945,0.019350000000000003,3292402.1,5.373314550211299,0.52718,0.04567107399656777
2024-08-22 00:00:00,0.5236,0.5236,0.5236,0.5236,0,2024-08-22 00:59:59.999,0,0,0,0,0,57.47062115276999,0.015171032151041763,0.012608092963671238,0.0025629391873705255,0.5561818733489978,0.505805,0.45542812665100213,0.019350000000000003,3292402.1,5.373314550211299,0.5325200000000001,0.04271050222135038
2024-08-22 01:00:00,0.5236,0.5236,0.5236,0.5236,0,2024-08-22 01:59:59.999,0,0,0,0,0,57.47062115276999,0.01455383232455143,0.012997240835847279,0.0015565914887041513,0.5579366182048819,0.5071399999999999,0.4563433817951179,0.019350000000000003,3287535.3,5.373314550211299,0.54324,0.026893177573503423
2024-08-22 02:00:00,0.5236,0.5236,0.5236,0.5236,0,2024-08-22 02:59:59.999,0,0,0,0,0,57.47062115276999,0.013904415567904671,0.013178675782258757,0.0007257397856459142,0.5595411851243836,0.508475,0.45740881487561647,0.019350000000000003,3287535.3,5.373314550211299,0.5334199999999999,0.021958187539047453
2024-08-22 03:00:00,0.532,0.532,0.532,0.532,4695,2024-08-22 03:59:59.999,2497.74000,1,4695,2497.74000,0,59.38001068947087,0.013907243857507301,0.013324389397308466,0.0005828544601988346,0.5620285612480533,0.51023,0.4584314387519466,0.019950000000000006,3287769.25,7.063795532300265,0.52528,0.0037565942021960067
2024-08-22 04:00:00,0.532,0.532,0.532,0.532,0,2024-08-22 04:59:59.999,0,0,0,0,0,59.38001068947087,0.013750972644432258,0.013409706046733227,0.0003412665976990307,0.5642582204761413,0.5119849999999999,0.4597117795238585,0.019950000000000006,3287479.1,7.063795532300265,0.52696,0.004600869483040533
2024-08-22 05:00:00,0.532,0.532,0.532,0.532,0,2024-08-22 05:59:59.999,0,0,0,0,0,59.38001068947087,0.013471831692371317,0.013422131175860845,4.970051651047129e-05,0.5662371538075603,0.51374,0.46124284619243955,0.019950000000000006,3287459.2,7.063795532300265,0.52864,0.004600869483040635
2024-08-22 06:00:00,0.532,0.532,0.532,0.532,1879,2024-08-22 06:59:59.999,999.62800,2,1879,999.62800,0,59.38001068947087,0.013099606368763839,0.013357626214441445,-0.000258019845677606,0.5679685712927035,0.5154949999999999,0.46302142870729635,0.018585714285714292,3287353.1,7.063795532300265,0.53032,0.0037565942021963793
2024-08-22 07:00:00,0.532,0.532,0.532,0.532,0,2024-08-22 07:59:59.999,0,0,0,0,0,59.38001068947087,0.012658693578259217,0.013217839687205002,-0.0005591461089457846,0.5694521374839637,0.51725,0.46504786251603625,0.018585714285714292,3286346.9,7.063795532300265,0.532,0.0
2024-08-22 08:00:00,0.532,0.532,0.532,0.532,13,2024-08-22 08:59:59.999,6.91600,2,0,0,0,59.38001068947087,0.012168990467997687,0.01300806984336354,-0.0008390793753658525,0.570683947154013,0.5190049999999999,0.4673260528459868,0.018585714285714292,3286204.8,13.191489361702141,0.532,0.0
2024-08-22 09:00:00,0.534,0.534,0.534,0.534,29,2024-08-22 09:59:59.999,15.48600,1,0,0,0,59.80962453728186,0.011806186145508102,0.012767693103792454,-0.000961506958284352,0.5718569823668639,0.52086,0.46986301763313604,0.018728571428571435,3286206.25,-6.757464641173382,0.5324,0.0008944271909866162
2024-08-22 10:00:00,0.534,0.534,0.534,0.534,1310,2024-08-22 10:59:59.999,699.54000,1,0,0,0,69.72872996300863,0.011387394312839416,0.012491633345601848,-0.0011042390327624316,0.5727319350267848,0.522715,0.47269806497321537,0.011585714285714295,3286271.75,-6.757464641173382,0.5328,0.001095445114999528
2024-08-22 11:00:00,0.534,0.534,0.534,0.534,0,2024-08-22 11:59:59.999,0,0,0,0,0,17.47899159663875,0.010929510178266044,0.012179208712134688,-0.0012496985338686442,0.5732908201469288,0.52457,0.4758491798530711,0.004250000000000008,3286271.75,1.9862490450725891,0.5332000000000001,0.0010954451149995735
2024-08-22 12:00:00,0.534,0.534,0.534,0.534,14,2024-08-22 12:59:59.999,7.47600,1,0,0,0,17.47899159663875,0.010446216224645699,0.011832610214636892,-0.0013863939899911928,0.5735075423004493,0.526425,0.47934245769955075,0.004250000000000008,3285878.75,1.9862490450725891,0.5336000000000001,0.0008944271909868164
2024-08-22 13:00:00,0.534,0.534,0.534,0.534,4000,2024-08-22 13:59:59.999,2136.00000,1,0,0,0,100.0,0.009948521916542608,0.011455792555018036,-0.0015072706384754286,0.5733448001274412,0.52828,0.48321519987255873,0.0007428571428571483,3266432.0,1.9862490450725891,0.534,0.0
2024-08-22 14:00:00,0.534,0.534,0.534,0.534,961,2024-08-22 14:59:59.999,513.17400,4,0,0,0,100.0,0.00944521700943568,0.011053677445901565,-0.001608460436465885,0.5727487252413735,0.530135,0.4875212747586265,0.0007428571428571483,3265473.85,1.9862490450725891,0.534,0.0
2024-08-22 15:00:00,0.534,0.534,0.534,0.534,0,2024-08-22 15:59:59.999,0,0,0,0,0,100.0,0.008943252002335478,0.010631592357188349,-0.001688340354852871,0.5716390339697798,0.5319900000000001,0.4923409660302204,0.0007428571428571483,3264692.3,0.37593984962406046,0.534,0.0
2024-08-22 16:00:00,0.534,0.534,0.534,0.534,0,2024-08-22 16:59:59.999,0,0,0,0,0,100.0,0.008448057173384371,0.010194885320427553,-0.001746828147043182,0.5620373187919331,0.5351899999999999,0.5083426812080668,0.0007428571428571483,625430.85,0.37593984962406046,0.534,0.0
2024-08-22 17:00:00,0.534,0.534,0.534,0.534,0,2024-08-22 17:59:59.999,0,0,0,0,0,100.0,0.007963809860976667,0.009748670228537377,-0.0017848603675607103,0.5534812440252342,0.533255,0.5130287559747658,0.00014285714285714298,645.35,0.37593984962406046,0.534,0.0
2024-08-22 18:00:00,0.534,0.534,0.534,0.534,0,2024-08-22 18:59:59.999,0,0,0,0,0,100.0,0.007493658150560689,0.00929766781294204,-0.0018040096623813517,0.5394374535804946,0.53132,0.5232025464195055,0.00014285714285714298,645.35,0.37593984962406046,0.534,0.0
2024-08-22 19:00:00,0.534,0.534,0.534,0.534,0,2024-08-22 19:59:59.999,0,0,0,0,0,100.0,0.007039907857208538,0.00884611582179534,-0.0018062079645868017,0.5391693641570925,0.53184,0.5245106358429075,0.00014285714285714298,645.05,0.37593984962406046,0.534,0.0
2024-08-22 20:00:00,0.578,0.578,0.578,0.578,187,2024-08-22 20:59:59.999,108.08600,1,0,0,0,100.0,0.010114150130425714,0.009099722683521416,0.0010144274469042983,0.5559341013969293,0.53456,0.5131858986030707,0.0032857142857142807,654.4,8.64661654135337,0.5428000000000001,0.019677398201997626
2024-08-22 21:00:00,0.578,0.578,0.578,0.578,0,2024-08-22 21:59:59.999,0,0,0,0,0,100.0,0.012407483533881658,0.009761274853593465,0.0026462086802881927,0.5655232740013563,0.5372800000000001,0.5090367259986439,0.0032857142857142807,654.4,8.23970037453182,0.5516,0.024099792530226937
2024-08-22 22:00:00,0.578,0.578,0.578,0.578,0,2024-08-22 22:59:59.999,0,0,0,0,0,100.0,0.014062858895177555,0.010621591661910285,0.0034412672332672697,0.5728056477807659,0.54,0.5071943522192341,0.0032857142857142807,654.4,8.23970037453182,0.5604,0.024099792530226993
2024-08-22 23:00:00,0.578,0.578,0.578,0.578,0,2024-08-22 23:59:59.999,0,0,0,0,0,100.0,0.015199544903085505,0.01153718231014533,0.003662362592940175,0.5789669218491901,0.5423,0.5056330781508099,0.0031428571428571378,419.65,8.23970037453182,0.5692,0.019677398201997837
2024-08-23 00:00:00,0.578,0.578,0.534,0.534,14577,2024-08-23 00:59:59.999,7858.73400,3,0,0,0,50.0,0.012406925166795979,0.01171113088147546,0.0006957942853205185,0.5789593965169569,0.5424,0.505840603483043,0.0062857142857142756,1148.5,0.0,0.5692,0.019677398201997837
2024-08-23 01:00:00,0.534,0.534,0.534,0.534,1893,2024-08-23 01:59:59.999,1010.86200,1,0,0,0,50.0,0.010077585770366215,0.011384421859253613,-0.001306836088887398,0.5789503988859827,0.5425000000000001,0.5060496011140175,0.0062857142857142756,1243.15,0.0,0.5603999999999999,0.02409979253022695
2024-08-23 02:00:00,0.534,0.534,0.534,0.534,100,2024-08-23 02:59:59.999,53.40000,1,0,0,0,50.0,0.008137760479484002,0.010735089583299691,-0.0025973291038156893,0.5789399157082687,0.5426,0.5062600842917312,0.0062857142857142756,1154.2,0.0,0.5516,0.02409979253022685
2024-08-23 03:00:00,0.534,0.534,0.534,0.534,0,2024-08-23 03:59:59.999,0,0,0,0,0,50.0,0.006525216328741701,0.009893114932388094,-0.0033678986036463927,0.5789279333925441,0.5427000000000001,0.506472066607456,0.0062857142857142756,1154.2,0.0,0.5428000000000001,0.019677398201997463
2024-08-23 04:00:00,0.534,0.534,0.534,0.534,11,2024-08-23 04:59:59.999,5.87400,1,0,0,0,50.0,0.0051874655972058425,0.008951985065351643,-0.003764519468145801,0.5789144379933957,0.5428000000000001,0.5066855620066044,0.0062857142857142756,1154.1,0.0,0.534,0.0
2024-08-23 05:00:00,0.5361,0.5404,0.5361,0.5404,1302,2024-08-23 05:59:59.999,698.15580,5,1302,698.15580,0,53.38983050847456,0.004590795188199603,0.008079747089921235,-0.003488951901721632,0.5790188989715325,0.54312,0.5072211010284676,0.0067428571428571294,1217.75,1.1985018726591687,0.53528,0.002862167011194248
2024-08-23 06:00:00,0.534,0.534,0.534,0.534,643,2024-08-23 06:59:59.999,343.36200,1,0,0,0,50.0,0.0035604603072039165,0.007175889733377771,-0.0036154294261738548,0.5790188989715324,0.5431199999999999,0.5072211010284675,0.007199999999999984,1184.4,0.0,0.53528,0.002862167011194248
2024-08-23 07:00:00,0.534,0.534,0.534,0.534,0,2024-08-23 07:59:59.999,0,0,0,0,0,50.0,0.002712642832837453,0.0062832403532697085,-0.0035705975204322555,0.5790188989715325,0.54312,0.5072211010284676,0.007199999999999984,1184.4,0.0,0.53528,0.002862167011194248
2024-08-23 08:00:00,0.534,0.534,0.534,0.534,0,2024-08-23 08:59:59.999,0,0,0,0,0,50.0,0.0020174850642273867,0.005430089295461245,-0.003412604231233858,0.5790188989715325,0.54312,0.5072211010284676,0.007199999999999984,1183.7,-7.612456747404832,0.53528,0.002862167011194248
2024-08-23 09:00:00,0.5345,0.5345,0.5345,0.5345,563,2024-08-23 09:59:59.999,300.92350,1,0,0,0,50.246791707798586,0.0014897405439291411,0.004642019545154825,-0.0031522790012256836,0.5790178441494161,0.5431450000000001,0.507272155850584,0.007235714285714266,1011.85,-7.525951557093423,0.53538,0.0028146047679858495
2024-08-23 10:00:00,0.5345,0.5345,0.5345,0.5345,0,2024-08-23 10:59:59.999,0,0,0,0,0,12.041884816753807,0.0010592883921975993,0.003925473314563379,-0.00286618492236578,0.579016696977691,0.54317,0.5073233030223091,0.004092857142857128,963.8,-7.525951557093423,0.5342,0.00027386127869471295
2024-08-23 11:00:00,0.5345,0.5345,0.5345,0.5345,48278,2024-08-23 11:59:59.999,25804.59100,1,0,0,0,12.041884816753807,0.000709967892781882,0.0032823722302070795,-0.0025724043374251975,0.5790154572541252,0.543195,0.5073745427458748,0.004092857142857128,3377.7,-7.525951557093423,0.5343,0.00027386127869475854
2024-08-23 12:00:00,0.5345,0.5345,0.5345,0.5345,0,2024-08-23 12:59:59.999,0,0,0,0,0,12.041884816753807,0.0004281929386211747,0.0027115363718898983,-0.0022833434332687236,0.5790141247751768,0.54322,0.5074258752248233,0.004092857142857128,3377.7,0.09363295880148781,0.5344,0.00022360679767923928
2024-08-23 13:00:00,0.5345,0.5345,0.5345,0.5345,56,2024-08-23 13:59:59.999,29.93200,1,0,0,0,12.041884816753807,0.00020254939403796524,0.002209738976319512,-0.0020071895822815467,0.5790126993359839,0.543245,0.5074773006640161,0.004092857142857128,3380.5,0.09363295880148781,0.5345,0.0
2024-08-23 14:00:00,0.5345,0.5345,0.5345,0.5345,175,2024-08-23 14:59:59.999,93.53750,3,0,0,0,51.87969924812012,2.3454885956564198e-05,0.0017724821582469224,-0.0017490272722903582,0.5790111807303545,0.5432699999999999,0.5075288192696453,0.0009499999999999906,3389.25,0.09363295880148781,0.5345,0.0
2024-08-23 15:00:00,0.5345,0.5345,0.5345,0.5345,63,2024-08-23 15:59:59.999,33.67350,1,0,0,0,51.87969924812012,-0.00011712861622625859,0.001394560003352286,-0.0015116886195785447,0.5790095687507564,0.543295,0.5075804312492436,0.0009499999999999906,3392.4,0.09363295880148781,0.5345,0.0
2024-08-23 16:00:00,0.5345,0.5345,0.5345,0.5345,5607,2024-08-23 16:59:59.999,2996.94150,1,0,0,0,51.87969924812012,-0.00022593758669753328,0.0010704604853423222,-0.0012963980720398555,0.5730312981147476,0.5411199999999999,0.5092087018852522,0.0009499999999999906,3663.4,0.09363295880148781,0.5345,0.0
2024-08-23 17:00:00,0.5345,0.5345,0.5345,0.5345,123,2024-08-23 17:59:59.999,65.74350,2,0,0,0,51.87969924812012,-0.0003086119927738773,0.0007946459897190823,-0.0011032579824929597,0.5658019289305168,0.538945,0.5120880710694832,0.0009499999999999906,3669.55,-1.0917838638045922,0.5345,0.0
2024-08-23 18:00:00,0.5345,0.5345,0.5345,0.5345,0,2024-08-23 18:59:59.999,0,0,0,0,0,51.87969924812012,-0.0003698684420613274,0.0005617431033630003,-0.0009316115454243277,0.5563766691124246,0.53677,0.5171633308875754,0.0009499999999999906,3669.55,0.09363295880148781,0.5345,0.0
2024-08-23 19:00:00,0.5345,0.5345,0.5345,0.5345,0,2024-08-23 19:59:59.999,0,0,0,0,0,7.246376811593493,-0.0004136463616790653,0.0003666652103545871,-0.0007803115720336524,0.5373719540298881,0.5345949999999999,0.5318180459701117,0.0004928571428571361,3669.55,0.09363295880148781,0.5345,0.0
2024-08-23 20:00:00,0.5345,0.5345,0.5345,0.5345,71980,2024-08-23 20:59:59.999,38473.31000,2,0,0,0,100.0,-0.00044323138289881214,0.00020468589170390724,-0.0006479172746027194,0.5373833694154452,0.53462,0.5318566305845548,3.571428571428178e-05,6539.7,0.09363295880148781,0.5345,0.0
2024-08-23 21:00:00,0.5345,0.5345,0.5345,0.5345,0,2024-08-23 21:59:59.999,0,0,0,0,0,100.0,-0.0004613594606875937,7.147682122560701e-05,-0.0005328362819132008,0.5373937604861879,0.534645,0.5318962395138122,3.571428571428178e-05,6445.05,0.0,0.5345,0.0
2024-08-23 22:00:00,0.5345,0.5345,0.5345,0.5345,0,2024-08-23 22:59:59.999,0,0,0,0,0,100.0,-0.0004703047129643867,-3.687948561239177e-05,-0.00043342522735199496,0.5374031108167697,0.53467,0.5319368891832302,3.571428571428178e-05,6440.05,0.0,0.5345,0.0
2024-08-24 11:00:00,0.5571,0.5571,0.534,0.534,1786,2024-08-24 11:59:59.999,957.85890,2,0,0,0,0.0,-0.0003288601627936538,-0.00033767424573536846,8.81408294171464e-06,0.5346986067975316,0.534475,0.5342513932024685,0.0019142857142857175,4046.25,-0.09354536950419924,0.5344,0.00022360679767923928
2024-08-24 12:00:00,0.534,0.534,0.534,0.534,0,2024-08-24 12:59:59.999,0,0,0,0,0,0.0,-0.000342408692594387,-0.0003386211351071722,-3.787557487214808e-06,0.5347577935054668,0.53445,0.5341422064945331,0.0019142857142857175,3765.9,-0.09354536950419924,0.5343,0.00027386127869475854
2024-08-24 13:00:00,0.534,0.534,0.534,0.534,0,2024-08-24 13:59:59.999,0,0,0,0,0,0.0,-0.0003491215442319451,-0.0003407212169321268,-8.400327299818257e-06,0.5347913475483992,0.5344249999999999,0.5340586524516007,0.0019142857142857175,3759.75,-0.09354536950419924,0.5342,0.00027386127869471295
2024-08-24 14:00:00,0.534,0.534,0.534,0.534,0,2024-08-24 14:59:59.999,0,0,0,0,0,0.0,-0.00035040230783145443,-0.0003426574351119924,-7.744872719462031e-06,0.5348103913407152,0.5344,0.5339896086592848,0.0019142857142857175,3759.75,-0.09354536950419924,0.5340999999999999,0.00022360679767904687
2024-08-24 15:00:00,0.534,0.534,0.534,0.534,0,2024-08-24 15:59:59.999,0,0,0,0,0,0.0,-0.0003474125664026939,-0.0003436084613701327,-3.8041050325612e-06,0.5348192616582096,0.534375,0.5339307383417905,0.0019142857142857175,3759.75,-0.09354536950419924,0.534,0.0
2024-08-24 16:00:00,0.534,0.534,0.534,0.534,0,2024-08-24 16:59:59.999,0,0,0,0,0,0.0,-0.0003411110588286137,-0.00034310898086182894,1.997922033215242e-06,0.5348201623458779,0.53435,0.5338798376541221,0.0019142857142857175,160.75,-0.09354536950419924,0.534,0.0
2024-08-24 17:00:00,0.534,0.534,0.534,0.534,0,2024-08-24 17:59:59.999,0,0,0,0,0,0.0,-0.0003322866747312858,-0.00034094451963572034,8.657844904434524e-06,0.53481436048483,0.5343249999999999,0.5338356395151699,0.0019142857142857175,160.75,-0.09354536950419924,0.534,0.0
2024-08-24 18:00:00,0.534,0.534,0.534,0.534,0,2024-08-24 18:59:59.999,0,0,0,0,0,0.0,-0.00032158624075495634,-0.0003370728638595676,1.548662310461125e-05,0.5348026246898532,0.5343,0.5337973753101468,0.0019142857142857175,160.75,-0.09354536950419924,0.534,0.0
2024-08-24 19:00:00,0.534,0.534,0.534,0.534,0,2024-08-24 19:59:59.999,0,0,0,0,0,0.0,-0.00030953790939725057,-0.00033156587296710423,2.2027963569853665e-05,0.5347854177854388,0.534275,0.5337645822145614,0.0019142857142857175,160.75,-0.09354536950419924,0.534,0.0
2024-08-24 20:00:00,0.534,0.534,0.534,0.534,0,2024-08-24 20:59:59.999,0,0,0,0,0,0.0,-0.00029657083600431733,-0.00032456686557454686,2.7996029570229533e-05,0.5347629891759477,0.5342499999999999,0.5337370108240521,0.0019142857142857175,160.75,-0.09354536950419924,0.534,0.0
2024-08-24 21:00:00,0.5726,0.5726,0.534,0.534,179,2024-08-24 21:59:59.999,97.78620,2,0,0,0,0.0,-0.0002830317233915025,-0.000316259837137938,3.32281137464355e-05,0.5347354177854388,0.534225,0.5337145822145611,0.004671428571428572,169.7,-0.09354536950419924,0.534,0.0
2024-08-24 22:00:00,0.534,0.534,0.534,0.534,0,2024-08-24 22:59:59.999,0,0,0,0,0,0.0,-0.0002691987237843918,-0.0003068476144672288,3.764889068283699e-05,0.5347026246898534,0.5342,0.5336973753101466,0.004407142857142855,169.7,-0.09354536950419924,0.534,0.0
2024-08-24 23:00:00,0.534,0.534,0.534,0.534,0,2024-08-24 23:59:59.999,0,0,0,0,0,0.0,-0.0002552931118554591,-0.00029653671394487487,4.124360208941576e-05,0.5346643604848305,0.5341750000000001,0.5336856395151697,0.004407142857142855,169.7,0.0,0.534,0.0
2024-08-25 00:00:00,0.534,0.534,0.534,0.534,0,2024-08-25 00:59:59.999,0,0,0,0,0,0.0,-0.00024148907844268042,-0.00028552718684443597,4.403810840175555e-05,0.5346201623458785,0.5341500000000001,0.5336798376541217,0.004407142857142855,169.7,0.0,0.534,0.0
2024-08-25 06:00:00,0.5491,0.5497,0.5398,0.5497,89,2024-08-25 06:59:59.999,48.69680,4,89,48.69680,0,100.0,0.0010859890702697994,3.6452697602006525e-05,0.001049536372667793,0.5418062534493424,0.5347850000000001,0.5277637465506577,0.0038785714285714218,104.55,2.940074906367029,0.5371400000000001,0.007021253449347095
2024-08-25 07:00:00,0.534,0.534,0.534,0.534,374,2024-08-25 07:59:59.999,199.71600,1,0,0,0,50.0,0.000811279286311084,0.00019141801534382208,0.000619861270967262,0.5418062534493424,0.5347850000000001,0.5277637465506577,0.004999999999999989,33.95,0.0,0.53714,0.007021253449347095
2024-08-25 08:00:00,0.534,0.534,0.534,0.534,0,2024-08-25 08:59:59.999,0,0,0,0,0,50.0,0.0005868054751033691,0.00027049550729573156,0.00031630996780763755,0.5418062534493424,0.5347850000000001,0.5277637465506577,0.004999999999999989,33.95,0.0,0.5371400000000001,0.007021253449347095
2024-08-25 09:00:00,0.534,0.5474,0.534,0.5474,1818,2024-08-25 09:59:59.999,993.63150,7,1800,984.01950,0,64.95535714285717,0.0014731943070620535,0.000511035267248996,0.0009621590398130574,0.5444428221704882,0.535455,0.5264671778295118,0.005957142857142843,124.85,2.5093632958801435,0.53982,0.008010742787030968
2024-08-25 10:00:00,0.5474,0.5474,0.5474,0.5474,0,2024-08-25 10:59:59.999,0,0,0,0,0,64.95535714285717,0.0021508699525333297,0.000839002204305863,0.0013118677482274667,0.5465405501155928,0.5361250000000001,0.5257094498844074,0.005957142857142843,124.85,2.5093632958801435,0.5425,0.00781600921186567
2024-08-25 11:00:00,0.5474,0.5474,0.5474,0.5474,0,2024-08-25 11:59:59.999,0,0,0,0,0,64.95535714285717,0.0026573010713210055,0.0012026619777088918,0.0014546390936121137,0.5483017897576262,0.536795,0.5252882102423738,0.0031999999999999884,124.85,2.5093632958801435,0.54204,0.007339482270567123
2024-08-25 12:00:00,0.5474,0.5507,0.532,0.5331,127219,2024-08-25 12:59:59.999,67849.93230,18,703,385.87370,0,49.238578680203034,0.0018830542148574603,0.0013387404251386057,0.0005443137897188546,0.5483097304648917,0.53675,0.5251902695351082,0.00453571428571427,6485.8,-0.16853932584269884,0.54186,0.00759262800352875
2024-08-25 13:00:00,0.5331,0.5331,0.5331,0.5331,0,2024-08-25 13:59:59.999,0,0,0,0,0,49.238578680203034,0.0012549912450942058,0.0013219905891297258,-6.699934403552e-05,0.5483166955559516,0.5367050000000001,0.5250933044440486,0.00453571428571427,6485.8,-0.16853932584269884,0.54168,0.007832432572321902
2024-08-25 14:00:00,0.532,0.585,0.501,0.585,16944115,2024-08-25 14:59:59.999,8675202.25910,15,4420968,2400686.00400,0,72.972972972973,0.004888788163426749,0.0020353501039891307,0.0028534380594376187,0.5636874611509899,0.539255,0.5148225388490102,0.010535714285714268,853691.55,9.550561797752795,0.5492000000000001,0.02125170581388633
2024-08-25 15:00:00,0.585,0.585,0.585,0.585,0,2024-08-25 15:59:59.999,0,0,0,0,0,72.972972972973,0.007680067365386178,0.0031642935562685407,0.004515773809117638,0.5734957075870563,0.541805,0.5101142924129437,0.010535714285714268,853691.55,9.550561797752795,0.55672,0.026467848420299894
2024-08-25 16:00:00,0.5,0.5,0.5,0.5,374,2024-08-25 16:59:59.999,187.00000,1,0,0,0,41.32653061224488,0.002998818109196111,0.0031311984668540554,-0.00013238035765794458,0.5768097092920026,0.5401050000000001,0.5034002907079975,0.016607142857142838,853710.25,-6.367041198501878,0.5472400000000001,0.037024086754435526
2024-08-25 17:00:00,0.527,0.527,0.5,0.5,163622,2024-08-25 17:59:59.999,82067.14900,2,0,0,0,41.32653061224488,-0.0007030018847897779,0.0023643583965252887,-0.0030673602813150666,0.579219624571926,0.538405,0.4975903754280741,0.018535714285714266,861882.4,-6.367041198501878,0.54062,0.04270739982719582
2024-08-25 18:00:00,0.5,0.5,0.5,0.5,0,2024-08-25 18:59:59.999,0,0,0,0,0,41.32653061224488,-0.0035952767873737024,0.0011724313597454902,-0.0047677081471191925,0.5809779559841993,0.5367050000000001,0.4924320440158009,0.018535714285714266,861882.4,-9.041295251955606,0.534,0.04655641738793873
2024-08-25 19:00:00,0.5,0.5,0.5,0.5,0,2024-08-25 19:59:59.999,0,0,0,0,0,41.32653061224488,-0.005820332317462262,-0.00022612137569606077,-0.005594210941766202,0.5822280753139306,0.5350050000000001,0.48778192468606946,0.018535714285714266,861882.4,-6.367041198501878,0.517,0.038013155617495915
2024-08-25 20:00:00,0.5,0.5,0.5,0.5,0,2024-08-25 20:59:59.999,0,0,0,0,0,36.21741541874653,-0.007497280868757228,-0.0016803532743082947,-0.005816927594448933,0.5830604641273319,0.533305,0.4835495358726681,0.017414285714285698,861882.4,-6.367041198501878,0.5,0.0
2024-08-25 21:00:00,0.5,0.5,0.5,0.5,0,2024-08-25 21:59:59.999,0,0,0,0,0,39.67193195625758,-0.008725690350612103,-0.0030894206895690566,-0.005636269661043046,0.583536269355197,0.5316050000000001,0.4796737306448033,0.016292857142857133,861880.55,-8.659115820241139,0.5,0.0
2024-08-25 22:00:00,0.5,0.5,0.5,0.5,0,2024-08-25 22:59:59.999,0,0,0,0,0,39.67193195625758,-0.009588681365163887,-0.004389272824688023,-0.005199408540475864,0.5836987767873993,0.5299050000000001,0.4761112232126008,0.016292857142857133,861880.55,-8.659115820241139,0.5,0.0
2024-08-25 23:00:00,0.5,0.5,0.5,0.5,0,2024-08-25 23:59:59.999,0,0,0,0,0,34.32539682539681,-0.01015554120431228,-0.005542526500612875,-0.004613014703699405,0.5835796084695666,0.528205,0.47283039153043344,0.015335714285714277,861880.55,-8.659115820241139,0.5,0.0
2024-08-26 00:00:00,0.5232,0.5232,0.5232,0.5232,12,2024-08-26 00:59:59.999,6.27840,1,12,6.27840,0,43.06192660550458,-0.008633217246900693,-0.006160664649870439,-0.0024725525970302536,0.5830122968008177,0.527665,0.4723177031991824,0.016992857142857136,861881.15,-1.857062464828366,0.50464,0.0103753554155971
2024-08-26 01:00:00,0.5232,0.5232,0.5232,0.5232,0,2024-08-26 01:59:59.999,0,0,0,0,0,43.06192660550458,-0.0073421290495337965,-0.006396957529803112,-0.0009451715197306846,0.5824227728684478,0.5271250000000001,0.4718272271315524,0.016992857142857136,861881.15,-1.857062464828366,0.5092800000000001,0.012707163334118352
2024-08-26 02:00:00,0.5232,0.5232,0.5232,0.5232,0,2024-08-26 02:59:59.999,0,0,0,0,0,46.90818238600874,-0.006246921726245969,-0.006366950369091683,0.00012002864284571448,0.5800807904375592,0.5258,0.4715192095624408,0.015657142857142852,861876.7,-10.564102564102559,0.51392,0.01270716333411842
2024-08-26 03:00:00,0.5232,0.5232,0.5232,0.5232,0,2024-08-26 03:59:59.999,0,0,0,0,0,46.90818238600874,-0.005317663319382326,-0.006157092959149813,0.0008394296397674864,0.5794120432622222,0.52526,0.4711079567377777,0.015657142857142852,861858.0,-10.564102564102559,0.5185600000000001,0.010375355415597375
2024-08-26 04:00:00,0.5186,0.5271,0.5186,0.5271,355,2024-08-26 04:59:59.999,185.95970,6,355,185.95970,0,24.17484388938449,-0.0042179005981144435,-0.005769254486942739,0.0015513538888282958,0.5789203126041651,0.524915,0.47090968739583494,0.010264285714285717,861875.75,5.420000000000003,0.5239800000000001,0.0017441330224407736
2024-08-26 05:00:00,0.5271,0.5271,0.5271,0.5271,0,2024-08-26 05:59:59.999,0,0,0,0,0,24.17484388938449,-0.0033081958951483026,-0.005277042768583853,0.0019688468734355502,0.5768792809551642,0.5239,0.47092071904483584,0.010264285714285717,861784.85,5.420000000000003,0.52476,0.0021361179742628526
2024-08-26 06:00:00,0.5155,0.5177,0.5155,0.5177,249,2024-08-26 06:59:59.999,128.56970,4,249,128.56970,0,74.24657534246583,-0.003307621601996491,-0.004883158535266381,0.00157553693326989,0.5742739290895569,0.522415,0.47055607091044305,0.005021428571428581,861797.3,3.54000000000001,0.52366,0.0038604403893815207
2024-08-26 07:00:00,0.5,0.5,0.5,0.5,192,2024-08-26 07:59:59.999,96.00000,1,0,0,0,50.0,-0.004681443775715111,-0.004842815583356128,0.000161371807641017,0.5714264414581344,0.520045,0.4686635585418656,0.004357142857142869,861806.9,0.0,0.51902,0.011308713454675825
2024-08-26 08:00:00,0.5205,0.5206,0.5205,0.5206,123,2024-08-26 08:59:59.999,64.02790,2,123,64.02790,0,63.7700534759358,-0.004061145549703049,-0.004686481576625512,0.0006253360269224632,0.5704356054555849,0.51942,0.46840439454441507,0.005828571428571437,855452.1,4.11999999999999,0.5185000000000001,0.011126769522191325
2024-08-26 09:00:00,0.5206,0.5206,0.5,0.5,249,2024-08-26 09:59:59.999,125.92140,2,0,0,0,50.0,-0.00517218089342919,-0.004783621439986248,-0.0003885594534429422,0.5690588397860786,0.517765,0.4664711602139214,0.007300000000000005,855464.55,0.0,0.51308,0.01241599774484363
2024-08-26 10:00:00,0.5,0.5,0.5,0.5,0,2024-08-26 10:59:59.999,0,0,0,0,0,50.0,-0.005983707947420536,-0.0050236387414731055,-0.0009600692059474301,0.5543776080523749,0.513515,0.4726523919476252,0.007300000000000005,8258.8,0.0,0.50766,0.01053888039594143
2024-08-26 11:00:00,0.5168,0.5168,0.5,0.5,77,2024-08-26 11:59:59.999,39.60880,3,66,34.10880,0,50.0,-0.006551329337899037,-0.0053291768607582925,-0.0012221524771407442,0.5328519076083792,0.509265,0.48567809239162074,0.008500000000000008,8262.65,0.0,0.50412,0.009212600067296774
2024-08-26 12:00:00,0.5182,0.5206,0.5182,0.5206,239,2024-08-26 12:59:59.999,124.10960,5,239,124.10960,0,58.879310344827566,-0.005278083084423235,-0.005318958105491282,4.0875021068046725e-05,0.5339773251881164,0.5102949999999999,0.4866126748118835,0.009971428571428576,8255.9,-0.49694189602447375,0.50824,0.011283084684604568
2024-08-26 13:00:00,0.5,0.5149,0.5,0.5149,1159,2024-08-26 13:59:59.999,584.22560,6,269,138.34670,0,56.12161051766641,-0.00467507723814542,-0.00519018193202211,0.0005151046938766902,0.5342922460714727,0.5110399999999999,0.4877877539285271,0.011442857142857144,132.75,-1.5863914373088637,0.5071,0.009928746144401021
2024-08-26 14:00:00,0.5092,0.5103,0.5092,0.5103,268,2024-08-26 14:59:59.999,136.64070,4,268,136.64070,0,43.74393792434528,-0.0045163110937608275,-0.0050554077643698535,0.000539096670609026,0.5342267050643796,0.511555,0.4888832949356203,0.010192857142857146,146.15,-2.4655963302752335,0.50916,0.009123212153619975
2024-08-26 15:00:00,0.5101,0.5101,0.5101,0.5101,1,2024-08-26 15:59:59.999,0.51010,1,1,0.51010,0,43.659244917715384,-0.0043564081476615835,-0.0049156078410282,0.0005591996933666165,0.5340888232239374,0.51206,0.49003117677606256,0.010207142857142859,146.2,-2.503822629969419,0.51118,0.007574760722290847
2024-08-26 16:00:00,0.5047,0.5139,0.5047,0.5139,674,2024-08-26 16:59:59.999,345.08550,13,660,338.01970,0,45.65826330532213,-0.0038783484816560243,-0.004708155969153765,0.0008298074874977411,0.5340465080675225,0.512755,0.4914634919324774,0.010864285714285715,179.9,-2.504268639726805,0.51396,0.0042799532707685104
2024-08-26 17:00:00,0.5139,0.5139,0.5139,0.5139,266,2024-08-26 17:59:59.999,136.69740,4,0,0,0,45.65826330532213,-0.003459602606789569,-0.0044584452966809265,0.0009988426898913574,0.5338784115877839,0.51345,0.493021588412216,0.010864285714285715,193.2,-2.504268639726805,0.51262,0.002247665455525239
2024-08-26 18:00:00,0.5139,0.5139,0.5139,0.5139,462,2024-08-26 18:59:59.999,237.42180,7,0,0,0,43.604651162790695,-0.0030920996836686365,-0.004185176174078468,0.0010930764904098318,0.5335677728520689,0.514145,0.49472222714793107,0.010257142857142854,216.3,-0.7340158392891685,0.51242,0.002027806696892329
2024-08-26 19:00:00,0.5139,0.5139,0.5139,0.5139,68,2024-08-26 19:59:59.999,34.94520,1,0,0,0,43.604651162790695,-0.0027689324398141313,-0.0039019274272256007,0.0011329949874114694,0.5330910446708909,0.51484,0.49658895532910907,0.010257142857142854,219.7,2.7800000000000047,0.51314,0.0016994116628885518
2024-08-26 20:00:00,0.5139,0.5139,0.5139,0.5139,60,2024-08-26 20:59:59.999,30.83400,1,0,0,0,47.97441364605542,-0.0024841839446025915,-0.0036183787307009995,0.001134194786098408,0.5321980926491127,0.514375,0.49655190735088733,0.009428571428571422,222.1,-1.286976565501331,0.5139,0.0
2024-08-26 21:00:00,0.5139,0.5139,0.5139,0.5139,0,2024-08-26 21:59:59.999,0,0,0,0,0,59.13272010512487,-0.002232780605680662,-0.003341259105696932,0.0011084785000162701,0.5312421605541141,0.51391,0.49657783944588585,0.008164285714285704,222.1,2.7800000000000047,0.5139,0.0
2024-08-26 22:00:00,0.5139,0.5139,0.5139,0.5139,315,2024-08-26 22:59:59.999,161.87850,5,0,0,0,43.96396396396401,-0.002010367384523315,-0.003075080761462209,0.0010647133769388938,0.530217719077808,0.513445,0.49667228092219207,0.006692857142857135,237.85,2.7800000000000047,0.5139,0.0
2024-08-26 23:00:00,0.5139,0.5139,0.5139,0.5139,0,2024-08-26 23:59:59.999,0,0,0,0,0,69.91404011461326,-0.001813201842197465,-0.0028227049776092606,0.0010095031354117956,0.5291176447769578,0.51298,0.4968423552230422,0.005221428571428567,237.85,2.7800000000000047,0.5139,0.0
2024-08-27 00:00:00,0.5139,0.5139,0.5139,0.5139,0,2024-08-27 00:59:59.999,0,0,0,0,0,69.91404011461326,-0.0016380641455924216,-0.002585776811205893,0.0009477126656134713,0.5270439296814085,0.51232,0.49759607031859154,0.005221428571428567,220.1,-1.286976565501331,0.5139,0.0
2024-08-27 01:00:00,0.5139,0.5139,0.5139,0.5139,2644,2024-08-27 01:59:59.999,1358.75160,1,0,0,0,69.91404011461326,-0.0014821806038580743,-0.0023650575697363296,0.0008828769658782553,0.5246790791169166,0.51166,0.49864092088308337,0.004021428571428565,352.3,-0.19421246844047405,0.5139,0.0
2024-08-27 02:00:00,0.5139,0.5139,0.5139,0.5139,26156,2024-08-27 02:59:59.999,13441.56840,1,0,0,0,26.573426573426786,-0.0013431586768142267,-0.002160677791151909,0.0008175191143376822,0.524226191479142,0.51147,0.498713808520858,0.0025499999999999967,1647.65,0.7054673721340481,0.5139,0.0
2024-08-27 03:00:00,0.5139,0.5139,0.5139,0.5139,126,2024-08-27 03:59:59.999,64.75140,2,0,0,0,44.18604651162793,-0.0012189317120155918,-0.0019723285753246453,0.0007533968633090535,0.5237508852420524,0.512165,0.5005791147579476,0.0010785714285714287,1644.35,0.7449519702019262,0.5139,0.0
2024-08-27 04:00:00,0.5139,0.5139,0.5139,0.5139,0,2024-08-27 04:59:59.999,0,0,0,0,0,95.00000000000055,-0.001107711933760025,-0.0017994052470117212,0.0006916933132516962,0.5227577242779382,0.51183,0.5009022757220618,0.0006714285714285688,1638.2,0.0,0.5139,0.0
2024-08-27 05:00:00,0.5139,0.5139,0.5139,0.5139,0,2024-08-27 05:59:59.999,0,0,0,0,0,100.0,-0.0010079504330327005,-0.001641114284215917,0.0006331638511832165,0.5219494642455522,0.512525,0.5031005357544478,0.0006571428571428561,1625.75,0.0,0.5139,0.0
2024-08-27 16:00:00,0.5139,0.5139,0.5,0.5,53326,2024-08-27 16:59:59.999,26842.10750,14,0,0,0,0.0,-0.0014904674787075134,-0.0008268761138381295,-0.0006635913648693839,0.5194212689774417,0.513205,0.5069887310225584,0.0009928571428571445,4251.95,-2.7048063825647057,0.51112,0.006216268977446254
2024-08-27 17:00:00,0.5,0.5,0.5,0.5,5063,2024-08-27 17:59:59.999,2531.50000,1,0,0,0,0.0,-0.0023159193600369443,-0.0011246847630778927,-0.0011912345969590516,0.5210666594563845,0.51251,0.5039533405436155,0.0009928571428571445,4505.1,-2.7048063825647057,0.50834,0.00761334354931912
2024-08-27 18:00:00,0.5,0.5,0.5,0.5,0,2024-08-27 18:59:59.999,0,0,0,0,0,0.0,-0.0029362486760637907,-0.0014869975456750725,-0.0014492511303887182,0.5219994618491994,0.511815,0.5016305381508006,0.0009928571428571445,4489.35,-2.7048063825647057,0.50556,0.007613343549319029
2024-08-27 19:00:00,0.5,0.5,0.5,0.5,13587,2024-08-27 19:59:59.999,6793.50000,2,0,0,0,0.0,-0.003388800149577098,-0.001867358066455478,-0.00152144208312162,0.5225288792751827,0.51112,0.4997111207248174,0.0009928571428571445,5168.7,-2.7048063825647057,0.50278,0.006216268977445869
2024-08-27 20:00:00,0.5,0.5,0.5,0.5,0,2024-08-27 20:59:59.999,0,0,0,0,0,0.0,-0.003704744464727572,-0.002234835346109897,-0.0014699091186176749,0.5227754741012731,0.510425,0.4980745258987269,0.0009928571428571445,5168.7,-2.7048063825647057,0.5,0.0
2024-08-27 21:00:00,0.5,0.5,0.486,0.486,820,2024-08-27 21:59:59.999,404.60400,49,0,0,0,0.0,-0.005026868991244493,-0.0027932420751368165,-0.0022336269161076765,0.5253821896167779,0.50903,0.49267781038322206,0.0019928571428571456,5077.5,-5.429071803852897,0.49720000000000003,0.006260990336995631
2024-08-27 22:00:00,0.486,0.486,0.486,0.486,0,2024-08-27 22:59:59.999,0,0,0,0,0,0.0,-0.00600543528419939,-0.0034356807169493315,-0.002569754567250058,0.5267626350093924,0.507635,0.4885073649906076,0.0019928571428571456,3769.7,-5.429071803852897,0.4944,0.007668115805069141
2024-08-27 23:00:00,0.486,0.486,0.486,0.486,0,2024-08-27 23:59:59.999,0,0,0,0,0,0.0,-0.006703680268318579,-0.004089280627223181,-0.002614399641095398,0.5274048566707795,0.50624,0.4850751433292206,0.0019928571428571456,3763.4,-5.429071803852897,0.49160000000000004,0.00766811580506904
2024-08-28 00:00:00,0.486,0.486,0.486,0.486,15190,2024-08-28 00:59:59.999,7382.34000,1,0,0,0,0.0,-0.007174343087576418,-0.004706293119293829,-0.0024680499682825895,0.5275088107075879,0.5048450000000001,0.4821811892924122,0.0019928571428571456,4522.9,-5.429071803852897,0.4888,0.006260990336995259
2024-08-28 01:00:00,0.486,0.486,0.486,0.486,0,2024-08-28 01:59:59.999,0,0,0,0,0,0.0,-0.00746133711306235,-0.005257301918047534,-0.002204035195014816,0.5271767337561819,0.50345,0.479723266243818,0.0019928571428571456,4522.9,-5.429071803852897,0.486,0.0
2024-08-28 02:00:00,0.486,0.486,0.486,0.486,11033,2024-08-28 02:59:59.999,5362.03800,2,0,0,0,0.0,-0.0076011604992629045,-0.005726073634290609,-0.0018750868649722958,0.5264656512558912,0.502055,0.4776443487441088,0.0019928571428571456,5074.55,-5.429071803852897,0.486,0.0
2024-08-28 03:00:00,0.486,0.486,0.486,0.486,15,2024-08-28 03:59:59.999,7.29000,1,0,0,0,0.0,-0.0076240858246420795,-0.006105676072360904,-0.0015184097522811758,0.5254070061985158,0.5006600000000001,0.47591299380148444,0.0019928571428571456,5075.3,-5.429071803852897,0.486,0.0
2024-08-28 04:00:00,0.486,0.486,0.486,0.486,0,2024-08-28 04:59:59.999,0,0,0,0,0,0.0,-0.007555163092963224,-0.006395573476481369,-0.001159589616481855,0.5240149728867455,0.499265,0.47451502711325455,0.0019928571428571456,5075.3,-2.8000000000000025,0.486,0.0
2024-08-28 05:00:00,0.486,0.486,0.486,0.486,0,2024-08-28 05:59:59.999,0,0,0,0,0,0.0,-0.007415065077055694,-0.006599471796596234,-0.0008155932804594593,0.5222896728285317,0.49787,0.4734503271714683,0.0019928571428571456,5075.3,-2.8000000000000025,0.486,0.0
2024-08-28 06:00:00,0.486,0.486,0.486,0.486,1003,2024-08-28 06:59:59.999,487.45800,3,0,0,0,0.0,-0.007220799508158904,-0.00672373733890877,-0.0004970621692501342,0.5202172009355294,0.49647499999999994,0.4727327990644705,0.0010000000000000009,5089.4,-2.8000000000000025,0.486,0.0
2024-08-28 07:00:00,0.486,0.486,0.486,0.486,0,2024-08-28 07:59:59.999,0,0,0,0,0,0.0,-0.006986308825881804,-0.006776251636303376,-0.00021005718957842808,0.5177664763796895,0.49508,0.4723935236203105,0.0010000000000000009,5089.4,-2.8000000000000025,0.486,0.0
2024-08-28 08:00:00,0.486,0.486,0.4195,0.4195,99627,2024-08-28 08:59:59.999,46032.00500,5,0,0,0,0.0,-0.012027818304714555,-0.007826564969985612,-0.004201253334728943,0.5297161016469111,0.49036,0.45100389835308896,0.005750000000000001,10070.05,-16.1,0.47269999999999995,0.029739704100746202
2024-08-28 09:00:00,0.4195,0.481,0.4195,0.481,76,2024-08-28 09:59:59.999,35.20300,2,0,0,0,43.30985915492957,-0.010934666833091022,-0.008448185342606695,-0.0024864814904843272,0.5266530256401617,0.488715,0.45077697435983827,0.010142857142857144,10070.3,-1.0288065843621408,0.47170000000000006,0.02926089540666758
2024-08-28 10:00:00,0.481,0.481,0.481,0.481,55,2024-08-28 10:59:59.999,26.45500,1,0,0,0,43.30985915492957,-0.009953597539561543,-0.008749267781997664,-0.0012043297575638785,0.523221034053783,0.48707,0.450918965946217,0.010142857142857144,10029.6,-1.0288065843621408,0.4707,0.028730645659294528
2024-08-28 11:00:00,0.486,0.486,0.486,0.486,277,2024-08-28 11:59:59.999,134.62200,2,0,0,0,50.0,-0.008672661796316983,-0.008733946584861528,6.128478854454562e-05,0.5195482544704658,0.48567499999999997,0.4518017455295341,0.0095,10003.6,0.0,0.4707,0.028730645659294528
2024-08-28 12:00:00,0.486,0.486,0.486,0.486,0,2024-08-28 12:59:59.999,0,0,0,0,0,50.0,-0.00757024590863159,-0.008501206449615542,0.0009309605409839519,0.5181737238182099,0.48497500000000004,0.45177627618179017,0.0095,7337.3,0.0,0.4707,0.028730645659294528
2024-08-28 13:00:00,0.486,0.486,0.486,0.486,492,2024-08-28 13:59:59.999,239.11200,2,0,0,0,50.0,-0.006620259148665875,-0.008125016989425608,0.0015047578407597333,0.5167216769038856,0.48427499999999996,0.45182832309611437,0.0095,7108.75,0.0,0.484,0.0027386127875160564
2024-08-28 14:00:00,0.486,0.486,0.481,0.481,52692,2024-08-28 14:59:59.999,25586.04200,4,0,0,0,48.188405797101446,-0.006199383377767764,-0.007739890267094039,0.0015405068893262746,0.5149349168316707,0.48332499999999995,0.4517150831683292,0.009857142857142858,9743.35,-1.0288065843621408,0.484,0.0027386127875160564
2024-08-28 15:00:00,0.481,0.481,0.481,0.481,896,2024-08-28 15:59:59.999,430.97600,1,0,0,0,48.188405797101446,-0.005798989159796097,-0.007351710045634452,0.0015527208858383545,0.5130015708512257,0.48237500000000005,0.45174842914877444,0.009857142857142858,9108.8,-1.0288065843621408,0.484,0.0027386127875160564
2024-08-28 16:00:00,0.481,0.481,0.481,0.481,0,2024-08-28 16:59:59.999,0,0,0,0,0,48.188405797101446,-0.005419204639621145,-0.00696520896443179,0.0015460043248106455,0.5109069748677924,0.48142500000000005,0.4519430251322077,0.009857142857142858,9108.8,-1.0288065843621408,0.483,0.0027386127875159553
2024-08-28 17:00:00,0.481,0.481,0.481,0.481,0,2024-08-28 17:59:59.999,0,0,0,0,0,48.188405797101446,-0.005059895347294674,-0.006584146241004367,0.0015242508937096935,0.5105783206144777,0.481175,0.45177167938552226,0.009857142857142858,9067.8,-1.0288065843621408,0.48200000000000004,0.002236067977487576
2024-08-28 18:00:00,0.481,0.481,0.481,0.481,1039,2024-08-28 18:59:59.999,499.75900,1,0,0,0,48.188405797101446,-0.004720722592938709,-0.0062114615113912355,0.0014907389184525268,0.5102404800134832,0.48092500000000005,0.45160951998651694,0.009857142857142858,9119.75,-1.0288065843621408,0.481,0.0
2024-08-28 19:00:00,0.481,0.481,0.4195,0.4195,38005,2024-08-28 19:59:59.999,17501.50180,6,0,0,0,33.33333333333333,-0.00930717445100232,-0.006830604099313453,-0.0024765703516888673,0.5176218361450462,0.47759999999999997,0.43757816385495374,0.01425,11020.0,-13.683127572016463,0.46869999999999995,0.027503636123246293
2024-08-28 20:00:00,0.4195,0.4195,0.4195,0.4195,0,2024-08-28 20:59:59.999,0,0,0,0,0,33.33333333333333,-0.012794483747764429,-0.008023380029003649,-0.0047711037187607806,0.5217196769239808,0.4742749999999999,0.426830323076019,0.01425,10260.5,0.0,0.45640000000000003,0.03368493728656671
2024-08-28 21:00:00,0.4359,0.4359,0.4195,0.4195,44,2024-08-28 21:59:59.999,18.81880,2,22,9.58980,0,33.33333333333333,-0.01538090004867193,-0.009494884032937306,-0.0058860160157346245,0.5239325194608648,0.47095000000000004,0.4179674805391352,0.015421428571428574,10262.7,-12.785862785862786,0.4441,0.03368493728656664
2024-08-28 22:00:00,0.4195,0.4195,0.4195,0.4195,0,2024-08-28 22:59:59.999,0,0,0,0,0,50.0,-0.01723201367418442,-0.01104230996118673,-0.006189703712997692,0.5248106395297011,0.46762499999999996,0.4104393604702988,0.010671428571428573,9711.05,-12.785862785862786,0.43179999999999996,0.027503636123246
2024-08-28 23:00:00,0.4195,0.4195,0.4195,0.4195,0,2024-08-28 23:59:59.999,0,0,0,0,0,6.9930069930070005,-0.018485940148028346,-0.012531035998555056,-0.00595490414947329,0.5246336338075283,0.4643,0.4039663661924717,0.006278571428571431,9710.3,-13.683127572016463,0.4195,0.0
2024-08-29 00:00:00,0.4338,0.4338,0.4338,0.4338,412,2024-08-29 00:59:59.999,178.72560,18,412,178.72560,0,22.49417249417253,-0.01811695444921041,-0.01364821968868613,-0.004468734760524279,0.5225847634080812,0.46169000000000004,0.40079523659191885,0.007300000000000005,9730.9,-10.740740740740733,0.42236,0.006395154415643072
2024-08-29 01:00:00,0.4338,0.4338,0.4338,0.4338,0,2024-08-29 01:59:59.999,0,0,0,0,0,17.698019801980237,-0.017621402070373493,-0.014442856165023605,-0.0031785459053498884,0.5200622269189955,0.45908,0.39809777308100447,0.006942857142857147,9730.9,-10.740740740740733,0.42522000000000004,0.007832432572318764
2024-08-29 02:00:00,0.4338,0.4338,0.4338,0.4338,0,2024-08-29 02:59:59.999,0,0,0,0,0,17.698019801980237,-0.017032335083303207,-0.014960751948679527,-0.0020715831346236804,0.5170680753559218,0.45647000000000004,0.39587192464407833,0.006942857142857147,9680.75,-9.812889812889805,0.42808,0.007832432572318816
2024-08-29 03:00:00,0.4338,0.4338,0.4338,0.4338,0,2024-08-29 03:59:59.999,0,0,0,0,0,17.698019801980237,-0.016376714679378568,-0.015243944494819337,-0.0011327701845592307,0.5135932103695464,0.45386,0.39412678963045356,0.006942857142857147,9680.75,-9.812889812889805,0.43094,0.006395154415643259
2024-08-29 04:00:00,0.4338,0.4338,0.4338,0.4338,0,2024-08-29 04:59:59.999,0,0,0,0,0,18.865435356200564,-0.0156764227426357,-0.015330440144382613,-0.00034598259825308585,0.5129022753746602,0.454575,0.3962477246253398,0.00658571428571429,4699.4,-9.812889812889805,0.4338,0.0
2024-08-29 05:00:00,0.4338,0.4338,0.4338,0.4338,2785,2024-08-29 05:59:59.999,1208.13300,122,2785,1208.13300,0,18.865435356200564,-0.014949112276610443,-0.01525417457082818,0.000305062294217737,0.509855931180614,0.452215,0.39457406881938595,0.00658571428571429,4834.85,-9.812889812889805,0.4338,0.0
2024-08-29 06:00:00,0.4338,0.4338,0.4338,0.4338,1771,2024-08-29 06:59:59.999,768.25980,78,1771,768.25980,0,18.865435356200564,-0.014208921885546677,-0.015045124033771881,0.0008362021482252041,0.5063880075917448,0.449855,0.39332199240825516,0.00658571428571429,4920.65,-9.812889812889805,0.4338,0.0
2024-08-29 07:00:00,0.4338,0.4338,0.4338,0.4338,0,2024-08-29 07:59:59.999,0,0,0,0,0,18.865435356200564,-0.013467075603253997,-0.014729514347668305,0.0012624387444143074,0.501526856036218,0.447245,0.39296314396378196,0.00658571428571429,4906.8,3.4088200238379107,0.4338,0.0
2024-08-29 08:00:00,0.4338,0.4338,0.4338,0.4338,2507,2024-08-29 08:59:59.999,1087.53660,110,2093,907.94340,0,18.865435356200564,-0.012732386058970535,-0.014330088689928753,0.0015977026309582174,0.4960129504211052,0.444635,0.3932570495788948,0.00658571428571429,5032.15,3.4088200238379107,0.4338,0.0
2024-08-29 09:00:00,0.4338,0.44,0.4338,0.44,2706,2024-08-29 09:59:59.999,1175.47580,52,0,0,0,100.0,-0.011517089281438297,-0.013767488808230663,0.002250399526792365,0.4898925341311074,0.44233500000000003,0.3947774658688927,0.002635714285714289,5142.85,4.886769964243151,0.43504000000000004,0.0027727242920857825
2024-08-29 10:00:00,0.44,0.44,0.44,0.44,1173,2024-08-29 10:59:59.999,516.12000,51,0,0,0,100.0,-0.010433684805805477,-0.013100728007745626,0.0026670432019401495,0.48422176197253786,0.4402850000000001,0.39634823802746233,0.002635714285714289,2566.9,4.886769964243151,0.43628,0.003395879856520691
2024-08-29 11:00:00,0.44,0.44,0.4338,0.4338,1127,2024-08-29 11:59:59.999,489.21500,50,0,0,0,76.77902621722853,-0.009960548139075431,-0.012472692034011587,0.002512143894936156,0.47750845614015863,0.437925,0.3983415438598414,0.0019071428571428573,2578.45,3.4088200238379107,0.43628,0.003395879856520691
2024-08-29 12:00:00,0.4338,0.4405,0.4338,0.4338,1223,2024-08-29 12:59:59.999,531.15380,48,0,0,0,76.77902621722853,-0.00947634649831447,-0.011873422926872166,0.002397076428557696,0.4695702797758148,0.435565,0.4015597202241852,0.002385714285714285,2639.6,0.0,0.43628,0.003395879856520691
2024-08-29 13:00:00,0.4338,0.4338,0.41,0.4338,19082,2024-08-29 13:59:59.999,7940.40860,42,368,159.63840,0,76.77902621722853,-0.008988993685771662,-0.011296537078652066,0.002307543392880404,0.45964296910744423,0.43320499999999995,0.40676703089255567,0.004085714285714288,3593.7,0.0,0.43628,0.003395879856520691
2024-08-29 14:00:00,0.4338,0.4338,0.4338,0.4338,1357,2024-08-29 14:59:59.999,588.66660,59,1150,498.87000,0,50.0,-0.008504725884653896,-0.010738174839852434,0.0022334489551985373,0.44479747195603964,0.430845,0.4168925280439603,0.003064285714285714,3609.6,0.0,0.43504000000000004,0.0027727242920857825
2024-08-29 15:00:00,0.4338,0.4338,0.4338,0.4338,9133,2024-08-29 15:59:59.999,3961.89540,37,490,212.56200,0,50.0,-0.008028393836659542,-0.010196218639213855,0.0021678248025543134,0.4444929281904297,0.43156,0.4186270718095703,0.003064285714285714,2166.0,0.0,0.4338,0.0
2024-08-29 16:00:00,0.4338,0.4338,0.4338,0.4338,922,2024-08-29 16:59:59.999,399.96360,41,922,399.96360,0,50.0,-0.007563707544508358,-0.009669716420272756,0.002106008875764398,0.44391736818014144,0.4322750000000001,0.4206326318198587,0.003064285714285714,2212.1,0.0,0.4338,0.0
2024-08-29 17:00:00,0.4326,0.4326,0.4326,0.4326,18,2024-08-29 17:59:59.999,7.78680,1,0,0,0,45.588235294117524,-0.0072091674860479404,-0.009177606633427792,0.001968439147379852,0.4429000815601304,0.43293,0.4229599184398696,0.003150000000000002,2210.8,-0.27662517289074096,0.43356000000000006,0.0005366563145274218
2024-08-29 18:00:00,0.4338,0.4338,0.4338,0.4338,918,2024-08-29 18:59:59.999,398.22840,41,918,398.22840,0,50.0,-0.006753511685418767,-0.008692787643825988,0.0019392759584072206,0.4413545907461776,0.433645,0.4259354092538224,0.00323571428571429,2256.7,0.0,0.43355999999999995,0.0005366563145274218
2024-08-29 19:00:00,0.4338,0.4338,0.4338,0.4338,453,2024-08-29 19:59:59.999,196.51140,20,453,196.51140,0,50.0,-0.006319553303895442,-0.008218140775839879,0.0018985874719444368,0.43825461166226665,0.43435999999999997,0.4304653883377333,0.00323571428571429,2279.35,0.0,0.43356000000000006,0.0005366563145274218
2024-08-29 20:00:00,0.4338,0.4338,0.4338,0.4338,0,2024-08-29 20:59:59.999,0,0,0,0,0,50.0,-0.005907539719466615,-0.007756020564565226,0.0018484808450986113,0.4382546116622667,0.43436,0.43046538833773335,0.00323571428571429,2258.75,0.0,0.43356000000000006,0.0005366563145274218
2024-08-29 21:00:00,0.4338,0.4338,0.4338,0.4338,0,2024-08-29 21:59:59.999,0,0,0,0,0,50.0,-0.005517414663638198,-0.007308299384379821,0.001790884720741623,0.4382546116622667,0.43436,0.43046538833773335,0.00323571428571429,2258.75,-1.4090909090909054,0.43356000000000006,0.0005366563145274218
2024-08-29 22:00:00,0.4338,0.4338,0.4338,0.4338,0,2024-08-29 22:59:59.999,0,0,0,0,0,50.0,-0.005148884609486093,-0.006876416429401076,0.0017275318199149832,0.4382546116622667,0.43436,0.43046538833773335,0.00323571428571429,2258.75,-1.4090909090909054,0.4338,0.0
2024-08-29 23:00:00,0.4432,0.4432,0.4432,0.4432,964,2024-08-29 23:59:59.999,427.24480,3,0,0,0,58.88888888888883,-0.004051615939030917,-0.006311456331327045,0.002259840392296128,0.4403638575105646,0.43483,0.4292961424894354,0.0034642857142857175,2306.95,2.166897187644067,0.43567999999999996,0.004203807797690405
2024-08-30 00:00:00,0.4432,0.4432,0.4432,0.4432,23,2024-08-30 00:59:59.999,10.19360,1,0,0,0,58.88888888888883,-0.0031457602463492162,-0.00567831711433148,0.0025325568679822634,0.44194973287946865,0.4353000000000001,0.4286502671205315,0.0034642857142857175,2308.1,2.166897187644067,0.43756000000000006,0.005148592040541094
2024-08-30 01:00:00,0.4432,0.4432,0.4432,0.4432,0,2024-08-30 01:59:59.999,0,0,0,0,0,89.830508474576,-0.002400195128192839,-0.005022692717103752,0.0026224975889109128,0.443250247673909,0.43576999999999994,0.42828975232609084,0.0030214285714285755,2168.85,2.166897187644067,0.43944,0.00514859204054114
2024-08-30 02:00:00,0.4432,0.4432,0.4432,0.4432,0,2024-08-30 02:59:59.999,0,0,0,0,0,89.830508474576,-0.001788710262079607,-0.004375896226098923,0.0025871859640193163,0.4443535104998665,0.43624,0.42812648950013354,0.0025428571428571483,2080.3,2.166897187644067,0.44132,0.004203807797690586
2024-08-30 03:00:00,0.4432,0.4432,0.4432,0.4432,86,2024-08-30 03:59:59.999,38.11520,1,0,0,0,89.830508474576,-0.0012892425149870768,-0.003758565483876554,0.0024693229688894773,0.4453032409179278,0.43671,0.4281167590820722,0.0008428571428571452,2084.6,2.166897187644067,0.4432,0.0
2024-08-30 04:00:00,0.4432,0.4432,0.4432,0.4432,0,2024-08-30 04:59:59.999,0,0,0,0,0,89.830508474576,-0.0008832294081198566,-0.0031834982687252147,0.002300268860605358,0.44612417775926544,0.43718,0.4282358222407346,0.0008428571428571452,1959.25,2.166897187644067,0.4432,0.0
2024-08-30 05:00:00,0.4432,0.4432,0.4432,0.4432,0,2024-08-30 05:59:59.999,0,0,0,0,0,89.830508474576,-0.0005550626787154678,-0.0026578111507232654,0.0021027484720077976,0.44660530597102477,0.43734,0.42807469402897524,0.0008428571428571452,1823.95,2.4503005085529357,0.4432,0.0
2024-08-30 06:00:00,0.4432,0.4432,0.4432,0.4432,276,2024-08-30 06:59:59.999,122.32320,1,0,0,0,89.830508474576,-0.00029162649267244767,-0.002184574219113102,0.0018929477264406545,0.44706440770443767,0.4375,0.42793559229556233,0.0008428571428571452,1779.1,2.166897187644067,0.4432,0.0
2024-08-30 07:00:00,0.4432,0.4432,0.4432,0.4432,279,2024-08-30 07:59:59.999,123.65280,2,0,0,0,100.0,-8.190724158274598e-05,-0.0017640408236070308,0.0016821335820242848,0.44769140340745056,0.43796999999999997,0.4282485965925494,0.000757142857142857,1736.7,2.166897187644067,0.4432,0.0
2024-08-30 08:00:00,0.4432,0.4432,0.4432,0.4432,0,2024-08-30 08:59:59.999,0,0,0,0,0,100.0,8.33361288332668e-05,-0.0013945654331189712,0.001477901561952238,0.4482212710399907,0.43844000000000005,0.4286587289600094,0.0006714285714285688,1675.55,2.166897187644067,0.4432,0.0
2024-08-30 09:00:00,0.4432,0.4432,0.4432,0.4432,115,2024-08-30 09:59:59.999,50.96800,5,0,0,0,100.0,0.00021185060846018455,-0.0010732822248031401,0.0012851328332633247,0.44865580071511896,0.43891,0.4291641992848811,0.0006714285714285688,727.2,2.166897187644067,0.4432,0.0
2024-08-30 10:00:00,0.4432,0.4432,0.425,0.425,3737,2024-08-30 10:59:59.999,1646.63080,9,506,215.05000,0,34.05797101449268,-0.0011417275127262871,-0.0010869712823877696,-5.475623033851756e-05,0.4498455231227252,0.43847,0.42709447687727486,0.0019714285714285684,846.2,-2.0285846011987156,0.43956,0.00813928743809454
2024-08-30 11:00:00,0.425,0.425,0.425,0.425,23326,2024-08-30 11:59:59.999,9913.55000,4,23326,9913.55000,0,34.05797101449268,-0.002189212051972367,-0.0013074194363046892,-0.0008817926156676776,0.4507655449535159,0.43803000000000003,0.42529445504648417,0.0019714285714285684,1555.85,-4.106498194945847,0.43592,0.009968550546590129
2024-08-30 12:00:00,0.425,0.425,0.425,0.425,11764,2024-08-30 12:59:59.999,4999.70000,1,11764,4999.70000,0,34.05797101449268,-0.002984942536544355,-0.0016429240563526225,-0.0013420184801917325,0.45149522809668785,0.43759,0.4236847719033121,0.0019714285714285684,2097.95,-4.106498194945847,0.43228,0.009968550546590066
2024-08-30 13:00:00,0.425,0.425,0.425,0.425,0,2024-08-30 13:59:59.999,0,0,0,0,0,0.0,-0.0035743616622170293,-0.002029211577525504,-0.0015451500846915254,0.4520718763425389,0.43721,0.42234812365746105,0.0012999999999999995,2097.05,-4.106498194945847,0.42863999999999997,0.008139287438094294
2024-08-30 14:00:00,0.425,0.425,0.425,0.425,229,2024-08-30 14:59:59.999,97.32500,2,229,97.32500,0,0.0,-0.003995423807263032,-0.0024224540234730097,-0.0015729697837900225,0.4525496804717123,0.43677,0.4209903195282877,0.0012999999999999995,2062.6,-4.106498194945847,0.425,0.0
2024-08-30 15:00:00,0.425,0.425,0.425,0.425,38202,2024-08-30 15:59:59.999,16235.85000,1,38202,16235.85000,0,0.0,-0.004279783906005474,-0.002793919999979503,-0.0014858639060259713,0.45292791997113757,0.43633000000000005,0.41973208002886253,0.0012999999999999995,3950.05,-4.106498194945847,0.425,0.0
2024-08-30 16:00:00,0.425,0.425,0.3694,0.3694,198174,2024-08-30 16:59:59.999,77652.69720,6,79986,33994.05000,0,0.0,-0.008889128326319162,-0.004012961665247436,-0.004876166661071726,0.467367348040044,0.43310999999999994,0.3988526519599559,0.00527142857142857,13858.75,-16.651624548736457,0.41387999999999997,0.0248650759097959
2024-08-30 17:00:00,0.3694,0.425,0.3694,0.425,2144,2024-08-30 17:59:59.999,845.98120,16,971,412.67500,0,42.96754250386398,-0.007963809814299283,-0.004803131295057806,-0.003160678519241477,0.4671155695722652,0.43267,0.3982244304277348,0.00924285714285714,13965.95,-4.106498194945847,0.41387999999999997,0.0248650759097959
2024-08-30 18:00:00,0.425,0.425,0.425,0.425,519,2024-08-30 18:59:59.999,220.57500,2,519,220.57500,0,42.96754250386398,-0.007148089500730426,-0.00527212293619233,-0.0018759665645380957,0.46683922298736763,0.43222999999999995,0.39762077701263226,0.00924285714285714,13991.9,-4.106498194945847,0.41387999999999997,0.0248650759097959
2024-08-30 19:00:00,0.425,0.425,0.425,0.425,0,2024-08-30 19:59:59.999,0,0,0,0,0,42.96754250386398,-0.006427532679549985,-0.005503204884863861,-0.0009243277946861242,0.46567085841262307,0.43132000000000004,0.396969141587377,0.00924285714285714,13943.7,-4.106498194945847,0.41387999999999997,0.0248650759097959
2024-08-30 20:00:00,0.425,0.425,0.425,0.425,0,2024-08-30 20:59:59.999,0,0,0,0,0,42.96754250386398,-0.0057897456238723555,-0.005560513032665561,-0.00022923259120679468,0.4643981031817694,0.43041,0.39642189681823065,0.00924285714285714,13942.55,-4.106498194945847,0.41387999999999997,0.0248650759097959
2024-08-30 21:00:00,0.425,0.425,0.425,0.425,0,2024-08-30 21:59:59.999,0,0,0,0,0,42.96754250386398,-0.00522407490362492,-0.005493225406857433,0.00026915050323251307,0.4630175680564822,0.4295,0.3959824319435178,0.00924285714285714,13942.55,-4.106498194945847,0.425,0.0
2024-08-30 22:00:00,0.425,0.425,0.425,0.425,1176,2024-08-30 22:59:59.999,499.80000,1,1176,499.80000,0,42.96754250386398,-0.004721351975754462,-0.005338850720636839,0.0006174987448823773,0.4615246338261566,0.42858999999999997,0.39565536617384334,0.00924285714285714,14001.35,0.0,0.425,0.0
2024-08-30 23:00:00,0.425,0.425,0.425,0.425,0,2024-08-30 23:59:59.999,0,0,0,0,0,42.96754250386398,-0.004273676155049644,-0.005125815807519401,0.0008521396524697571,0.4599132028880301,0.42767999999999995,0.3954467971119698,0.00924285714285714,13997.05,0.0,0.425,0.0
2024-08-31 00:00:00,0.425,0.425,0.425,0.425,0,2024-08-31 00:59:59.999,0,0,0,0,0,50.0,-0.0038742301285139558,-0.004875498671718312,0.001001268543204356,0.45817533645568215,0.42677,0.3953646635443178,0.00794285714285714,13997.05,0.0,0.425,0.0
2024-08-31 01:00:00,0.425,0.425,0.425,0.425,100,2024-08-31 01:59:59.999,42.50000,1,100,42.50000,0,50.0,-0.0035171230692223054,-0.004603823551219111,0.0010867004819968057,0.4563007206498807,0.42586,0.39541927935011933,0.00794285714285714,14002.05,0.0,0.425,0.0
2024-08-31 02:00:00,0.425,0.425,0.425,0.425,0,2024-08-31 02:59:59.999,0,0,0,0,0,50.0,-0.0031972571615809797,-0.004322510273291485,0.001125253111710505,0.454275864280347,0.42494999999999994,0.3956241357196529,0.00794285714285714,13988.25,0.0,0.425,0.0
2024-08-31 03:00:00,0.425,0.425,0.425,0.425,0,2024-08-31 03:59:59.999,0,0,0,0,0,50.0,-0.002910213989935184,-0.0040400510166202245,0.0011298370266850403,0.4520828544233712,0.42404000000000003,0.39599714557662885,0.00794285714285714,13974.3,0.0,0.425,0.0
2024-08-31 04:00:00,0.425,0.425,0.425,0.425,14,2024-08-31 04:59:59.999,5.95000,1,14,5.95000,0,50.0,-0.0026521577843444666,-0.003762472370165073,0.0011103145858206063,0.4496973404567944,0.4231299999999999,0.3965626595432054,0.00794285714285714,13975.0,15.051434759068755,0.425,0.0
2024-08-31 05:00:00,0.425,0.425,0.425,0.425,0,2024-08-31 05:59:59.999,0,0,0,0,0,50.0,-0.0024197529761541547,-0.0034939284913628895,0.0010741755152087347,0.44708507590979485,0.42222,0.3973549240902051,0.00794285714285714,13969.25,0.0,0.425,0.0
2024-08-31 06:00:00,0.425,0.425,0.425,0.425,38,2024-08-31 06:59:59.999,16.15000,2,38,16.15000,0,100.0,-0.002210093904481847,-0.0032371615739866812,0.0010270676695048344,0.44708507590979485,0.42222,0.3973549240902051,0.00397142857142857,13784.3,0.0,0.425,0.0
2024-08-31 10:00:00,0.425,0.43,0.425,0.43,48732,2024-08-31 10:59:59.999,20711.32450,5,48732,20711.32450,0,100.0,-0.0011538649075630292,-0.00227132996334834,0.0011174650557853106,0.4475523569781392,0.42247,0.3973876430218608,0.00035714285714285747,14454.95,1.176470588235295,0.426,0.0022360679774815354
2024-08-31 11:00:00,0.43,0.43,0.43,0.43,0,2024-08-31 11:59:59.999,0,0,0,0,0,100.0,-0.0007177020989131977,-0.001960604390461311,0.0012429022915481135,0.4480073673475172,0.42272,0.39743263265248274,0.00035714285714285747,12544.85,1.176470588235295,0.42700000000000005,0.0027386127875110005
2024-08-31 12:00:00,0.43,0.43,0.43,0.43,0,2024-08-31 12:59:59.999,0,0,0,0,0,100.0,-0.00036780015938520094,-0.001642043544246089,0.0012742433848608882,0.4294134754853064,0.42575,0.42208652451469364,0.00035714285714285747,2636.15,1.176470588235295,0.42800000000000005,0.002738612787511079
2024-08-31 13:00:00,0.43,0.43,0.43,0.43,0,2024-08-31 13:59:59.999,0,0,0,0,0,100.0,-8.946900836598326e-05,-0.001331528637070068,0.0012420596287040847,0.4301039134083238,0.426,0.42189608659167616,0.00035714285714285747,2528.95,1.176470588235295,0.429,0.002236067977481812
2024-08-31 14:00:00,0.43,0.4404,0.43,0.4404,422,2024-08-31 14:59:59.999,182.16120,8,422,182.16120,0,100.0,0.000959245927713015,-0.0008733737241134513,0.0018326196518264662,0.4343719665045766,0.42677000000000004,0.4191680334954235,0.0011000000000000018,2524.1,3.6235294117647117,0.43208,0.0046510213931910795
2024-08-31 15:00:00,0.4404,0.4404,0.4404,0.4404,0,2024-08-31 15:59:59.999,0,0,0,0,0,100.0,0.0017699571063765074,-0.0003447075580154594,0.002114664664391967,0.43722219200930895,0.42754000000000003,0.4178578079906911,0.0011000000000000018,2524.1,3.6235294117647117,0.43416,0.00569631459804689
2024-08-31 16:00:00,0.4404,0.4416,0.4392,0.4392,99533,2024-08-31 16:59:59.999,43834.33380,8,67768,29845.06320,0,92.77108433734922,0.002289232735171287,0.00018208050062189007,0.002107152234549397,0.4391535001623027,0.42824999999999996,0.4173464998376972,0.0012714285714285742,7500.75,3.3411764705882327,0.43600000000000005,0.005499090833939988
2024-08-31 17:00:00,0.4392,0.4392,0.4392,0.4392,520,2024-08-31 17:59:59.999,228.38400,4,0,0,0,92.77108433734922,0.0026699844929429783,0.0006796612990861079,0.0019903231938568702,0.4407829749573433,0.42896,0.4171370250426567,0.0012714285714285742,7526.75,3.3411764705882327,0.43784,0.00442357321629512
2024-08-31 18:00:00,0.4392,0.4392,0.4392,0.4392,0,2024-08-31 18:59:59.999,0,0,0,0,0,92.77108433734922,0.0029378671009642754,0.0011313024594617417,0.0018065646415025337,0.44217736204253394,0.42966999999999994,0.41716263795746594,0.0012714285714285742,7467.95,3.3411764705882327,0.43967999999999996,0.0006572670689485805
2024-08-31 19:00:00,0.4392,0.4392,0.4376,0.4376,53,2024-08-31 19:59:59.999,23.22960,3,0,0,0,84.61538461538453,0.002986631342565438,0.001502368236082481,0.0014842631064829568,0.4430832126758359,0.4303,0.41751678732416414,0.0013857142857142876,7470.6,2.9647058823529413,0.43911999999999995,0.000995991967800961
2024-08-31 20:00:00,0.4376,0.4376,0.4376,0.4376,0,2024-08-31 20:59:59.999,0,0,0,0,0,84.61538461538453,0.002990801260143894,0.0018000548408947637,0.0011907464192491301,0.44385457471558776,0.43093000000000004,0.4180054252844123,0.0013857142857142876,7470.6,2.9647058823529413,0.43856,0.0008763560919647929
2024-08-31 21:00:00,0.4376,0.4376,0.4376,0.4376,0,2024-08-31 21:59:59.999,0,0,0,0,0,84.61538461538453,0.002959985084341976,0.0020320408895842064,0.0009279441947577698,0.44449585795579455,0.43156,0.41862414204420545,0.0013857142857142876,7465.6,2.9647058823529413,0.43823999999999996,0.0008763560919647257
2024-08-31 22:00:00,0.4376,0.4376,0.4376,0.4376,0,2024-08-31 22:59:59.999,0,0,0,0,0,84.61538461538453,0.002902109333108527,0.0022060545782890705,0.0006960547548194563,0.44500740592852955,0.43219,0.4193725940714705,0.0013857142857142876,7465.6,1.7674418604651152,0.43792,0.0007155417527465388
2024-08-31 23:00:00,0.4376,0.4376,0.4376,0.4376,0,2024-08-31 23:59:59.999,0,0,0,0,0,84.61538461538453,0.0028236926125341233,0.0023295821851380813,0.000494110427396042,0.4453855502319413,0.43282,0.42025444976805865,0.0013857142857142876,7465.6,1.7674418604651152,0.4376,0.0
2024-09-01 00:00:00,0.4376,0.4376,0.4376,0.4376,0,2024-09-01 00:59:59.999,0,0,0,0,0,78.78787878787867,0.0027300761777531712,0.0024096809836610996,0.00032039519409207164,0.4456220127643995,0.43345,0.4212779872356005,0.0010285714285714303,7464.9,1.7674418604651152,0.4376,0.0
2024-09-01 01:00:00,0.4376,0.4376,0.4376,0.4376,0,2024-09-01 01:59:59.999,0,0,0,0,0,78.78787878787867,0.0026256179889333486,0.0024528683847155498,0.00017274960421779888,0.44570241029444807,0.43407999999999997,0.42245758970555186,0.0010285714285714303,7464.9,1.7674418604651152,0.4376,0.0
2024-09-01 02:00:00,0.45,0.45,0.45,0.45,12502832,2024-09-01 02:59:59.999,5626274.40000,6,2228759,1002941.55000,0,89.06249999999993,0.0035030297442576463,0.0026629006566239693,0.000840129087633677,0.4481558127884384,0.43533,0.4225041872115616,0.0019142857142857175,632604.6,2.1798365122615797,0.44008,0.005545448584192637
2024-09-01 03:00:00,0.3757,0.3757,0.3757,0.3757,12486866,2024-09-01 03:59:59.999,4691315.55620,4,2486866,934315.55620,0,22.822822822822843,-0.001776525487260483,0.0017750154278470787,-0.0035515409151075615,0.46227636729762234,0.43286499999999994,0.40345363270237755,0.007221428571428577,1256947.9,-14.691189827429618,0.4277,0.02956061569047441
2024-09-01 04:00:00,0.3757,0.3757,0.3757,0.3757,0,2024-09-01 04:59:59.999,0,0,0,0,0,13.854748603351965,-0.005892683853979674,0.00024147557148172766,-0.006134159425461402,0.4693151303276876,0.43039999999999995,0.3914848696723123,0.0064785714285714325,1256947.9,-14.458105646630237,0.41532,0.036520501091851405
2024-09-01 05:00:00,0.3757,0.3757,0.3757,0.3757,0,2024-09-01 05:59:59.999,0,0,0,0,0,13.854748603351965,-0.009050441162902378,-0.0016169077753950942,-0.007433533387507284,0.47389778929742915,0.427935,0.38197221070257087,0.0064785714285714325,1256947.9,-14.458105646630237,0.40293999999999996,0.03755666385609773
2024-09-01 06:00:00,0.3757,0.3757,0.3757,0.3757,0,2024-09-01 06:59:59.999,0,0,0,0,0,14.043035107587784,-0.011421328613905657,-0.0035777919430972074,-0.007843536670808449,0.4767473090598299,0.42521999999999993,0.37369269094016994,0.00630714285714286,1254511.3,-14.458105646630237,0.39055999999999996,0.033227970145645595
2024-09-01 07:00:00,0.3757,0.3757,0.3757,0.3757,0,2024-09-01 07:59:59.999,0,0,0,0,0,14.043035107587784,-0.013148703926071648,-0.005491974339692097,-0.007656729586379551,0.4785003184133316,0.42250499999999996,0.3665096815866683,0.00630714285714286,1254511.3,-14.145338208409509,0.3757,0.0
2024-09-01 08:00:00,0.3757,0.3757,0.3757,0.3757,0,2024-09-01 08:59:59.999,0,0,0,0,0,14.043035107587784,-0.014352217872343365,-0.007264023046222351,-0.0070881948261210135,0.4794038768726657,0.41979,0.36017612312733427,0.00630714285714286,1254511.3,-14.145338208409509,0.3757,0.0
2024-09-01 09:00:00,0.3757,0.3757,0.3757,0.3757,0,2024-09-01 09:59:59.999,0,0,0,0,0,14.302191464821234,-0.015131583865891363,-0.008837535210156155,-0.0062940486557352075,0.4796056282847381,0.417075,0.3545443717152619,0.006192857142857147,1254511.3,-14.145338208409509,0.3757,0.0
2024-09-01 10:00:00,0.3757,0.3757,0.3757,0.3757,0,2024-09-01 10:59:59.999,0,0,0,0,0,14.302191464821234,-0.015569758546125356,-0.010183979877349996,-0.0053857786687753605,0.47796390637212405,0.41384,0.3497160936278759,0.006192857142857147,1254490.2,-14.145338208409509,0.3757,0.0
2024-09-01 11:00:00,0.3757,0.3757,0.3757,0.3757,0,2024-09-01 11:59:59.999,0,0,0,0,0,14.302191464821234,-0.0157356246511961,-0.011294308832119218,-0.004441315819076882,0.47560917719371165,0.410605,0.34560082280628834,0.006192857142857147,1254490.2,-14.145338208409509,0.3757,0.0
2024-09-01 12:00:00,0.3757,0.3757,0.3757,0.3757,0,2024-09-01 12:59:59.999,0,0,0,0,0,14.302191464821234,-0.01568625336997015,-0.012172697739689407,-0.0035135556302807423,0.472755745710489,0.40743,0.342104254289511,0.006192857142857147,1249513.55,-14.145338208409509,0.3757,0.0
2024-09-01 13:00:00,0.3757,0.3757,0.3757,0.3757,0,2024-09-01 13:59:59.999,0,0,0,0,0,14.302191464821234,-0.015468811444565522,-0.012831920480664631,-0.0026368909639008908,0.46925095048114357,0.40425500000000003,0.3392590495188565,0.006192857142857147,1249487.55,-14.145338208409509,0.3757,0.0
2024-09-01 14:00:00,0.3694,0.3694,0.3694,0.3694,659,2024-09-01 14:59:59.999,243.43460,1,0,0,0,13.333333333333357,-0.015624732312757683,-0.013390482847083246,-0.002234249465674437,0.46535498700303735,0.400765,0.3361750129969626,0.006642857142857145,1249520.5,-17.91111111111111,0.37444,0.002817445651633826
2024-09-01 15:00:00,0.3694,0.3694,0.3694,0.3694,0,2024-09-01 15:59:59.999,0,0,0,0,0,13.333333333333357,-0.015568832909628905,-0.013826152859592378,-0.001742680050036527,0.4609503482244526,0.397355,0.33375965177554745,0.006642857142857145,1249517.85,-1.6768698429598012,0.37317999999999996,0.0034506521122694878
2024-09-01 16:00:00,0.4525,0.4525,0.37,0.4484,37532315,2024-09-01 16:59:59.999,15899495.15220,18,21646547,9537380.63970,0,49.498746867167924,-0.009045620181711789,-0.01287004632401626,0.003824426142304471,0.4630924321418769,0.397895,0.3326975678581231,0.011692857142857144,3126133.6,19.350545648123514,0.38771999999999995,0.034067095561552
2024-09-01 17:00:00,0.445,0.445,0.3694,0.3694,722,2024-09-01 17:59:59.999,270.57600,5,0,0,0,48.08277541083385,-0.010133751290247184,-0.012322787317262445,0.0021890360270152617,0.4580522300548169,0.39448500000000003,0.3309177699451832,0.012028571428571428,3126169.7,-1.6768698429598012,0.38645999999999997,0.03473280869725216
2024-09-01 18:00:00,0.3694,0.3694,0.3694,0.3694,12,2024-09-01 18:59:59.999,4.43280,1,0,0,0,48.08277541083385,-0.010870791317843354,-0.01203238811737863,0.0011615967995352756,0.45217294983208617,0.39107499999999995,0.32997705016791373,0.012028571428571428,3126170.3,-1.6768698429598012,0.38520000000000004,0.035329874044495474
2024-09-01 19:00:00,0.3694,0.3694,0.3694,0.3694,0,2024-09-01 19:59:59.999,0,0,0,0,0,48.08277541083385,-0.01132436066917547,-0.011890782627738,0.0005664219585625289,0.44534693277293136,0.387665,0.3299830672270686,0.012028571428571428,3126170.3,-1.6768698429598012,0.38520000000000004,0.035329874044495474
2024-09-01 20:00:00,0.3694,0.3694,0.3694,0.3694,0,2024-09-01 20:59:59.999,0,0,0,0,0,48.08277541083385,-0.011550668728832425,-0.011822759847956886,0.00027209111912446064,0.43739190262945854,0.384255,0.3311180973705415,0.012028571428571428,3126170.3,-1.6768698429598012,0.3852,0.035329874044495474
2024-09-01 21:00:00,0.3694,0.3694,0.3694,0.3694,0,2024-09-01 21:59:59.999,0,0,0,0,0,48.08277541083385,-0.011596344060713748,-0.01177747669050826,0.0001811326297945122,0.42798240162099394,0.380845,0.33370759837900604,0.012028571428571428,3126170.3,-1.6768698429598012,0.3694,0.0
2024-09-01 22:00:00,0.3694,0.3694,0.3694,0.3694,0,2024-09-01 22:59:59.999,0,0,0,0,0,48.08277541083385,-0.011499977508077075,-0.011721976854022025,0.00022199934594495027,0.411083123902388,0.376815,0.34254687609761203,0.012028571428571428,2501028.7,-1.6768698429598012,0.3694,0.0
2024-09-01 23:00:00,0.3694,0.3694,0.3694,0.3694,0,2024-09-01 23:59:59.999,0,0,0,0,0,48.08277541083385,-0.011293422773013317,-0.011636266037820284,0.00034284326480696695,0.41092673379802297,0.37649999999999995,0.3420732662019769,0.012028571428571428,1876685.4,-1.6768698429598012,0.3694,0.0
2024-09-02 00:00:00,0.3694,0.3694,0.3694,0.3694,0,2024-09-02 00:59:59.999,0,0,0,0,0,48.08277541083385,-0.011002892165507372,-0.011509591263357703,0.0005066990978503313,0.4107575339722604,0.376185,0.3416124660277396,0.012028571428571428,1876685.4,-1.6768698429598012,0.3694,0.0
2024-09-02 01:00:00,0.3694,0.3694,0.3694,0.3694,0,2024-09-02 01:59:59.999,0,0,0,0,0,48.08277541083385,-0.010649879385660643,-0.011337648887818293,0.0006877695021576501,0.41057568586815263,0.37587,0.34116431413184733,0.012028571428571428,1876685.4,-1.6768698429598012,0.3694,0.0
2024-09-02 02:00:00,0.3694,0.3694,0.3694,0.3694,0,2024-09-02 02:59:59.999,0,0,0,0,0,48.08277541083385,-0.010251936274548179,-0.01112050636516427,0.0008685700906160918,0.4103813345608938,0.37555499999999997,0.3407286654391061,0.012028571428571428,1876685.4,0.0,0.3694,0.0
2024-09-02 03:00:00,0.3694,0.3694,0.3694,0.3694,0,2024-09-02 03:59:59.999,0,0,0,0,0,48.08277541083385,-0.00982332630117455,-0.010861070352366328,0.0010377440511917767,0.4101746095923279,0.37524,0.34030539040767216,0.012028571428571428,1876685.4,0.0,0.3694,0.0
2024-09-02 04:00:00,0.3694,0.3694,0.3694,0.3694,0,2024-09-02 04:59:59.999,0,0,0,0,0,50.0,-0.009375574028005207,-0.010563971087494104,0.0011883970594888972,0.4099556256986947,0.374925,0.3398943743013053,0.01157857142857143,1876685.4,-17.618198037466552,0.3694,0.0
2024-09-02 05:00:00,0.3694,0.3694,0.3694,0.3694,0,2024-09-02 05:59:59.999,0,0,0,0,0,50.0,-0.008917926816513488,-0.010234762233297981,0.001316835416784493,0.40972448344157103,0.37461,0.33949551655842897,0.01157857142857143,1876685.4,0.0,0.3694,0.0
2024-09-02 06:00:00,0.3694,0.3694,0.3694,0.3694,0,2024-09-02 06:59:59.999,0,0,0,0,0,0.0,-0.008457742513304722,-0.00987935828929933,0.0014216157759946082,0.40948126975039145,0.374295,0.3391087302496085,0.005642857142857144,1876685.4,0.0,0.3694,0.0
2024-09-02 09:00:00,0.405,0.405,0.405,0.405,324,2024-09-02 09:59:59.999,131.22000,2,0,0,0,100.0,-0.004273787599532786,-0.008145356527897078,0.0038715689283642923,0.41310977855316316,0.37513,0.3371502214468369,0.0025428571428571444,1876701.6,9.637249593936117,0.37652,0.01592080399979574
2024-09-02 10:00:00,0.405,0.405,0.405,0.405,0,2024-09-02 10:59:59.999,0,0,0,0,0,100.0,-0.001656961185674044,-0.006847677459452471,0.005190716273778427,0.41703537719120887,0.37691,0.3367846228087912,0.0025428571428571444,1876668.65,9.637249593936117,0.38364000000000004,0.019498923047181732
2024-09-02 11:00:00,0.405,0.405,0.405,0.405,0,2024-09-02 11:59:59.999,0,0,0,0,0,100.0,0.0004121416876987083,-0.005395713630022235,0.005807855317720943,0.4205343179818761,0.37869,0.3368456820181239,0.0025428571428571444,1876668.65,9.637249593936117,0.39076,0.019498923047181798
2024-09-02 12:00:00,0.405,0.405,0.405,0.405,0,2024-09-02 12:59:59.999,0,0,0,0,0,100.0,0.002028536911136636,-0.00391086352179046,0.005939400432927096,0.4057398634673842,0.37652,0.3473001365326158,0.0025428571428571444,52.9,9.637249593936117,0.39788,0.015920803999795983
2024-09-02 13:00:00,0.405,0.405,0.405,0.405,0,2024-09-02 13:59:59.999,0,0,0,0,0,100.0,0.0032718261954695627,-0.002474325578338455,0.005746151773808017,0.40993143007233457,0.37829999999999997,0.34666856992766537,0.0025428571428571444,16.8,9.637249593936117,0.405,0.0
2024-09-02 14:00:00,0.405,0.405,0.405,0.405,0,2024-09-02 14:59:59.999,0,0,0,0,0,100.0,0.004208627472990001,-0.0011377349680727637,0.005346362441062765,0.41355555903389096,0.38008000000000003,0.3466044409661091,0.0025428571428571444,16.2,9.637249593936117,0.405,0.0
2024-09-02 15:00:00,0.405,0.405,0.405,0.405,0,2024-09-02 15:59:59.999,0,0,0,0,0,100.0,0.0048946270212127385,6.87374297843371e-05,0.004825889591428402,0.41670246652698606,0.38186,0.3470175334730139,0.0025428571428571444,16.2,9.637249593936117,0.405,0.0
2024-09-02 16:00:00,0.405,0.405,0.405,0.405,0,2024-09-02 16:59:59.999,0,0,0,0,0,100.0,0.005376311829407621,0.0011302523097089943,0.004246059519698626,0.4194268779244415,0.38364,0.34785312207555846,0.0025428571428571444,16.2,9.637249593936117,0.405,0.0
2024-09-02 17:00:00,0.405,0.405,0.405,0.405,0,2024-09-02 17:59:59.999,0,0,0,0,0,100.0,0.005692431701020073,0.00204268818797121,0.003649743513048863,0.42176174633002267,0.38542,0.3490782536699773,0.0025428571428571444,16.2,9.637249593936117,0.405,0.0
2024-09-02 18:00:00,0.405,0.405,0.405,0.405,0,2024-09-02 18:59:59.999,0,0,0,0,0,100.0,0.005875232948567954,0.002809197140090559,0.003066035808477395,0.4237248293342305,0.38720000000000004,0.3506751706657696,0.0025428571428571444,16.2,9.637249593936117,0.405,0.0
2024-09-02 19:00:00,0.405,0.405,0.405,0.405,150,2024-09-02 19:59:59.999,60.75000,1,0,0,0,100.0,0.005951499077574918,0.0034376575275874314,0.0025138415499874863,0.4253217463300226,0.38898,0.35263825366997736,0.0025428571428571444,23.7,9.637249593936117,0.405,0.0
2024-09-02 20:00:00,0.405,0.405,0.405,0.405,0,2024-09-02 20:59:59.999,0,0,0,0,0,100.0,0.005943428391439853,0.003938811700357916,0.002004616691081937,0.42654687792444135,0.39076,0.35497312207555864,0.0025428571428571444,23.7,9.637249593936117,0.405,0.0
2024-09-02 21:00:00,0.405,0.405,0.405,0.405,0,2024-09-02 21:59:59.999,0,0,0,0,0,100.0,0.005869373826616731,0.004324924125609679,0.0015444497010070517,0.4273824665269858,0.39254,0.3576975334730142,0.0025428571428571444,23.7,0.0,0.405,0.0
2024-09-02 22:00:00,0.405,0.405,0.405,0.405,0,2024-09-02 22:59:59.999,0,0,0,0,0,100.0,0.005744466417406335,0.0046088325839690105,0.0011356338334373248,0.42779555903389066,0.39432000000000006,0.36084444096610946,0.0025428571428571444,23.7,0.0,0.405,0.0
2024-09-03 08:00:00,0.405,0.405,0.403,0.403,74232,2024-09-03 08:59:59.999,30063.46400,5,0,0,0,0.0,0.0034052672595829003,0.004215259981941197,-0.0008099927223582963,0.4057944271909404,0.40490000000000004,0.4040055728090597,0.00014285714285714298,3719.1,-0.4938271604938276,0.4046,0.0008944271909561441
2024-09-03 09:00:00,0.403,0.403,0.403,0.403,0,2024-09-03 09:59:59.999,0,0,0,0,0,0.0,0.0030673561652237447,0.0039856792185977066,-0.0009183230533739619,0.406031174022459,0.4048,0.403568825977541,0.00014285714285714298,3719.1,-0.4938271604938276,0.4042,0.0010954451149745752
2024-09-03 10:00:00,0.403,0.403,0.403,0.403,0,2024-09-03 10:59:59.999,0,0,0,0,0,0.0,0.002767655380010947,0.0037420744508803545,-0.0009744190708694074,0.4061653901940939,0.40470000000000006,0.4032346098059062,0.00014285714285714298,3719.1,-0.4938271604938276,0.40380000000000005,0.0010954451149745752
2024-09-03 11:00:00,0.403,0.403,0.403,0.403,0,2024-09-03 11:59:59.999,0,0,0,0,0,0.0,0.0025013068402572336,0.003493920928755731,-0.0009926140884984973,0.40624156536330397,0.4046,0.40295843463669606,0.00014285714285714298,3719.1,-0.4938271604938276,0.4034000000000001,0.0008944271909561441
2024-09-03 12:00:00,0.3973,0.3973,0.3973,0.3973,2390,2024-09-03 12:59:59.999,949.54700,3,0,0,0,0.0,0.0018094234334387616,0.003157021429692337,-0.0013475979962535756,0.4078558645589664,0.40421500000000005,0.4005741354410337,0.0005500000000000029,3838.6,-1.9012345679012443,0.40186,0.0025491174943344836
2024-09-03 13:00:00,0.3973,0.3973,0.3973,0.3973,0,2024-09-03 13:59:59.999,0,0,0,0,0,0.0,0.0012467293291400505,0.00277496300958188,-0.0015282336804418296,0.40858066754311007,0.40383,0.39907933245689,0.0005500000000000029,3838.6,-1.9012345679012443,0.40072,0.0031220185777670172
2024-09-03 14:00:00,0.3973,0.3973,0.3973,0.3973,0,2024-09-03 14:59:59.999,0,0,0,0,0,0.0,0.000791664383274826,0.0023783032843204695,-0.0015866389010456435,0.4089797609656845,0.40344499999999994,0.3979102390343154,0.0005500000000000029,3838.6,-1.9012345679012443,0.39958,0.0031220185777670563
2024-09-03 15:00:00,0.3973,0.3973,0.3973,0.3973,0,2024-09-03 15:59:59.999,0,0,0,0,0,0.0,0.00042611020194716076,0.001987864667845808,-0.0015617544658986472,0.4091796491127398,0.4030600000000001,0.3969403508872604,0.0005500000000000029,3831.1,-1.9012345679012443,0.39844,0.0025491174943346275
2024-09-03 16:00:00,0.3973,0.3973,0.3973,0.3973,0,2024-09-03 16:59:59.999,0,0,0,0,0,0.0,0.00013485139661123524,0.0016172620135988932,-0.001482410616987658,0.4092338429659911,0.402675,0.39611615703400893,0.0005500000000000029,3831.1,-1.9012345679012443,0.3973,0.0
2024-09-03 17:00:00,0.3973,0.3973,0.3973,0.3973,0,2024-09-03 17:59:59.999,0,0,0,0,0,0.0,-9.487959214610209e-05,0.0012748336924498943,-0.0013697132845959963,0.40917029987105863,0.40229,0.39540970012894133,0.0005500000000000029,3831.1,-1.9012345679012443,0.3973,0.0
2024-09-03 18:00:00,0.3973,0.3973,0.3973,0.3973,0,2024-09-03 18:59:59.999,0,0,0,0,0,0.0,-0.00027378700963809344,0.0009651095520322967,-0.00123889656167039,0.40900502965152485,0.401905,0.39480497034847517,0.0005500000000000029,3831.1,-1.9012345679012443,0.3973,0.0
2024-09-03 19:00:00,0.3973,0.3973,0.3973,0.3973,0,2024-09-03 19:59:59.999,0,0,0,0,0,0.0,-0.0004108365588454399,0.0006899203298567493,-0.0011007568887021891,0.40874731660182806,0.40152,0.3942926833981719,0.0005500000000000029,3831.1,-1.9012345679012443,0.3973,0.0
2024-09-03 20:00:00,0.3973,0.3973,0.3973,0.3973,0,2024-09-03 20:59:59.999,0,0,0,0,0,0.0,-0.0005135296636791797,0.0004492303311495635,-0.0009627599948287432,0.4084020199495578,0.401135,0.3938679800504422,0.0005500000000000029,3831.1,-1.4143920595533594,0.3973,0.0
2024-09-03 21:00:00,0.3973,0.3973,0.3973,0.3973,0,2024-09-03 21:59:59.999,0,0,0,0,0,0.0,-0.000588135034546744,0.00024175725801030198,-0.0008298922925570459,0.40797058460965363,0.40075000000000005,0.39352941539034647,0.0005500000000000029,3831.1,-1.4143920595533594,0.3973,0.0
2024-09-03 22:00:00,0.3973,0.3973,0.3973,0.3973,0,2024-09-03 22:59:59.999,0,0,0,0,0,0.0,-0.0006398841423826407,6.54289779317134e-05,-0.0007053131203143541,0.4074513174312718,0.400365,0.3932786825687283,0.0004071428571428599,3831.1,-1.4143920595533594,0.3973,0.0
2024-09-03 23:00:00,0.3973,0.3973,0.3973,0.3973,0,2024-09-03 23:59:59.999,0,0,0,0,0,0.0,-0.0006731361882098552,-8.228405529660037e-05,-0.0005908521329132548,0.4068390623879661,0.39998000000000006,0.39312093761203404,0.0004071428571428599,3831.1,-1.4143920595533594,0.3973,0.0
2024-09-04 00:00:00,0.3973,0.3973,0.3973,0.3973,0,2024-09-04 00:59:59.999,0,0,0,0,0,0.0,-0.0006915172931946101,-0.00020413070287620238,-0.0004873865903184077,0.4061241169709968,0.39959500000000003,0.39306588302900325,0.0004071428571428599,3831.1,0.0,0.3973,0.0
2024-09-04 01:00:00,0.3973,0.3973,0.3973,0.3973,0,2024-09-04 01:59:59.999,0,0,0,0,0,0.0,-0.0006980379048698859,-0.00030291214327493913,-0.0003951257615949468,0.4052897853147615,0.39920999999999995,0.3931302146852384,0.0004071428571428599,3831.1,0.0,0.3973,0.0
