open_time,open,high,low,close,volume,close_time,quote_asset_volume,number_of_trades,taker_buy_base_asset_volume,taker_buy_quote_asset_volume,ignore,rsi_14,macd,macd_signal,macd_hist,bb_upper,bb_middle,bb_lower,atr_14,volume_ma_20,roc_12,close_ma_5,close_std_5
2025-10-06 00:00:00,228.51,229.88,227.58,228.55,31530,2025-10-06 00:59:59.999,7219758.6500,3284,18528,4249566.2400,0,34.75499092558992,-0.8095542578138861,-0.7365894158593734,-0.0729648419545127,236.45702526309992,230.95700000000002,225.45697473690012,2.287857142857141,24323.4,-1.1419179030234812,228.32800000000003,0.29003448070761406
2025-10-06 01:00:00,228.56,231.35,227.63,231.33,17997,2025-10-06 01:59:59.999,4136272.3000,3353,8140,1870788.2800,0,45.36474164133739,-0.5899840857910874,-0.7069953931643327,0.11701130737324528,236.11217697271496,230.81600000000003,225.5198230272851,2.3964285714285682,24208.0,-0.09069707178024511,229.016,1.3028737467611933
2025-10-06 02:00:00,231.28,232.41,229.9,232.3,25444,2025-10-06 02:59:59.999,5887146.2200,3043,12220,2832890.8900,0,54.34612372748635,-0.3478966480086285,-0.634641768615247,0.2867451206066185,235.6396127715818,230.6775,225.71538722841822,2.4285714285714244,23872.7,1.0043914952824045,229.762,1.9100445020993042
2025-10-06 03:00:00,232.25,233.08,231.69,232.13,16264,2025-10-06 03:59:59.999,3777711.1900,2773,5143,1196103.9800,0,52.34312946783163,-0.16757147852050025,-0.5406730169924218,0.3731015384719215,234.67304445118424,230.4595,226.24595554881574,2.363571428571425,23490.95,0.9173115381271129,230.552,1.909010214744806
2025-10-06 04:00:00,232.14,233.11,230.6,230.6,27457,2025-10-06 04:59:59.999,6354220.6800,3504,8633,2002902.8900,0,52.42641209228316,-0.13072178832433679,-0.4582937461513015,0.3275719578269647,233.8449715700878,230.23499999999999,226.62502842991216,2.2942857142857127,23810.55,-0.09098392617304621,230.98200000000003,1.5195953408720793
2025-10-06 05:00:00,230.6,232.32,230.02,232.2,24776,2025-10-06 05:59:59.999,5722764.5300,3731,10800,2497143.1200,0,57.70862800565763,0.010679874374659448,-0.36414333183738584,0.3748232062120453,233.61331872420044,230.17799999999997,226.7426812757995,2.2942857142857127,23484.05,1.1412143914975068,231.712,0.731621486836158
2025-10-06 06:00:00,232.22,234.55,232.06,233.7,28878,2025-10-06 06:59:59.999,6741931.3500,3756,16819,3927601.8700,0,59.730639730639666,0.22595352742453656,-0.24576618701794017,0.47171971444247673,233.97527774272862,230.26749999999998,226.55972225727135,2.3421428571428566,23300.25,2.1192921127375985,232.186,1.0981712070531175
2025-10-06 07:00:00,233.82,234.57,230.78,231.2,24335,2025-10-06 07:59:59.999,5657874.1600,3652,2467,573853.3300,0,55.024813895781556,0.21383655185735506,-0.15362285032521455,0.3674594021825696,233.77976182683182,230.2,226.62023817316816,2.4578571428571427,23391.55,1.8861272695222993,231.96599999999998,1.176979184183149
2025-10-06 08:00:00,231.2,233.66,230.75,233.56,34867,2025-10-06 08:59:59.999,8118326.8300,4096,23015,5360492.7500,0,63.26760563380282,0.37064722301920483,-0.048565625429589296,0.41921284844879414,234.18191694958182,230.3185,226.45508305041818,2.48,24114.05,2.4880424766334706,232.252,1.3825773034447388
2025-10-06 09:00:00,233.59,236.0,232.75,233.38,34750,2025-10-06 09:59:59.999,8115809.2300,3877,13193,3088170.6200,0,70.18749999999999,0.4757100782472321,0.05645202224438392,0.41925805600284816,234.47860171688808,230.4105,226.34239828311195,2.5235714285714295,24511.1,2.1043881524259533,232.808,1.0774599760551167
2025-10-06 10:00:00,233.37,233.64,232.21,232.6,22854,2025-10-06 10:59:59.999,5321926.5900,3533,3769,879743.0300,0,64.89563567362428,0.4955559800546041,0.1443816654323704,0.3511743146222337,234.71829149216651,230.54100000000003,226.36370850783354,2.4657142857142844,23948.2,1.9370672276273062,232.888,1.0350458927026924
2025-10-06 11:00:00,232.59,233.64,231.85,232.89,18003,2025-10-06 11:59:59.999,4186168.0300,3603,5528,1285774.4300,0,64.00778210116728,0.5265244578845056,0.2208859901361809,0.3056384677483247,234.98188953809233,230.68449999999999,226.38711046190764,2.4792857142857128,23755.45,1.9435325016414964,232.72600000000003,0.9347085107137268
2025-10-06 12:00:00,232.9,234.34,231.82,234.0,23690,2025-10-06 12:59:59.999,5536311.9300,3484,9490,2218961.0500,0,68.0297397769516,0.6263380319535088,0.30204069588180255,0.32429733607170624,235.39057488202877,230.844,226.29742511797122,2.5078571428571417,23833.7,2.384598556114631,233.28599999999997,0.552521492795375
2025-10-06 13:00:00,233.97,234.73,232.89,234.63,25618,2025-10-06 13:59:59.999,5994101.5000,3943,15090,3533733.1900,0,68.72727272727269,0.7437704976242401,0.3904426876492527,0.35332780997498736,235.90109987928236,231.09649999999996,226.29190012071757,2.482142857142855,23830.05,1.4265335235377958,233.5,0.8251363523690415
2025-10-06 14:00:00,234.66,235.51,232.85,233.19,40690,2025-10-06 14:59:59.999,9529958.2300,4289,14010,3288277.6100,0,63.004484304932674,0.7197778652606814,0.4563431386700552,0.2634347265906262,236.08278892415902,231.31350000000003,226.54421107584105,2.5078571428571417,24374.0,0.3831252690486381,233.462,0.836343230976897
2025-10-06 15:00:00,233.19,236.35,232.84,235.55,25917,2025-10-06 15:59:59.999,6092288.5600,3850,15954,3747783.0100,0,62.112514351320286,0.869351610420523,0.5389783538457864,0.3303732565747366,236.40084635304453,231.74499999999998,227.08915364695542,2.492857142857141,24339.25,1.4733123680696232,234.052,1.0809810359118552
2025-10-06 16:00:00,235.56,236.4,233.93,235.68,28714,2025-10-06 16:59:59.999,6744341.3800,3695,10271,2415367.6000,0,60.19300361881782,0.9861175922186476,0.6284352319370516,0.35768236028159595,236.73551350390954,232.13449999999997,227.5334864960904,2.489999999999999,24963.25,2.2029488291413757,234.60999999999999,1.050880583130747
2025-10-06 17:00:00,235.57,237.4,233.9,236.32,49504,2025-10-06 17:59:59.999,11698304.6300,4995,28261,6682911.6800,0,62.28739002932549,1.1144677232813933,0.725666973009106,0.38880075027228733,237.16422995416738,232.522,227.8797700458326,2.640714285714284,26573.9,1.7743324720068925,235.07399999999998,1.2137668639410661
2025-10-06 18:00:00,236.25,236.95,234.81,236.77,30226,2025-10-06 18:59:59.999,7130486.2400,4306,12266,2898136.4300,0,69.31747025673138,1.2362188078458587,0.8277985518755007,0.408420255970358,237.49061781366336,232.95149999999998,228.4123821863366,2.61428571428571,27354.9,1.3136499786050586,235.502,1.3834991868452358
2025-10-06 19:00:00,236.77,236.99,234.62,235.19,19609,2025-10-06 19:59:59.999,4617829.7800,2933,3501,825070.0000,0,59.3730407523511,1.19702527034093,0.901656167269847,0.2953691030710831,237.4012031704733,233.28849999999997,229.17579682952663,2.6192857142857116,27556.15,1.7257785467128066,235.902,0.6340898989902823
2025-10-06 20:00:00,235.23,235.99,233.48,233.48,21498,2025-10-06 20:59:59.999,5041836.8400,3031,8480,1991843.2700,0,49.31930693069308,1.021979210671418,0.925723975110559,0.09625523556085902,236.9903117004648,233.535,230.0796882995352,2.6207142857142833,27054.55,-0.03425244048639001,235.488,1.2741153793912978
2025-10-06 21:00:00,233.48,234.38,232.72,234.13,14704,2025-10-06 21:59:59.999,3435155.9900,2633,2231,522563.0600,0,60.237596086652665,0.9230443786267699,0.925187998819026,-0.0021436201922561127,236.97766559009546,233.675,230.37233440990457,2.4685714285714266,26889.9,0.3213642985688577,235.17799999999997,1.3982381771362713
2025-10-06 22:00:00,234.08,234.86,232.68,234.51,19065,2025-10-06 22:59:59.999,4468316.8600,3119,6786,1591987.9400,0,53.852392538523866,0.8642172199182028,0.9129928055865568,-0.04877558566835405,237.04202365503303,233.78549999999996,230.52897634496688,2.4164285714285705,26570.95,0.8211521926053296,234.81599999999997,1.255699008521267
2025-10-06 23:00:00,234.51,234.93,232.13,232.2,34755,2025-10-06 23:59:59.999,8098907.8100,3520,7047,1645104.2500,0,45.91977869986167,0.6302014100558608,0.8564306770614231,-0.22622926700556223,237.03817414608386,233.78900000000004,230.53982585391623,2.384285714285714,27495.5,-0.29627721241787874,233.902,1.135284105411995
2025-10-07 00:00:00,232.2,232.85,231.23,232.38,19847,2025-10-07 00:59:59.999,4605106.5800,3644,5859,1361933.7600,0,49.20634920634921,0.4536599304320248,0.7758721417116898,-0.32221221127966504,236.84460429660444,233.878,230.91139570339553,2.3978571428571445,27115.0,-0.6923076923076943,233.33999999999997,1.028809992175928
2025-10-07 01:00:00,232.35,232.96,230.82,232.58,20695,2025-10-07 01:59:59.999,4801310.6500,3586,4983,1158089.4800,0,48.874364560639165,0.32571808040987094,0.6858374078855877,-0.36011932747571673,236.82294276304785,233.89700000000002,230.9710572369522,2.422857142857146,26910.95,-0.8737160635894741,233.16,1.0758485023464097
2025-10-07 02:00:00,232.58,233.69,232.05,233.32,26127,2025-10-07 02:59:59.999,6089632.6500,3660,13413,3128687.3200,0,47.462686567164155,0.27924664556428525,0.6045164217985303,-0.325269776234245,236.8142460817568,233.87800000000001,230.94175391824322,2.3600000000000017,26773.4,0.055748531240617294,232.998,0.9464776806671152
2025-10-07 03:00:00,233.32,233.76,232.78,233.76,13171,2025-10-07 03:59:59.999,3073353.3300,2473,2029,474211.3500,0,46.70704012112035,0.27388500459960596,0.538388294975612,-0.26450329037600606,236.6603660160891,234.006,231.3516339839109,2.298571428571429,26215.2,-0.7599235831033837,232.848,0.6643192003856214
2025-10-07 04:00:00,233.76,234.92,232.93,234.85,17667,2025-10-07 04:59:59.999,4133598.4100,3121,8323,1948603.4900,0,56.45412130637632,0.3515007065715281,0.5010099437297082,-0.1495092371581801,236.74187240502258,234.07049999999998,231.3991275949774,2.250714285714285,25355.2,-0.3521724372029924,233.378,0.9935894524405168
2025-10-07 05:00:00,234.85,235.16,233.03,233.37,18613,2025-10-07 05:59:59.999,4361151.7000,2930,3908,918013.1600,0,40.901502504173614,0.292726669649511,0.4593525457208539,-0.16662587607134288,236.74192026354402,234.07,231.39807973645597,2.1521428571428567,24548.35,-1.2483073798239628,233.57600000000002,0.830198771380123
2025-10-07 06:00:00,233.38,235.16,230.06,230.29,28464,2025-10-07 06:59:59.999,6595622.1100,3863,4317,1002717.5600,0,31.9490957803081,0.002507897684921545,0.3679823120341153,-0.36547441434919375,237.05871428316243,233.95449999999997,230.8502857168375,2.3399999999999994,24828.85,-2.7368332136672797,233.118,1.6966054343898138
2025-10-07 07:00:00,230.28,230.88,229.74,230.88,20307,2025-10-07 07:59:59.999,4679670.9100,3279,6004,1385228.0900,0,31.72043010752695,-0.17862841854406497,0.2586589176659803,-0.4372873362100453,237.22224427167694,233.85399999999998,230.48575572832303,2.17142857142857,24944.05,-1.8325609082018806,232.63000000000002,1.9551854132028035
2025-10-07 08:00:00,230.88,230.94,228.11,229.85,30964,2025-10-07 08:59:59.999,7099587.5700,3872,7767,1781516.7300,0,27.619663648124188,-0.3992357899363981,0.12707877424178554,-0.5263145641781837,237.45890785911098,233.6465,229.83409214088903,2.220714285714284,25307.75,-1.554737022443034,231.848,2.1613005344007536
2025-10-07 09:00:00,229.85,231.0,229.63,230.19,16364,2025-10-07 09:59:59.999,3766098.0200,2534,1956,451596.3900,0,32.41912798874827,-0.5407758893769881,-0.006493134559786237,-0.5342827548172018,237.50353742515193,233.4245,229.34546257484806,2.1492857142857127,24845.05,-1.6828257805492666,230.916,1.4211544602895716
2025-10-07 10:00:00,230.2,231.0,229.61,230.68,20896,2025-10-07 10:59:59.999,4820716.2100,2560,10760,2484960.9400,0,39.230769230769326,-0.6069474209863017,-0.12658469390113175,-0.48036272708516997,237.55885865839164,233.29899999999998,229.0391413416083,2.06928571428571,23855.35,-1.6331926143874396,230.378,0.4077621855946089
2025-10-07 11:00:00,230.7,231.0,229.56,230.32,24245,2025-10-07 11:59:59.999,5586100.8100,3249,7976,1839421.9600,0,35.01180173092057,-0.6801797263417768,-0.2373042182029121,-0.4428755081388647,237.35722647769578,233.0375,228.7177735223042,2.0535714285714244,23771.75,-0.8096468561584821,230.38400000000001,0.4063619076646983
2025-10-07 12:00:00,230.32,231.23,229.19,231.23,27531,2025-10-07 12:59:59.999,6337174.4100,3765,10988,2532237.1400,0,37.61329305135955,-0.6580911084352863,-0.3214619111206982,-0.33662919731458807,237.01848977824264,232.815,228.61151022175736,2.0435714285714233,23712.6,-0.49487907737327036,230.454,0.5257661076951419
2025-10-07 13:00:00,231.23,231.39,226.52,227.81,49340,2025-10-07 13:59:59.999,11285983.0400,3992,6230,1423842.4100,0,34.70383275261332,-0.9029423273686916,-0.437758342463583,-0.46518398490510865,236.81605372662952,232.3895,227.96294627337048,2.1914285714285637,23704.4,-2.050907214721821,230.046,1.3133278341681607
2025-10-07 14:00:00,227.75,227.87,224.44,225.19,50358,2025-10-07 14:59:59.999,11370575.9000,4605,11289,2550992.5100,0,28.588445503275793,-1.291205750791704,-0.6084482328502945,-0.6827575179414096,236.81602315999677,231.8105,226.8049768400032,2.320714285714278,24711.0,-3.4844848277044385,229.046,2.5228614706322445
2025-10-07 15:00:00,225.28,225.83,221.34,223.66,65509,2025-10-07 15:59:59.999,14619258.9400,5417,21801,4864611.7400,0,25.38631346578363,-1.7014607400692512,-0.8270511530540864,-0.8744095870151648,237.1700642640869,231.234,225.29793573591311,2.488571428571421,27006.0,-4.320670773442846,227.642,3.2381429863427105
2025-10-07 16:00:00,223.65,225.83,222.22,224.29,32281,2025-10-07 16:59:59.999,7219537.4600,4436,14177,3173729.9000,0,24.930594114380924,-1.9536295126134178,-1.052367170261744,-0.9012623423516737,237.36519351833573,230.7745,224.18380648166425,2.6292857142857082,27545.15,-4.4964871194379405,226.436,3.1118451118267916
2025-10-07 17:00:00,224.28,225.83,222.66,222.66,29774,2025-10-07 17:59:59.999,6656014.1700,3638,11272,2520712.4400,0,21.093750000000043,-2.257803388944268,-1.293454709570712,-0.9643486793735558,237.5183849225843,230.20099999999996,222.88361507741564,2.7857142857142816,28298.65,-4.589278827612807,224.72200000000004,1.9571075596399874
2025-10-07 18:00:00,222.66,223.75,221.32,221.35,30954,2025-10-07 18:59:59.999,6887995.1600,3729,13737,3062131.9900,0,15.242018537590155,-2.574006507981636,-1.549565320445453,-1.0244411875361832,237.5620302603115,229.54300000000003,221.52396973968857,2.817142857142855,28893.1,-3.882061748230491,223.42999999999998,1.4840316708209902
2025-10-07 19:00:00,221.35,222.6,221.13,221.55,26463,2025-10-07 19:59:59.999,5871456.3000,3946,7872,1750028.1100,0,17.420066152150042,-2.776512781968819,-1.794955005292128,-0.981557776676691,237.67507148088526,229.0105,220.34592851911475,2.7699999999999982,28478.5,-4.041060291060284,222.702,1.2841612048335613
2025-10-07 20:00:00,221.55,223.9,221.12,223.32,30908,2025-10-07 20:59:59.999,6900159.4600,3929,16943,3783531.5500,0,29.2929292929293,-2.763237109303617,-1.9886115476546076,-0.7746255616490094,237.425293590172,228.55749999999998,219.68970640982795,2.6042857142857128,29031.55,-2.8409832499456176,222.63399999999996,1.2285479233630128
2025-10-07 21:00:00,223.35,224.11,222.29,222.99,19933,2025-10-07 21:59:59.999,4453673.4000,3328,3485,779674.3300,0,26.19191309595658,-2.7474756995891028,-2.1403844542570245,-0.6070912453320783,237.0662674403329,228.07799999999997,219.08973255966706,2.652857142857144,28993.45,-3.127850905773487,222.37399999999997,0.8780261955087205
2025-10-07 22:00:00,222.99,223.47,221.99,222.3,17518,2025-10-07 22:59:59.999,3900792.8700,3444,4550,1013287.2100,0,26.740603820086307,-2.758513005139889,-2.264010214098332,-0.49450279104155737,236.51333137486864,227.527,218.54066862513133,2.556428571428573,28563.0,-3.6327379920235803,222.302,0.8633481337209821
2025-10-07 23:00:00,222.3,222.34,219.66,219.82,27316,2025-10-07 23:59:59.999,6029455.1200,3591,2694,595371.0900,0,21.774632553075662,-2.9324720047173116,-2.397702615189209,-0.5347693895281025,235.94232363918582,226.82999999999998,217.71767636081415,2.6500000000000017,29270.25,-4.55887460923932,221.996,1.3934956045856146
2025-10-08 00:00:00,219.78,221.58,218.34,220.88,41523,2025-10-08 00:59:59.999,9136792.0500,4777,13566,2990459.6100,0,24.128827877507888,-2.9511712076171364,-2.5083963621352736,-0.44277484548186274,234.7855243756728,226.13150000000002,217.47747562432724,2.7821428571428606,30463.05,-4.4760627946200735,221.862,1.4768276812138248
2025-10-08 01:00:00,220.84,222.18,220.36,221.93,19950,2025-10-08 01:59:59.999,4416422.9800,3347,7284,1614969.5600,0,28.62964849719819,-2.848788116418376,-2.5764747269948014,-0.27231338942357475,233.6958472342195,225.5595,217.42315276578051,2.8092857142857173,30529.9,-2.5810982836574317,221.584,1.2466475043087946
2025-10-08 02:00:00,221.93,222.53,220.4,221.47,20910,2025-10-08 02:59:59.999,4638231.8600,3693,3552,789678.9200,0,24.556830031282615,-2.7726301639478947,-2.6157058208409145,-0.15692434310698022,233.1304313001234,225.11850000000004,217.10656869987668,2.815714285714289,30152.2,-1.6519383631599975,221.28000000000003,0.973473163471535
2025-10-08 03:00:00,221.47,222.53,218.02,218.22,37552,2025-10-08 03:59:59.999,8237648.9100,4559,5050,1108972.5000,0,24.77643345607578,-2.9395872259525504,-2.680482110390416,-0.25910511556213445,232.5808280223519,224.4855,216.3901719776481,2.790000000000004,31014.45,-2.4322632567289624,220.464,1.4819345464625275
2025-10-08 04:00:00,218.3,220.44,217.58,220.28,36666,2025-10-08 04:59:59.999,8043003.4100,3966,17106,3757266.3000,0,36.6937669376694,-2.8731368194628715,-2.719013056262689,-0.1541237632001824,231.89592921824809,224.00699999999998,216.11807078175187,2.7492857142857168,31299.55,-1.7878639261670117,220.55599999999998,1.4457973578614374
2025-10-08 05:00:00,220.29,220.45,218.32,219.4,19491,2025-10-08 05:59:59.999,4272138.6200,3353,4417,968445.7800,0,38.03370786516857,-2.8582793108338365,-2.74686630952355,-0.11141300131028631,231.04573719260432,223.46750000000003,215.88926280739574,2.5807142857142873,31455.9,-1.4641156920865852,220.26,1.51282847672796
2025-10-08 06:00:00,219.41,220.34,218.26,220.13,26392,2025-10-08 06:59:59.999,5790738.6300,3664,14103,3096732.7700,0,38.379888268156435,-2.7559982251201234,-2.7486926927659625,-0.007305532354160871,229.84300621011198,222.94,216.03699378988802,2.471428571428573,31730.7,-0.5511633160153598,219.9,1.1973512433696927
2025-10-08 07:00:00,220.16,220.8,219.38,220.8,15830,2025-10-08 07:59:59.999,3481114.7100,2819,2507,552537.1000,0,44.51003541912638,-2.591151830901083,-2.717184518694069,0.12603268779298604,228.480263572054,222.46400000000003,216.44773642794604,2.346428571428573,31309.95,-0.33852403520649965,219.766,0.9987392051976964
2025-10-08 08:00:00,220.8,222.47,219.38,221.5,24797,2025-10-08 08:59:59.999,5491825.4100,3238,13153,2914851.7100,0,50.45927740355176,-2.376770817217448,-2.6491017754619337,0.2723309582444857,226.36123008677396,221.97750000000002,217.59376991322608,2.39357142857143,31173.25,-0.814974028300194,220.42199999999997,0.7834028337956348
2025-10-08 09:00:00,221.48,222.5,220.7,221.19,15869,2025-10-08 09:59:59.999,3509969.6500,3077,4336,959195.0900,0,48.90510948905105,-2.206385459406903,-2.5605585091954115,0.3541730497885087,225.0706266270244,221.6465,218.2223733729756,2.4171428571428595,29499.7,-0.8072110856989154,220.60399999999998,0.845417056841805
2025-10-08 10:00:00,221.19,222.0,220.51,222.0,20088,2025-10-08 10:59:59.999,4447326.8400,2832,6485,1437853.3300,0,45.736434108527156,-1.9832763829168414,-2.4451020807522936,0.46182569783545224,224.48706385896995,221.487,218.48693614103004,2.325000000000003,27986.2,-0.134952766531719,221.12400000000002,0.7081878281918937
2025-10-08 11:00:00,222.0,222.31,220.66,221.05,17696,2025-10-08 11:59:59.999,3918982.8200,2989,3626,804862.9500,0,43.97515527950312,-1.8614938695428123,-2.328380435932531,0.4668865663897188,224.18046716098448,221.3565,218.53253283901554,2.3128571428571445,25595.55,0.559548721681384,221.308,0.46213634351690647
2025-10-08 12:00:00,221.04,222.43,220.58,222.23,15826,2025-10-08 12:59:59.999,3507642.1700,2448,6821,1513861.2700,0,49.78902953586491,-1.65091659377606,-2.192887665107287,0.5419710713312269,223.75931030071325,221.25349999999997,218.7476896992867,2.339285714285716,24772.8,0.6111915972473716,221.594,0.5092445385070145
2025-10-08 13:00:00,222.17,222.64,219.11,221.29,47749,2025-10-08 13:59:59.999,10536311.6600,4939,15227,3365406.6100,0,54.88372093023256,-1.541968018936302,-2.062703734032969,0.5207357150966669,223.60225812484066,221.185,218.76774187515934,2.3999999999999995,25671.55,-0.28837921867256106,221.552,0.5272760187977608
2025-10-08 14:00:00,221.29,223.7,219.41,219.9,66850,2025-10-08 14:59:59.999,14827326.6200,4792,33635,7478988.2400,0,46.814044213264005,-1.5497303102603723,-1.9601090481183272,0.41037873785795487,223.595018882104,221.1125,218.62998111789602,2.4749999999999983,27466.35,-0.7088996252314053,221.294,0.9188743113174839
2025-10-08 15:00:00,219.91,222.5,219.4,221.08,28034,2025-10-08 15:59:59.999,6201982.5600,3996,14172,3138243.7300,0,47.25983236621536,-1.4441625797185793,-1.8569197535049011,0.4127571737863218,223.56296464255945,221.089,218.61503535744055,2.56642857142857,27544.9,1.3106039776372531,221.10999999999999,0.8299698789710144
2025-10-08 16:00:00,221.08,223.45,220.48,223.45,25853,2025-10-08 16:59:59.999,5737541.9500,3896,15668,3481539.6100,0,55.68312284730195,-1.1562065573045857,-1.716777113250625,0.5605705559460394,223.59469966136584,221.0955,218.59630033863414,2.62642857142857,27292.15,1.4390775376793115,221.59,1.3299812028743896
2025-10-08 17:00:00,223.45,227.44,222.49,226.74,63927,2025-10-08 17:59:59.999,14401243.1000,5099,49407,11124551.8100,0,74.39862542955336,-0.6553264041046987,-1.504486970192364,0.8491605660876653,224.75428430654202,221.283,217.81171569345796,2.6578571428571416,29491.85,3.34548769371012,222.49200000000002,2.6981604844781413
2025-10-08 18:00:00,226.8,229.24,225.69,228.58,40352,2025-10-08 18:59:59.999,9194450.6800,4509,24834,5665473.6000,0,74.07192575406043,-0.10883715024206708,-1.225357004909463,1.116519854667396,226.35374855779745,221.59699999999998,216.84025144220251,2.7071428571428577,30633.55,3.838640803161776,223.95,3.677988580732609
2025-10-08 19:00:00,228.59,229.46,227.44,229.29,22935,2025-10-08 19:59:59.999,5240620.5400,3636,6611,1514278.5200,0,78.96895137668432,0.37713116838438054,-0.9048593690631396,1.2819905374475202,227.85645568233096,222.07049999999998,216.284544317669,2.6992857142857156,30414.5,3.845108695652165,225.82800000000003,3.4852933879373307
2025-10-08 20:00:00,229.23,229.54,227.51,227.55,21408,2025-10-08 20:59:59.999,4895810.9900,3434,2832,649466.3400,0,70.5199115044249,0.6149159258082761,-0.6009043091878494,1.2158202349961256,228.65153054372206,222.404,216.15646945627793,2.695714285714286,29408.75,2.7313769751693053,227.12199999999999,2.2714906999589255
2025-10-08 21:00:00,227.55,229.03,227.37,228.43,20350,2025-10-08 21:59:59.999,4641805.0300,3500,10210,2330282.5200,0,70.85839256424285,0.864333725622572,-0.3078567015308256,1.1721904271533976,229.52490867631735,222.72899999999998,215.93309132368262,2.712857142857142,29428.75,3.2732040327320444,228.11800000000002,0.9881649659849081
2025-10-08 22:00:00,228.38,229.46,227.37,228.54,22292,2025-10-08 22:59:59.999,5104146.7000,3805,7773,1780954.7800,0,69.8870056497176,1.0586597146241559,-0.034553417781335444,1.0932131324054912,230.3235987098865,223.08250000000004,215.84140129011357,2.6414285714285706,29497.85,2.945945945945942,228.478,0.6198951524249847
2025-10-08 23:00:00,228.55,229.52,227.72,228.96,21061,2025-10-08 23:59:59.999,4813085.4000,3639,5767,1319930.8900,0,71.81358787198215,1.2323175803173854,0.21882078222295726,1.013496798094428,230.93484645004696,223.61950000000002,216.30415354995307,2.6414285714285706,28673.3,3.57837593304682,228.554,0.657670130080428
2025-10-09 00:00:00,229.0,229.27,227.96,228.25,21572,2025-10-09 00:59:59.999,4931606.7300,3640,4465,1022234.6900,0,67.64539808018077,1.2977337245015974,0.4346033709406816,0.8631303535609158,231.4349949937186,224.01800000000003,216.60100500628147,2.6285714285714272,27918.6,2.7089051883184134,228.346,0.5158778925288281
2025-10-09 01:00:00,228.26,228.75,226.03,228.37,30466,2025-10-09 01:59:59.999,6927109.7500,3945,13946,3176897.9200,0,71.68246445497637,1.3437601998363675,0.6164347368964378,0.7273254629399297,231.79197185475044,224.4665,217.14102814524955,2.7049999999999983,28467.35,3.1994215735008416,228.51,0.27248853186879557
2025-10-09 02:00:00,228.37,228.6,223.92,224.35,50813,2025-10-09 02:59:59.999,11493587.1600,4666,17281,3925031.3000,0,55.37525354969576,1.0440364522711718,0.7019550800378396,0.34208137223333224,231.71446966778086,224.6775,217.64053033221916,2.907142857142856,29688.4,2.0236471123237783,227.69400000000002,1.8885788307613438
2025-10-09 03:00:00,224.37,226.31,223.91,226.09,18414,2025-10-09 03:59:59.999,4155379.6500,3376,6809,1536465.5400,0,61.69590643274858,0.9360303114104909,0.7487701263414726,0.18726018506901831,231.7595612247075,224.94199999999995,218.1244387752924,2.826428571428573,29817.6,2.2661480007237156,227.204,1.9315486015111794
2025-10-09 04:00:00,226.1,227.43,225.46,227.41,22174,2025-10-09 04:59:59.999,5023704.0000,3471,9749,2212463.0300,0,68.36185819070903,0.9459813996354569,0.788212381019885,0.1577690186155719,231.9382175578052,225.2375,218.53678244219483,2.660714285714288,29686.45,1.7722085477735547,226.894,1.6883364593586563
2025-10-09 05:00:00,227.37,228.55,226.67,227.72,24360,2025-10-09 05:59:59.999,5542440.1000,3796,8837,2012184.7100,0,66.95607763023492,0.9677126267424399,0.8241124301786792,0.14360019656376066,232.06779128298535,225.564,219.06020871701463,2.573571428571433,30111.0,0.4322131075240318,226.788,1.5960325811209808
2025-10-09 06:00:00,227.82,228.61,226.27,226.45,30802,2025-10-09 06:59:59.999,6997064.1300,4027,6991,1587792.9600,0,58.116883116883116,0.87244881194502,0.8337797065350243,0.038669105409995685,232.07792197967368,225.78650000000002,219.49507802032636,2.528571428571433,30646.7,-0.9318400559979104,226.404,1.3288641766559972
2025-10-09 07:00:00,226.44,226.62,224.18,224.47,23788,2025-10-09 07:59:59.999,5357217.2000,3895,6096,1373688.0500,0,43.38963308095512,0.6299924956598488,0.7930222643496111,-0.16302976868976227,231.88208526196735,225.95749999999998,220.03291473803262,2.3492857142857195,30951.3,-2.1021413929957666,226.42799999999997,1.2827782349259054
2025-10-09 08:00:00,224.46,225.22,219.54,219.88,62979,2025-10-09 08:59:59.999,13951630.7000,6245,10674,2366543.2800,0,28.162650602409585,0.0668557427080998,0.6477889599917243,-0.5809332172836245,232.15612806110008,225.84,219.52387193889993,2.501428571428576,33308.95,-3.3706877609316703,225.18599999999998,3.2261168608714894
2025-10-09 09:00:00,219.88,221.94,219.7,221.84,24752,2025-10-09 09:59:59.999,5473181.4100,3727,13658,3019549.9600,0,32.40434577231936,-0.2188157985946475,0.47446800824620505,-0.6932838068408526,232.10450965797628,225.8675,219.63049034202373,2.517142857142862,32159.1,-2.8849100380860673,224.07199999999997,3.227842932981568
2025-10-09 10:00:00,221.84,222.86,220.9,222.15,28495,2025-10-09 10:59:59.999,6327494.0700,3910,14741,3278250.5400,0,36.32218844984804,-0.4154173081459476,0.2964909449445717,-0.7119082530905192,231.83315029886106,225.97999999999996,220.12684970113887,2.5121428571428623,30241.35,-2.7960094512995477,222.958,2.542492871179552
2025-10-09 11:00:00,222.14,223.65,221.84,223.0,27930,2025-10-09 11:59:59.999,6227920.2000,3890,15153,3379633.5600,0,36.22526636225266,-0.49693125513698533,0.13780650491171012,-0.6347377600486954,231.6469411469843,226.07599999999996,220.50505885301564,2.5228571428571485,30236.15,-2.6030747728860972,222.26800000000003,1.6796041200231557
2025-10-09 12:00:00,223.0,226.05,222.76,225.87,34533,2025-10-09 12:59:59.999,7759303.4100,3848,22011,4950641.1400,0,44.05874499332448,-0.3262570577959991,0.0449937923624243,-0.3712508501584234,231.63123494833357,226.19700000000003,220.7627650516665,2.608571428571435,30670.15,-1.0427163198247515,222.548,2.180474718954295
2025-10-09 13:00:00,225.87,226.11,222.54,222.54,44056,2025-10-09 13:59:59.999,9878352.2800,4585,8883,1994283.2700,0,37.35224586288415,-0.4543849539016378,-0.05488195689705478,-0.399502997004583,231.65256765400528,225.98700000000002,220.32143234599477,2.7350000000000074,29676.6,-2.5528747208477522,223.08,1.618996602837351
2025-10-09 14:00:00,222.54,223.22,219.67,220.77,32803,2025-10-09 14:59:59.999,7261269.8200,4166,8941,1982453.5100,0,35.85476550680791,-0.6907503251846947,-0.18205563056137378,-0.508694694623321,231.5773863099575,225.59650000000002,219.61561369004255,2.895000000000008,29299.15,-1.5957209716960037,222.86599999999999,1.874441250079296
2025-10-09 15:00:00,220.82,221.96,218.8,219.04,31717,2025-10-09 15:59:59.999,6992637.4500,4267,12328,2724924.9100,0,33.36898395721926,-1.0060358622280319,-0.3468516769017454,-0.6591841853262865,231.47486321490172,225.084,218.6931367850983,2.9264285714285796,29738.25,-3.1182272546331156,222.244,2.5615093206933133
2025-10-09 16:00:00,219.04,220.45,216.86,216.86,44156,2025-10-09 16:59:59.999,9638540.3700,4519,9340,2041421.1000,0,35.71156047310191,-1.4154519570217303,-0.5605717329330464,-0.8548802240886839,231.8020000408211,224.5495,217.2969999591789,2.8485714285714345,30875.65,-4.639197924453622,221.016,3.432248534124301
2025-10-09 17:00:00,216.86,218.82,216.84,218.21,29528,2025-10-09 17:59:59.999,6436804.3600,3921,12525,2730248.9700,0,34.740511231603406,-1.6124180434630375,-0.7709409950447963,-0.8414770484182412,231.57441617731934,224.03849999999997,216.5025838226806,2.8185714285714334,31334.55,-4.176181275250303,219.484,2.2191507384578597
2025-10-09 18:00:00,218.21,219.33,217.1,217.57,28226,2025-10-09 18:59:59.999,6156184.7600,4343,8845,1930727.0000,0,30.429594272076372,-1.799404236728975,-0.9766336433861312,-0.8227705933428439,231.24022716135704,223.49,215.73977283864298,2.837142857142863,31631.25,-3.9213954515345533,218.49,1.5068676119679192
2025-10-09 19:00:00,217.57,218.77,217.5,218.1,25385,2025-10-09 19:59:59.999,5536126.5700,3900,8916,1945668.5700,0,31.03312302839116,-1.8831248618500354,-1.1579318870820843,-0.7251929747679511,230.6047833813574,222.94699999999997,215.28921661864254,2.7935714285714335,31847.45,-2.837795696529605,217.956,0.8078551850410957
2025-10-09 20:00:00,218.1,218.96,217.49,218.84,21073,2025-10-09 20:59:59.999,4599726.8600,3218,3457,756472.6100,0,34.675795408779734,-1.8682356597491037,-1.2999926416174767,-0.5682430181316269,229.91560089360718,222.4765,215.0373991063928,2.731428571428576,31822.5,-0.47298526468982727,217.916,0.7431217935155585
2025-10-09 21:00:00,218.82,220.19,218.18,220.16,20463,2025-10-09 21:59:59.999,4487299.4400,3510,9717,2131859.0200,0,41.08398841539098,-1.72999658091274,-1.3859934294774925,-0.3440031514352475,229.02647003857487,222.06599999999997,215.10552996142508,2.70071428571429,31322.35,-0.7573025604038978,218.57599999999996,0.993896372866854
2025-10-09 22:00:00,220.19,221.51,219.76,221.12,26343,2025-10-09 22:59:59.999,5815577.4200,3658,13999,3091634.5400,0,53.01850048685493,-1.525404101328121,-1.4138755638478682,-0.11152853748025282,228.79133404460265,221.90449999999996,215.01766595539726,2.420000000000004,30098.85,-0.46365068647310426,219.158,1.46591950665717
2025-10-09 23:00:00,221.14,221.56,219.73,220.8,22960,2025-10-09 23:59:59.999,5061589.2100,3550,8775,1937183.8700,0,47.24867724867727,-1.3732508952815579,-1.4057506301345477,0.03249973485298985,228.25079818415168,221.64000000000001,215.02920181584835,2.3907142857142896,30326.15,-0.9865470852017886,219.804,1.2926252357114583
2025-10-10 00:00:00,220.81,221.88,219.72,221.11,19848,2025-10-10 00:59:59.999,4392461.9200,3578,6365,1409855.0000,0,47.24867724867727,-1.213666540021535,-1.367333812111725,0.15366727209019015,227.35284940265237,221.325,215.2971505973476,2.4050000000000034,30209.85,-2.107406915482353,220.406,0.9583214492007283
2025-10-10 01:00:00,221.11,221.97,220.51,220.88,17858,2025-10-10 01:59:59.999,3953514.4900,3273,3373,748187.6600,0,44.20131291028446,-1.093150518472811,-1.3124971533836909,0.2193466349108799,226.20549829306404,220.98300000000003,215.76050170693603,2.3800000000000034,29884.75,-0.7459333153590351,220.81400000000002,0.3916375875707569
2025-10-10 02:00:00,220.94,221.98,219.86,220.26,17162,2025-10-10 02:59:59.999,3786955.0700,3223,3972,877250.4200,0,32.50155957579537,-1.0357249584733381,-1.2571427144014173,0.22141775592807922,225.2220140430698,220.67349999999996,216.12498595693012,2.2964285714285717,29202.75,-0.23100964805001556,220.834,0.35025704846333094
2025-10-10 03:00:00,220.26,222.66,219.5,221.54,26929,2025-10-10 03:59:59.999,5957958.9800,3919,13003,2879608.4900,0,46.423462088698145,-0.8768318845090164,-1.1810805484227138,0.3042486639136974,224.73678359238812,220.527,216.31721640761185,2.2671428571428556,29359.8,1.1413440467494522,220.91799999999998,0.4669261183509194
2025-10-10 04:00:00,221.54,222.8,220.79,221.12,22962,2025-10-10 04:59:59.999,5091555.0700,3367,5679,1261169.5500,0,51.385589865399815,-0.775851861325151,-1.100034811003011,0.3241829496778599,224.79518542024448,220.589,216.38281457975552,2.157142857142856,27358.95,1.9644009960343034,220.98200000000003,0.4686363195466934
2025-10-10 05:00:00,221.11,221.57,220.01,221.56,22151,2025-10-10 05:59:59.999,4889512.2700,3441,6923,1530397.5600,0,61.11111111111115,-0.6527980360179697,-1.0105874560058346,0.35778941998786484,224.7654879756047,220.575,216.38451202439526,2.0428571428571423,27228.9,1.5352183676275122,221.07200000000003,0.5375127905439041
2025-10-10 06:00:00,221.57,222.26,219.39,219.4,32192,2025-10-10 06:59:59.999,7115607.6600,3891,9119,2023476.7900,0,61.21908127208475,-0.7212433661856323,-0.9527186380417071,0.23147527185607475,224.59069217748967,220.4375,216.28430782251033,1.991428571428573,27413.75,0.841108608723635,220.776,0.9322446030941727
2025-10-10 07:00:00,219.4,220.23,217.86,217.97,33413,2025-10-10 07:59:59.999,7302788.6100,4379,8360,1829188.6700,0,48.947368421052595,-0.8807150530813317,-0.9383179210496146,0.057602867968282956,224.29478084107726,220.186,216.07721915892276,2.019285714285715,27687.9,-0.05960568546538077,220.31800000000004,1.583893935842324
2025-10-10 08:00:00,217.99,219.81,217.47,219.81,19891,2025-10-10 08:59:59.999,4350089.4000,3013,8043,1761802.1700,0,58.88888888888891,-0.8488495463525396,-0.9204242461101825,0.07157469975764286,223.0012728012734,219.88300000000004,216.7647271987267,2.0271428571428567,26955.8,0.44324620727472075,219.97200000000004,1.4318763913124644
2025-10-10 09:00:00,219.81,220.49,218.27,218.91,23511,2025-10-10 09:59:59.999,5163765.8000,3387,8429,1853306.6000,0,53.12259059367772,-0.8860005636347523,-0.9135395096150911,0.02753894598033879,222.58212328781792,219.70149999999998,216.82087671218204,2.094999999999999,25928.55,-0.5677688953488371,219.52999999999997,1.3261033142247562
2025-10-10 10:00:00,218.91,220.62,218.67,220.29,21753,2025-10-10 10:59:59.999,4776837.7900,2643,3765,830049.3900,0,55.32696546656866,-0.7949313108146896,-0.8898178698549961,0.09488655904030652,222.52848597903161,219.6775,216.8265140209684,2.1292857142857144,25376.05,-0.37536179450072926,219.276,0.8899887639727834
2025-10-10 11:00:00,220.29,221.38,219.22,221.06,20617,2025-10-10 11:59:59.999,4551120.8700,2994,10173,2247235.7600,0,53.4456355283308,-0.653100426105226,-0.8424743811050189,0.18937395499979293,222.67711872731115,219.77849999999998,216.8798812726888,2.1400000000000006,24821.05,0.11775362318840166,219.608,1.202547296366299
2025-10-10 12:00:00,221.07,221.61,220.18,221.61,15767,2025-10-10 12:59:59.999,3488103.6600,2709,3968,878915.2100,0,51.93675889328067,-0.4906641372255365,-0.7721123323290946,0.2814481951035581,222.67635533835602,220.01600000000002,217.35564466164402,2.1171428571428583,23401.6,0.22613178960698296,220.336,1.0558787809204686
2025-10-10 13:00:00,221.61,224.14,220.78,223.36,27321,2025-10-10 13:59:59.999,6087801.9400,3502,14736,3288187.7700,0,59.09090909090908,-0.21821284363460336,-0.6613324345901614,0.4431195909555581,223.18310858282808,220.2735,217.36389141717194,2.2264285714285705,23291.25,1.1227816008692584,221.046,1.6436940104527722
2025-10-10 14:00:00,223.88,224.26,220.36,220.36,66238,2025-10-10 14:59:59.999,14740969.2100,4897,18173,4054025.2800,0,47.76386404293382,-0.24157339650997756,-0.5773806269741035,0.33580723046412597,223.02962780170114,220.413,217.79637219829888,2.3507142857142833,25191.85,0.04540088985745153,221.336,1.254444099989471
2025-10-10 15:00:00,220.36,220.74,208.89,210.58,182989,2025-10-10 15:59:59.999,39058031.1800,7146,53483,11380205.2900,0,30.433130699088196,-1.0372634599420678,-0.669357193567715,-0.36790626637435286,225.0848222506035,220.03700000000003,214.98917774939656,3.0928571428571416,33072.05,-4.947187866750916,219.394,5.050621743904189
2025-10-10 16:00:00,210.46,212.81,210.06,211.12,51140,2025-10-10 16:59:59.999,10816752.6300,4984,25598,5423660.4700,0,32.58384146341466,-1.6057709540177711,-0.8566399456577564,-0.7491310083600148,226.07681274810335,219.651,213.22518725189667,3.1378571428571433,34575.4,-4.522431259044862,217.40600000000003,6.081897730149464
2025-10-10 17:00:00,211.04,211.33,209.02,209.54,40104,2025-10-10 17:59:59.999,8422405.5500,4104,10539,2217617.2100,0,27.392614920874166,-2.158918820120391,-1.117095720550317,-1.0418230995700741,226.96677741429417,219.12000000000003,211.2732225857059,3.077142857142858,35557.45,-5.42516699765301,214.99200000000002,6.383989348361766
2025-10-10 18:00:00,209.55,209.71,206.0,207.51,40222,2025-10-10 18:59:59.999,8383197.1700,5034,9301,1943481.4300,0,25.825932504440516,-2.7296257450441885,-1.4396017254491245,-1.290024019595064,227.7753065081651,218.43950000000004,209.10369349183497,3.198571428571429,36251.4,-5.419325432999095,211.82200000000003,4.968241137464586
2025-10-10 19:00:00,207.51,208.06,203.44,205.36,130146,2025-10-10 19:59:59.999,26774338.5800,7217,64872,13359560.6700,0,22.87340924313466,-3.3171587175368416,-1.8151131238666989,-1.5020455936701427,228.5986604334149,217.66750000000002,206.73633956658514,3.4171428571428573,41610.7,-5.785199798137352,208.82199999999997,2.3766404860631063
2025-10-10 20:00:00,205.36,207.51,192.89,197.03,177451,2025-10-10 20:59:59.999,35674887.0200,4971,36864,7383562.3500,0,18.956425201221236,-4.404157731125281,-2.3329220453184494,-2.0712356858068315,230.62528739090743,216.46349999999998,202.30171260909253,4.256428571428572,49490.85,-10.363495746326373,206.112,5.518919278263932
2025-10-10 21:00:00,197.03,198.15,143.58,191.31,1807852,2025-10-10 21:59:59.999,317609761.3300,11696,893992,156501545.8600,0,16.939484126984155,-5.661889958274486,-2.9987156279096916,-2.6631743303647943,232.8859902695795,214.98499999999999,197.08400973042046,7.985000000000001,138990.55,-12.60792106345073,202.15,7.703340184620684
2025-10-10 22:00:00,191.31,191.46,183.28,188.56,392121,2025-10-10 22:59:59.999,73593662.4100,8230,204335,38427188.0900,0,12.102837739510079,-6.802137455494602,-3.759399993426705,-3.042737462067897,234.63713926616595,213.4,192.16286073383407,8.40214285714286,157738.5,-14.403740523854914,197.954,8.357776618215544
2025-10-10 23:00:00,188.56,192.75,186.78,187.65,220690,2025-10-10 23:59:59.999,41895550.6000,7103,100076,19057438.3100,0,12.099903006789546,-7.690567080176379,-4.5456334107766665,-3.1449336693997125,235.4661605215649,211.70549999999997,187.94483947843506,8.670000000000002,167426.55,-15.113543834253143,193.982,7.337933632841683
2025-10-11 00:00:00,187.59,189.9,184.6,187.81,137114,2025-10-11 00:59:59.999,25673866.4600,6300,73272,13747271.2200,0,9.420289855072483,-8.28622464748878,-5.29375165811911,-2.99247298936967,235.6220125952016,210.04000000000002,184.45798740479844,8.909285714285716,173134.15,-15.252019313207892,190.47199999999998,3.9501670850721973
2025-10-11 01:00:00,187.79,188.04,182.14,182.78,88889,2025-10-11 01:59:59.999,16402573.6300,4855,7707,1423135.4500,0,6.7750677506774934,-9.059723971693046,-6.046946120833913,-3.012777850859133,235.7978163855476,208.10100000000003,180.40418361445245,9.176428571428573,176471.05,-18.167979942693414,187.622,3.0806768736735193
2025-10-11 02:00:00,182.8,190.27,182.67,188.22,145426,2025-10-11 02:59:59.999,27193939.6500,5998,120929,22596927.9700,0,16.04636973764488,-9.128543946328563,-6.663265685932854,-2.465278260395709,235.05890881601744,206.542,178.02509118398257,9.617142857142861,182132.75,-14.585224178616816,187.004,2.3879342536985075
2025-10-11 03:00:00,188.22,188.64,182.06,184.01,78637,2025-10-11 03:59:59.999,14500326.3700,5551,18410,3382805.0800,0,11.892310672089835,-9.414268742064849,-7.213466297159259,-2.200802444905589,234.5165805735655,204.844,175.17141942643448,9.84714285714286,184393.95,-12.61753252920506,186.094,2.5105437657978347
2025-10-11 04:00:00,184.05,186.03,183.59,185.46,69629,2025-10-11 04:59:59.999,12879381.3500,5053,48137,8913092.4400,0,15.155750798722053,-9.415173931197245,-7.65380782396686,-1.7613661072303852,233.12634861365314,203.12650000000002,173.1266513863469,9.742857142857147,186880.85,-12.154225085259567,185.656,2.3575898710306316
2025-10-11 05:00:00,185.46,185.62,179.29,181.78,124850,2025-10-11 05:59:59.999,22717340.1900,6134,49355,8976497.4200,0,17.257844474761242,-9.602144835457551,-8.043475226265,-1.5586696091925507,231.74891143241936,201.27,170.79108856758066,9.348571428571432,191947.8,-13.24806719480767,184.45,2.517161099331116
2025-10-11 06:00:00,181.79,185.36,181.66,182.61,80461,2025-10-11 06:59:59.999,14803324.8800,5664,55651,10243731.7400,0,17.799864468037086,-9.572995601833071,-8.349379301378617,-1.223616300454454,229.57148023209345,199.386,169.20051976790654,9.416428571428577,194883.2,-11.999421714616153,184.416,2.546336584190278
2025-10-11 07:00:00,182.69,183.58,181.47,182.52,42201,2025-10-11 07:59:59.999,7696837.2700,5125,11812,2158259.8400,0,18.41982234689111,-9.448243123681067,-8.56915206583911,-0.8790910578419577,226.72532115050012,197.459,168.19267884949988,9.402142857142863,195962.4,-11.121932216595248,183.276,1.4630208474199846
2025-10-11 08:00:00,182.52,186.77,181.79,186.19,103723,2025-10-11 08:59:59.999,19138674.2000,5976,80369,14850928.2100,0,26.001800990544808,-8.950069661524765,-8.645335584976241,-0.3047340765485238,223.0239186111568,195.688,168.35208138884317,9.492857142857149,200360.2,-5.501700248693094,183.71200000000002,1.972554181761714
2025-10-11 09:00:00,186.16,187.68,183.71,184.03,71415,2025-10-11 09:59:59.999,13295733.6200,4906,34437,6438509.8500,0,25.995948683322084,-8.630073627354875,-8.642283193451966,0.01220956609709134,218.1831824097565,193.72150000000002,169.25981759024353,9.446428571428578,202564.9,-3.8053421148920608,183.42600000000002,1.7464621381482983
2025-10-11 10:00:00,184.03,185.37,182.63,183.23,54011,2025-10-11 10:59:59.999,9928555.0000,4457,13455,2480914.2500,0,31.300813008130092,-8.344833040910004,-8.582793162943574,0.2379601220335701,213.25760127879929,191.865,170.47239872120073,8.59785714285715,201953.55,-2.8266864658464215,183.716,1.5090659362617733
2025-10-11 11:00:00,183.23,183.55,181.36,183.37,46142,2025-10-11 11:59:59.999,8430705.1000,4720,17897,3276588.9000,0,37.324393358876144,-8.015088033502565,-8.469252137055372,0.4541641035528077,210.28594103632707,190.5045,170.72305896367294,4.856428571428578,195111.2,-2.2808419930722095,183.868,1.4044643106842132
2025-10-11 12:00:00,183.34,184.04,181.42,182.64,45793,2025-10-11 12:59:59.999,8384159.8000,4761,24410,4479843.5700,0,39.897610921501695,-7.723633850871636,-8.320128479818626,0.5964946289469903,206.58235972073282,189.08049999999997,171.57864027926712,4.459285714285721,194843.85,-2.7527820669825975,183.892,1.376415634895836
2025-10-11 13:00:00,182.63,183.82,180.73,183.82,88641,2025-10-11 13:59:59.999,16169264.3400,5263,60996,11139819.7000,0,43.52384173148461,-7.313137474547176,-8.118730278764335,0.8055928042171594,202.52722401296197,187.7945,173.06177598703803,4.253571428571435,197270.7,0.5689900426742488,183.418,0.5429272510986792
2025-10-11 14:00:00,183.82,184.2,181.5,182.41,42725,2025-10-11 14:59:59.999,7815051.1000,4709,15116,2768966.5000,0,41.239454899415975,-7.020660732725702,-7.899116369556609,0.8784556368309069,198.14525079772733,186.5395,174.93374920227268,4.067857142857148,197395.85,-3.086813303580917,183.094,0.5691484867637688
2025-10-11 15:00:00,182.37,184.69,182.3,183.59,70410,2025-10-11 15:59:59.999,12926965.3000,5111,39529,7264022.7800,0,51.50166852057842,-6.617374219416803,-7.642767939528647,1.0253937201118442,192.9985416701837,185.451,177.9034583298163,3.817142857142861,194409.05,-0.22824846475734337,183.166,0.6118251384059872
2025-10-11 16:00:00,183.6,184.28,181.67,182.44,34574,2025-10-11 16:59:59.999,6323546.2400,3827,12093,2214249.5100,0,37.257495590828974,-6.31773465548369,-7.377761282719656,1.060026627235966,190.05135740897467,184.72150000000002,179.39164259102537,3.460714285714289,187265.2,-1.6283834789172922,182.98,0.6726440366088623
2025-10-11 17:00:00,182.42,184.48,181.64,182.85,49667,2025-10-11 17:59:59.999,9096603.6400,4290,25970,4761685.3100,0,46.92796610169494,-5.97827091072142,-7.0978632083200095,1.1195922975985892,188.68629779316302,184.2985,179.91070220683696,3.1935714285714334,99355.95,0.5886236109582975,183.022,0.6523572640704419
2025-10-11 18:00:00,182.85,183.11,182.12,182.4,19067,2025-10-11 18:59:59.999,3479517.2000,2973,3979,727355.2900,0,41.44295302013425,-5.680078068099874,-6.814306180275983,1.1342281121761086,187.96402541334876,183.9905,180.01697458665123,3.0900000000000056,80703.25,-0.11499917857730022,182.738,0.5121230320786275
2025-10-11 19:00:00,182.44,182.87,176.49,177.13,105220,2025-10-11 19:59:59.999,18828324.7400,5159,14873,2657933.6300,0,38.05855161787367,-5.802117896517302,-6.611868523524247,0.8097506270069452,188.1242559231316,183.4645,178.80474407686836,3.093571428571433,74929.75,-2.953101030024115,181.682,2.5891832689064636
2025-10-11 20:00:00,177.13,178.36,174.05,175.3,79020,2025-10-11 20:59:59.999,13883709.4900,4515,28607,5038286.7600,0,32.1446018563752,-5.977594392284573,-6.4850136972763135,0.5074193049917408,188.3275331181907,182.839,177.3504668818093,3.13714285714286,72025.05,-5.848864063590948,180.024,3.54119047778917
2025-10-11 21:00:00,175.3,176.94,172.53,176.52,106015,2025-10-11 21:59:59.999,18564102.5700,5309,65794,11551669.9200,0,36.11111111111112,-5.949633632014525,-6.377937684223957,0.42830405220943213,188.69989887902483,182.526,176.3521011209752,3.3014285714285734,72881.35,-4.080856382111607,178.84,3.521072279857988
2025-10-11 22:00:00,176.52,177.6,162.3,177.6,49716,2025-10-11 22:59:59.999,8792899.4800,3404,25682,4549452.1600,0,27.406628090478705,-5.773771384056516,-6.257104424190469,0.48333304013395306,187.92903208974369,181.99499999999998,176.06096791025627,4.038571428571428,68095.85,-3.0726409430770047,177.79000000000002,2.7173884521694824
2025-10-11 23:00:00,177.6,178.11,176.6,177.19,26143,2025-10-11 23:59:59.999,4643058.1000,2826,12685,2256770.4700,0,30.185399768250306,-5.6028960219717305,-6.1262627437467225,0.523366721774992,187.8772616258005,181.654,175.4307383741995,3.862857142857144,65471.15,-3.3702350439003146,176.748,0.8966437419531357
2025-10-12 00:00:00,177.25,177.48,172.83,172.91,68844,2025-10-12 00:59:59.999,12039549.2000,4711,13263,2325678.7900,0,25.120540019286423,-5.746592075538189,-6.050328610105017,0.3037365345668279,188.10589121676458,181.0265,173.94710878323542,3.999285714285713,65431.9,-5.327420061322815,175.904,1.886698174055269
2025-10-12 01:00:00,172.91,175.02,172.78,173.54,74212,2025-10-12 01:59:59.999,12915855.2000,4566,37064,6463624.7500,0,26.848798869524217,-5.7434299227737995,-5.988948872638774,0.2455189498649748,188.43006469994015,180.6145,172.79893530005984,4.002857142857143,62900.0,-5.5924273746055935,175.552,2.1704077957801817
2025-10-12 02:00:00,173.54,176.25,173.11,174.5,63236,2025-10-12 02:59:59.999,11036524.7900,5001,35686,6241218.7900,0,31.03448275862071,-5.598919236455572,-5.910942945402135,0.31202370894656273,188.4201731324172,180.209,171.9978268675828,4.039999999999998,62038.75,-4.336385066608188,175.148,2.1328548942633785
2025-10-12 03:00:00,174.5,177.96,173.41,176.76,72824,2025-10-12 03:59:59.999,12826098.7500,4497,57850,10178837.5500,0,34.33895297249332,-5.2416087823851285,-5.777076112798734,0.5354673304136055,188.1946993571579,179.921,171.64730064284208,4.144285714285713,63569.9,-3.7202462007734693,174.98,1.9132041187450937
2025-10-12 04:00:00,176.77,180.32,176.51,179.71,42439,2025-10-12 04:59:59.999,7597841.8400,4255,30738,5503938.3000,0,44.39368770764122,-4.666604142006577,-5.554981718640303,0.8883775766337267,187.32666425361984,179.597,171.86733574638018,4.223571428571428,60505.7,-1.4963823722867735,175.484,2.7775942828252322
2025-10-12 05:00:00,179.74,181.42,179.22,181.07,40992,2025-10-12 05:59:59.999,7401933.1600,3846,27254,4922447.5100,0,44.80626545754325,-4.054431448832986,-5.2548716646788405,1.2004402158458545,186.9306516611609,179.449,171.96734833883912,4.21,58984.55,-0.9734755263877501,177.11599999999999,3.245031586900819
2025-10-12 06:00:00,181.06,182.12,180.3,182.09,39254,2025-10-12 06:59:59.999,7125989.2300,4069,14975,2722176.9500,0,49.274761707418165,-3.4472372547155885,-4.89334478268619,1.446107527970602,186.7690015303612,179.392,172.01499846963878,4.153571428571427,58246.7,-0.16995614035087844,178.826,3.1405938928783312
2025-10-12 07:00:00,182.09,182.59,181.37,182.31,22471,2025-10-12 07:59:59.999,4090287.1600,3400,5373,979886.0800,0,48.87218045112783,-2.9146807261886067,-4.497611971386674,1.5829312451980675,186.6101365939876,179.339,172.0678634060124,4.037857142857141,57063.15,2.924405803647043,180.38799999999998,2.273657845847806
2025-10-12 08:00:00,182.35,182.65,181.21,181.48,24486,2025-10-12 08:59:59.999,4455952.5400,3584,4396,802067.0400,0,48.10855263157891,-2.530430564627295,-4.104175690034799,1.5737451254075037,186.45918009482128,179.281,172.10281990517873,4.069999999999998,55997.8,3.5253850541928,181.332,1.0310771067120357
2025-10-12 09:00:00,181.53,182.65,180.12,181.75,52070,2025-10-12 09:59:59.999,9421919.4500,4336,22858,4143364.9900,0,61.95652173913045,-2.179004622985275,-3.719141476624894,1.540136853639619,186.13646203694083,179.1775,172.2185379630592,3.7949999999999977,54169.25,2.9628370722864203,181.74,0.49091750833092923
2025-10-12 10:00:00,181.75,182.03,180.44,180.46,23353,2025-10-12 10:59:59.999,4231783.9000,3597,8380,1521240.5200,0,63.738019169329064,-1.981744782707608,-3.371662137841437,1.389917355133829,185.90155407513598,179.07999999999998,172.258445924864,3.6007142857142833,53200.65,1.6103603603603682,181.618,0.7209507611382322
2025-10-12 11:00:00,180.52,181.56,180.36,180.76,25918,2025-10-12 11:59:59.999,4687992.5900,4075,8346,1512096.2900,0,61.870100783874534,-1.7806808939988628,-3.053465889072922,1.2727849950740593,185.4777169980337,178.9385,172.3992830019663,3.3714285714285688,50976.05,2.014786387493647,181.352,0.7481109543281035
2025-10-12 12:00:00,180.75,182.99,180.43,181.51,57290,2025-10-12 12:59:59.999,10415703.9500,4304,33707,6130506.0000,0,61.15231032515686,-1.5430305579509138,-2.7513788228485208,1.208348264897607,185.33895472786668,178.892,172.4450452721333,2.46142857142857,52111.85,4.973685732461972,181.192,0.5517880027561758
2025-10-12 13:00:00,181.52,181.74,178.17,179.0,61770,2025-10-12 13:59:59.999,11108633.3300,5823,16768,3020083.8100,0,54.610290371879785,-1.539480575035327,-2.5089991732858823,0.9695185982505552,184.8729592367143,178.6995,172.5260407632857,2.608571428571427,52717.0,3.1462487034689457,180.696,1.0850944659270363
2025-10-12 14:00:00,179.03,188.14,178.17,185.98,187975,2025-10-12 14:59:59.999,34604637.4000,5404,162509,29954346.3900,0,79.26556202418271,-0.9623467723457395,-2.1996686930978537,1.2373219207521142,185.67944815371195,178.87849999999997,172.077551846288,2.988571428571429,61162.4,6.5787965616045785,181.542,2.6429566776596514
2025-10-12 15:00:00,185.98,191.38,185.33,191.08,199170,2025-10-12 15:59:59.999,37671728.5000,7295,124646,23607866.3900,0,82.72388059701495,-0.09237228945445963,-1.7782094123691747,1.685837122914715,188.2306668882963,179.576,170.9213331117037,3.260714285714284,65859.9,8.101380402806077,183.666,4.878184088365931
2025-10-12 16:00:00,191.08,194.69,190.98,193.53,188288,2025-10-12 16:59:59.999,36340118.4800,6433,131748,25467826.1000,0,83.63379285966774,0.785725738631669,-1.2654223821690058,2.0511481208006748,190.9061449770543,180.4875,170.0688550229457,3.301428571428571,71323.3,7.690167492070554,186.21999999999997,6.152759543488391
2025-10-12 17:00:00,193.52,195.64,192.98,194.1,85608,2025-10-12 17:59:59.999,16657172.9800,5721,43729,8516477.5500,0,82.59398496240603,1.5102101788545212,-0.7102958699643003,2.2205060488188213,193.24048797903717,181.3665,169.49251202096283,3.1664285714285705,70302.95,7.196112000883637,188.738,6.3173269663670535
2025-10-12 18:00:00,194.1,195.11,191.59,193.44,53847,2025-10-12 18:59:59.999,10416279.9000,5392,20216,3926126.7900,0,78.23940765117237,2.007966280758069,-0.16664343981982632,2.1746097205778954,195.0446219105959,182.1585,169.2723780894041,3.145714285714285,70509.5,6.233181393816242,191.626,3.361990481840989
2025-10-12 19:00:00,193.44,195.87,193.24,195.66,35944,2025-10-12 19:59:59.999,7010259.3300,3855,19360,3773914.3200,0,78.98291617004372,2.552157211150984,0.37711669037433593,2.175040520776648,197.0691754795148,183.08200000000002,169.09482452048525,3.176428571428571,70999.55,7.3226921178212905,193.562,1.6482778891892098
2025-10-12 20:00:00,195.66,198.39,194.93,196.52,84015,2025-10-12 20:59:59.999,16529453.9000,5151,51638,10171861.1300,0,78.84846061575372,3.018037150765565,0.905300782452582,2.1127363683129827,198.61544779919154,184.2625,169.90955220080843,3.2935714285714277,71758.1,8.287414591139532,194.65,1.3727709204344427
2025-10-12 21:00:00,196.52,197.24,193.12,195.25,87923,2025-10-12 21:59:59.999,17162673.4100,5237,35067,6863773.8900,0,74.8273215656178,3.247338729743774,1.3737083719108207,1.8736303578329532,199.56970853604489,185.348,171.12629146395514,3.500714285714285,72443.65,7.4277854195323245,194.994,1.2300325198914632
2025-10-12 22:00:00,195.25,197.74,195.06,197.29,83656,2025-10-12 22:59:59.999,16442232.7500,4568,64118,12598175.9800,0,78.98789878987901,3.5527192011046793,1.8095105377495926,1.7432086633550867,200.70153142931957,186.4875,172.27346857068045,3.5892857142857144,73464.65,9.326166463482203,195.632,1.4568012904959795
2025-10-12 23:00:00,197.22,197.74,195.39,196.91,37575,2025-10-12 23:59:59.999,7377515.3600,4350,14289,2809726.6400,0,77.68444119795474,3.7211771970917766,2.1918438696180296,1.529333327473747,201.66232266799014,187.495,173.32767733200987,3.576428571428573,71702.2,8.934498782916577,196.326,0.8528364438689149
2025-10-13 00:00:00,196.91,198.59,195.16,197.09,46235,2025-10-13 00:59:59.999,9113979.5500,4034,18394,3638038.7400,0,81.6520746098211,3.8251123429823792,2.5184975642908998,1.3066147786914795,202.65232044197745,188.364,174.07567955802256,3.7078571428571445,71892.0,8.583549115751206,196.612,0.8124776919959502
2025-10-13 01:00:00,196.88,199.07,196.03,199.07,25505,2025-10-13 01:59:59.999,5044602.0700,3587,9157,1816767.8100,0,82.75491949910557,4.02090063260971,2.818978177954662,1.2019224546550475,203.88163520366297,189.26399999999998,174.646364796337,3.839285714285716,71117.65,11.212290502793293,197.122,1.3576892133294782
2025-10-13 02:00:00,199.07,199.53,195.52,196.24,46854,2025-10-13 02:59:59.999,9248475.5800,4543,17694,3509456.3700,0,74.52547452547458,3.9027188906371464,3.0357263204911593,0.8669925701459871,204.49657563165377,189.97150000000002,175.44642436834627,3.942857142857144,71497.65,5.516722228196591,197.32,1.0548459603142437
2025-10-13 03:00:00,195.81,197.62,194.18,194.61,34443,2025-10-13 03:59:59.999,6729321.8000,4233,8035,1574115.5200,0,76.77530017152664,3.635622486331073,3.1557055536591423,0.4799169326719306,204.78358832268444,190.58649999999997,176.3894116773155,3.9335714285714283,72096.25,1.847393761775173,196.784,1.6091550577837728
2025-10-13 04:00:00,194.63,196.19,194.08,196.07,38326,2025-10-13 04:59:59.999,7478074.4500,4274,22485,4390703.0600,0,71.34997884045708,3.5013945200876435,3.2248433469448425,0.276551173142801,205.03417296412618,191.316,177.59782703587382,3.3721428571428556,72788.25,1.3124580168449296,196.61599999999999,1.6363312623032809
2025-10-13 05:00:00,196.03,196.23,193.55,193.93,33137,2025-10-13 05:59:59.999,6441864.2100,3810,7466,1455120.1600,0,56.89404934687955,3.185616030959835,3.2169978837478417,-0.03138185278800654,204.91731594767495,191.925,178.93268405232507,3.1314285714285695,71841.6,-0.08758371973209042,195.984,1.9813581200759314
2025-10-13 06:00:00,193.93,197.15,192.81,196.95,68206,2025-10-13 06:59:59.999,13306813.5500,4132,36376,7125578.8800,0,58.05084745762712,3.1428195219243378,3.202162211383141,-0.05934268945880339,204.73202846527187,192.7495,180.76697153472816,3.1764285714285694,74084.25,1.8145161290322533,195.56,1.2463948010123818
2025-10-13 07:00:00,196.97,199.62,196.21,196.65,70803,2025-10-13 07:59:59.999,14015956.6300,4820,35533,7053008.7900,0,56.08011444921321,3.049542267682824,3.1716382226430784,-0.12209595496025427,204.21467679005846,193.544,182.87332320994156,3.2299999999999978,76328.5,0.5059797608095723,195.642,1.3139710803479374
2025-10-13 08:00:00,196.62,198.49,196.0,198.05,33146,2025-10-13 08:59:59.999,6539571.2500,3674,17131,3383856.6500,0,60.61722708429302,3.0533900606938573,3.1479885902532345,-0.0945985295593772,203.57808171377926,194.371,185.16391828622076,3.1564285714285694,75121.3,0.7785467128027688,196.32999999999998,1.5225636275673375
2025-10-13 09:00:00,198.06,198.49,196.58,197.5,23460,2025-10-13 09:59:59.999,4624307.6300,3496,10542,2078141.9700,0,54.59081836327348,2.9777336107598273,3.1139375943545535,-0.13620398359472619,201.08291227548924,195.296,189.50908772451075,3.1049999999999978,73205.8,1.1523687580025608,196.61599999999999,1.594139266184457
2025-10-13 10:00:00,196.87,197.52,194.88,195.29,31545,2025-10-13 10:59:59.999,6175344.1200,3569,6246,1224338.0800,0,47.124824684431935,2.708228070308195,3.0327956895452823,-0.32456761923708743,199.54367578705802,195.7615,191.979324212942,3.0464285714285717,65384.3,-1.0137361244867962,196.888,1.0414989198224072
2025-10-13 11:00:00,195.24,196.19,187.02,192.5,104090,2025-10-13 11:59:59.999,20052069.6100,5241,23189,4467456.6300,0,43.998254037538175,2.243649950989038,2.8749665418340338,-0.6313165908449956,199.28345486404584,195.83249999999998,192.38154513595413,3.407142857142856,60630.3,-2.239601848560254,195.998,2.21523587908622
2025-10-13 12:00:00,192.5,194.1,191.54,191.68,69762,2025-10-13 12:59:59.999,13451794.5100,4535,33675,6506968.8700,0,37.06777316735822,1.788682491810107,2.657709731829249,-0.8690272400191419,199.5330351684991,195.74,191.9469648315009,3.3985714285714272,54704.0,-2.744938860419096,195.004,2.8683148362741675
2025-10-13 13:00:00,191.69,196.38,191.1,196.13,128178,2025-10-13 13:59:59.999,24883752.9800,5332,90568,17607086.4200,0,48.48602484472049,1.7668283513606013,2.4795334557355195,-0.7127051043749182,199.5576172436319,195.8415,192.12538275636808,3.60785714285714,56832.5,-1.4768674335660812,194.62,2.457712350945558
2025-10-13 14:00:00,196.12,196.38,192.61,193.26,83128,2025-10-13 14:59:59.999,16142192.8500,5384,41589,8083822.8600,0,43.26889279437605,1.500625533739509,2.2837518713363174,-0.7831263375968085,199.57389222609328,195.8325,192.09110777390674,3.6321428571428527,58296.55,-1.518548715858142,193.772,1.8789012746789029
2025-10-13 15:00:00,193.23,196.96,192.96,196.3,56751,2025-10-13 15:59:59.999,11101836.6100,3923,39521,7729180.8100,0,45.30667570315149,1.5174680125117561,2.130495099571405,-0.613027087059649,199.61062487498012,195.8645,192.11837512501987,3.7007142857142816,59336.9,0.8684034736138933,193.974,2.1215277514070148
2025-10-13 16:00:00,196.42,200.0,195.99,199.99,77780,2025-10-13 16:59:59.999,15431117.8900,4978,57906,11497145.6600,0,56.17385577872902,1.8077295364177814,2.0659419869406803,-0.2582124505228989,200.20925299867375,196.03799999999998,191.86674700132622,3.7007142857142816,59025.15,1.999285969296688,195.47199999999998,3.1938644304338784
2025-10-13 17:00:00,199.99,204.39,199.97,204.39,132287,2025-10-13 17:59:59.999,26683418.6200,5483,101478,20491936.4700,0,64.75558237779117,2.3655386092054584,2.125861311393636,0.23967729781182223,202.06947000076877,196.49499999999998,190.92052999923118,3.770714285714281,61243.35,5.393698757283545,198.01399999999998,4.290854227306229
2025-10-13 18:00:00,204.39,206.36,204.02,205.8,34529,2025-10-13 18:59:59.999,7085943.4300,3757,15512,3182992.0400,0,64.70232698700516,2.8880894222454003,2.278306933563989,0.6097824886814114,203.8780388116623,196.9205,189.96296118833772,3.787142857142854,58787.0,4.493526275704506,199.948,5.291887187005462
2025-10-13 19:00:00,205.8,208.49,205.06,206.95,53475,2025-10-13 19:59:59.999,11074859.0900,4292,28266,5856272.9100,0,70.28037383177569,3.356320510196241,2.4939096488904395,0.8624108613058015,205.7003788918035,197.42249999999999,189.14462110819647,3.8407142857142844,59582.0,5.23773201118738,202.686,4.439361440567056
2025-10-13 20:00:00,206.95,208.47,205.86,208.45,29594,2025-10-13 20:59:59.999,6129292.6300,4384,10523,2184603.3600,0,68.80313930673644,3.8045776680031054,2.756043252712973,1.0485344152901326,207.62080627484744,197.9905,188.36019372515256,3.7171428571428544,58749.95,5.25119919212319,205.11599999999999,3.230708900534773
2025-10-13 21:00:00,208.46,208.7,207.38,207.88,16935,2025-10-13 21:59:59.999,3522898.8500,3469,3545,738388.2500,0,68.20097244732575,4.066949203229086,3.0182244428161957,1.0487247604128904,209.0267725433057,198.43099999999998,187.83522745669427,3.56785714285714,58321.45,5.255696202531643,206.69400000000002,1.6327369659547841
2025-10-13 22:00:00,207.89,209.01,207.6,208.08,16352,2025-10-13 22:59:59.999,3406874.5700,3046,3123,652110.7700,0,66.91399662731871,4.242118361511189,3.2630032265551945,0.9791151349559941,210.39774413824435,199.023,187.64825586175564,3.490714285714282,56796.35,6.549234471811164,207.43199999999996,1.066850504989102
2025-10-13 23:00:00,208.08,209.04,207.36,208.57,18496,2025-10-13 23:59:59.999,3850083.1900,3336,4570,952747.7600,0,68.70564379858061,4.370104240921165,3.4844234294283893,0.8856808114927759,211.65506782018772,199.721,187.78693217981228,3.4742857142857093,55999.0,8.348051948051944,207.98600000000002,0.6422071316917344
2025-10-14 00:00:00,208.58,210.79,207.34,209.11,59043,2025-10-14 00:59:59.999,12369465.9500,4360,29989,6291209.0300,0,74.74928366762182,4.463653239410149,3.680269391424741,0.7833838479854083,212.87837417104714,200.373,187.86762582895284,3.5321428571428504,57034.85,9.093280467445746,208.41799999999998,0.4760987292525491
2025-10-14 01:00:00,209.11,209.89,207.89,208.32,22085,2025-10-14 01:59:59.999,4616776.9300,3440,7049,1476973.8300,0,80.51697530864195,4.423058831884447,3.8288272795166827,0.5942315523677641,213.69253989133196,201.0925,188.49246010866804,3.019999999999994,56482.25,6.21526538520369,208.392,0.4774620403716736
2025-10-14 02:00:00,208.33,209.92,205.88,205.89,38379,2025-10-14 02:59:59.999,7949735.5300,3998,6371,1321005.2300,0,75.80820922629852,4.147002726098577,3.892462368833062,0.2545403572655154,214.15506511448828,201.5395,188.92393488551173,3.125714285714279,54990.9,6.535237503880781,207.994,1.23670125737614
2025-10-14 03:00:00,205.89,206.78,189.0,205.66,44187,2025-10-14 03:59:59.999,9085893.8500,4170,17880,3687164.7800,0,70.44187044187042,3.8651125844756393,3.8869924119615775,-0.021879827485938197,214.5135491858548,201.98999999999998,189.46645081414516,4.018571428571422,53660.1,4.768211920529794,207.51,1.61141242392987
2025-10-14 04:00:00,205.66,206.12,201.0,201.89,76655,2025-10-14 04:59:59.999,15596355.2600,5884,13990,2850004.8000,0,67.82321354812058,3.2994708937174835,3.769488108312759,-0.4700172145952757,214.56820387026585,202.18200000000002,189.79579612973419,4.114999999999995,55835.55,0.9500475023751074,206.17399999999998,2.8250185840087934
2025-10-14 05:00:00,202.02,203.71,199.2,199.59,61754,2025-10-14 05:59:59.999,12445187.0700,6708,22104,4462778.9300,0,57.00894759267148,2.635227745000236,3.5426360356502546,-0.9074082906500185,214.54094842968414,202.2865,190.03205157031584,4.151428571428568,57750.25,-2.3484514897989057,204.27,3.483023112182038
2025-10-14 06:00:00,199.59,200.77,192.34,195.27,152813,2025-10-14 06:59:59.999,29979125.1100,6871,38611,7585479.3400,0,40.20746887966805,1.740162870251936,3.182141402570591,-1.4419785323186551,214.5423553964924,202.2855,190.02864460350762,4.467142857142854,63813.65,-5.11661807580175,201.66,4.445863245759268
2025-10-14 07:00:00,195.27,197.0,193.34,194.32,94920,2025-10-14 07:59:59.999,18524712.3300,6759,41893,8203004.1000,0,25.617433414043646,0.9432868281957383,2.734370487695621,-1.7910836594998827,214.35123177372384,202.37650000000002,190.4017682262762,4.412857142857141,63355.15,-6.102923411452039,199.346,4.6976728281131095
2025-10-14 08:00:00,194.32,196.73,193.17,196.73,59225,2025-10-14 08:59:59.999,11558313.4400,4334,33536,6560836.7000,0,29.053117782909894,0.500454743967623,2.2875873389500216,-1.7871325949823986,213.8428559028786,202.629,191.41514409712138,4.499999999999998,62828.3,-5.622451427200768,197.56,3.1345015552702282
2025-10-14 09:00:00,196.05,197.48,194.04,194.83,63889,2025-10-14 09:59:59.999,12505702.3700,4282,21283,4181161.9400,0,22.946428571428626,-0.0037636037886557006,1.829317150402286,-1.8330807541909417,213.9502158586137,202.564,191.1777841413863,4.500714285714283,59613.85,-6.27766018857032,196.148,2.1234217668637836
2025-10-14 10:00:00,194.73,194.93,191.22,194.08,108978,2025-10-14 10:59:59.999,21025982.4500,4949,46670,9009166.9500,0,16.81293302540422,-0.4585926363032513,1.3717351930611785,-1.8303278293644298,213.85524724874494,202.605,191.35475275125503,4.579285714285713,60906.35,-6.728181468665897,195.046,1.0479646940572187
2025-10-14 11:00:00,194.08,196.44,193.39,195.22,66594,2025-10-14 11:59:59.999,13008071.7900,4086,50328,9827926.9100,0,21.51215121512152,-0.7187738738429061,0.9536333796803615,-1.6724072535232677,213.93820593242114,202.551,191.16379406757883,4.702857142857143,61398.5,-6.400728772114875,195.036,1.0455285744495146
2025-10-14 12:00:00,195.21,195.33,192.5,193.26,42500,2025-10-14 12:59:59.999,8226834.6600,4672,7894,1528701.2300,0,19.099249374478674,-1.0707816890134154,0.5487503659416061,-1.6195320549550214,214.29688818324112,202.2145,190.13211181675885,4.804285714285716,59634.5,-7.579742719143045,194.824,1.3028161804300606
2025-10-14 13:00:00,193.64,195.45,191.83,194.76,118382,2025-10-14 13:59:59.999,22892332.5300,5234,68068,13190902.8800,0,22.368947579031612,-1.2147105310012023,0.1960581865530443,-1.4107687175542467,214.2113975017037,201.733,189.25460249829632,4.942857142857144,58939.25,-6.509216589861752,194.43,0.7720751258719957
2025-10-14 14:00:00,194.77,198.5,194.41,195.9,121696,2025-10-14 14:59:59.999,23928665.1400,5770,79702,15670974.3900,0,24.189136381398967,-1.222692269510702,-0.08769190465970506,-1.135000364850997,213.82209455580625,201.238,188.65390544419375,4.988571428571431,63297.6,-4.852105493224528,194.644,1.0193527358036156
2025-10-14 15:00:00,195.9,201.83,194.47,201.83,139833,2025-10-14 15:59:59.999,27716506.6900,5538,112975,22429191.5200,0,39.44028636511555,-0.7419635315647497,-0.21854623004071402,-0.5234173015240356,213.2819368419431,200.98200000000003,188.68206315805696,5.3714285714285745,67615.5,-1.8622969950403503,196.19400000000002,3.296373765213955
2025-10-14 16:00:00,201.65,205.59,199.91,202.43,123626,2025-10-14 16:59:59.999,25075213.2800,5622,70377,14290906.1700,0,44.01384083044986,-0.309005535382056,-0.23663809110898243,-0.07236744427307357,212.49654533565615,200.68099999999998,188.86545466434382,5.488571428571433,72317.1,0.2674723859527567,197.636,4.213268327556571
2025-10-14 17:00:00,202.43,204.35,200.05,201.57,93719,2025-10-14 17:59:59.999,18929153.2500,4711,30944,6265104.2900,0,43.07483914663054,-0.03487598677850201,-0.19628567024288635,0.16140968346438433,211.69880160470268,200.3655,189.0321983952973,4.5257142857142885,76156.3,0.9920336690214889,199.298,3.6579461450371187
2025-10-14 18:00:00,201.59,203.87,200.47,201.27,70036,2025-10-14 18:59:59.999,14163498.9800,4068,21983,4454989.2100,0,48.81043745203381,0.15636369970289365,-0.12575579625373035,0.282119495956624,210.77668040721755,200.025,189.27331959278246,4.402857142857146,78840.5,3.072668612690121,200.60000000000002,2.661841467854977
2025-10-14 19:00:00,201.27,203.46,197.3,198.62,96469,2025-10-14 19:59:59.999,19298091.7600,4079,17780,3567048.6800,0,48.16357440363499,0.09301743269395502,-0.08200115046419326,0.17501858315814828,209.5074839151858,199.5275,189.54751608481422,4.520714285714287,82739.15,2.2128447920955185,201.144,1.4741370356898678
2025-10-14 20:00:00,198.62,200.39,198.26,200.39,28083,2025-10-14 20:59:59.999,5604029.3700,3218,14567,2911343.2900,0,60.729253981559054,0.18352371769165643,-0.028896176833023313,0.21241989452467974,208.01477595024434,199.0915,190.16822404975565,4.070714285714287,81191.15,1.8604178315457718,200.85600000000002,1.4470245333070297
2025-10-14 21:00:00,200.39,201.23,198.39,201.12,41558,2025-10-14 21:59:59.999,8302670.5100,3331,24525,4908323.7300,0,64.38240270727584,0.3105753791943471,0.03899813437245079,0.27157724482189627,206.6065191979715,198.73149999999998,190.85648080202847,4.012142857142858,82164.8,3.2284555766565677,200.594,1.185803525037916
2025-10-14 22:00:00,201.13,201.84,199.72,201.36,32839,2025-10-14 22:59:59.999,6608851.2400,2984,17687,3561809.5500,0,60.782487191429965,0.4257232575220655,0.11634315900237377,0.3093800985196917,205.74835630259304,198.505,191.26164369740695,3.9092857142857156,81887.8,3.7510305028854085,200.55200000000002,1.1456308305873866
2025-10-14 23:00:00,201.39,203.19,200.38,202.36,25377,2025-10-14 23:59:59.999,5138287.5700,3155,12077,2445832.6500,0,68.30335439961107,0.5908593633273824,0.21124639986737556,0.37961296346000684,205.02599478879458,198.34,191.65400521120543,3.864285714285716,80947.3,3.6574121503944346,200.77,1.393341307789455
2025-10-15 00:00:00,202.34,203.79,201.31,203.79,36794,2025-10-15 00:59:59.999,7448405.7900,3042,21422,4344931.1000,0,72.84705882352937,0.8275801358351771,0.33451314706093593,0.49306698877424116,205.38226754312717,198.435,191.48773245687283,3.7764285714285717,78954.25,5.4486184414778025,201.804,1.3150779444552982
2025-10-15 01:00:00,203.79,203.87,201.18,203.64,39496,2025-10-15 01:59:59.999,8000443.5200,3583,23163,4698077.6500,0,70.77986179664359,0.9916482040049175,0.4659401584497323,0.5257080455551852,205.95286774626925,198.6375,191.32213225373073,3.750714285714285,77841.35,4.559457794208254,202.454,1.2426503933097899
2025-10-15 02:00:00,203.59,205.53,202.83,203.31,58455,2025-10-15 02:59:59.999,11942240.4900,3938,30181,6175158.6000,0,76.97262479871179,1.082565941934007,0.5892653151465873,0.4933006267874197,206.45860045618377,199.0395,191.62039954381623,3.741428571428569,73123.45,3.7825421133231223,202.892,1.0211121387943305
2025-10-15 03:00:00,203.28,203.65,200.99,201.56,32210,2025-10-15 03:59:59.999,6506938.5600,3230,7399,1496641.6800,0,68.00847457627123,1.0018597157812508,0.6717841952735201,0.3300755205077307,206.5526920978989,199.4015,192.2503079021011,3.672857142857142,69987.95,-0.1337759500569837,202.932,0.9473489325444736
2025-10-15 04:00:00,201.56,203.31,200.47,203.31,37837,2025-10-15 04:59:59.999,7632216.9800,3272,18082,3654475.0800,0,69.00974858902002,1.0668122756354705,0.7507898113459103,0.31602246428956027,206.96910258395363,199.7305,192.49189741604638,3.5835714285714277,68918.55,0.4347181741836662,203.12199999999999,0.8979253866514909
2025-10-15 05:00:00,203.31,204.61,201.93,204.35,30365,2025-10-15 05:59:59.999,6188515.4400,3082,19954,4067554.2500,0,58.63013698630132,1.1885065907682417,0.8383331672303768,0.35017342353786496,207.33953441741306,200.2065,193.07346558258695,3.249285714285713,67242.35,1.3791734881182722,203.23399999999998,1.0276332030414712
2025-10-15 06:00:00,204.36,205.12,201.87,204.54,52996,2025-10-15 06:59:59.999,10795599.4200,3859,23544,4803967.9700,0,57.4348132487667,1.2854636000245705,0.9277592537892155,0.35770434623535496,207.49559963054978,200.7295,193.96340036945023,3.075714285714284,64443.25,1.6246832612907942,203.414,1.183524397717826
2025-10-15 07:00:00,204.51,205.16,203.13,204.59,32078,2025-10-15 07:59:59.999,6543172.1200,4811,11064,2258753.1500,0,61.28550074738422,1.3507665149169839,1.0123607060147692,0.3384058089022146,207.64804316591022,201.198,194.7479568340898,2.913571428571428,62717.45,3.0057396032625108,203.67000000000002,1.2891276119893817
2025-10-15 08:00:00,204.5,208.62,203.13,206.06,74440,2025-10-15 08:59:59.999,15389001.7500,4453,56033,11593091.2600,0,66.46048109965636,1.5038013732112177,1.110648839454059,0.39315253375715864,207.4584461332569,201.83800000000002,196.21755386674315,3.0628571428571427,64314.45,2.829482509107249,204.57,0.9820132381968093
2025-10-15 09:00:00,206.03,207.0,205.34,205.92,31890,2025-10-15 09:59:59.999,6577964.2700,4065,8955,1850974.6700,0,80.31561461794016,1.5953950499988139,1.20759808156301,0.3877969684358038,207.21672455790187,202.39600000000002,197.57527544209816,2.741428571428571,59989.85,2.386634844868727,205.092,0.826117425063757
2025-10-15 10:00:00,205.92,207.03,203.59,203.82,32757,2025-10-15 10:59:59.999,6711346.5300,3790,7138,1464967.0900,0,63.864187550525486,1.4814539708998495,1.2623692594303781,0.2190847114694714,206.54995353042617,202.792,199.03404646957384,2.835,55542.9,1.2216924910607763,204.98600000000002,0.967098754002886
2025-10-15 11:00:00,203.71,204.5,185.0,202.49,58903,2025-10-15 11:59:59.999,11932468.8800,4334,17025,3458048.5100,0,55.28141865844258,1.269204362789452,1.263736280102193,0.005468082687259068,206.5588987667049,202.825,199.09110123329506,4.0249999999999995,51496.4,0.0642419450484263,204.57600000000002,1.4942991668316499
2025-10-15 12:00:00,202.48,203.37,201.96,202.96,27936,2025-10-15 12:59:59.999,5659215.7200,3802,10579,2146379.9200,0,56.060606060606055,1.1259409447135624,1.236177213024467,-0.1102362683109046,206.58111561445406,202.85150000000002,199.12188438554597,3.9742857142857133,46711.9,-0.40728200598654696,204.25,1.6591865476773975
2025-10-15 13:00:00,202.88,203.73,198.2,201.08,100245,2025-10-15 13:59:59.999,20113740.9200,5163,33778,6792024.4800,0,45.45454545454543,0.8508947808443565,1.159120726588445,-0.30822594574408835,206.59826587710148,202.827,199.0557341228985,4.168571428571427,47038.2,-1.2571204085641199,203.254,1.7905529872062584
2025-10-15 14:00:00,201.11,204.61,198.46,199.41,97937,2025-10-15 14:59:59.999,19726348.1200,5790,31197,6322782.7500,0,34.706703910614536,0.4924865928263671,1.0257938998360294,-0.5333073070096623,206.75068310399203,202.73399999999998,198.71731689600793,4.430714285714286,48433.25,-1.9182529142688531,201.952,1.7332830120879816
2025-10-15 15:00:00,199.44,200.33,196.4,197.08,72675,2025-10-15 15:59:59.999,14413711.5800,5083,35673,7090689.3300,0,30.121212121212167,0.02020112893615078,0.8246753456560536,-0.8044742167199028,207.0474062873977,202.65699999999998,198.26659371260226,4.519285714285715,47243.55,-2.2226632268307154,200.604,2.407203772012719
2025-10-15 16:00:00,197.05,198.6,196.93,197.29,44449,2025-10-15 16:59:59.999,8788019.2300,4730,22943,4542282.3500,0,31.623931623931554,-0.333301170494849,0.5930800424258731,-0.9263812129207221,207.41694648469024,202.502,197.58705351530978,4.445714285714287,48061.85,-2.960995524076538,199.564,2.509786843537082
2025-10-15 17:00:00,197.3,198.6,195.15,197.99,62557,2025-10-15 17:59:59.999,12297772.1500,5435,36193,7127521.8500,0,38.356164383561655,-0.5506229018918987,0.36433945356231867,-0.9149623554542173,207.63108506446397,202.34550000000002,197.05991493553606,4.502142857142857,49111.8,-3.1123073158796113,198.57,1.6733648735381559
2025-10-15 18:00:00,197.99,198.15,196.32,197.96,28555,2025-10-15 18:59:59.999,5632745.3800,3791,7252,1432325.7700,0,30.34533431300514,-0.7170074731758973,0.14807006821467544,-0.8650775413905727,207.8022424435739,202.1755,196.5487575564261,4.430000000000001,48897.6,-3.2169746748802117,197.946,0.9118278346217927
2025-10-15 19:00:00,197.96,198.15,194.36,194.62,50898,2025-10-15 19:59:59.999,9970769.9200,4594,18146,3564352.9100,0,19.421747328724095,-1.105633475873958,-0.10267064060305135,-1.0029628352709068,208.34902396816307,201.7885,195.22797603183693,4.509285714285714,50173.65,-4.873160956058458,196.988,1.383463046123984
2025-10-15 20:00:00,194.71,196.41,192.53,194.05,95119,2025-10-15 20:59:59.999,18471356.5800,5135,37933,7375334.2400,0,17.80233271945984,-1.442982811463338,-0.3707330747751088,-1.0722497366882293,208.63673945721862,201.3015,193.96626054278138,4.554285714285713,53089.9,-5.828399495292628,196.382,1.9002026207724207
2025-10-15 21:00:00,194.05,195.09,192.21,192.66,60240,2025-10-15 21:59:59.999,11662934.1500,4518,22809,4424606.3000,0,16.165626772546773,-1.8017267885093986,-0.6569318175219669,-1.1447949709874317,208.94435956653888,200.7525,192.56064043346112,4.614999999999999,54127.1,-6.439393939393935,195.45600000000002,2.4075153166677925
2025-10-15 22:00:00,192.66,194.39,192.19,193.26,30592,2025-10-15 22:59:59.999,5921392.9300,3305,16265,3150144.3700,0,11.81384248210017,-2.0143982602054677,-0.9284251060586672,-1.0859731541468005,208.99555887293658,200.25,191.50444112706342,4.379999999999997,52733.95,-5.181042095967031,194.51000000000002,2.0682843131420943
2025-10-15 23:00:00,193.21,194.66,192.62,193.73,35006,2025-10-15 23:59:59.999,6791007.9700,3609,15026,2920740.7200,0,14.335868929198313,-2.120572225157815,-1.1668545298784971,-0.953717695279318,209.0469556287825,199.8585,190.67004437121747,4.407142857142854,52873.75,-4.326139562447538,193.664,0.7480842198504973
2025-10-16 00:00:00,193.74,194.67,193.04,193.79,27488,2025-10-16 00:59:59.999,5326643.7300,3769,7230,1403356.7500,0,16.677740863787335,-2.1748045655028534,-1.3684445370033684,-0.806360028499485,208.80156213903206,199.3825,189.96343786096793,4.2778571428571395,52356.3,-4.518131651556965,193.498,0.5483338399089189
2025-10-16 01:00:00,193.71,195.35,193.24,195.0,42902,2025-10-16 01:59:59.999,8346730.1500,4229,19799,3860675.8300,0,24.916275954454107,-2.095985976868917,-1.5139528249764784,-0.5820331518924386,208.22343533688945,198.915,189.60656466311053,3.0357142857142816,52983.15,-3.0236721702804914,193.68800000000002,0.86218907438527
2025-10-16 02:00:00,195.05,196.07,194.12,195.36,32394,2025-10-16 02:59:59.999,6319141.4500,4169,12709,2483025.7700,0,24.358974358974407,-1.981629692631941,-1.607488198507571,-0.3741414941243699,207.49808732306286,198.456,189.41391267693712,3.07428571428571,51953.05,-2.030991424702865,194.228,0.9019811527906377
2025-10-16 03:00:00,195.37,195.81,193.63,193.63,27938,2025-10-16 03:59:59.999,5441962.2200,3974,6743,1318457.4700,0,24.608043626448563,-2.0074573364783532,-1.6874820261017276,-0.31997531037662563,206.7100944875876,197.908,189.10590551241236,2.834999999999996,51746.05,-1.7505581489750441,194.302,0.8135539318260016
2025-10-16 04:00:00,193.63,194.43,192.22,192.58,41979,2025-10-16 04:59:59.999,8111675.6200,3870,12840,2482155.5700,0,25.69395017793603,-2.0885763469312337,-1.767700890267629,-0.32087545666360473,205.45287532323894,197.23399999999998,189.01512467676102,2.5535714285714244,50123.0,-2.3873485731663946,194.07199999999997,1.1203883255324707
2025-10-16 05:00:00,192.58,193.97,191.72,192.37,54142,2025-10-16 05:59:59.999,10444865.6700,4198,22342,4322166.5300,0,30.259849119865905,-2.1450818240739125,-1.8431770770288856,-0.3019047470450269,203.95342475218402,196.5565,189.15957524781598,2.433571428571424,51235.6,-2.838527198343353,193.788,1.3633671552407802
2025-10-16 06:00:00,192.4,195.22,191.65,195.09,35397,2025-10-16 06:59:59.999,6860061.5600,4017,22306,4325004.8600,0,42.38227146814411,-1.9479270634101056,-1.8641270743051297,-0.08379998910497588,202.69707981914217,196.12,189.54292018085783,2.56928571428571,51367.6,-1.449787835926452,193.80599999999998,1.3838099580467498
2025-10-16 07:00:00,195.12,195.3,192.46,192.82,33726,2025-10-16 07:59:59.999,6529411.0600,4456,6502,1261624.9000,0,33.85384134915678,-1.9523451047004414,-1.8817706803841923,-0.07057442431624916,201.63848309333093,195.6365,189.6345169066691,2.5257142857142827,50108.75,-0.9248792518754554,193.298,1.1098062893987979
2025-10-16 08:00:00,192.98,193.51,192.0,192.36,24825,2025-10-16 08:59:59.999,4781431.0600,4066,7740,1492139.7600,0,32.96836982968374,-1.9702527426535141,-1.8994670928380568,-0.07078564981545732,200.18684095416094,195.10649999999998,190.02615904583902,2.5028571428571382,49953.2,-0.8709095593919081,193.044,1.1590642777641897
2025-10-16 09:00:00,192.33,193.91,180.0,193.78,121866,2025-10-16 09:59:59.999,23272187.0700,4818,52949,10149568.2100,0,47.10743801652891,-1.848553567448107,-1.889284387760067,0.04073082031195985,198.99675693453943,194.7415,190.48624306546057,3.2257142857142815,51034.25,0.5813349942904622,193.28400000000002,1.1631981774354365
2025-10-16 10:00:00,193.76,196.48,193.51,195.65,74713,2025-10-16 10:59:59.999,14574533.1000,5117,55641,10852735.4900,0,55.0568900126422,-1.5829652842401458,-1.8280205670560827,0.24505528281593691,198.23368463495612,194.5535,190.8733153650439,3.1607142857142816,49873.05,1.2366759805443521,193.94,1.416245035292046
2025-10-16 11:00:00,195.65,196.78,194.56,196.69,38424,2025-10-16 11:59:59.999,7514466.2600,4308,11193,2194825.7800,0,63.02521008403362,-1.2738808426573485,-1.717192622176336,0.4433117795189876,198.1615750926246,194.53400000000002,190.90642490737545,3.113571428571425,48160.5,1.527899654157853,194.26000000000002,1.8541170405315541
2025-10-16 12:00:00,196.71,197.86,195.86,197.53,48840,2025-10-16 12:59:59.999,9625143.6600,4188,30083,5934993.8100,0,63.590070019096146,-0.9501949600705188,-1.5637930897551726,0.6135981296846538,198.2133317419156,194.546,190.8786682580844,3.099285714285711,48380.05,1.9299241446927133,195.202,2.1173969868661477
2025-10-16 13:00:00,197.53,198.0,195.57,195.74,47963,2025-10-16 13:59:59.999,9434811.6100,5377,12549,2474643.7400,0,55.90135055783916,-0.8285584997109083,-1.41674617174632,0.5881876720354116,197.78000343839005,194.4335,191.08699656160996,3.127142857142855,47650.35,0.37948717948718413,195.878,1.4018808793867272
2025-10-16 14:00:00,195.75,196.07,191.78,193.9,145627,2025-10-16 14:59:59.999,28267073.1700,6685,79592,15470157.3500,0,50.29239766081874,-0.8705976432122497,-1.307516466039506,0.43691882282725625,197.14037049811293,194.2305,191.32062950188708,3.317142857142855,53503.95,-0.7473382473382514,195.902,1.3573024718131574
2025-10-16 15:00:00,193.9,194.24,186.68,187.5,124792,2025-10-16 15:59:59.999,23715173.6100,7215,18065,3443389.6600,0,34.375,-1.4041542636752808,-1.3268440255666611,-0.0773102381086197,198.05044855281864,193.8745,189.6985514471814,3.7064285714285705,57198.65,-3.1658317409492307,194.272,4.0191628481550215
2025-10-16 16:00:00,187.32,191.59,186.46,191.48,124255,2025-10-16 16:59:59.999,23419150.5100,6094,87576,16541407.1000,0,42.976104272266426,-1.48868831960894,-1.359212884375117,-0.129475435233823,198.05524782788177,193.746,189.43675217211825,3.9335714285714283,58655.45,-0.5711911932703411,193.23,3.9094245100768066
2025-10-16 17:00:00,191.59,191.78,188.89,189.45,72476,2025-10-16 17:59:59.999,13791166.3400,4618,40476,7717704.0400,0,42.51432664756445,-1.6998909181090767,-1.427348491121909,-0.2725424269871677,198.286377745586,193.5855,188.88462225441398,3.9842857142857144,59267.25,-1.5179081977439393,191.61399999999998,3.3119299509483624
2025-10-16 18:00:00,189.45,189.46,186.74,189.25,90478,2025-10-16 18:59:59.999,17019660.1200,4759,37657,7097834.0600,0,43.84927964536384,-1.8619454791106875,-1.5142678887196648,-0.34767759039102275,198.47065164276688,193.38500000000002,188.29934835723316,4.020714285714285,62261.55,-2.9934901840176344,190.31599999999997,2.4503122250008165
2025-10-16 19:00:00,189.27,189.48,183.73,185.17,94758,2025-10-16 19:59:59.999,17620234.8800,5862,13882,2585805.1500,0,38.364576599870674,-2.2931626366834905,-1.67004683831243,-0.6231157983710605,199.22398651666003,192.95700000000002,186.69001348334,4.270714285714285,65249.15,-3.9674307644435256,188.57,2.3669495136119703
2025-10-16 20:00:00,185.17,186.34,182.0,182.7,57062,2025-10-16 20:59:59.999,10490635.6300,5271,11276,2075531.6800,0,29.814271749755576,-2.801914966473845,-1.896420463944713,-0.9054945025291319,200.14737368657816,192.4025,184.65762631342184,4.325714285714286,66727.85,-5.021834061135384,187.60999999999999,3.574695791251016
2025-10-16 21:00:00,182.69,185.49,182.68,185.49,33010,2025-10-16 21:59:59.999,6084408.9200,3545,19687,3632675.5900,0,38.2569689202179,-2.946015339278688,-2.106339439011508,-0.8396759002671796,200.1531869404327,191.92700000000002,183.70081305956734,4.323571428571428,66233.25,-4.278047270100109,186.41199999999998,2.8920269708264197
2025-10-16 22:00:00,185.5,185.64,183.05,183.05,32308,2025-10-16 22:59:59.999,5961621.9300,3820,7165,1326113.1500,0,35.97469117203977,-3.219985541955481,-2.3290686596003027,-0.8909168823551781,200.266029051062,191.3115,182.356970948938,4.400714285714285,66228.95,-6.440071556350622,185.132,2.6142341134617406
2025-10-16 23:00:00,183.05,184.78,182.97,184.7,33193,2025-10-16 23:59:59.999,6113538.2200,3486,19690,3628979.7200,0,36.4153201675643,-3.2663156376312656,-2.5165180552064954,-0.7497975824247702,200.21459948480754,190.865,181.51540051519248,3.5364285714285706,66491.7,-6.095886928669485,184.222,1.267387075832334
2025-10-17 00:00:00,184.7,186.26,184.18,186.13,39911,2025-10-17 00:59:59.999,7404839.4700,4115,24080,4469460.8900,0,35.56701030927833,-3.1513171013680505,-2.6434778644388066,-0.5078392369292439,200.08597586463884,190.5425,180.99902413536114,3.472857142857141,66388.3,-5.771275249329219,184.414,1.4985426253486736
2025-10-17 01:00:00,186.17,187.13,184.82,185.56,44819,2025-10-17 01:59:59.999,8343563.2100,3871,21908,4086804.5500,0,32.882190095355284,-3.0707761729271965,-2.7289375261364848,-0.34183864679071174,199.95459123461404,190.202,180.44940876538595,3.4792857142857128,65922.15,-5.200776540308576,184.98600000000002,1.1960476579079344
2025-10-17 02:00:00,185.59,186.88,184.65,186.88,37679,2025-10-17 02:59:59.999,7003654.7700,3445,22627,4213513.3200,0,33.8587450742649,-2.867380560380468,-2.7566261329852817,-0.11075442739518637,199.36734521485928,189.79149999999998,180.21565478514069,3.4957142857142833,66036.25,-3.620422898401243,185.264,1.4721514867659304
2025-10-17 03:00:00,186.67,187.24,185.96,186.94,22024,2025-10-17 03:59:59.999,4113615.4700,3089,5478,1024929.0400,0,35.92450415866921,-2.670561997156142,-2.739413305819454,0.06885130866331224,199.0428529614096,189.4975,179.9521470385904,3.413571428571426,65451.15,-0.29866666666666786,186.04199999999997,0.9420297235158874
2025-10-17 04:00:00,187.02,187.31,186.2,187.03,19008,2025-10-17 04:59:59.999,3551802.4700,3076,3238,606227.2000,0,38.35987800745509,-2.4787461769994366,-2.687279880055451,0.20853370305601437,198.73739208776453,189.23100000000002,179.7246079122355,3.1864285714285705,65160.3,-2.324002506789215,186.50799999999998,0.6401327987125578
2025-10-17 05:00:00,187.1,187.38,185.45,185.61,31649,2025-10-17 05:59:59.999,5897462.3700,4171,7128,1328513.1000,0,46.1475743986955,-2.4134916605910064,-2.632522236162562,0.2190305755715558,198.207206203516,188.8225,179.437793796484,2.7842857142857134,60649.45,-2.0269200316706124,186.404,0.749753292748712
2025-10-17 06:00:00,185.45,186.22,180.09,180.31,96266,2025-10-17 06:59:59.999,17572602.2300,5094,16059,2936207.5800,0,28.394584139265007,-2.75765417146593,-2.657548623223236,-0.10010554824269402,197.59685039543234,188.0555,178.51414960456765,2.855714285714285,61727.1,-4.723910171730513,185.35399999999998,2.879258585119994
2025-10-17 07:00:00,180.32,180.72,177.47,177.68,102319,2025-10-17 07:59:59.999,18309243.0300,5900,27462,4920772.1700,0,27.750472589792096,-3.205671475714837,-2.7671731937215562,-0.4384982819932808,196.81072158981198,187.105,177.399278410188,2.8814285714285695,64921.85,-4.044931684398111,183.51399999999998,4.265973511402368
2025-10-17 08:00:00,177.71,178.61,175.55,175.55,96568,2025-10-17 08:59:59.999,17106062.1500,5528,48107,8544759.7600,0,25.863284002818915,-3.6900648453883207,-2.9517515240549095,-0.7383133213334112,195.71910866818627,186.006,176.29289133181373,2.9057142857142844,67308.25,-3.9135194307607977,181.23600000000002,4.963252965544469
2025-10-17 09:00:00,175.55,180.16,175.49,176.86,111298,2025-10-17 09:59:59.999,19821446.1700,5136,77583,13834516.5500,0,33.775868801249544,-3.923021874686043,-3.1460055941811365,-0.7770162805049066,194.4564229816359,185.06199999999998,175.66757701836406,2.828571428571426,70475.0,-4.652541916006251,179.20200000000003,3.9821062266073883
2025-10-17 10:00:00,176.86,177.95,174.69,176.94,71385,2025-10-17 10:59:59.999,12561662.8200,4677,36881,6499819.5400,0,37.59689922480621,-4.05444949735832,-3.327694374816573,-0.7267551225417468,193.30635283081307,184.214,175.12164716918693,2.7514285714285682,66762.9,-3.337885823545487,177.46800000000002,1.764162690906022
2025-10-17 11:00:00,176.94,182.29,176.2,181.36,167513,2025-10-17 11:59:59.999,30134786.8400,6018,132268,23770647.2900,0,41.690140845070424,-3.758622711776894,-3.4138800422086373,-0.34474266956825694,192.94666953285085,183.90699999999998,174.86733046714912,2.9857142857142827,68898.95,-1.8083378451542909,177.67800000000003,2.1965472906324726
2025-10-17 12:00:00,181.15,182.47,180.0,180.0,55865,2025-10-17 12:59:59.999,10119220.7100,4894,17268,3135579.7600,0,43.584350021034886,-3.59250631039032,-3.4496052958449734,-0.14290101454534643,191.78688755170282,183.333,174.87911244829718,2.9771428571428555,65479.45,-3.2933970880567323,178.142,2.4297366112369048
2025-10-17 13:00:00,180.0,181.56,178.34,180.6,86015,2025-10-17 13:59:59.999,15487678.4000,5075,37265,6724905.3000,0,40.97711267605635,-3.3735546419538025,-3.4343951650667393,0.06084052311293675,190.91164960916606,182.8905,174.86935039083394,3.077857142857141,66156.4,-2.6729898685061477,179.152,2.111710207387679
2025-10-17 14:00:00,180.6,181.45,176.72,178.06,120421,2025-10-17 14:59:59.999,21512497.6700,6169,49884,8928247.2600,0,33.06756189676878,-3.3661873274374727,-3.4207535975408856,0.05456627010341286,190.03935746036956,182.331,174.62264253963042,3.2671428571428556,67653.55,-4.719606164383558,179.392,1.8363333030758353
2025-10-17 15:00:00,178.06,182.2,177.85,182.2,64045,2025-10-17 15:59:59.999,11551746.4800,4595,43815,7922846.8100,0,43.8686131386861,-2.9917976955541974,-3.3349624171435477,0.3431647215893503,189.7741210736778,182.1825,174.5908789263222,3.412857142857141,66117.9,-2.535572911094474,180.444,1.5674437788915132
2025-10-17 16:00:00,182.13,184.69,181.86,182.25,114880,2025-10-17 16:59:59.999,21048347.4500,4479,73286,13438485.7400,0,41.14045158821279,-2.660389320767706,-3.2000477978683795,0.5396584771006734,189.7478295905173,182.16000000000003,174.57217040948274,3.4557142857142833,69008.8,-2.555739720900391,180.62199999999999,1.7386546523061326
2025-10-17 17:00:00,182.26,184.18,181.85,183.71,50605,2025-10-17 17:59:59.999,9277553.4500,3933,29791,5470386.0400,0,44.133672357428274,-2.25395382120621,-3.010829002535946,0.7568751813297361,189.53512021113733,182.071,174.60687978886267,3.5307142857142844,69888.55,-1.0236517429017864,181.36399999999998,2.149867437770529
2025-10-17 18:00:00,183.88,184.86,183.1,183.29,35478,2025-10-17 18:59:59.999,6521666.7800,3086,12240,2253070.6100,0,43.28786791098348,-1.943339639824103,-2.7973311299935775,0.8539914901694745,189.55451531167705,182.08300000000003,174.611484688323,3.577142857142856,70047.05,1.6527092230048193,181.902,2.2453440716260364
2025-10-17 19:00:00,183.29,183.86,181.5,181.79,36845,2025-10-17 19:59:59.999,6727731.3000,3570,11869,2170314.2000,0,43.163922691481716,-1.797492749675115,-2.5973634539298853,0.7998707042547704,189.30707579297572,181.9375,174.56792420702428,3.607857142857142,70229.65,2.313147230977029,182.648,0.8116772757607766
2025-10-17 20:00:00,181.79,183.76,181.44,183.6,42443,2025-10-17 20:59:59.999,7764876.6500,3215,32234,5899465.6000,0,56.728016359918186,-1.5183535309102467,-2.3815614693259577,0.863207938415711,188.96115465419734,181.811,174.66084534580267,3.335714285714285,70356.25,4.585588151523772,182.928,0.8586151640790617
2025-10-17 21:00:00,183.6,185.43,183.54,185.28,39870,2025-10-17 21:59:59.999,7364252.7900,3005,32379,5979446.9200,0,66.17021276595742,-1.1483344446390618,-2.1349160643885785,0.9865816197495167,188.91728118900642,181.797,174.67671881099358,3.238571428571429,70108.8,4.7608277733800675,183.53400000000002,1.243474969585916
2025-10-17 22:00:00,185.33,185.59,183.2,183.85,31541,2025-10-17 22:59:59.999,5804433.8100,2806,9583,1763404.4400,0,68.20175438596485,-0.9594210927721178,-1.8998170700652863,0.9403959772931685,188.43149633921078,181.64550000000003,174.85950366078927,3.1907142857142867,69801.9,3.905278625522774,183.56199999999998,1.2499879999370804
2025-10-17 23:00:00,183.84,183.94,181.75,181.88,26639,2025-10-17 23:59:59.999,4862145.2700,2539,6337,1157664.4600,0,60.69906223358903,-0.9576294798453375,-1.7113795520212967,0.7537500721759591,187.70838431946262,181.39249999999998,175.07661568053734,3.0135714285714306,70032.65,0.28672254080281306,183.28,1.4669185389743375
2025-10-18 00:00:00,181.93,183.33,181.78,182.74,21855,2025-10-18 00:59:59.999,3988240.5900,2238,10639,1944189.2900,0,61.963696369636956,-0.8767086494375462,-1.5444453715045465,0.6677367220670003,186.9562444975681,181.178,175.3997555024319,2.8914285714285746,70175.0,1.5222222222222273,183.46999999999997,1.2745979758287158
2025-10-18 01:00:00,182.78,184.68,181.79,184.54,20458,2025-10-18 01:59:59.999,3761569.3700,2273,11563,2126676.0300,0,57.354301572617885,-0.6597284130907894,-1.3675019798217953,0.7077735667310059,186.74769809735503,181.1245,175.501301902645,2.662857142857147,69615.45,2.1816168327796226,183.658,1.3647050963437914
2025-10-18 02:00:00,184.57,185.22,183.36,183.62,33397,2025-10-18 02:59:59.999,6150037.4200,2865,10339,1909760.4900,0,58.54579792256847,-0.5556016932937382,-1.205121922516184,0.6495202292224458,187.0063293338141,181.29000000000002,175.57367066618593,2.6192857142857173,66472.0,3.1225429630461656,183.32600000000002,1.0330924450341357
2025-10-18 03:00:00,183.61,185.26,183.04,184.73,29662,2025-10-18 03:59:59.999,5468440.3300,2763,13637,2518728.3100,0,59.52051636698939,-0.3791422781479241,-1.039925993642532,0.6607837154946079,187.29059003581068,181.64249999999998,175.9944099641893,2.547857142857146,62839.15,1.3885839736553245,183.502,1.205288347237565
2025-10-18 04:00:00,184.7,185.33,183.04,183.34,18157,2025-10-18 04:59:59.999,3338685.1300,2469,4405,811906.6100,0,62.85296981499514,-0.3474530807717997,-0.9014314110683855,0.5539783302965858,186.93652251015575,182.032,177.12747748984427,2.373571428571434,58918.6,0.5980795610425259,183.794,0.8336546047295336
2025-10-18 05:00:00,183.35,184.6,183.03,184.45,26816,2025-10-18 05:59:59.999,4937446.3700,2650,17713,3262447.4100,0,56.42490005711022,-0.23011877421751592,-0.7671688836982116,0.5370501094806956,186.77582559449112,182.4115,178.04717440550885,2.175000000000005,54694.5,0.4028087746992437,184.13600000000002,0.6153291801847792
2025-10-18 06:00:00,184.48,186.43,183.59,186.25,37392,2025-10-18 06:59:59.999,6935038.9800,2999,24471,4540504.7100,0,60.38421599169263,0.008021993297489871,-0.6121307082990713,0.6201527015965612,186.74148934462642,182.877,179.0125106553736,2.1757142857142924,52994.85,1.614927164602547,184.478,1.1440585649288193
2025-10-18 07:00:00,186.24,188.04,186.07,186.17,53373,2025-10-18 07:59:59.999,9987419.3100,3201,35194,6587219.3200,0,56.879194630872426,0.18812633259514655,-0.45207930012022773,0.6402056327153742,187.17818635629558,183.1175,179.05681364370443,2.1500000000000057,47287.85,2.4093734528851947,184.988,1.2310239640182317
2025-10-18 08:00:00,187.37,187.43,185.9,185.9,25347,2025-10-18 08:59:59.999,4727658.4900,2465,6192,1159419.7500,0,57.36040609137061,0.3055513695656771,-0.3005531661830467,0.6061045357487238,187.37566128468373,183.4125,179.44933871531626,2.133571428571433,45761.95,1.2527233115468472,185.222,1.2799492177376566
2025-10-18 09:00:00,185.83,186.39,185.25,185.82,38637,2025-10-18 09:59:59.999,7176577.1700,3184,13540,2518510.9000,0,62.35438381361131,0.38768720913452626,-0.1629050911195321,0.5505923002540584,187.5432220082388,183.6735,179.80377799176117,2.046428571428574,43393.05,0.29145077720206825,185.718,0.7312113237549133
2025-10-18 10:00:00,185.81,186.43,184.66,185.05,22005,2025-10-18 10:59:59.999,4083446.9700,2555,7567,1406247.2500,0,54.747871643745974,0.3861960611156121,-0.05308486067250324,0.43928092178811534,186.89098737426497,184.023,181.15501262573503,2.0071428571428607,38472.25,0.6527060103345211,185.838,0.4756784628164783
2025-10-18 11:00:00,185.05,185.86,184.6,185.86,22049,2025-10-18 11:59:59.999,4084089.6000,2517,8095,1502478.3600,0,52.013888888888935,0.44524207265371274,0.04658052599273999,0.39866154666097275,187.05119465618347,184.206,181.3608053438165,1.9621428571428612,36372.45,2.188255992962403,185.76000000000002,0.41994047195694256
2025-10-18 12:00:00,185.88,187.14,184.6,185.95,24930,2025-10-18 12:59:59.999,4642400.9700,2887,11908,2219924.5200,0,58.039816232771855,0.49360869625004966,0.13598616004420197,0.3576225362058477,187.1813208644011,184.391,181.60067913559888,1.9728571428571453,31874.95,1.756594068074849,185.71599999999998,0.3754064463849879
2025-10-18 13:00:00,185.95,187.15,184.78,185.12,54793,2025-10-18 13:59:59.999,10160349.3100,3823,22834,4236628.6000,0,63.59060402684579,0.4596667780289181,0.20072228364114525,0.25894449438777284,187.2506238012938,184.46149999999997,181.67237619870613,1.9857142857142887,32084.35,0.31429500379322234,185.56,0.43686382316156325
2025-10-18 14:00:00,185.17,185.8,183.97,185.64,36149,2025-10-18 14:59:59.999,6692876.7100,3007,18446,3420851.2300,0,62.52158894645946,0.4693172206979739,0.254441271052511,0.21487594964546286,187.3583062367957,184.579,181.79969376320432,2.0057142857142884,32117.9,1.1000980285371864,185.52400000000003,0.41704915775879725
2025-10-18 15:00:00,185.64,185.93,184.54,185.04,27032,2025-10-18 15:59:59.999,5008951.6500,2922,10061,1866548.1800,0,52.408477842003876,0.42366651657101784,0.2882863201562124,0.13538019641480542,187.19517415157395,184.7415,182.28782584842605,1.8985714285714315,31627.25,0.16781248308342028,185.522,0.4199047510892501
2025-10-18 16:00:00,185.03,185.44,183.23,184.17,40006,2025-10-18 16:59:59.999,7362582.8800,3863,10615,1954037.2100,0,52.66214908034844,0.3136704775372152,0.293363151632413,0.02030732590480222,187.18071293232978,184.76999999999998,182.35928706767018,1.9235714285714332,31505.4,0.45271081051597256,185.184,0.6796543238935356
2025-10-18 17:00:00,184.15,185.68,183.18,185.68,35547,2025-10-18 17:59:59.999,6571194.0000,3384,20114,3723179.0800,0,54.42684063373729,0.3443724927936671,0.30356501986466383,0.040807472929003274,187.22504241830495,184.79000000000002,182.3549575816951,1.9435714285714332,31289.25,0.6668473841149462,185.13000000000002,0.6108191221525099
2025-10-18 18:00:00,185.68,185.99,185.2,185.72,30375,2025-10-18 18:59:59.999,5637292.9900,3573,15066,2797278.2800,0,62.68656716417916,0.36769318858952715,0.31639065360963653,0.051302534979890624,187.31016134084564,184.88349999999997,182.4568386591543,1.836428571428576,31230.95,-0.2845637583892624,185.24999999999997,0.6649060083855615
2025-10-18 19:00:00,185.72,187.47,184.68,186.23,20880,2025-10-18 19:59:59.999,3879193.8600,2714,8005,1489515.1900,0,60.136674259681165,0.42245791391528087,0.33760410567076543,0.08485380824451544,187.14355670539013,185.101,183.05844329460987,1.9235714285714332,30943.0,0.032228608261267805,185.368,0.7916880698780795
2025-10-18 20:00:00,186.23,187.5,186.0,186.68,21499,2025-10-18 20:59:59.999,4017911.8500,3094,11515,2153540.0500,0,52.893674293405184,0.4964478506924195,0.3693728546750963,0.1270749960173232,187.13102568391508,185.298,183.46497431608492,1.827857142857147,30925.2,0.4195804195804202,185.696,0.946430134762964
2025-10-18 21:00:00,186.67,187.5,185.7,187.06,21694,2025-10-18 21:59:59.999,4043681.2500,2726,8312,1549491.4400,0,55.75679172056935,0.5790730393273122,0.4113128916055395,0.16776014772177272,187.3799614677073,185.424,183.46803853229272,1.815714285714291,30987.0,0.6673124529114245,186.274,0.6008993260003844
2025-10-18 22:00:00,187.05,187.61,186.78,187.18,13038,2025-10-18 22:59:59.999,2440707.0700,2295,3837,719222.1700,0,58.44327176781009,0.6467814003451338,0.45840659335345846,0.1883748069916753,187.5141726414015,185.602,183.6898273585985,1.7657142857142918,29969.05,1.1510402593893516,186.574,0.6046321195469735
2025-10-18 23:00:00,187.18,187.71,186.73,187.48,28024,2025-10-18 23:59:59.999,5248139.4500,2551,12016,2254084.0700,0,60.64102564102571,0.7163901572637315,0.510003306135513,0.20638685112821842,187.77891658324097,185.7395,183.700083416759,1.7542857142857227,29887.15,0.8716238028623566,186.926,0.48330114834130633
2025-10-19 00:00:00,187.43,187.76,185.28,185.65,28260,2025-10-19 00:59:59.999,5264855.1400,3379,4975,929049.6200,0,53.38600451467268,0.6167800362493381,0.531358652158278,0.08542138409106004,187.55576762854724,185.855,184.15423237145274,1.8050000000000068,30392.3,-0.1613336918526394,186.81,0.7090133990186357
2025-10-19 01:00:00,185.68,185.74,184.68,185.7,23937,2025-10-19 01:59:59.999,4433675.7400,2751,9987,1852015.3600,0,49.01234567901218,0.5356976903121335,0.5322264597890491,0.003471230523084401,187.48773464555583,185.9175,184.34726535444415,1.7907142857142913,30248.35,0.313310285220389,186.61399999999998,0.8709075725861315
2025-10-19 02:00:00,185.71,185.8,184.82,185.7,14420,2025-10-19 02:59:59.999,2675537.5700,2606,3703,687631.1800,0,48.439450686641685,0.46606681881934264,0.5189945315951079,-0.052927712775765245,187.45497183428452,185.89000000000001,184.3250281657155,1.6792857142857218,29099.75,0.032320620555915905,186.342,0.9083611616464811
2025-10-19 03:00:00,185.69,186.96,184.77,186.94,24687,2025-10-19 03:59:59.999,4594563.0600,3021,15525,2892130.3300,0,60.807600950118776,0.5051187933605945,0.5162193839482052,-0.011100590587610704,187.55898943249326,185.92849999999999,184.2980105675067,1.6664285714285785,27665.45,1.0268050151318664,186.29399999999998,0.8579510475474218
2025-10-19 04:00:00,186.96,187.02,186.15,186.67,30554,2025-10-19 04:59:59.999,5700568.0000,2950,15754,2941072.0100,0,56.30354957160344,0.5084202686467165,0.5146595608879074,-0.006239292241190908,187.63068139662386,185.96699999999998,184.3033186033761,1.5978571428571493,27925.8,1.3574414942715969,186.132,0.6220691279814873
2025-10-19 05:00:00,186.67,187.47,186.1,186.41,30132,2025-10-19 05:59:59.999,5625229.5000,1787,7091,1326160.3600,0,58.74840357598983,0.48447219066707703,0.5086220868437413,-0.0241498961766643,187.67010027925895,185.99650000000003,184.3228997207411,1.596428571428577,27500.55,0.3931495045239066,186.28400000000002,0.5650929127034956
2025-10-19 06:00:00,186.41,187.5,185.28,185.55,15173,2025-10-19 06:59:59.999,2824279.5400,556,1944,364275.5800,0,58.8235294117649,0.39158441229963614,0.4852145519349203,-0.09363013963528416,187.64989636969653,186.0215,184.39310363030347,1.597142857142862,27158.95,-0.09153564505706843,186.254,0.6063249953512544
2025-10-19 07:00:00,185.56,187.48,184.98,185.61,8205,2025-10-19 07:59:59.999,1528820.4000,424,4012,751128.9500,0,49.450549450549495,0.3191329117291559,0.4519982238937674,-0.1328653121646115,187.6464293074331,186.009,184.37157069256688,1.597142857142862,26466.75,-0.3329216560167407,186.236,0.6278375585991032
2025-10-19 08:00:00,185.84,187.51,184.0,184.01,24614,2025-10-19 08:59:59.999,4564678.2900,634,7532,1408881.6600,0,39.218158890289956,0.13109674562198848,0.38781792823941164,-0.25672118261742316,187.7780354822594,185.91199999999998,184.04596451774054,1.7914285714285743,26450.95,-1.4302549817870236,185.65,1.039134255035133
2025-10-19 09:00:00,187.5,187.55,183.5,187.55,18637,2025-10-19 09:59:59.999,3451781.2900,466,6502,1217083.0000,0,56.02189781021907,0.26467414544435997,0.3631891716804013,-0.09851502623604136,187.99633656182064,186.0335,184.07066343817937,1.8814285714285757,24643.15,0.26194803806265854,185.82600000000002,1.2974898843488265
2025-10-19 10:00:00,187.54,207.4,187.31,188.87,14693,2025-10-19 10:59:59.999,2779905.8400,515,5952,1132320.4200,0,59.25612848689772,0.47161171914595457,0.384873681173512,0.08673803797244256,188.51968220804912,186.195,183.87031779195087,3.209285714285719,23570.35,0.9028742387007146,186.31799999999998,1.9005578128506833
2025-10-19 11:00:00,189.0,207.0,188.79,188.95,7369,2025-10-19 11:59:59.999,1398644.1000,280,1078,207230.2600,0,58.19601040763222,0.6347495706882569,0.434848859076461,0.1999007116117959,188.95180291679418,186.3905,183.82919708320583,4.381428571428576,22587.2,0.7840836355877954,186.998,2.1490742192832895
2025-10-19 12:00:00,194.74,206.99,188.2,188.61,9976,2025-10-19 12:59:59.999,1915684.4600,297,1566,306805.2200,0,56.085106382978786,0.7282080062763043,0.49352068851642966,0.23468731775987467,189.13278298327575,186.6125,184.09221701672428,5.664285714285719,21085.7,1.5943980608672277,187.598,2.0824312713720885
2025-10-19 13:00:00,188.7,201.0,187.94,190.27,15760,2025-10-19 13:59:59.999,3024827.3200,338,5384,1054388.9300,0,60.640732265446346,0.9255534130041383,0.5799272334139715,0.34562617959016684,189.80228163667263,186.842,183.8817183633274,6.527142857142861,20096.35,2.460958535271956,188.85,0.9713907555607726
2025-10-19 14:00:00,190.56,200.99,190.0,191.44,10876,2025-10-19 14:59:59.999,2103002.9800,272,4210,829424.8300,0,73.25301204819282,1.1629544762464832,0.6965326819804739,0.46642179426600927,190.67830969738824,187.128,183.57769030261173,7.135000000000005,19121.4,3.0910070005385077,189.62800000000001,1.2006331662873881
2025-10-19 15:00:00,191.44,200.99,189.79,200.99,8038,2025-10-19 15:59:59.999,1543281.0800,324,1331,265789.1100,0,84.82915717539869,2.0975227796254785,0.976730701509475,1.1207920781160035,194.9790433193648,187.866,180.75295668063524,7.85928571428572,18479.3,7.515780464320108,192.052,5.12122251029873
2025-10-19 16:00:00,190.05,200.99,190.0,191.02,11638,2025-10-19 16:59:59.999,2284267.5600,280,7635,1521711.8300,0,58.33333333333337,2.0105033845009928,1.1834852381077787,0.827018146393214,195.3076277631302,188.083,180.8583722368698,8.57428571428572,17986.25,2.330315530079832,192.466,4.88603417916725
2025-10-19 17:00:00,191.01,200.99,189.93,190.0,20249,2025-10-19 17:59:59.999,3905680.8200,459,4414,876750.6400,0,54.82649842271294,1.8380465548793836,1.3143975014620999,0.5236490534172837,195.48655565678388,188.23,180.9734443432161,9.207857142857149,17914.0,1.9258623464406437,192.744,4.645409562136662
2025-10-19 18:00:00,190.07,200.0,189.09,189.77,27250,2025-10-19 18:59:59.999,5213948.6400,505,4702,934036.9400,0,54.89576753000635,1.6636368273425148,1.384245366638183,0.27939146070433174,195.6295871637432,188.3595,181.0894128362568,9.925000000000006,18624.6,2.274319590406898,192.644,4.716813543059624
2025-10-19 19:00:00,189.82,200.0,188.54,188.69,16921,2025-10-19 19:59:59.999,3217846.3900,439,2796,549868.9400,0,53.50985221674878,1.4218783590178532,1.3917719651141172,0.03010639390373604,195.67940116422565,188.42000000000002,181.16059883577438,10.645714285714291,18069.45,1.6593933516513033,192.094,5.0414610977364935
2025-10-19 20:00:00,188.69,199.99,188.45,189.66,4025,2025-10-19 20:59:59.999,771603.5900,250,1459,286979.6000,0,56.30561521939243,1.2936416290310149,1.3721458978974967,-0.07850426886648187,195.77857229268963,188.6205,181.46242770731035,11.311428571428578,16857.7,3.0704852997119754,189.828,0.8332286600864145
2025-10-19 21:00:00,189.66,199.99,188.37,188.9,4803,2025-10-19 21:59:59.999,924377.1100,214,1621,322961.3100,0,54.9414238510063,1.117802121160679,1.3212771425501333,-0.20347502138945428,195.80552736462198,188.78050000000002,181.75547263537806,11.96285714285715,15901.0,0.7198080511863473,189.404,0.574134130660444
2025-10-19 22:00:00,189.11,199.99,188.34,189.96,956,2025-10-19 22:59:59.999,180964.3600,100,44,8687.8900,0,59.083969465648885,1.051856043813018,1.2673929228027103,-0.21553687898969232,195.88226514791737,188.99349999999998,182.1047348520826,12.544285714285722,15227.8,0.5771165351829318,189.39600000000002,0.5639414863168166
2025-10-19 23:00:00,189.96,199.33,187.08,187.71,14533,2025-10-19 23:59:59.999,2747197.4000,362,1027,203582.2100,0,50.25429116338207,0.808714746246693,1.175657287491507,-0.36694254124481396,195.88093414681234,189.032,182.18306585318768,13.130000000000008,14720.1,-0.6562582693834246,188.984,0.8840418542066196
2025-10-20 00:00:00,187.71,199.98,184.31,185.31,32827,2025-10-20 00:59:59.999,6132974.2000,343,3820,748788.9500,0,44.529809465273495,0.4175503137234955,1.0240358927379047,-0.6064855790144092,195.93754821714495,188.964,181.99045178285505,12.81428571428572,14833.75,-1.749642118657553,188.308,1.8876625757769476
2025-10-20 01:00:00,184.34,199.5,184.34,185.59,2757,2025-10-20 01:59:59.999,514211.1100,101,251,48502.3100,0,44.86866218692733,0.12866022768704966,0.8449607597277337,-0.716300532040684,195.96903837926735,188.923,181.87696162073266,12.596428571428577,13465.0,-2.459662584747993,187.494,2.0309923682743425
2025-10-20 02:00:00,185.6,199.5,184.84,186.53,4939,2025-10-20 02:59:59.999,921399.6400,195,394,78333.3500,0,46.880623875224934,-0.024158617243955405,0.6711368843333958,-0.6952955015773512,195.932382929575,188.972,182.01161707042502,12.301428571428575,12953.3,-2.56477225240284,187.02,1.8926700716153597
2025-10-20 03:00:00,186.75,199.5,186.45,190.86,5799,2025-10-20 03:59:59.999,1097314.8300,175,4343,822207.8600,0,50.819216884198845,0.20179993578400968,0.5772694946235186,-0.37546955883950894,196.05561728770553,189.2345,182.41338271229446,12.30071428571429,12833.0,-5.040051743867852,187.2,2.2510442021401045
2025-10-20 04:00:00,199.5,199.5,190.86,192.12,10130,2025-10-20 04:59:59.999,1952050.7900,653,2416,474843.3400,0,50.94182825484766,0.47704609629550987,0.5572248149579169,-0.080178718662407,196.1085213473449,189.64000000000001,183.17147865265514,12.132857142857146,12108.8,0.5758559313160896,188.082,3.175117320665309
2025-10-20 05:00:00,199.49,199.5,191.62,192.71,20945,2025-10-20 05:59:59.999,4059956.3400,946,4982,991683.3400,0,34.745762711864415,0.7343239018666452,0.5926446323396626,0.14167926952698262,196.4268657836608,189.898,183.3691342163392,11.895714285714288,12224.2,1.4263157894736884,189.562,3.2828295721814857
2025-10-20 06:00:00,198.86,199.5,192.95,193.99,17922,2025-10-20 06:59:59.999,3474626.6500,2272,5596,1091810.4800,0,58.04878048780487,1.0296347307115354,0.6800426520140372,0.3495920786974982,196.91068682433263,190.15400000000002,183.39731317566742,11.595714285714285,12385.65,2.223744532855561,191.24200000000002,2.864711154722188
2025-10-20 07:00:00,193.99,194.01,192.81,192.98,32546,2025-10-20 07:59:59.999,6296876.2500,3773,8629,1672123.4400,0,58.080260303687595,1.168700084015029,0.7777741384142357,0.3909259456007933,197.20079027488046,190.3555,183.51020972511955,10.891428571428571,13644.5,2.273570406486826,192.532,1.1536333906358862
2025-10-20 08:00:00,192.91,194.0,192.26,192.9,26815,2025-10-20 08:59:59.999,5176225.8500,3936,7072,1367350.2700,0,58.55658829961725,1.257954134791106,0.87381013768961,0.38414399710149605,197.4537413327962,190.57,183.6862586672038,10.236428571428572,14486.45,1.7083201518506852,192.94,0.676572242994174
2025-10-20 09:00:00,192.89,193.98,192.67,193.11,19823,2025-10-20 09:59:59.999,3825411.2500,3273,4251,821693.4400,0,62.68656716417914,1.330298999247674,0.9651079100012229,0.36519108924645105,197.68625823258228,190.712,183.7377417674177,9.51142857142857,14689.6,2.2286924298570714,193.138,0.4978654436594406
2025-10-20 10:00:00,193.11,193.9,191.44,191.54,43342,2025-10-20 10:59:59.999,8341644.5200,4958,10795,2078068.4400,0,55.216426193118735,1.2465771808105899,1.0214017641630964,0.22517541664749352,197.69359877922767,190.717,183.74040122077236,8.862857142857141,16312.9,0.8317540534849357,192.904,0.8786523772176156
2025-10-20 11:00:00,191.57,192.07,190.98,192.07,20378,2025-10-20 11:59:59.999,3902188.6900,4124,6878,1318386.3500,0,58.90949971894317,1.2090563580372304,1.058932682937923,0.15012367509930735,195.3703122343275,190.27100000000002,185.17168776567252,8.110714285714284,16929.9,2.3227318736348543,192.52,0.6831910420885744
2025-10-20 12:00:00,192.07,192.52,190.86,192.52,24399,2025-10-20 12:59:59.999,4680708.8600,3635,7970,1530760.3300,0,57.45052386495924,1.2017787178810408,1.0875018899265467,0.11427682795449412,195.53503053515215,190.346,185.15696946484786,7.397142857142855,17567.95,3.8907776158868965,192.428,0.6350354320745031
2025-10-20 13:00:00,192.52,192.81,191.52,192.3,21718,2025-10-20 13:59:59.999,4177115.6300,3405,9176,1766653.5200,0,65.14851485148509,1.1648315215435048,1.1029678162499383,0.06186370529356644,195.71922823872558,190.461,185.20277176127445,6.614285714285712,17641.4,3.6154965245972344,192.308,0.5776417574847018
2025-10-20 14:00:00,192.35,192.81,190.71,191.3,25515,2025-10-20 14:59:59.999,4883585.2500,2879,5741,1099472.6400,0,71.78181818181812,1.0428377748797004,1.0909418079758908,-0.04810403309619038,195.79791773406322,190.5375,185.27708226593677,5.644999999999998,17554.65,2.557229400096505,191.946,0.5129132480155831
2025-10-20 15:00:00,191.36,192.2,190.45,190.45,25420,2025-10-20 15:59:59.999,4860863.9300,2800,4738,909375.7500,0,66.96927374301661,0.8675681696601885,1.0462670803127503,-0.17869891065256183,195.81418191355039,190.62550000000002,185.43681808644965,4.687142857142855,17979.6,-0.21481714345594938,191.728,0.8496881780923097
2025-10-20 16:00:00,190.45,190.47,186.7,187.44,68218,2025-10-20 16:59:59.999,12862908.9800,4903,13078,2461711.4500,0,52.77608297742524,0.4802479015291965,0.9330632445560395,-0.452815343026843,195.88204957322773,190.5145,185.14695042677226,3.9092857142857134,21189.25,-2.43597751405372,190.802,2.0536844937793015
2025-10-20 17:00:00,187.44,188.22,185.58,187.54,65544,2025-10-20 17:59:59.999,12243004.3900,4963,35276,6595551.6400,0,36.348684210526294,0.17929614841767716,0.782309825328367,-0.6030136769106899,195.9333043618547,190.44650000000001,184.95969563814532,3.1657142857142833,24226.3,-2.6827876083233955,189.80599999999998,2.213567256712391
2025-10-20 18:00:00,187.57,188.17,187.14,188.17,21224,2025-10-20 18:59:59.999,3983277.6800,3829,8921,1676354.5900,0,32.870771899392906,-0.0082791128340034,0.6241920376958929,-0.6324711505298963,195.93485886104057,190.357,184.77914113895943,2.6221428571428556,25239.7,-3.000154647146771,188.98000000000002,1.7779623168079073
2025-10-20 19:00:00,188.11,189.1,187.13,188.74,22076,2025-10-20 19:59:59.999,4153399.8700,3504,9248,1742487.9300,0,32.7541268462208,-0.10967535326955158,0.47741855950280404,-0.5870939127723556,195.90183481306445,190.4085,184.91516518693555,2.199999999999999,25616.85,-2.1971188724220028,188.468,1.225671244660967
2025-10-20 20:00:00,188.74,190.27,188.05,190.27,20725,2025-10-20 20:59:59.999,3923812.4100,3509,13078,2478020.6700,0,34.18367346938787,-0.0658157085593416,0.3687717058903749,-0.4345874144497165,195.60111653028662,190.6565,185.71188346971337,1.8735714285714278,25011.75,-1.3634007257646426,188.432,1.1534166636514218
2025-10-20 21:00:00,190.28,190.95,188.8,188.89,29996,2025-10-20 21:59:59.999,5694071.9000,3535,12117,2306340.0300,0,33.14097279472392,-0.14078817257768605,0.26685973019676273,-0.4076479027744488,195.2472727246811,190.8215,186.39572727531888,1.94142857142857,26373.7,-2.1852829993268226,188.722,1.015711573227788
2025-10-20 22:00:00,188.89,190.75,188.75,190.65,16429,2025-10-20 22:59:59.999,3123582.8800,2755,8281,1574806.1700,0,41.85372918175242,-0.05752399854560508,0.20198298444828916,-0.25950698299389424,194.96929160441502,191.0275,187.085708395585,1.9599999999999977,26948.2,-0.46465490237025503,189.344,1.0621111052941041
2025-10-20 23:00:00,190.66,190.78,189.49,189.64,13730,2025-10-20 23:59:59.999,2610458.4700,2779,3020,575010.8300,0,38.12457221081452,-0.07220279098714855,0.14714582936120163,-0.21934862034835018,194.9566683119763,190.9665,186.9763316880237,1.9585714285714257,27344.75,-1.2651637423855921,189.63799999999998,0.8350868218270149
2025-10-21 00:00:00,189.56,190.78,188.71,189.02,25023,2025-10-21 00:59:59.999,4735537.9800,2980,6586,1247278.2200,0,40.77598828696937,-0.13233913502554628,0.09124883648385204,-0.22358797150939833,194.8535071876814,190.8115,186.7694928123186,1.9307142857142818,28089.4,-1.8179929357988778,189.69400000000002,0.7663745820348989
2025-10-21 01:00:00,189.02,189.16,186.45,186.65,34286,2025-10-21 01:59:59.999,6434418.7000,3492,4488,843133.8300,0,32.516129032258206,-0.3670061950553247,-0.00040216982398333395,-0.3666040252313414,194.8488190520616,190.5085,186.1681809479384,2.0464285714285677,28756.45,-2.9381175247009907,188.96999999999997,1.4716147593677276
2025-10-21 02:00:00,186.65,186.71,185.64,186.08,27779,2025-10-21 02:59:59.999,5172940.0200,3075,8530,1589818.2900,0,29.385403329065397,-0.5921498324569541,-0.11875170235057753,-0.47339813010637655,194.55785793982974,190.113,185.66814206017025,2.0042857142857122,29249.3,-2.7286983795086246,188.408,1.9639933808413852
2025-10-21 03:00:00,186.08,186.65,185.48,185.48,19639,2025-10-21 03:59:59.999,3655423.3000,2459,5992,1116991.6900,0,28.687500000000043,-0.8096595217891718,-0.25693326623829643,-0.5527262555508754,194.42341117669955,189.738,185.05258882330045,1.9957142857142856,28603.95,-2.6096088212129165,187.374,1.8459360768966335
2025-10-21 04:00:00,185.72,185.98,183.19,183.62,46069,2025-10-21 04:59:59.999,8479530.5300,4007,10578,1947885.7000,0,27.2241992882563,-1.1192222752911505,-0.42939106804886734,-0.6898312072422832,194.45296311508125,189.27399999999997,184.0950368849187,2.0449999999999995,29566.65,-2.0379854886897104,186.17000000000002,1.9582900704411161
2025-10-21 05:00:00,183.34,184.31,182.97,183.73,18955,2025-10-21 05:59:59.999,3481400.7300,3770,5341,982493.7900,0,29.156327543424354,-1.3402275975472264,-0.6115583739485393,-0.7286692235986871,194.21502383495124,188.805,183.39497616504877,2.0157142857142856,29523.25,-2.0315665991255214,185.11200000000002,1.376034156548443
2025-10-21 06:00:00,183.73,184.8,182.95,184.37,33027,2025-10-21 06:59:59.999,6087264.4100,3662,19403,3579037.9600,0,38.83636363636371,-1.4470525355251311,-0.7786572062638577,-0.6683953292612734,194.0405429782143,188.44650000000001,182.85245702178574,1.8785714285714294,29007.5,-2.0194504968911002,184.656,1.0861997974534172
2025-10-21 07:00:00,184.37,185.04,183.6,184.88,27268,2025-10-21 07:59:59.999,5034894.9200,3527,17161,3171349.3600,0,40.6073446327684,-1.4735728996328419,-0.9176403449376547,-0.5559325546951872,193.62440619499995,188.087,182.54959380500003,1.7928571428571445,29352.0,-2.0451414644484545,184.416,0.783217721957165
2025-10-21 08:00:00,184.87,185.08,183.74,184.15,16498,2025-10-21 08:59:59.999,3039067.2500,3315,4147,765330.2100,0,35.904628330995905,-1.5357917273567239,-1.0412706214214686,-0.4945211059352552,193.05843711514942,187.6685,182.27856288485057,1.8150000000000017,28956.95,-3.2164818415935272,184.15,0.5095586325318235
2025-10-21 09:00:00,184.15,184.49,183.7,184.28,17328,2025-10-21 09:59:59.999,3190075.0900,3309,9717,1789480.5200,0,33.86396526772792,-1.5566664017574396,-1.1443497774886628,-0.4123166242687768,192.39347872554487,187.26749999999998,182.1415212744551,1.730714285714289,28737.45,-2.4405738789771747,184.28199999999998,0.41457206850889033
2025-10-21 10:00:00,184.28,186.45,183.69,185.82,51382,2025-10-21 10:59:59.999,9522782.9600,4094,35433,6570652.9000,0,33.91178597252345,-1.4324324127350962,-1.2019663045379496,-0.23046610819714664,191.78696166531492,186.99349999999998,182.20003833468505,1.769285714285717,30030.8,-2.533438237608189,184.7,0.6845801633029086
2025-10-21 11:00:00,185.97,186.59,185.09,186.19,24388,2025-10-21 11:59:59.999,4532889.0900,3853,7439,1385019.7000,0,39.46957878315137,-1.2892584052362963,-1.219424724677619,-0.06983368055867722,191.29790249071957,186.7805,182.2630975092804,1.7228571428571473,29979.2,-1.8192364480067436,185.064,0.911498765763246
2025-10-21 12:00:00,186.19,187.62,185.2,186.55,41310,2025-10-21 12:59:59.999,7717607.6800,4181,28471,5323280.5400,0,32.0490367775832,-1.13367468534139,-1.2022747168103733,0.06860003146898341,191.24357210877332,186.73600000000002,182.22842789122672,1.7528571428571484,28633.8,-1.3067400275103158,185.398,1.1112920408191531
2025-10-21 13:00:00,186.55,187.65,184.2,185.01,65359,2025-10-21 13:59:59.999,12128797.5100,5238,19602,3640209.4300,0,30.627615062761507,-1.1217082417161635,-1.1861614217915315,0.06445318007536804,191.16382923017684,186.60949999999997,182.0551707698231,1.9071428571428644,28624.55,-0.8786498794535306,185.57,0.9199184746422053
2025-10-21 14:00:00,185.0,192.22,184.2,192.14,173269,2025-10-21 14:59:59.999,32733147.7900,4602,157288,29721994.8600,0,58.45070422535204,-0.5307748942409489,-1.055084116281415,0.5243092220404661,191.9560669852103,186.80800000000002,181.65993301478974,2.3321428571428657,36226.8,3.256663800515893,187.142,2.85174858639194
2025-10-21 15:00:00,192.22,196.77,192.04,195.54,88695,2025-10-21 15:59:59.999,17275968.4000,1693,74754,14562721.1100,0,72.80656747049764,0.20948086112267106,-0.8021711208005978,1.011651981923269,193.57312371373843,187.148,180.72287628626157,2.4764285714285807,39557.75,5.423765365538065,189.08599999999998,4.539078100230154
2025-10-21 16:00:00,196.0,197.15,192.86,192.86,50502,2025-10-21 16:59:59.999,9858545.1600,1068,11931,2348282.7500,0,65.69444444444446,0.573276898958909,-0.5270815168486964,1.1003584158076054,194.0619276025866,187.2775,180.4930723974134,2.7064285714285785,41046.6,5.032131576081042,190.42000000000002,4.454531400718761
2025-10-21 17:00:00,192.89,195.12,192.12,195.07,33244,2025-10-21 17:59:59.999,6440239.5300,1060,19034,3690701.7800,0,70.65919862128398,1.0280655109506824,-0.21605211128882054,1.244117622239503,195.19326229624545,187.5865,179.97973770375455,2.837142857142863,41209.0,6.172100364665544,192.12399999999997,4.227851700330793
2025-10-21 18:00:00,195.07,195.34,193.61,194.1,15601,2025-10-21 18:59:59.999,3033011.8500,627,4955,966568.3000,0,73.47670250896059,1.2952866113892583,0.08621563324679532,1.209070978142463,195.80222506670592,187.759,179.71577493329406,2.7614285714285773,41167.6,5.277431252372939,193.94199999999998,1.4377830156148255
2025-10-21 19:00:00,194.18,195.14,193.1,194.0,24751,2025-10-21 19:59:59.999,4795890.0500,964,6977,1353928.0800,0,73.01658449125958,1.4819095634549342,0.36535441928842316,1.1165551441665111,196.45924672322653,187.977,179.49475327677348,2.8114285714285763,41718.65,4.932929467762876,194.314,1.0408073789085792
2025-10-21 20:00:00,194.07,194.37,190.89,191.4,36917,2025-10-21 20:59:59.999,7097867.6500,1029,6889,1325517.7200,0,64.48290070045326,1.4038288613587895,0.5730493077024965,0.830779553656293,196.7056797421949,188.096,179.48632025780512,2.9278571428571474,42313.35,3.937007874015748,193.48600000000002,1.4047704438769875
2025-10-21 21:00:00,191.4,191.75,188.89,191.02,60726,2025-10-21 21:59:59.999,11537553.6900,1500,21927,4167525.0100,0,62.717481358740734,1.2963430820941824,0.7177080625808337,0.5786350195133486,196.99121166186598,188.3145,179.63778833813404,3.02928571428572,43635.35,3.657477751248105,193.118,1.7962238167862747
2025-10-21 22:00:00,191.02,191.15,188.45,189.35,26130,2025-10-21 22:59:59.999,4958381.8600,1027,6089,1160621.2200,0,60.36682615629982,1.0641380632162623,0.7869940627079196,0.27714400050834265,197.10049103095798,188.478,179.85550896904203,3.1264285714285784,43552.9,1.8996878699817032,191.974,2.046308872088962
2025-10-21 23:00:00,188.51,189.38,185.5,185.5,43328,2025-10-21 23:59:59.999,8108721.5000,1071,5962,1114684.8400,0,52.11805555555555,0.5629616175060903,0.7421875736675538,-0.17922595616146353,197.10003156606916,188.47899999999998,179.8579684339308,3.3471428571428623,44737.35,-0.37058918309253863,190.254,3.136491670639283
2025-10-22 00:00:00,185.5,186.01,184.28,185.45,31796,2025-10-22 00:59:59.999,5881728.7400,985,9410,1743859.2600,0,49.322592456975464,0.15989788804648697,0.6257296365433405,-0.4658317484968535,197.01135172803907,188.5705,180.12964827196095,3.2735714285714335,44023.7,-0.5896542481908457,188.544,2.905844111439774
2025-10-22 01:00:00,185.45,186.33,185.45,186.33,19711,2025-10-22 01:59:59.999,3663372.7300,830,17528,3257113.6800,0,50.2516175413372,-0.08751555113752829,0.4830805990071667,-0.570596150144695,196.90421283081812,188.7005,180.49678716918189,3.2292857142857208,44061.5,0.7134749473001576,187.53,2.5189184186846796
2025-10-22 02:00:00,186.33,187.19,185.72,185.92,25796,2025-10-22 02:59:59.999,4813277.7500,2042,16605,3102644.8900,0,48.869752421959056,-0.3130672137331203,0.3238510364591093,-0.6369182501922296,196.83747784647977,188.778,180.7185221535202,3.161428571428577,43699.95,-3.2372228583324656,186.51,1.6270986448241602
2025-10-22 03:00:00,185.92,185.95,184.45,185.15,33808,2025-10-22 03:59:59.999,6261748.5600,4789,7865,1457451.9700,0,50.25830258302586,-0.5476382631885315,0.1495531765295811,-0.6971914397181126,196.82434645099525,188.7915,180.75865354900478,3.0221428571428612,44026.95,-5.313490845862733,185.67000000000002,0.45983692760408307
2025-10-22 04:00:00,185.12,186.15,184.92,186.1,67419,2025-10-22 04:59:59.999,12505000.5200,3668,30801,5719212.2200,0,35.564053537284906,-0.6493946322697184,-0.010236385230278837,-0.6391582470394396,196.72967639402324,188.889,181.04832360597678,2.537142857142862,46573.0,-3.505133257285087,185.79,0.482130687665077
2025-10-22 05:00:00,186.11,186.18,183.93,184.46,23238,2025-10-22 05:59:59.999,4292182.1500,592,1951,362860.6700,0,21.08559498956157,-0.8525439854556112,-0.17869790527534538,-0.6738460801802658,196.71678332169287,188.898,181.07921667830712,2.3600000000000034,46868.5,-5.4390731532270395,185.592,0.7725088996175655
2025-10-22 06:00:00,184.48,186.27,183.58,184.07,9929,2025-10-22 06:59:59.999,1835013.9900,694,4067,756833.0500,0,23.94783639596912,-1.0331020942427926,-0.3495787430688349,-0.6835233511739578,196.81136699249416,188.8105,180.80963300750582,2.2457142857142895,44795.85,-5.167439464193715,185.14,0.8856353651408746
2025-10-22 07:00:00,186.27,186.37,183.47,184.88,24391,2025-10-22 07:59:59.999,4495319.5400,4294,10697,1972725.1600,0,17.065287653523015,-1.0981763721331106,-0.49929826888169015,-0.5988781032514204,196.8568743372393,188.745,180.6331256627607,2.238571428571433,44796.0,-4.7010309278350535,184.932,0.7714078039455861
2025-10-22 08:00:00,184.88,185.01,184.12,184.58,35133,2025-10-22 08:59:59.999,6486146.5700,5831,14816,2737397.9500,0,17.837837837837924,-1.1605772864672872,-0.6315540723988097,-0.5290232140684775,196.91689176822982,188.6465,180.3761082317702,2.178571428571433,44487.15,-3.563218390804594,184.818,0.7732528693694654
2025-10-22 09:00:00,184.58,184.98,183.32,183.92,25663,2025-10-22 09:59:59.999,4723823.5900,5171,7277,1341001.4000,0,17.187500000000043,-1.2488905123819052,-0.7550213603954289,-0.4938691519864763,196.9768650618401,188.592,180.20713493815992,2.1514285714285757,42502.35,-3.7168882839493365,184.382,0.3886129179375971
2025-10-22 10:00:00,183.91,184.45,183.15,183.44,22617,2025-10-22 10:59:59.999,4155806.9000,3826,3726,686622.2400,0,19.93957703927498,-1.3421400140257447,-0.8724450911214923,-0.4696949229042524,196.66858492260633,188.15699999999998,179.64541507739364,1.9957142857142876,34969.75,-3.121204119355689,184.178,0.5650840645319168
2025-10-22 11:00:00,183.46,185.61,182.4,184.74,77902,2025-10-22 11:59:59.999,14351750.6000,3918,55854,10293433.2100,0,27.82485875706223,-1.2961999937863027,-0.9571960716544545,-0.33900392213184816,195.5038153802474,187.617,179.73018461975258,2.0207142857142872,34430.1,-0.4097035040431218,184.312,0.6106717612498127
2025-10-22 12:00:00,184.74,186.63,184.45,185.59,43468,2025-10-22 12:59:59.999,8079293.9100,3901,31571,5871172.3000,0,35.90704647676168,-1.1776293227293877,-1.0012827218694411,-0.17634660085994658,194.7849897526809,187.25349999999997,179.72201024731905,1.9835714285714292,34078.4,0.07549204637369361,184.454,0.8218150643471981
2025-10-22 13:00:00,185.59,186.41,184.29,186.4,43339,2025-10-22 13:59:59.999,8027913.3400,3782,17531,3254496.3600,0,54.36893203883497,-1.00669641152831,-1.0023654598012148,-0.004330951727095078,193.39440331493046,186.82,180.24559668506953,1.8578571428571442,34583.15,0.037567756131590815,184.818,1.2052053766840265
2025-10-22 14:00:00,186.35,186.42,181.99,184.88,70811,2025-10-22 14:59:59.999,13003609.9400,4464,21968,4039069.1400,0,47.57858963466444,-0.9825558524787255,-0.9984035383367169,0.015847685857991456,192.01255928876478,186.359,180.70544071123524,2.050714285714286,37343.65,-0.5593803786574828,185.01000000000002,1.0980892495549388
2025-10-22 15:00:00,184.88,185.38,182.54,183.76,59953,2025-10-22 15:59:59.999,11020640.2000,4720,28023,5156291.1900,0,39.30058284762691,-1.0417898207164455,-1.0070807948126628,-0.034709025903782775,190.31795939309845,185.847,181.37604060690157,2.190714285714285,39103.75,-0.7507426411018173,185.074,0.9874613916443241
2025-10-22 16:00:00,183.86,184.67,182.76,183.6,35958,2025-10-22 16:59:59.999,6601475.2500,3787,9998,1836916.4900,0,40.13605442176872,-1.0890894844842762,-1.0234825327469854,-0.06560695173729081,189.18798604153147,185.457,181.7260139584685,2.222142857142856,39055.8,-1.3433637829124128,184.846,1.1938927925019425
2025-10-22 17:00:00,183.6,184.69,181.11,181.59,37013,2025-10-22 17:59:59.999,6755292.8000,3771,6277,1149354.8600,0,36.3076923076923,-1.274078229778354,-1.073601672153259,-0.20047655762509486,188.08666090317237,184.9855,181.88433909682763,2.3707142857142833,37870.15,-1.5558928765043936,184.046,1.7712650846182918
2025-10-22 18:00:00,181.59,182.01,179.9,180.58,66038,2025-10-22 18:59:59.999,11946423.6500,4149,28369,5145442.4500,0,28.866768759571272,-1.485062822475669,-1.155893902217741,-0.329168920257928,187.52748459500265,184.547,181.56651540499735,2.433571428571424,39865.55,-1.8960178193078616,182.882,1.749777128661661
2025-10-22 19:00:00,180.81,182.47,177.33,180.29,87523,2025-10-22 19:59:59.999,15802207.1700,4873,41234,7457183.4000,0,32.19470538001707,-1.656574251825674,-1.2560299721393278,-0.4005442796863463,187.78243011492162,184.2865,180.79056988507836,2.6399999999999944,42075.3,-2.4826914755517113,181.964,1.640100606666291
2025-10-22 20:00:00,180.29,180.9,179.1,180.08,32808,2025-10-22 20:59:59.999,5903869.5300,3392,8691,1567718.4200,0,32.6973113616653,-1.7888231010107063,-1.3625885979136036,-0.42623450309710265,187.93695045025746,184.01799999999997,180.0990495497425,2.576428571428567,42125.9,-2.4379672770614365,181.228,1.4469865237751431
2025-10-22 21:00:00,180.1,180.9,177.14,178.32,70779,2025-10-22 21:59:59.999,12641771.5400,4341,17269,3085519.9400,0,23.717948717948744,-2.0124502836940508,-1.4925609350696933,-0.5198893486243574,188.13332422388717,183.6175,179.10167577611284,2.6378571428571393,44679.3,-3.044802087864286,180.17199999999997,1.1863262620318724
2025-10-22 22:00:00,178.68,179.47,177.29,178.76,39732,2025-10-22 22:59:59.999,7094784.7400,4131,21722,3883815.4300,0,26.941362916006327,-2.1296231443867555,-1.619973376933106,-0.5096497674536495,188.12821203113288,183.2595,178.39078796886713,2.7299999999999978,45376.1,-2.5512429132141334,179.606,1.001339103394207
2025-10-22 23:00:00,178.72,180.25,178.32,179.98,34083,2025-10-22 23:59:59.999,6119943.0900,3369,22274,3996970.8900,0,35.05311077389986,-2.0998340962754867,-1.7159455208015824,-0.3838885754739043,187.99447742981758,183.001,178.00752257018243,2.749285714285713,45389.85,-2.576594132294045,179.486,0.8845789958993265
2025-10-23 00:00:00,179.98,180.98,179.63,180.87,18581,2025-10-23 00:59:59.999,3351355.9200,2766,8067,1456798.2300,0,40.54451802796178,-1.9815682141794468,-1.7690700594771556,-0.21249815470229128,187.59553466128182,182.7395,177.88346533871817,2.7528571428571422,42947.95,-2.5432404763187666,179.602,1.0406344218726955
2025-10-23 01:00:00,180.81,181.83,180.56,181.66,14319,2025-10-23 01:59:59.999,2596402.7000,2942,4376,794281.0900,0,38.226299694189564,-1.8033078425750944,-1.7759176160967434,-0.027390226478350987,187.40789824517495,182.59949999999998,177.791101754825,2.614285714285714,42502.0,-2.542918454935627,179.91799999999998,1.399935712804857
2025-10-23 02:00:00,181.72,182.22,181.29,182.22,17045,2025-10-23 02:59:59.999,3099823.1900,2699,4241,771958.9900,0,36.82564503518375,-1.5984222768728102,-1.7404185482519567,0.1419962713791465,187.26722600082587,182.507,177.74677399917414,2.5249999999999995,42857.8,-1.4387710947641696,180.698,1.3732152052707378
2025-10-23 03:00:00,182.18,183.2,182.04,182.76,30877,2025-10-23 03:59:59.999,5640249.2300,3577,19863,3628643.7100,0,35.46325878594244,-1.376606836201546,-1.6676562058418745,0.29104936964032846,187.03137977298798,182.401,177.77062022701205,2.4564285714285705,43182.1,-0.5441880713974749,181.498,1.0998727199031042
2025-10-23 04:00:00,182.77,184.12,182.47,183.92,14931,2025-10-23 04:59:59.999,2738957.5400,3464,6219,1140496.8100,0,46.052631578947334,-1.0945963703057942,-1.5530442387346584,0.4584478684288642,186.9420577401818,182.368,177.79394225981818,2.257857142857144,42172.0,0.17429193899781764,182.286,1.1506432983280752
2025-10-23 05:00:00,183.92,184.68,183.86,184.68,29834,2025-10-23 05:59:59.999,5496609.9700,3376,19425,3580132.5100,0,53.89830508474583,-0.8005471862529419,-1.4025448282383153,0.6019976419853734,187.04649180696586,182.406,177.76550819303415,2.113571428571429,42380.55,1.701635552618538,183.048,1.2368184992098057
2025-10-23 06:00:00,184.68,186.95,184.46,186.95,88010,2025-10-23 06:59:59.999,16352912.8700,5476,65467,12162520.3800,0,62.04169662113585,-0.3799611054565162,-1.1980280836819555,0.8180669782254393,187.6338585945984,182.5815,177.52914140540162,2.154999999999999,45650.2,3.527522427732847,184.106,1.8588383469220682
2025-10-23 07:00:00,186.95,187.75,186.1,187.33,36472,2025-10-23 07:59:59.999,6821949.5200,4520,17525,3282719.7600,0,73.37133550488598,-0.015798664884329128,-0.9615821999224302,0.9457835350381011,188.11672367227962,182.711,177.3052763277204,2.017142857142858,43578.7,3.904820012202574,185.128,1.9644261248487722
2025-10-23 08:00:00,187.33,188.56,186.96,187.92,33660,2025-10-23 08:59:59.999,6329324.6600,4334,20338,3826304.9500,0,80.94435075885315,0.31675935738599037,-0.7059138884607461,1.0226732458467365,188.58354716340654,182.82750000000001,177.0714528365935,1.980714285714287,43088.3,4.353620613060848,186.16,1.7534679922909222
2025-10-23 09:00:00,187.92,188.65,187.47,188.5,27763,2025-10-23 09:59:59.999,5221923.8600,4135,10929,2058817.6400,0,83.7860082304527,0.6199685274566491,-0.440737405277267,1.0607059327339161,189.0294599845024,182.9325,176.8355400154976,1.6978571428571456,42309.5,5.708838043965908,187.07599999999996,1.4629866711590755
2025-10-23 10:00:00,188.5,189.11,187.46,188.21,25826,2025-10-23 10:59:59.999,4872001.4900,3877,9736,1839083.7900,0,83.23793949304981,0.8273264979968644,-0.18712462462244067,1.0144511226193051,189.58909253035918,183.099,176.6089074696408,1.6871428571428595,40060.25,5.286417543074523,187.78199999999998,0.6352715954529913
2025-10-23 11:00:00,188.24,189.29,187.38,187.73,55200,2025-10-23 11:59:59.999,10402432.3800,5085,20649,3899580.0100,0,92.96803652968028,0.9420676259357776,0.038713825489203046,0.9033538004465747,190.10766848079655,183.29749999999999,176.48733151920342,1.5550000000000008,39822.6,4.306034003778199,187.93800000000002,0.44807365464781124
2025-10-23 12:00:00,187.73,189.21,186.78,189.21,41325,2025-10-23 12:59:59.999,7779284.2600,4590,22738,4286077.9100,0,93.57798165137608,1.139291385706315,0.2588293375326255,0.8804620481736894,190.88466487386285,183.578,176.27133512613716,1.5728571428571436,40090.95,4.611046608061041,188.31400000000002,0.5797671946476438
2025-10-23 13:00:00,189.21,191.98,188.07,190.27,97877,2025-10-23 13:59:59.999,18631013.0300,6140,71402,13603583.3000,0,93.49112426035497,1.3653864523560912,0.48014076049731874,0.8852456918587726,191.83441744838748,184.012,176.18958255161252,1.7142857142857142,43134.15,4.739623472421014,188.78400000000002,0.9887770223815759
2025-10-23 14:00:00,190.28,190.92,188.31,189.65,47632,2025-10-23 14:59:59.999,9031428.1100,4880,24099,4576671.4100,0,87.9757785467127,1.4775078128098755,0.6796141709598302,0.7978936418500453,192.49896546444415,184.4655,176.43203453555583,1.8042857142857136,42213.85,4.077488749862807,189.014,1.0386914845082051
2025-10-23 15:00:00,189.65,191.7,185.0,191.01,44540,2025-10-23 15:59:59.999,8484819.1100,4635,19357,3697336.3800,0,88.54080791426206,1.6570045161532505,0.8750922399985144,0.7819122761547361,193.28843905778038,185.00150000000002,176.71456094221966,2.192142857142855,40064.7,4.514116874589626,189.574,1.2334017998973572
2025-10-23 16:00:00,191.01,192.16,190.4,191.86,29184,2025-10-23 16:59:59.999,5585252.7700,4161,17117,3280178.6300,0,88.8083735909822,1.8465588618934703,1.0693855643775056,0.7771732975159646,194.07674763646258,185.5905,177.1042523635374,2.2514285714285682,39883.5,4.317094388864738,190.4,1.060565886680448
2025-10-23 17:00:00,191.86,193.35,190.15,192.5,57889,2025-10-23 17:59:59.999,11104739.4800,5281,28418,5466783.2200,0,88.89776357827468,2.0250808266541185,1.2605246168328283,0.7645562098212901,194.59541269050138,186.29950000000002,178.00358730949867,2.3971428571428532,39239.0,4.234351310374699,191.058,1.1541533693536803
2025-10-23 18:00:00,192.5,193.36,190.83,191.44,33971,2025-10-23 18:59:59.999,6511299.3500,4328,10405,1996251.9800,0,80.27375201288238,2.0573122141258295,1.4198821362914287,0.6374300778344009,194.7261666606632,186.93349999999998,179.14083333933675,2.459999999999996,38950.95,2.401711687617015,191.292,1.0699859812121426
2025-10-23 19:00:00,191.45,191.95,190.76,191.28,17394,2025-10-23 19:59:59.999,3326931.5100,3347,7587,1451996.3500,0,77.91878172588825,2.046356039476848,1.5451769169285128,0.5011791225483351,194.790936673128,187.49849999999998,180.20606332687197,2.4864285714285677,38116.5,2.1085784444563007,191.618,0.5813948744103117
2025-10-23 20:00:00,191.28,191.7,188.55,188.64,60155,2025-10-23 20:59:59.999,11422814.9800,4405,11212,2133680.2400,0,56.93191140278913,1.8038535546153582,1.596912244465882,0.20694131014947614,194.48764781509752,187.887,181.28635218490248,2.5335714285714244,40195.2,0.3831417624521067,191.144,1.4771188171540242
2025-10-23 21:00:00,188.64,189.39,188.26,188.72,24270,2025-10-23 21:59:59.999,4584383.2600,3504,10078,1906013.9200,0,55.84524810765342,1.5996837610103682,1.5974665477747796,0.0022172132355886554,194.15833547011718,188.24,182.32166452988284,2.4964285714285666,40692.75,0.11671087533156438,190.51600000000002,1.740597598524817
2025-10-23 22:00:00,188.7,190.34,188.66,190.33,18022,2025-10-23 22:59:59.999,3417302.3000,3418,10700,2030874.3200,0,59.33384972889237,1.5499247060661787,1.5879581794330597,-0.03803347336688101,193.90139183178024,188.6455,183.38960816821975,2.5021428571428532,40741.6,1.126401360182777,190.08200000000002,1.3486363483127144
2025-10-23 23:00:00,190.32,191.38,190.03,191.27,22233,2025-10-23 23:59:59.999,4242320.9900,4050,13720,2617760.3100,0,60.43707611152975,1.5682624868811956,1.584019040922687,-0.015756554041491455,193.6557293440182,189.071,184.4862706559818,2.5142857142857093,40309.4,1.885686890747361,190.048,1.3073522861074023
2025-10-24 00:00:00,191.27,193.37,190.84,192.46,45201,2025-10-24 00:59:59.999,8696430.8900,4113,28947,5577024.4400,0,64.99647141848969,1.659686531828811,1.599152539103912,0.0605339927248989,193.63129790590457,189.498,185.3647020940954,2.577142857142852,41822.9,1.7176681993552136,190.28400000000002,1.6475830783272558
2025-10-24 01:00:00,192.45,193.43,192.1,192.91,22549,2025-10-24 01:59:59.999,4342238.8100,4162,8906,1716352.3900,0,68.31683168316829,1.7482986863395524,1.6289817685510406,0.11931691778851183,193.64247383920906,189.9095,186.17652616079096,2.5357142857142816,41458.65,1.3875019708834742,191.138,1.6885407901470757
2025-10-24 02:00:00,192.88,192.91,191.32,192.15,21031,2025-10-24 02:59:59.999,4038243.8500,3742,7287,1400763.6600,0,60.95380029806257,1.737173751140432,1.6506201650689192,0.08655358607151276,193.7560507546665,190.1695,186.5829492453335,2.4757142857142815,38109.7,1.318217769575534,191.824,1.0282412168312918
2025-10-24 03:00:00,192.15,192.87,190.86,191.23,24904,2025-10-24 03:59:59.999,4766337.7800,3855,6921,1324995.0600,0,53.61445783132522,1.6352704685639878,1.6475502257679329,-0.01227975720394503,193.71749693126347,190.3645,187.01150306873652,2.3399999999999954,37531.3,0.11517721585257257,192.004,0.7395809624312655
2025-10-24 04:00:00,191.18,194.38,190.85,193.76,58235,2025-10-24 04:59:59.999,11240728.1000,4737,47513,9171238.2100,0,63.52863726135608,1.7386195153366941,1.6657640836816852,0.07285543165500896,194.1282159415709,190.6565,187.1847840584291,2.405714285714282,38760.05,0.9903054310434574,192.502,0.9344356585612912
2025-10-24 05:00:00,193.76,194.44,192.8,193.21,25749,2025-10-24 05:59:59.999,4976932.9200,3909,8349,1615437.6500,0,57.6495132127956,1.7559030190436715,1.6837918707540829,0.07211114828958864,194.3867033606528,190.892,187.3972966393472,2.0442857142857105,38659.35,0.36883116883117295,192.652,0.9848451654909588
2025-10-24 06:00:00,193.21,193.67,192.52,193.21,24707,2025-10-24 06:59:59.999,4770046.7800,3674,10129,1958004.0100,0,54.98891352549887,1.7494339348364178,1.6969202835705501,0.05251365126586771,194.54297571139296,191.142,187.74102428860704,2.000714285714281,38603.4,0.9245716673631478,192.712,1.0132225816625546
2025-10-24 07:00:00,193.22,193.31,191.74,192.1,19428,2025-10-24 07:59:59.999,3742925.7300,3490,6799,1311113.9700,0,48.571428571428555,1.6358819864137502,1.6847126241391903,-0.04883063772544016,194.37843568345735,191.3605,188.34256431654265,1.88428571428571,36814.8,0.42869092429945277,192.702,1.0203773811639176
2025-10-24 08:00:00,192.09,193.24,191.66,192.87,23538,2025-10-24 08:59:59.999,4531773.0900,3963,9990,1924754.5500,0,55.215171407731596,1.5896987563229459,1.6657098505759413,-0.07601109425299546,194.45434559969698,191.54350000000002,188.63265440030307,1.816428571428568,35925.45,2.24236641221375,193.03,0.6099590150092065
2025-10-24 09:00:00,192.88,193.26,191.65,192.55,17810,2025-10-24 09:59:59.999,3432905.7600,3196,5147,993316.2600,0,54.57822638788755,1.5098720232737435,1.634542285115502,-0.12467026184175856,194.53676068727293,191.6575,188.77823931272707,1.8464285714285669,31922.1,2.0294616362865687,192.788,0.4724616386448295
2025-10-24 10:00:00,192.55,193.0,191.41,191.69,27446,2025-10-24 10:59:59.999,5262133.1900,3750,10611,2035613.8900,0,62.61373035566586,1.3615192036679957,1.579937668826001,-0.21841846515800523,194.47944949643744,191.7595,189.03955050356257,1.7349999999999974,30912.8,0.7145484159092025,192.48399999999998,0.6038046041484734
2025-10-24 11:00:00,191.71,192.08,190.8,192.03,21929,2025-10-24 11:59:59.999,4198093.1300,3852,7927,1519049.5200,0,63.40080971659917,1.2568949808581067,1.5153291312324222,-0.2584341503743155,194.50944696814415,191.8105,189.11155303185583,1.7457142857142836,29782.25,0.3973440685941292,192.248,0.46337889463250564
2025-10-24 12:00:00,192.02,195.95,190.8,193.55,105216,2025-10-24 12:59:59.999,20388773.6700,5651,69644,13502722.7100,0,63.13213703099508,1.2818544076497176,1.4686341865158814,-0.18677977886616381,194.70404928663584,191.89499999999998,189.08595071336413,1.9935714285714243,33583.85,0.5663514496518774,192.538,0.7265810347035764
2025-10-24 13:00:00,193.57,194.14,191.12,191.91,37324,2025-10-24 13:59:59.999,7189219.6800,4145,10425,2011360.2700,0,52.469135802469076,1.1559752758466288,1.406102404382031,-0.2501271285354021,194.6601526005762,191.8655,189.0708473994238,2.1128571428571377,32555.6,-0.5183764449743403,192.346,0.7435590090845979
2025-10-24 14:00:00,191.91,192.29,189.66,190.06,42119,2025-10-24 14:59:59.999,8036185.6800,3481,15199,2905870.0500,0,41.18942731277534,0.8966001694384715,1.3042019573933192,-0.4076017879548477,194.7013581811586,191.7965,188.8916418188414,2.1199999999999943,32963.0,-1.0876919073640403,191.848,1.2405321438764532
2025-10-24 15:00:00,190.1,190.85,188.7,189.31,34873,2025-10-24 15:59:59.999,6607735.6800,2999,7368,1400377.8200,0,37.06896551724144,0.6233393291536231,1.16802943174538,-0.544690102591757,194.8032864941159,191.698,188.59271350588412,2.1785714285714226,33836.95,-1.0040265648695224,191.372,1.691100233572971
2025-10-24 16:00:00,189.34,190.42,188.67,190.42,43374,2025-10-24 16:59:59.999,8231375.0200,3777,25711,4882351.2300,0,43.93833216538187,0.4906895046665909,1.0325614463296222,-0.5418719416630313,194.61270233468125,191.787,188.96129766531877,2.1899999999999937,32997.9,-1.7237819983484743,191.05,1.6877647940369114
2025-10-24 17:00:00,190.42,191.54,189.9,191.04,35193,2025-10-24 17:59:59.999,6721118.8300,2970,15766,3013821.0900,0,49.31997136721547,0.43062836577027497,0.9121748302177527,-0.48154646444747773,194.36574216015015,191.903,189.44025783984983,2.163571428571422,33544.05,-1.1231302727602173,190.548,0.9854288406527785
2025-10-24 18:00:00,191.06,191.86,185.94,191.7,30487,2025-10-24 18:59:59.999,5835894.5700,2802,13530,2593173.1700,0,41.48760330578513,0.43131404480288893,0.8160026731347799,-0.384688628331891,194.32375558045936,191.9715,189.61924441954062,2.3342857142857087,34167.3,-0.78153304694375,190.506,0.9148114559789133
2025-10-24 19:00:00,191.7,193.48,191.52,192.94,24201,2025-10-24 19:59:59.999,4667912.1200,3359,17482,3371660.1900,0,48.944487881157116,0.5258533768677012,0.7579728138813643,-0.2321194370136631,194.42092921547635,192.055,189.68907078452366,2.357142857142851,34265.7,0.43727225403435893,191.08200000000002,1.36144041367606
2025-10-24 20:00:00,192.94,193.88,192.82,193.51,19404,2025-10-24 20:59:59.999,3755771.6300,3279,9557,1850374.6400,0,51.1227544910179,0.63940010852113,0.7342582728093175,-0.0948581642881875,194.55641275553532,192.10750000000002,189.6585872444647,2.3507142857142815,32975.85,0.3318297298698535,191.92199999999997,1.2885340507688086
2025-10-24 21:00:00,193.53,193.92,193.17,193.69,13557,2025-10-24 21:59:59.999,2624084.6600,2678,3814,738898.4700,0,56.39581657280772,0.7354335865000792,0.73449333554747,0.0009402509526091896,194.67284351958725,192.1465,189.62015648041276,2.2921428571428533,32526.25,0.5920540119449422,192.576,1.1589348558011627
2025-10-24 22:00:00,193.71,194.11,193.01,193.71,21365,2025-10-24 22:59:59.999,4136603.4800,2871,6949,1347640.9100,0,53.59589041095891,0.8038879229621898,0.748372253030414,0.05551566993177581,194.84584136013015,192.22449999999998,189.6031586398698,2.25785714285714,32542.95,1.0537847566383276,193.10999999999999,0.8475553079245068
2025-10-24 23:00:00,193.71,194.44,193.11,193.5,8770,2025-10-24 23:59:59.999,1695796.0300,1563,2344,453474.1800,0,54.105445116681004,0.8316069851708221,0.7650191994584957,0.06658778571232637,194.97456554910934,192.338,189.70143445089064,2.23785714285714,31736.25,0.7655053897828459,193.47,0.31200961522217696
2025-10-25 00:00:00,193.42,193.5,192.44,192.68,6855,2025-10-25 00:59:59.999,1320942.4100,661,1814,349688.2600,0,54.29314830875979,0.7784340910588412,0.7677021777785649,0.01073191328027634,194.84097518667596,192.28400000000002,189.72702481332408,2.1999999999999966,29167.25,-0.449496254197884,193.418,0.42399292445873893
2025-10-25 01:00:00,192.66,194.44,192.39,193.68,5784,2025-10-25 01:59:59.999,1117992.7300,841,2963,572976.2800,0,56.767842493847425,0.8076754521841565,0.7756968326596833,0.03197861952447323,194.9085675945835,192.3075,189.7064324054165,2.2549999999999977,28169.0,0.9223073315616748,193.452,0.4397385586812747
2025-10-25 02:00:00,193.67,194.44,192.39,193.96,6287,2025-10-25 02:59:59.999,1217872.4500,549,1034,200944.0600,0,51.872146118721446,0.8437172541804898,0.7893009169638446,0.05441633721664518,195.02138798226125,192.345,189.66861201773875,2.0335714285714284,27248.0,2.05198358413133,193.506,0.4899795914026438
2025-10-25 03:00:00,193.96,194.44,193.56,193.56,8091,2025-10-25 03:59:59.999,1567182.0800,455,1286,249915.3800,0,58.49639546858911,0.830431289884956,0.797526991548067,0.032904298336888904,195.14540941284525,192.418,189.69059058715476,1.8807142857142867,26681.15,2.2449949817759234,193.476,0.47883191204335246
2025-10-25 04:00:00,193.56,194.44,193.56,194.44,7582,2025-10-25 04:59:59.999,1470086.3900,515,2960,574965.0100,0,75.05720823798622,0.880757884355603,0.8141731701095742,0.06658471424602874,195.3653914051861,192.4965,189.6276085948139,1.7557142857142867,25883.35,2.1111227812204656,193.664,0.6459721356151119
2025-10-25 05:00:00,194.17,194.44,193.8,194.41,9363,2025-10-25 05:59:59.999,1819344.1200,590,5428,1055269.2000,0,81.79551122194506,0.9077572631077544,0.8328899887092104,0.07486727439854401,195.5835535803688,192.5895,189.59544641963117,1.6478571428571425,25461.0,1.7640284757118954,194.01000000000002,0.40583247774328773
2025-10-25 06:00:00,194.41,194.44,194.05,194.06,15939,2025-10-25 06:59:59.999,3096076.2300,2270,3839,746222.0300,0,75.06887052341602,0.8906455824935051,0.8444411074660696,0.04620447502743552,195.7395228065001,192.70800000000003,189.67647719349995,1.5507142857142842,24885.65,1.2310902451747594,194.08599999999998,0.3617734097349885
2025-10-25 07:00:00,194.06,194.44,193.73,193.86,19126,2025-10-25 07:59:59.999,3713334.3300,3421,7680,1492886.1300,0,70.61403508771944,0.8511347719553441,0.8457798403639245,0.005354931591419643,195.85523128468864,192.7995,189.74376871531135,1.4842857142857144,24745.5,0.47683217580595827,194.066,0.3730683583356715
2025-10-25 08:00:00,193.88,194.44,193.69,194.44,21393,2025-10-25 08:59:59.999,4157810.2200,3079,16932,3292175.8000,0,70.26627218934921,0.856747273420325,0.8479733269752046,0.008773946445120417,195.97084404539547,192.844,189.71715595460452,1.1149999999999989,20554.35,0.48059531807142103,194.24200000000002,0.26724520574057903
2025-10-25 09:00:00,194.44,194.44,192.44,192.52,30325,2025-10-25 09:59:59.999,5864190.9300,3246,8685,1682962.6200,0,47.177419354838776,0.6982186375490187,0.8180223890899675,-0.1198037515409488,195.9747714651961,192.87449999999998,189.77422853480385,1.1178571428571433,20204.4,-0.6040580308740707,193.858,0.7865239983568252
2025-10-25 10:00:00,192.52,192.66,191.52,191.93,37371,2025-10-25 10:59:59.999,7172756.4700,3874,13282,2551149.3600,0,39.41018766756039,0.5189928557404642,0.7582164824200669,-0.23922362667960273,195.8131739378915,192.96800000000002,190.12282606210854,1.1235714285714278,19967.0,-0.9188993856796248,193.362,1.078990268719352
2025-10-25 11:00:00,191.93,192.7,191.64,192.62,17654,2025-10-25 11:59:59.999,3393171.2400,2945,8610,1656284.0700,0,43.28732747804267,0.4277020824632416,0.6921136024287019,-0.2644115199654603,195.41124842657217,193.1335,190.85575157342782,1.1457142857142852,19106.05,-0.45478036175710357,193.074,1.0374873493161139
2025-10-25 12:00:00,192.63,194.44,191.69,193.81,28540,2025-10-25 12:59:59.999,5517051.3400,3378,7897,1527858.6000,0,50.54704595185993,0.44623264946864083,0.6429374118366897,-0.1967047623680489,195.2038928650048,193.303,191.4021071349952,1.2635714285714263,18364.35,0.586464604525636,193.06400000000002,1.0282169031828676
2025-10-25 13:00:00,193.83,194.44,192.2,192.75,33244,2025-10-25 13:59:59.999,6419367.6100,3831,11129,2156531.5900,0,46.24624624624623,0.37110722305445165,0.5885713740802422,-0.21746415102579053,194.99126438824499,193.3885,191.785735611755,1.328571428571428,18266.9,-0.4801734820322216,192.726,0.6824441369012487
2025-10-25 14:00:00,192.75,192.78,191.97,192.53,28192,2025-10-25 14:59:59.999,5425032.0800,3865,13519,2602878.6800,0,49.20127795527153,0.2904692710426673,0.5289509534727272,-0.23848168243005996,194.88483585618343,193.43,191.97516414381658,1.3107142857142853,18152.15,-0.7372654155496013,192.728,0.6817037479660005
2025-10-25 15:00:00,192.52,192.59,191.77,191.8,21032,2025-10-25 15:59:59.999,4040135.4100,2892,9999,1921580.9900,0,39.692982456140314,0.16574757905573279,0.4563102785893283,-0.29056269953359554,194.98906539732673,193.373,191.75693460267325,1.222857142857141,17993.7,-0.9092787766067322,192.70200000000003,0.7210894535290899
2025-10-25 16:00:00,191.79,192.28,191.36,191.96,28953,2025-10-25 16:59:59.999,5549746.9100,3534,14351,2751551.3700,0,38.888888888888815,0.07890582517362077,0.3808293879061868,-0.30192356273256604,195.02834645659124,193.2955,191.56265354340877,1.1421428571428538,18471.15,-1.275457724747989,192.57000000000002,0.7963353564867305
2025-10-25 17:00:00,191.82,192.36,191.68,192.27,17804,2025-10-25 17:59:59.999,3419822.4000,2820,5492,1055556.0800,0,42.76094276094276,0.03469754705884043,0.31160301973671756,-0.27690547267787713,195.00499638259572,193.2245,191.4440036174043,1.1278571428571402,18683.5,-1.1007664214803696,192.262,0.3920076529747517
2025-10-25 18:00:00,192.27,194.44,191.68,194.17,30122,2025-10-25 18:59:59.999,5823593.5800,3578,14685,2839639.3900,0,48.64048338368573,0.15123296965205668,0.2795290097197854,-0.1282960400677287,195.0658841873067,193.2475,191.4291158126933,1.2621428571428541,19121.35,0.05668349994846193,192.546,0.9504893476472129
2025-10-25 19:00:00,194.15,194.44,193.67,194.4,21492,2025-10-25 19:59:59.999,4173954.5700,2719,9110,1771152.7400,0,49.95064165844032,0.2591597768729059,0.2754551631504095,-0.0162953862775036,195.18041029002268,193.29250000000002,191.40458970997736,1.2714285714285702,19757.45,0.2785515320334221,192.92000000000002,1.2600992024403872
2025-10-25 20:00:00,194.43,194.44,193.63,194.04,18563,2025-10-25 20:59:59.999,3605225.1800,2687,6342,1233042.3800,0,49.90138067061138,0.3120464802296965,0.2827734265662669,0.029273053663429582,195.25348399915805,193.3605,191.46751600084195,1.3014285714285714,20342.85,-0.20571898786258264,193.368,1.1562741889322752
2025-10-25 21:00:00,194.08,194.44,193.63,194.3,16372,2025-10-25 21:59:59.999,3178973.2700,2528,5699,1107849.0500,0,52.15686274509803,0.3706665870735719,0.30035205866772796,0.07031452840584396,195.32635780791713,193.3915,191.45664219208288,1.308571428571428,20872.25,0.9245792644920015,193.83599999999998,0.8858498744093766
2025-10-25 22:00:00,194.3,194.5,193.83,194.43,32314,2025-10-25 22:59:59.999,6277655.8500,3178,18480,3592732.6000,0,49.948717948718,0.42274027093051814,0.32482970112028603,0.0979105698102321,195.38993237726075,193.41500000000002,191.4400676227393,1.3028571428571414,22173.6,1.3025582243526286,194.26799999999997,0.16300306742888004
2025-10-25 23:00:00,194.43,194.62,193.83,193.83,20799,2025-10-25 23:59:59.999,4039734.0300,2914,3148,612338.2500,0,57.769869513641765,0.41085794038045265,0.3420353489723194,0.06882259140813324,195.41128140632776,193.4285,191.44571859367227,1.2164285714285694,22809.0,0.6281798359464271,194.2,0.2575849374307607
2025-10-26 00:00:00,193.83,194.66,192.82,193.27,31524,2025-10-26 00:59:59.999,6106057.6400,3208,7865,1526485.3900,0,57.976190476190496,0.35219391570012704,0.344067062317881,0.008126853382246058,195.2953325071721,193.37,191.4446674928279,1.2664285714285708,24006.1,-0.27862339404571074,193.97400000000002,0.4568697845022881
2025-10-26 01:00:00,193.27,194.26,192.75,192.75,24702,2025-10-26 01:59:59.999,4775062.4500,3255,3368,652731.8400,0,50.7897934386391,0.2607369856434616,0.3274010469829971,-0.06666406133953551,195.1661274570969,193.287,191.4078725429031,1.298571428571427,24773.05,0.0,193.71600000000004,0.70638516405084
2025-10-26 02:00:00,192.75,193.01,191.91,192.16,20094,2025-10-26 02:59:59.999,3869607.4300,3643,3886,749408.4900,0,39.18741808650066,0.1390458069877809,0.28972999898395385,-0.15068419199617294,195.09849416469476,193.19199999999998,191.2855058353052,1.1807142857142838,24980.8,-0.19217784241417157,193.288,0.888830692534342
2025-10-26 03:00:00,192.15,193.04,191.76,192.84,14756,2025-10-26 03:59:59.999,2840310.9200,2376,3567,687901.7600,0,50.62068965517244,0.09636416209244203,0.2510568316056515,-0.15469266951320948,195.02671248576303,193.14100000000002,191.255287514237,1.1121428571428547,24762.3,0.5422314911365964,192.96999999999997,0.6226957523470318
2025-10-26 04:00:00,192.84,193.42,191.74,192.89,16256,2025-10-26 04:59:59.999,3139275.2100,2934,6887,1330581.1300,0,52.542372881355824,0.0658145638172698,0.21400837804797515,-0.14819381423070535,194.8491772266873,193.0635,191.27782277331272,1.1742857142857102,24505.45,0.4844759324859233,192.782,0.40033735772596024
2025-10-26 05:00:00,192.89,193.68,192.67,193.53,11210,2025-10-26 05:59:59.999,2165904.1100,2613,3328,643531.4000,0,62.374821173104294,0.09218380090857181,0.1896434626200945,-0.09745966171152268,194.89206991752124,193.114,191.33593008247877,1.1878571428571405,23549.7,0.6553284443750927,192.834,0.48706262430103264
2025-10-26 06:00:00,193.52,194.05,193.14,193.95,11483,2025-10-26 06:59:59.999,2224043.5700,2180,3108,602420.5400,0,63.7241379310343,0.14529720545695568,0.18077421118746675,-0.035477005730511074,194.93853980914264,193.21499999999997,191.4914601908573,1.1871428571428575,22255.3,-0.11330277591800943,193.074,0.6890790955986351
2025-10-26 07:00:00,193.96,194.22,193.67,193.79,19314,2025-10-26 07:59:59.999,3746670.0700,3177,7811,1516146.4000,0,60.70422535211251,0.1724909303257789,0.1791175550151292,-0.006626624689350297,194.99142132655308,193.27349999999998,191.5555786734469,1.1778571428571436,22338.3,-0.3137860082304597,193.4,0.5111751167565416
2025-10-26 08:00:00,193.84,194.29,193.59,194.24,14894,2025-10-26 08:59:59.999,2888002.4600,2761,4261,826723.6800,0,50.61946902654886,0.22772828251277133,0.18883970051465765,0.03888858199811368,195.05152168249305,193.29500000000002,191.53847831750699,1.0307142857142861,21656.0,0.10307153164296902,193.68,0.5111751167565806
2025-10-26 09:00:00,194.2,196.23,193.5,195.88,46474,2025-10-26 09:59:59.999,9071716.7300,4405,28319,5530836.1200,0,60.48158640226617,0.3992364270180815,0.23091904581534245,0.16831738120273904,195.5315230261922,193.4515,191.37147697380783,1.1707142857142847,22317.5,0.8131755018013298,194.27799999999996,0.9318100664787646
2025-10-26 10:00:00,195.91,196.35,194.69,194.74,19565,2025-10-26 10:59:59.999,3822313.7000,3021,7260,1421027.5300,0,54.46428571428582,0.4381190310946863,0.27235904287121127,0.16575998822347504,195.6705150674088,193.56199999999998,191.45348493259118,1.23142857142857,21886.15,0.1594404155737295,194.51999999999998,0.8417541208637984
2025-10-26 11:00:00,194.73,197.67,194.38,197.67,46156,2025-10-26 11:59:59.999,9050696.9600,3816,30478,5984951.8500,0,66.03235014272116,0.6973219940482238,0.35735163310661383,0.33997036094161,196.4979030132112,193.8555,191.21309698678883,1.4085714285714264,23142.35,1.9811174740752076,195.264,1.5543583885292527
2025-10-26 12:00:00,197.67,198.39,196.85,197.9,41300,2025-10-26 12:59:59.999,8168243.3400,3600,27239,5391564.5400,0,66.35249764373235,0.9108021274842599,0.46804173198214316,0.44276039550211677,197.2018062196294,194.1525,191.10319378037062,1.4707142857142839,23759.7,2.395612355771716,196.08599999999998,1.6629431740114735
2025-10-26 13:00:00,198.0,199.53,197.55,198.97,44963,2025-10-26 13:59:59.999,8927124.2800,3259,28071,5578009.3600,0,73.19494584837543,1.1530352562163557,0.6050404368289858,0.5479948193873699,198.08828280962962,194.4875,190.8867171903704,1.5557142857142838,25117.65,3.2269779507133585,197.032,1.6953377244642014
2025-10-26 14:00:00,198.96,199.74,198.7,198.78,22928,2025-10-26 14:59:59.999,4566718.2400,2662,9087,1812610.2100,0,75.72362278244631,1.3145223484569613,0.746936819154581,0.5675855293023803,198.79228185470748,194.71800000000002,190.64371814529255,1.4985714285714278,24757.95,3.445045795170693,197.612,1.6987554267732392
2025-10-26 15:00:00,198.78,199.84,198.29,199.46,30759,2025-10-26 15:59:59.999,6123908.4800,3464,11462,2285578.7700,0,80.86476540938372,1.4803082771531137,0.8936111107542878,0.586697166398826,199.55826337408027,194.971,190.38373662591974,1.5014285714285722,25221.3,3.432897739058289,198.55599999999998,0.7506863526078559
2025-10-26 16:00:00,199.46,199.58,198.13,198.61,23530,2025-10-26 16:59:59.999,4676428.6300,3139,9544,1898361.9500,0,78.97574123989234,1.5255216597252854,1.0199932205484874,0.505528439176798,200.0398021871758,195.1995,190.3591978128242,1.5264285714285737,25469.65,2.9654207061019378,198.744,0.5690606294514673
2025-10-26 17:00:00,198.64,199.15,198.35,198.9,20766,2025-10-26 17:59:59.999,4130335.5500,3211,6700,1333380.3600,0,78.21229050279344,1.566694290974425,1.129333434633675,0.43736085634075006,200.5205053810122,195.4295,190.33849461898777,1.4921428571428603,25689.35,2.7747636025422437,198.94400000000002,0.31910813213034633
2025-10-26 18:00:00,198.9,199.59,198.83,199.09,17089,2025-10-26 18:59:59.999,3404809.9500,2750,5517,1099971.7900,0,78.49264705882369,1.596254679662735,1.222717683639487,0.37353699602324797,200.98230559597525,195.6625,190.34269440402474,1.4264285714285754,24928.1,2.65016756896108,198.96800000000002,0.32599079740342574
2025-10-26 19:00:00,199.09,199.66,198.34,198.78,21955,2025-10-26 19:59:59.999,4362755.3400,3014,6826,1358058.8800,0,74.88151658767782,1.5764942471004417,1.293472996331678,0.2830212507687637,201.33047191575574,195.91,190.48952808424426,1.4485714285714306,24985.9,2.5749522679188863,198.96800000000002,0.32599079740342574
2025-10-26 20:00:00,198.78,198.79,197.5,197.5,22692,2025-10-26 20:59:59.999,4492878.1700,2854,3897,771928.7200,0,65.55652936021043,1.4409384182029328,1.3229660807059291,0.11797233749700364,201.43733641980538,196.12150000000003,190.80566358019468,1.4757142857142855,24544.3,1.6783360790774253,198.576,0.6264423357274623
2025-10-26 21:00:00,197.49,198.37,197.09,198.37,27031,2025-10-26 21:59:59.999,5347618.9900,3359,11051,2188237.6500,0,68.89438943894399,1.3877144677196611,1.3359157581086756,0.05179870961098554,201.55972436567572,196.4025,191.2452756343243,1.527857142857142,24660.75,1.2711864406779707,198.528,0.6323527496513894
2025-10-26 22:00:00,198.19,207.0,198.1,200.1,88594,2025-10-26 22:59:59.999,17706919.3600,4181,57045,11402312.7700,0,71.86567164179107,1.4682060795322514,1.3623738223933908,0.10583225713886057,201.8017330802852,196.79950000000002,191.79726691971484,2.113571428571429,28085.75,2.752387799116763,198.768,0.9544998690370259
2025-10-26 23:00:00,200.06,200.75,199.65,199.95,11976,2025-10-26 23:59:59.999,2397563.1900,2141,3321,665658.2400,0,67.08648194794293,1.5025718029805262,1.390413418510818,0.11215838446970827,201.97985887440467,197.155,192.33014112559533,1.9971428571428578,27946.75,1.1534375474275314,198.94,1.0942805855865831
2025-10-27 00:00:00,199.94,203.22,199.42,203.18,56100,2025-10-27 00:59:59.999,11306423.7300,3448,37162,7503942.8000,0,80.14285714285714,1.7700370073575868,1.466338136280172,0.3036988710774149,202.76630384885593,197.66950000000003,192.57269615114413,2.1500000000000017,29938.95,2.668014148559879,199.82,2.1719691526335856
2025-10-27 01:00:00,203.12,204.89,202.44,204.31,32633,2025-10-27 01:59:59.999,6653407.3800,3570,23260,4743023.6000,0,77.21311475409838,2.049560606144638,1.5829826302530654,0.4665779758915727,203.72484995645988,198.20850000000002,192.69215004354015,2.090000000000001,31010.1,2.6838216816605533,201.182,2.4684144708683107
2025-10-27 02:00:00,204.32,204.95,203.46,203.9,24731,2025-10-27 02:59:59.999,5054705.6100,3509,10907,2231662.4900,0,74.23263327948305,2.212497207973314,1.7088855457971155,0.5036116621761986,204.39719874524917,198.70600000000002,193.01480125475086,2.086428571428572,31672.5,2.5757118422376517,202.288,2.105723153691457
2025-10-27 03:00:00,203.86,204.86,203.27,204.24,14493,2025-10-27 03:59:59.999,2953438.2100,3357,5821,1187155.4200,0,72.61802575107299,2.3420629534747093,1.8355210273326341,0.5065419261420752,204.93812723458603,199.2285,193.51887276541396,2.05857142857143,31431.45,2.396470470269729,203.11599999999999,1.8256040096341908
2025-10-27 04:00:00,204.24,204.92,203.11,203.91,17545,2025-10-27 04:59:59.999,3573992.8400,3212,7551,1540127.2100,0,71.75572519083964,2.390559615010318,1.946528744868171,0.4440308701421469,205.27891580491215,199.712,194.14508419508783,2.1135714285714267,31564.0,2.6685463974623547,203.90800000000002,0.4477387631114306
2025-10-27 05:00:00,203.92,205.06,203.44,204.27,23288,2025-10-27 05:59:59.999,4762392.5800,3088,10885,2227149.5700,0,70.96774193548383,2.4300306790052844,2.043229131695594,0.3868015473096902,205.7468296758477,200.13150000000002,194.51617032415234,2.118571428571426,30404.7,2.699849170437408,204.126,0.20329781108657685
2025-10-27 06:00:00,204.27,205.14,203.41,204.65,23927,2025-10-27 06:59:59.999,4884973.0600,3393,6942,1420280.5500,0,77.45454545454535,2.4635760347961764,2.127298512315711,0.3362775224804655,205.98207275492706,200.627,195.27192724507296,2.1385714285714243,30622.8,2.79270681601286,204.19400000000002,0.30940265026758645
2025-10-27 07:00:00,204.68,204.88,202.34,202.44,26426,2025-10-27 07:59:59.999,5373186.7200,3782,4879,992438.5600,0,63.699690402476705,2.2854867718426704,2.1589361642211027,0.12655060762156767,206.08933797202127,200.8655,195.64166202797873,2.262857142857137,29636.3,1.8412315122245682,203.902,0.8582948211381461
2025-10-27 08:00:00,202.41,202.9,200.02,200.42,34610,2025-10-27 08:59:59.999,6958174.7600,4244,6966,1400934.5200,0,54.50847457627111,1.9587731125845664,2.1189035538937953,-0.16013044130922882,206.03253278892174,200.9915,195.95046721107826,2.414285714285709,29301.8,1.4784810126582215,203.13799999999998,1.7348112289215896
2025-10-27 09:00:00,200.39,200.5,198.54,199.87,50179,2025-10-27 09:59:59.999,10004318.5200,4926,15658,3123736.3100,0,53.63575717144763,1.6366040278372225,2.0224436486824806,-0.38583962084525814,206.0172599293402,201.0365,196.05574007065977,2.459999999999996,29562.6,0.7561627262186822,202.32999999999998,2.1712784252583273
2025-10-27 10:00:00,199.89,200.6,199.12,200.47,27144,2025-10-27 10:59:59.999,5432857.7700,4132,10214,2045977.6600,0,60.37735849056601,1.4134048414643985,1.9006358872388642,-0.48723104577446574,205.99680881280068,201.121,196.24519118719934,2.4735714285714243,29773.4,0.18490754622688882,201.57,1.9790022738724022
2025-10-27 11:00:00,200.5,200.92,198.78,200.07,41343,2025-10-27 11:59:59.999,8263336.5200,4622,14026,2807953.0300,0,56.141618497109775,1.1905176744604091,1.7586122446831733,-0.5680945702227642,205.99105750478725,201.1515,196.31194249521275,2.5349999999999944,30302.6,0.060015003750940016,200.654,1.0288488713081194
2025-10-27 12:00:00,200.07,200.08,198.97,199.45,29740,2025-10-27 12:59:59.999,5934132.5400,4022,11143,2223556.1700,0,47.4469756480754,0.9528651342213266,1.597462822590804,-0.6445976883694775,205.95412479314328,201.19350000000003,196.43287520685678,1.9785714285714238,30613.1,-1.8358106112806467,200.05599999999998,0.42009522729008103
2025-10-27 13:00:00,199.44,200.52,198.46,200.2,62206,2025-10-27 13:59:59.999,12428127.7900,4675,28646,5731730.1000,0,50.9377344336084,0.8156403219631159,1.4410983224652667,-0.6254580005021508,205.92177770429836,201.2585,196.59522229570163,2.0471428571428527,32685.1,-2.011648964808386,200.012,0.38225645840442973
2025-10-27 14:00:00,200.2,200.35,198.35,199.04,28786,2025-10-27 14:59:59.999,5734337.2700,3823,17360,3460852.3000,0,31.616341030195343,0.6062973457270004,1.2741381271176135,-0.6678407813906131,205.92422359993446,201.256,196.58777640006554,1.9185714285714235,33269.95,-2.383521333987255,199.846,0.5855168656767102
2025-10-27 15:00:00,199.06,200.28,198.31,200.0,23790,2025-10-27 15:59:59.999,4749675.0500,2710,15100,3013923.9000,0,30.56807935076651,0.5119540185251878,1.1217013053991285,-0.6097472868739406,205.87968665083656,201.317,196.75431334916345,1.88428571428571,33361.7,-2.075989032510776,199.752,0.49027543278433483
2025-10-27 16:00:00,199.98,202.83,199.63,202.36,64347,2025-10-27 16:59:59.999,12970325.8800,3690,49608,10000493.4500,0,44.09509202453993,0.6204661807628042,1.0214542804718636,-0.40098809970905935,205.77084814559987,201.56,197.34915185440013,2.0064285714285695,35444.45,-0.7601392771320598,200.20999999999998,1.2858071395010657
2025-10-27 17:00:00,202.32,203.19,201.6,202.18,16929,2025-10-27 17:59:59.999,3426809.6900,2415,6275,1272893.9000,0,42.00310559006214,0.6840530180628548,0.9539740279900618,-0.269921009927207,205.68966622222965,201.7505,197.81133377777033,2.0064285714285695,34939.35,-1.0231556273559521,200.756,1.4513717649148146
2025-10-27 18:00:00,202.16,203.21,201.57,201.6,15137,2025-10-27 18:59:59.999,3059051.9300,1271,3645,738417.4400,0,41.20335110434123,0.6798084829780748,0.8991409189876645,-0.21933243600958963,205.6887382108438,201.82549999999998,197.96226178915614,1.9942857142857153,31266.5,-1.490349376985102,201.036,1.4523360492640651
2025-10-27 19:00:00,201.6,202.12,200.0,200.0,22895,2025-10-27 19:59:59.999,4596065.2100,1152,2994,600538.0500,0,35.14265831593599,0.5411005596726,0.8275328471246517,-0.28643228745205174,205.6861893762745,201.828,197.9698106237255,2.030000000000001,31812.45,-1.2052953961667643,201.228,1.1556470049249292
2025-10-27 20:00:00,200.06,200.07,198.94,198.95,13702,2025-10-27 20:59:59.999,2734565.7700,731,2033,405240.0100,0,31.050531914893625,0.34249918888141906,0.7305261154760052,-0.38802692659458615,205.6235216003039,201.6165,197.60947839969612,1.9871428571428587,29692.55,-0.7334597345574289,201.018,1.4834823895119065
2025-10-27 21:00:00,198.98,199.37,198.55,199.04,7148,2025-10-27 21:59:59.999,1421393.8200,744,2267,451164.0600,0,36.84210526315792,0.19017618682133275,0.6224561297450708,-0.43227994292373806,205.30699385033145,201.353,197.39900614966857,1.8642857142857159,28418.3,-0.4152699254515497,200.35399999999998,1.4756286795775853
2025-10-27 22:00:00,199.04,199.13,198.34,198.34,4447,2025-10-27 22:59:59.999,884096.3000,481,1075,213982.9200,0,41.034482758620776,0.012827097608152371,0.5005303233176871,-0.4877032257095347,205.0567240381305,201.075,197.09327596186947,1.7150000000000014,27404.1,-1.0625031176734652,199.58599999999998,1.2730593073348149
2025-10-27 23:00:00,198.4,199.16,197.6,198.62,15960,2025-10-27 23:59:59.999,3160432.1500,884,1654,328772.8500,0,44.48367166813771,-0.10393161442615906,0.3796379357689178,-0.48356955019507686,204.6256598025061,200.794,196.96234019749392,1.6864285714285725,27477.45,-0.7247463387814209,198.98999999999998,0.6292058486630133
2025-10-28 00:00:00,198.59,199.76,197.6,199.6,11221,2025-10-28 00:59:59.999,2236573.0200,821,10095,2012372.6800,0,46.285226302305716,-0.11604819377583908,0.28050070985996645,-0.3965489036358055,204.14811018069767,200.57850000000002,197.00888981930237,1.7350000000000014,27161.25,0.07520681875156966,198.91,0.47528938552394456
2025-10-28 01:00:00,199.6,200.17,199.26,199.34,4866,2025-10-28 01:59:59.999,972443.4800,541,3311,662074.1700,0,46.84528954191881,-0.14495949447689327,0.1954086689925945,-0.34036816346948773,203.4848273026023,200.33200000000002,197.17917269739775,1.6471428571428592,26240.15,-0.42957042957042224,198.988,0.5139260647133344
2025-10-28 02:00:00,199.26,201.19,199.19,200.74,12650,2025-10-28 02:59:59.999,2538042.2900,2111,6927,1390183.1400,0,55.222672064777406,-0.05427792671295606,0.14547134985148438,-0.19974927656444044,202.56325677007118,200.1365,197.70974322992885,1.710714285714287,25676.3,0.8540996784566003,199.32800000000003,0.9414456967832845
2025-10-28 03:00:00,200.74,201.73,199.84,201.19,29049,2025-10-28 03:59:59.999,5837386.1400,3450,15976,3216085.4400,0,54.10788381742742,0.053284873406511224,0.12703405456248976,-0.07374918115597853,202.30766962642946,200.074,197.84033037357057,1.6985714285714286,25807.45,0.5949999999999989,199.898,1.050199980952108
2025-10-28 04:00:00,201.14,201.84,199.84,201.12,14186,2025-10-28 04:59:59.999,2854726.8400,3243,4764,959048.6200,0,59.48905109489056,0.13136644189435742,0.12790053202886328,0.003465909865494138,202.38699450117903,200.10899999999998,197.83100549882093,1.6985714285714286,24786.25,-0.6127693220003998,200.398,0.869149009084085
2025-10-28 05:00:00,201.12,201.87,198.76,198.76,25638,2025-10-28 05:59:59.999,5127894.9300,3134,6121,1225500.0100,0,44.983818770226506,0.002782298209382361,0.10287688526496709,-0.10009458705558473,202.4087876682124,200.0535,197.69821233178763,1.7800000000000011,23559.2,-1.6915619744781956,200.23,1.1098198051899402
2025-10-28 06:00:00,198.76,200.7,198.61,200.7,29930,2025-10-28 06:59:59.999,5981506.3400,3066,23024,4606471.0900,0,43.04857621440525,0.05676586314896781,0.09365468084176724,-0.03688881769279943,202.43107158321033,200.065,197.69892841678967,1.7007142857142838,23698.5,-0.4464285714285743,200.502,0.9982083950718218
2025-10-28 07:00:00,200.7,202.68,200.65,202.16,57223,2025-10-28 07:59:59.999,11541894.9000,4292,43502,8768883.3900,0,49.924357034795726,0.21488101102872292,0.11789994687915839,0.09698106414956453,202.71436045528552,200.16950000000003,197.62463954471454,1.7321428571428552,24492.5,1.0799999999999983,200.786,1.252469560505123
2025-10-28 08:00:00,202.16,203.73,201.86,203.33,21017,2025-10-28 08:59:59.999,4260925.1000,3763,11989,2431306.2300,0,56.263577118030476,0.4296449472760173,0.1802489469585302,0.24939600031748713,203.2465121309843,200.3635,197.48048786901566,1.7485714285714238,24056.35,2.201558180447361,201.214,1.7078875841202041
2025-10-28 09:00:00,203.33,203.89,201.55,201.91,33705,2025-10-28 09:59:59.999,6826042.0500,3840,14775,2998118.5200,0,57.00660308143798,0.47973469849802086,0.24014609726642835,0.2395886012315925,203.41191392845002,200.449,197.48608607155,1.7642857142857074,22631.3,1.4419212218649542,201.372,1.7333695509013543
2025-10-28 10:00:00,201.91,202.2,199.0,200.19,46615,2025-10-28 10:59:59.999,9356302.3200,3991,19114,3837644.9900,0,54.33566433566436,0.3763037662816373,0.26737763106947016,0.10892613521216715,203.39805776629558,200.50650000000002,197.61494223370445,1.9121428571428498,23522.75,0.9327417565796079,201.658,1.243370419461546
2025-10-28 11:00:00,200.21,200.53,199.26,199.6,21881,2025-10-28 11:59:59.999,4374822.0600,3228,7307,1462403.1300,0,51.89189189189189,0.24391424655331662,0.26268495416623944,-0.01877070761292282,203.39827120993084,200.4865,197.57472879006917,1.9442857142857082,23427.3,0.4934044909878108,201.438,1.521469684217191
2025-10-28 12:00:00,199.62,200.17,198.16,200.14,34424,2025-10-28 12:59:59.999,6858015.9400,3992,16935,3379311.6400,0,56.1475409836065,0.1804875374038204,0.24624547081375564,-0.06575793340993524,203.15270400858444,200.3755,197.59829599141554,2.0314285714285654,21931.15,0.27054108216432465,201.034,1.5497515929954435
2025-10-28 13:00:00,200.15,202.83,200.12,202.57,35730,2025-10-28 13:59:59.999,7195979.1000,4147,25111,5058711.0200,0,61.762954139368624,0.32258356257261767,0.26151308916552807,0.0610704734070896,203.23041884031872,200.395,197.5595811596813,2.1135714285714227,22871.2,1.6203471455804104,200.882,1.2824858673653527
2025-10-28 14:00:00,202.57,202.87,196.94,199.37,100302,2025-10-28 14:59:59.999,20040917.3900,5778,25837,5155981.8400,0,49.39505523408735,0.1749655359946587,0.2442035785313542,-0.0692380425366955,203.09468274416423,200.2835,197.47231725583578,2.3828571428571377,27129.45,-0.682474843080604,200.374,1.2765304540009237
2025-10-28 15:00:00,199.37,200.45,198.28,198.74,41527,2025-10-28 15:59:59.999,8275810.9800,4148,22327,4455864.9300,0,48.45201238390095,0.0070600674678189534,0.19677487631864715,-0.1897148088508282,203.113711473711,200.22050000000002,197.32728852628904,2.472857142857137,28061.05,-1.2177543615487791,200.084,1.4776433940541192
2025-10-28 16:00:00,198.68,200.33,197.96,199.85,53728,2025-10-28 16:59:59.999,10704478.8900,4080,38733,7721793.1100,0,47.66893661602929,-0.036023249098462884,0.15021525123522517,-0.18623850033368805,203.10296718043293,200.2655,197.42803281956708,2.499285714285709,30062.35,-0.6314638027048579,200.13400000000001,1.4613110551801691
2025-10-28 17:00:00,199.85,200.78,199.78,200.76,24565,2025-10-28 17:59:59.999,4922938.3300,3682,12605,2527015.0500,0,48.90025575447569,0.0032251296499055115,0.12081722691816123,-0.11759209726825572,203.1363482903085,200.3515,197.56665170969148,2.435714285714281,30933.2,1.0062386798148522,200.25799999999998,1.4880087365307304
2025-10-28 18:00:00,200.76,201.06,198.82,199.45,40933,2025-10-28 18:59:59.999,8168446.5900,3849,14234,2842734.6400,0,45.98364598364595,-0.07056289417570838,0.0825412026993873,-0.15310409687509569,203.0643837549528,200.40699999999998,197.74961624504718,2.452857142857139,32757.5,-0.6228201295465869,199.634,0.7445334109304718
2025-10-28 19:00:00,199.45,199.92,191.5,195.24,75414,2025-10-28 19:59:59.999,14868080.2400,4862,14914,2950109.9400,0,42.22614840989403,-0.4634103442479329,-0.026649106690076772,-0.4367612375578562,203.68615190775887,200.238,196.78984809224113,2.8321428571428515,35730.2,-3.423031262366436,198.808,2.123880881780268
2025-10-28 20:00:00,195.29,195.7,192.38,192.7,54102,2025-10-28 20:59:59.999,10476563.0200,4663,14404,2791029.5100,0,32.7882960413081,-0.9685368610366822,-0.21502665755939793,-0.7535102034772843,204.71641263772,199.893,195.06958736228,2.9199999999999955,37874.25,-5.2279545566320875,197.6,3.465912578238484
2025-10-28 21:00:00,192.7,194.13,190.61,193.79,83920,2025-10-28 21:59:59.999,16147243.8300,5497,44935,8658848.2700,0,31.700918233493653,-1.2663022304747926,-0.425281772142477,-0.8410204583323156,205.1578896613218,199.6155,194.0731103386782,3.0264285714285655,41826.95,-4.021593779406669,196.388,3.5411537667816333
2025-10-28 22:00:00,193.76,194.85,192.8,194.55,30096,2025-10-28 22:59:59.999,5846594.5400,4032,19123,3717037.1200,0,30.454140694568125,-1.4245366113112539,-0.6251327399762325,-0.7994038713350213,205.26003233554056,199.30599999999998,193.3519676644594,3.039285714285709,42699.25,-2.8173235426344907,195.14600000000002,2.5840917166369692
2025-10-28 23:00:00,194.78,194.9,193.82,194.07,15501,2025-10-28 23:59:59.999,3010125.4500,3477,5353,1040513.2400,0,31.78438661710038,-1.5705659796439022,-0.8142193879097666,-0.7563465917341357,205.2699167216389,198.95,192.63008327836107,2.9492857142857116,42021.85,-2.7705410821643293,194.07,0.942682343099662
2025-10-29 00:00:00,194.07,194.95,193.32,193.68,15478,2025-10-29 00:59:59.999,3004725.7700,1970,8569,1665217.6500,0,33.87815750371473,-1.6981893767176643,-0.9910133856713463,-0.707175991046318,205.2273801848093,198.578,191.9286198151907,2.837142857142855,42086.45,-3.227740581592875,193.75799999999998,0.6802720044157935
2025-10-29 01:00:00,193.69,194.79,192.9,194.05,64220,2025-10-29 01:59:59.999,12410763.2100,1796,28116,5433530.9800,0,36.10415623435157,-1.7493109627245929,-1.1426729010819958,-0.606638061642597,205.29161088595453,198.3425,191.39338911404548,2.8814285714285677,44015.55,-4.205953497556392,194.028,0.3363331681411337
2025-10-29 02:00:00,194.06,194.71,193.6,194.6,9113,2025-10-29 02:59:59.999,1770340.8000,1117,5282,1027141.2800,0,36.136136136136145,-1.725553675832856,-1.2592490560321679,-0.46630461980068816,205.0856976046158,198.0375,190.9893023953842,2.817142857142855,42974.7,-2.3925364899433266,194.19,0.38464269132773
2025-10-29 03:00:00,194.6,194.68,193.25,193.83,21016,2025-10-29 03:59:59.999,4068121.0400,1040,693,134648.9500,0,26.14628820960698,-1.7487004889423758,-1.3571393426142095,-0.3915611463281663,204.62783545960096,197.621,190.61416454039906,2.7257142857142833,41164.35,-2.470564556707254,194.046,0.34932792615512887
2025-10-29 04:00:00,193.84,194.72,193.69,194.47,7077,2025-10-29 04:59:59.999,1375016.4600,1210,3129,608559.5400,0,34.45431472081212,-1.695853114723974,-1.4248820970361626,-0.2709710176878113,203.77330806112028,197.178,190.58269193887972,2.3757142857142832,40467.35,-2.6920190142606932,194.126,0.3985348165365744
2025-10-29 05:00:00,194.47,195.51,193.68,194.87,39181,2025-10-29 05:59:59.999,7648837.0400,1065,26245,5125654.8700,0,37.54024468770119,-1.6032136834734274,-1.4605484143236158,-0.1426652691498116,203.1016485091623,196.826,190.5503514908377,2.3514285714285683,40741.15,-2.9338513648137012,194.364,0.4203332011533707
2025-10-29 06:00:00,195.08,195.57,193.68,195.44,72291,2025-10-29 06:59:59.999,14099874.1600,1401,67289,13124903.9700,0,35.290193462308196,-1.466892605616465,-1.4618172525821858,-0.005075353034279306,202.68507807385015,196.5885,190.49192192614987,2.3171428571428527,42024.95,-2.0105289546252147,194.642,0.58725633244082
2025-10-29 07:00:00,195.45,195.83,195.06,195.53,87012,2025-10-29 07:59:59.999,17013249.1100,1605,35730,6986770.5400,0,31.545518701482038,-1.3361921303084046,-1.4366922281274297,0.10050009781902514,202.32810392055782,196.385,190.44189607944216,2.300714285714282,45281.5,0.14853513624256917,194.82800000000003,0.7059178422393373
2025-10-29 08:00:00,195.53,195.53,194.12,194.42,38954,2025-10-29 08:59:59.999,7597402.1300,1865,3556,692878.3100,0,31.99713672154617,-1.3071112208185127,-1.4107760266656464,0.10366480584713367,201.82792164005735,196.099,190.37007835994262,2.241428571428567,45508.0,0.8925791385573425,194.946,0.5230009560142821
2025-10-29 09:00:00,194.37,194.52,193.77,194.14,13953,2025-10-29 09:59:59.999,2707974.8900,1536,5770,1120715.6300,0,44.52191235059751,-1.2917673604395645,-1.38697429342043,0.09520693298086558,200.58309669636532,195.6775,190.7719033036347,1.6935714285714252,44419.15,0.18060787450332544,194.88,0.6114327436373175
2025-10-29 10:00:00,194.13,196.88,193.68,196.22,243466,2025-10-29 10:59:59.999,47714875.0500,2495,174640,34211751.3200,0,68.37160751565764,-1.099098895921145,-1.3293992139205733,0.2303003179994283,200.11912577505316,195.52,190.92087422494686,1.6849999999999963,51577.35,0.8583911590850616,195.15,0.8553361912089636
2025-10-29 11:00:00,196.22,198.85,196.09,198.65,407995,2025-10-29 11:59:59.999,80668253.4300,2620,307963,60859478.5200,0,72.25274725274728,-0.7417763223421048,-1.2118746356048797,0.47009831326277496,200.1015175361774,195.5155,190.9294824638226,1.6307142857142825,69900.75,2.3599732055443976,195.79199999999997,1.8049570631989715
2025-10-29 12:00:00,198.65,199.57,198.11,199.57,245644,2025-10-29 12:59:59.999,48802605.3500,1983,176224,35027682.7500,0,72.65342960288804,-0.37997913424069907,-1.0454955353320436,0.6655164010913446,200.03319086603273,195.5015,190.96980913396726,1.5885714285714252,79496.55,3.041098719537374,196.6,2.4480502445807377
2025-10-29 13:00:00,199.57,201.41,199.44,200.53,431802,2025-10-29 13:59:59.999,86515502.2800,2948,256282,51336087.0800,0,77.94117647058833,-0.015608355708366162,-0.839518099407308,0.8239097436989419,199.9663330857699,195.49,191.01366691423013,1.6521428571428527,99858.4,3.3393455295026997,197.822,2.6075793372382186
2025-10-29 14:00:00,200.47,200.59,198.81,199.92,445783,2025-10-29 14:59:59.999,89022174.5700,2977,190757,38099410.8300,0,76.48556876061112,0.22138422981652184,-0.627337633562542,0.8487218633790639,200.08136613777734,195.5135,190.94563386222265,1.6628571428571388,120100.9,2.7338129496402845,198.978,1.6852803920984736
2025-10-29 15:00:00,199.92,200.18,196.59,196.64,494148,2025-10-29 15:59:59.999,98067611.6200,3009,100440,19942680.9100,0,58.81552076242333,0.14288686258024086,-0.47329273433398544,0.6161795969142263,200.1765578049946,195.58350000000002,190.99044219500544,1.7842857142857116,141037.6,1.4497239849352388,199.06199999999998,1.5153448452387321
2025-10-29 16:00:00,196.62,196.68,194.83,195.12,330889,2025-10-29 16:59:59.999,64847104.3700,2384,95536,18719739.9500,0,51.66028097062582,-0.04149582528381757,-0.3869333525239519,0.3454375272401343,200.10101285261166,195.7045,191.30798714738833,1.837142857142853,154876.95,0.3342417853653549,198.356,2.348537842997568
2025-10-29 17:00:00,195.11,198.16,194.83,197.9,384275,2025-10-29 17:59:59.999,75558776.7900,2544,285570,56129687.0400,0,61.51669496321446,0.036284072546720836,-0.30228986750981734,0.3385739400565382,200.31393603854565,195.91,191.50606396145434,1.972857142857137,169894.7,1.5548827423410485,198.022,2.249382137386113
2025-10-29 18:00:00,197.86,197.93,189.92,194.11,753359,2025-10-29 18:59:59.999,146655723.1900,4149,350303,68053739.6200,0,49.135446685878996,-0.2055269371022348,-0.2829372814283008,0.07741034432606603,200.32481535860327,195.888,191.45118464139674,2.471428571428567,206057.85,-0.6805157593123128,196.738,2.291794057063563
2025-10-29 19:00:00,194.11,194.99,191.78,192.98,268977,2025-10-29 19:59:59.999,51830035.8500,2308,101075,19488093.8300,0,45.61484918793501,-0.48278027016507963,-0.3229058791756566,-0.15987439098942302,200.3895198465467,195.83350000000002,191.27748015345333,2.569999999999997,218731.65,-1.3041477011200386,195.35,1.9604846339597026
2025-10-29 20:00:00,193.08,195.83,192.1,195.45,339389,2025-10-29 20:59:59.999,65786273.0600,2469,206319,40043538.6900,0,50.02132196162045,-0.49746273601013513,-0.35781725054255237,-0.13964548546758276,200.36935568980053,195.922,191.47464431019947,2.701428571428571,234927.2,0.529780886740048,195.112,1.8328038629357333
2025-10-29 21:00:00,195.45,196.68,195.19,195.96,210495,2025-10-29 21:59:59.999,41247562.5300,1703,133567,26171014.8900,0,50.90071219103479,-0.4626132407490502,-0.37877644858385195,-0.08383679216519824,200.37675573078,196.01749999999998,191.65824426921998,2.7528571428571422,242240.95,0.9374678067374171,195.28,1.871803942722668
2025-10-29 22:00:00,195.96,196.19,195.23,195.3,221229,2025-10-29 22:59:59.999,43299741.1500,1674,73333,14359548.9900,0,51.878736122971866,-0.4826871320317139,-0.3995585852734244,-0.08312854675828946,200.37492073989267,196.0525,191.73007926010735,2.720714285714286,252846.75,-0.4688614820099824,194.76000000000002,1.2040141195152942
2025-10-29 23:00:00,195.3,195.4,193.24,193.83,53462,2025-10-29 23:59:59.999,10374699.3400,1942,9934,1927491.2500,0,49.370174725721306,-0.6101787889394075,-0.44168262600662106,-0.1684961629327864,200.37492073989267,196.0525,191.73007926010735,2.8214285714285716,254469.05,-2.426378051849984,194.704,1.2475295587649216
2025-10-30 00:00:00,194.45,194.56,192.23,194.56,186012,2025-10-30 00:59:59.999,35898873.6600,1727,79761,15389525.7200,0,46.431642304385214,-0.6448781920557849,-0.4823217392164539,-0.162556452839331,200.37266595458934,196.057,191.74133404541064,2.759285714285716,263415.8,-2.5103973543117655,195.02,0.8328565302572466
2025-10-30 01:00:00,194.5,195.67,193.46,195.44,65998,2025-10-30 01:59:59.999,12880660.4200,1386,59882,11692000.7200,0,42.60709350529708,-0.5945158646734114,-0.5047605643078454,-0.089755300365566,200.37561335882882,196.0855,191.79538664117118,2.720000000000001,264756.65,-2.538273575026182,195.01800000000003,0.8315768154489059
2025-10-30 02:00:00,195.55,197.9,195.27,197.9,309858,2025-10-30 02:59:59.999,60892021.9600,2082,261101,51325334.7700,0,46.40860215053767,-0.35204377496157235,-0.47421720643859083,0.12217343147701848,200.56129111907967,196.20850000000002,191.85570888092036,2.8035714285714306,276635.0,-1.0104041616646569,195.406,1.5355715548264375
2025-10-30 03:00:00,197.9,197.92,196.59,196.76,252211,2025-10-30 03:59:59.999,49739176.6300,1857,80635,15902677.0300,0,41.9547588561673,-0.24900104057240924,-0.42917397326535456,0.18017293269294532,200.61718057450938,196.27,191.92281942549064,2.757857142857144,284894.95,0.0610252237591561,195.698,1.6452720139818966
2025-10-30 04:00:00,196.76,196.82,190.71,192.07,709050,2025-10-30 04:59:59.999,136934711.6200,4514,185818,35777284.5800,0,35.732460923300636,-0.5395629889504505,-0.45125177640237374,-0.08831121254807678,200.82508015053574,196.1525,191.47991984946427,3.067142857142857,318399.75,-1.5631406314063199,195.346,2.229412478657124
2025-10-30 05:00:00,192.13,195.36,191.58,195.15,344872,2025-10-30 05:59:59.999,66310385.7900,2587,238155,45834881.1700,0,47.27206151592828,-0.5153643674352395,-0.46407429460894695,-0.051290072826292554,200.80530194119396,196.203,191.60069805880605,3.0807142857142855,334945.7,-1.3895907023749368,195.464,2.1927220526076923
2025-10-30 06:00:00,195.12,195.31,193.47,194.1,30263,2025-10-30 06:59:59.999,5878136.0300,1605,11273,2196495.0200,0,48.09985096870341,-0.5742929190408574,-0.48611801949532907,-0.08817489954552837,200.79432779578724,196.097,191.39967220421278,3.0800000000000005,324285.55,-0.005151718097995635,195.19599999999997,2.2766708150262107
2025-10-30 07:00:00,194.1,195.92,193.48,195.76,175493,2025-10-30 07:59:59.999,34336346.9100,1795,86033,16833277.3900,0,45.83981337480558,-0.4814957111075273,-0.4851935578177688,0.0036978467102414814,200.49438402827923,195.9525,191.41061597172074,3.016428571428573,312660.45,1.4405637889936789,194.76799999999997,1.7904943451438562
2025-10-30 08:00:00,195.77,195.77,194.71,195.08,95713,2025-10-30 08:59:59.999,18705820.5900,1742,22323,4363062.1600,0,52.145068553737275,-0.45754922955163124,-0.47966469216454133,0.022115462612910086,199.94958164423824,195.728,191.50641835576178,2.52,305163.9,-0.18930672806343113,194.432,1.4481263756979785
2025-10-30 09:00:00,195.24,195.3,192.35,192.45,217316,2025-10-30 09:59:59.999,41920936.4600,2231,81246,15676319.1000,0,48.900871007880546,-0.6433740747195031,-0.5124065686755337,-0.13096750604396945,199.13741344536416,195.324,191.51058655463586,2.5014285714285722,294439.6,-1.7911818738518164,194.50799999999998,1.2950559833428645
2025-10-30 10:00:00,192.45,192.48,191.14,192.04,369743,2025-10-30 10:59:59.999,70927998.2600,2282,155606,29844846.6800,0,42.26757369614515,-0.8143379952958298,-0.5727928539995929,-0.24154514129623694,198.35227379015137,194.93,191.50772620984864,2.3307142857142855,290637.6,-1.6692268305171627,193.886,1.6165642579224098
2025-10-30 11:00:00,192.05,192.23,191.45,191.85,348886,2025-10-30 11:59:59.999,66952379.2000,2190,145981,28028621.8600,0,40.543028071790125,-0.9541605769975661,-0.6490663985991876,-0.3050941783983785,198.2754655360626,194.6905,191.10553446393737,2.279999999999999,283374.5,-1.021513697570045,193.436,1.839845102173632
2025-10-30 12:00:00,191.85,191.89,186.8,187.41,705759,2025-10-30 12:59:59.999,133528663.0000,3571,117882,22193656.3200,0,34.535476283810254,-1.407022593122889,-0.8006576375039279,-0.6063649556189611,199.13682214730395,194.305,189.47317785269607,2.5749999999999966,302118.0,-3.6749588815789505,191.76600000000002,2.7616715952467192
2025-10-30 13:00:00,187.41,188.24,185.32,185.91,574084,2025-10-30 13:59:59.999,107307010.1400,3362,222991,41710783.3000,0,34.494909945184006,-1.8654526901655117,-1.0136166480362447,-0.851836042129267,199.5321157912604,193.7055,187.8788842087396,2.6292857142857122,311608.45,-4.876176831764225,189.932,3.0413681132004977
2025-10-30 14:00:00,185.82,187.36,185.79,187.2,377621,2025-10-30 14:59:59.999,70431227.5000,2335,267105,49835734.6900,0,35.90038314176243,-2.100456866593049,-1.2309846917476057,-0.8694721748454435,199.86555066644638,193.35999999999999,186.8544493335536,2.574999999999999,292821.55,-5.406771096513399,188.882,2.8552880765332453
2025-10-30 15:00:00,187.25,187.34,184.56,184.72,429433,2025-10-30 15:59:59.999,79833613.9800,2642,58672,10916124.1500,0,30.649819494584847,-2.4584748752859014,-1.476482728455265,-0.9819921468306363,200.51597017259945,192.947,185.37802982740055,2.615714285714286,300844.35,-6.11912990445212,187.41799999999998,2.703862052692995
2025-10-30 16:00:00,184.74,185.56,184.51,184.99,207066,2025-10-30 16:59:59.999,38305394.1500,1311,135726,25116913.3100,0,24.696197569580576,-2.6894180459109407,-1.7190697919464006,-0.97034825396454,200.67917356124818,192.424,184.16882643875184,2.5028571428571444,294228.2,-3.6861560889259044,186.046,1.2333004500094122
2025-10-30 17:00:00,184.99,185.01,181.68,183.28,336537,2025-10-30 17:59:59.999,61749514.7300,1875,71472,13067296.2300,0,24.156441717791438,-2.976118045165208,-1.9704794425901624,-1.0056386025750457,200.81362746524883,191.79000000000002,182.7663725347512,2.6457142857142872,300530.3,-6.082500640532926,185.21999999999997,1.454561789678797
2025-10-30 18:00:00,183.28,183.51,181.35,181.35,210784,2025-10-30 18:59:59.999,38413578.8800,1424,24373,4452218.0700,0,27.015437392795917,-3.32078479050503,-2.2405405121731365,-1.0802442783318935,201.0789769089326,191.0925,181.1060230910674,2.3635714285714307,300008.05,-6.568778979907266,184.308,2.16824122274109
2025-10-30 19:00:00,181.35,181.44,179.31,179.31,251417,2025-10-30 19:59:59.999,45353780.2800,1751,41985,7571127.4800,0,14.452423698384194,-3.7157141802669003,-2.5355752457918896,-1.1801389344750106,201.55397471623183,190.3665,179.17902528376817,2.2457142857142878,309905.8,-8.403146710257452,182.73,2.3964035553291287
2025-10-30 20:00:00,179.32,181.8,179.14,181.8,283313,2025-10-30 20:59:59.999,51071537.0300,1634,231990,41852507.8600,0,24.072512647554845,-3.7841549935530736,-2.7852911953441266,-0.998863798208947,201.35575160990373,189.7285,178.10124839009626,2.304285714285718,314770.85,-6.807463604675005,182.14600000000002,2.1313446459909295
2025-10-30 21:00:00,181.79,182.18,181.36,182.14,126742,2025-10-30 21:59:59.999,23045344.3000,897,69060,12565551.6500,0,19.59821428571425,-3.767529932810845,-2.9817389428374708,-0.7857909899733744,200.83578015296985,189.0635,177.29121984703016,2.1885714285714317,317808.05,-5.357235645622241,181.576,1.4541079739807088
2025-10-30 22:00:00,182.14,183.35,182.11,183.35,133517,2025-10-30 22:59:59.999,24398206.4600,1113,123604,22590241.5700,0,24.422154382904452,-3.615045569747167,-3.1084002682194103,-0.5066453015277568,199.59619051909522,188.33599999999998,177.07580948090475,2.201428571428573,308991.0,-4.525098937721308,181.58999999999997,1.474805071863493
2025-10-30 23:00:00,183.35,184.29,182.7,184.21,211144,2025-10-30 23:59:59.999,38721635.7300,1375,165027,30283514.7200,0,30.529300567107796,-3.3857766748141387,-3.1638755495383566,-0.2219011252757821,198.37518650765725,187.70850000000002,177.04181349234278,2.104285714285715,306937.65,-3.9822778212144834,182.162,1.8621949414586527
2025-10-31 00:00:00,184.29,185.75,184.18,185.35,157408,2025-10-31 00:59:59.999,29077013.5400,1049,125325,23161073.9800,0,34.71904979442668,-3.0766255272191643,-3.1464255450745187,0.06980001785535439,197.88292965720012,187.3725,176.86207034279988,2.1207142857142856,279355.55,-1.09919427992103,183.36999999999998,1.4666458331833199
2025-10-31 01:00:00,185.38,186.44,185.07,186.09,138948,2025-10-31 01:59:59.999,25846394.4100,993,79790,14837472.6900,0,37.16577540106954,-2.740320491043974,-3.06520453426841,0.324884043224436,196.7793547549889,186.9195,177.0596452450111,2.162857142857143,269059.35,0.09682104243989395,184.228,1.5697834245506215
2025-10-31 02:00:00,186.07,186.15,183.84,184.51,489567,2025-10-31 02:59:59.999,90541170.4500,2792,145117,26809851.0000,0,42.59448416751786,-2.5716448018349922,-2.966492587781727,0.39484778594673475,195.7467853006063,186.44,177.1332146993937,1.9642857142857164,292024.55,-1.4369658119658109,184.702,1.0551398011608615
2025-10-31 03:00:00,184.47,185.28,184.13,184.99,385919,2025-10-31 03:59:59.999,71315140.6500,2211,201682,37277754.7700,0,47.52155172413797,-2.3718943923198594,-2.8475729486893537,0.4756785563694943,194.1204467246819,185.9015,177.6825532753181,1.8378571428571442,302545.85,0.14616717193590853,185.03,0.7366138744238597
2025-10-31 04:00:00,184.99,186.64,184.95,186.5,311326,2025-10-31 04:59:59.999,57875628.8600,1947,266052,49455706.5100,0,48.136315228967014,-2.0679088077444874,-2.691640120500381,0.6237313127558934,192.4807684249242,185.4725,178.4642315750758,1.846428571428571,313326.5,0.8162603383966651,185.488,0.8077871006606062
2025-10-31 05:00:00,186.47,186.47,185.26,185.53,302661,2025-10-31 05:59:59.999,56225772.8100,2056,164344,30520590.4400,0,52.34510712217718,-1.8835564687439046,-2.530023390149086,0.6464669214051812,191.3202770977685,185.1265,178.9327229022315,1.7364285714285717,317593.75,1.2276298559580967,185.52399999999997,0.8041019835777444
2025-10-31 06:00:00,185.53,185.62,185.01,185.34,267696,2025-10-31 06:59:59.999,49591922.0900,1739,217441,40285247.8400,0,51.01803374054681,-1.7328125396837208,-2.370581220056013,0.6377686803722922,190.06762806596083,184.79149999999998,179.51537193403914,1.7050000000000003,312491.4,2.2001654259718824,185.374,0.7394795467040888
2025-10-31 07:00:00,185.34,185.89,184.78,185.23,250942,2025-10-31 07:59:59.999,46556866.1400,2314,217118,40284971.5400,0,56.25400898011541,-1.6037360990845855,-2.2172121958617277,0.6134760967771422,188.57483680784875,184.4605,180.34616319215124,1.546428571428572,307594.2,3.3015448106630902,185.518,0.5826405409801692
2025-10-31 08:00:00,185.25,186.41,184.51,186.41,25770,2025-10-31 08:59:59.999,4777456.6400,3735,8980,1668007.3000,0,67.0485175202156,-1.3902005846655072,-2.0518098736224837,0.6616092889569765,188.39620854824798,184.4105,180.42479145175204,1.527857142857144,273594.75,2.5357535753575275,185.802,0.6065228767273574
2025-10-31 09:00:00,186.39,186.81,185.92,186.51,33218,2025-10-31 09:59:59.999,6188689.5400,4392,7672,1431241.7500,0,77.90697674418593,-1.1990807305233488,-1.8812640450026568,0.6821833144793079,188.48236759855,184.4405,180.39863240144996,1.4392857142857167,246551.45,2.399253321620734,185.804,0.6094095502973591
2025-10-31 10:00:00,186.51,187.19,185.87,186.41,37611,2025-10-31 10:59:59.999,7019613.4500,5260,22726,4245263.4100,0,71.93149381541377,-1.0436554233689606,-1.7137423206759177,0.6700868973069571,188.34353939005095,184.401,180.45846060994907,1.3435714285714286,229550.95,1.6689391873466062,185.98000000000002,0.6369458375667576
2025-10-31 11:00:00,186.41,188.42,186.05,188.42,57016,2025-10-31 11:59:59.999,10668107.2700,4694,31054,5824907.2100,0,75.77996715927743,-0.7496480696341052,-1.5209234704675552,0.7712754008334499,188.91942650372152,184.58599999999998,180.25257349627844,1.4542857142857133,210930.1,2.2854351012431353,186.596,1.1477717543107566
2025-10-31 12:00:00,188.42,189.4,186.5,186.5,64451,2025-10-31 12:59:59.999,12124800.6800,5362,30905,5831544.2400,0,62.218774243599704,-0.6639198230368777,-1.3495227409814199,0.6856029179445422,189.0764138395358,184.6615,180.24658616046418,1.5728571428571436,203799.35,0.6204478014567066,186.85,0.8789482351046517
2025-10-31 13:00:00,186.5,188.28,186.17,188.19,34102,2025-10-31 13:59:59.999,6382562.4200,4700,20916,3919724.1100,0,64.50437317784252,-0.45437296518392145,-1.1704927858219203,0.7161198206379988,189.53917170847984,184.90699999999998,180.27482829152012,1.6100000000000014,188677.6,1.1284862163469258,187.206,1.0072884393229138
2025-10-31 14:00:00,188.19,189.08,186.95,188.94,32335,2025-10-31 14:59:59.999,6077527.3600,4300,14648,2758181.5400,0,63.46586646661665,-0.2251909772343197,-0.9814324241044001,0.7562414468700804,189.93528603282053,185.2865,180.63771396717945,1.6500000000000037,179755.15,2.4009538778386035,187.692,1.1618820938432557
2025-10-31 15:00:00,188.97,190.04,188.11,188.11,43208,2025-10-31 15:59:59.999,8162566.1700,4964,18338,3470025.2000,0,57.52608047690019,-0.10927698693495813,-0.8070013366705119,0.6977243497355538,189.5936315358791,185.7265,181.85936846412088,1.6900000000000017,169344.7,1.686577652846102,188.03199999999998,0.9155708601706244
2025-10-31 16:00:00,188.11,188.48,184.71,184.77,61926,2025-10-31 16:59:59.999,11548820.9000,5241,9240,1728263.1700,0,50.85638998682484,-0.2836546072197166,-0.7023319907803529,0.41867738356063633,189.31137814229513,185.875,182.43862185770487,1.7942857142857147,158275.35,-0.9276139410187613,187.302,1.6717266522950343
2025-10-31 17:00:00,184.77,185.69,184.28,185.25,32244,2025-10-31 17:59:59.999,5963810.4000,4865,8874,1643734.9600,0,50.856389986824745,-0.3787521204659754,-0.6376160167174775,0.2588638962515021,189.00576982411977,186.0305,183.0552301758802,1.8128571428571425,153550.45,-0.15091898884277535,187.052,1.8995841650196919
2025-10-31 18:00:00,185.24,186.36,184.25,185.86,35435,2025-10-31 18:59:59.999,6579858.4100,4310,19679,3659132.5500,0,47.759103641456626,-0.4002814870211182,-0.5901491107782056,0.18986762375708743,188.85403359192583,186.156,183.45796640807418,1.8428571428571436,148646.35,0.28056544728607435,186.586,1.8353283085032883
2025-10-31 19:00:00,185.86,188.83,184.92,188.5,58237,2025-10-31 19:59:59.999,10912124.5400,5250,47641,8933911.8800,0,59.31034482758623,-0.20198932136463554,-0.5125171528954916,0.31052783153085606,189.09907375506782,186.3705,183.64192624493216,2.0335714285714306,141001.0,1.7653727797872971,186.498,1.6997852805556166
2025-10-31 20:00:00,188.59,188.89,186.71,186.77,25729,2025-10-31 20:59:59.999,4829412.6400,4678,6188,1163949.9600,0,54.088050314465434,-0.18233603691734857,-0.44648092969986297,0.2641448927825144,189.13189832699504,186.4415,183.75110167300494,2.145714285714285,134417.05,0.193122686551158,186.23,1.472531833270003
2025-10-31 21:00:00,186.87,187.55,186.54,187.09,17593,2025-10-31 21:59:59.999,3289713.8600,3382,7881,1474518.2800,0,55.254237288135656,-0.1393331954054986,-0.3850513828409901,0.2457181874354915,189.19154502886488,186.4915,183.79145497113512,2.1385714285714306,128349.3,0.3109752828266648,186.69400000000002,1.2454838417231855
2025-10-31 22:00:00,187.09,187.74,186.4,187.21,28771,2025-10-31 22:59:59.999,5385065.8400,3971,15067,2822056.8800,0,52.403846153846196,-0.09448101820498778,-0.32693730991378966,0.2324562917088019,189.17514484114977,186.62650000000002,184.07785515885027,2.09857142857143,105309.5,0.4291615256692299,187.086,0.9510152469826968
2025-10-31 23:00:00,187.17,187.68,186.78,187.12,17359,2025-10-31 23:59:59.999,3252049.5000,3682,6239,1169442.3200,0,51.83403487672886,-0.06544320395150294,-0.27463848872133234,0.2091952847698294,189.16924473751232,186.733,184.2967552624877,2.0992857142857155,86881.5,-0.6899479885362398,187.33800000000002,0.6704998135671466
2025-11-01 00:00:00,187.12,187.69,186.06,187.01,16912,2025-11-01 00:59:59.999,3156840.7800,3815,4496,839716.1600,0,51.802884615384606,-0.05072191695575157,-0.22985517436821618,0.1791332574124646,189.1951523627399,186.7585,184.3218476372601,2.1214285714285728,72160.8,0.27345844504020955,187.04000000000002,0.16703293086565818
2025-11-01 01:00:00,187.02,187.73,186.01,186.02,15728,2025-11-01 01:59:59.999,2937684.4400,3575,4410,825519.9300,0,42.31754161331631,-0.11758447652371729,-0.20740103479931643,0.08981655827559915,189.1771252660372,186.78300000000002,184.38887473396284,2.075000000000003,57814.15,-1.153089962272165,186.89000000000001,0.4915790882386713
2025-11-01 02:00:00,186.02,186.55,185.38,186.5,27711,2025-11-01 02:59:59.999,5152177.0200,3456,11727,2182566.4800,0,50.0,-0.1303390804413027,-0.1919886439277137,0.061649563486410985,189.14233965562025,186.841,184.53966034437977,1.951428571428575,45814.9,-1.2914152641050056,186.772,0.5022648703558298
2025-11-01 03:00:00,186.49,187.24,186.48,187.11,18515,2025-11-01 03:59:59.999,3460387.9800,3031,7736,1446186.5300,0,45.87786259541989,-0.09018568943153582,-0.17162805302847814,0.08144236359694232,189.10935289829413,186.935,184.76064710170587,1.855000000000004,34193.55,-0.5316038488118654,186.752,0.482047715473849
2025-11-01 04:00:00,187.12,187.36,186.23,186.98,20577,2025-11-01 04:59:59.999,3841397.2900,3514,3969,742409.5100,0,42.147435897435855,-0.06806909317680265,-0.15091626105814304,0.08284716788134039,189.12377556721827,186.9635,184.80322443278175,1.7835714285714326,33933.9,1.1960816149807758,186.724,0.45883548249187844
2025-11-01 05:00:00,186.96,187.49,186.13,186.14,19419,2025-11-01 05:59:59.999,3624949.1500,3328,4986,933056.7400,0,42.113690952762106,-0.11697410644529782,-0.144127830135574,0.027153723690276188,189.12784700623655,186.945,184.76215299376344,1.7428571428571493,33243.95,0.48043184885289414,186.55,0.48733971723384917
2025-11-01 06:00:00,186.13,187.49,185.0,185.63,24985,2025-11-01 06:59:59.999,4637268.8300,3372,5667,1053119.4800,0,54.4513457556935,-0.19464072246537967,-0.15423040860153514,-0.04041031386384453,189.15593473589652,186.906,184.6560652641035,1.65142857142858,32612.65,-0.12374905843108694,186.472,0.6093192923201874
2025-11-01 07:00:00,185.63,186.17,184.91,185.71,23196,2025-11-01 07:59:59.999,4308958.8000,3508,9811,1824268.0300,0,52.48380129589637,-0.24689074102857944,-0.172762475086944,-0.07412826594163544,188.962182602838,186.7705,184.578817397162,1.6407142857142938,30921.65,-1.4801061007957517,186.314,0.6964409522662856
2025-11-01 08:00:00,185.71,186.33,185.23,186.33,15758,2025-11-01 08:59:59.999,2930370.3000,2812,5020,934082.7000,0,52.53505933117583,-0.2355551061019696,-0.18532100128994916,-0.05023410481202045,188.9594109167031,186.762,184.5645890832969,1.5685714285714372,28487.0,-0.23558387321304156,186.158,0.544306898719428
2025-11-01 09:00:00,186.33,186.59,185.69,185.75,46371,2025-11-01 09:59:59.999,8636250.7400,4701,19345,3605343.9500,0,30.929264909847532,-0.2702573282409446,-0.20230826668014829,-0.06794906156079633,188.7736008604194,186.64000000000001,184.50639913958062,1.353571428571436,29100.45,-0.7162328291196768,185.91199999999998,0.3054832237514174
2025-11-01 10:00:00,185.75,186.6,185.12,186.02,23977,2025-11-01 10:59:59.999,4452731.5200,4453,9615,1787336.9400,0,43.47826086956529,-0.2728273617886714,-0.21641208570185294,-0.056415276086818456,188.34595657559723,186.494,184.64204342440277,1.3035714285714366,28682.55,-0.6356498050317813,185.888,0.287262945737106
2025-11-01 11:00:00,186.03,186.49,185.52,186.07,21370,2025-11-01 11:59:59.999,3974035.4900,3425,10131,1884262.4200,0,40.69343065693429,-0.2677431731233355,-0.22667830318614948,-0.04106486993718603,188.08728882805528,186.392,184.6967111719447,1.3007142857142924,27590.65,-0.5611372381359616,185.976,0.2539291239569844
2025-11-01 12:00:00,186.07,186.53,185.83,186.28,16854,2025-11-01 12:59:59.999,3141062.2700,3167,6437,1199863.1200,0,41.65170556552964,-0.243956493421166,-0.2301339412331528,-0.013822552188013176,187.9836707305622,186.4675,184.9513292694378,1.2550000000000057,25337.05,-0.39035345703437774,186.09,0.23162469642411604
2025-11-01 13:00:00,186.28,186.54,184.54,185.2,74675,2025-11-01 13:59:59.999,13834915.4800,5302,31060,5757580.5500,0,35.365853658536594,-0.3086939210798789,-0.24584593720249806,-0.06284798387738086,187.98976400244788,186.465,184.94023599755212,1.3335714285714337,27458.6,-0.44081281582626686,185.864,0.4164492766154936
2025-11-01 14:00:00,185.2,185.58,183.72,184.92,49259,2025-11-01 14:59:59.999,9091846.3500,4751,17210,3182561.6000,0,34.47251114413085,-0.37823243082871727,-0.27232323592774194,-0.10590919490097533,188.07362009372312,186.418,184.7623799062769,1.3500000000000065,28149.8,-0.847184986595181,185.698,0.5987653964563894
2025-11-01 15:00:00,184.92,186.27,184.75,186.27,26253,2025-11-01 15:59:59.999,4872443.4800,4279,12709,2360453.2200,0,51.76304654442875,-0.3207115204515105,-0.2820008928324957,-0.03871062761901484,187.64095474771037,186.3065,184.97204525228963,1.335714285714293,26550.6,-0.4489337822671174,185.748,0.6413033603479523
2025-11-01 16:00:00,186.27,186.9,185.83,186.31,31407,2025-11-01 16:59:59.999,5857237.6100,4112,16174,3018219.5100,0,48.571428571428605,-0.2687995647947332,-0.2793606272249432,0.010561062430209989,187.60005491420137,186.2835,184.96694508579864,1.3285714285714343,26834.5,-0.3583270938068176,185.796,0.6792863902608202
2025-11-01 17:00:00,186.31,187.02,184.83,184.87,42335,2025-11-01 17:59:59.999,7861332.4100,4884,14631,2721684.1100,0,35.02673796791453,-0.33993635663293276,-0.2914757731065411,-0.048460583526391654,187.57433150875897,186.17249999999999,184.770668491241,1.4307142857142898,28071.6,-0.6822821532179982,185.514,0.7196040577939938
2025-11-01 18:00:00,184.86,185.67,184.73,185.66,17339,2025-11-01 18:59:59.999,3211400.1200,3307,4857,901137.7300,0,41.89189189189198,-0.3287764487382674,-0.2989359082328864,-0.029840540505380986,187.4248595097947,186.095,184.7651404902053,1.4171428571428595,27500.0,0.016161180843614252,185.606,0.6985198637072358
2025-11-01 19:00:00,185.65,186.17,184.62,186.1,21534,2025-11-01 19:59:59.999,3997333.6200,3431,10854,2016953.0500,0,49.741602067183514,-0.28118647590068235,-0.29538602176644563,0.014199545865763274,187.28351433613147,186.044,184.80448566386855,1.4307142857142858,27708.75,0.21000484626567567,185.842,0.6013900564471916
2025-11-01 20:00:00,186.1,186.82,185.75,186.41,23828,2025-11-01 20:59:59.999,4442028.6800,4375,12410,2313604.0100,0,55.17241379310342,-0.21596713563303638,-0.2795022445397638,0.06353510890672742,187.1820555141825,186.01399999999998,184.84594448581745,1.3292857142857133,28054.55,0.042934578436099435,185.87,0.6289276587919738
2025-11-01 21:00:00,186.42,186.85,185.33,185.33,19436,2025-11-01 21:59:59.999,3616471.1500,4026,4807,895550.4300,0,47.77517564402814,-0.2485620441341041,-0.27331420445863186,0.02475216032452776,187.1869065290188,185.97949999999997,184.77209347098113,1.347857142857141,28239.95,-0.2261103633916487,185.674,0.6099426202468147
2025-11-01 22:00:00,185.33,186.11,184.86,186.06,24099,2025-11-01 22:59:59.999,4466599.0300,4208,10049,1863479.6500,0,48.439306358381444,-0.21303313148811753,-0.26125798986452897,0.04822485837641144,187.14076710958815,185.9575,184.77423289041187,1.3585714285714252,28059.35,0.02150306418664232,185.91199999999998,0.4205591515988568
2025-11-01 23:00:00,186.06,186.43,185.5,186.32,16961,2025-11-01 23:59:59.999,3156028.8400,3335,7968,1483911.6200,0,53.421368547418936,-0.16202862008185548,-0.24141211590799427,0.0793834958261388,186.98644894959753,185.91799999999998,184.84955105040243,1.3607142857142824,27981.65,0.13435803729779117,186.044,0.42524110807110854
2025-11-02 00:00:00,186.32,186.45,185.01,185.03,19467,2025-11-02 00:59:59.999,3611680.4500,3721,2535,471876.3100,0,44.70588235294111,-0.22312732345210406,-0.23775515741681622,0.01462783396471215,186.83545086736206,185.8205,184.80554913263796,1.3578571428571402,27926.15,-0.6710328537685205,185.82999999999998,0.6163197222169299
2025-11-02 01:00:00,185.02,186.48,184.57,184.77,29170,2025-11-02 01:59:59.999,5397662.8000,3988,5209,965507.8400,0,43.20083682008375,-0.28919465716433024,-0.24804305736631904,-0.041151599798011196,186.85708108776106,185.752,184.64691891223896,1.4249999999999972,28413.7,-0.23218142548594947,185.502,0.6649586453258245
2025-11-02 02:00:00,184.72,185.85,184.57,185.32,14775,2025-11-02 02:59:59.999,2738356.7100,3036,5311,984799.5200,0,45.151515151515085,-0.2937865037233678,-0.2571917466377288,-0.036594757085638974,186.8573694933191,185.7365,184.6156305066809,1.4664285714285694,27903.2,0.2163097555699793,185.5,0.665620011713558
2025-11-02 03:00:00,185.31,185.89,184.8,185.19,19759,2025-11-02 03:59:59.999,3658100.1000,3348,5431,1006762.2600,0,49.94413407821234,-0.30440648032976014,-0.2666346933761351,-0.03777178695362504,186.8577709036302,185.7105,184.56322909636978,1.4014285714285677,27731.35,-0.579803511032379,185.326,0.592309040952069
2025-11-02 04:00:00,185.19,187.79,184.92,187.69,56089,2025-11-02 04:59:59.999,10459488.9000,5414,46684,8706772.1600,0,62.39928379588194,-0.1098277556728533,-0.23527330583547873,0.12544555016262543,187.20709924033108,185.77849999999998,184.34990075966888,1.473571428571424,29747.9,0.7407009822339088,185.6,1.1862124598880004
2025-11-02 05:00:00,187.73,187.84,186.39,187.0,19879,2025-11-02 05:59:59.999,3717547.7800,3229,3851,721341.3600,0,53.47288296860131,-0.011171173612098073,-0.1904528793908026,0.17928170577870453,187.3701814115646,185.84099999999998,184.31181858843536,1.4685714285714246,28423.3,1.1521609779845272,185.994,1.2735108951216376
2025-11-02 06:00:00,187.0,187.54,186.34,187.33,24889,2025-11-02 06:59:59.999,4652270.5500,3402,8958,1675709.0300,0,54.72222222222231,0.09257596245961963,-0.13384711102071817,0.2264230734803378,187.57393768131044,185.9065,184.23906231868955,1.4778571428571385,28468.9,0.8994936981579317,186.506,1.168687297780501
2025-11-02 07:00:00,187.33,188.07,186.6,187.63,30597,2025-11-02 07:59:59.999,5731417.4100,3820,13819,2591729.4600,0,64.28571428571436,0.19673595838523283,-0.06773049713952795,0.2644664555247608,187.8214709048498,185.9845,184.1475290951502,1.4264285714285674,28930.25,0.8221386351423973,186.968,1.0311255985540517
2025-11-02 08:00:00,187.7,188.15,186.89,187.04,19644,2025-11-02 08:59:59.999,3681597.6500,3611,4131,776159.4500,0,57.29386892177593,0.2290352605105852,-0.008377345609505297,0.2374126061200905,187.91578870098164,186.02249999999998,184.12921129901832,1.4492857142857116,29069.75,0.3379647014645113,187.33800000000002,0.32104516815151435
2025-11-02 09:00:00,187.04,188.2,185.73,185.73,35245,2025-11-02 09:59:59.999,6585980.4600,3560,6197,1160168.8100,0,48.209099709583704,0.14722946860865704,0.02274401723412718,0.12448545137452986,187.90834793324,186.049,184.18965206676,1.5149999999999986,27098.25,0.21583121998595867,186.946,0.7255549600088647
2025-11-02 10:00:00,185.73,186.43,184.46,184.93,29806,2025-11-02 10:59:59.999,5517710.2000,4127,6372,1180444.0000,0,43.1608133086876,0.01764111918572553,0.021723437624446854,-0.004082318438721325,187.90757455518698,186.0495,184.191425444813,1.5792857142857133,26125.6,-0.607330968504781,186.53199999999998,1.1521805414055093
2025-11-02 11:00:00,185.05,186.21,184.57,186.05,19539,2025-11-02 11:59:59.999,3624479.1300,3515,9599,1781334.0200,0,53.31491712707184,0.0052554765416061855,0.01842984540787872,-0.013174368866272535,187.89368079697786,186.0385,184.18331920302214,1.5878571428571442,25789.9,-0.14491197939028652,186.27599999999998,1.0698037203120523
2025-11-02 12:00:00,186.05,186.31,185.23,185.42,17350,2025-11-02 12:59:59.999,3224057.0900,3701,4029,749967.3800,0,47.02602230483264,-0.05476467625979353,0.003790941074344266,-0.0585556173341378,187.86439427309958,185.994,184.12360572690042,1.5757142857142878,25087.05,0.21077663081661696,185.834,0.7906516299822317
2025-11-02 13:00:00,185.45,186.31,184.09,185.02,26038,2025-11-02 13:59:59.999,4808956.3500,3821,8878,1640073.4600,0,44.03669724770648,-0.13307374553426143,-0.023581996247376884,-0.10949174928688454,187.85403482103834,186.00150000000002,184.1489651789617,1.6678571428571445,24272.2,0.13530335011094874,185.43,0.47238755275048305
2025-11-02 14:00:00,184.98,185.18,183.83,184.27,25634,2025-11-02 14:59:59.999,4728094.9400,3811,8750,1617199.6100,0,46.33204633204635,-0.2527395548457605,-0.06941350796705363,-0.18332604687870685,187.9365380095125,185.932,183.92746199048747,1.6614285714285728,24686.95,-0.5665875242823133,185.138,0.656102126191962
2025-11-02 15:00:00,184.23,184.86,183.8,183.83,19387,2025-11-02 15:59:59.999,3573799.2900,3377,8203,1513906.6500,0,45.54079696394686,-0.3787143108038151,-0.13127366853440595,-0.24744064226940918,188.02942288422756,185.8185,183.60757711577244,1.6007142857142875,24579.6,-0.7343809060964335,184.918,0.8870569316529959
2025-11-02 16:00:00,183.83,184.61,182.28,184.14,48454,2025-11-02 16:59:59.999,8880727.0600,4345,18056,3314474.5500,0,44.27184466019411,-0.448367304095143,-0.19469239564655338,-0.25367490844858964,188.01874383333953,185.705,183.3912561666605,1.6757142857142884,25810.9,-1.8914166977462898,184.536,0.6598711995485619
2025-11-02 17:00:00,184.14,184.48,183.45,184.28,19605,2025-11-02 17:59:59.999,3609352.4200,2996,5839,1076068.9000,0,45.586808923375365,-0.4866610475103528,-0.2530861260193133,-0.23357492149103948,188.0482671005339,185.6525,183.2567328994661,1.671428571428576,25819.35,-1.454545454545454,184.308,0.4375728510701793
2025-11-02 18:00:00,184.28,184.56,183.3,184.14,29344,2025-11-02 18:59:59.999,5400867.8400,3196,8519,1570739.7500,0,27.672955974842665,-0.5222853644594636,-0.30692597370734337,-0.21535939075212024,188.03592501823564,185.55649999999997,183.0770749817643,1.5564285714285748,26081.6,-1.7028772753963732,184.132,0.18185158782287628
2025-11-02 19:00:00,184.13,184.56,182.9,183.82,39917,2025-11-02 19:59:59.999,7325316.4600,4373,12456,2287452.5300,0,29.023746701846875,-0.5697712496536553,-0.3594950288966058,-0.21027622075704955,187.99935206165122,185.4315,182.86364793834878,1.5714285714285734,27229.4,-2.030592122794863,184.042,0.2062037826852532
2025-11-02 20:00:00,183.82,184.44,183.36,184.44,18779,2025-11-02 20:59:59.999,3454255.6200,2963,7777,1431592.9800,0,31.639135959339114,-0.5510234816473769,-0.39780071944676004,-0.15322276220061687,188.00262016895158,185.402,182.8013798310484,1.5628571428571445,27195.0,-1.3900769888793811,184.164,0.22864820137867164
2025-11-02 21:00:00,184.44,185.78,183.97,185.4,27266,2025-11-02 21:59:59.999,5049382.3700,2937,19118,3542073.1000,0,36.92848769050416,-0.4534743929627041,-0.40893545414994886,-0.044538938812755224,188.01709419169663,185.4335,182.8499058083034,1.5871428571428592,27099.8,-0.17767727346146778,184.416,0.5955501658077954
2025-11-02 22:00:00,185.4,185.82,183.96,184.81,15748,2025-11-02 22:59:59.999,2913910.8100,2936,3316,614760.1000,0,36.92848769050416,-0.4189447719936368,-0.4109373177186865,-0.008007454274950254,188.00633630982355,185.40800000000002,182.80966369017648,1.6299999999999994,27148.45,-0.06488941761747934,184.522,0.6122254486655082
2025-11-02 23:00:00,184.82,187.58,183.96,187.57,41607,2025-11-02 23:59:59.999,7759707.6800,3815,31178,5818825.7100,0,59.21843687374752,-0.1669464105849272,-0.3621391362919347,0.19519272570700752,188.29571317250077,185.527,182.7582868274992,1.712142857142857,28240.85,0.8169846815372114,185.208,1.439677047116325
2025-11-03 00:00:00,187.57,188.73,186.67,186.67,43773,2025-11-03 00:59:59.999,8221621.3000,3582,20267,3813810.5000,0,58.63095238095227,-0.0394041455429317,-0.29759213814213414,0.25818799259920244,188.1113180173618,185.476,182.8406819826382,1.7185714285714286,27625.05,0.6741451839068062,185.778,1.3112093654308206
2025-11-03 01:00:00,186.67,187.02,185.46,185.5,35411,2025-11-03 01:59:59.999,6595362.6800,3384,7953,1485100.9000,0,47.28529121421514,-0.032362152754529916,-0.2445461410646133,0.2121839883100834,187.93721267579085,185.401,182.86478732420917,1.7128571428571422,28401.65,0.25943141282023013,185.99,1.1112380483017439
2025-11-03 02:00:00,185.47,187.02,182.0,183.5,60314,2025-11-03 02:59:59.999,11103003.6000,5108,17826,3275705.6000,0,41.65217391304351,-0.18602028201999588,-0.23284096925568987,0.04682068723569399,187.7105774520298,185.2095,182.70842254797017,1.9942857142857133,30172.9,-0.41786508927118365,185.60999999999999,1.5866158955442031
2025-11-03 03:00:00,183.5,183.86,177.31,177.31,206186,2025-11-03 03:59:59.999,36927556.4300,6330,22826,4116183.4700,0,27.703875072296086,-0.7980769897690436,-0.34588817335836064,-0.452188816410683,188.82123048385745,184.6935,180.56576951614255,2.3035714285714284,38952.35,-3.5467551542185767,184.10999999999999,4.094795477187327
2025-11-03 04:00:00,177.6,178.3,176.44,177.82,59780,2025-11-03 04:59:59.999,10604188.5600,4561,26074,4634871.7500,0,31.08504398826973,-1.2278299432503559,-0.5222765273367598,-0.7055534159135961,189.22554305482788,184.23250000000002,179.23945694517215,2.340000000000001,40959.15,-3.4321711741066547,182.16000000000003,4.348833176841138
2025-11-03 05:00:00,177.79,178.54,176.09,176.69,49824,2025-11-03 05:59:59.999,8830388.8500,3814,19046,3382636.2700,0,29.875986471251352,-1.6406810612969025,-0.7459574341287885,-0.894723627168114,189.74496485886428,183.78050000000002,177.81603514113576,2.4392857142857145,41688.1,-4.118732363794228,180.164,4.040733844241003
2025-11-03 06:00:00,176.66,177.14,174.29,175.97,101600,2025-11-03 06:59:59.999,17854836.7500,4830,39009,6864844.2400,0,27.493112947658446,-2.0028785918314327,-0.9973416656693175,-1.0055369261621152,190.20960121000306,183.3325,176.45539878999696,2.4764285714285705,45277.8,-4.436841533615721,178.25799999999998,3.010925107005345
2025-11-03 07:00:00,175.95,176.79,175.58,176.38,29554,2025-11-03 07:59:59.999,5209330.6400,3497,15920,2808425.0800,0,28.555917480998886,-2.231120205876124,-1.2440973737106789,-0.9870228321654451,190.26059802358103,182.849,175.43740197641895,2.4892857142857117,45778.55,-4.047437710804046,176.834,0.7369056927419319
2025-11-03 08:00:00,176.37,176.91,174.62,175.14,39426,2025-11-03 08:59:59.999,6927694.4800,3938,11778,2074585.5900,0,26.946721311475386,-2.4834334908868527,-1.491964597145914,-0.9914688937409388,190.39347967899855,182.33499999999998,174.2765203210014,2.5628571428571405,46882.35,-5.04229017566689,176.4,0.9840477630661915
2025-11-03 09:00:00,175.4,176.69,174.62,174.84,45371,2025-11-03 09:59:59.999,7972679.9900,4153,19893,3504152.4300,0,26.974358974358964,-2.6767452271102172,-1.7289207231387749,-0.9478245039714424,190.43743523706092,181.826,173.21456476293906,2.5921428571428544,47849.0,-5.6957928802589,175.804,0.7928619047449128
2025-11-03 10:00:00,174.82,175.75,173.42,173.77,46596,2025-11-03 10:59:59.999,8145221.8600,4015,19121,3352044.9500,0,23.258145363408502,-2.8830521973466716,-1.9597470179803544,-0.9233051793663172,190.5423074946413,181.301,172.05969250535867,2.681428571428571,48897.1,-5.973702721714188,175.22,1.0199754898995839
2025-11-03 11:00:00,173.77,175.89,173.65,175.23,29621,2025-11-03 11:59:59.999,5189107.7800,3643,10609,1861318.9400,0,25.13447432762824,-2.8953661803256807,-2.14687085044942,-0.7484953298762607,190.41228513908106,180.871,171.32971486091895,2.712142857142855,49408.8,-6.5788772191715115,175.072,0.9340074946144368
2025-11-03 12:00:00,175.19,176.45,175.03,175.43,36260,2025-11-03 12:59:59.999,6378963.7100,3940,19154,3372416.7600,0,26.62013958125617,-2.856063845846819,-2.2887094495288998,-0.5673543963179193,190.14221493023393,180.4355,170.72878506976605,2.680714285714284,48799.1,-6.021321047838422,174.882,0.6569398754802434
2025-11-03 13:00:00,175.43,176.45,174.89,175.65,20621,2025-11-03 13:59:59.999,3620732.8800,3523,6486,1140400.5100,0,15.98173515981729,-2.775173824863714,-2.3860023245958626,-0.3891715002678513,189.75828089555847,180.004,170.2497191044415,2.5335714285714266,48849.9,-5.309973045822099,174.984,0.7412017269245728
2025-11-03 14:00:00,175.7,176.73,174.72,176.27,54561,2025-11-03 14:59:59.999,9582711.3800,4211,22666,3988030.9200,0,19.837587006960533,-2.630713850305824,-2.434944629737855,-0.19576922056796908,189.29698428970588,179.6105,169.92401571029413,2.529999999999997,50110.75,-3.940054495912801,175.27,0.9248783703795257
2025-11-03 15:00:00,176.27,176.36,151.0,165.9,273743,2025-11-03 15:59:59.999,46408508.1000,6380,61113,10281442.4500,0,12.934947049924332,-3.3147897807769198,-2.610913659945668,-0.7038761208312518,189.95244788346866,178.7145,167.4765521165313,4.229999999999998,61802.05,-6.435057244374258,173.696,4.3755319676579125
2025-11-03 16:00:00,166.74,168.5,165.77,168.16,45311,2025-11-03 16:59:59.999,7581238.4900,1245,34756,5817970.7100,0,21.273408239700316,-3.6326864239576935,-2.8152682127480735,-0.81741821120962,189.73487183977596,177.9005,166.06612816022403,4.066428571428568,63128.65,-5.432459790799683,172.28199999999998,4.87027411959499
2025-11-03 17:00:00,168.18,170.54,167.82,170.07,57551,2025-11-03 17:59:59.999,9755427.5100,1265,51357,8705069.6400,0,33.853702051739475,-3.6879879372878577,-2.9898121576560306,-0.6981757796318271,188.90883918763694,177.134,165.35916081236303,3.7928571428571383,64642.9,-3.746674967457131,171.21,4.585722407647139
2025-11-03 18:00:00,170.07,170.57,168.11,168.11,18649,2025-11-03 18:59:59.999,3153517.0900,1144,6970,1181479.0700,0,29.660661918726433,-3.84564025756319,-3.160977777637463,-0.684662479925727,188.15017875549552,176.299,164.4478212445045,3.8357142857142787,64787.95,-4.466670455191218,169.70200000000003,3.957318536584776
2025-11-03 19:00:00,168.11,169.03,167.02,167.2,35465,2025-11-03 19:59:59.999,5944732.5200,855,13973,2344980.8300,0,29.93657505285408,-3.997924665100129,-3.3283671551299965,-0.6695575099701325,186.5396398661836,175.28050000000002,164.02136013381644,3.8042857142857076,64480.85,-5.204671731488835,167.88799999999998,1.525604798104003
2025-11-03 20:00:00,167.2,167.27,163.5,164.01,70146,2025-11-03 20:59:59.999,11623386.8000,1412,5830,965431.2200,0,27.105666156202105,-4.326148350035368,-3.5279233941110717,-0.798224955924296,185.13820205123005,174.1475,163.15679794876996,3.8699999999999943,65799.5,-6.354916067146281,167.51,2.218231277391542
2025-11-03 21:00:00,164.03,166.52,163.22,165.69,57846,2025-11-03 21:59:59.999,9526625.7000,1333,28873,4756725.7500,0,30.485578678349754,-4.39998572883033,-3.7023358610549235,-0.6976498677754068,183.38397176973265,173.15699999999998,162.9300282302673,4.019285714285711,66921.25,-5.233356211393278,167.01600000000002,2.3104068905710697
2025-11-03 22:00:00,166.52,166.66,164.57,165.65,31622,2025-11-03 22:59:59.999,5222128.2600,1303,17633,2914229.4400,0,31.88239786177931,-4.410884122714407,-3.8440455133868205,-0.5668386093275863,181.7818337155209,172.2645,162.7471662844791,4.004999999999997,65486.65,-4.672843413707777,166.132,1.5798480939630202
2025-11-03 23:00:00,166.01,166.69,164.39,166.0,24696,2025-11-03 23:59:59.999,4078313.0400,1268,15382,2542610.0500,0,33.155487804878035,-4.34123603675215,-3.9434836180598865,-0.39775241869226363,181.29773215311928,171.699,162.10026784688074,4.0214285714285705,56412.15,-5.267362894481533,165.70999999999998,1.1399780699639486
2025-11-04 00:00:00,166.0,166.71,164.47,166.71,31144,2025-11-04 00:59:59.999,5149028.1100,1114,14863,2463497.8100,0,36.36012364760432,-4.180557496049516,-3.9908983936578126,-0.1896591023917038,180.53438309282538,171.1435,161.7526169071746,4.014999999999999,54980.35,-4.970643561534514,165.61200000000002,0.9912214686934382
2025-11-04 01:00:00,166.71,168.01,165.92,167.72,25642,2025-11-04 01:59:59.999,4284691.5900,2435,10671,1785945.4900,0,35.23397561934725,-3.9264582690483394,-3.9780103687359185,0.05155209968757912,179.8236697018936,170.695,161.56633029810638,4.0042857142857144,53771.25,-4.514659834898951,166.35399999999998,0.8738592564014219
2025-11-04 02:00:00,167.19,168.17,166.34,166.54,35074,2025-11-04 02:59:59.999,5864830.8000,3457,8961,1503895.9700,0,33.16925407042784,-3.7767627690439554,-3.9377608487975264,0.16099807975357106,179.17744126686566,170.2235,161.26955873313435,4.033571428571428,50444.95,-5.519940999602892,166.524,0.7911573800441765
2025-11-04 03:00:00,166.43,168.0,166.19,167.53,30870,2025-11-04 03:59:59.999,5165710.6800,3123,15438,2584694.8100,0,35.06254598969831,-3.5374655793648344,-3.8577017949109886,0.3202362155461542,178.31894477919502,169.781,161.243055220805,4.051428571428572,50510.75,0.982519590114524,166.9,0.7150174823024898
2025-11-04 04:00:00,167.62,168.01,164.74,164.88,40278,2025-11-04 04:59:59.999,6685997.0400,3982,8028,1332631.9100,0,30.503252310852417,-3.5210650395380014,-3.7903744438363915,0.2693094042983901,177.68222254593863,169.268,160.85377745406137,4.141428571428571,50553.35,-1.9505233111322555,166.676,1.1252244220591296
2025-11-04 05:00:00,164.88,165.3,154.0,157.67,219126,2025-11-04 05:59:59.999,35210376.0400,5852,33688,5423396.4400,0,34.20345489443376,-4.043246211587785,-3.84094879738667,-0.20229741420111536,177.86879668020615,168.4095,158.95020331979387,3.137142857142856,59241.1,-7.291115423061097,164.868,4.178129964469659
2025-11-04 06:00:00,157.69,160.9,157.69,158.44,121419,2025-11-04 06:59:59.999,19354794.4800,4656,93810,14957462.3100,0,30.21172638436485,-4.344861133147191,-3.9417312645387748,-0.40312986860841615,177.73653539856335,167.643,157.54946460143665,3.172857142857144,62982.25,-5.752186068645539,163.012,4.631108938472532
2025-11-04 07:00:00,158.25,158.85,156.03,156.97,70509,2025-11-04 07:59:59.999,11094150.1600,4543,21210,3349376.4700,0,22.844112769485946,-4.648919990401424,-4.083169009711305,-0.5657509806901189,177.22918693593616,166.73,156.23081306406382,3.1800000000000006,65026.65,-6.118421052631573,161.098,4.78358338486967
2025-11-04 08:00:00,156.97,160.21,156.51,159.17,116729,2025-11-04 08:59:59.999,18505205.1300,4337,90610,14371781.2000,0,31.65024630541869,-4.658665021123113,-4.198268211993667,-0.46039680912944636,176.09282915281648,165.917,155.74117084718353,3.268571428571432,69050.1,-2.951039570757883,159.426,3.158295426333967
2025-11-04 09:00:00,159.16,160.19,158.59,160.19,32489,2025-11-04 09:59:59.999,5186897.3300,3336,19162,3061742.5200,0,35.67633837351863,-4.531842295664347,-4.264983028727803,-0.26685926693654416,174.52446435838263,165.144,155.76353564161738,3.239285714285718,69643.5,-3.319451988653509,158.488,1.2587374626992633
2025-11-04 10:00:00,159.83,160.97,159.38,160.42,42309,2025-11-04 10:59:59.999,6789422.9200,3290,28257,4536056.2600,0,41.655044165504414,-4.362487256679117,-4.284483874318066,-0.07800338236105109,172.35063751929349,164.35150000000002,156.35236248070655,3.0835714285714317,69030.9,-3.15725928161788,159.038,1.4043397024944717
2025-11-04 11:00:00,160.41,176.94,160.0,161.62,74050,2025-11-04 11:59:59.999,11988194.8700,4045,59402,9623881.0100,0,40.323347598668605,-4.0843602346060095,-4.244459146375655,0.1600989117696452,172.1910284846189,164.1375,156.08397151538108,4.057857142857145,59046.25,-2.638554216867467,159.67399999999998,1.7446575595233407
2025-11-04 12:00:00,161.66,162.29,160.88,161.4,44113,2025-11-04 12:59:59.999,7137384.9900,3223,17856,2892246.5600,0,39.981140971239995,-3.837458889852371,-4.163059095070998,0.32560020521862665,171.70832644830506,163.79950000000002,155.890673551695,4.009285714285716,58986.35,-3.1851718553176185,160.56,0.989671662725316
2025-11-04 13:00:00,161.4,162.42,160.59,161.22,76352,2025-11-04 13:59:59.999,12337223.0800,4042,45325,7334272.9500,0,38.64068441064641,-3.6146449144487747,-4.053376258946553,0.4387313444977785,170.76295521398242,163.357,155.95104478601758,3.9757142857142855,59926.4,-3.87550679704269,160.96999999999997,0.628649345821082
2025-11-04 14:00:00,161.22,164.47,159.27,164.3,165534,2025-11-04 14:59:59.999,26783672.0800,5086,116709,18946819.0000,0,44.85262708244341,-3.1531850201644716,-3.8733380111901368,0.7201529910256652,170.2465127118483,163.16649999999998,156.08648728815166,4.187142857142855,67270.65,-1.345022216884821,161.792,1.4733363499217957
2025-11-04 15:00:00,164.22,164.86,161.36,161.4,75525,2025-11-04 15:59:59.999,12333899.1100,4061,19649,3217059.1100,0,37.50988142292495,-2.9870476668629635,-3.6960799423247024,0.7090322754617389,169.73247173426103,162.87650000000002,156.02052826573902,4.287857142857141,69273.65,-3.6590461409896706,161.988,1.3001999846180474
2025-11-04 16:00:00,161.36,162.15,158.19,158.19,94838,2025-11-04 16:59:59.999,15175649.8100,4207,16459,2644635.4500,0,34.723746798390096,-3.0789110206368377,-3.57264615798713,0.49373513735029206,169.7270094232268,162.58549999999997,155.44399057677313,4.4399999999999995,70508.25,-4.057496360989809,161.302,2.1620869547733514
2025-11-04 17:00:00,158.19,158.85,153.29,156.14,277266,2025-11-04 17:59:59.999,43236949.9800,6378,126984,19795387.6000,0,29.940119760479064,-3.2793291921618106,-3.5139827648220656,0.234653572660255,169.64181038700204,162.108,154.57418961299797,4.707857142857143,81479.25,-0.970381175873661,160.25,3.154425462743034
2025-11-04 18:00:00,156.15,156.3,152.49,156.13,228837,2025-11-04 18:59:59.999,35343776.6700,6101,112767,17427983.4200,0,33.009708737864116,-3.399778424072707,-3.4911418966721937,0.09136347259948652,169.42215735263912,161.632,153.8418426473609,4.746428571428573,91340.0,-1.4579651603130537,159.232,3.5585629121882967
2025-11-04 19:00:00,156.13,157.02,154.41,154.59,69143,2025-11-04 19:59:59.999,10764950.2000,4571,32980,5150409.5000,0,42.33067729083671,-3.578252569597538,-3.508564031257263,-0.06968853834027522,169.16948248640983,161.0615,152.95351751359016,4.125714285714287,93562.35,-1.5162132891635316,157.29000000000002,2.62964826545354
2025-11-04 20:00:00,154.55,155.13,142.0,152.86,348236,2025-11-04 20:59:59.999,52877417.6500,6978,160545,24460128.6800,0,36.7395437262358,-3.8153106315375283,-3.569913351313316,-0.24539728022421237,168.80488799805428,160.369,151.93311200194572,4.832857142857143,109416.95,-3.9643148834579223,155.58200000000002,1.9878807811343957
2025-11-04 21:00:00,152.67,154.53,146.41,150.53,283770,2025-11-04 21:59:59.999,42386577.9200,7227,101304,15150092.5800,0,35.296803652968066,-4.143429504777828,-3.684616582006218,-0.4588129227716098,168.28774937588284,159.50949999999997,150.7312506241171,5.211428571428572,122323.35,-6.030338972470189,154.05,2.387079805956247
2025-11-04 22:00:00,150.53,155.15,150.02,155.08,145405,2025-11-04 22:59:59.999,22218199.8600,4621,132209,20196113.8400,0,41.56701030927842,-3.990321163244971,-3.745757498253969,-0.24456366499100213,167.26716440769326,158.9365,150.60583559230673,5.313571428571428,127839.9,-3.3287619997506392,153.83800000000002,2.19434956194409
2025-11-04 23:00:00,154.89,155.66,153.93,155.07,51454,2025-11-04 23:59:59.999,7973186.5100,3556,29479,4575719.8300,0,38.984509466437196,-3.825688460753497,-3.7617436907538746,-0.06394476999962251,165.75433830873672,158.3135,150.8726616912633,5.322857142857141,128869.1,-4.0527162479891174,153.626,1.9557939564290259
2025-11-05 00:00:00,155.06,155.67,152.52,153.25,44103,2025-11-05 00:59:59.999,6778912.8100,3606,9500,1460614.4700,0,35.56182037857438,-3.7982903210720735,-3.7690530168175145,-0.02923730425455906,164.8215938566713,157.732,150.64240614332869,5.4342857142857115,129060.35,-5.049566294919458,153.358,1.8810555547363341
2025-11-05 01:00:00,153.56,153.59,147.59,152.52,276963,2025-11-05 01:59:59.999,41590446.3000,6942,146405,22026503.4200,0,31.32183908045981,-3.7917728005687366,-3.7735969735677592,-0.018175827000977307,164.9378292274838,157.47449999999998,150.01117077251615,4.6528571428571395,131952.2,-5.396352809825077,153.29000000000002,1.9094894605638555
2025-11-05 02:00:00,152.51,155.74,152.51,155.74,122251,2025-11-05 02:59:59.999,18851501.0900,4481,111311,17162840.9100,0,39.65643274853803,-3.486589298173584,-3.716195438488924,0.2296061403153402,164.82693361273954,157.3395,149.85206638726044,4.782857142857141,131993.8,-5.2099817407182,154.332,1.373014930728739
2025-11-05 03:00:00,155.74,157.07,154.6,156.82,48890,2025-11-05 03:59:59.999,7636570.8900,3567,34214,5348549.5000,0,42.215145081387114,-3.121598357001602,-3.5972760221914597,0.47567766518985755,164.82129228614343,157.332,149.84270771385656,4.828571428571428,130912.85,-2.837670384138793,154.68,1.772413608615065
2025-11-05 04:00:00,156.84,157.79,155.66,156.93,67647,2025-11-05 04:59:59.999,10607871.5300,4056,33041,5190616.7100,0,35.429023329379206,-2.7912880941802314,-3.4360784365892143,0.6447903424089829,164.66039614111781,157.22,149.77960385888218,4.609285714285714,128458.75,-0.7965105253176502,155.052,2.0484311069703405
2025-11-05 05:00:00,156.98,158.26,156.76,157.46,40949,2025-11-05 05:59:59.999,6458654.1000,3230,23118,3652236.0800,0,41.40488656195464,-2.4584092490161424,-3.2405445990746,0.7821353500584576,164.39350259197323,157.08350000000002,149.7734974080268,4.466428571428572,128881.75,0.8453951581913807,155.894,1.9868769463666869
2025-11-05 06:00:00,157.46,158.28,156.54,157.95,49653,2025-11-05 06:59:59.999,7813673.6900,3424,25993,4098661.5900,0,49.40594059405938,-2.130502356092535,-3.0185361504781874,0.8880337943856524,164.11446419340083,156.95999999999998,149.80553580659912,4.307857142857143,129248.95,1.1656952539550332,156.98000000000002,0.8271940522048201
2025-11-05 07:00:00,157.95,158.04,156.03,156.42,28488,2025-11-05 07:59:59.999,4465432.5800,3551,11679,1832605.5600,0,50.71138211382114,-1.9713672991741191,-2.809102380217374,0.8377350810432547,163.51112402810526,156.7,149.88887597189472,4.054285714285713,126970.85,1.1837764409081983,157.116,0.5959278479841301
2025-11-05 08:00:00,156.36,156.82,153.69,155.62,92589,2025-11-05 08:59:59.999,14351696.2300,4768,30633,4755714.2800,0,48.75427454811922,-1.8880407753870543,-2.6248900592513102,0.736849283864256,162.86350143252668,156.411,149.95849856747333,4.0057142857142845,129394.65,1.8055737275938704,156.876,0.9059414992167422
2025-11-05 09:00:00,155.72,157.03,155.12,156.95,57560,2025-11-05 09:59:59.999,9005365.2200,3268,41258,6455644.3000,0,55.82428430404736,-1.6951434615893675,-2.438940739718922,0.7437972781295543,162.25020839767492,156.19750000000002,150.1447916023251,3.9557142857142833,128455.05,4.264930578622193,156.88,0.9062836200677338
2025-11-05 10:00:00,156.91,157.08,154.76,154.81,37346,2025-11-05 10:59:59.999,5817436.3400,3307,8001,1248505.2100,0,54.716981132075446,-1.6954074640374301,-2.2902340845826235,0.5948266205451933,160.44225997766142,155.723,151.0037400223386,3.1835714285714283,122045.65,-0.17410368841888718,156.35,1.2072075215153606
2025-11-05 11:00:00,154.79,157.42,154.74,157.38,63879,2025-11-05 11:59:59.999,9984270.3600,3856,52317,8174866.8300,0,66.37972262075566,-1.4712791757669663,-2.126443102819492,0.6551639270525258,159.50878131618376,155.522,151.53521868381623,2.7949999999999977,121463.35,1.4896498355581367,156.236,1.032632558078287
2025-11-05 12:00:00,157.23,170.0,147.98,158.16,92491,2025-11-05 12:59:59.999,14592831.2400,3482,56886,8997691.6600,0,58.98483080513418,-1.2166911530392213,-1.944492712863438,0.7278015598242167,159.50307507279405,155.52050000000003,151.537924927206,4.00142857142857,121346.0,3.2039151712887417,156.584,1.3534880863912997
2025-11-05 13:00:00,158.16,159.59,157.33,159.37,89552,2025-11-05 13:59:59.999,14178416.5100,4027,49181,7798886.5100,0,61.72300981461295,-0.9068379596993736,-1.736961762230625,0.8301238025312514,160.01674384600068,155.682,151.3472561539993,4.039285714285713,111960.3,4.491214266981376,157.334,1.684318853425002
2025-11-05 14:00:00,159.11,159.65,157.23,158.6,69958,2025-11-05 14:59:59.999,11090908.9700,4385,28825,4574209.9100,0,65.47137073452868,-0.715165651986382,-1.5326025401817764,0.8174368881953944,160.33055295112015,155.8055,151.28044704887984,3.987142857142859,104016.35,1.8363939899832957,157.66400000000002,1.7506084656492422
2025-11-05 15:00:00,158.6,160.29,157.84,160.29,67119,2025-11-05 15:59:59.999,10663603.6500,3717,38428,6114435.7700,0,71.28767123287673,-0.42203018979546414,-1.310488070104514,0.8884578803090499,160.9952838087363,156.0905,151.18571619126368,3.7335714285714294,103915.15,2.2127279683713805,158.76,1.1183693486511634
2025-11-05 16:00:00,160.29,161.82,158.51,161.81,96530,2025-11-05 16:59:59.999,15451644.7300,4332,67916,10891510.2200,0,68.33836858006046,-0.06630263178493578,-1.0616509824405984,0.9953483506556626,161.8203782522569,156.53799999999998,151.25562174774308,3.739285714285714,91329.85,3.1096667303893426,159.64600000000002,1.4556888403783759
2025-11-05 17:00:00,161.81,162.33,160.73,161.9,68980,2025-11-05 17:59:59.999,11150924.7400,4397,39942,6464208.0700,0,66.32390745501291,0.22033636815817204,-0.8052535123208443,1.0255898804790164,162.10613903959418,157.1065,152.10686096040584,3.6771428571428584,80590.35,2.819763749523687,160.394,1.462097807946483
2025-11-05 18:00:00,161.79,163.71,161.61,163.36,47888,2025-11-05 18:59:59.999,7791043.8000,3673,26679,4347864.1700,0,69.01241868716741,0.5588673639180683,-0.5324293370730618,1.0912967009911303,163.1457156917639,157.5205,151.89528430823609,3.675000000000001,75714.5,3.4251345362456638,161.192,1.8107650316928732
2025-11-05 19:00:00,163.0,163.38,162.07,162.4,39779,2025-11-05 19:59:59.999,6464722.6500,3511,11800,1920235.5300,0,64.24452133794696,0.741148145622617,-0.277713840533926,1.0188619861565429,163.78834007974143,157.887,151.98565992025857,3.661428571428573,75130.75,3.823040531901303,161.952,1.1144819424295134
2025-11-05 20:00:00,162.4,163.74,162.26,162.51,53889,2025-11-05 20:59:59.999,8786896.7200,3947,20744,3386957.9200,0,63.44339622641512,0.8842895199424561,-0.04531316843864951,0.9296026883811056,164.1720199063036,158.35,152.52798009369639,3.642857142857145,75620.05,4.427451484385032,162.39600000000002,0.6188133805933128
2025-11-05 21:00:00,162.41,162.78,161.1,161.76,35170,2025-11-05 21:59:59.999,5685101.8900,3171,11976,1937263.8100,0,66.50185414091474,0.9265308870597835,0.14905564266103716,0.7774752443987463,164.13080318947263,158.812,153.4931968105274,3.6192857142857173,63530.4,3.0646702771583323,162.38600000000002,0.6309358129012278
2025-11-05 22:00:00,161.75,162.74,160.98,162.74,29504,2025-11-05 22:59:59.999,4776201.7900,3270,12253,1989448.9100,0,71.760391198044,1.0272438568860593,0.32469328550604165,0.7025505713800178,164.55044611913965,159.16199999999998,153.7735538808603,3.5214285714285762,58893.05,5.122408113170988,162.554,0.5788609504892163
2025-11-05 23:00:00,162.74,162.91,162.0,162.37,16668,2025-11-05 23:59:59.999,2708823.0600,2696,3892,633692.2000,0,67.5974025974026,1.064927877611666,0.47274020392716665,0.5921876736844993,164.8913774168488,159.4395,153.98762258315122,3.450000000000005,57281.95,3.1706697166094857,162.356,0.3634969050780848
2025-11-06 00:00:00,162.37,162.91,160.52,161.31,39745,2025-11-06 00:59:59.999,6415263.3000,3329,8823,1423471.2100,0,72.6955307262569,0.997758060486575,0.5777437752390483,0.4200142852475267,165.0373289666578,159.6585,154.2796710333422,3.4550000000000023,55886.85,1.9916540212443132,162.138,0.5880221084291206
2025-11-06 01:00:00,161.31,161.34,159.7,160.75,39719,2025-11-06 01:59:59.999,6376599.1100,3377,16917,2723223.1300,0,63.68805848903326,0.8890893084884226,0.6400128818889232,0.24907642659949936,165.1193308053714,159.823,154.52666919462862,3.3807142857142907,55825.35,0.8659095187299966,161.786,0.7987052021876154
2025-11-06 02:00:00,160.75,162.12,160.13,161.68,29402,2025-11-06 02:59:59.999,4739662.8400,3427,11616,1877700.9600,0,64.12520064205455,0.8680059351737839,0.6856114925458955,0.1823944426278884,165.29079758775745,160.0095,154.72820241224255,1.9500000000000048,54812.8,1.9419924337957206,161.77,0.8001562347451685
2025-11-06 03:00:00,161.68,162.73,161.53,162.36,25667,2025-11-06 03:59:59.999,4163263.7000,3518,12618,2049146.7800,0,62.531433361274075,0.8958408314637722,0.7276573603294709,0.16818347113430132,165.402704056884,160.3065,155.210295943116,1.874285714285719,54671.75,1.2914093206064146,161.69400000000002,0.6962973502761546
2025-11-06 04:00:00,162.41,162.77,161.64,162.03,20849,2025-11-06 04:59:59.999,3380699.1600,3232,8501,1380808.8300,0,64.92602262837244,0.8811149999933434,0.7583488882622456,0.12276611173109786,165.26815276060773,160.627,155.98584723939229,1.7821428571428624,51084.75,0.13596193065941467,161.626,0.6269210476619985
2025-11-06 05:00:00,162.03,162.57,159.1,159.21,53996,2025-11-06 05:59:59.999,8663584.7800,4477,11351,1820819.4900,0,45.721077654516726,0.6345792061063662,0.7335949518310698,-0.09901574572470362,165.1061038876581,160.73999999999998,156.37389611234187,1.855000000000006,50906.55,-1.6615194564546,161.206,1.2676079835665994
2025-11-06 06:00:00,159.22,159.99,158.85,158.85,26378,2025-11-06 06:59:59.999,4205567.3200,3739,14297,2282204.0100,0,37.08551483420597,0.4054747612535152,0.667970913715559,-0.2624961524620437,164.440562712395,160.94199999999998,157.44343728760495,1.7000000000000068,50358.15,-2.7607737512243014,160.826,1.6619356184888565
2025-11-06 07:00:00,158.83,159.79,143.24,158.78,66933,2025-11-06 07:59:59.999,10622477.4100,4356,18279,2912728.1100,0,36.36363636363641,0.21577213624055958,0.5775311582205591,-0.36175902197999954,164.2573406276388,161.012,157.7666593723612,2.767857142857147,50510.85,-2.2290640394088697,160.246,1.790455249371562
2025-11-06 08:00:00,158.78,159.82,158.45,159.26,26160,2025-11-06 08:59:59.999,4159248.4900,3807,9325,1485200.2300,0,30.40152963671123,0.10297638004820442,0.4826202025860882,-0.37964382253788376,164.14162346859152,161.067,157.9923765314085,2.7157142857142906,47194.3,-1.9998769306504218,159.626,1.360525633717516
2025-11-06 09:00:00,159.26,159.72,158.43,159.72,26581,2025-11-06 09:59:59.999,4233187.8000,3677,12091,1927491.2300,0,36.54618473895584,0.05012527328725014,0.39612121672632056,-0.3459959434390704,164.12221711373647,161.0845,158.04678288626351,2.7142857142857184,44045.75,-1.2611275964391644,159.16400000000002,0.3763376143871952
2025-11-06 10:00:00,158.73,159.72,157.68,158.96,58336,2025-11-06 10:59:59.999,9257726.6000,3915,29068,4620559.8100,0,33.270499528746626,-0.05248029780221941,0.3064009138206126,-0.358881211622832,164.08193742480873,161.10250000000002,158.1230625751913,2.7542857142857167,43464.65,-2.3227233624185826,159.11399999999998,0.3852012461073629
2025-11-06 11:00:00,158.96,159.53,158.21,158.8,25457,2025-11-06 11:59:59.999,4045450.4600,3164,8347,1328522.1000,0,35.229540918163835,-0.14503474469225353,0.21611378211803933,-0.36114852681029286,164.163411330345,161.02800000000002,157.89258866965503,2.72857142857143,41381.55,-2.1986820225411057,159.10399999999998,0.3943095230940635
2025-11-06 12:00:00,158.63,159.59,157.16,157.41,55007,2025-11-06 12:59:59.999,8696238.3100,3730,13756,2179707.8400,0,24.448705656759373,-0.3267792857634504,0.10753516854174136,-0.4343144543051918,164.30857799737677,160.80800000000002,157.30742200262327,2.7764285714285717,39305.4,-2.417705039985125,158.82999999999998,0.8676404785409658
2025-11-06 13:00:00,157.43,161.14,157.1,160.89,99745,2025-11-06 13:59:59.999,15913470.5500,2604,83673,13349500.1300,0,44.534711964549416,-0.18784091440025463,0.04845995195334214,-0.23630086635359676,164.22068912958807,160.7575,157.29431087041192,3.0,40843.65,0.08709175738723879,159.156,1.2785264956201108
2025-11-06 14:00:00,160.89,161.21,157.35,157.61,509279,2025-11-06 14:59:59.999,80882622.5100,4495,126922,20175338.9700,0,38.26142131979698,-0.33849784949291006,-0.02893160833590832,-0.30956624115700176,163.97790385752117,160.47,156.96209614247883,3.1050000000000018,63913.2,-2.5173181593270617,158.73399999999998,1.3892551961402977
2025-11-06 15:00:00,157.55,158.75,155.42,155.86,110919,2025-11-06 15:59:59.999,17449468.1200,3849,62143,9815050.0700,0,35.575221238938084,-0.5922775240014744,-0.14160079146902158,-0.4506767325324528,164.08572734884055,160.143,156.20027265115945,3.2257142857142873,67470.2,-4.003449125400345,158.114,1.8712909982156973
2025-11-06 16:00:00,155.42,156.6,154.38,155.34,88845,2025-11-06 16:59:59.999,13822840.1800,4510,50574,7882262.5800,0,30.834340991535655,-0.8258396333856979,-0.2784485598523569,-0.5473910735333409,164.106655773019,159.7845,155.462344226981,3.2421428571428583,69218.0,-4.12886502499537,157.422,2.1700852517823894
2025-11-06 17:00:00,155.33,157.37,154.9,157.21,75741,2025-11-06 17:59:59.999,11827971.0700,3612,48061,7518317.3400,0,35.47659334461362,-0.8502448229786239,-0.3928078124776104,-0.45743701050101354,163.92012828380942,159.557,155.19387171619056,3.3328571428571445,71246.55,-1.2562024998429746,157.382,2.1722039499097354
2025-11-06 18:00:00,157.18,158.35,155.61,157.67,78661,2025-11-06 18:59:59.999,12349249.6700,3572,49438,7779171.6500,0,37.79395296752513,-0.8229811416285884,-0.478842478307806,-0.34413866332078236,163.47279263215668,159.3035,155.13420736784335,3.4478571428571416,73704.4,-0.7428391564368945,156.738,1.0697055669686888
2025-11-06 19:00:00,157.67,158.39,156.12,156.78,38836,2025-11-06 19:59:59.999,6095559.5500,3352,9040,1422904.2400,0,42.37288135593216,-0.863239156050895,-0.5557218138564238,-0.30751734219447113,163.07554889159397,159.024,154.97245110840603,3.3621428571428544,74812.8,-1.2596044841919638,156.572,0.9592549191971224
2025-11-06 20:00:00,156.88,157.59,154.67,155.24,60178,2025-11-06 20:59:59.999,9401358.5800,3530,20603,3232928.8300,0,39.45061367621275,-1.0077918550307459,-0.6461358220912883,-0.3616560329394576,162.95624003972543,158.7205,154.48475996027454,3.4892857142857117,75834.45,-2.5241743061660067,156.448,1.103526166433738
2025-11-06 21:00:00,155.24,156.71,154.57,156.4,30413,2025-11-06 21:59:59.999,4736422.9300,3269,14785,2306331.1600,0,43.46153846153845,-1.017024974117163,-0.7203136524964633,-0.2967113216206998,162.7466781464254,158.503,154.25932185357456,2.46,75369.15,-2.0786376158276942,156.66,0.924797275084564
2025-11-06 22:00:00,156.42,156.67,154.43,155.63,35455,2025-11-06 22:59:59.999,5507665.5400,3354,5945,925349.9500,0,40.18388318009734,-1.0740933725567743,-0.7910695965085256,-0.2830237760482487,162.3521640924771,158.2005,154.0488359075229,2.5221428571428555,75671.8,-2.094866633115257,156.344,0.9591819431181893
2025-11-06 23:00:00,155.63,155.73,153.42,155.19,49774,2025-11-06 23:59:59.999,7683565.9500,3891,21049,3255820.6600,0,37.73687060097451,-1.1416644155216318,-0.8611885603111471,-0.2804758552104847,161.70991716015422,157.842,153.9740828398458,2.594999999999999,76877.15,-2.2732997481108397,155.848,0.7112453866312487
2025-11-07 00:00:00,155.19,156.81,154.81,156.68,61146,2025-11-07 00:59:59.999,9531245.1800,3221,46245,7212862.2800,0,44.062499999999986,-1.062733871798713,-0.9014976226086602,-0.16123624919005275,160.92879010450542,157.5745,154.22020989549458,2.5921428571428566,78892.0,-0.463757067530646,155.82800000000003,0.6791686094072971
2025-11-07 01:00:00,156.63,156.96,154.41,156.96,62499,2025-11-07 01:59:59.999,9721143.6900,3255,13352,2079719.6200,0,45.23809523809522,-0.9664465925650916,-0.9144874165999465,-0.0519591759651451,160.73527680658867,157.46200000000002,154.18872319341136,2.6800000000000006,79317.15,-2.4426626887935723,156.172,0.7397769934271251
2025-11-07 02:00:00,156.96,157.75,156.17,157.75,41793,2025-11-07 02:59:59.999,6559550.9900,3329,21638,3401037.4200,0,50.908119658119666,-0.8169742616263136,-0.89498478560522,0.0780105239789064,160.61846039904844,157.407,154.19553960095158,2.6192857142857155,80087.9,0.08882685108812026,156.442,1.0323129370515287
2025-11-07 03:00:00,157.75,158.44,156.8,156.8,37383,2025-11-07 03:59:59.999,5893338.6200,3765,17205,2717943.7100,0,37.36874613959237,-0.7663395378238533,-0.8692557360489466,0.10291619822509324,160.46282320797908,157.308,154.1531767920209,2.4478571428571434,78610.4,0.6031053509559846,156.676,0.9297472774920356
2025-11-07 04:00:00,156.8,156.96,155.29,156.04,24876,2025-11-07 04:59:59.999,3881255.9800,3870,8750,1365854.3800,0,44.25749817117768,-0.7785620244421523,-0.8511169937275876,0.07255496928543537,160.20969300142397,157.147,154.084306998576,2.2914285714285723,78546.2,0.4506244367194468,156.846,0.6143126239983888
2025-11-07 05:00:00,156.08,158.0,155.29,157.95,56891,2025-11-07 05:59:59.999,8938326.9800,4159,46466,7299844.5700,0,57.556037599421465,-0.6269008726537493,-0.80627376951282,0.17937289685907076,159.9026354249944,157.0585,154.21436457500562,2.2471428571428578,80061.7,0.470707970230889,157.1,0.7710706841812166
2025-11-07 06:00:00,158.0,158.11,156.83,156.83,20737,2025-11-07 06:59:59.999,3265126.2300,3620,7042,1110823.3500,0,55.16285516285521,-0.5902785927892751,-0.7630747341681111,0.17279614137883603,159.65221129775986,156.952,154.25178870224013,2.1800000000000006,78181.75,-0.5327582926365035,157.074,0.7791212999294117
2025-11-07 07:00:00,156.83,158.15,156.34,157.67,53801,2025-11-07 07:59:59.999,8455522.5100,3806,36065,5675281.6200,0,51.7164179104477,-0.4878505548009855,-0.7080298982946861,0.2201793434937006,159.47760420106962,156.8955,154.31339579893037,2.132857142857144,79598.95,0.5676744482714544,157.058,0.7624106505051594
2025-11-07 08:00:00,157.67,158.05,156.88,156.97,22528,2025-11-07 08:59:59.999,3547921.6300,2584,5970,940782.7100,0,47.43401759530794,-0.4578815728466168,-0.6580002332050723,0.2001186603584555,159.444621197152,156.87349999999998,154.30237880284795,2.020714285714289,77975.0,1.1144035042514748,157.09199999999998,0.751744637495801
2025-11-07 09:00:00,156.88,157.1,154.09,154.59,66775,2025-11-07 09:59:59.999,10386498.5800,4239,16738,2599594.8600,0,42.762723066754766,-0.6190411274653229,-0.6502084120571224,0.031167284591799516,158.53191568697568,156.5585,154.58508431302434,2.073571428571433,76326.5,-1.1572890025575462,156.802,1.3222405227505938
2025-11-07 10:00:00,154.61,155.51,153.77,154.16,50249,2025-11-07 10:59:59.999,7775398.1100,3844,25638,3975309.0900,0,46.14835948644787,-0.7725531303436242,-0.6746773557144229,-0.09787577462920127,158.56485918965362,156.386,154.20714081034637,1.9892857142857159,53375.0,-0.9445479663303983,156.04399999999998,1.563867002019023
2025-11-07 11:00:00,154.15,154.22,151.69,153.8,111006,2025-11-07 11:59:59.999,16978117.1000,4777,40928,6273183.2700,0,40.1664145234493,-0.9127399915121828,-0.722289882873975,-0.19045010863820777,158.74315917326734,156.283,153.82284082673263,2.017142857142858,53379.35,-0.8956762678007516,155.43800000000002,1.7581439076492271
2025-11-07 12:00:00,153.77,153.98,150.9,151.55,81969,2025-11-07 12:59:59.999,12470258.0600,4398,16709,2545027.6200,0,36.12244897959182,-1.1916585865415357,-0.8161636236074873,-0.3754949629340484,159.32305610440432,156.0935,152.8639438955957,2.077142857142858,53035.55,-3.274189430686747,154.214,1.9370157459361101
2025-11-07 13:00:00,151.55,152.92,150.86,152.28,72950,2025-11-07 13:59:59.999,11100949.0300,3634,45719,6966857.7100,0,40.293529019346195,-1.3383707782421084,-0.9206050545344115,-0.4177657237076968,159.44885975353375,155.847,152.24514024646626,2.0592857142857133,52896.0,-2.981651376146793,153.276,1.2993960135404066
2025-11-07 14:00:00,152.28,154.57,150.23,154.36,181625,2025-11-07 14:59:59.999,27677419.3000,5828,118728,18137790.1500,0,42.5545571245186,-1.2721382130133065,-0.9909116862301908,-0.28122652678311577,159.23451665748084,155.6815,152.12848334251916,2.2264285714285705,58044.2,-2.1489698890649676,153.23000000000002,1.2441462936506777
2025-11-07 15:00:00,154.36,155.93,153.31,155.26,91817,2025-11-07 15:59:59.999,14177746.4300,4602,37918,5871977.5900,0,44.753086419753004,-1.1339544287113767,-1.019520234726428,-0.1144341939849487,159.12444407007783,155.60549999999998,152.08655592992213,2.23142857142857,60693.25,-0.9821428571428701,153.45,1.5170365849262295
2025-11-07 16:00:00,155.26,157.73,154.31,157.19,140340,2025-11-07 16:59:59.999,21894473.4800,5837,108797,16975816.4100,0,48.38523644752017,-0.8588081084894839,-0.9873778094790392,0.12856970098955534,159.28676514736864,155.703,152.11923485263137,2.36285714285714,64701.35,0.736990515252503,154.128,2.278830840585676
2025-11-07 17:00:00,156.75,161.29,156.49,161.06,132977,2025-11-07 17:59:59.999,21198345.9300,5402,104778,16691793.8300,0,60.51332675222113,-0.3247326939739139,-0.8548487863780142,0.5301160924041003,160.2434447181497,155.93599999999998,151.62855528185025,2.588571428571425,69829.55,1.9689775245330887,156.03000000000003,3.3200451804160545
2025-11-07 18:00:00,161.23,162.56,160.07,162.02,54832,2025-11-07 18:59:59.999,8875296.4700,4063,32115,5201919.0200,0,64.6138807429131,0.1739843139112054,-0.6490821663201702,0.8230664802313756,161.34442905701044,156.25549999999998,151.16657094298952,2.6471428571428532,70798.4,3.309315819677356,157.978,3.425451795019648
2025-11-07 19:00:00,162.0,164.08,161.53,164.07,61857,2025-11-07 19:59:59.999,10091316.7000,4604,45089,7363782.4000,0,64.85436893203891,0.7262670487054095,-0.37401232331505424,1.1002793720204638,162.83824828659996,156.6995,150.56075171340004,2.635714285714282,71402.55,4.059110801040151,159.92,3.6090372677492146
2025-11-07 20:00:00,164.07,164.27,162.16,163.3,53887,2025-11-07 20:59:59.999,8795251.8800,4528,18008,2947823.5600,0,65.97530864197537,1.089266148060375,-0.08135662903996835,1.1706227771003432,163.84186967445055,157.03050000000002,150.2191303255495,2.694999999999997,71039.6,4.032617697649241,161.528,2.6870560098371974
2025-11-07 21:00:00,163.29,164.27,162.65,163.43,26918,2025-11-07 21:59:59.999,4391671.0100,4071,8990,1468791.6300,0,64.73899692937573,1.371624232762315,0.2092395433204884,1.1623846894418266,164.74148130284738,157.35399999999998,149.9665186971526,2.681428571428569,69260.55,5.718351769195939,162.776,1.2137668639412424
2025-11-07 22:00:00,163.44,164.3,162.59,163.15,22268,2025-11-07 22:59:59.999,3635070.1900,3581,10200,1666815.8000,0,66.16108786610886,1.5548777266710658,0.478367179990604,1.0765105466804619,165.45389520666075,157.624,149.79410479333924,2.7199999999999966,68284.3,5.831603528801251,163.19400000000002,0.7440631693623899
2025-11-07 23:00:00,163.18,163.57,161.66,161.72,31473,2025-11-07 23:59:59.999,5113132.3600,3070,8570,1394538.1100,0,69.620253164557,1.5666589230192471,0.6960255285963327,0.8706333944229144,165.8975499309975,157.87,149.8424500690025,2.641428571428569,67988.8,5.149544863459029,163.134,0.8647138254946743
2025-11-08 00:00:00,161.78,162.85,160.73,160.9,49558,2025-11-08 00:59:59.999,8013080.9300,3521,24678,3995520.8500,0,68.15732758620697,1.492622436704977,0.8553449102180618,0.6372775264869152,166.20130761036705,158.113,150.02469238963295,2.6685714285714277,69222.9,6.16958099637083,162.5,1.1286939354855652
2025-11-08 01:00:00,160.9,162.35,160.7,161.92,25999,2025-11-08 01:59:59.999,4200683.3700,3480,7974,1290608.1400,0,71.12382934443289,1.4989742216529862,0.9840707725050468,0.5149034491479394,166.57590757897995,158.3115,150.04709242102004,2.605714285714285,67678.3,6.330443919096393,162.224,1.0501571311008682
2025-11-08 02:00:00,161.92,164.19,161.45,163.41,38996,2025-11-08 02:59:59.999,6363665.3600,3565,27303,4455987.6600,0,82.12351029252443,1.6057287628896972,1.1084023705819772,0.49732639230772,167.1760244651199,158.6405,150.1049755348801,2.5814285714285723,68591.25,5.862917854366405,162.22,1.0444376477329835
2025-11-08 03:00:00,164.19,164.7,162.56,162.56,45173,2025-11-08 03:59:59.999,7392681.1800,3344,14685,2409921.9300,0,77.6641550053822,1.6032631896376586,1.2073745343931135,0.3958886552445451,167.58209086267402,158.885,150.18790913732596,2.587142857142859,68159.85,4.701790544892446,162.102,0.9413394711803214
2025-11-08 04:00:00,162.56,163.57,162.38,162.63,81355,2025-11-08 04:59:59.999,13272753.3900,4745,39309,6420721.4500,0,74.95473747736878,1.5886447127064116,1.2836285700557732,0.30501614265063837,167.97042932974685,159.168,150.36557067025316,2.362142857142859,71101.2,3.46077994783383,162.28400000000002,0.9369791886706856
2025-11-08 05:00:00,162.62,163.57,160.99,161.28,32646,2025-11-08 05:59:59.999,5285460.5900,3403,5544,898766.8700,0,67.68507638072863,1.451394969096981,1.3171818498640149,0.13421311923296608,168.07795794388227,159.5025,150.92704205611773,2.3592857142857144,69394.75,0.1365950577424555,162.35999999999999,0.8024026420706426
2025-11-08 06:00:00,161.28,161.79,160.3,161.01,29407,2025-11-08 06:59:59.999,4737400.9600,3070,10068,1624563.5900,0,62.43489583333334,1.3057845435443198,1.314902388600076,-0.00911784505575608,168.0616954556228,159.845,151.6283045443772,2.221428571428571,68352.65,-0.6233798296506723,162.178,1.004823367563686
2025-11-08 07:00:00,161.02,161.91,159.52,160.98,56333,2025-11-08 07:59:59.999,9043177.4700,3782,14706,2367995.9700,0,49.65277777777772,1.174428403370115,1.2868075915540838,-0.11237918818396886,167.92083709409297,160.204,152.48716290590704,2.049285714285714,65619.0,-1.8833424757725383,161.692,0.8329285683671978
2025-11-08 08:00:00,160.98,161.89,160.42,161.59,39450,2025-11-08 08:59:59.999,6364569.4200,3286,28047,4526795.1300,0,48.07520143240819,1.106791217725089,1.250804316788285,-0.14401309906319604,167.2730578207429,160.706,154.13894217925707,1.9764285714285705,63493.05,-1.047152480097984,161.498,0.678947715219885
2025-11-08 09:00:00,161.59,162.22,161.02,161.06,25528,2025-11-08 09:59:59.999,4123068.0700,2858,12532,2025872.0400,0,34.40414507772023,0.9989069131003987,1.2004248360507077,-0.20151792295030901,166.37895995800832,161.145,155.9110400419917,1.8799999999999975,61121.95,-1.4501621489322674,161.184,0.2555973395840258
2025-11-08 10:00:00,161.07,162.0,160.49,160.71,19313,2025-11-08 10:59:59.999,3105182.4300,2474,5447,876422.3000,0,35.96966413867818,0.8750783905243225,1.1353555469454306,-0.26027715642110816,165.62397683804852,161.4625,157.3010231619515,1.837142857142853,53006.35,-1.4955562365920918,161.07,0.32085822414654713
2025-11-08 11:00:00,160.72,161.08,159.11,159.74,33871,2025-11-08 11:59:59.999,5418189.0600,3004,6485,1038176.1200,0,31.67825223435949,0.690710421092632,1.046426521774871,-0.3557161006822389,164.79006179081458,161.6865,158.58293820918541,1.8621428571428527,50109.05,-1.224338362602022,160.81599999999997,0.680903811123552
2025-11-08 12:00:00,159.3,159.75,158.68,159.31,38323,2025-11-08 12:59:59.999,6100213.9500,3898,12692,2022439.8300,0,31.21330724070448,0.5040892436622073,0.9379590661523382,-0.43386982249013084,164.34539206482916,161.79250000000002,159.23960793517088,1.8164285714285657,45008.2,-0.9881914232442532,160.482,0.9404626521041208
2025-11-08 13:00:00,159.31,159.41,158.19,158.19,30637,2025-11-08 13:59:59.999,4864826.3200,2954,4192,668000.0300,0,32.18970736629666,0.2627867343516641,0.8029245997922033,-0.5401378654405392,164.65728959970943,161.649,158.64071040029057,1.7671428571428518,39891.2,-2.303606719367583,159.802,1.1458053936000656
2025-11-08 14:00:00,158.19,159.44,156.77,157.63,49806,2025-11-08 14:59:59.999,7850059.3200,4289,17250,2723897.4400,0,33.05699481865281,0.026064976523144878,0.6475526751383917,-0.6214876986152468,164.92499168289572,161.42950000000002,157.93400831710431,1.8064285714285648,39639.9,-3.537115231625972,159.11599999999999,1.2281612272023914
2025-11-08 15:00:00,157.63,158.08,156.0,156.58,48469,2025-11-08 15:59:59.999,7591307.9500,3332,9762,1529499.9800,0,22.41735537190098,-0.2434585086875245,0.4693504383732084,-0.7128089470607328,164.94230998857793,161.055,157.16769001142208,1.837142857142851,38970.5,-3.678641732283458,158.29,1.2759898118729613
2025-11-08 16:00:00,156.62,157.27,155.87,156.71,32896,2025-11-08 16:59:59.999,5155440.9500,2877,16761,2631928.1700,0,9.735576923076948,-0.44147880611822643,0.28718458947492137,-0.7286633955931479,164.91686191908673,160.72549999999998,156.53413808091324,1.741428571428565,37920.95,-3.64016479124392,157.68400000000003,1.1258685536082063
2025-11-08 17:00:00,156.65,157.49,156.12,157.48,41568,2025-11-08 17:59:59.999,6523715.3400,2946,26304,4128179.9100,0,19.17475728155324,-0.5301673148617567,0.12371420860758571,-0.6538815234693425,164.6555915751458,160.428,156.2004084248542,1.6864285714285663,38653.45,-2.3561507936508006,157.318,0.6704998135749054
2025-11-08 18:00:00,157.49,158.01,156.9,157.85,22855,2025-11-08 18:59:59.999,3599541.6000,2736,10316,1626918.7400,0,22.01405152224821,-0.5640951514572805,-0.013847663405387572,-0.5502474880518929,164.336268818505,160.16299999999998,155.98973118149496,1.6807142857142796,38682.8,-1.9626110179491938,157.25,0.5696051263849462
2025-11-08 19:00:00,157.84,158.02,156.18,157.24,42274,2025-11-08 19:59:59.999,6635561.2600,3258,15469,2430350.6700,0,24.102564102564102,-0.6329093237021084,-0.1376599954647318,-0.4952493282373766,164.2393789306636,159.93900000000002,155.63862106933644,1.6278571428571382,39222.85,-2.32326997142501,157.17199999999997,0.5298773443015272
2025-11-08 20:00:00,157.23,158.02,156.94,157.58,23096,2025-11-08 20:59:59.999,3639346.5900,2720,14710,2318575.6100,0,28.20838627700134,-0.6524884122277967,-0.2406256788173448,-0.41186273341045193,164.17235928348546,159.773,155.37364071651453,1.5985714285714263,37899.75,-2.4815892072529184,157.372,0.4298488106345975
2025-11-08 21:00:00,157.59,158.08,157.53,157.96,18680,2025-11-08 21:59:59.999,2948734.3800,2385,5851,924282.1900,0,31.630170316301744,-0.6300789982552715,-0.31851634270493023,-0.31156265555034124,163.92365980564006,159.575,155.22634019435992,1.4671428571428566,37533.8,-1.9247485409164253,157.622,0.288998269897765
2025-11-08 22:00:00,157.95,158.16,157.51,157.8,18046,2025-11-08 22:59:59.999,2848624.1700,2470,6452,1019683.2700,0,25.611325611325512,-0.6181049104049521,-0.37843405624493465,-0.23967085416001743,163.3127817747115,159.29450000000003,155.27621822528855,1.4085714285714286,36486.3,-1.8107149523987283,157.686,0.28509647490609125
2025-11-08 23:00:00,157.89,158.31,157.79,157.94,16655,2025-11-08 23:59:59.999,2633014.0800,2407,6044,956381.1100,0,28.861788617885978,-0.5905114807740119,-0.4208495411507502,-0.16966193962326176,162.81359487598286,159.06350000000003,155.3134051240172,1.3600000000000014,35060.4,-1.126831100538382,157.704,0.3004663042736624
2025-11-09 00:00:00,157.93,158.34,156.55,156.76,27077,2025-11-09 00:59:59.999,4255741.7800,2894,4075,642521.3400,0,25.94397076735663,-0.6562942754418657,-0.4679384880089733,-0.18835578743289239,162.25420798217942,158.77,155.2857920178206,1.3800000000000014,32346.5,-1.600652815265841,157.608,0.4977147777632439
2025-11-09 01:00:00,156.76,158.13,156.52,158.09,27246,2025-11-09 01:59:59.999,4294613.8700,3123,17176,2710510.5100,0,40.37339556592759,-0.5942574988945069,-0.4932022901860801,-0.10105520870842677,161.89738286181495,158.6105,155.32361713818506,1.3542857142857148,32076.5,-0.06321512105695323,157.71,0.5409251334555262
2025-11-09 02:00:00,158.08,158.18,155.85,155.92,33586,2025-11-09 02:59:59.999,5270169.3400,2882,3869,608506.3200,0,33.55965082444217,-0.711986434660588,-0.5369591190809818,-0.17502731557960616,161.64882729259693,158.356,155.06317270740306,1.4442857142857162,32285.45,-1.084818879654893,157.302,0.9326950198237525
2025-11-09 03:00:00,155.95,156.67,155.0,155.81,34299,2025-11-09 03:59:59.999,5337944.4700,3166,7192,1119927.4400,0,37.20430107526878,-0.8048853280994308,-0.5905443608846717,-0.21434096721475915,161.3342356850167,158.09750000000003,154.86076431498336,1.4764285714285725,31183.75,-0.4917613999233683,156.904,1.0800138888015123
2025-11-09 04:00:00,155.82,157.33,155.0,157.13,43961,2025-11-09 04:59:59.999,6877717.2800,3330,36081,5645610.5400,0,47.51491053677931,-0.7631977337498199,-0.6250750354577014,-0.13812269829211854,160.68452322521338,157.87449999999998,155.06447677478658,1.45214285714286,31409.3,0.2680109756875678,156.74200000000002,0.9370538938632205
2025-11-09 05:00:00,157.12,158.21,156.45,158.0,22651,2025-11-09 05:59:59.999,3569451.9500,2680,10249,1616656.7000,0,57.18623481781372,-0.6524373936326242,-0.630547507092686,-0.021889886539938175,160.1015599284641,157.7215,155.34144007153589,1.4292857142857176,31265.45,0.33020066040132734,156.99,1.093960693994136
2025-11-09 06:00:00,158.01,158.99,157.3,158.16,38145,2025-11-09 06:59:59.999,6042162.1900,3270,24787,3929850.1600,0,57.315842583249214,-0.5454606326447049,-0.6135301322030898,0.06806949955838493,159.5321640797214,157.594,155.65583592027858,1.4500000000000028,32207.05,0.1963889768767832,157.004,1.111858803987322
2025-11-09 07:00:00,158.2,159.4,157.84,159.18,47075,2025-11-09 07:59:59.999,7476277.5800,3391,25349,4029011.6400,0,58.366141732283545,-0.37406333406275394,-0.5656367725750227,0.1915734385122687,159.38621861033118,157.566,155.74578138966882,1.4635714285714312,32867.25,1.2337827524802834,157.656,1.2628657885950685
2025-11-09 08:00:00,159.18,159.57,158.67,159.34,28059,2025-11-09 08:59:59.999,4465302.7900,3195,11849,1888484.6100,0,57.4874371859297,-0.22275133848933137,-0.4970596857578844,0.274308347268553,159.39380919153365,157.56750000000002,155.7411908084664,1.4485714285714326,32354.05,1.116893006726736,158.36200000000002,0.9103955184443311
2025-11-09 09:00:00,159.36,159.77,158.17,158.24,33096,2025-11-09 09:59:59.999,5263084.4300,3128,13004,2074435.4200,0,54.78927203065134,-0.18941286516550804,-0.4355303216394091,0.24611745647390104,159.40003019817655,157.57,155.73996980182343,1.431428571428577,32477.0,0.17726006583945372,158.584,0.6256836261269832
2025-11-09 10:00:00,158.23,158.3,157.23,158.21,29970,2025-11-09 10:59:59.999,4730726.0000,3268,13136,2075828.6000,0,53.10957551826256,-0.16352758988142568,-0.3811297752878124,0.2176021854063867,159.45128052892025,157.599,155.74671947107973,1.4307142857142918,31485.2,0.25982256020278616,158.62600000000003,0.5822198897353026
2025-11-09 11:00:00,158.21,172.5,157.23,158.98,75698,2025-11-09 11:59:59.999,12029538.1400,3608,54547,8672188.9500,0,54.847908745247075,-0.07995903984539154,-0.32089562819932826,0.24093658835393672,159.60399783608042,157.719,155.83400216391956,2.4821428571428634,32846.65,0.6584779030011346,158.79000000000002,0.531413210226562
2025-11-09 12:00:00,158.97,159.77,145.0,159.03,91492,2025-11-09 12:59:59.999,14469876.2300,3388,24198,3859903.8800,0,55.90778097982704,-0.009585286514095515,-0.2586335598622817,0.2490482733481862,159.74394294252545,157.835,155.92605705747457,3.4907142857142923,35776.45,1.4480734881347348,158.76000000000002,0.5075923561316852
2025-11-09 13:00:00,159.03,160.36,158.86,159.98,44328,2025-11-09 13:59:59.999,7081062.7100,3285,26662,4263392.2000,0,59.09090909090905,0.12144355483110303,-0.18261813692360473,0.30406169175470776,160.0861182815854,157.96,155.8338817184146,3.5607142857142913,35914.45,1.1955215383642142,158.888,0.7246861389617192
2025-11-09 14:00:00,159.98,162.52,159.33,160.09,122564,2025-11-09 14:59:59.999,19757788.2800,5056,81035,13086359.5500,0,66.40394088669956,0.231492435602064,-0.09979602241847098,0.33128845802053497,160.40012189948698,158.072,155.74387810051303,3.660714285714292,40899.9,2.674448435094931,159.25799999999998,0.7811977982579524
2025-11-09 15:00:00,160.07,163.79,159.82,162.44,98302,2025-11-09 15:59:59.999,15952269.8600,4585,65462,10631313.0000,0,69.4717994628469,0.5025393657149095,0.020671055208205155,0.48186831050670437,161.33308471616652,158.332,155.33091528383346,3.8292857142857213,43701.3,4.255182594185223,160.10399999999998,1.4043966676130804
2025-11-09 16:00:00,162.44,162.96,161.83,162.91,34014,2025-11-09 16:59:59.999,5524723.0700,2435,21702,3528146.0600,0,86.90601900739193,0.7466640047980206,0.1658696451261683,0.5807943596718523,162.20414046430304,158.5985,154.99285953569697,3.7435714285714345,44247.2,3.6784827849551336,160.89,1.6889789815158776
2025-11-09 17:00:00,162.91,162.98,161.26,161.74,35571,2025-11-09 17:59:59.999,5757736.1000,3162,7277,1179621.3400,0,78.1576448243116,0.8360874228284558,0.29991320066662586,0.53617422216183,162.64004461361907,158.7875,154.93495538638092,3.747142857142864,45091.75,2.3670886075949427,161.432,1.3420767489239225
2025-11-09 18:00:00,161.74,163.87,161.15,163.87,51376,2025-11-09 18:59:59.999,8348517.0600,3798,38643,6291616.6800,0,79.71781305114649,1.0665349734468066,0.45323755522266207,0.6132974182241445,163.52803030130096,159.09099999999998,154.653969698699,3.7750000000000057,46758.25,3.6102680829539753,162.21,1.415432796003366
2025-11-09 19:00:00,163.87,165.93,163.45,165.92,52107,2025-11-09 19:59:59.999,8587406.3300,3665,40162,6621454.1100,0,81.62939297124608,1.3984635675386983,0.6422827576858694,0.7561808098528289,164.83377749299726,159.49,154.14622250700276,3.826428571428577,48530.85,4.234200276416622,163.376,1.6190830738419404
2025-11-09 20:00:00,165.82,166.21,165.02,165.28,27453,2025-11-09 20:59:59.999,4548363.5400,2643,9627,1598835.7700,0,77.38461538461553,1.5915305450461688,0.8321323151579294,0.7593982298882394,165.6849272924168,159.916,154.1470727075832,3.7907142857142913,48549.65,3.727877494665494,163.94400000000002,1.7045321938881801
2025-11-09 21:00:00,165.29,166.3,164.47,164.89,29266,2025-11-09 21:59:59.999,4834579.5600,2843,9158,1517998.1500,0,73.0800323362975,1.693545635172569,1.0044149791608574,0.6891306560117116,166.3634049963469,160.256,154.1485950036531,3.8100000000000063,48650.65,4.202477249747204,164.34,1.6327430906303295
2025-11-09 22:00:00,164.89,165.49,164.18,165.37,21496,2025-11-09 22:59:59.999,3542889.4600,2505,10250,1692544.9900,0,73.75886524822701,1.7924629207682017,1.1620245674823264,0.6304383532858753,166.88546191314603,160.7285,154.57153808685396,3.83928571428572,48046.15,4.525630491119395,165.06599999999997,0.7630399727411308
2025-11-09 23:00:00,165.44,166.12,163.86,164.46,61511,2025-11-09 23:59:59.999,10150661.4800,3477,22884,3788931.9400,0,74.88000000000005,1.7769426981349739,1.285008193612856,0.49193450452211795,167.07361238904514,161.161,155.24838761095486,3.886428571428575,49406.75,3.4469744621965144,165.184,0.5468363557781561
2025-11-10 00:00:00,164.42,168.02,163.43,167.4,103842,2025-11-10 00:59:59.999,17257942.7200,3764,90904,15125011.1300,0,79.81829980532127,1.9790628348395671,1.4238191218581984,0.5552437129813688,167.8892142035264,161.67450000000002,155.45978579647365,4.137857142857145,52400.8,5.263157894736844,165.48000000000002,1.132143983776182
2025-11-10 01:00:00,167.4,168.03,166.19,166.97,53239,2025-11-10 01:59:59.999,8888609.1800,3594,30061,5025376.7600,0,76.50962176509626,2.08056365037919,1.555168027562397,0.5253956228167933,168.51337137541503,162.123,155.73262862458495,3.1785714285714306,53930.2,4.369296162020259,165.818,1.2976786967506435
2025-11-10 02:00:00,167.0,167.79,166.13,167.43,46677,2025-11-10 02:59:59.999,7800652.8900,3586,14129,2367592.5600,0,77.13178294573648,2.1730721109828437,1.6787488442464864,0.4943232667363573,169.1099355656267,162.5865,156.0630644343733,2.2421428571428583,54356.8,4.584920981947657,166.32600000000002,1.3400485065848196
2025-11-10 03:00:00,167.15,168.61,167.15,168.01,41568,2025-11-10 03:59:59.999,6984054.2500,3753,22122,3721919.0200,0,76.57180675049639,2.267053701359089,1.796409815669007,0.47064388569008186,169.77218142978313,163.028,156.28381857021685,2.239285714285716,54081.45,3.4289583846343223,166.85399999999998,1.3884271676973046
2025-11-10 04:00:00,168.0,184.59,166.57,168.08,65910,2025-11-10 04:59:59.999,11075745.7000,3618,45681,7689495.9100,0,76.50962176509626,2.3204346772794224,1.9012147879910901,0.4192198892883323,170.33447328096065,163.46499999999997,156.5955267190393,3.298571428571431,55974.0,3.1735313977042634,167.57800000000003,0.4641874621310376
2025-11-10 05:00:00,168.08,168.45,166.85,167.43,29727,2025-11-10 05:59:59.999,4983756.4800,2987,9573,1608416.1200,0,68.66118175018701,2.2839618273334565,1.9777641958595638,0.3061976314738928,170.5474059451146,163.92450000000002,157.30159405488544,3.1292857142857167,55805.55,3.5179918387535536,167.584,0.4614975622900416
2025-11-10 06:00:00,167.45,168.46,166.0,166.86,48122,2025-11-10 06:59:59.999,8032209.6000,3788,12836,2146916.3700,0,64.66221232368233,2.183888092164011,2.018988975120453,0.16489911704355809,170.52259588616704,164.35700000000003,158.19140411383302,3.2242857142857173,56713.15,1.824617074510288,167.562,0.49916930995370334
2025-11-10 07:00:00,166.86,168.02,166.65,167.32,26764,2025-11-10 07:59:59.999,4481930.5000,3337,14806,2482450.3500,0,71.86520376175544,2.1172902872060035,2.0386492375375633,0.07864104966844021,170.52238521947865,164.774,159.02561478052135,3.199285714285718,54266.45,0.8437801350048251,167.54000000000002,0.5087730338762739
2025-11-10 08:00:00,167.32,168.04,166.12,166.54,31323,2025-11-10 08:59:59.999,5217903.8000,3053,8084,1349190.9300,0,61.700262927256745,1.9787616333249218,2.026671716695035,-0.04791008337011338,170.2642649017274,165.1495,160.0347350982726,3.14214285714286,51258.0,0.7623426911907012,167.246,0.5878605276762613
2025-11-10 09:00:00,166.53,169.4,166.12,169.35,65886,2025-11-10 09:59:59.999,11076993.5700,3715,53939,9071340.5400,0,64.09202958093674,2.0718373417277576,2.0357048417015795,0.03613250002617807,170.4476130388683,165.618,160.7883869611317,3.1992857142857156,52335.9,2.704833525380562,167.5,1.0944176533662515
2025-11-10 10:00:00,169.37,169.51,167.91,168.24,28214,2025-11-10 10:59:59.999,4759353.5100,2682,8424,1423448.0400,0,61.70886075949369,2.032602214787204,2.0350843163187045,-0.0024821015315006356,170.22548734333276,166.02550000000002,161.82551265666729,3.22857142857143,47618.4,1.7355022071717994,167.66199999999998,1.1404472806752735
2025-11-10 11:00:00,168.23,169.61,167.84,168.19,35294,2025-11-10 11:59:59.999,5943827.2100,3726,11073,1868686.3500,0,63.41463414634149,1.9747102809758132,2.023009509250126,-0.04829922827431288,170.25910054023333,166.31300000000002,162.3668994597667,3.2242857142857155,44468.0,2.2680286999878327,167.928,1.0588059312260758
2025-11-10 12:00:00,168.19,168.21,166.91,168.02,36806,2025-11-10 12:59:59.999,6169128.0800,3699,15913,2669110.9900,0,61.05087572977486,1.8932882783489333,1.9970652630698875,-0.1037769847209542,170.23896404637554,166.56850000000003,162.89803595362451,3.22357142857143,44607.6,0.37037037037037307,168.06799999999998,1.0031301012328642
2025-11-10 13:00:00,168.2,170.32,167.7,169.79,64103,2025-11-10 13:59:59.999,10861506.0300,4462,43226,7325603.2400,0,70.73929961089493,1.949116757449275,1.9874755619457651,-0.038358804496490206,170.1438114711602,166.971,163.7981885288398,3.2492857142857168,46034.2,1.6889261543989897,168.718,0.797351867119632
2025-11-10 14:00:00,169.79,170.35,165.26,166.05,82590,2025-11-10 14:59:59.999,13827495.2500,4987,14672,2461013.3200,0,45.05494505494506,1.6722972837250154,1.9244399063016153,-0.2521426225765999,169.93846480695123,167.08,164.2215351930488,3.285000000000003,47594.9,-0.8242250492743208,168.05800000000002,1.3307779679568712
2025-11-10 15:00:00,165.61,170.0,165.0,166.14,48461,2025-11-10 15:59:59.999,8049663.9100,3464,19178,3192807.4500,0,46.88204357625838,1.4435378979441964,1.8282595046301318,-0.38472160668593536,169.93231103911552,167.091,164.2496889608845,3.5107142857142883,47412.6,-1.1130289863698617,167.63799999999998,1.5690347351157055
2025-11-10 16:00:00,165.15,167.07,165.05,166.04,43230,2025-11-10 16:59:59.999,7181623.3900,3290,12790,2130359.7500,0,44.633204633204535,1.239882676629378,1.7105841390299812,-0.4707014624006032,169.88745036587568,167.129,164.3705496341243,3.536428571428573,48201.45,-1.2137077582103881,167.208,1.6712181186188138
2025-11-10 17:00:00,166.04,168.18,165.25,167.7,86822,2025-11-10 17:59:59.999,14512831.8200,3537,63847,10676763.0000,0,48.895224518888085,1.198615677859891,1.6081904467959631,-0.40957476893607203,169.8266816311487,167.2695,164.7123183688513,3.641428571428573,51079.25,0.16126142268409593,167.144,1.6381483449308936
2025-11-10 18:00:00,167.7,168.2,165.96,165.96,32272,2025-11-10 18:59:59.999,5381277.0900,1861,9153,1527270.1100,0,43.248407643312035,1.0138211269395185,1.4893165828246744,-0.47549545588515585,169.77628119219654,167.299,164.82171880780348,2.5142857142857133,51618.05,-0.5393743257820961,166.37800000000001,0.7417681578499917
2025-11-10 19:00:00,165.96,167.36,165.59,167.16,23594,2025-11-10 19:59:59.999,3933521.5400,1145,14944,2496697.9000,0,49.16923076923073,0.9532120499855239,1.3820956762568444,-0.4288836262713205,169.5238390771466,167.434,165.3441609228534,2.5264285714285717,49722.2,-0.09562514941429393,166.6,0.7839642849008277
2025-11-10 20:00:00,167.16,168.14,167.14,168.14,26728,2025-11-10 20:59:59.999,4482948.7000,833,23429,3930990.3900,0,53.84153661464582,0.9730401287254153,1.3002845667505587,-0.32724443802514336,169.5843749511524,167.471,165.3576250488476,2.4221428571428567,45866.5,0.9607301549177341,167.0,0.9770363350458628
2025-11-10 21:00:00,168.14,168.14,164.8,165.03,45709,2025-11-10 21:59:59.999,7584364.9600,1529,4602,763047.0600,0,44.070429829104064,0.72939500376404,1.186106654153255,-0.456711650389215,169.7464062845337,167.374,165.0015937154663,2.5628571428571405,45490.0,-2.5509300265721837,166.798,1.281959437735822
2025-11-10 22:00:00,165.03,167.46,164.66,167.0,34702,2025-11-10 22:59:59.999,5770505.3200,1396,26827,4465581.6100,0,51.12195121951222,0.6873437519708148,1.086354073716767,-0.3990103217459522,169.7305564819883,167.3525,164.9744435180117,2.625714285714285,44891.25,-0.737042320494537,166.658,1.1940351753612715
2025-11-10 23:00:00,167.46,167.85,167.0,167.2,11094,2025-11-10 23:59:59.999,1858447.9700,634,8644,1448880.4300,0,43.991056456120674,0.6625190532499801,1.0015870696234095,-0.3390680163734294,169.67041695343792,167.312,164.9535830465621,2.452142857142856,43367.55,-0.5886200130804501,166.906,1.140385899597109
2025-11-11 00:00:00,167.0,167.91,166.15,167.42,27632,2025-11-11 00:59:59.999,4608410.3600,877,3762,629004.5500,0,47.58823529411756,0.6530692858390523,0.931883512866538,-0.2788142270274857,169.6104860858192,167.279,164.9475139141808,2.463571428571427,41453.65,-0.35710034519701384,166.958,1.160611907572847
2025-11-11 01:00:00,167.44,170.55,166.15,167.26,105580,2025-11-11 01:59:59.999,17808400.0200,3689,68044,11504519.7800,0,47.28229105786085,0.6254597041257455,0.8705987511183796,-0.2451390469926341,169.60090746379595,167.2705,164.94009253620405,2.65142857142857,45246.3,-1.4900759762059022,166.78199999999998,0.9908683060830856
2025-11-11 02:00:00,167.3,170.78,166.38,170.16,93652,2025-11-11 02:59:59.999,15831669.8400,4051,67373,11409034.2600,0,55.393145161290334,0.8280395508845402,0.8620869110716117,-0.03404736018707155,170.0885020731141,167.4355,164.78249792688587,2.8728571428571406,47522.8,2.4751580849141734,167.808,1.3233744745911822
2025-11-11 03:00:00,170.17,171.75,169.33,169.84,78370,2025-11-11 03:59:59.999,13379701.4800,3567,47277,8090144.9200,0,50.13594344752586,0.9517925413550188,0.8800280371282931,0.07176450422672564,170.4226096485456,167.5615,164.7003903514544,2.8585714285714254,50103.1,2.2270374383050546,168.376,1.488986232306803
2025-11-11 04:00:00,169.97,170.19,166.54,166.71,54388,2025-11-11 04:59:59.999,9158161.2700,4066,11247,1898981.2200,0,51.85601799775028,0.7882167641868136,0.8616657825399971,-0.07344901835318352,170.4193175544793,167.57,164.72068244552068,2.7557142857142827,51256.35,0.4035172247651264,168.27800000000002,1.5978798452947696
2025-11-11 05:00:00,166.74,167.18,164.83,165.13,54318,2025-11-11 05:59:59.999,9001110.4100,3781,11966,1982855.8400,0,47.379346133886884,0.5250366907451962,0.794339964181037,-0.2693032734358408,170.27747761322493,167.359,164.4405223867751,2.5664285714285677,50677.95,-1.5324985092426913,167.82,2.141132877707373
2025-11-11 06:00:00,165.13,165.71,163.51,164.9,63149,2025-11-11 06:59:59.999,10387594.2600,3560,23986,3954013.8100,0,47.06185567010312,0.2945105740516851,0.6943740861551667,-0.3998635121034816,170.2757748569518,167.19199999999998,164.10822514304814,2.5792857142857133,52424.7,-0.6387081224391433,167.348,2.521739479010404
2025-11-11 07:00:00,164.82,165.29,163.87,163.88,28433,2025-11-11 07:59:59.999,4683669.2100,3361,13674,2254127.6900,0,39.81876332622599,0.02917517693791183,0.5613343043117157,-0.5321591273738039,170.35492862880758,166.9765,163.5980713711924,2.471428571428569,52081.65,-1.9621919119406563,166.092,2.327481471462289
2025-11-11 08:00:00,164.05,164.76,163.5,163.88,38771,2025-11-11 08:59:59.999,6364355.2300,3297,19334,3179061.4800,0,43.88954171562862,-0.1790411618485166,0.41325921107966923,-0.5923003729281858,170.37819986792866,166.7695,163.16080013207133,2.40142857142857,52179.9,-2.5336029499226784,164.9,1.1629488380839457
2025-11-11 09:00:00,163.89,164.77,163.2,163.89,42988,2025-11-11 09:59:59.999,7046388.1700,3829,22306,3661645.0200,0,39.671509791535,-0.33933554509317787,0.2627402598450998,-0.6020758049382777,170.00736807594777,166.47449999999998,162.9416319240522,2.387142857142856,51124.15,-0.6907834939102071,164.33599999999998,0.6251639784896785
2025-11-11 10:00:00,163.89,164.41,162.82,163.58,33026,2025-11-11 10:59:59.999,5399278.6200,3940,11651,1908092.3600,0,34.96042216358842,-0.4857845855829339,0.113035290759493,-0.598819876342427,170.11169366501053,166.35099999999997,162.5903063349894,2.429285714285714,48645.95,-2.047904191616759,164.02599999999998,0.5059446610066952
2025-11-11 11:00:00,163.58,164.47,162.83,163.54,27263,2025-11-11 11:59:59.999,4466887.7200,3508,8761,1437106.8000,0,43.837882547559914,-0.5981787388374755,-0.029207515159900742,-0.5689712236775748,170.18657767743042,166.22099999999998,162.25542232256953,2.307857142857143,47586.05,-2.188995215311003,163.754,0.1777076250511022
2025-11-11 12:00:00,163.54,164.32,162.76,163.23,25882,2025-11-11 12:59:59.999,4224935.1000,3011,10454,1708304.7300,0,31.92713326941505,-0.7041493291213783,-0.16419587795219628,-0.539953451169182,170.26609170186026,166.08049999999997,161.89490829813968,2.219285714285714,46718.65,-2.502687850913868,163.62399999999997,0.2740985224355832
2025-11-11 13:00:00,163.25,163.78,162.55,162.7,27115,2025-11-11 13:59:59.999,4426096.4900,3622,11546,1888041.9700,0,29.089219330855002,-0.821429428869493,-0.2956425881356557,-0.5257868407338373,170.2019647671542,165.8305,161.4590352328458,2.2464285714285706,43733.3,-2.7262943919646077,163.38799999999998,0.45007777105904984
2025-11-11 14:00:00,162.72,163.78,161.38,162.77,61255,2025-11-11 14:59:59.999,9931192.0800,3981,20235,3285200.7700,0,28.08671065033002,-0.898370482189307,-0.416188166946386,-0.48218231524292104,170.25040883336504,165.671,161.09159116663494,2.2921428571428573,45182.45,-4.342971321109536,163.164,0.41512648675022285
2025-11-11 15:00:00,162.77,162.79,160.09,160.81,42179,2025-11-11 15:59:59.999,6796123.0500,3843,9466,1529215.7200,0,24.01289282836433,-1.1047673703209,-0.5539040076212889,-0.5508633626996111,170.3589339945331,165.3535,160.3480660054669,2.170714285714285,46111.7,-5.316768723504476,162.61,1.0633672930844886
2025-11-11 16:00:00,160.81,161.16,159.81,160.58,36521,2025-11-11 16:59:59.999,5867538.1800,3158,14619,2353436.3900,0,0.8213552361397518,-1.272231970762249,-0.697569600249481,-0.5746623705127679,170.23051855372006,164.97549999999998,159.7204814462799,1.952857142857141,46601.35,-3.6770439685681695,162.01799999999997,1.2274648671151815
2025-11-11 17:00:00,160.6,161.17,158.64,159.41,46410,2025-11-11 17:59:59.999,7406024.1800,4084,11201,1793053.7000,0,0.7554296506138911,-1.4822713930936402,-0.854509958818313,-0.6277614342753272,170.50854642133302,164.6945,158.880453578667,1.960714285714285,46636.4,-3.463937503784896,161.254,1.4526630717418314
2025-11-11 18:00:00,159.41,160.02,158.27,158.88,42788,2025-11-11 18:59:59.999,6808633.2300,3392,26671,4250365.6900,0,1.001251564455714,-1.6722194146570644,-1.0180518499860634,-0.654167564671001,170.54210956820296,164.2885,158.03489043179704,1.8249999999999988,47040.7,-3.650697392359011,160.49,1.505606190211355
2025-11-11 19:00:00,158.88,159.39,157.52,157.52,40401,2025-11-11 19:59:59.999,6390031.3700,3558,14967,2371683.7100,0,1.0296010296011815,-1.9104724866550669,-1.196535977319864,-0.7139365093352028,170.58546243750743,163.8045,157.02353756249255,1.7907142857142833,48506.05,-3.88088845496704,159.44,1.3395335008887168
2025-11-11 20:00:00,157.52,158.61,156.43,156.74,54471,2025-11-11 20:59:59.999,8552670.0500,4469,13534,2129424.4800,0,0.9615384615386091,-2.1375884548967576,-1.384746472835243,-0.7528419820615146,170.51864451755117,163.27050000000003,156.0223554824489,1.789285714285711,49848.0,-4.356846473029037,158.626,1.5229510826036035
2025-11-11 21:00:00,156.68,157.79,155.66,156.02,31766,2025-11-11 21:59:59.999,4974308.8000,3702,10549,1655803.9900,0,0.9975062344141321,-2.3486042310987045,-1.5775180244879354,-0.7710862066107691,170.38458528242717,162.70850000000002,155.03241471757286,1.8399999999999974,46157.3,-4.802001342363766,157.714,1.4223150143353616
2025-11-11 22:00:00,155.66,157.03,155.5,156.64,46895,2025-11-11 22:59:59.999,7337247.4400,3905,32114,5027182.2700,0,8.101851851851734,-2.4377065716433037,-1.749555733919009,-0.6881508377242946,169.3168476751571,162.0325,154.7481523248429,1.8592857142857124,43819.45,-4.242572441618796,157.16,1.0993634521867688
2025-11-11 23:00:00,156.64,157.17,153.86,154.5,71927,2025-11-11 23:59:59.999,11165511.2800,4110,13442,2099051.6700,0,6.406685236768794,-2.650448216552661,-1.9297342304457394,-0.7207139861069216,168.3150822197927,161.2655,154.2159177802073,1.9835714285714232,43497.3,-5.5276996453467,156.284,1.1307873363300212
2025-11-12 00:00:00,154.47,155.13,153.62,153.63,41751,2025-11-12 00:59:59.999,6442111.1800,3635,10422,1614088.6600,0,6.090026478375975,-2.8563233147972937,-2.1150520473160506,-0.7412712674812432,167.9551382063113,160.6115,153.26786179368872,1.9778571428571365,42865.45,-5.881271825032161,155.506,1.378796576730824
2025-11-12 01:00:00,153.63,155.35,153.58,155.31,27188,2025-11-12 01:59:59.999,4208324.4400,3115,12984,2010887.9400,0,18.272937548188168,-2.8510536816294234,-2.262252374178725,-0.5888013074506984,167.50512549383114,160.1205,152.73587450616884,1.9871428571428507,41508.95,-4.542102028272887,155.22,1.194884931700425
2025-11-12 02:00:00,155.25,155.49,153.76,154.19,46388,2025-11-12 02:59:59.999,7165322.2000,3053,14181,2193622.1700,0,17.19883889695214,-2.9037791407528175,-2.390557727493544,-0.5132214132592736,167.06300001407163,159.585,152.10699998592838,1.9992857142857088,40670.9,-5.2712416292928745,154.85399999999998,1.168558941604941
2025-11-12 03:00:00,154.21,154.8,153.91,154.73,24898,2025-11-12 03:59:59.999,3844423.2000,2739,11816,1825946.8700,0,21.102248005801286,-2.8689198378922356,-2.4862301495732826,-0.382689688318953,166.6186902644957,159.1275,151.63630973550428,1.9749999999999963,40494.15,-3.780859399291096,154.472,0.6241153739534238
2025-11-12 04:00:00,154.45,154.93,154.13,154.79,25567,2025-11-12 04:59:59.999,3951382.1500,2898,8898,1377874.1400,0,21.044992743105823,-2.8041278503189346,-2.549809689722413,-0.25431816059652146,166.0522942181364,158.673,151.2937057818636,1.8607142857142824,39833.95,-3.6056794121310376,154.53,0.6406246951257784
2025-11-12 05:00:00,154.79,155.71,154.12,155.38,32300,2025-11-12 05:59:59.999,5016156.1800,3391,15845,2461676.1100,0,28.12248186946003,-2.67434349708833,-2.574716451195597,-0.09962704589273308,165.33584736881443,158.2475,151.15915263118558,1.7814285714285691,39299.55,-2.528072266482656,154.88,0.48518037883331666
2025-11-12 06:00:00,155.37,156.36,155.15,155.91,34574,2025-11-12 06:59:59.999,5389121.9700,2896,15252,2379931.8300,0,31.628638867033743,-2.4999045480092263,-2.559754070558323,0.0598495225490967,164.55647936118783,157.864,151.17152063881218,1.7714285714285702,39376.95,-1.8693353474320236,155.0,0.6606057826001733
2025-11-12 07:00:00,155.91,160.12,140.61,154.87,110816,2025-11-12 07:59:59.999,17218152.8300,4573,29667,4637745.2100,0,31.955484896661332,-2.4177098779557014,-2.5313452320377987,0.11363535408209735,163.6837129846586,157.4305,151.1772870153414,2.984285714285712,43554.6,-1.6823260538344371,155.13600000000002,0.5034679731668413
2025-11-12 08:00:00,154.87,157.9,154.73,157.89,71846,2025-11-12 08:59:59.999,11268071.8900,4060,56054,8798271.7400,0,46.71532846715324,-2.0848484142048562,-2.4420458684712103,0.3571974542663541,162.79964005652496,157.1635,151.52735994347503,3.085714285714285,45852.8,0.733699119561042,155.76799999999997,1.2685109380704769
2025-11-12 09:00:00,157.87,158.78,157.64,157.96,35711,2025-11-12 09:59:59.999,5648220.8900,3541,12346,1955746.9400,0,51.596516690856305,-1.7947165162324552,-2.3125799980234594,0.5178634817910042,161.94744675491705,156.92649999999998,151.9055532450829,3.0335714285714306,46282.6,1.2434303294449414,156.402,1.4383219389288908
2025-11-12 10:00:00,157.95,160.05,157.72,160.05,42606,2025-11-12 10:59:59.999,6782389.5100,3717,24238,3861099.9800,0,60.96752816434727,-1.3802289435620025,-2.1261097871311683,0.7458808435691657,161.26232748465927,156.7905,152.31867251534075,3.0442857142857167,45350.15,2.1769662921348476,157.336,2.0110146692661774
2025-11-12 11:00:00,160.05,160.9,159.42,159.83,44684,2025-11-12 11:59:59.999,7159168.1800,3970,24628,3951304.1500,0,63.05688827964362,-1.057308720602947,-1.912349573825524,0.8550408532225771,161.0462355808429,156.7415,152.4367644191571,2.9978571428571468,45475.4,3.4498381877022735,158.11999999999998,2.07906228863
2025-11-12 12:00:00,159.83,160.93,159.21,159.75,36305,2025-11-12 12:59:59.999,5801578.6300,2742,12925,2072305.3200,0,61.06761565836303,-0.7986412100725886,-1.689607901074937,0.8909666910023484,160.86258017149612,156.7,152.53741982850386,3.011428571428575,45464.6,3.98359695371998,159.096,1.0748860404726543
2025-11-12 13:00:00,159.75,160.9,158.85,160.48,38736,2025-11-12 13:59:59.999,6187085.0300,3277,11719,1878787.2900,0,73.65506329113917,-0.5286465370351721,-1.457415628266984,0.9287690912318118,161.0867412810646,156.7535,152.4202587189354,2.921428571428578,45080.9,3.328826218530673,159.61399999999998,0.9670729031478167
2025-11-12 14:00:00,160.48,160.95,157.25,158.47,99312,2025-11-12 14:59:59.999,15779046.7100,4497,10018,1597224.1500,0,67.56168359941947,-0.4714296674242462,-1.2602184360984365,0.7887887686741903,161.02758949694737,156.733,152.43841050305264,3.077857142857149,47907.1,2.775796095726053,159.716,0.751984042385676
2025-11-12 15:00:00,158.46,159.45,155.32,155.67,89602,2025-11-12 15:59:59.999,14077081.2000,5755,15518,2447631.7000,0,51.20805369127511,-0.6445910411772218,-1.1370929571141937,0.4925019159369719,160.9434022029722,156.6405,152.3375977970278,3.2464285714285785,50367.15,0.6075098558779796,158.83999999999997,1.9159592897561917
2025-11-12 16:00:00,155.67,156.49,152.05,152.72,132133,2025-11-12 16:59:59.999,20313824.0000,5539,37245,5733770.0500,0,45.60669456066946,-1.0082406526227032,-1.1113224962158956,0.10308184359319239,161.0847804572208,156.4395,151.79421954277922,3.4400000000000057,54250.25,-1.3372956909361027,157.41799999999998,3.203415364888474
2025-11-12 17:00:00,152.68,154.35,152.43,153.1,54519,2025-11-12 17:59:59.999,8362131.6700,3785,36063,5539322.7000,0,45.081472540736286,-1.2513480045800236,-1.1393275978887212,-0.11202040669130242,161.17199103071465,156.2935,151.41500896928534,3.5135714285714323,55387.9,-1.4673703179302362,156.088,3.3693426658628884
2025-11-12 18:00:00,153.23,154.53,152.89,152.89,45046,2025-11-12 18:59:59.999,6919481.8200,3703,17919,2758154.4800,0,44.3181818181818,-1.444308488255075,-1.200323775961992,-0.24398471229308294,161.21139611329082,156.106,151.00060388670917,3.573571428571433,55295.45,-1.9370149445192806,154.57,2.491274774087476
2025-11-12 19:00:00,152.89,153.3,150.0,152.96,76798,2025-11-12 19:59:59.999,11676507.0000,3037,29189,4450200.1300,0,42.53086419753091,-1.5734449528066818,-1.2749480113309302,-0.2984969414757517,161.28073815837493,156.029,150.77726184162506,3.6957142857142906,55539.0,-1.233292438819653,153.468,1.238535425413814
2025-11-12 20:00:00,152.96,154.14,152.56,153.71,22828,2025-11-12 20:59:59.999,3504783.1400,2505,9782,1502013.5500,0,43.30085261875765,-1.5968601891043193,-1.3393304468856082,-0.25752974221871106,161.27716106380024,156.033,150.78883893619974,3.72214285714286,54592.85,-2.647412755715991,153.076,0.37990788357853494
2025-11-12 21:00:00,153.71,154.19,153.33,154.05,15242,2025-11-12 21:59:59.999,2344774.5700,2239,3939,607214.6200,0,47.391857506361355,-1.5698851156724913,-1.385441380642985,-0.18444373502950628,161.28058525865032,155.97,150.65941474134968,2.390000000000003,53995.55,-2.4753102051152167,153.342,0.5112435818717332
2025-11-12 22:00:00,154.04,154.22,152.61,153.8,39079,2025-11-12 22:59:59.999,5987024.0100,3303,7747,1188545.6000,0,34.20849420849436,-1.550803390155579,-1.418513782545504,-0.13228960761007502,161.2913829350807,155.95049999999998,150.60961706491926,2.278571428571429,53630.1,-3.9050296782255542,153.482,0.5240896869859202
2025-11-12 23:00:00,153.75,154.23,152.6,153.29,19729,2025-11-12 23:59:59.999,3023853.2600,3165,5555,852676.9600,0,32.56161314413741,-1.5588641078827266,-1.4465838476129487,-0.11228026026977789,161.32641326539698,155.87849999999997,150.43058673460297,2.3135714285714277,53371.65,-4.091847588062328,153.56199999999998,0.4339009103527818
2025-11-13 00:00:00,154.23,154.33,152.64,152.92,26659,2025-11-13 00:59:59.999,4089174.5800,2883,10879,1673558.9200,0,19.451585261353912,-1.5769303213967873,-1.4726531423697167,-0.10427717902707068,161.37393455621054,155.785,150.19606544378945,2.267857142857143,53426.25,-4.27543035993741,153.554,0.44791740310572875
2025-11-13 01:00:00,152.92,154.26,152.35,152.66,51363,2025-11-13 01:59:59.999,7876201.9700,3194,34925,5363282.5100,0,19.385140905209255,-1.5938547870115087,-1.4968934712980753,-0.09696131571343347,161.40918238014658,155.64899999999997,149.88881761985337,2.298571428571427,54379.4,-4.8728813559322,153.344,0.5824345456830516
2025-11-13 02:00:00,152.66,153.76,152.25,152.81,27207,2025-11-13 02:59:59.999,4162214.3100,3488,11961,1834186.3400,0,20.543293718166467,-1.5769852966867575,-1.5129118363758118,-0.06407346031094563,161.38984831625953,155.494,149.59815168374047,2.2835714285714266,54011.05,-3.571653940808984,153.096,0.45719798775264636
2025-11-13 03:00:00,152.81,155.18,150.7,154.88,118780,2025-11-13 03:59:59.999,18181028.2000,4290,63201,9723842.7500,0,28.658536585365923,-1.3806689119971338,-1.4864632515000764,0.10579433950294259,161.39012719309144,155.4945,149.59887280690853,2.4571428571428555,54409.25,-0.5074837797905776,153.31199999999998,0.9069013176774111
2025-11-13 04:00:00,154.88,155.18,153.43,154.24,52127,2025-11-13 04:59:59.999,8037281.6900,3168,19922,3077486.6700,0,32.000000000000085,-1.2621797910922226,-1.441606559418506,0.17942676832628335,161.1207360705029,155.312,149.50326392949714,2.317857142857142,53423.3,0.9952854897852346,153.502,0.996252979922769
2025-11-13 05:00:00,154.21,156.39,153.76,156.17,70383,2025-11-13 05:59:59.999,10924951.4900,3503,56815,8824840.2200,0,52.29779411764706,-1.0010025050146396,-1.3534857485377327,0.3524832435230931,160.91341196095033,155.22250000000003,149.53158803904972,2.210714285714285,55156.9,2.0052253429131244,154.152,1.4694454736412852
2025-11-13 06:00:00,156.17,156.97,155.98,156.71,29425,2025-11-13 06:59:59.999,4605384.1500,2832,12372,1937702.5900,0,73.55371900826444,-0.7418920671474041,-1.2311670122596672,0.4892749451122631,160.33078288090815,155.0555,149.78021711909184,1.9642857142857142,54497.85,2.498528353718374,154.962,1.5551430802356154
2025-11-13 07:00:00,156.71,157.05,154.86,155.22,43329,2025-11-13 07:59:59.999,6765136.1500,3115,11552,1808754.4000,0,61.06471816283923,-0.6492911022412216,-1.114791830255978,0.4655007280147565,159.6011358527714,154.825,150.04886414722858,1.9835714285714292,54430.1,1.47751046025104,155.44400000000002,0.9934435061968218
2025-11-13 08:00:00,155.26,157.06,154.83,155.82,24796,2025-11-13 08:59:59.999,3866866.0400,3438,10172,1588874.5200,0,64.69408224674021,-0.5214779120470325,-0.996129046614189,0.47465113456715646,158.8416786974634,154.6285,150.4153213025366,2.0257142857142845,53854.65,1.372714852644581,155.632,0.9479293222622657
2025-11-13 09:00:00,155.84,155.94,148.0,155.33,106153,2025-11-13 09:59:59.999,16439742.2400,3946,32917,5105063.0600,0,61.4051973051011,-0.4544849235809636,-0.887800222007544,0.43331529842658045,157.590760697208,154.371,151.15123930279202,2.357142857142855,57225.5,0.8308990587471606,155.85,0.6144509744516374
2025-11-13 10:00:00,155.33,155.96,154.47,155.96,62987,2025-11-13 10:59:59.999,9794556.9400,4405,42308,6586099.1200,0,60.954235637779966,-0.34656181383024887,-0.779552540372085,0.4329907265418361,156.94640413710138,154.2455,151.5445958628986,2.3507142857142855,55409.25,1.404421326397917,155.808,0.5939444418500567
2025-11-13 11:00:00,155.2,156.37,154.47,156.37,28405,2025-11-13 11:59:59.999,4430152.6800,2896,13826,2157716.6700,0,61.21856866537717,-0.22535069577676836,-0.6687121714530218,0.4433614756762534,157.07562715084492,154.28050000000002,151.4853728491551,2.425000000000001,52349.4,2.009263487507347,155.73999999999998,0.47175205352449545
2025-11-13 12:00:00,156.29,156.71,155.71,156.31,26892,2025-11-13 12:59:59.999,4201154.7100,3073,8821,1379749.9500,0,62.36453201970442,-0.13260294578302023,-0.5614903263190215,0.4288873805360013,157.29399661997368,154.45999999999998,151.62600338002628,2.381428571428574,47087.35,2.2168454093643835,155.95800000000003,0.42044024546246644
2025-11-13 13:00:00,156.32,156.82,153.73,153.74,70439,2025-11-13 13:59:59.999,10923652.9300,3824,15067,2346825.6500,0,51.842751842751916,-0.2634404300240192,-0.501880347060021,0.23843991703600187,157.27533839687098,154.49200000000002,151.70866160312906,2.4857142857142884,47883.35,0.7074544739945058,155.542,1.0888388310510535
2025-11-13 14:00:00,153.76,156.31,152.53,155.24,162900,2025-11-13 14:59:59.999,25107893.1700,4596,125836,19417768.5600,0,58.69565217391316,-0.2432881406968761,-0.450161905787392,0.20687376509051592,157.30511417665642,154.6095,151.91388582334358,2.635000000000001,53776.05,1.5902100647863404,155.52400000000003,1.0939515528599193
2025-11-13 15:00:00,155.25,156.31,152.45,153.1,79548,2025-11-13 15:59:59.999,12264892.0500,4715,34872,5393210.3800,0,51.445466491458596,-0.39543904631582905,-0.4392173338930794,0.04377828757725033,157.29474982127894,154.6165,151.93825017872106,2.7742857142857167,53913.55,-1.149276859504133,154.952,1.4863276893083681
2025-11-13 16:00:00,153.1,153.22,150.55,151.35,78992,2025-11-13 16:59:59.999,11986159.1200,4223,22421,3408949.1200,0,45.659928656361444,-0.6497403080250876,-0.48132192871948104,-0.1684183793056066,157.52962468269163,154.4985,151.46737531730838,2.857142857142859,56721.75,-1.873703319502084,153.948,1.9209554914169615
2025-11-13 17:00:00,151.03,151.6,147.17,147.17,147216,2025-11-13 17:59:59.999,21996472.0400,6063,42722,6401937.6800,0,29.635499207606927,-1.175022033774212,-0.6200619497304274,-0.5549600840437847,158.62147106843466,154.15449999999998,149.6875289315653,2.85357142857143,63320.45,-5.762950630722931,152.11999999999998,3.098975637207472
2025-11-13 18:00:00,147.17,147.96,144.43,145.52,146425,2025-11-13 18:59:59.999,21350124.5500,5548,49632,7241820.7500,0,28.134403209628857,-1.7048009125375074,-0.8370097422918436,-0.8677911702456639,159.64824148669354,153.7405,147.83275851330646,2.980714285714287,68687.75,-7.140578137961838,150.476,4.056985333964838
2025-11-13 19:00:00,145.52,145.95,142.16,142.63,195719,2025-11-13 19:59:59.999,28192586.7700,5874,47761,6906770.3600,0,17.607655502392376,-2.3309832145595806,-1.135804436745391,-1.1951787778141896,160.93087770394595,153.2075,145.48412229605407,3.0635714285714295,77487.25,-8.11106816131942,147.954,4.269019793817585
2025-11-13 20:00:00,142.59,142.97,140.98,142.72,125726,2025-11-13 20:59:59.999,17868431.4300,4571,70078,9973735.9700,0,15.79462102689483,-2.7878384857784795,-1.466211246552009,-1.3216272392264705,161.7359345989731,152.69750000000002,143.65906540102694,3.135000000000001,82440.6,-8.40713643948145,145.87800000000001,3.6146465940679287
2025-11-13 21:00:00,142.62,143.35,141.23,142.14,56442,2025-11-13 21:59:59.999,8023278.6800,4244,20953,2983810.5300,0,16.530194472876104,-3.1602710944453634,-1.80502321613068,-1.3552478783146833,162.36921961092625,152.17149999999998,141.9737803890737,3.1300000000000017,82694.55,-8.491598532157358,144.036,2.1981651439342293
2025-11-13 22:00:00,142.14,144.64,141.22,144.48,80636,2025-11-13 22:59:59.999,11548627.4000,4355,61311,8782530.9300,0,23.35526315789474,-3.229381872239145,-2.089894947352373,-1.1394869248867718,162.50822326217713,151.755,141.00177673782287,3.215000000000001,85366.0,-7.360861759425505,143.498,1.436634957115956
2025-11-13 23:00:00,144.47,145.99,143.94,144.6,76333,2025-11-13 23:59:59.999,11071721.1300,3678,45594,6616956.2800,0,24.34241989478717,-3.237153770827007,-2.3193467120473,-0.9178070587797067,162.3424041786052,151.241,140.13959582139483,2.7942857142857167,83243.65,-7.527019249216608,143.314,1.1415252953866568
2025-11-14 00:00:00,144.56,144.87,143.01,143.19,51328,2025-11-14 00:59:59.999,7392345.4000,3103,8319,1200544.5100,0,20.562471184877836,-3.3188308563779003,-2.51924354091342,-0.7995873154644801,162.25173625251549,150.6885,139.12526374748452,2.8207142857142884,83203.7,-8.393576866483274,143.426,1.0836420073103308
2025-11-14 01:00:00,143.22,144.42,142.88,143.59,45848,2025-11-14 01:59:59.999,6590263.6600,3780,27359,3935776.6400,0,20.52583025830262,-3.3130926088023216,-2.678013354491201,-0.6350792543111208,161.7353328453043,150.0595,138.38366715469573,2.7950000000000017,81976.95,-6.602055418238588,143.59999999999997,1.0092323815690403
2025-11-14 02:00:00,143.61,145.61,143.5,145.06,67046,2025-11-14 02:59:59.999,9720873.3600,3778,43971,6379307.5200,0,25.63880467734954,-3.153575832396342,-2.7731258500722293,-0.38044998232411276,160.9158425987906,149.477,138.03815740120942,2.8742857142857168,83858.0,-6.557588250450919,144.184,0.7695648120901463
2025-11-14 03:00:00,145.06,145.61,143.51,144.21,46093,2025-11-14 03:59:59.999,6648207.4400,4300,10936,1580487.6200,0,27.70238652316334,-3.060466382706238,-2.8305939565990315,-0.2298724261072067,160.2608637250856,148.9265,137.5921362749144,2.803571428571433,83996.2,-5.80666231221423,144.13000000000002,0.7528944149131129
2025-11-14 04:00:00,144.19,144.3,136.26,141.78,143588,2025-11-14 04:59:59.999,20313612.3300,5351,32428,4586094.5700,0,19.820627802690623,-3.1464864277330094,-2.8937724508258276,-0.2527139769071818,159.50016634744262,148.22449999999998,136.94883365255734,3.1078571428571484,89935.8,-6.323092170465803,143.566,1.222550612452308
2025-11-14 05:00:00,141.76,143.15,141.15,143.07,134317,2025-11-14 05:59:59.999,19112583.3700,5061,92538,13180209.7300,0,26.620046620046637,-3.0751176718111424,-2.930041495022891,-0.14507617678825158,158.58978914865523,147.6115,136.63321085134478,2.9750000000000045,91344.0,-2.785893864238632,143.542,1.2329111890187068
2025-11-14 06:00:00,143.15,143.28,140.16,143.28,189357,2025-11-14 06:59:59.999,26882555.1600,5707,121810,17331894.8400,0,29.733802109492757,-2.9674057670654292,-2.9375143494313987,-0.02989141763403058,157.37495692591298,146.9775,136.580043074087,3.007142857142863,97662.5,-1.539307311709737,143.48000000000002,1.2376792799459553
2025-11-14 07:00:00,143.28,144.13,142.45,142.77,132788,2025-11-14 07:59:59.999,19039849.0600,5451,93927,13481636.3500,0,36.45320197044342,-2.889883268850781,-2.9279881333152753,0.03810486446449435,155.85337198917935,146.29749999999999,136.74162801082062,2.8107142857142913,102881.65,0.09815606814836625,143.022,0.8783905737242685
2025-11-14 08:00:00,142.64,143.77,141.41,142.34,50033,2025-11-14 08:59:59.999,7104610.2600,3462,11114,1582059.1800,0,39.41411451398136,-2.8305151204620813,-2.9084935307446367,0.07797841028255537,154.05194567155218,145.599,137.1460543284478,2.7271428571428635,104038.7,-0.2662556053811627,142.648,0.6001416499525294
2025-11-14 09:00:00,142.34,142.98,140.48,140.91,91586,2025-11-14 09:59:59.999,12969523.5500,4526,42655,6057162.6800,0,43.65781710914456,-2.8658191053944506,-2.8999586456746,0.034139540280149205,152.728956207098,144.95749999999998,137.18604379290196,2.6350000000000073,105096.05,-0.8653440270156113,142.474,0.9429369013925534
2025-11-14 10:00:00,140.85,142.72,140.31,141.82,84874,2025-11-14 10:59:59.999,12041842.9200,4320,52748,7492818.1800,0,46.87065368567453,-2.7882274228725805,-2.877612401114196,0.08938497824161562,150.47627178389766,144.2865,138.09672821610232,2.6650000000000063,101194.75,-1.8410852713178272,142.224,0.9105657582008334
2025-11-14 11:00:00,141.82,142.74,139.8,140.57,78119,2025-11-14 11:59:59.999,10998743.1000,3790,20262,2853692.8200,0,44.78405315614621,-2.7953766468469325,-2.861165250260744,0.06578860341381132,148.47822417602367,143.66000000000003,138.84177582397638,2.7235714285714345,101123.3,-2.7869986168741363,141.682,0.9311659358073606
2025-11-14 12:00:00,140.57,140.61,135.6,138.41,460220,2025-11-14 12:59:59.999,63304799.1400,5993,262679,36181811.8000,0,29.58977807666446,-2.941429438885592,-2.877218087985714,-0.06421135089987828,146.8608105872925,143.01299999999998,139.16518941270746,2.837142857142865,120184.7,-3.338221942873106,140.81,1.5156351803808985
2025-11-14 13:00:00,138.41,139.0,136.11,138.89,395329,2025-11-14 13:59:59.999,54589139.3800,5318,195474,27010350.1700,0,31.254103742613225,-2.98404710286016,-2.8985838909606034,-0.08546321189955641,146.34395815448417,142.599,138.8540418455158,2.8971428571428635,132590.35,-3.2732084406992246,140.12,1.4277254638089392
2025-11-14 14:00:00,138.89,142.65,138.07,142.17,202210,2025-11-14 14:59:59.999,28350875.0200,6137,141437,19875832.7300,0,47.01754385964909,-2.7217783540897074,-2.8632227835864246,0.1414444294967172,145.91705077576216,142.4315,138.94594922423784,3.0914285714285774,135379.6,-1.9922790569419653,140.37199999999999,1.6892661128455626
2025-11-14 15:00:00,142.17,143.32,140.4,142.16,176917,2025-11-14 15:59:59.999,25085544.1800,5610,97107,13794602.4400,0,45.72112507480548,-2.4860774443226603,-2.787793715733672,0.30171627141101176,145.8942533047891,142.408,138.92174669521089,3.1900000000000057,134439.5,-1.421538034810354,140.44,1.767172883452078
2025-11-14 16:00:00,142.18,144.12,141.59,143.07,103714,2025-11-14 16:59:59.999,14841963.7100,3675,80356,11503271.3600,0,43.83900928792566,-2.2004875298974866,-2.670332478566435,0.46984494866894844,145.9218468152518,142.4255,138.9291531847482,3.220000000000005,133338.9,0.9098603470164989,140.94,2.1296478582169756
2025-11-14 17:00:00,143.37,144.18,140.91,141.36,72084,2025-11-14 17:59:59.999,10255020.7000,3772,12536,1794689.6700,0,41.622574955908284,-2.0880682233832033,-2.553879627529789,0.4658114041465855,145.913522152333,142.3865,138.85947784766702,3.303571428571433,134121.0,-1.195219123505962,141.53,1.5950391844741454
2025-11-14 18:00:00,141.41,142.84,140.74,141.21,56001,2025-11-14 18:59:59.999,7928824.4000,4057,21420,3036609.3700,0,48.06517311608963,-1.9881605818306411,-2.4407358183899595,0.4525752365593183,145.64294829137503,142.223,138.803051708625,2.8792857142857167,132889.25,-1.4447236180904475,141.994,0.747147910395098
2025-11-14 19:00:00,141.21,143.29,140.64,143.05,52728,2025-11-14 19:59:59.999,7502677.5000,3835,29969,4269038.3500,0,49.93455497382205,-1.7404476366617416,-2.300678182044316,0.5602305453825744,145.4051381781604,142.1455,138.8858618218396,2.9257142857142884,131709.0,0.1961196329761162,142.17000000000002,0.889128787076259
2025-11-14 20:00:00,143.05,143.12,139.27,139.51,99132,2025-11-14 20:59:59.999,13970251.0500,4367,16732,2368454.1400,0,39.87103707684037,-1.8089295441600655,-2.202328454467466,0.3933989103074005,145.384261427468,141.9615,138.538738572532,2.9778571428571445,134099.2,-1.9881972741323677,141.64000000000001,1.4860349928611747
2025-11-14 21:00:00,139.55,140.93,139.15,140.6,56220,2025-11-14 21:59:59.999,7887312.2900,3381,40366,5666122.1900,0,44.34601354872325,-1.7550173116398184,-2.1128662259019366,0.3578489142621182,145.19624585393683,141.81199999999998,138.42775414606314,2.9850000000000017,134617.8,-0.21999858065431996,141.14600000000002,1.2893525507044663
2025-11-14 22:00:00,140.59,141.38,139.63,140.17,49091,2025-11-14 22:59:59.999,6890744.2000,3505,13184,1855350.7700,0,44.34601354872325,-1.7270801800454478,-2.035709016730639,0.30862883668519103,144.65749659340537,141.5675,138.47750340659462,2.9414285714285717,133720.05,-1.163446622479203,140.908,1.3484509631455686
2025-11-14 23:00:00,140.17,140.18,137.26,139.04,146826,2025-11-14 23:59:59.999,20350809.0900,4490,29404,4087453.2000,0,45.05029115934355,-1.7756527387103063,-1.9836977611265723,0.208045022416266,144.33250023715865,141.309,138.28549976284134,2.971428571428573,138756.7,-1.088425695383084,140.474,1.5596249549197378
2025-11-15 00:00:00,139.04,141.19,139.04,141.03,68586,2025-11-15 00:59:59.999,9617324.5100,3891,53117,7446596.9100,0,48.02203304957438,-1.6347263645735097,-1.9139034818159602,0.2791771172424504,144.28900175509364,141.2715,138.25399824490637,2.952857142857145,135006.6,1.8929268116465607,140.07,0.8042076846241546
2025-11-15 01:00:00,141.02,142.06,140.0,141.93,37323,2025-11-15 01:59:59.999,5276413.1100,2745,25658,3631984.7300,0,53.465851172273226,-1.4338897311093888,-1.817900731674646,0.3840110005652573,144.13031152374307,141.2145,138.2986884762569,2.890000000000003,130156.9,2.188782489740097,140.554,1.067909172171652
2025-11-15 02:00:00,141.96,143.0,141.09,143.0,34445,2025-11-15 02:59:59.999,4899965.6100,3035,20242,2881764.8600,0,62.38532110091744,-1.174842343282961,-1.689289053996309,0.5144467107133479,144.07697792674404,141.2005,138.32402207325597,2.6685714285714295,122411.3,0.5838081170429855,141.034,1.5321977679164467
2025-11-15 03:00:00,142.89,143.22,142.13,142.45,34673,2025-11-15 03:59:59.999,4953551.3900,3056,9495,1358883.3700,0,59.56989247311827,-1.0023711152904013,-1.5519054662551275,0.5495343509647261,144.02758561062825,141.1845,138.34141438937178,2.5400000000000023,117505.55,0.2039954980303827,141.49,1.549951612150505
2025-11-15 04:00:00,142.49,143.26,141.83,142.26,30774,2025-11-15 04:59:59.999,4379540.5500,3424,13855,1973990.9300,0,50.29013539651839,-0.8709777473157203,-1.415719922467246,0.5447421751515258,144.0169579468235,141.1805,138.34404205317648,2.315,116542.6,-0.566156426923885,142.13400000000001,0.7290610399738096
2025-11-15 05:00:00,142.29,143.03,141.8,142.76,42646,2025-11-15 05:59:59.999,6084577.2400,3104,30587,4366386.7200,0,51.87499999999997,-0.718222513178091,-1.276220440609415,0.557997927431324,144.1917820098357,141.273,138.3542179901643,2.1942857142857144,114095.6,0.9903791737407874,142.48,0.41850925916585924
2025-11-15 06:00:00,142.78,143.49,142.37,142.93,29245,2025-11-15 06:59:59.999,4181525.5300,3105,17151,2456292.5700,0,49.54128440366976,-0.5767963609257833,-1.1363356246726888,0.5595392637469054,144.33205771498677,141.32850000000002,138.32494228501326,2.093571428571429,111314.15,1.218044047871963,142.68,0.3164648479807463
2025-11-15 07:00:00,142.93,143.5,142.14,142.66,28906,2025-11-15 07:59:59.999,4120819.9400,3300,8138,1162464.7600,0,54.70332850940657,-0.4809576791221275,-1.0052600355625765,0.524302356440449,144.47067986253597,141.433,138.395320137464,1.9571428571428575,108853.5,-0.2726319468717335,142.612,0.26243094331177313
2025-11-15 08:00:00,142.68,143.5,140.47,140.51,62322,2025-11-15 08:59:59.999,8824129.9200,3998,14188,2011041.3400,0,47.787610619468985,-0.571899365126427,-0.9185879014753465,0.3466885363489195,144.26500027983204,141.53799999999998,138.81099972016793,2.0235714285714295,88958.6,0.7167944950182783,142.224,0.9893078388487937
2025-11-15 09:00:00,140.51,141.86,140.45,140.86,97249,2025-11-15 09:59:59.999,13723106.7900,4523,35259,4976426.4100,0,42.358688066992386,-0.6087123742166227,-0.8566127960236019,0.24790042180697913,144.08930741404922,141.6365,139.1836925859508,1.9350000000000023,74054.6,0.18492176386914605,141.94400000000002,1.1599698271971453
2025-11-15 10:00:00,140.86,141.3,140.49,141.19,31404,2025-11-15 10:59:59.999,4424520.9500,2813,9854,1390679.1700,0,57.553956834532364,-0.6042927958774555,-0.8061487959943725,0.20185600011691696,144.0345809678158,141.5875,139.1404190321842,1.7178571428571456,65514.3,0.7276878076621319,141.63,1.094509022351076
2025-11-15 11:00:00,141.19,141.34,139.83,140.11,52595,2025-11-15 11:59:59.999,7387462.0000,4566,18524,2603919.7300,0,47.79477947794789,-0.6800974818410168,-0.7809385331637014,0.10084105132268462,144.00185267115685,141.485,138.96814732884317,1.6985714285714306,59298.2,0.7695627157652629,141.066,0.9774609966684763
2025-11-15 12:00:00,140.11,140.84,126.51,140.13,75607,2025-11-15 12:59:59.999,10524313.9600,3461,14489,2035469.0400,0,49.813084112149575,-0.730142777318548,-0.7707793819946709,0.040636604676122845,143.8080615802879,141.33800000000002,138.86793841971215,2.597142857142859,57892.85,-0.6381620931716696,140.56,0.4681879964377072
2025-11-15 13:00:00,140.78,141.79,140.13,141.57,52886,2025-11-15 13:59:59.999,7472638.0000,3001,38014,5372129.7300,0,61.4895549500454,-0.6461595441192571,-0.7458554144195882,0.09969587030033111,143.82073976862523,141.3485,138.87626023137477,2.5071428571428576,56932.95,-0.2536461636017851,140.772,0.6460804903479611
2025-11-15 14:00:00,140.99,141.87,140.65,141.37,31313,2025-11-15 14:59:59.999,4422273.0200,2868,11888,1683070.7400,0,51.84381778741867,-0.5889514891156011,-0.7144746293587909,0.12552314024318978,143.82788806083875,141.35649999999998,138.88511193916122,2.440714285714286,55698.55,-1.1398601398601367,140.87400000000002,0.701341571567108
2025-11-15 15:00:00,141.37,142.09,140.6,141.64,38330,2025-11-15 15:59:59.999,5430888.2500,3624,18604,2639317.8200,0,48.31199068684504,-0.5158802039803732,-0.6747557442831075,0.15887554030273432,143.63120249375825,141.286,138.94079750624175,2.400000000000001,54978.65,-0.5686205686205702,140.964,0.7768397518202691
2025-11-15 16:00:00,141.64,142.65,140.68,142.65,68704,2025-11-15 16:59:59.999,9726842.9100,4004,31328,4447210.7900,0,47.94841735052758,-0.37218184435613466,-0.6142409642977129,0.24205911994157825,143.7065891388151,141.44299999999998,139.17941086118486,2.4042857142857152,53457.25,0.2741459299873575,141.472,0.8995665622998507
2025-11-15 17:00:00,142.65,143.95,142.35,143.38,65163,2025-11-15 17:59:59.999,9333392.1200,3602,44447,6371113.2800,0,55.33869115958674,-0.19712265269205886,-0.5308173019765821,0.3336946492845232,143.96585446392004,141.582,139.19814553607995,2.440714285714286,53904.4,0.4342953208181595,142.122,0.8607961431184888
2025-11-15 18:00:00,143.38,143.98,142.22,142.42,30168,2025-11-15 18:59:59.999,4306273.7200,3478,10724,1531772.0400,0,50.84388185654007,-0.1343027999331241,-0.45151440156789047,0.31721160163476636,144.0091442263608,141.6945,139.3798557736392,2.4642857142857153,52958.25,-0.35681802280838126,142.29199999999997,0.8067651455086463
2025-11-15 19:00:00,142.43,142.82,142.0,142.0,19287,2025-11-15 19:59:59.999,2746910.7400,2556,6190,882611.3100,0,45.95744680851068,-0.11705872384069949,-0.3846232660224523,0.2675645421817528,143.79225706985966,141.8425,139.89274293014034,2.4350000000000014,46581.3,-0.46263844104864477,142.41799999999998,0.6631892640924889
2025-11-15 20:00:00,142.0,142.44,140.2,140.33,33049,2025-11-15 20:59:59.999,4663952.8100,2953,7579,1070421.7400,0,38.07339449541281,-0.2354337784823315,-0.35478536851442816,0.11935159003209667,143.84195971099902,141.8075,139.773040289001,2.5150000000000015,44804.45,-0.12810476122694356,142.156,1.1369388725906309
2025-11-15 21:00:00,140.32,141.3,138.58,138.7,47164,2025-11-15 21:59:59.999,6590362.6600,3213,14396,2022158.1200,0,33.84991843393141,-0.45552325116756265,-0.3749329450450551,-0.08059030612250756,144.10750488841236,141.64600000000002,139.18449511158767,2.6121428571428575,45296.5,-1.533437455629721,141.36599999999999,1.8540442281693499
2025-11-15 22:00:00,138.7,139.89,138.56,139.75,36037,2025-11-15 22:59:59.999,5022549.2300,2921,26576,3705759.2800,0,46.59498207885308,-0.539006191292259,-0.40774759429449586,-0.13125859699776316,143.99719532967194,141.4835,138.96980467032805,2.490714285714285,45376.1,-1.019902259366809,140.64,1.5548151015501723
2025-11-15 23:00:00,139.77,140.11,138.72,139.52,21793,2025-11-15 23:59:59.999,3046413.8300,2629,8864,1240600.9200,0,43.9311594202898,-0.6166181108624471,-0.44952169760808613,-0.16709641325436098,143.9529679701672,141.33700000000002,138.72103202983283,2.489285714285713,44732.1,-0.4210977089429757,140.06,1.2322540322550384
2025-11-16 00:00:00,139.47,140.12,138.6,139.26,28805,2025-11-16 00:59:59.999,4007640.0400,2692,12596,1755239.2200,0,41.20328167730168,-0.6911389240771086,-0.49784514290189075,-0.1932937811752179,143.92148234298529,141.18699999999998,138.45251765701468,2.539999999999999,44633.65,-0.6208520659387744,139.512,0.6018056164652411
2025-11-16 01:00:00,139.26,139.59,137.7,138.7,68771,2025-11-16 01:59:59.999,9528268.6400,3760,19250,2671360.7600,0,43.253588516746284,-0.786320314213043,-0.5555401771641213,-0.23078013704892175,143.82743306213368,140.984,138.14056693786634,2.567142857142858,45939.9,-2.0272656636293034,139.18599999999998,0.4763192207010906
2025-11-16 02:00:00,138.71,140.67,137.68,140.67,78909,2025-11-16 02:59:59.999,11029452.5400,3539,66816,9340634.2400,0,52.17741935483868,-0.6947807160094612,-0.5833882849331893,-0.11139243107627195,143.56448453629415,140.87099999999998,138.17751546370582,1.7571428571428567,48423.1,-0.49515455895877275,139.57999999999998,0.7241201557815198
2025-11-16 03:00:00,140.67,141.34,140.24,141.32,31798,2025-11-16 03:59:59.999,4481432.9500,2921,17239,2433302.5700,0,48.92334194659776,-0.5632920767786516,-0.5793690433022818,0.01607696652363022,143.37394286233697,140.804,138.23405713766303,1.7171428571428566,48567.7,-0.2259248799774027,139.894,1.07274414470966
2025-11-16 04:00:00,141.29,141.46,140.22,141.26,19396,2025-11-16 04:59:59.999,2736931.1000,2437,7070,999403.5900,0,49.52048823016559,-0.4586409539991507,-0.5552234254416556,0.09658247144250487,143.41526459887334,140.8415,138.26773540112666,1.7185714285714286,46421.4,-0.9744128987031299,140.24200000000002,1.1962106837880393
2025-11-16 05:00:00,141.26,141.97,141.17,141.4,31683,2025-11-16 05:59:59.999,4487562.6600,2819,17720,2511327.6000,0,48.94179894179903,-0.3602545648813589,-0.5162296533295962,0.15597508844823738,143.45438292971724,140.86849999999998,138.28261707028273,1.6692857142857147,43143.1,-1.3809457385967288,140.67000000000002,1.1384638773401587
2025-11-16 06:00:00,141.36,142.05,141.19,141.69,24322,2025-11-16 06:59:59.999,3445906.3900,2430,7371,1046273.6700,0,45.480225988700546,-0.2559318433231681,-0.4641700913283106,0.2082382480051425,143.5020388125787,140.8935,138.2849611874213,1.5900000000000014,42789.0,-0.5125684594860201,141.26799999999997,0.37278680235223965
2025-11-16 07:00:00,141.69,142.1,141.32,142.1,24171,2025-11-16 07:59:59.999,3423830.0500,2557,7331,1040146.7400,0,43.7864077669903,-0.13857436240635934,-0.39905094554392034,0.260476583137561,143.6273887735894,140.993,138.3586112264106,1.5314285714285734,41367.8,0.0704225352112636,141.554,0.3469582107514035
2025-11-16 08:00:00,142.1,142.36,141.59,142.12,20461,2025-11-16 08:59:59.999,2905161.5700,2480,7075,1005714.2700,0,48.397435897436,-0.043452981489707554,-0.32793135273307783,0.2844783712433703,143.73993669471417,141.0925,138.44506330528583,1.460714285714289,38610.5,1.2755647402551071,141.714,0.393420894218536
2025-11-16 09:00:00,142.14,143.12,141.37,143.02,41622,2025-11-16 09:59:59.999,5925363.3000,2810,26848,3829104.2500,0,55.18292682926832,0.1033623794163816,-0.24167260630318593,0.34503498571956753,143.94365927531766,141.16500000000002,138.38634072468238,1.527142857142861,38047.3,3.1146359048305854,142.06599999999997,0.6121927801007516
2025-11-16 10:00:00,143.02,143.22,142.67,142.86,29909,2025-11-16 10:59:59.999,4276490.0900,3003,12712,1819327.6600,0,65.18607442977179,0.20444720771126867,-0.152448643500295,0.35689585121156364,144.11935726983552,141.2395,138.35964273016447,1.4064285714285754,37977.1,2.2254025044722816,142.358,0.5611773338324552
2025-11-16 11:00:00,142.86,142.99,139.57,139.88,98560,2025-11-16 11:59:59.999,13882668.8400,4536,17743,2496310.2500,0,56.095041322314046,0.04359404232738484,-0.11324010633475902,0.15683414866214385,144.08685454684388,141.1515,138.21614545315612,1.4564285714285765,40988.6,0.2580275229357692,141.996,1.2548625422760629
2025-11-16 12:00:00,139.91,140.47,139.05,140.13,34935,2025-11-16 12:59:59.999,4883895.7900,2953,9375,1314289.3600,0,52.1396396396396,-0.06298429570642838,-0.1031889442090929,0.04020464850266452,143.9058470185476,141.02550000000002,138.14515298145244,1.4628571428571482,39300.15,0.6247307195174526,141.602,1.4994732408442004
2025-11-16 13:00:00,140.13,140.57,139.09,139.37,51183,2025-11-16 13:59:59.999,7156656.4600,3377,12443,1745827.4600,0,49.202975557917085,-0.20639485347422237,-0.12383012606211881,-0.08256472741210356,143.57036547272574,140.825,138.07963452727424,1.4692857142857179,38601.15,0.48305695746216004,141.052,1.7460441002472264
2025-11-16 14:00:00,139.37,140.66,139.09,140.35,31017,2025-11-16 14:59:59.999,4343616.3000,2723,18496,2592213.9400,0,55.38005923000988,-0.23822483630110014,-0.1467090681099151,-0.09151576819118504,143.36797749995762,140.7215,138.07502250004237,1.4728571428571453,38643.6,-0.2274827610720077,140.518,1.3591063240263692
2025-11-16 15:00:00,140.39,140.71,137.33,137.39,75893,2025-11-16 15:59:59.999,10542419.9500,3944,11422,1593717.6000,0,44.772545889864325,-0.49657340021045115,-0.21668193453002232,-0.27989146568042883,143.45286214539237,140.491,137.52913785460765,1.5792857142857153,41473.9,-2.780922728559303,139.424,1.1941440449163447
2025-11-16 16:00:00,137.33,137.92,135.43,135.43,123949,2025-11-16 16:59:59.999,16924852.3400,4555,38603,5282966.8800,0,29.073482428115113,-0.8496775639547138,-0.3432810604149607,-0.5063965035397531,143.97518165142978,140.246,136.51681834857024,1.5435714285714295,46018.9,-4.127141441313878,138.53400000000002,2.0909041106683417
2025-11-16 17:00:00,135.62,136.69,122.0,135.8,116218,2025-11-16 17:59:59.999,15709288.3500,4614,35428,4804261.5800,0,27.45098039215695,-1.0871275205753648,-0.49205035244704154,-0.5950771681283232,144.28149556366006,140.101,135.92050443633994,2.5142857142857156,49471.6,-3.9603960396039564,137.66799999999998,2.160166660239515
2025-11-16 18:00:00,135.8,138.3,135.34,135.77,227635,2025-11-16 18:59:59.999,31123048.3300,5567,140574,19259053.9100,0,27.518427518427615,-1.2631680561547967,-0.6462738931885927,-0.6168941629662039,144.509908990317,139.902,135.29409100968297,2.6371428571428583,59051.5,-4.178135365939719,136.948,2.0481015599844636
2025-11-16 19:00:00,135.75,137.69,135.54,136.79,88853,2025-11-16 19:59:59.999,12154762.6700,3788,66504,9093982.6000,0,32.39113827349112,-1.3053289537608634,-0.778084905303047,-0.5272440484578165,144.57824393775658,139.7655,134.95275606224342,2.7335714285714294,62404.5,-3.7368050668543296,136.23600000000002,0.8209019429939703
2025-11-16 20:00:00,136.78,138.08,136.7,136.74,55647,2025-11-16 20:59:59.999,7645972.3300,3792,25015,3446203.2800,0,30.739299610894932,-1.3274740564008027,-0.8879627355225983,-0.43951132087820444,144.63639366663688,139.6395,134.64260633336312,2.7707142857142872,63746.6,-3.785533352096816,136.10600000000002,0.6191364954607139
2025-11-16 21:00:00,136.74,136.8,130.0,136.31,58494,2025-11-16 21:59:59.999,7943384.8600,3713,18145,2470738.2700,0,27.505827505827497,-1.3639982928690983,-0.9831698469918984,-0.3808284458772,144.72161513377205,139.52,134.31838486622797,3.200714285714288,63232.75,-4.691651517270317,136.28199999999998,0.49068319719678094
2025-11-16 22:00:00,136.31,137.52,135.06,137.22,75451,2025-11-16 22:59:59.999,10291317.7800,2903,48088,6577857.8300,0,32.19476744186039,-1.3044774149697105,-1.047431360587461,-0.2570460543822495,144.61691872354976,139.34750000000003,134.0780812764503,3.3214285714285734,63059.85,-3.9479210415791783,136.566,0.5493905714617561
2025-11-16 23:00:00,137.26,137.79,135.04,137.19,82333,2025-11-16 23:59:59.999,11258450.3700,3805,47438,6502727.3800,0,27.38557020946459,-1.2453715714306668,-1.0870194027561022,-0.1583521686745646,144.40864463492804,139.14100000000002,133.873355365072,3.392857142857145,65586.6,-1.9230769230769214,136.85,0.3740989174147598
2025-11-17 00:00:00,137.19,139.3,136.14,139.12,77063,2025-11-17 00:59:59.999,10626876.5600,3794,45983,6361939.6900,0,37.24420190995901,-1.0309111917754876,-1.0757977605599793,0.04488656878449171,144.20649161174478,139.03400000000002,133.86150838825526,3.5792857142857173,68469.95,-0.720759294940406,137.31599999999997,1.0750953446139553
2025-11-17 01:00:00,139.05,139.32,138.19,138.21,27401,2025-11-17 01:59:59.999,3799675.3300,3080,7550,1048940.5700,0,43.36775218427326,-0.923730994703476,-1.0453844073886787,0.12165341268520269,143.93532778748917,138.8745,133.81367221251085,3.4157142857142873,68255.85,-0.8323168544162994,137.60999999999999,1.0791895107025522
2025-11-17 02:00:00,138.26,139.21,138.01,138.83,21395,2025-11-17 02:59:59.999,2967490.3100,3120,7144,993260.7200,0,44.98456790123462,-0.7797723674282224,-0.9922619993965874,0.212489631968365,143.61590816863009,138.7315,133.84709183136994,3.4000000000000035,68109.5,-1.083006768792292,138.114,0.8925973336337464
2025-11-17 03:00:00,138.83,140.52,138.54,140.2,57790,2025-11-17 03:59:59.999,8084568.6000,3437,37454,5242641.9300,0,53.05821665438463,-0.5488102250623683,-0.9035716445297437,0.3547614194673754,143.3146025168096,138.6365,133.95839748319042,3.4357142857142913,69790.45,2.045272581701727,138.70999999999998,1.113889581605656
2025-11-17 04:00:00,140.22,140.64,139.62,140.3,19203,2025-11-17 04:59:59.999,2693648.8300,2550,5615,789248.4600,0,49.802994483845616,-0.35362552406277814,-0.7935824204363506,0.4399568963735725,143.00393718192245,138.5455,134.08706281807756,3.3964285714285762,69727.55,3.5959536291811296,139.332,0.9008717999855275
2025-11-17 05:00:00,140.34,140.79,139.85,140.45,37864,2025-11-17 05:59:59.999,5316773.6900,2501,14768,2076911.8300,0,65.48582995951428,-0.18470730505671895,-0.6718073973604244,0.48710009230370543,142.46134940443432,138.41699999999997,134.37265059556563,3.2221428571428623,69539.65,3.4241531664211906,139.598,1.0121116539240895
2025-11-17 06:00:00,140.51,141.43,140.15,141.35,74264,2025-11-17 06:59:59.999,10453326.5700,3790,43333,6106105.5800,0,83.56009070294792,0.02153582727063963,-0.5331387524342116,0.5546745797048512,142.08154939453607,138.34150000000002,134.60145060546398,3.1357142857142923,71757.4,4.109891728658749,140.226,0.9039524323815399
2025-11-17 07:00:00,141.35,141.65,140.54,141.55,43033,2025-11-17 07:59:59.999,6087271.6100,3059,27033,3825634.2200,0,83.23699421965327,0.19883132037872997,-0.3867447378716232,0.5855760582503532,142.37817061289064,138.425,134.47182938710938,2.1657142857142935,68981.05,3.4797865341033845,140.77,0.6310705190453181
2025-11-17 08:00:00,141.26,141.69,140.92,141.29,21581,2025-11-17 08:59:59.999,3048534.5100,2715,7238,1023890.3800,0,81.081081081081,0.31473142101467033,-0.2464495060943645,0.5611809271090349,142.5731632961728,138.483,134.39283670382721,2.009285714285722,68313.35,3.3274828140997386,140.988,0.5702806326783013
2025-11-17 09:00:00,141.27,142.35,140.96,141.92,35831,2025-11-17 09:59:59.999,5085223.3400,2873,23939,3400827.9900,0,80.21201413427556,0.4522060705611466,-0.10671839076326226,0.5589244613244089,142.96736741640092,138.6105,134.25363258359909,1.9550000000000065,67545.75,4.115618810065282,141.31199999999998,0.5411284505620896
2025-11-17 10:00:00,141.92,142.52,141.63,142.17,51842,2025-11-17 10:59:59.999,7367572.6700,3449,22682,3227735.2900,0,81.24280782508609,0.5747038037322056,0.029566048135831368,0.5451377555963742,143.2816506525316,138.7015,134.12134934746842,1.9200000000000057,68587.0,3.6073458679492703,141.656,0.3783913318344701
2025-11-17 11:00:00,142.2,142.64,141.64,141.8,31407,2025-11-17 11:59:59.999,4466916.0800,3363,13757,1959426.0600,0,81.80764774044039,0.6346128105900846,0.15057540062668207,0.4840374099634025,143.658259238981,138.92199999999997,134.18574076101893,1.5057142857142907,66362.7,3.360303229098341,141.746,0.3388657551411748
2025-11-17 12:00:00,141.8,142.93,128.0,141.75,114296,2025-11-17 12:59:59.999,16205317.9500,3756,24753,3527042.4700,0,79.15057915057912,0.6703294078651822,0.25452620207438215,0.4158032057908001,143.83454607171078,139.238,134.64145392828922,2.3964285714285762,65880.05,1.890454284071302,141.786,0.3212942576632375
2025-11-17 13:00:00,141.75,141.87,137.44,137.86,141214,2025-11-17 13:59:59.999,19674812.9000,5701,27256,3798586.4500,0,52.88048151332767,0.38036002501385724,0.27969296666227716,0.10066705835158007,143.6993188453555,139.34099999999998,134.98268115464447,2.516428571428577,67129.85,-0.2532378264959079,141.1,1.8184746355140238
2025-11-17 14:00:00,137.86,144.0,136.96,140.1,265120,2025-11-17 14:59:59.999,36948111.6100,5671,211757,29500020.4000,0,54.10385259631488,0.32753090711025834,0.2892605547518734,0.03827035235838494,143.58667191438585,139.55749999999998,135.5283280856141,2.7935714285714317,69004.1,0.914787870056891,140.73600000000002,1.7953077730595794
2025-11-17 15:00:00,140.16,140.55,136.84,137.06,175063,2025-11-17 15:59:59.999,24194544.6300,5076,82183,11352833.5200,0,45.91329068941007,0.03990090411329561,0.23938862462415783,-0.19948772051086222,143.56276468031925,139.571,135.57923531968075,2.9778571428571468,73314.6,-2.2396576319543415,139.714,2.18670528421389
2025-11-17 16:00:00,137.03,137.75,133.54,135.77,219991,2025-11-17 16:59:59.999,29731696.1000,5973,93479,12638810.2200,0,39.620081411126144,-0.2888109318998886,0.13374871331934854,-0.42255964521923717,143.67925417399735,139.5225,135.36574582600267,3.192857142857146,81531.8,-3.2287954383464013,138.50799999999998,2.4009518945638777
2025-11-17 17:00:00,135.73,135.89,131.8,131.92,119407,2025-11-17 17:59:59.999,15944166.7500,4946,16030,2142536.9700,0,25.958188153310104,-0.8501799096093521,-0.06303701126639165,-0.7871428983429605,144.50598740096717,139.303,134.10001259903282,3.343571428571429,84577.45,-6.073335706657175,136.542,3.025875080040723
2025-11-17 18:00:00,131.95,132.69,130.34,130.39,146042,2025-11-17 18:59:59.999,19198016.1900,4943,65179,8589103.2700,0,23.431635388739863,-1.4023615313519713,-0.33090191528350765,-1.0714596160684637,145.4723469010035,138.9615,132.4506530989965,3.4385714285714295,88107.0,-7.753802617615853,135.048,3.9234385429126557
2025-11-17 19:00:00,130.39,131.0,129.2,129.53,101081,2025-11-17 19:59:59.999,13152397.9700,4121,33878,4415791.9700,0,21.797520661157037,-1.8876051206790976,-0.6422425563626257,-1.2453625643164719,146.314118983153,138.5785,130.84288101684697,3.500000000000002,89044.4,-8.491699046273409,132.934,3.322428328800205
2025-11-17 20:00:00,129.9,142.15,117.38,130.3,150821,2025-11-17 20:59:59.999,19598770.1400,4110,85012,11088602.0600,0,21.268850754030183,-2.184846051112828,-0.9507632553126664,-1.2340827958001617,146.70414000950876,138.1375,129.57085999049121,5.177857142857145,92732.3,-7.778328261023414,131.58200000000002,2.4964314530976113
2025-11-17 21:00:00,130.19,130.84,129.7,130.6,48005,2025-11-17 21:59:59.999,6255597.2700,3471,20810,2718376.0300,0,21.676151060527573,-2.368896967536841,-1.2343899977575015,-1.1345069697793397,146.96229390021625,137.757,128.55170609978376,5.180000000000002,93762.5,-7.976324689966175,130.548,0.8671620379235562
2025-11-17 22:00:00,130.6,131.76,129.9,131.33,42517,2025-11-17 22:59:59.999,5576445.5000,3075,31259,4101109.9600,0,24.848484848484844,-2.4278668084099024,-1.4730853598879818,-0.9547814485219206,147.0048381851056,137.382,127.75916181489441,5.2578571428571435,94818.6,-7.624674685235969,130.43,0.6456392181519227
2025-11-17 23:00:00,131.33,131.77,130.25,130.89,32106,2025-11-17 23:59:59.999,4198270.6700,2663,9852,1288422.0300,0,21.87659357470676,-2.481499967972468,-1.6747682815048792,-0.8067316864675886,146.86072821222066,136.91649999999998,126.9722717877793,5.26714285714286,93534.4,-7.693935119887183,130.53,0.675906798320417
2025-11-18 00:00:00,130.97,131.33,129.2,131.33,60900,2025-11-18 00:59:59.999,7932063.7600,3853,31143,4064231.8700,0,22.6262626262627,-2.4601413326670922,-1.8318428917373217,-0.6282984409297705,146.57744654635295,136.46800000000002,126.35855345364708,5.355714285714289,95619.25,-7.3509700176366755,130.89000000000001,0.452603579322495
2025-11-18 01:00:00,131.25,132.14,131.01,131.97,55407,2025-11-18 01:59:59.999,7291171.8100,3423,34588,4554551.3100,0,25.510712506228188,-2.364317429420254,-1.9383377992739086,-0.4259796301463452,146.1615665890615,136.044,125.92643341093853,5.365000000000003,96496.4,-4.272450311910644,131.22400000000002,0.5195959969200427
2025-11-18 02:00:00,131.87,134.41,130.47,132.33,158539,2025-11-18 02:59:59.999,21012865.1700,5229,97478,12944445.9000,0,26.889106967615376,-2.2335799846607927,-1.9973862363512858,-0.2361937483095069,145.51699134473668,135.593,125.6690086552633,4.580000000000003,100710.15,-5.546038543897203,131.57,0.5734108474864447
2025-11-18 03:00:00,132.33,134.98,131.73,134.98,175748,2025-11-18 03:59:59.999,23431276.7100,5127,128898,17225515.6700,0,42.47648902821311,-1.894300448343131,-1.9767690787496548,0.08246863040652386,144.7849853370253,135.2645,125.7440146629747,4.495714285714287,107345.9,-1.5175835400554594,132.3,1.598530575251742
2025-11-18 04:00:00,134.36,135.72,132.54,135.44,159329,2025-11-18 04:59:59.999,21363630.2500,4043,103626,13932566.6100,0,36.578341013824925,-1.570200521617437,-1.8954553673232113,0.32525484570577423,144.06278561829376,134.972,125.88121438170626,4.220000000000003,114233.3,-0.24305811298520474,133.20999999999998,1.8676321907736746
2025-11-18 05:00:00,135.43,136.44,134.93,135.84,66643,2025-11-18 05:59:59.999,9050726.1900,3479,31014,4219047.6200,0,45.855978260869584,-1.266473222654355,-1.76965893838944,0.5031857157350852,143.1679284207443,134.668,126.16807157925572,4.062857142857145,115773.9,2.9714978775015286,134.112,1.821172699118212
2025-11-18 06:00:00,135.85,136.95,135.18,135.9,61508,2025-11-18 06:59:59.999,8367091.4400,3143,35797,4879167.6800,0,50.481838398813906,-1.009291171071851,-1.6175853849259225,0.6082942138540715,142.12019914159544,134.3545,126.58880085840457,3.8885714285714283,116257.2,4.2257841859038425,134.898,1.4820998616871321
2025-11-18 07:00:00,135.9,137.55,134.93,136.83,58047,2025-11-18 07:59:59.999,7928086.5100,3557,37939,5186600.0000,0,73.22611163670767,-0.7221053338368506,-1.4384893747081082,0.7163840408712576,141.15338070042503,134.106,127.05861929957496,3.7835714285714306,117589.2,5.635760055585588,135.798,0.6845582517306196
2025-11-18 08:00:00,136.84,138.08,136.6,137.67,51874,2025-11-18 08:59:59.999,7134942.4000,3826,30793,4241627.7400,0,86.8421052631578,-0.42186451738396613,-1.2351644032432798,0.8132998858593137,140.21573640313736,133.902,127.58826359686262,3.721428571428575,114468.1,5.656178050652322,136.336,0.9031223615945451
2025-11-18 09:00:00,137.68,138.09,136.23,137.75,64155,2025-11-18 09:59:59.999,8784497.1400,3301,26173,3589137.3500,0,95.1648351648349,-0.17544376925266647,-1.0232202764451572,0.8477765071924908,140.1958943735541,133.8965,127.59710562644591,3.7257142857142895,110615.15,5.474732006125579,136.798,0.9208528655609365
2025-11-18 10:00:00,137.75,138.99,137.45,137.91,79776,2025-11-18 10:59:59.999,11026638.8800,4191,52485,7263654.5000,0,94.81743227326238,0.032383811411449415,-0.8120994588738358,0.8444832702852852,139.69642547745252,133.787,127.87757452254749,2.066428571428576,101347.95,5.01027944871696,137.21200000000002,0.8446419359773032
2025-11-18 11:00:00,137.87,138.12,137.19,138.0,46101,2025-11-18 11:59:59.999,6350419.6200,3112,12125,1673698.7100,0,94.68599033816398,0.2020221288957771,-0.6092751413199133,0.8112972702156904,139.86669827033754,133.834,127.80130172966247,2.0514285714285756,94899.85,5.43204217281688,137.632,0.4667119025814342
2025-11-18 12:00:00,138.0,138.46,137.03,137.96,126612,2025-11-18 12:59:59.999,17469271.5300,3502,40943,5651553.4600,0,93.67588932806302,0.32943651292029585,-0.42153281047187147,0.7509693233921673,140.1995262315952,133.9435,127.6874737684048,2.0207142857142912,90230.9,5.048351481002052,137.858,0.14166862747633
2025-11-18 13:00:00,137.96,138.5,136.48,138.13,79695,2025-11-18 13:59:59.999,10955635.3700,3651,34533,4759506.2700,0,99.45355191256841,0.43906958857570544,-0.24941233066235605,0.6884819192380615,140.7006862968821,134.25400000000002,127.80731370311793,2.056428571428577,88245.3,4.667727513828898,137.95,0.13838352507057117
2025-11-18 14:00:00,138.13,139.7,137.77,137.77,112212,2025-11-18 14:59:59.999,15557865.7000,4244,59996,8327819.9000,0,94.47513812154725,0.4912428576667196,-0.10128129299654089,0.5925241506632605,140.98269909912884,134.623,128.26330090087114,2.0421428571428595,86553.8,4.11093478425149,137.954,0.13126309462660407
2025-11-18 15:00:00,137.77,141.69,137.23,139.6,228799,2025-11-18 15:59:59.999,31972349.1500,6301,150081,20982911.3700,0,95.25504151838696,0.6725040473230308,0.0534757750673735,0.6190282722556573,141.38209210878242,135.12650000000002,128.87090789121763,2.2800000000000034,92939.7,3.42272929322863,138.292,0.7424755888315128
2025-11-18 16:00:00,139.6,141.84,138.75,140.98,139387,2025-11-18 16:59:59.999,19568347.3900,4946,79583,11190034.2500,0,95.76719576719597,0.9169394062010383,0.22616850129410654,0.6907709049069317,142.0040718810784,135.6605,129.31692811892162,2.219285714285718,92368.0,4.090372120496156,138.88799999999998,1.375598051761584
2025-11-18 17:00:00,140.98,141.84,139.3,139.93,58862,2025-11-18 17:59:59.999,8251590.4600,4003,11947,1678405.8400,0,81.52866242038253,1.0142384548239818,0.3837824920000817,0.6304559628239002,142.27280421698958,136.127,129.98119578301043,2.1685714285714317,92910.85,3.010895170789166,139.282,1.3245263304328827
2025-11-18 18:00:00,139.98,141.56,127.0,141.38,103922,2025-11-18 18:59:59.999,14612952.9600,3281,16340,2302678.6400,0,83.5972850678736,1.1945811458553806,0.5459422227711416,0.648638923084239,142.76729482086532,136.6295,130.4917051791347,2.981428571428574,95981.1,4.032376747608528,139.932,1.4123986689350692
2025-11-18 19:00:00,141.56,141.94,140.66,141.38,47364,2025-11-18 19:59:59.999,6696126.2100,3297,18621,2638542.6000,0,82.81990521327043,1.3222618166537075,0.7012061415476548,0.6210556751060526,143.0131876569951,137.154,131.2948123430049,2.9650000000000034,96744.0,3.3252941606372746,140.654,0.8359904305726675
2025-11-18 20:00:00,141.35,142.0,141.0,141.26,26370,2025-11-18 20:59:59.999,3734455.5100,2927,5818,825247.4300,0,81.52941176470611,1.3976553699383771,0.8404959872257993,0.5571593827125778,143.10032655444815,137.6505,132.20067344555184,2.9100000000000046,95017.5,2.60768504394567,140.98600000000002,0.6125193874554782
2025-11-18 21:00:00,141.25,141.92,139.56,139.68,66531,2025-11-18 21:59:59.999,9347597.4400,4080,17708,2490898.7400,0,65.57377049180343,1.3147568106037113,0.9353481519013819,0.3794086587023294,142.84731298415136,138.036,133.22468701584864,2.8914285714285746,95573.7,1.4010889292196058,140.726,0.8468057628577015
2025-11-18 22:00:00,139.73,141.7,139.63,141.37,67801,2025-11-18 22:59:59.999,9547740.1600,3912,54981,7744295.0600,0,68.50000000000024,1.3696396280981844,1.0222064471407424,0.347433180957442,142.70394766769311,138.488,134.27205233230688,2.93357142857143,91036.8,2.508882604597207,141.01399999999998,0.7474489949212676
2025-11-18 23:00:00,141.44,141.75,140.41,140.61,27822,2025-11-18 23:59:59.999,3919576.4300,2932,5791,817635.4600,0,63.38951310861443,1.33640377709699,1.085045913131992,0.25135786396499804,142.74414318158725,138.76950000000002,134.7948568184128,2.8964285714285722,83640.5,1.891304347826097,140.85999999999999,0.7323592014912652
2025-11-19 00:00:00,140.59,141.41,139.34,141.09,60492,2025-11-19 00:59:59.999,8485036.5300,3308,36198,5088521.6200,0,64.45454545454564,1.3334252183114756,1.1347217741678888,0.19870344414358687,142.82845113271443,139.052,135.27554886728555,2.9342857142857133,78698.65,2.2687735575529104,140.802,0.6912090855949232
2025-11-19 01:00:00,141.09,141.56,139.84,140.15,42783,2025-11-19 01:59:59.999,6018935.5800,3880,14438,2036349.4100,0,59.07172995780602,1.2409101056639713,1.1559594404671054,0.0849506651968659,142.75287923631532,139.26749999999998,135.78212076368465,2.990714285714284,77505.65,1.4623905017013032,140.57999999999998,0.6855654600467574
2025-11-19 02:00:00,140.15,142.51,139.83,142.34,95398,2025-11-19 02:59:59.999,13498865.4200,4677,79008,11184232.1500,0,65.64285714285725,1.3289861842944504,1.1905647892325746,0.13842139506187578,142.95273450203447,139.5895,136.2262654979655,3.079999999999996,79200.15,3.3171227407998787,141.11200000000002,0.8295299874077853
2025-11-19 03:00:00,142.34,142.56,139.38,139.72,65723,2025-11-19 03:59:59.999,9241608.0400,4071,15112,2125008.2600,0,54.832826747720404,1.1738436683007194,1.1872205650462035,-0.013376896745484146,142.83623959845167,139.73399999999998,136.6317604015483,3.162857142857139,79583.95,0.08595988538682275,140.782,1.0098366204535256
2025-11-19 04:00:00,139.69,140.01,138.55,138.88,48029,2025-11-19 04:59:59.999,6682574.5300,3499,19126,2661749.4200,0,53.27820437093912,0.9719075812024585,1.1441579682774545,-0.17225038707499607,142.77194132469324,139.7945,136.81705867530675,3.1292857142857105,79391.7,-1.4895729890764609,140.436,1.329334419929482
2025-11-19 05:00:00,138.88,138.98,137.28,137.93,62022,2025-11-19 05:59:59.999,8550765.4400,3549,17697,2441738.2100,0,44.79750778816201,0.7268362014964111,1.0606936149212458,-0.33385741342483466,142.75590330291166,139.80349999999999,136.8510966970883,2.932142857142852,79285.05,-1.429286071607232,139.804,1.6525525710275384
2025-11-19 06:00:00,137.94,139.15,137.28,139.15,44422,2025-11-19 06:59:59.999,6149239.4200,3184,32251,4467359.7300,0,44.24166142227819,0.623867613960357,0.9733284147290681,-0.3494608007687111,142.7002132037041,139.8655,137.0307867962959,2.844999999999995,77517.35,-1.5773093789786319,139.60399999999998,1.6607016589411492
2025-11-19 07:00:00,138.84,140.9,138.57,140.49,75407,2025-11-19 07:59:59.999,10551323.0000,4485,59596,8343441.2400,0,51.730531520395566,0.6429792036234403,0.9072585725079426,-0.2642793688845023,142.69551094501026,139.99,137.28448905498976,2.829999999999996,78982.65,-0.6295091243457253,139.234,0.9547931713257022
2025-11-19 08:00:00,140.9,140.93,130.0,140.13,55452,2025-11-19 08:59:59.999,7772968.7800,3152,15432,2169038.6400,0,45.85818422796553,0.6219073242583306,0.8501883228580203,-0.22828099859968964,142.62966386790777,140.0985,137.56733613209224,2.570714285714282,75424.65,-0.7999433668412823,139.31599999999997,1.0221937194143413
2025-11-19 09:00:00,140.11,140.38,139.0,139.59,133738,2025-11-19 09:59:59.999,18637836.1200,3376,64264,8954462.0100,0,44.27383237364045,0.5552338310320408,0.7911974244928244,-0.23596359346078355,142.54278679254904,140.17149999999998,137.80021320745092,2.577857142857139,78126.8,-0.06443298969072409,139.458,0.9954496471494724
2025-11-19 10:00:00,139.59,140.12,139.02,139.47,27415,2025-11-19 10:59:59.999,3826097.0000,3065,9561,1337304.4000,0,44.27383237364045,0.48709666305094856,0.7303772722044493,-0.2432806091535007,142.37358115845026,140.25650000000002,138.13941884154977,2.584999999999996,73886.95,-1.3439909457452115,139.76600000000002,0.5372894936714765
2025-11-19 11:00:00,139.44,140.21,138.48,138.49,47761,2025-11-19 11:59:59.999,6637303.9900,3907,10567,1470796.8500,0,46.04125083167,0.34998524468343817,0.6542988667002471,-0.3043136220168089,142.4449429582514,140.201,137.95705704174858,2.5399999999999983,64835.05,-1.5077163786359464,139.63400000000001,0.7609730612905132
2025-11-19 12:00:00,138.49,138.94,138.14,138.94,38472,2025-11-19 12:59:59.999,5329133.1900,3099,17184,2383602.8000,0,41.18926758520663,0.2744707688150356,0.5783332471232048,-0.30386247830816915,142.37901754376716,140.099,137.81898245623282,2.449285714285714,59789.3,-1.523850024806865,139.324,0.6294283120499953
2025-11-19 13:00:00,138.86,139.05,136.76,136.76,80914,2025-11-19 13:59:59.999,11150503.7300,4615,17471,2413526.9000,0,37.343852728468015,0.03827599975784324,0.47032179765013243,-0.4320457978922892,142.6670051854346,139.9405,137.21399481456538,2.517142857142858,60891.9,-2.4188369603995823,138.65,1.1443120203907051
2025-11-19 14:00:00,136.76,150.0,135.99,137.1,116042,2025-11-19 14:59:59.999,15900214.1600,3769,88275,12110757.9600,0,36.76177836761775,-0.12009056858903477,0.352239324402299,-0.47232989299133377,142.6425555550068,139.72650000000002,136.81044444499324,3.3700000000000006,61497.9,-3.6813264015737026,138.152,1.1743806878568146
2025-11-19 15:00:00,137.15,138.76,134.32,134.38,160374,2025-11-19 15:59:59.999,21843959.6800,4901,53991,7391621.8700,0,32.87833827893171,-0.45977844329283357,0.18983577086327247,-0.6496142141561061,143.04118365833605,139.3765,135.71181634166393,3.5642857142857145,67148.4,-3.8219295734325818,137.134,1.7906646810645004
2025-11-19 16:00:00,134.38,135.21,133.0,133.27,109525,2025-11-19 16:59:59.999,14697710.0500,4429,47586,6396519.7100,0,21.242866201648695,-0.8092230352312129,-0.009975990355624645,-0.7992470448755882,143.43361707905888,138.977,134.52038292094113,3.5307142857142884,71306.15,-4.039458525345611,136.09,2.2620786900575673
2025-11-19 17:00:00,133.25,133.5,131.25,132.28,187784,2025-11-19 17:59:59.999,24812371.6200,4415,34875,4610717.5100,0,23.691654879773665,-1.1527568547244584,-0.23853216322939147,-0.9142246914950669,143.95705007353754,138.607,133.25694992646245,3.464285714285716,77368.8,-4.09628072210542,134.75799999999998,2.1207592979905883
2025-11-19 18:00:00,132.28,132.88,130.46,131.33,78268,2025-11-19 18:59:59.999,10276163.1700,4587,33374,4386146.3300,0,23.50877192982456,-1.4845539286325788,-0.48773651631002907,-0.9968174123225497,144.19623442678005,138.105,132.01376557321993,3.5328571428571456,77892.15,-5.619834710743796,133.67199999999997,2.226919396838222
2025-11-19 19:00:00,131.33,131.84,130.81,131.66,47107,2025-11-19 19:59:59.999,6189866.6100,2951,30049,3952699.4100,0,26.999266324284577,-1.701266121254264,-0.7304424372988761,-0.9708236839553878,144.26686775381336,137.65749999999997,131.04813224618658,3.4850000000000034,78856.4,-6.28514485016728,132.584,1.2464870637174972
2025-11-19 20:00:00,131.63,133.16,130.81,133.11,62232,2025-11-19 20:59:59.999,8240273.7300,3637,36031,4774470.4700,0,28.210678210678225,-1.7359977123822716,-0.9315534923155553,-0.8044442200667163,143.95824791355227,137.2585,130.55875208644773,3.5192857142857172,78943.4,-5.009633911368002,132.33,0.8578169968094842
2025-11-19 21:00:00,133.09,135.68,132.85,135.33,157222,2025-11-19 21:59:59.999,21136443.4700,4415,115922,15593730.4000,0,32.49660786974219,-1.566331606144871,-1.0585091150814185,-0.5078224910634526,143.6254405980421,137.01749999999998,130.40955940195786,3.555000000000003,84665.35,-3.0517945411562364,132.74200000000002,1.597739027505735
2025-11-19 22:00:00,135.31,135.69,134.28,135.46,29388,2025-11-19 22:59:59.999,3968812.7400,3156,12733,1722703.2600,0,33.90764989662301,-1.4051820174273075,-1.1278436955505964,-0.27733832187671115,142.81461690509065,136.6735,130.53238309490933,2.875000000000002,81364.85,-2.875170287517022,133.378,1.9597627407455527
2025-11-19 23:00:00,135.46,136.96,135.39,136.9,103059,2025-11-19 23:59:59.999,14043616.0100,4096,82521,11243522.3100,0,41.27190136275145,-1.14803995199415,-1.1318829468393072,-0.016157005154842752,142.50631611260786,136.5325,130.55868388739214,2.8885714285714323,83231.65,-1.1480973355476953,134.49200000000002,2.08373942709104
2025-11-20 00:00:00,136.81,137.83,136.14,137.57,38300,2025-11-20 00:59:59.999,5252793.6000,3351,25416,3487302.3500,0,44.04761904761901,-0.8800450009910321,-1.0815153576696523,0.20147035667862023,142.3606293884419,136.467,130.57337061155812,2.930714285714292,82745.2,-0.9860371383330967,135.674,1.7201831297896073
2025-11-20 01:00:00,137.57,139.65,137.03,139.53,95720,2025-11-20 01:59:59.999,13260105.4900,4286,71002,9837633.4100,0,53.06965761511214,-0.5036951675727437,-0.9659513196502706,0.4622561520775269,142.5663411074889,136.547,130.52765889251108,2.9942857142857195,84430.1,2.025446036852889,136.958,1.7239112506192933
2025-11-20 02:00:00,139.65,143.97,139.22,143.63,221797,2025-11-20 02:59:59.999,31541198.1000,5294,148696,21110275.1100,0,61.389023797960185,0.12397145596091264,-0.7479667645280339,0.8719382204889465,143.49086810646654,136.77100000000002,130.0511318935335,3.2764285714285757,93298.85,4.7629467541940205,138.618,3.161276640854214
2025-11-20 03:00:00,143.64,144.25,142.95,143.12,54643,2025-11-20 03:59:59.999,7841790.5200,4513,24126,3465723.3500,0,66.80761099365758,0.5736365147868696,-0.4836461086650532,1.0572826234519228,144.0199651756226,136.90249999999997,129.78503482437736,3.2057142857142895,92260.65,6.503944039291568,140.15,3.1038121721536873
2025-11-20 04:00:00,143.12,144.5,142.38,144.5,101285,2025-11-20 04:59:59.999,14528597.0900,5133,79353,11394877.9500,0,68.53707414829665,1.0294865008780505,-0.1810195867564324,1.2105060876344829,144.89379168164186,137.121,129.34820831835816,2.356428571428576,94552.3,8.426502588729639,141.67,2.972482127786183
2025-11-20 05:00:00,144.5,144.74,130.0,144.04,107031,2025-11-20 05:59:59.999,15345854.7300,3642,18539,2674497.3400,0,77.28813559322039,1.3382067292870374,0.12282567645226165,1.2153810528347757,145.65029943431827,137.3435,129.03670056568174,3.092142857142863,93216.95,8.890232839431501,142.964,1.9860337358683655
2025-11-20 06:00:00,144.04,144.19,142.25,142.25,59632,2025-11-20 06:59:59.999,8553982.5100,4093,11094,1596142.8800,0,74.42872687704028,1.4220393101853972,0.38266840319888884,1.0393709069865085,146.02871091785806,137.4825,128.9362890821419,3.072857142857148,94827.8,8.314931851062198,143.50799999999998,0.8681992858824752
2025-11-20 07:00:00,142.79,143.77,142.19,143.74,48684,2025-11-20 07:59:59.999,6966000.4000,3206,25890,3709364.9200,0,80.34957627118652,1.5903749298614969,0.6242097085314106,0.9661652213300863,146.73262072606954,137.745,128.75737927393047,3.0250000000000057,94873.95,9.175148108765011,143.53000000000003,0.8734414691362106
2025-11-20 08:00:00,143.71,143.85,143.13,143.35,29920,2025-11-20 08:59:59.999,4293087.9500,2708,12201,1752335.0900,0,82.80567685589516,1.673026769438394,0.8339731207128075,0.8390536487255865,147.28675917628428,137.9655,128.6442408237157,2.903571428571435,94446.35,7.6928855833520995,143.576,0.8522499633363347
2025-11-20 09:00:00,143.37,143.87,141.37,141.92,49361,2025-11-20 09:59:59.999,7025213.0000,3985,16785,2390402.7300,0,76.41606591143147,1.6046425780021707,0.9881070121706802,0.6165355658314905,147.68879900547483,138.2235,128.75820099452517,3.008571428571435,92868.7,4.869578068425312,143.06,0.930403138433674
2025-11-20 10:00:00,141.92,152.83,131.0,142.2,79364,2025-11-20 10:59:59.999,11213760.7100,3872,48465,6880317.1500,0,74.90410958904103,1.5551148772700571,1.1015085851905557,0.4536062920795014,148.09002000684546,138.4785,128.86697999315453,4.4000000000000075,91034.8,4.97563856488999,142.692,0.8007309161057493
2025-11-20 11:00:00,142.2,142.44,141.48,142.07,36714,2025-11-20 11:59:59.999,5212179.3600,3754,15620,2221475.6100,0,70.85396039603955,1.4882186459013838,1.1788505973327215,0.3093680485686623,148.39914310206402,138.863,129.32685689793598,4.266428571428579,84851.8,3.776479181884578,142.656,0.8291139849306522
2025-11-20 12:00:00,142.07,142.45,128.0,142.01,44953,2025-11-20 12:59:59.999,6359620.7000,3246,14239,2021861.8400,0,70.35425730267241,1.4140609871834329,1.2258926753028638,0.18816831188056904,148.5538265200426,139.3,130.04617347995742,5.19785714285715,81623.2,3.2274478447335886,142.31,0.590211826387684
2025-11-20 13:00:00,142.01,142.85,140.66,140.67,74039,2025-11-20 13:59:59.999,10500319.5600,4415,33463,4760633.7000,0,61.7886178861788,1.2329510153994647,1.2273043433221842,0.0056466720772805346,148.37470950519585,139.71949999999998,131.0642904948041,5.242142857142862,75935.95,0.8170285960008503,141.774,0.6254838127468695
2025-11-20 14:00:00,140.68,141.09,139.16,141.06,122918,2025-11-20 14:59:59.999,17217401.4700,5196,72178,10110994.9800,0,61.10757479312541,1.1081161256496443,1.2034666997876764,-0.09535057413803205,147.9181186931172,140.206,132.49388130688277,5.259285714285718,78168.45,-1.789319779990248,141.602,0.690195624448975
2025-11-20 15:00:00,141.06,141.15,138.84,138.84,137151,2025-11-20 15:59:59.999,19183011.6700,6544,22759,3189166.7500,0,47.83969943644335,0.8205888915078106,1.1268911381317033,-0.3063022466238927,147.1945812362703,140.565,133.9354187637297,5.237142857142861,82670.65,-2.9904974846282846,140.93,1.3151615870337372
2025-11-20 16:00:00,138.84,139.3,131.68,132.31,284932,2025-11-20 16:59:59.999,38380045.1900,9138,100174,13426863.9900,0,19.239130434782695,0.06505514519713529,0.9145239395447896,-0.8494687943476543,147.3507237904155,140.525,133.69927620958453,5.442142857142861,93805.65,-8.435986159169548,138.97799999999998,3.9010216610537807
2025-11-20 17:00:00,132.31,132.95,130.97,132.66,144737,2025-11-20 17:59:59.999,19106721.2500,7783,80587,10649928.8800,0,21.326754385964946,-0.499708389891822,0.6316774736574673,-1.1313858635492893,147.73020281093702,140.3915,133.052797189063,5.490714285714288,93181.4,-7.900583171341291,137.108,4.304401235945881
2025-11-20 18:00:00,132.66,134.39,131.75,132.58,131473,2025-11-20 18:59:59.999,17522907.9400,7813,76769,10244808.0100,0,14.817001180637632,-0.9428740269000571,0.31676717354596234,-1.2596412004460193,148.08940866937593,140.2475,132.40559133062408,5.527857142857144,98285.65,-6.797891036906846,135.49,4.14839728088015
2025-11-20 19:00:00,132.48,134.13,131.66,133.81,112623,2025-11-20 19:59:59.999,14954479.2200,6779,68375,9098631.3800,0,21.118012422360295,-1.1812189102894308,0.017169956778883628,-1.1983888670683145,148.32467208184607,140.09300000000002,131.86132791815396,4.651428571428572,98763.85,-6.9083066648114695,134.04000000000002,2.7441665401383832
2025-11-20 20:00:00,133.79,134.33,132.69,134.0,90979,2025-11-20 20:59:59.999,12139270.9100,5937,49707,6635464.8700,0,24.394785847299843,-1.3393384752208135,-0.2541317296210559,-1.0852067455997576,148.52274445699965,139.9145,131.30625554300036,4.630000000000002,101397.8,-6.52249738402511,133.072,0.7743190556972444
2025-11-20 21:00:00,134.0,134.94,130.5,134.07,83301,2025-11-20 21:59:59.999,11171578.8800,6241,30024,4040304.9800,0,17.086453369639145,-1.4423741631274822,-0.49178021632234126,-0.950593946805141,148.63861831058273,139.6415,130.6443816894173,4.8342857142857145,100776.85,-5.531285231116119,133.42399999999998,0.740628111818315
2025-11-20 22:00:00,134.07,136.4,133.92,136.32,86746,2025-11-20 22:59:59.999,11758680.1900,6412,55110,7471375.3700,0,28.76132930513593,-1.3271756375486348,-0.6588593005676,-0.6683163369810348,148.1843766611391,139.276,130.3676233388609,4.960000000000002,94024.3,-4.13502109704641,134.156,1.352601197698315
2025-11-20 23:00:00,136.31,136.48,133.44,133.64,91398,2025-11-20 23:59:59.999,12311626.5800,6045,24437,3296581.2100,0,26.741573033707837,-1.4355850475646719,-0.8142044499670145,-0.6213805975976574,147.8568122709995,138.802,129.74718772900047,4.99857142857143,95862.05,-5.933694657563178,134.368,1.1040697441804779
2025-11-21 00:00:00,133.55,134.98,133.43,134.11,86296,2025-11-21 00:59:59.999,11609337.3500,6007,61220,8241788.3800,0,27.51528627015017,-1.4666683739582709,-0.9446972347652659,-0.521971139193005,147.15114108737788,138.2825,129.41385891262212,3.5499999999999994,95112.6,-5.562988521935059,134.428,1.0739040925588719
2025-11-21 01:00:00,134.11,134.91,133.6,134.16,65243,2025-11-21 01:59:59.999,8764108.4500,5532,24144,3248849.8400,0,27.917364600781696,-1.470318633965121,-1.049821514605237,-0.4204971193598841,146.40386271649237,137.7885,129.17313728350763,3.574999999999999,93023.2,-4.627852420558749,134.45999999999998,1.0602594022288454
2025-11-21 02:00:00,134.15,134.65,131.32,131.33,95803,2025-11-21 02:59:59.999,12727117.5100,6406,12520,1671007.2900,0,24.17794970986462,-1.682177742130449,-1.1762927601102795,-0.5058849820201694,146.04932958665069,137.2425,128.43567041334933,2.780714285714286,94831.75,-6.897773996880753,133.912,1.7776304452880871
2025-11-21 03:00:00,131.48,133.51,131.32,132.66,108773,2025-11-21 03:59:59.999,14423832.5800,6365,67252,8919767.6200,0,30.624092888243823,-1.7228972400704379,-1.2856136561023113,-0.4372835839681266,145.16204589294733,136.6885,128.21495410705268,2.780714285714286,97836.2,-4.451166810717377,133.18,1.1968500323832407
2025-11-21 04:00:00,132.66,133.53,130.0,132.54,144198,2025-11-21 04:59:59.999,18991785.8400,7246,64247,8473250.1200,0,29.11764705882345,-1.7447384736123581,-1.3774386196043207,-0.36729985400803744,144.20106505884493,136.148,128.09493494115506,2.895,103550.1,0.17383417731085313,132.95999999999998,1.1922457800369708
2025-11-21 05:00:00,132.53,132.98,131.51,132.01,86087,2025-11-21 05:59:59.999,11382035.3200,6636,34460,4562842.6100,0,31.747728487439787,-1.7842466939245583,-1.4588002344683684,-0.3254464594561899,143.4248257374035,135.65249999999997,127.88017426259646,2.835,105386.4,-0.48997437057138976,132.54000000000002,1.0468763059771335
2025-11-21 06:00:00,132.01,132.48,130.62,130.77,62266,2025-11-21 06:59:59.999,8175066.6600,5893,30466,4002274.1500,0,44.26229508196722,-1.8937845110474996,-1.5457970897841948,-0.34798742126330473,142.4990403143382,135.081,127.66295968566176,2.423571428571427,104531.5,-1.3652134560265516,131.86200000000002,0.8052763500916534
2025-11-21 07:00:00,130.84,131.3,120.0,127.29,2902311,2025-11-21 07:59:59.999,366507231.0100,5976,2234291,281128827.5700,0,33.776435045317186,-2.235629985875505,-1.6837636690024573,-0.5518663168730478,141.77324159066515,134.342,126.91075840933487,3.0892857142857144,247811.35,-4.872580524624465,131.054,2.2332554712834964
2025-11-21 08:00:00,127.29,128.99,126.94,127.98,2008535,2025-11-21 08:59:59.999,257331391.1400,4301,1833850,234971499.3600,0,36.59673659673654,-2.422937637254961,-1.8315984626529584,-0.5913391746020025,140.6614565250185,133.64050000000003,126.61954347498155,3.047142857142859,345990.45,-4.492537313432833,130.118,2.368516413288819
2025-11-21 09:00:00,128.02,128.66,125.45,125.45,584653,2025-11-21 09:59:59.999,74423148.6500,4804,176876,22674875.5100,0,27.356446370530847,-2.743900183067865,-2.0140588067359397,-0.7298413763319251,139.9911464153335,132.8795,125.76785358466651,3.1000000000000014,371521.15,-6.429477138808079,128.7,2.6603571188883275
2025-11-21 10:00:00,125.45,126.18,124.83,125.1,1277303,2025-11-21 10:59:59.999,160461102.2900,4440,889953,111950072.1600,0,26.100966702470416,-2.9920172752794656,-2.209650500444645,-0.7823667748348204,138.90402700520312,132.0815,125.2589729947969,3.079285714285715,429240.4,-8.230633802816902,127.31800000000001,2.278391976816343
2025-11-21 11:00:00,125.1,125.99,123.89,124.31,1136798,2025-11-21 11:59:59.999,142610604.2800,4154,924552,116094474.7300,0,24.767321613236803,-3.215333888547491,-2.4107871780652146,-0.8045467104822763,138.241455050153,131.355,124.46854494984696,2.912142857142858,479222.75,-6.981442681831776,126.026,1.5451310624093477
2025-11-21 12:00:00,124.27,126.86,121.73,126.28,4393530,2025-11-21 12:59:59.999,546516749.5000,6180,4050083,504256817.8400,0,23.662119622245527,-3.196504068303966,-2.567930556112965,-0.628573512191001,138.2833512032362,131.0535,123.8236487967638,3.1014285714285705,684652.65,-5.838490791141608,125.824,1.397544274798627
2025-11-21 13:00:00,126.28,127.92,125.58,127.46,812607,2025-11-21 13:59:59.999,103230999.3100,4744,691268,87863481.9200,0,32.40318906605921,-3.051192909215132,-2.6645830267333985,-0.38660988248173345,138.15294012457824,130.79350000000002,123.43405987542181,3.051428571428571,718046.15,-4.994036970781159,125.72,1.202767641742374
2025-11-21 14:00:00,127.46,129.15,126.17,128.71,1836109,2025-11-21 14:59:59.999,234590203.6800,5076,1601448,204782351.0800,0,35.27808069792796,-2.8028586061202816,-2.6922381426107753,-0.11062046350950627,137.9651669506135,130.6,123.23483304938648,3.15357142857143,803277.95,-1.9949744917383723,126.372,1.769765521198201
2025-11-21 15:00:00,128.7,129.15,124.76,125.34,740018,2025-11-21 15:59:59.999,93368787.1600,4984,367837,46458536.1600,0,29.63988919667588,-2.845185193654288,-2.7228275528194783,-0.12235764083480971,137.73599671117057,130.17649999999998,122.6170032888294,3.37357142857143,834647.7,-5.517865219357752,126.42,1.7294363243617534
2025-11-21 16:00:00,125.47,128.32,123.61,128.32,3894793,2025-11-21 16:59:59.999,491459375.2300,5438,3590988,453623727.9900,0,43.099495644199855,-2.6082024893728715,-2.6999025401301573,0.09170005075728582,137.27181354672882,129.89249999999998,122.51318645327115,3.472142857142857,1024838.4,-3.183944469594084,127.22200000000001,1.405852054812731
2025-11-21 17:00:00,128.32,130.22,128.25,129.15,809601,2025-11-21 17:59:59.999,104880027.2800,4668,665571,86243845.0000,0,41.76442984514315,-2.3265983479629995,-2.625241701696726,0.2986433537337265,136.7627860656598,129.6465,122.53021393434018,3.4564285714285714,1061153.4,-2.166502537686528,127.796,1.5073254459540852
2025-11-21 18:00:00,129.18,129.9,126.7,129.55,2124475,2025-11-21 18:59:59.999,272815931.5500,5304,1757202,225809377.9800,0,43.07549791570176,-2.0475455494456867,-2.509702471246518,0.46215692180083146,135.6943228856583,129.308,122.92167711434169,3.432857142857143,1163039.85,-0.9329356886135955,128.214,1.671684778904303
2025-11-21 19:00:00,129.55,129.9,127.74,128.05,245254,2025-11-21 19:59:59.999,31572560.0700,3693,23535,3043003.2100,0,41.2234042553192,-1.9252387067390089,-2.3928097183450165,0.46757101160600767,135.0979793845834,129.0285,122.9590206154166,3.482142857142858,1170732.65,0.5970618273234387,128.082,1.6486267012336173
2025-11-21 20:00:00,128.02,128.22,126.03,126.91,950856,2025-11-21 20:59:59.999,120582914.6100,4614,585643,74225958.3800,0,41.40694568121102,-1.8984143860230915,-2.2939306518806317,0.3955162658575402,134.30779176216572,128.6685,123.02920823783428,3.5057142857142876,1213960.65,-0.8360681356462004,128.39600000000002,1.0288245720336309
2025-11-21 21:00:00,127.48,129.08,126.74,128.78,596917,2025-11-21 21:59:59.999,76290914.7600,3729,539384,68969035.3300,0,53.573141486810535,-1.7065900391827142,-2.1764625293410482,0.469872490158334,133.41455722272948,128.39950000000002,123.38444277727054,2.865714285714288,1240544.35,2.654444001594259,128.488,1.0408265945968647
2025-11-21 22:00:00,128.78,129.15,125.54,125.54,460648,2025-11-21 22:59:59.999,58580071.0400,4111,66793,8498772.4600,0,44.7863247863248,-1.7953135276788998,-2.1002327290086185,0.3049192013297186,133.0810530494992,128.10999999999999,123.1389469505008,2.9771428571428586,1258786.6,0.3517186250999296,127.766,1.57950308642329
2025-11-21 23:00:00,125.54,128.71,125.08,128.61,290510,2025-11-21 23:59:59.999,37005995.4000,5842,254896,32506844.0900,0,56.59983291562239,-1.5994665340200243,-2.0000794900109,0.40061295599087554,132.40560193887535,127.9075,123.40939806112466,3.00714285714286,1267873.45,3.4590941999839204,127.57800000000002,1.3539091550103535
2025-11-22 00:00:00,128.62,129.19,128.07,128.4,163688,2025-11-22 00:59:59.999,21053036.5400,5797,38147,4917136.1500,0,56.932773109243705,-1.444549755124683,-1.8889735430336565,0.4444237879089734,131.64836804555898,127.7005,123.75263195444103,2.990714285714288,1268847.95,1.6788089958821701,127.648,1.392899852832495
2025-11-22 01:00:00,128.39,129.79,128.28,129.41,163774,2025-11-22 01:59:59.999,21143859.0400,4798,34324,4441970.3200,0,60.61615320566192,-1.2261443043647944,-1.7564076952998842,0.5302633909350898,131.06619645193817,127.57050000000001,124.07480354806187,2.9485714285714306,1272732.3,1.5298917307390576,128.148,1.5058784811598676
2025-11-22 02:00:00,129.46,129.66,127.28,127.85,255939,2025-11-22 02:59:59.999,32852315.6300,5996,14059,1803247.4000,0,53.32486234646334,-1.1655002126940701,-1.6382261987787217,0.47272598608465155,130.585429077259,127.42450000000001,124.26357092274102,2.7521428571428594,1282415.95,-0.6681687514567739,127.96200000000002,1.4651859950260602
2025-11-22 03:00:00,127.85,128.21,127.0,127.19,675699,2025-11-22 03:59:59.999,86465203.7200,5842,560933,71857972.3400,0,49.415331312256406,-1.157354554402815,-1.5420518699035406,0.3846973155007256,130.58164101351537,127.4195,124.25735898648462,2.671428571428574,1171085.35,1.4759853199297865,128.292,0.8325382874200112
2025-11-22 04:00:00,127.19,127.27,125.64,126.88,350137,2025-11-22 04:59:59.999,44380330.8300,5483,108434,13733452.2400,0,45.8690744920993,-1.1625127474293038,-1.4661440454086934,0.3036312979793896,130.5238568632486,127.36449999999999,124.20514313675139,2.575000000000002,1088165.45,-1.122194513715709,127.94599999999998,1.0082807148907202
2025-11-22 05:00:00,126.9,127.08,125.36,126.12,207460,2025-11-22 05:59:59.999,26146024.8800,5760,45928,5793115.5200,0,51.99590583418629,-1.213932838861112,-1.4157018040991771,0.2017689652380652,130.4852682525236,127.398,124.31073174747638,2.384285714285716,1069305.8,-2.3461091753774688,127.48999999999998,1.2404636230139605
2025-11-22 06:00:00,126.12,128.06,125.34,127.99,215240,2025-11-22 06:59:59.999,27321205.7800,6076,148026,18796354.4600,0,49.104720564297345,-1.0912114536426145,-1.3508037340078647,0.25959228036525017,130.44169680345186,127.54249999999999,124.64330319654812,2.242142857142859,1016202.65,-1.2041682747973883,127.20599999999999,0.7608087801945782
2025-11-22 07:00:00,127.99,128.18,127.35,127.64,52128,2025-11-22 07:59:59.999,6660277.7300,5844,17272,2209123.1600,0,45.793871866295255,-1.0105469899683897,-1.2827523851999698,0.27220539523158016,130.17695803084004,127.70900000000002,125.24104196916001,2.1607142857142887,961969.15,-0.3201874267864199,127.16399999999999,0.7211310560648454
2025-11-22 08:00:00,127.65,127.93,123.63,125.81,407672,2025-11-22 08:59:59.999,51335410.6800,6302,106371,13417287.0100,0,40.35087719298243,-1.081815037061574,-1.2425649155722907,0.16074987851071665,130.21883543395563,127.6855,125.15216456604439,2.239285714285718,762676.25,-0.8667559687967806,126.888,0.9396648338750503
2025-11-22 09:00:00,125.71,127.18,125.58,126.37,712961,2025-11-22 09:59:59.999,90288328.4000,5675,628889,79677757.9600,0,45.444685466377415,-1.0806510849316169,-1.210182149444156,0.12953106451253915,130.23078865535527,127.631,125.03121134464472,2.199285714285718,757693.95,-1.8714086038204663,126.78600000000002,0.9680030991797023
2025-11-22 10:00:00,126.37,127.07,125.51,125.83,210213,2025-11-22 10:59:59.999,26503786.7300,6141,42431,5367255.5000,0,46.97309417040359,-1.1105009676225563,-1.1902459130798362,0.07974494545727984,130.1533367339535,127.487,124.82066326604651,2.154285714285717,676399.15,0.23100207105304446,126.728,1.0248999951319937
2025-11-22 11:00:00,125.84,127.1,125.47,126.68,163804,2025-11-22 11:59:59.999,20728683.2900,5523,130201,16478260.2100,0,43.75743162901309,-1.0534260783619658,-1.162881946136262,0.10945586777429628,130.05542191139958,127.55400000000002,125.05257808860047,2.10357142857143,647588.45,-1.500660912837265,126.46600000000001,0.7530139441084643
2025-11-22 12:00:00,126.68,127.1,125.25,125.74,173535,2025-11-22 12:59:59.999,21860640.0500,6220,41394,5212187.4200,0,50.68870523415974,-1.0716901841736188,-1.1446435937437334,0.07295340957011454,130.0242833020071,127.425,124.8257166979929,1.9778571428571436,461525.55,-2.0716510903426877,126.08600000000001,0.416809308943671
2025-11-22 13:00:00,125.74,126.18,125.16,125.54,107902,2025-11-22 13:59:59.999,13560683.5200,6144,47743,6009361.4800,0,36.8240343347639,-1.0897410911864398,-1.1336630932322747,0.04392200204583485,129.84078459227658,127.24449999999999,124.6482154077234,1.7914285714285723,426440.6,-2.9904953249362416,126.032,0.4749421017578273
2025-11-22 14:00:00,125.51,127.05,125.46,127.04,455866,2025-11-22 14:59:59.999,57640583.6200,5906,423449,53539501.6100,0,44.744976816074185,-0.9718067181487982,-1.1012918182155793,0.12948510006678116,129.4778480685302,127.119,124.7601519314698,1.8250000000000008,343010.15,-0.6335549472037451,126.16599999999998,0.6546602172287822
2025-11-22 15:00:00,127.04,127.4,126.11,127.01,288215,2025-11-22 15:59:59.999,36548808.9400,6447,139879,17774231.0200,0,39.96655518394652,-0.8707264347928145,-1.0551787415310263,0.18445230673821178,129.38493101933784,127.06700000000001,124.74906898066216,1.8092857142857162,345158.2,-0.1415205597924307,126.402,0.713316199186483
2025-11-22 16:00:00,127.01,128.34,126.81,128.11,229526,2025-11-22 16:59:59.999,29298108.4900,6184,157161,20061637.1400,0,51.13043478260878,-0.6938603844735383,-0.9829150701195287,0.28905468564599046,129.4895151628337,127.127,124.7644848371663,1.7485714285714309,309091.7,0.9694199243379714,126.68800000000002,1.0566787591418854
2025-11-22 17:00:00,128.11,128.35,127.25,127.51,118740,2025-11-22 17:59:59.999,15149349.5500,6008,57143,7294288.7300,0,51.398601398601436,-0.5952461241439408,-0.9053812809244112,0.3101351567804703,129.30406642271973,127.0635,124.82293357728027,1.740714285714287,285182.85,1.1021249603552177,127.042,0.9508785411509476
2025-11-22 18:00:00,127.51,127.95,127.36,127.56,52683,2025-11-22 18:59:59.999,6723226.4100,5522,15539,1985672.8800,0,53.04114490161004,-0.5072122036675353,-0.825747465473036,0.31853526180550074,129.2953310708533,127.1645,125.03366892914669,1.6664285714285734,264784.6,-0.3359637471677417,127.446,0.45081038144772634
2025-11-22 19:00:00,127.7,127.96,126.83,127.2,55979,2025-11-22 19:59:59.999,7129493.8100,5327,25173,3207678.4700,0,55.00927643784785,-0.46117751151460595,-0.7528334746813501,0.29165596316674414,129.11387388868664,127.09400000000001,125.07412611131338,1.6242857142857159,253058.05,-0.3447195236602928,127.478,0.41936857300114955
2025-11-22 20:00:00,127.2,127.43,126.11,126.37,111069,2025-11-22 20:59:59.999,14070977.5200,5470,10737,1366116.4200,0,41.68377823408631,-0.4860656870470308,-0.6994799171544863,0.21341423010745553,128.9387230628601,126.99249999999999,125.0462769371399,1.5242857142857165,250427.1,0.4451156505842161,127.35,0.6383964285779781
2025-11-22 21:00:00,126.37,126.71,126.06,126.56,38845,2025-11-22 21:59:59.999,4908933.9500,5317,12372,1565427.5400,0,44.36325678496871,-0.4848690646061016,-0.6565577466448095,0.1716886820387079,128.43470319315907,126.85,125.26529680684094,1.5114285714285722,244180.65,0.15035214053968324,127.04,0.5468546424977551
2025-11-22 22:00:00,126.56,128.48,126.06,128.19,672470,2025-11-22 22:59:59.999,86038265.9400,6159,641655,82120826.1000,0,62.68656716417905,-0.3483774764873431,-0.5949216926133163,0.24654421612597321,128.50332579431645,126.867,125.23067420568356,1.3771428571428561,265007.2,1.8755463720893266,127.176,0.7425159931080558
2025-11-22 23:00:00,128.19,128.48,127.27,127.51,93378,2025-11-22 23:59:59.999,11913261.6400,5669,12763,1632072.7700,0,55.99999999999999,-0.29171452310099255,-0.5342802587108516,0.24256573560985906,128.53876631960713,126.883,125.22723368039286,1.3492857142857122,235891.15,0.6551941900852528,127.16600000000001,0.7363626823931597
2025-11-23 00:00:00,127.51,128.48,127.49,127.92,67912,2025-11-23 00:59:59.999,8692636.3300,5493,26333,3377561.2100,0,61.15261472785487,-0.21128953656638316,-0.4696821142819579,0.2583925777155747,128.65446748179045,126.93499999999999,125.21553251820951,1.3085714285714272,221779.9,1.7337362812152115,127.30999999999999,0.8112644451848859
2025-11-23 01:00:00,127.92,129.55,127.63,129.35,108737,2025-11-23 01:59:59.999,14023058.4400,5335,84013,10836430.9300,0,63.41708542713563,-0.03179657518948886,-0.38210500646346407,0.3503084312739752,129.08012002937429,127.09649999999999,125.1128799706257,1.3292857142857142,216843.75,3.034889278317658,127.90599999999999,1.0166759562518917
2025-11-23 02:00:00,129.35,130.61,129.12,129.95,91181,2025-11-23 02:59:59.999,11847647.0800,5276,62487,8123609.3100,0,71.90426638917798,0.15705741535009565,-0.27427252210075215,0.4313299374508478,129.52697530587443,127.19450000000002,124.86202469412562,1.3035714285714295,210640.8,2.290617128463462,128.584,1.0249780485552902
2025-11-23 03:00:00,129.93,130.54,129.35,129.83,89543,2025-11-23 03:59:59.999,11617508.0400,5385,25190,3274285.8800,0,72.50786988457516,0.293657465882859,-0.16068652450402987,0.4543439903868889,129.9136856031428,127.304,124.69431439685721,1.3157142857142858,212511.55,2.2202976143610798,128.91199999999998,1.1249088852080351
2025-11-23 04:00:00,129.8,131.52,129.8,130.63,253329,2025-11-23 04:59:59.999,33124911.8100,6669,191542,25048788.6800,0,70.32842582106463,0.46115143748676246,-0.03631893210587137,0.49747036959263385,130.44756873528266,127.545,124.64243126471736,1.3249999999999997,204794.4,1.9670595581921642,129.536,1.012511728336782
2025-11-23 05:00:00,130.63,130.83,130.14,130.46,79953,2025-11-23 05:59:59.999,10437065.3400,5717,36704,4795544.9700,0,69.2307692307694,0.5735623675184627,0.08565732781899547,0.4879050396994672,130.87152683826227,127.74950000000001,124.62747316173775,1.2821428571428584,173144.0,2.313544035761903,130.044,0.5130107211542189
2025-11-23 06:00:00,130.46,130.7,129.13,129.28,148630,2025-11-23 06:59:59.999,19295945.8500,6252,17109,2222078.0900,0,56.46408839779004,0.560966231588651,0.1807191085729266,0.3802471230157244,130.97801460452015,127.922,124.86598539547984,1.2850000000000006,170064.85,1.3483850736908114,130.03,0.5370754137168979
2025-11-23 07:00:00,129.28,129.43,116.0,128.79,293019,2025-11-23 07:59:59.999,37607092.1600,6022,86222,11096675.4900,0,57.15883668903802,0.5056163674660183,0.245698560351545,0.2599178071144733,131.04846446779368,128.02749999999997,125.00653553220627,2.1657142857142873,176525.6,1.2499999999999913,129.798,0.7771550681938231
2025-11-23 08:00:00,128.79,129.63,128.7,129.58,333583,2025-11-23 08:59:59.999,43163860.1500,5456,273847,35458326.2100,0,60.43388429752077,0.5195090224415253,0.3004606527695411,0.2190483696719842,131.1137736567026,128.21949999999998,125.32522634329737,2.1900000000000017,184528.0,2.5401598480652114,129.748,0.7826046256056638
2025-11-23 09:00:00,129.58,130.38,129.37,130.0,163390,2025-11-23 09:59:59.999,21216677.5400,5252,106294,13818549.7600,0,64.3737166324436,0.5579775239472156,0.351964027005076,0.20601349694213955,131.14866353026093,128.4425,125.73633646973906,2.181428571428573,187302.4,2.7180783817951943,129.622,0.6434438592600592
2025-11-23 10:00:00,130.01,130.05,129.44,129.88,67706,2025-11-23 10:59:59.999,8788183.9300,5245,38984,5061578.3400,0,69.43521594684393,0.5721852955092572,0.3960082807059123,0.1761770148033449,131.27881741182665,128.5845,125.89018258817333,2.1307142857142876,167894.4,1.3183555659567812,129.506,0.4881393243937239
2025-11-23 11:00:00,129.88,130.0,129.06,129.67,132799,2025-11-23 11:59:59.999,17181448.5700,5468,57067,7388073.4400,0,67.18232044198896,0.5600439735648592,0.4288154192777018,0.13122855428715746,131.34638309281192,128.7175,126.08861690718808,2.151428571428574,160123.6,1.6939847855070052,129.584,0.47395147432992235
2025-11-23 12:00:00,129.66,131.5,129.61,130.78,176234,2025-11-23 12:59:59.999,23011273.3700,5824,105255,13731667.9500,0,65.1817116060962,0.6326962828840408,0.4695915919989696,0.16310469088507118,131.61755894947777,128.851,126.08444105052223,2.1135714285714307,157459.0,2.235772357723577,129.98200000000003,0.47604621626398014
2025-11-23 13:00:00,130.69,131.57,130.39,131.49,72860,2025-11-23 13:59:59.999,9544681.9300,5224,40080,5254750.8100,0,73.24766355140193,0.7390455704374403,0.5234823876866639,0.21556318275077646,131.978257969634,129.05,126.12174203036601,2.1114285714285748,155165.0,1.6544259760340279,130.364,0.75652495003074
2025-11-23 14:00:00,131.5,132.45,130.48,130.68,828410,2025-11-23 14:59:59.999,109026543.5700,6210,621313,81876215.3200,0,65.40178571428575,0.7493301054671804,0.5686519312427673,0.18067817422441312,132.13246292698895,129.206,126.27953707301101,2.181428571428575,193951.35,0.5617545209696178,130.5,0.7355610103988154
2025-11-23 15:00:00,130.67,132.93,130.39,132.82,294581,2025-11-23 15:59:59.999,38851500.9900,5697,246827,32570648.2600,0,67.94208893485006,0.919560665898274,0.6388336781738686,0.2807269877244054,132.67043144882322,129.487,126.30356855117677,2.2257142857142895,205881.45,2.3030116305938386,131.08800000000002,1.165491312716894
2025-11-23 16:00:00,132.93,133.19,131.84,132.72,143005,2025-11-23 16:59:59.999,18921452.5800,5430,43463,5763192.4800,0,65.10359869138503,1.0344756557984454,0.7179620736987841,0.3165135820996613,132.9453378030625,129.80450000000002,126.66366219693755,2.2157142857142884,207478.25,1.5999387583250428,131.698,1.027822941959443
2025-11-23 17:00:00,131.81,132.72,130.73,131.3,226683,2025-11-23 17:59:59.999,29771922.6900,5761,50681,6660726.0800,0,57.020057306590246,0.9994435179048367,0.7742583625399947,0.22518515536484196,132.84917575723728,130.04149999999998,127.2338242427627,2.2728571428571462,216870.15,0.643875517399972,131.802,0.9337130180189751
2025-11-23 18:00:00,131.31,132.79,131.29,132.1,172642,2025-11-23 18:59:59.999,22807547.0300,5112,135132,17854199.9600,0,57.020057306590246,1.0244246803197825,0.8242916260959524,0.2001330542238301,133.0463610436481,130.237,127.4276389563519,2.2571428571428607,191878.75,2.1813118811881136,131.924,0.9225399720435041
2025-11-23 19:00:00,132.1,132.91,131.95,132.3,463891,2025-11-23 19:59:59.999,61570188.8300,5599,372018,49386306.3700,0,58.76190476190475,1.0482768767381003,0.869088676224382,0.1791882005137183,133.1187341025191,130.47650000000002,127.8342658974809,2.276428571428574,210404.4,2.7253668763102876,132.248,0.606893730415666
2025-11-23 20:00:00,132.3,132.7,132.08,132.57,60162,2025-11-23 20:59:59.999,7965147.1300,5377,15635,2073021.5300,0,67.1532846715328,1.076556781319539,0.9105822972434134,0.16597448407612547,133.21908827688952,130.709,128.19891172311048,2.2085714285714295,210016.9,2.307454854144143,132.198,0.5561654430274103
2025-11-23 21:00:00,132.57,133.3,131.53,133.11,394107,2025-11-23 21:59:59.999,52215077.4600,5748,331365,43905316.8000,0,72.40663900414945,1.1295218714466557,0.954370212084062,0.1751516593625937,133.53831625876776,130.897,128.25568374123222,1.375714285714287,224285.4,2.392307692307703,132.276,0.6644772381487848
2025-11-23 22:00:00,133.11,133.3,132.28,132.59,66891,2025-11-23 22:59:59.999,8864267.7900,5147,19024,2522584.1100,0,66.0618996798292,1.1166652113303428,0.9868292119333184,0.1298359993970244,133.73414441678685,131.029,128.32385558321315,1.3821428571428587,223070.9,2.0865414228518695,132.53400000000002,0.3805653689153683
2025-11-23 23:00:00,132.58,132.69,130.57,130.57,135919,2025-11-23 23:59:59.999,17828542.3500,4919,14436,1900391.8300,0,52.59799453053779,0.932727198859368,0.9760088093185285,-0.04328161045916057,133.72188839332122,131.066,128.41011160667878,1.461428571428574,225389.7,0.6940695611938041,132.228,0.9721213916059549
2025-11-24 00:00:00,130.57,131.58,129.35,130.77,284438,2025-11-24 00:59:59.999,37203475.8800,3520,193042,25344306.1400,0,54.02714932126702,0.7939412665945724,0.9395953007737373,-0.1456540341791649,133.72478470188415,131.073,128.42121529811587,1.57714285714286,226945.15,-0.007646429117595125,131.922,1.1653840568748512
2025-11-24 01:00:00,130.76,131.58,129.93,131.42,329518,2025-11-24 01:59:59.999,43030847.5400,4342,211223,27613143.8100,0,57.615317667536985,0.7280099377079239,0.8972782281605747,-0.1692682904526508,133.76079185780154,131.121,128.48120814219848,1.6278571428571464,239423.4,-0.053235987527585064,131.692,1.1180429329941854
2025-11-24 02:00:00,131.42,134.18,131.38,133.22,988770,2025-11-24 02:59:59.999,130898862.1500,4031,953047,126141113.0000,0,60.01642036124794,0.8116476721961021,0.8801521169676803,-0.06850444477157813,133.96735821421947,131.318,128.66864178578055,1.6928571428571482,281430.4,1.943679216406483,131.714,1.1534426730523797
2025-11-24 03:00:00,133.23,134.17,132.94,133.45,416142,2025-11-24 03:59:59.999,55611620.1400,3615,372056,49733275.7800,0,58.37606837606829,0.8862738439780742,0.881376462369759,0.00489738160831521,134.0812207101336,131.551,129.02077928986637,1.6964285714285754,287586.55,0.4743261556994395,131.88600000000002,1.3619948604962133
2025-11-24 04:00:00,133.45,134.11,130.72,131.32,248281,2025-11-24 04:59:59.999,32779263.7200,4559,18791,2476497.1900,0,52.45775729646692,0.7647271256422243,0.8580465950242521,-0.09331946938202773,133.99671151264496,131.638,129.27928848735505,1.7978571428571481,283321.45,-1.0548523206751097,132.036,1.214096371800033
2025-11-24 05:00:00,131.32,133.75,131.14,132.87,643148,2025-11-24 05:59:59.999,85134388.8200,5157,567994,75153907.7900,0,50.20112630732104,0.784430099873191,0.8433232959940399,-0.05889319612084887,134.06874863442377,131.7815,129.49425136557622,1.8028571428571476,307309.35,1.1957349581111905,132.456,1.0132768624703472
2025-11-24 06:00:00,132.86,132.93,130.75,131.08,210772,2025-11-24 06:59:59.999,27730024.1800,3734,17813,2342983.2200,0,44.19263456090656,0.6481355058960503,0.804285737974442,-0.15615023207839174,133.97662257749678,131.8415,129.7063774225032,1.8621428571428627,314462.65,-0.7721423164269355,132.38799999999998,1.1072352956882217
2025-11-24 07:00:00,131.08,131.08,130.19,130.2,101563,2025-11-24 07:59:59.999,13256047.6800,3660,18308,2395817.7500,0,45.949926362297425,0.463766402285529,0.7361818708366595,-0.2724154685511305,133.90032405204374,131.868,129.83567594795625,1.7835714285714346,312900.85,-1.5873015873016043,131.78400000000002,1.3393020570499314
2025-11-24 08:00:00,130.19,130.54,129.61,130.48,184749,2025-11-24 08:59:59.999,24014354.2600,6224,41331,5381127.0100,0,43.7978560490046,0.33636876951618433,0.6562192505725646,-0.31985048105638025,133.9232107698162,131.853,129.78278923018382,1.7428571428571473,313326.6,-1.5765256091121698,131.19,1.041105182015039
2025-11-24 09:00:00,130.46,130.54,128.45,128.82,388366,2025-11-24 09:59:59.999,50149008.2800,5843,111220,14355867.0400,0,38.0165289256198,0.10030089461693592,0.5450355793814389,-0.44473468476450295,134.19329082634636,131.71949999999998,129.2457091736536,1.8235714285714326,329101.9,-3.2228983547442116,130.69,1.4735671006163544
2025-11-24 10:00:00,128.81,129.29,128.73,129.17,54536,2025-11-24 10:59:59.999,7036425.0300,4875,17786,2297835.0400,0,38.35616438356166,-0.057875370841088625,0.42445338933693333,-0.48232876017802195,134.3340862830791,131.644,128.9539137169209,1.8192857142857204,290408.2,-2.579380043743884,129.95,0.9361623790878162
2025-11-24 11:00:00,129.13,129.8,128.78,129.56,132345,2025-11-24 11:59:59.999,17124779.6300,5858,45197,5849546.0300,0,37.71626297577855,-0.15003198485129587,0.30955631449928744,-0.4595882993505833,134.2644995012696,131.481,128.6975004987304,1.7657142857142918,282296.4,-0.7735314390748188,129.64600000000002,0.692589344431126
2025-11-24 12:00:00,129.54,129.84,129.0,129.45,86547,2025-11-24 12:59:59.999,11206087.5300,5422,55311,7165273.3400,0,38.81766381766381,-0.22929962278121252,0.20178512704318743,-0.4310847498243999,134.17766469895477,131.3175,128.45733530104522,1.7528571428571484,279473.5,-1.0094058270245634,129.49599999999998,0.6200241930921986
2025-11-24 13:00:00,129.46,130.33,129.38,129.65,343228,2025-11-24 13:59:59.999,44600291.6300,5108,248767,32337927.8800,0,46.23567921440269,-0.2728363804439198,0.10686082554576598,-0.37969720598968576,134.19087550480123,131.23499999999999,128.27912449519874,1.6692857142857207,285300.75,-1.3468269669760935,129.32999999999998,0.3374166564053035
2025-11-24 14:00:00,129.66,130.92,128.97,130.44,1324687,2025-11-24 14:59:59.999,172019542.2600,6307,1115753,144946599.1400,0,48.71194379391096,-0.240817186242964,0.037325223188019965,-0.27814240943098395,134.09881701607,131.152,128.20518298392997,1.6492857142857187,342903.0,-2.086773757694041,129.654,0.47500526314930774
2025-11-24 15:00:00,130.35,132.44,130.05,131.89,661517,2025-11-24 15:59:59.999,86529918.8400,6262,557690,72958089.7500,0,51.72667156502572,-0.09731705191182982,0.01039676816805,-0.10771382007987983,134.05026163356453,131.13150000000002,128.2127383664355,1.70214285714286,352784.3,-1.1689771449981285,130.198,1.0232643842229685
2025-11-24 16:00:00,131.88,134.18,131.7,133.67,869024,2025-11-24 16:59:59.999,115661889.2300,5991,771660,102689828.2500,0,51.6556291390728,0.1582151564890637,0.03996044583225275,0.11825471065681095,134.25691073883397,131.18649999999997,128.11608926116597,1.6792857142857176,393227.4,1.7895217788607938,131.02,1.7647662734817615
2025-11-24 17:00:00,133.67,136.53,133.63,136.49,515211,2025-11-24 17:59:59.999,69826336.4800,5823,481193,65228773.2800,0,59.394313967861585,0.5815726969001673,0.1482828960458357,0.43328980085433166,135.15678219363855,131.3555,127.55421780636146,1.7985714285714332,399282.6,2.724467524648156,132.428,2.738671210645382
2025-11-24 18:00:00,136.5,137.75,136.46,137.31,516643,2025-11-24 18:59:59.999,70832851.7500,4842,421408,57798036.0400,0,70.1412239408204,0.972048573895762,0.31303603161582105,0.659012542279941,136.21306170914798,131.5915,126.96993829085201,1.6485714285714315,421770.2,4.752822703692393,133.95999999999998,2.9318424241450765
2025-11-24 19:00:00,137.32,137.6,136.72,137.19,54868,2025-11-24 19:59:59.999,7525144.9200,3117,24518,3368990.5200,0,66.07142857142848,1.2573268413549954,0.501894193563656,0.7554326477913393,137.1451828153122,131.92249999999999,126.69981718468777,1.5250000000000017,417717.65,5.368663594470053,135.31,2.414166522843029
2025-11-24 20:00:00,137.2,139.06,136.71,138.93,728728,2025-11-24 20:59:59.999,100511283.0600,3948,686963,94723469.4200,0,79.31292008961894,1.605310363252073,0.7225774275013396,0.8827329357507335,138.38308526754776,132.33049999999997,126.27791473245219,1.5371428571428578,439932.15,6.476088289393024,136.718,1.9240893950165232
2025-11-24 21:00:00,138.87,139.06,138.02,138.92,412026,2025-11-24 21:59:59.999,57147014.4800,3315,345853,47986594.2100,0,84.82428115015955,1.8588551697155538,0.9498329759441827,0.9090221937713711,139.4143393379959,132.70549999999997,125.99666066200405,1.547857142857142,444057.55,7.840397453811517,137.768,1.1016442256982426
2025-11-24 22:00:00,138.91,139.47,138.54,138.92,170847,2025-11-24 22:59:59.999,23756292.2300,3244,115162,16029113.4000,0,84.47712418300634,2.036317850908148,1.167129950936976,0.869187899971172,140.25282230509234,132.9905,125.72817769490766,1.547857142857144,403161.4,7.548192304714718,138.254,0.9175129426956018
2025-11-24 23:00:00,138.54,139.02,138.25,138.72,34581,2025-11-24 23:59:59.999,4796258.5300,2811,13581,1886446.0600,0,95.91836734693855,2.136195246703977,1.3609430100903763,0.7752522366136008,140.95565641786433,133.254,125.55234358213563,1.4535714285714303,384083.35,7.070083359061435,138.536,0.7575816787738121
2025-11-25 00:00:00,138.38,138.77,137.6,138.36,193289,2025-11-25 00:59:59.999,26689730.0000,3784,90812,12553101.7500,0,92.58572752548649,2.1613847135331525,1.5210313507789317,0.6403533627542208,141.57437802949485,133.606,125.63762197050514,1.4971428571428598,381333.75,6.882966396292025,138.77,0.2455605831838168
2025-11-25 01:00:00,138.36,138.7,137.79,137.79,70116,2025-11-25 01:59:59.999,9696519.9900,3003,45068,6238848.9300,0,87.511394712853,2.111018800495799,1.6390288407223053,0.4719899597734938,142.02583914177868,133.852,125.67816085822132,1.4892857142857159,352682.15,6.278441959120699,138.542,0.4785603410372909
2025-11-25 02:00:00,137.79,138.65,137.2,138.09,201953,2025-11-25 02:59:59.999,27816375.1100,3508,110409,15228769.8700,0,88.70967741935472,2.0714327569423574,1.725509623966316,0.3459231329760415,142.47642829758442,134.20250000000001,125.92857170241561,1.5328571428571454,352241.2,5.8647654093836294,138.376,0.45818118688335413
2025-11-25 03:00:00,138.08,138.45,137.3,137.69,127717,2025-11-25 03:59:59.999,17610049.4200,4940,60615,8374028.7500,0,85.38732394366181,1.9849031472415959,1.777388328621372,0.2075148186202238,142.76572935325964,134.577,126.38827064674034,1.547142857142857,353548.9,4.39760406399273,138.13,0.42184120236648465
2025-11-25 04:00:00,137.59,138.75,137.3,138.48,132570,2025-11-25 04:59:59.999,18321018.8700,4514,115180,15919444.6700,0,85.38732394366181,1.9575092576214388,1.8134125144213853,0.1440967432000535,143.10441455619835,134.977,126.84958544380166,1.5114285714285711,350939.95,3.59841400463829,138.082,0.3444851230663369
2025-11-25 05:00:00,138.23,138.75,138.0,138.53,59917,2025-11-25 05:59:59.999,8287915.5500,3345,24153,3344794.0500,0,83.3333333333332,1.9177276146697864,1.8342755344710657,0.08345208019872064,143.19161889850662,135.4625,127.73338110149339,1.394285714285715,334517.5,1.4946149901091597,138.11599999999999,0.38481164225372344
2025-11-25 06:00:00,138.53,138.66,137.47,138.1,85467,2025-11-25 06:59:59.999,11775239.4500,3721,14148,1953275.9900,0,75.72590011614385,1.8304032207370824,1.8335010717242692,-0.0030978509871868454,143.12207555396807,135.909,128.6959244460319,1.3021428571428564,336064.05,0.5753404704682776,138.178,0.3417162565842737
2025-11-25 07:00:00,138.1,138.13,136.36,136.36,208916,2025-11-25 07:59:59.999,28635043.6400,3853,19262,2647521.7300,0,49.13678618857905,1.6023239580178483,1.787265648982985,-0.18494169096513668,142.8139272253063,136.249,129.6840727746937,1.221428571428569,339892.6,-0.6050003644580393,137.832,0.8896459970202716
2025-11-25 08:00:00,136.36,136.52,135.35,135.39,216499,2025-11-25 08:59:59.999,29457116.6500,3688,50016,6820357.1700,0,37.5,1.3279903594997222,1.6954105910863326,-0.3674202315866104,142.3036325543979,136.546,130.7883674456021,1.2128571428571422,346390.2,-2.5480457784495933,137.372,1.4187212552205324
2025-11-25 09:00:00,136.36,136.36,134.84,136.17,611851,2025-11-25 09:59:59.999,82948841.5600,3461,553166,75017220.9000,0,43.884892086330915,1.160145057418589,1.588357484352784,-0.4282124269341949,141.63866318241813,136.872,132.1053368175819,1.258571428571429,359821.35,-1.979556579326231,136.91,1.3417339527696428
2025-11-25 10:00:00,136.17,136.67,135.86,136.54,71461,2025-11-25 10:59:59.999,9739938.2900,2898,43708,5958441.3000,0,32.85509325681495,1.0449369710881626,1.4796733816998597,-0.4347364106116971,140.87064233299517,137.177,133.4833576670048,1.1485714285714275,297160.05,-1.713216239562335,136.512,0.9901363542538586
2025-11-25 11:00:00,136.53,136.68,135.92,136.22,47300,2025-11-25 11:59:59.999,6450858.1600,3266,18466,2523499.9700,0,31.456043956044113,0.9172390462299802,1.367186514605884,-0.4499474683759037,140.17805344617776,137.3935,134.60894655382222,1.1285714285714294,266449.2,-1.8021914648212227,136.136,0.4410555520740773
2025-11-25 12:00:00,136.67,136.74,135.74,136.74,143347,2025-11-25 12:59:59.999,19564109.5200,3468,91549,12514445.4700,0,36.025641025641235,0.8482194293612793,1.2633930975569632,-0.4151736681956839,139.74372579317716,137.547,135.35027420682283,1.133571428571429,230165.35,-1.1708586296617551,136.212,0.5157227937713418
2025-11-25 13:00:00,136.21,136.74,134.85,135.11,219254,2025-11-25 13:59:59.999,29814266.7600,4227,139755,19016753.8100,0,30.44420368364048,0.6544494226480424,1.141604362575179,-0.48715493992713665,139.8906037474042,137.478,135.0653962525958,1.2135714285714292,215367.5,-1.9449887509978798,136.156,0.6298650649268844
2025-11-25 14:00:00,135.11,135.99,133.15,134.38,394853,2025-11-25 14:59:59.999,53018254.6400,4388,86044,11563560.9000,0,29.270833333333414,0.4369435835120612,1.0006722067625555,-0.5637286232504943,140.1144652871276,137.3315,134.54853471287242,1.3328571428571425,209278.0,-2.6866536316894836,135.798,1.0124327138213254
2025-11-25 15:00:00,134.38,135.22,133.52,134.77,549678,2025-11-25 15:59:59.999,73987942.8500,3825,462119,62211646.7200,0,33.97027600849279,0.29266472283842404,0.8590707099777292,-0.5664059871393051,140.2205426644798,137.2105,134.20045733552018,1.3892857142857136,234018.5,-2.12070593361899,135.44400000000002,0.9974617787243085
2025-11-25 16:00:00,134.81,136.6,122.85,135.99,350020,2025-11-25 16:59:59.999,47347923.5600,4439,210665,28615540.2400,0,39.84526112185695,0.2736124562384248,0.7419790592298683,-0.4683666029914435,140.00637560763084,137.0635,134.12062439236917,2.267857142857141,215083.1,-1.79809358752165,135.398,0.957219932939079
2025-11-25 17:00:00,136.0,137.82,135.65,136.87,383806,2025-11-25 17:59:59.999,52619639.6700,3636,294986,40515753.3600,0,46.210720887245884,0.32576680626704047,0.6587366086373028,-0.3329698023702623,139.771438437399,136.961,134.150561562601,2.3407142857142844,213672.1,-1.1982963978921508,135.42400000000004,1.003434103474604
2025-11-25 18:00:00,136.87,137.82,136.31,136.31,137053,2025-11-25 18:59:59.999,18768069.5700,3607,63200,8668718.1700,0,39.754485363550636,0.31824366960836414,0.5906380208315151,-0.2723943512231509,139.49661070956793,136.8305,134.16438929043207,2.344999999999999,211982.4,-1.2961622013033975,135.66400000000002,1.0518935307414545
2025-11-25 19:00:00,136.31,136.9,134.16,136.56,331288,2025-11-25 19:59:59.999,44794879.1400,4211,146241,19815137.6000,0,40.87117701575538,0.3286657856779698,0.538243573800806,-0.20957778812283623,139.23702098606418,136.72250000000003,134.20797901393587,2.4871428571428567,226817.75,0.1466705778820685,136.1,0.8108020720344867
2025-11-25 20:00:00,136.56,137.72,136.49,137.72,103682,2025-11-25 20:59:59.999,14209748.9100,2930,90285,12374217.0200,0,48.35069444444447,0.42562139472761373,0.5157191379861675,-0.0900977432585538,139.13252224221284,136.6905,134.24847775778713,2.489999999999999,222337.4,1.7209542802275004,136.69,0.6604165352374315
2025-11-25 21:00:00,137.72,137.91,136.97,137.13,109114,2025-11-25 21:59:59.999,14977557.5200,3245,10705,1472274.7400,0,53.7126325940211,0.44966785315992297,0.5025088810209186,-0.05284102786099565,139.0543828440924,136.6575,134.2606171559076,2.4307142857142856,224287.3,0.7050011015642271,136.918,0.5450412828537448
2025-11-25 22:00:00,137.13,139.08,135.99,138.95,1486676,2025-11-25 22:59:59.999,205873929.4100,4303,1406076,194872034.1200,0,65.86452762923349,0.6085684362261645,0.5237207920619678,0.08484764416419677,139.2326301620924,136.70049999999998,134.16836983790756,2.567857142857142,288523.45,1.765050534641861,137.334,1.0547179717889286
2025-11-25 23:00:00,138.96,140.32,137.9,138.9,179354,2025-11-25 23:59:59.999,25014000.8200,3860,114858,16042935.3900,0,63.01239275500484,0.7221393382156407,0.5634045012927024,0.15873483692293833,139.4458887068749,136.761,134.07611129312508,2.632142857142855,291105.3,1.9674056673028975,137.852,1.0620593203838364
2025-11-26 00:00:00,138.9,139.67,138.8,138.99,259075,2025-11-26 00:59:59.999,36147423.8000,2727,239730,33457320.7100,0,61.99804113614111,0.8100693686835712,0.6127374747708761,0.197331893912695,139.54870564040465,136.7865,134.02429435959533,2.6364285714285693,297430.55,1.645458534444932,138.33800000000002,0.859749963660271
2025-11-26 01:00:00,138.99,140.3,138.54,139.94,170075,2025-11-26 01:59:59.999,23686377.2300,3918,93278,13026083.0800,0,67.15867158671585,0.9455123342218883,0.6792924466610787,0.2662198875608096,139.86739672151964,136.85700000000003,133.84660327848042,2.7078571428571405,302938.45,3.5748649248760147,138.782,1.0192497240684104
2025-11-26 02:00:00,139.94,140.3,139.0,139.19,144798,2025-11-26 02:59:59.999,20184296.7300,3630,15436,2153346.6800,0,61.065943992773214,0.981024488598365,0.739638855048536,0.241385633549829,140.05324792112341,136.9115,133.76975207887656,2.7292857142857128,305905.0,3.5794016966810553,139.19400000000002,0.43131195208717726
2025-11-26 03:00:00,139.19,139.61,138.04,138.11,66936,2025-11-26 03:59:59.999,9288279.6000,3478,13937,1940440.3900,0,64.25855513307988,0.9115137891657525,0.7740138418719794,0.13749994729377313,140.17338365337756,136.999,133.82461634662243,2.7064285714285705,298806.0,2.478296356755957,139.026,0.6554616693700364
2025-11-26 04:00:00,138.05,138.4,137.79,137.97,65838,2025-11-26 04:59:59.999,9091537.3400,4379,31113,4299791.9500,0,68.07653575025182,0.8354981267707728,0.7863106988517382,0.04918742791903463,140.23607166480565,137.12800000000001,134.01992833519438,2.5471428571428567,291272.95,1.4559894109860942,138.84,0.8131420540185386
2025-11-26 05:00:00,137.98,139.16,137.77,138.93,181121,2025-11-26 05:59:59.999,25098568.4600,5545,155268,21517123.2300,0,69.80952380952385,0.8430015465266081,0.7976488683867123,0.04535267813989574,140.43937874062686,137.26600000000002,134.09262125937317,2.5249999999999995,269736.45,1.5050778110615928,138.828,0.8108144054057599
2025-11-26 06:00:00,138.93,139.68,138.38,139.54,145639,2025-11-26 06:59:59.999,20204154.6600,5827,37759,5248096.3400,0,67.9474216380182,0.8879344076284497,0.8157059762350598,0.07222843139338986,140.72557399069478,137.416,134.1064260093052,1.6357142857142861,273445.35,2.369598708825464,138.748,0.6833886156598995
2025-11-26 07:00:00,139.54,139.83,139.16,139.83,68156,2025-11-26 07:59:59.999,9510386.6400,5638,28342,3957589.4400,0,65.91397849462373,0.9361532086897171,0.8397954227259914,0.09635778596372568,141.02312808018078,137.5965,134.1698719198192,1.528571428571431,274488.15,2.394551845342714,138.876,0.8308910879372092
2025-11-26 08:00:00,139.8,139.84,137.91,138.25,272577,2025-11-26 08:59:59.999,37793824.2200,5980,17234,2389839.6600,0,59.399224806201545,0.8372231729548787,0.8392809727717689,-0.002057799816890249,141.08568515180778,137.672,134.2583148481922,1.558571428571432,280949.65,0.38483880336915566,138.904,0.8004248871777231
2025-11-26 09:00:00,138.25,138.36,136.14,136.62,205491,2025-11-26 09:59:59.999,28145459.3700,3677,25150,3441337.0300,0,50.25641025641027,0.6201443908497595,0.7954536563873671,-0.17530926553760762,140.9848405264343,137.7475,134.5101594735657,1.5214285714285762,280261.5,-0.3719098665499825,138.634,1.2789175110278488
2025-11-26 10:00:00,136.63,137.25,136.62,137.2,75069,2025-11-26 10:59:59.999,10285009.6600,2807,55119,7552196.3200,0,47.66187050359707,0.48926905568649204,0.7342167362471922,-0.24494768056070015,140.72969526365213,137.8885,135.04730473634785,1.4785714285714338,264272.3,-1.2594458438287155,138.288,1.406474315447648
2025-11-26 11:00:00,137.2,137.25,136.59,136.75,27356,2025-11-26 11:59:59.999,3745707.6700,2661,9204,1260791.3900,0,48.269581056466315,0.34525824830004126,0.656425038657762,-0.31116679035772077,140.48882491205623,137.9875,135.4861750879438,1.4585714285714337,238156.2,-1.5478761699064114,137.73000000000002,1.337329428381185
2025-11-26 12:00:00,136.75,136.81,135.54,135.65,176926,2025-11-26 12:59:59.999,24058512.6100,3285,11921,1624477.6800,0,33.918128654970786,0.14074541347247305,0.5532891136207042,-0.41254370014823116,140.5328630130038,137.97050000000002,135.40813698699623,1.3285714285714343,229501.5,-2.4030505791783603,136.894,0.9454787147339541
2025-11-26 13:00:00,135.65,136.64,135.5,136.64,75691,2025-11-26 13:59:59.999,10300796.2900,2983,39936,5442107.1900,0,39.91071428571417,0.057884982613586544,0.45420828741928065,-0.3963233048056941,140.54412261745009,137.959,135.37387738254992,1.2371428571428627,214095.75,-2.358153494354732,136.572,0.5663656063138258
2025-11-26 14:00:00,136.64,137.85,135.84,135.97,950516,2025-11-26 14:59:59.999,130121146.2000,3530,785798,107654907.1700,0,37.181663837011776,-0.06114110974152709,0.3511384079871191,-0.4122795177286462,140.57677633124197,137.94199999999998,135.30722366875798,1.3185714285714352,254768.9,-2.313384582225734,136.442,0.6242355324837987
2025-11-26 15:00:00,135.97,137.2,135.82,136.6,456797,2025-11-26 15:59:59.999,62352790.4200,3569,348969,47670919.8300,0,35.42757417102959,-0.10344199566372936,0.2602223272569494,-0.36366432292067874,140.57441641688146,137.94400000000002,135.31358358311857,1.2914285714285765,261044.35,-1.0933314025052634,136.32199999999997,0.48401446260977726
2025-11-26 16:00:00,136.54,137.82,136.34,136.95,677708,2025-11-26 16:59:59.999,93050459.5600,3633,576390,79179822.9300,0,39.8734177215189,-0.10748466132167778,0.18668092954122392,-0.2941655908629017,140.5720133946962,137.90550000000002,135.23898660530384,1.3042857142857176,289745.65,-0.7392911502500618,136.362,0.5339194695976139
2025-11-26 17:00:00,137.01,140.83,136.83,140.66,1756157,2025-11-26 17:59:59.999,244152793.8300,4564,1714877,238402859.9300,0,59.31336742147549,0.18652732041431364,0.1866502077158419,-0.00012288730152826277,140.9888601255233,138.082,135.17513987447668,1.4778571428571448,372097.8,1.245231411502188,137.36399999999998,1.8765740060052543
2025-11-26 18:00:00,140.69,144.53,140.62,144.53,1652053,2025-11-26 18:59:59.999,234623001.0400,5041,1556897,221015319.7900,0,68.82893226176813,0.7234708694050482,0.2940143400536832,0.429456529351365,142.44957664074582,138.36100000000002,134.27242335925422,1.7135714285714292,380366.65,3.576035545363344,138.942,3.6215701014909714
2025-11-26 19:00:00,144.53,144.58,143.7,143.97,75137,2025-11-26 19:59:59.999,10830532.8900,3284,39599,5710628.6400,0,64.8061104582844,1.0912360901880618,0.453458690080559,0.6377774001075027,143.41117198223384,138.6145,133.81782801776615,1.6771428571428604,375155.8,2.960738039047405,140.54199999999997,3.745366470722464
2025-11-26 20:00:00,143.97,144.16,142.57,142.97,156531,2025-11-26 20:59:59.999,22380968.7400,3264,11254,1612230.9000,0,59.85066053991963,1.287163415984537,0.6201996352613547,0.6669637807231824,143.99089326809502,138.8135,133.636106731905,1.6978571428571456,370028.6,3.4141048824593123,141.81599999999997,3.096430202670653
2025-11-26 21:00:00,142.97,144.1,142.87,143.46,247007,2025-11-26 21:59:59.999,35513949.9500,3006,235482,33861040.9100,0,60.306643952299844,1.4650875211985124,0.7891772124487864,0.675910308749726,144.55304856467194,138.9895,133.42595143532805,1.7378571428571437,373875.2,5.00658761528327,143.118,1.4916668528897337
2025-11-26 22:00:00,143.46,144.1,142.77,143.0,90221,2025-11-26 22:59:59.999,12928817.3300,2982,19388,2785594.3900,0,64.40266828380841,1.551095438147371,0.9415608575885034,0.6095345805588676,145.02618994234618,139.18,133.33381005765384,1.6949999999999992,371146.35,4.22740524781342,143.586,0.6665808278142984
2025-11-26 23:00:00,142.93,143.29,142.48,142.95,24148,2025-11-26 23:59:59.999,3450930.9500,2863,7801,1116596.7500,0,71.22736418511066,1.5968156529859527,1.0726118166679934,0.5242038363179593,145.47860874364267,139.422,133.36539125635733,1.5942857142857119,369006.95,4.533820840950631,143.27,0.444803327336733
2025-11-27 00:00:00,143.15,143.33,142.21,142.81,155891,2025-11-27 00:59:59.999,22254334.0000,3688,48378,6913804.2700,0,69.38493434692475,1.6032709135804453,1.178743636050484,0.42452727752996133,145.86146773413736,139.664,133.4665322658626,1.6292857142857124,373509.6,5.278289716181346,143.038,0.2469210400310186
2025-11-27 01:00:00,142.8,143.39,142.09,143.21,73088,2025-11-27 01:59:59.999,10432276.9900,3434,57206,8168796.0900,0,72.39944521497924,1.6219663922390453,1.2673881872881962,0.354578204950849,146.26153671975936,139.878,133.4944632802406,1.6749999999999972,368107.95,4.80825526932086,143.086,0.2536335940090834
2025-11-27 02:00:00,143.21,143.95,142.73,143.02,45945,2025-11-27 02:59:59.999,6586937.3400,3179,32352,4640265.6100,0,77.27609178386385,1.6029732043819536,1.3345051907069478,0.2684680136750057,146.58471475767524,140.052,133.51928524232474,1.6714285714285677,363123.25,5.184967272192404,142.998,0.14411800723722468
2025-11-27 03:00:00,143.02,143.55,142.34,142.46,67710,2025-11-27 03:59:59.999,9680323.4200,3155,17297,2477781.6900,0,72.24770642201841,1.5251526360678724,1.372634679779133,0.15251795628873954,146.8027073782043,140.1835,133.56429262179572,1.6764285714285694,363100.95,4.2898975109809765,142.89000000000001,0.28026772916286197
2025-11-27 04:00:00,142.42,142.87,142.26,142.77,45537,2025-11-27 04:59:59.999,6490829.6500,2771,18483,2638315.0700,0,76.72955974842766,1.4715307932455346,1.3924139024724134,0.07911689077312123,147.05932936068294,140.4095,133.75967063931708,1.5764285714285708,351748.95,4.2497261774370365,142.854,0.2821878806932253
2025-11-27 05:00:00,142.75,143.33,142.49,142.68,52953,2025-11-27 05:59:59.999,7560797.3300,3029,23467,3354467.5100,0,74.9589490968801,1.405570309059982,1.3950451837899271,0.010525125270054891,147.18519202922155,140.7125,134.23980797077846,1.537857142857143,344122.05,1.4360870183421088,142.828,0.29303583400354605
2025-11-27 06:00:00,142.69,143.87,142.54,143.87,47318,2025-11-27 06:59:59.999,6784374.5700,2989,32853,4711100.3100,0,76.57450076804913,1.4328027467031177,1.4025966963725653,0.030206050330552348,147.44357322410457,141.046,134.64842677589542,1.527142857142859,342734.5,-0.4566525980765216,142.96,0.5468546424874255
2025-11-27 07:00:00,143.87,144.09,143.48,143.68,82089,2025-11-27 07:59:59.999,11804237.9900,3165,23395,3365471.9900,0,65.89473684210526,1.4226537705351632,1.406608111205085,0.016045659330078177,147.5568042890748,141.39249999999998,135.22819571092518,1.2850000000000026,345471.15,-0.20143085365006047,143.092,0.6371577512751034
2025-11-27 08:00:00,143.66,143.88,142.09,142.46,138807,2025-11-27 08:59:59.999,19798767.2100,3690,35569,5071735.7600,0,34.8905109489052,1.3011677775769783,1.3855200444794638,-0.08435226690248543,147.2834958526614,141.733,136.18250414733862,1.133571428571431,343565.2,-0.3567181926278177,143.092,0.6371577512751034
2025-11-27 09:00:00,142.46,142.82,141.57,141.65,224717,2025-11-27 09:59:59.999,31977058.1900,3526,131054,18675403.8400,0,33.66197183098602,1.126542936625924,1.333724622908756,-0.20718168628283196,146.99194034972237,141.9835,136.97505965027761,1.1600000000000006,351016.5,-1.2616757284260436,142.868,0.9149699448671152
2025-11-27 10:00:00,141.62,142.2,141.45,142.2,72906,2025-11-27 10:59:59.999,10342127.5500,3379,41451,5884889.5000,0,44.2105263157894,1.0207651502782369,1.2711327283826523,-0.25036757810441546,146.4269117532599,142.29500000000002,138.16308824674013,1.1000000000000003,307136.0,-0.5594405594405674,142.772,0.9635195898424775
2025-11-27 11:00:00,142.2,142.21,141.69,141.98,30360,2025-11-27 11:59:59.999,4308254.5200,2978,11038,1567353.0600,0,38.401253918495144,0.9087083074100804,1.198647844188138,-0.2899395367780577,145.72008951909112,142.56400000000002,139.40791048090892,1.0492857142857162,285814.15,-0.67855893669115,142.394,0.7779331590892126
2025-11-27 12:00:00,141.96,142.02,141.01,141.07,112448,2025-11-27 12:59:59.999,15917364.0600,3418,21413,3033408.0500,0,35.87115666178616,0.7379662418306339,1.1065115237166372,-0.36854528188600333,144.67183291088824,142.77,140.86816708911178,1.026428571428576,257551.15,-1.218402072683992,141.87199999999999,0.537931222379707
2025-11-27 13:00:00,141.07,141.34,140.75,141.19,78890,2025-11-27 13:59:59.999,11134567.6600,3022,23335,3296615.9200,0,37.24637681159422,0.6053567460993463,1.006280568193179,-0.4009238220938327,144.5859930184393,142.7965,141.00700698156072,1.0107142857142901,173687.8,-1.4105160254172264,141.618,0.48843628040012377
2025-11-27 14:00:00,141.19,141.61,140.96,141.18,73913,2025-11-27 14:59:59.999,10442207.6500,3553,36180,5115233.7400,0,37.9615952732644,0.4937640443600344,0.9037772634265501,-0.41001321906651567,144.3615235625012,142.629,140.8964764374988,0.9771428571428616,94780.8,-1.2865333519787465,141.52399999999997,0.5246236746575337
2025-11-27 15:00:00,141.18,142.02,141.02,142.02,97651,2025-11-27 15:59:59.999,13829499.1700,4630,63993,9069310.8900,0,41.74757281553397,0.46771547126672885,0.8165649049945859,-0.34884943372785704,144.16278977060313,142.5315,140.90021022939686,0.9557142857142915,95906.5,-0.3088586269830112,141.488,0.46996808403465773
2025-11-27 16:00:00,142.02,142.09,141.52,142.08,88359,2025-11-27 16:59:59.999,12529121.7900,3367,37713,5351299.9000,0,43.36158192090396,0.44676327899972534,0.7426045797956139,-0.29584130079588855,144.11647973611556,142.487,140.85752026388442,0.9092857142857197,92497.9,-0.4832948098339971,141.50799999999998,0.4974635665163812
2025-11-27 17:00:00,142.08,142.12,141.38,141.54,65572,2025-11-27 17:59:59.999,9295513.8500,3626,18944,2687271.4500,0,43.48441926345598,0.3821795012520681,0.6705195640869048,-0.2883400628348367,144.00527709089877,142.391,140.7767229091012,0.8757142857142911,83426.15,-0.7989907485281852,141.60200000000003,0.4344191524451087
2025-11-27 18:00:00,141.51,142.95,141.37,142.85,222107,2025-11-27 18:59:59.999,31628595.4700,3631,208106,29638531.1500,0,50.49627791563265,0.43172577793126266,0.6227608068557764,-0.19103502892451374,143.98722297118485,142.3835,140.77977702881515,0.9450000000000033,90020.45,-0.7089733787447072,141.93400000000003,0.630777298268484
2025-11-27 19:00:00,142.84,142.95,142.2,142.62,55148,2025-11-27 19:59:59.999,7866847.3200,3919,33818,4827318.8300,0,49.6341463414634,0.44727655563795565,0.5876639566122123,-0.14038740097425662,143.95287316141471,142.36700000000002,140.78112683858532,0.9385714285714316,91570.45,-0.7377505567928746,142.22199999999998,0.5193457422668389
2025-11-27 20:00:00,142.63,142.79,142.45,142.45,23190,2025-11-27 20:59:59.999,3308123.6000,3111,6335,904420.7400,0,40.11142061281327,0.4408017910988917,0.5582915235095481,-0.11748973241065641,143.92182046350217,142.349,140.7761795364978,0.8678571428571453,84935.4,-0.007019514249627492,142.308,0.5130984311130163
2025-11-27 21:00:00,142.45,142.79,141.75,141.85,78140,2025-11-27 21:59:59.999,11094861.1800,3239,10706,1521400.9300,0,37.944664031620476,0.3828423397808365,0.5232016867638059,-0.14035934698296937,143.81418244867905,142.281,140.74781755132096,0.8985714285714295,85188.0,0.14119308153899657,142.262,0.5477864547528233
2025-11-27 22:00:00,141.75,142.28,140.54,140.73,100266,2025-11-27 22:59:59.999,14159333.4300,3617,6452,912834.7900,0,38.451268357810314,0.243724908237823,0.46730633105860925,-0.22358142282078625,143.80568175990038,142.16649999999998,140.5273182400996,0.8950000000000021,87904.05,-1.0337552742616025,142.1,0.850705589502479
2025-11-27 23:00:00,140.72,141.29,140.48,140.84,30030,2025-11-27 23:59:59.999,4228807.0200,3017,8824,1244240.1800,0,44.03534609720177,0.14072720650773363,0.4019905061484341,-0.2612632996407005,143.82089590504683,142.0855,140.35010409495317,0.8635714285714309,86020.05,-0.8029299901394468,141.698,0.8820260767182498
2025-11-28 00:00:00,140.84,140.94,140.43,140.86,69019,2025-11-28 00:59:59.999,9705095.3800,4056,19173,2698547.4900,0,39.29712460063926,0.06002271419487215,0.33359694775772175,-0.2735742335628496,143.7762633741949,141.99,140.2037366258051,0.8464285714285731,87194.15,-0.1488622669596509,141.34599999999998,0.7655912747747228
2025-11-28 01:00:00,140.86,140.89,138.76,138.95,160933,2025-11-28 01:59:59.999,22454269.9400,5627,14399,2010824.7400,0,30.94339622641526,-0.15625599304965476,0.23562635959624645,-0.3918823526459012,144.01475613263037,141.8035,139.59224386736966,0.961428571428572,92593.15,-1.586514625681712,140.64600000000002,1.0507759038023237
2025-11-28 02:00:00,138.95,139.45,138.56,139.38,72376,2025-11-28 02:59:59.999,10063262.2000,5392,36787,5118689.8200,0,38.68808567603762,-0.28962243327768533,0.13057660102146007,-0.4201990342991454,143.81839747533044,141.579,139.33960252466957,0.9528571428571411,93846.05,-1.274968125796863,140.152,0.9150792315487518
2025-11-28 03:00:00,139.38,139.62,139.11,139.59,42728,2025-11-28 03:59:59.999,5956537.2200,5029,20854,2908321.6800,0,39.41798941798958,-0.3740591322224134,0.029649454372685347,-0.40370858659509873,143.55220013882112,141.37449999999998,139.19679986117885,0.9471428571428545,91878.0,-1.7110266159695864,139.92399999999998,0.8762590941108589
2025-11-28 04:00:00,139.58,140.1,139.48,139.96,43691,2025-11-28 04:59:59.999,6108581.7300,4782,18920,2645939.2300,0,42.297979797979906,-0.4064347894329501,-0.05756739438844177,-0.3488673950445083,143.4517139577421,141.24949999999998,139.04728604225787,0.9449999999999973,87122.2,-1.4921171171171204,139.748,0.7208814049565182
2025-11-28 05:00:00,139.96,140.41,139.76,140.27,46636,2025-11-28 05:59:59.999,6536650.1700,4747,22532,3159943.7800,0,38.159675236806656,-0.40243925261009394,-0.12654176603277223,-0.2758974865773217,143.41610164983095,141.1805,138.94489835016904,0.9199999999999976,78218.15,-0.8972728557298162,139.63000000000002,0.5111262075184031
2025-11-28 06:00:00,140.27,140.27,139.19,139.37,84477,2025-11-28 06:59:59.999,11797923.8800,4918,15145,2118475.3100,0,33.5358444714461,-0.4665175157533099,-0.19453691597687978,-0.27198059977643013,143.35953442118077,141.03900000000002,138.71846557881926,0.9564285714285704,78796.7,-2.4361218060902976,139.714,0.39208417465143924
2025-11-28 07:00:00,139.37,139.9,138.91,138.91,78689,2025-11-28 07:59:59.999,10965232.5500,5036,22969,3205073.9300,0,33.865030674846835,-0.5481000009424122,-0.2652495329699863,-0.28285046797242586,143.3458848650354,140.8855,138.4251151349646,0.9742857142857133,81213.15,-2.601318188192405,139.62,0.5257375771353499
2025-11-28 08:00:00,138.99,141.28,138.9,141.28,1228280,2025-11-28 08:59:59.999,172631084.0400,5033,1204510,169306371.0600,0,41.476655808903494,-0.41671191952710274,-0.29554201028140964,-0.1211699092456931,143.36148724764618,140.89600000000002,138.43051275235385,1.0314285714285714,137004.75,-0.8213408213408127,139.958,0.9067910453968874
2025-11-28 09:00:00,141.28,142.3,140.84,141.58,253442,2025-11-28 09:59:59.999,35921442.9600,4746,70244,9959916.8100,0,44.39655172413804,-0.2850920617854342,-0.2934520205822146,0.008359958796780365,143.39689582957712,140.9155,138.4341041704229,1.0821428571428575,145732.35,-0.19034191046879226,140.282,1.161365575523848
2025-11-28 10:00:00,141.58,142.13,141.36,141.97,35712,2025-11-28 10:59:59.999,5064034.4400,2742,17541,2488504.7700,0,47.47368421052639,-0.1476110671242168,-0.26428382989061505,0.11667276276639826,143.47891091674688,140.95499999999998,138.43108908325308,1.1128571428571417,143822.3,0.8811198749378307,140.622,1.3844023981529658
2025-11-28 11:00:00,141.95,142.13,140.0,140.9,179796,2025-11-28 11:59:59.999,25321360.7400,3491,22629,3182902.3400,0,45.23570712136419,-0.12357198507200451,-0.23614146092689295,0.11256947585488844,143.372615721313,140.899,138.425384278687,1.1907142857142847,147929.55,0.0426015336552132,140.928,1.194558495851729
2025-11-28 12:00:00,140.9,141.32,140.65,140.72,24526,2025-11-28 12:59:59.999,3457575.6100,2473,6952,980882.9300,0,49.94462901439651,-0.11768869303594442,-0.21245090734870326,0.09476221431275883,143.24189544401867,140.831,138.4201045559813,1.1142857142857119,144737.9,-0.0993894647167505,141.29000000000002,0.5058655948089061
2025-11-28 13:00:00,140.72,142.76,140.5,142.43,1076106,2025-11-28 13:59:59.999,152999858.4800,3166,1063971,151284047.7900,0,57.478833490122256,0.02467216189867827,-0.16502629349922696,0.18969845539790522,143.37280359849234,140.87550000000002,138.3781964015077,1.2178571428571396,195264.6,2.5044980208708303,141.52,0.717391106727185
2025-11-28 14:00:00,142.39,143.21,141.71,141.71,526822,2025-11-28 14:59:59.999,75132720.3600,3653,413526,59025616.0200,0,53.75110326566632,0.07849138258080757,-0.11632275828322004,0.1948141408640276,143.17406474397174,140.8185,138.46293525602826,1.288571428571426,210500.35,1.671688908021246,141.546,0.7224472299145753
2025-11-28 15:00:00,142.52,143.35,141.31,141.57,393186,2025-11-28 15:59:59.999,56100955.9000,3703,280345,40094415.3800,0,63.70292887029283,0.10859485881235287,-0.07133923486410546,0.17993409367645832,142.99596247310657,140.766,138.5360375268934,1.2821428571428544,227402.25,1.4184397163120495,141.46599999999998,0.6849306534323607
2025-11-28 16:00:00,141.59,141.61,138.91,139.23,231792,2025-11-28 16:59:59.999,32433978.0800,4072,12389,1735406.1400,0,49.34612031386223,-0.05572401147705364,-0.0682161901866951,0.012492178709641463,142.78749012776217,140.605,138.4225098722378,1.4114285714285708,237832.35,-0.5215775935981839,141.132,1.2245488965375935
2025-11-28 17:00:00,139.23,139.53,136.95,137.41,261215,2025-11-28 17:59:59.999,36014812.3600,3650,47531,6536704.7600,0,41.66666666666667,-0.3290140208322896,-0.120375756315814,-0.2086382645164756,142.90856695039696,140.383,137.85743304960306,1.5592857142857153,246986.1,-2.038924930491205,140.47,2.0910762779037313
2025-11-28 18:00:00,137.4,137.69,136.07,136.77,501927,2025-11-28 18:59:59.999,68685863.6900,3527,318311,43563568.6200,0,38.052434456928864,-0.5904348085512368,-0.2143875667628986,-0.37604724178833815,143.17435303683456,140.185,137.19564696316544,1.6307142857142867,267069.15,-1.865537777139983,139.33800000000002,2.2875576495494454
2025-11-28 19:00:00,137.09,137.84,136.77,137.48,103494,2025-11-28 19:59:59.999,14253270.3300,2797,89887,12384479.5500,0,39.854545454545374,-0.731884886581156,-0.3178870307265501,-0.4139978558546059,143.22129382973114,140.017,136.81270617026885,1.6607142857142858,270742.35,-1.0294435245842681,138.492,1.948004106775066
2025-11-28 20:00:00,137.48,137.84,136.85,137.79,48695,2025-11-28 20:59:59.999,6683378.5500,2581,16803,2311773.8400,0,43.99696048632214,-0.8096376840509834,-0.4162371613914368,-0.39340052265954656,143.18957734819867,139.8635,136.5374226518013,1.6542857142857141,269726.15,-2.470271800679508,137.73600000000002,0.9137724005532417
2025-11-28 21:00:00,137.79,137.91,137.33,137.36,34289,2025-11-28 21:59:59.999,4720193.3300,2418,14066,1939636.2100,0,44.09748667174415,-0.8956304719940249,-0.5121158235119545,-0.3835146484820704,143.27398205392618,139.78400000000002,136.29401794607386,1.624999999999998,263393.95,-2.9806469840372922,137.362,0.3707694701738484
2025-11-28 22:00:00,137.36,137.91,136.56,137.69,129421,2025-11-28 22:59:59.999,17750733.0900,2912,56623,7785903.3800,0,33.81424706943183,-0.9264723375107167,-0.594987126311707,-0.33148521119900964,143.31041022201651,139.6995,136.0885897779835,1.5514285714285694,266246.2,-3.0147214200183146,137.418,0.39983746699499667
2025-11-28 23:00:00,137.69,138.02,137.23,137.27,45582,2025-11-28 23:59:59.999,6277935.2700,2567,29499,4065795.1300,0,30.77609277430851,-0.9735823764481779,-0.6707061763390013,-0.3028762001091766,143.3547221947254,139.5835,135.81227780527456,1.5035714285714274,266388.9,-2.5762952448545033,137.51799999999997,0.21879213882802107
2025-11-29 00:00:00,137.29,138.02,137.11,137.56,34113,2025-11-29 00:59:59.999,4693600.2300,2225,10748,1483365.3500,0,30.153015301530033,-0.9762630921233892,-0.731817559495879,-0.24444553262751023,143.33566395366918,139.4635,135.59133604633084,1.5135714285714283,265910.0,-2.2455940875497418,137.53400000000002,0.21824298388020244
2025-11-29 01:00:00,137.56,138.02,137.24,137.35,20125,2025-11-29 01:59:59.999,2767746.1500,2316,5519,759857.9600,0,32.68292682926814,-0.9839899993660879,-0.7822520474699209,-0.20173795189616694,143.2807515890086,139.3175,135.3542484109914,1.4171428571428575,264584.45,-3.566664326335753,137.446,0.17329166169485932
2025-11-29 02:00:00,137.35,137.6,136.91,137.15,29526,2025-11-29 02:59:59.999,4055053.1300,2308,13880,1908701.0500,0,32.6192794547224,-0.9947846987799949,-0.8247585777319357,-0.17002612104805914,143.28620213049538,139.2065,135.12679786950463,1.4185714285714295,261836.9,-3.217839249170843,137.404,0.21881499037538507
2025-11-29 03:00:00,137.15,137.6,136.8,136.8,39349,2025-11-29 03:59:59.999,5397048.4200,2478,15662,2150019.7500,0,18.406285072951448,-1.0198257345170418,-0.8637720090889571,-0.1560537254280847,143.31974463740977,139.101,134.88225536259023,1.3142857142857147,259869.9,-3.369357914812448,137.226,0.2811227490137375
2025-11-29 04:00:00,136.8,137.41,136.79,137.41,28785,2025-11-29 04:59:59.999,3946397.5400,2261,9758,1339669.1200,0,25.568181818181472,-0.9791618652567138,-0.8868499803225084,-0.09231188493420539,143.05991654434843,138.90749999999997,134.75508345565152,1.2514285714285722,199895.15,-1.3071895424836553,137.254,0.2933087111100366
2025-11-29 05:00:00,137.41,137.49,137.03,137.14,20098,2025-11-29 05:59:59.999,2760160.3500,2292,8613,1183502.5900,0,25.195968645016464,-0.9576826301922665,-0.90101651029646,-0.0566661198958065,142.70906989957004,138.6855,134.66193010042994,1.1385714285714303,188227.95,-0.19649224947238939,137.17,0.23885141827726233
2025-11-29 06:00:00,137.14,137.51,136.43,137.04,39764,2025-11-29 06:59:59.999,5441984.7600,2451,13124,1801368.2200,0,33.63228699551543,-0.9379176154814672,-0.9083967313334614,-0.0295208841480058,142.2115540699121,138.43900000000002,134.66644593008795,1.0228571428571425,188430.55,0.19741171309496366,137.108,0.21993180764291823
2025-11-29 07:00:00,137.03,137.46,136.41,137.22,95262,2025-11-29 07:59:59.999,13085694.4700,2323,81492,11197094.1600,0,48.1188118811881,-0.8973847109019744,-0.9061943272471641,0.00880961634518973,141.87817395022208,138.255,134.6318260497779,0.913571428571428,184203.85,-0.18911841722431694,137.12199999999999,0.22543291688011266
2025-11-29 08:00:00,137.2,137.46,136.74,136.93,23870,2025-11-29 08:59:59.999,3273070.8900,2301,5979,821840.7900,0,51.70212765957446,-0.8785354584718732,-0.900662553492106,0.0221270950202328,141.53919952945506,138.06550000000001,134.59180047054497,0.8492857142857133,184171.05,-0.6241381812903587,137.148,0.18240065792936686
2025-11-29 09:00:00,136.92,137.46,136.58,136.61,28280,2025-11-29 09:59:59.999,3868203.6300,2932,6509,892123.3800,0,39.907192575406114,-0.87928279108678,-0.8963866010110407,0.01710380992426075,140.62857538717407,137.7745,134.9204246128259,0.8357142857142849,131779.75,-0.5460104834012812,136.988,0.2376341726543564
2025-11-29 10:00:00,136.62,137.46,136.54,136.84,24920,2025-11-29 10:59:59.999,3411215.2100,2491,8915,1222890.7300,0,38.7706855791961,-0.8515004130376269,-0.887409363416358,0.0359089503787311,139.72628585835264,137.531,135.33571414164737,0.8307142857142854,106684.65,-0.6173287820466224,136.928,0.22731036054949913
2025-11-29 11:00:00,136.84,137.46,136.62,137.27,34382,2025-11-29 11:59:59.999,4706170.9700,2438,17011,2330634.2500,0,48.9361702127659,-0.7857278899160747,-0.8670730687163015,0.08134517880022685,138.41352640533577,137.316,136.21847359466423,0.8492857142857153,88744.45,0.0,136.974,0.27409852245703564
2025-11-29 12:00:00,137.25,137.34,136.83,136.88,66729,2025-11-29 12:59:59.999,9151735.3000,2758,18665,2560445.7100,0,40.55944055944046,-0.7563536579557137,-0.8449291865641839,0.08857552860847018,137.84286913243125,137.19850000000002,136.5541308675688,0.7892857142857151,80491.3,-0.49432974701948734,136.906,0.23754999476563374
2025-11-29 13:00:00,136.89,136.98,136.63,136.82,22129,2025-11-29 13:59:59.999,3027907.0400,2465,7015,960807.8400,0,44.2748091603051,-0.7295065684374151,-0.8218446629388303,0.09233809450141517,137.82648804262783,137.169,136.5115119573722,0.7578571428571418,68537.0,-0.3858755005460511,136.88400000000001,0.2398541223601535
2025-11-29 14:00:00,136.98,136.98,136.5,136.5,28675,2025-11-29 14:59:59.999,3918544.5400,2438,9942,1359630.1100,0,36.61616161616153,-0.7256861243027117,-0.8026129552116067,0.07692683090889496,137.85709142397732,137.1555,136.45390857602266,0.7271428571428556,44874.4,-0.47393364928910364,136.862,0.27389779117979307
2025-11-29 15:00:00,136.5,137.49,136.5,137.49,75856,2025-11-29 15:59:59.999,10402683.4400,2731,64749,8880458.6100,0,51.47679324894532,-0.6354486125241863,-0.7691800866741227,0.13373147414993647,137.85857870874946,137.156,136.45342129125055,0.7421428571428562,43492.5,0.5043859649122789,136.99200000000002,0.3903460003805951
2025-11-29 16:00:00,137.49,137.71,136.99,137.59,102153,2025-11-29 16:59:59.999,14033072.4500,4783,22451,3087597.0100,0,54.74137931034481,-0.549530919677494,-0.7252502532747971,0.17571933359730307,137.81549784787094,137.14600000000002,136.4765021521291,0.7442857142857134,46165.4,0.13099483298159292,137.05599999999998,0.46618665790979863
2025-11-29 17:00:00,137.6,137.81,136.12,136.14,151503,2025-11-29 17:59:59.999,20702647.2300,5383,12588,1725323.9900,0,44.25087108013916,-0.5916235430064489,-0.6985249112211275,0.10690136821467855,137.88248288210542,137.085,136.2875171178946,0.807857142857143,52026.1,-0.7291818579553742,136.908,0.6260750753808696
2025-11-29 18:00:00,136.14,136.32,134.76,135.61,129390,2025-11-29 18:59:59.999,17526428.0100,5088,39737,5392480.9800,0,34.098939929328765,-0.6601391476885681,-0.6908477585146157,0.03070861082604759,137.96659947020692,136.98100000000002,135.99540052979313,0.875,52024.55,-1.043490951546978,136.666,0.8590867243842372
2025-11-29 19:00:00,135.61,136.14,135.41,135.63,39280,2025-11-29 19:59:59.999,5334201.9200,4248,14571,1981838.9900,0,36.04436229205175,-0.7047010699017733,-0.6936184207920473,-0.011082649109726006,138.04344930442937,136.899,135.75455069557063,0.894285714285713,51709.45,-1.1587232181897709,136.492,0.980622251436964
2025-11-29 20:00:00,135.63,136.23,135.34,136.17,179311,2025-11-29 20:59:59.999,24396421.2400,4360,159596,21724552.7200,0,42.564102564102484,-0.6885065523206606,-0.69259604709777,0.004089494777109404,137.9737575160515,136.8295,135.68524248394849,0.8807142857142846,58969.35,-0.5550281165559185,136.228,0.8071059410098445
2025-11-29 21:00:00,136.16,136.4,135.34,136.38,49553,2025-11-29 21:59:59.999,6740454.4900,4625,22319,3038046.8500,0,42.85714285714278,-0.6512201747021891,-0.6843208726186539,0.03310069791646486,137.91454404640737,136.781,135.64745595359264,0.8814285714285697,60440.75,-0.16836249176489143,135.98600000000002,0.34674197901822135
2025-11-29 22:00:00,136.38,136.4,135.41,135.75,49815,2025-11-29 22:59:59.999,6761238.7800,4843,18435,2502435.2900,0,40.5144694533761,-0.664842298508745,-0.6804251577966722,0.015582859287927242,137.91905890405718,136.71099999999998,135.5029410959428,0.9007142857142847,61455.2,-0.7965507161648665,135.908,0.3473039015235904
2025-11-29 23:00:00,135.74,136.09,135.32,135.86,109101,2025-11-29 23:59:59.999,14810373.2300,4963,25143,3417404.7100,0,43.76039933444258,-0.659163423445392,-0.6761728109264162,0.017009387481024207,137.92926718621558,136.66400000000002,135.39873281378445,0.8928571428571429,64942.8,-1.0271727252859302,135.958,0.30962881005081855
2025-11-30 00:00:00,135.88,136.35,135.72,135.92,57044,2025-11-30 00:59:59.999,7755626.1500,4756,27525,3743659.0900,0,42.1232876712327,-0.6424160036841613,-0.6694214494779653,0.02700544579380404,137.84524846621787,136.5895,135.3337515337821,0.8721428571428557,66355.75,-0.7013442431326767,136.01600000000002,0.25520579933351206
2025-11-30 01:00:00,135.92,136.52,135.83,136.26,110171,2025-11-30 01:59:59.999,15006544.3900,4865,35515,4836897.7100,0,41.217391304347615,-0.5948513186440323,-0.6545074233111787,0.05965610466714644,137.78154590269392,136.5455,135.3094540973061,0.8614285714285695,70859.4,-0.40929688642011564,136.03400000000002,0.2714406012619482
2025-11-30 02:00:00,136.29,136.7,135.83,135.88,45122,2025-11-30 02:59:59.999,6150563.5300,4768,7945,1084996.0100,0,41.2891986062717,-0.5811199976736532,-0.6398299381836736,0.05870994051002043,137.73465887642274,136.4875,135.24034112357728,0.8871428571428542,71127.3,-0.4542124542124575,135.934,0.19282116069948754
2025-11-30 03:00:00,135.88,136.53,135.25,136.35,121434,2025-11-30 03:59:59.999,16482670.2000,5256,52597,7150326.3200,0,46.17886178861786,-0.52624651260939,-0.6171132530688169,0.09086674045942689,137.64335772280438,136.44400000000002,135.24464227719565,0.9535714285714262,72435.9,-0.8291512109971741,136.054,0.2323359636677828
2025-11-30 04:00:00,136.36,136.79,136.19,136.31,37189,2025-11-30 04:59:59.999,5074485.3500,4531,16369,2236079.2500,0,48.381601362862014,-0.48044823784269397,-0.5897802500235924,0.10933201218089839,137.59133245236777,136.41299999999998,135.2346675476322,0.9621428571428551,73101.85,-0.9303001671633121,136.14399999999998,0.22545509533695152
2025-11-30 05:00:00,136.28,136.55,135.51,135.7,118769,2025-11-30 05:59:59.999,16119977.4300,5406,29958,4069565.6400,0,33.69763205828747,-0.48775217370535984,-0.5693746347599459,0.08162246105458604,137.58347913758413,136.3675,135.15152086241588,0.9657142857142844,77626.3,-0.3231967092698676,136.1,0.29180472925129275
2025-11-30 06:00:00,135.7,136.35,135.5,136.25,208854,2025-11-30 06:59:59.999,28430952.8900,4936,167569,22810266.4200,0,38.720538720538634,-0.44404155737319684,-0.5443080192825961,0.10026646190939925,137.5341798843282,136.33800000000002,135.14182011567183,0.9749999999999984,86823.0,0.471941597227333,136.098,0.2904651442314918
2025-11-30 07:00:00,136.25,136.52,136.14,136.44,50834,2025-11-30 07:59:59.999,6932305.9400,4553,29616,4040226.6500,0,53.20512820512836,-0.3895783501913286,-0.5133620854643426,0.123783735273014,137.41136180398607,136.29649999999998,135.1816381960139,0.8814285714285717,87645.6,0.5972130059721317,136.20999999999998,0.2933428029002071
2025-11-30 08:00:00,136.44,136.81,136.09,136.73,178919,2025-11-30 08:59:59.999,24420105.2200,4836,68802,9400689.7600,0,62.61261261261243,-0.31933420382156896,-0.47455650913578784,0.15522230531421888,137.3892564293873,136.289,135.18874357061267,0.8214285714285714,93255.1,0.4112506425791308,136.286,0.37620473151370504
2025-11-30 09:00:00,136.73,136.92,136.43,136.74,48633,2025-11-30 09:59:59.999,6646965.3900,4486,9572,1309378.8200,0,62.52821670428907,-0.2598627591863192,-0.4316177591458942,0.171754999959575,137.3776838035858,136.28500000000003,135.19231619641425,0.8042857142857136,94580.3,0.26396832380115387,136.372,0.42856738094872304
2025-11-30 10:00:00,136.74,136.88,136.52,136.61,42089,2025-11-30 10:59:59.999,5753235.4400,4361,22258,3043472.6600,0,55.47263681592071,-0.22067729391156377,-0.38942966609902807,0.1687523721874643,137.38883318685885,136.2905,135.19216681314117,0.7664285714285707,95251.0,0.6335174953959585,136.55400000000003,0.2086384432771999
2025-11-30 11:00:00,136.6,136.75,136.2,136.37,63315,2025-11-30 11:59:59.999,8634258.5500,4380,9311,1271118.2200,0,49.87654320987666,-0.20660688899363322,-0.3528651106779491,0.1462582216843159,137.1787228772843,136.2345,135.2902771227157,0.7299999999999999,94623.95,0.37538642720446846,136.578,0.16783920880746872
2025-11-30 12:00:00,136.37,137.49,136.19,137.49,63631,2025-11-30 12:59:59.999,8711355.0800,4639,22765,3119362.0900,0,69.16299559471366,-0.1038838436705305,-0.30306885727646543,0.19918501360593494,137.14409453189728,136.22949999999997,135.31490546810267,0.7521428571428572,92697.85,1.1550912301353897,136.788,0.41978565960854686
2025-11-30 13:00:00,137.48,139.97,137.34,139.19,765694,2025-11-30 13:59:59.999,106587275.8900,6157,701115,97624463.7600,0,77.16150081566057,0.11339357182387744,-0.21977637145639684,0.33316994328027427,137.9888747044096,136.382,134.7751252955904,0.884999999999999,123407.4,2.1503008953471356,137.28,1.1468216949520238
2025-11-30 14:00:00,139.2,139.29,138.13,138.41,153266,2025-11-30 14:59:59.999,21275720.3800,4872,38546,5356085.5200,0,68.17518248175183,0.22011070850098235,-0.13179895546492099,0.35190966396590334,138.32197192957292,136.522,134.72202807042706,0.9228571428571419,124601.2,1.8619370032381521,137.61399999999998,1.1925099580348977
2025-11-30 15:00:00,138.41,138.45,137.6,138.29,62070,2025-11-30 15:59:59.999,8562387.3300,4629,25366,3502411.3000,0,65.3092006033182,0.291639967054266,-0.04711117096108357,0.33875113801534956,138.5670614391935,136.65500000000003,134.74293856080655,0.9342857142857132,125740.7,1.4228089475614212,137.95,1.0692053123755803
2025-11-30 16:00:00,137.97,139.73,137.96,139.49,334369,2025-11-30 16:59:59.999,46443694.8600,5109,306134,42518310.5400,0,74.22818791946302,0.4400843722791592,0.050327937686965016,0.38975643459219417,139.0975060948485,136.821,134.54449390515148,0.9985714285714279,133493.6,2.3329176142616146,138.574,0.7907464827691283
2025-11-30 17:00:00,139.48,139.68,138.4,138.52,216660,2025-11-30 17:59:59.999,30060652.9700,5584,116810,16213185.8900,0,63.647798742138384,0.4739928450647142,0.1350609191625149,0.3389319259021993,139.31568418961893,136.928,134.54031581038106,0.9985714285714279,141848.95,2.0781134856300825,138.78,0.5283937925559059
2025-11-30 18:00:00,138.52,138.82,137.91,138.56,73931,2025-11-30 18:59:59.999,10231109.6200,5253,23651,3274239.4700,0,64.15094339622634,0.49834856767370184,0.2077184488647523,0.2906301188089495,139.4947101700711,137.0685,134.6422898299289,1.0207142857142852,143054.75,1.695412844036699,138.654,0.47898851761989353
2025-11-30 19:00:00,138.56,138.57,137.41,137.59,77210,2025-11-30 19:59:59.999,10662206.8600,5398,12685,1753658.9000,0,61.371841155234705,0.4343725831916174,0.25304927573012537,0.18132330746149206,139.52244143480917,137.155,134.78755856519084,1.029285714285712,141460.2,0.8428613309879842,138.48999999999998,0.6811387523932334
2025-11-30 20:00:00,137.58,137.82,136.85,137.24,73200,2025-11-30 20:59:59.999,10054199.3300,5376,32098,4416233.5800,0,56.103575832305836,0.35137860579746416,0.2727151417435931,0.07866346405387104,139.51596382264543,137.22099999999998,134.92603617735452,1.0378571428571408,142268.0,0.3729978790316824,138.28,0.8885099886956483
2025-11-30 21:00:00,137.24,137.27,136.69,136.99,91846,2025-11-30 21:59:59.999,12591372.2500,5632,23793,3261238.6800,0,53.36597307221548,0.26240749979584166,0.27065361335404287,-0.008246113558201207,139.5109546577688,137.2575,135.0040453422312,1.0521428571428544,141351.75,0.18282872604943687,137.78,0.725913217962205
2025-11-30 22:00:00,136.99,137.69,136.8,137.67,71083,2025-11-30 22:59:59.999,9770450.4900,5283,47299,6503181.4900,0,55.49065420560746,0.2439554082014297,0.2653139723235202,-0.02135856412209053,139.51048743805458,137.347,135.18351256194543,1.0642857142857107,142649.8,0.7759314837859408,137.60999999999999,0.5974529270263449
2025-11-30 23:00:00,137.67,137.68,133.29,133.38,247239,2025-11-30 23:59:59.999,33452947.2900,6313,13856,1879618.0000,0,36.915887850467215,-0.11550369955148199,0.18915043794851977,-0.30465413750000175,139.97187928013136,137.19850000000002,134.4251207198687,1.3428571428571416,148940.05,-2.1925643469971465,136.574,1.8063582147550252
2025-12-01 00:00:00,133.38,133.61,127.66,127.72,798708,2025-12-01 00:59:59.999,104383335.0400,6123,183106,24050309.2800,0,25.802939575394603,-0.847324895659284,-0.018144628773041044,-0.829180266886243,141.83484808714078,136.769,131.70315191285923,1.742142857142858,187016.0,-7.105971343370434,134.6,4.21097969598693
2025-12-01 01:00:00,127.72,129.02,127.71,127.87,195731,2025-12-01 01:59:59.999,25090602.2800,5231,61933,7959323.0000,0,26.75054704595182,-1.3990671445111502,-0.29432913192066296,-1.1047380125904873,142.81558364752382,136.3775,129.93941635247617,1.7964285714285728,190864.1,-8.13276815863208,132.726,4.787831450669011
2025-12-01 02:00:00,127.87,128.55,127.48,127.5,98003,2025-12-01 02:59:59.999,12525400.2500,4524,14328,1837596.7700,0,21.50598973188812,-1.8449157196000954,-0.6044464494565496,-1.2404692701435458,143.50512775137463,135.94,128.37487224862537,1.7800000000000011,185321.55,-7.882378440864097,130.828,4.550018681282144
2025-12-01 03:00:00,127.5,127.52,126.61,126.91,121602,2025-12-01 03:59:59.999,15459940.0500,4886,26956,3428738.5900,0,12.606577344701549,-2.220268127779775,-0.9276107851211949,-1.2926573426585803,144.03023929246973,135.4635,126.8967607075303,1.6571428571428584,188859.95,-8.22908380938607,128.67600000000002,2.6548502782676704
2025-12-01 04:00:00,126.88,127.15,126.3,126.3,60002,2025-12-01 04:59:59.999,7603170.1700,4465,20771,2634144.0200,0,12.738461538461507,-2.5377064176324495,-1.249629911623446,-1.2880765060090036,144.40688601982623,134.942,125.47711398017378,1.635000000000002,182914.1,-9.45587497311636,127.25999999999999,0.6491147818520349
2025-12-01 05:00:00,126.3,126.77,125.83,126.05,121733,2025-12-01 05:59:59.999,15353882.4900,4733,68871,8689399.1900,0,12.637362637362614,-2.7774349191679164,-1.5551909131323403,-1.2222440060355761,144.62250830820622,134.4075,124.19249169179376,1.6414285714285737,186569.1,-9.002310135720483,126.926,0.771381876905999
2025-12-01 06:00:00,126.05,126.7,125.98,126.61,64481,2025-12-01 06:59:59.999,8152368.9000,4330,34143,4319444.6800,0,9.085133418043085,-2.888932350067023,-1.8219392005192774,-1.0669931495477456,144.63469490482927,133.90749999999997,123.18030509517068,1.566428571428575,187688.7,-8.62442263279446,126.674,0.5637641350947881
2025-12-01 07:00:00,126.61,127.3,126.3,127.3,147671,2025-12-01 07:59:59.999,18717969.2300,4666,93461,11862412.2700,0,13.712807244501818,-2.8883228460698263,-2.0352159296293872,-0.853106916440439,144.50486117148606,133.454,122.40313882851395,1.5464285714285748,191906.5,-7.478741187586311,126.63399999999999,0.4931835358354906
2025-12-01 08:00:00,127.26,127.66,126.96,127.64,76294,2025-12-01 08:59:59.999,9722469.3400,4397,47636,6072931.5800,0,15.355329949238524,-2.827807447256447,-2.193734233154799,-0.6340732141016479,144.13232153129704,132.9615,121.79067846870298,1.5314285714285754,192539.65,-6.995045176333436,126.78,0.6712302138753166
2025-12-01 09:00:00,127.6,127.72,126.82,126.94,75579,2025-12-01 09:59:59.999,9614118.3100,4592,19248,2454053.5300,0,15.622982569399554,-2.8040098277045615,-2.3157893520647517,-0.48822047563980986,143.42482079647675,132.349,121.27317920352321,1.5128571428571473,158033.9,-7.336301919848172,126.90799999999999,0.6155241668846322
2025-12-01 10:00:00,126.93,127.41,126.91,127.11,52203,2025-12-01 10:59:59.999,6641418.4600,4383,18538,2360525.0300,0,16.917047681254033,-2.7398491875689786,-2.400601319165597,-0.3392478684033815,142.7098503703678,131.784,120.85814962963217,1.479285714285719,152980.75,-7.670516452386132,127.12,0.38581083450168197
2025-12-01 11:00:00,127.02,127.25,126.85,127.06,55595,2025-12-01 11:59:59.999,7063732.4000,4189,24958,3172745.8200,0,17.140966247518136,-2.6623461311941696,-2.4529502815713116,-0.20939584962285807,141.8917867122055,131.2225,120.55321328779449,1.4664285714285756,152657.0,-4.738341580446838,127.21,0.2731300057094203
2025-12-01 12:00:00,127.07,127.17,125.59,126.56,667942,2025-12-01 12:59:59.999,84276952.6900,4621,575895,72666956.0100,0,12.793034159410638,-2.6111702764139295,-2.4845942805398353,-0.12657599587409418,140.68840072489851,130.576,120.46359927510146,1.5157142857142907,169335.65,-0.908236767929844,127.06199999999998,0.3883555072596764
2025-12-01 13:00:00,126.56,127.57,126.19,126.41,313952,2025-12-01 13:59:59.999,39863183.3000,3458,200076,25455872.5100,0,17.70157553290089,-2.553284119233865,-2.4983322482786416,-0.05495187095522347,139.5143477841063,129.9705,120.42665221589368,1.3007142857142893,174200.25,-1.1417846250097818,126.816,0.3129376935095508
2025-12-01 14:00:00,126.45,126.8,125.61,126.21,179489,2025-12-01 14:59:59.999,22662951.4500,3084,57340,7261959.0800,0,35.83489681050659,-2.494788877919177,-2.4976235742067487,0.002834696287571603,138.12364025748352,129.353,120.5823597425165,0.960714285714288,179478.15,-1.0117647058823578,126.67,0.39906139880872166
2025-12-01 15:00:00,126.2,126.8,123.3,125.05,2570889,2025-12-01 15:59:59.999,320133067.4400,4873,2191080,272831694.2100,0,27.760252365930597,-2.513064242952723,-2.5007117079559436,-0.01235253499677924,136.7810040674223,128.726,120.67099593257771,1.117142857142858,304162.1,-1.4656055472382,126.258,0.7448288394117375
2025-12-01 16:00:00,125.54,125.55,123.41,123.48,337117,2025-12-01 16:59:59.999,41867982.0400,3389,106102,13189944.4500,0,23.342175066313047,-2.623985805381267,-2.525366527441008,-0.0986192779402586,135.34711644166157,128.038,120.72888355833844,1.1935714285714292,317357.95,-2.232779097387168,125.542,1.2971006129132336
2025-12-01 17:00:00,123.49,124.81,123.37,124.4,327155,2025-12-01 17:59:59.999,40624734.1500,3035,303713,37719178.0200,0,34.05336721728088,-2.6075968778779526,-2.541812597528397,-0.06578428034955541,133.54607118083953,127.4085,121.27092881916047,1.231428571428572,329123.4,-1.3090043633478712,125.10999999999999,1.231320429465929
2025-12-01 18:00:00,124.49,125.05,123.75,124.46,287948,2025-12-01 18:59:59.999,35810042.7900,3280,154243,19213181.4200,0,37.431693989071,-2.5602540215390945,-2.5455008823305367,-0.014753139208557808,130.68437610524916,126.748,122.81162389475087,1.2635714285714283,339966.65,-1.6981281099439267,124.72,1.0045645823044
2025-12-01 19:00:00,124.47,124.51,123.25,123.8,90400,2025-12-01 19:59:59.999,11170769.3200,3096,14978,1856336.1400,0,35.446313065976696,-2.546634928720465,-2.5457276916085227,-0.000907237111942294,128.93338419860297,126.26899999999998,123.60461580139699,1.2864285714285717,332124.7,-2.7494108405341713,124.23799999999999,0.6126336589028791
2025-12-01 20:00:00,123.76,125.0,123.75,124.27,142681,2025-12-01 20:59:59.999,17779732.6000,3114,103372,12890225.8400,0,34.6858638743455,-2.4694503411421067,-2.5304722215152395,0.06102188037313283,128.8115828231773,126.09649999999999,123.3814171768227,1.3242857142857147,299323.35,-2.640238169852714,124.08200000000002,0.42464102489141337
2025-12-01 21:00:00,124.33,126.04,124.21,125.89,222179,2025-12-01 21:59:59.999,27808505.2900,3180,151736,18977351.6800,0,41.77362893815638,-2.2516054324565857,-2.4746988637035088,0.22309343124692305,128.58153091880573,125.99750000000002,123.41346908119431,1.38357142857143,300645.75,-0.827162438947532,124.56400000000001,0.7851942434968017
2025-12-01 22:00:00,125.89,127.19,125.52,126.89,398833,2025-12-01 22:59:59.999,50354002.6400,2755,385635,48686329.5600,0,45.937161430119176,-1.9754978210083323,-2.3748586551644735,0.3993608341561412,128.49003993749326,125.96700000000001,123.44396006250676,1.4528571428571442,315687.25,-0.1730784360003138,125.06199999999998,1.2854454480918995
2025-12-01 23:00:00,126.89,127.22,126.57,126.63,27917,2025-12-01 23:59:59.999,3545321.8700,2581,14624,1859380.9200,0,48.236632536973815,-1.7574021388649896,-2.2513673519045767,0.49396521303958707,128.45704388726395,125.95300000000002,123.4489561127361,1.4350000000000012,311003.0,-0.3384227923815574,125.49600000000001,1.3931905828062041
2025-12-02 00:00:00,126.61,127.38,126.52,127.28,110030,2025-12-02 00:59:59.999,13990367.8000,1999,87196,11097937.7300,0,50.91693635382958,-1.514650226771323,-2.104023926877926,0.5893737001066031,128.57211652405852,126.002,123.43188347594148,1.460714285714287,313504.4,0.5689001264222494,126.19200000000001,1.18828447773226
2025-12-02 01:00:00,127.11,127.97,126.76,126.91,842001,2025-12-02 01:59:59.999,107409371.2200,2795,761278,97153902.6900,0,49.21793534932218,-1.3367146805239116,-1.9505620776071233,0.6138473970832117,128.64707609417368,126.04499999999999,123.44292390582629,1.518571428571429,349517.8,0.39553832766395064,126.72,0.5185556865169644
2025-12-02 02:00:00,126.94,127.96,126.73,126.89,521088,2025-12-02 02:59:59.999,66430360.3200,2942,488426,62276461.9000,0,51.811196487376506,-1.1836687148825007,-1.7971834050621989,0.6135146901796982,128.67684081375972,126.05900000000001,123.44115918624031,1.4935714285714283,372348.15,0.538784565406867,126.92,0.23216373536569507
2025-12-02 03:00:00,126.9,127.39,126.01,127.21,285927,2025-12-02 03:59:59.999,36261853.7700,3206,190573,24190179.5100,0,54.3103448275862,-1.024744739352812,-1.6426956719203216,0.6179509325675097,128.66365372444113,126.0545,123.44534627555888,1.4935714285714283,379260.95,1.7273090763694494,126.98400000000001,0.263780211575681
2025-12-02 04:00:00,127.22,127.67,126.86,126.86,118067,2025-12-02 04:59:59.999,15025270.5500,2692,18219,2319640.5500,0,53.44644750795337,-0.9164738783041741,-1.4974513131970923,0.5809774348929182,128.54703146905536,126.0155,123.48396853094465,1.4664285714285714,381349.6,2.737285390346611,127.03,0.19862024070794368
2025-12-02 05:00:00,126.98,127.24,126.57,126.65,26751,2025-12-02 05:59:59.999,3393180.4600,2326,7885,1002111.8100,0,59.43396226415102,-0.8379542706073408,-1.3655519046791422,0.5275976340718014,128.5134858731997,126.001,123.4885141268003,1.2642857142857145,378908.2,1.8086816720257235,126.904,0.20019990014722822
2025-12-02 06:00:00,126.65,127.71,126.41,127.6,284797,2025-12-02 06:59:59.999,36192728.3700,2741,252907,32151471.5700,0,76.20865139949113,-0.6911032472481651,-1.2306621731929468,0.5395589259447817,128.59248450980024,126.0255,123.45851549019974,1.2042857142857142,390537.9,2.5228989233488677,127.042,0.3706345909637555
2025-12-02 07:00:00,127.62,127.72,127.21,127.21,18211,2025-12-02 07:59:59.999,2320424.7400,2256,4033,515077.3300,0,69.16780354706685,-0.5992843172972897,-1.1043866020138153,0.5051022847165256,128.61355155260645,126.03299999999999,123.45244844739351,1.1378571428571433,388668.7,2.7544426494345693,127.106,0.3654175693899082
2025-12-02 08:00:00,127.22,127.72,126.0,126.06,62239,2025-12-02 08:59:59.999,7872698.0900,2601,8637,1092858.8800,0,59.50118764845614,-0.6122548500446356,-1.0059602516199795,0.39370540157534384,128.57671542745368,126.008,123.4392845725463,1.1678571428571434,358383.55,1.4404120061157208,126.876,0.5815754465406681
2025-12-02 09:00:00,126.09,127.0,126.0,126.68,307057,2025-12-02 09:59:59.999,38934039.0600,2513,290831,36879702.3000,0,67.18377088305499,-0.5659809956439119,-0.9179644004247659,0.351983404780854,128.60192244600964,126.02150000000002,123.44107755399041,1.1492857142857145,358038.8,0.6275319723568245,126.84,0.5883451368193674
2025-12-02 10:00:00,126.68,128.32,126.43,128.23,1552549,2025-12-02 10:59:59.999,198252348.7700,3178,1538551,196472852.8500,0,70.93023255813958,-0.3996299017898366,-0.8142975006977801,0.41466759890794347,128.88564751875407,126.12250000000002,123.35935248124598,1.1949999999999992,426691.8,1.0560327843013548,127.15599999999999,0.8338644973967816
2025-12-02 11:00:00,128.31,128.35,127.76,128.22,68466,2025-12-02 11:59:59.999,8758582.3300,2690,12273,1572578.2500,0,64.84076433121027,-0.26554138208319955,-0.704546276974864,0.4390048948916645,129.1468783901692,126.28099999999999,123.41512160983078,1.106428571428569,301570.65,1.2556266287609599,127.28,0.9538605768238397
2025-12-02 12:00:00,128.16,128.83,128.14,128.76,60445,2025-12-02 12:59:59.999,7765416.5300,2611,39108,5025275.0300,0,62.65223274695538,-0.11438323835768927,-0.5865136692514291,0.47213043089373985,129.29488612202056,126.545,123.79511387797945,1.0364285714285708,287737.05,1.1627906976744107,127.59,1.1558979193763177
2025-12-02 13:00:00,128.79,130.82,128.34,130.5,405325,2025-12-02 13:59:59.999,52547965.8600,3605,371434,48148896.8600,0,71.81510710259316,0.14415243821765955,-0.44038044775761137,0.584532885975271,129.93133258934944,126.85,123.76866741065056,1.1671428571428553,291645.55,2.828776298164056,128.478,1.371940231940854
2025-12-02 14:00:00,130.54,133.1,130.4,132.94,1465134,2025-12-02 14:59:59.999,193694047.4900,3620,1433273,189508173.0200,0,76.54784240150107,0.5397099917941546,-0.24436235984725813,0.7840723516414128,131.19103109911705,127.27399999999997,123.35696890088288,1.298571428571426,350504.85,4.767909212703914,129.73000000000002,2.022869249362679
2025-12-02 15:00:00,132.88,139.07,132.86,137.84,5064121,2025-12-02 15:59:59.999,687082736.1700,4844,4918707,667296077.0900,0,85.97761685319306,1.2343524056584272,0.051380593253879024,1.182971812404548,133.82669460562533,127.976,122.12530539437466,1.6557142857142821,599190.9,8.356261300212257,131.652,3.9185354406992374
2025-12-02 16:00:00,137.84,139.46,137.45,139.4,777733,2025-12-02 16:59:59.999,107913161.8700,3807,688739,95641559.9900,0,87.38792588164986,1.8889656654590965,0.4188976076949226,1.4700680577641738,136.24281536235188,128.73250000000002,121.22218463764816,1.71142857142857,630943.5,9.884912501970682,133.888,4.600925993755458
2025-12-02 17:00:00,139.4,140.64,138.59,139.44,572347,2025-12-02 17:59:59.999,80106447.5800,3761,472313,66139646.1500,0,87.17325227963539,2.383503510995723,0.8118187883550829,1.5716847226406403,138.1797278358945,129.41,120.64027216410547,1.759285714285712,648451.9,10.098697196999598,136.024,4.074000490919627
2025-12-02 18:00:00,139.44,140.11,139.31,139.81,76325,2025-12-02 18:59:59.999,10671257.8400,2885,47138,6593850.8100,0,89.31390406800254,2.7733151733278874,1.2041180653496442,1.5691971079782432,139.8837467567934,130.05599999999998,120.22825324320654,1.758571428571427,632326.5,9.568965517241386,137.88600000000002,2.8667891446725373
2025-12-02 19:00:00,139.69,140.5,139.59,140.21,69263,2025-12-02 19:59:59.999,9701297.0200,2788,15581,2182828.6300,0,90.69627851140464,3.0790272714704088,1.5790999065737974,1.4999273648966114,141.40638130455676,130.73499999999999,120.06361869544321,1.7757142857142836,634393.8,10.219322380316024,139.33999999999997,0.9001944234505523
2025-12-02 20:00:00,140.04,140.25,138.34,138.71,249980,2025-12-02 20:59:59.999,34757281.3000,2939,158156,22001602.5100,0,82.27774549680426,3.1637985475482253,1.8960396347686832,1.2677589127795421,142.41414227196668,131.3065,120.19885772803332,1.8192857142857122,641391.3,10.03490401396161,139.514,0.5560845259592943
2025-12-02 21:00:00,138.71,139.21,138.48,139.09,23561,2025-12-02 21:59:59.999,3270634.7300,2105,7149,994589.0100,0,84.53488372093031,3.224473495500405,2.1617264069150277,1.0627470885853771,143.33929506486734,131.9155,120.49170493513267,1.8349999999999989,600469.3,9.796337227660242,139.45200000000003,0.5883196410212833
2025-12-02 22:00:00,139.08,139.88,138.64,139.87,88819,2025-12-02 22:59:59.999,12388501.0000,2398,74761,10430865.2000,0,91.02792632204401,3.2974869334059633,2.388878512213215,0.9086084211927483,144.25780978312335,132.5645,120.87119021687667,1.8007142857142853,578855.85,9.077438976838506,139.538,0.6168630318079986
2025-12-02 23:00:00,139.88,139.88,138.49,138.66,36100,2025-12-02 23:59:59.999,5025396.9200,2631,10271,1432293.0800,0,84.3857634902411,3.2205887786777225,2.555220565506117,0.6653682131716057,144.84766468516193,133.137,121.42633531483806,1.8285714285714272,566364.5,8.14225549836219,139.30800000000002,0.699013590720176
2025-12-03 00:00:00,138.61,138.88,137.8,138.14,69500,2025-12-03 00:59:59.999,9607168.3100,2969,25583,3539967.2100,0,80.23184868822449,3.0821575887490553,2.6606079701547047,0.4215496185943506,145.22379918476886,133.701,122.17820081523112,1.7707142857142841,563936.15,7.284871077974524,138.894,0.641895630154784
2025-12-03 01:00:00,138.14,138.98,137.95,138.81,40780,2025-12-03 01:59:59.999,5648058.2100,2587,23540,3264818.6800,0,81.05571847507325,2.9920230942038017,2.7268909949645246,0.26513209923927716,145.54496462492256,134.30900000000003,123.0730353750775,1.8021428571428564,564637.6,6.367816091954024,138.914,0.6362625244439544
2025-12-03 02:00:00,138.81,140.16,138.78,139.97,459605,2025-12-03 02:59:59.999,64163294.4000,3084,384959,53737063.8300,0,81.72043010752682,2.9798433837287064,2.777481472717361,0.20236191101134526,145.96864958735756,134.9275,123.88635041264246,1.8514285714285685,573378.0,5.288099894689335,139.08999999999997,0.7982167625474075
2025-12-03 03:00:00,139.97,140.44,139.88,140.33,52541,2025-12-03 03:59:59.999,7367291.0600,2488,27344,3837429.4200,0,80.17188459177405,2.965060495080394,2.814997277189968,0.15006321789042598,146.24655629139997,135.58350000000002,124.92044370860006,1.7142857142857122,575094.5,1.8064422518862515,139.182,0.9267523941224055
2025-12-03 04:00:00,140.26,142.26,140.24,142.2,808945,2025-12-03 04:59:59.999,114115779.5200,3372,791234,111619071.9200,0,79.45292620865132,3.068862385796592,2.865770298911293,0.20309208688529923,146.4444041382407,136.39050000000003,126.33659586175935,1.6657142857142833,612429.8,2.008608321377319,139.89000000000001,1.5624499992035308
2025-12-03 05:00:00,142.21,143.05,142.05,142.97,626624,2025-12-03 05:59:59.999,89473155.7200,3359,600881,85806217.7900,0,72.13114754098352,3.176640364154906,2.927944311960016,0.24869605219489,146.56181569765488,137.20499999999998,127.84818430234508,1.2935714285714275,628408.15,2.5315547905909357,140.856,1.6972860689967584
2025-12-03 06:00:00,142.98,143.79,142.3,142.3,205534,2025-12-03 06:59:59.999,29417544.6200,3215,103705,14873069.1800,0,63.55140186915889,3.1714334769523873,2.9766421449584906,0.19479133199389675,146.5092668568679,137.9085,129.3077331431321,1.2564285714285677,561057.4,1.7809884843716535,141.55400000000003,1.3215634680218855
2025-12-03 07:00:00,142.3,142.48,141.95,142.0,43752,2025-12-03 07:59:59.999,6221173.9700,513,7517,1070394.7900,0,61.67883211678829,3.1072806909452595,3.0027698541558445,0.10451083678941497,146.063233298484,138.59750000000003,131.13176670151606,1.1478571428571402,559821.7,1.2766564439055645,141.96,0.981300157958699
2025-12-03 08:00:00,142.0,142.0,136.25,141.27,38417,2025-12-03 08:59:59.999,5407379.9000,1055,21438,3038664.6100,0,56.44876325088342,2.963374312267945,2.9948907457782648,-0.03151643351031996,145.15759828817315,139.223,133.28840171182688,1.501428571428568,558720.3,1.8455771033090638,142.148,0.6112037303630016
2025-12-03 09:00:00,142.0,142.29,140.0,142.04,86256,2025-12-03 09:59:59.999,12243725.3300,2610,41025,5826938.0600,0,57.827202737382315,2.8782810034778095,2.971568797318174,-0.09328779384036467,144.21238925608915,139.8,135.38761074391087,1.5999999999999963,542766.85,2.1209288949600893,142.11599999999999,0.6119885619925184
2025-12-03 10:00:00,142.04,142.2,141.21,141.25,69333,2025-12-03 10:59:59.999,9832727.3500,2546,40471,5743795.8500,0,61.56648451730416,2.715791590568415,2.920413355968223,-0.20462176539980792,143.26141858063917,140.21550000000002,137.16958141936087,1.5342857142857096,472976.8,0.9866304425537967,141.772,0.48142496820367187
2025-12-03 11:00:00,141.27,141.52,127.42,141.33,147883,2025-12-03 11:59:59.999,20810011.4600,2756,17872,2525842.4900,0,60.486891385767834,2.563917644949157,2.84911421376441,-0.2851965688152527,143.25756085603092,140.39000000000001,137.5224391439691,2.489285714285709,227164.9,1.925573344872361,141.578,0.40480859675904907
2025-12-03 12:00:00,141.33,141.88,140.81,141.86,418005,2025-12-03 12:59:59.999,59204710.9800,3111,397119,56252979.3100,0,59.539789069990455,2.4579888539944648,2.770889141810421,-0.31290028781595636,143.4126195757536,140.513,137.6133804242464,2.4771428571428507,209178.5,2.6929202258578453,141.55,0.371819848865082
2025-12-03 13:00:00,141.85,142.27,141.6,141.8,55870,2025-12-03 13:59:59.999,7925904.5800,3277,26020,3694229.1600,0,66.91810344827594,2.342198617730901,2.6851510369945175,-0.34295241926361664,143.5388326166062,140.631,137.72316738339381,2.4257142857142813,183354.65,2.1540234853396796,141.656,0.34674197901320364
2025-12-03 14:00:00,141.82,143.06,138.76,141.22,1830619,2025-12-03 14:59:59.999,258554821.9200,5499,1474921,208502543.4000,0,66.48822269807286,2.1785202432482436,2.583824878245263,-0.4053046349970195,143.5938512562199,140.7015,137.80914874378013,2.655714285714283,271069.35,0.8930485103950846,141.49200000000002,0.3118813877263091
2025-12-03 15:00:00,141.22,141.9,140.28,140.94,157431,2025-12-03 15:59:59.999,22172575.4100,3118,28805,4068130.3000,0,61.89944134078211,2.003119576707718,2.467683817937754,-0.46456424123003615,143.62264975524053,140.738,137.85335024475947,2.6978571428571407,275477.75,0.4346896600869274,141.43,0.39242833741986627
2025-12-03 16:00:00,140.92,141.52,139.91,140.66,421600,2025-12-03 16:59:59.999,59348871.4800,3004,330286,46518639.2800,0,54.27509293680296,1.820533646207764,2.3382537835917563,-0.5177201373839924,143.55884527255859,140.8355,138.1121547274414,2.714285714285713,284058.75,-1.0829817158931028,141.296,0.5265738314901297
2025-12-03 17:00:00,140.66,141.95,140.56,141.84,135464,2025-12-03 17:59:59.999,19162258.6200,2620,112835,15975778.8200,0,58.49268841394822,1.750866223209755,2.2207762715153563,-0.46991004830560135,143.60130824113335,140.973,138.34469175886667,2.7735714285714264,289653.9,-0.7903756032734108,141.292,0.5212676855610731
2025-12-03 18:00:00,141.84,142.02,140.81,141.09,43988,2025-12-03 18:59:59.999,6223655.7100,2384,23900,3383655.2900,0,42.85714285714296,1.6165015331320092,2.0999213238386867,-0.4834197907066775,143.6106432671596,141.034,138.4573567328404,2.7157142857142853,287412.35,-0.8503162333099142,141.15,0.4384062043473669
2025-12-03 19:00:00,141.1,141.84,140.78,141.21,38353,2025-12-03 19:59:59.999,5413318.6700,2287,16099,2274499.9600,0,37.64044943820232,1.5023810319812583,1.980413265467201,-0.4780322334859428,143.4832803966804,141.1615,138.83971960331957,2.7199999999999998,287525.0,-0.5563380281690085,141.148,0.43802967937146303
2025-12-03 20:00:00,141.21,141.77,140.79,141.66,28357,2025-12-03 20:59:59.999,4004329.6900,2332,11164,1579241.0600,0,45.362318840579604,1.431746667467337,1.8706799458672285,-0.4389332783998916,143.17884819026114,141.3375,139.49615180973888,2.683571428571431,285467.85,0.27606710554256836,141.292,0.46975525543648233
2025-12-03 21:00:00,141.66,146.0,141.28,145.53,2474574,2025-12-03 21:59:59.999,355683620.2400,3728,2458516,353397774.1700,0,66.85768863419294,1.6688081007687856,1.8303055768475402,-0.16149747607875464,143.96931105950293,141.6735,139.37768894049705,2.9828571428571453,407157.55,2.4570543508870806,142.26600000000002,1.850710674311283
2025-12-03 22:00:00,145.53,145.7,143.12,144.34,325676,2025-12-03 22:59:59.999,46918099.4200,3216,164756,23735402.9100,0,64.0439158279963,1.7405934618936385,1.81236315385676,-0.07176969196312144,144.3324279175866,141.892,139.45157208241338,2.7564285714285726,400461.1,2.1876106194690292,142.766,2.0353451795726185
2025-12-03 23:00:00,144.35,145.33,143.88,144.64,277184,2025-12-03 23:59:59.999,40202045.8800,3081,242411,35166121.5500,0,62.42829827915867,1.800931354947096,1.8100767940748272,-0.009145439127731247,144.72212989227307,142.10750000000002,139.49287010772696,2.6964285714285743,411693.25,2.342036368782264,143.47600000000003,1.9204765033733593
2025-12-04 00:00:00,144.65,145.32,143.75,145.0,374141,2025-12-04 00:59:59.999,54067915.2000,2716,263619,38129893.8000,0,68.69391824526414,1.856399147453942,1.8193412647506506,0.03705788270329147,145.16526320237728,142.2475,139.32973679762273,2.737857142857147,389953.05,2.2134498801635316,144.234,1.5056493615742168
2025-12-04 01:00:00,145.0,146.55,144.1,144.1,1059698,2025-12-04 01:59:59.999,154449579.1100,3585,938788,136942133.8600,0,62.76497695852523,1.8069064020111227,1.816854292202745,-0.009947890191622344,145.32268845691036,142.304,139.28531154308965,1.9057142857142904,411606.75,1.6220028208744588,144.72199999999998,0.5634003904938513
2025-12-04 02:00:00,144.11,145.84,144.03,145.51,107377,2025-12-04 02:59:59.999,15591188.5400,2531,89979,13067336.1700,0,65.55839727195215,1.8600171410287203,1.8254868619679403,0.03453027906077999,145.80633986511836,142.4645,139.1226601348816,1.9585714285714337,406698.9,3.0378133408865544,144.718,0.5562553370608017
2025-12-04 03:00:00,145.51,145.84,144.35,144.59,91758,2025-12-04 03:59:59.999,13292896.2600,2675,6956,1010230.1100,0,61.08022239872911,1.8070410289652727,1.8217976953674067,-0.014756666402133911,146.05852943563914,142.594,139.12947056436084,2.017142857142862,409099.2,2.589754505463322,144.768,0.5240896869893616
2025-12-04 04:00:00,144.62,144.83,143.71,144.09,54731,2025-12-04 04:59:59.999,7884909.6200,2544,8428,1217252.8500,0,61.47082334132697,1.7050564280156948,1.7984494418970645,-0.09339301388136967,146.20218450921442,142.73499999999999,139.26781549078555,1.7900000000000043,409914.9,2.438504194511593,144.65800000000002,0.6085803151669049
2025-12-04 05:00:00,144.09,144.1,142.98,143.19,108331,2025-12-04 05:59:59.999,15523467.9300,2955,7426,1066163.1300,0,58.56816450875858,1.533928248604866,1.7455452032386247,-0.21161695463375874,146.24928204478488,142.7925,139.3357179552151,1.7542857142857184,411018.65,0.9517766497461888,144.296,0.8462151026829955
2025-12-04 06:00:00,143.2,144.14,143.08,143.91,165329,2025-12-04 06:59:59.999,23806594.8300,2418,151034,21755500.9900,0,61.97494473102432,1.439808697800288,1.6843979021509574,-0.24458920435066944,146.33678452421478,142.9255,139.51421547578522,1.7150000000000014,415818.45,1.9987242185838778,144.25799999999998,0.8613477811016911
2025-12-04 07:00:00,144.14,144.14,142.6,143.38,102413,2025-12-04 07:59:59.999,14647757.9900,2877,13400,1920333.8900,0,55.9597523219814,1.3073810303858693,1.6089945277979398,-0.30161349741207055,146.35969531681616,143.028,139.69630468318383,1.7257142857142875,413544.95,1.5367183627221779,143.83200000000002,0.5620676115993332
2025-12-04 08:00:00,143.46,143.76,142.6,142.84,87419,2025-12-04 08:59:59.999,12534144.8300,2891,62979,9038887.3700,0,56.88434303697876,1.1456513077064017,1.5163258837796323,-0.3706745760732306,146.36490510810214,143.077,139.78909489189786,1.722142857142858,397015.65,0.8329803755470895,143.482,0.5149465991820152
2025-12-04 09:00:00,142.87,144.02,142.73,143.87,117646,2025-12-04 09:59:59.999,16891008.3400,2422,104742,15039254.0400,0,59.76505139500735,1.0880493733255037,1.4306705816888068,-0.3426212083633031,146.42923724454513,143.1805,139.93176275545486,1.7385714285714309,400104.45,-1.140658283515424,143.438,0.4560372791879444
2025-12-04 10:00:00,143.86,144.06,143.27,143.29,65044,2025-12-04 10:59:59.999,9341101.9800,2666,12367,1777685.4500,0,55.927272727272715,0.9842524233310996,1.3413869500172655,-0.35713452668616585,146.39889055309797,143.284,140.169109446902,1.7250000000000003,311825.7,-0.7274490785645084,143.458,0.4444884700519645
2025-12-04 11:00:00,143.27,143.67,142.73,143.0,34480,2025-12-04 11:59:59.999,4933564.5300,2403,10906,1562817.6600,0,37.561455260570284,0.8685795716450855,1.2468254743428295,-0.37824590269774405,146.3055872573613,143.387,140.4684127426387,1.4550000000000003,305678.15,-1.1338495575221146,143.27599999999998,0.39690049131893257
2025-12-04 12:00:00,143.05,143.35,142.35,142.83,165865,2025-12-04 12:59:59.999,23671042.4000,3396,32051,4577581.2600,0,41.74863387978145,0.7544930972854615,1.148358998931356,-0.3938659016458945,146.13525656770213,143.4955,140.85574343229786,1.3421428571428586,292891.4,-1.4965517241379223,143.166,0.435235568410088
2025-12-04 13:00:00,142.83,142.98,141.8,142.18,151212,2025-12-04 13:59:59.999,21514319.0200,3715,21994,3136039.5500,0,37.05263157894748,0.6046590436158112,1.039619007868247,-0.43495996425243577,146.11142994172405,143.5125,140.91357005827592,1.3228571428571416,293678.8,-1.3324080499652933,143.03400000000002,0.6197822198234655
2025-12-04 14:00:00,142.16,142.97,141.53,141.67,181931,2025-12-04 14:59:59.999,25874197.0700,3385,63775,9092016.3400,0,32.74611398963725,0.43969322899010876,0.9196338520926194,-0.4799406231025106,146.03752020063735,143.54149999999998,141.04547979936262,1.3135714285714275,300575.95,-2.638993883581887,142.594,0.6576701300876389
2025-12-04 15:00:00,141.66,143.4,141.51,143.15,624562,2025-12-04 15:59:59.999,89391096.2800,3455,599589,85828293.8300,0,45.356793743890584,0.423498437143877,0.8204067691028709,-0.3969083319589939,145.8920237903268,143.6385,141.3849762096732,1.2735714285714275,329886.4,-0.995919496507364,142.566,0.6226796929477523
2025-12-04 16:00:00,143.21,143.57,142.31,142.56,108643,2025-12-04 16:59:59.999,15496879.7600,3347,44312,6329660.1200,0,34.32518597236992,0.35891848983254704,0.7281091132488062,-0.3691906234162592,145.8026087997429,143.68349999999998,141.56439120025706,1.2342857142857124,333900.7,-1.0618363522798258,142.478,0.5752999217882308
2025-12-04 17:00:00,142.56,142.62,141.12,142.08,170618,2025-12-04 17:59:59.999,24186939.2700,3460,81712,11605820.9200,0,36.008918617614356,0.26594082752498593,0.6356754561040422,-0.36973462857905626,145.55766506654643,143.51100000000002,141.4643349334536,1.2349999999999974,218702.9,-0.7751937984496021,142.32800000000003,0.5580949740049675
2025-12-04 18:00:00,142.09,142.11,140.35,140.62,114050,2025-12-04 18:59:59.999,16091804.1900,3090,16938,2395734.1500,0,32.52769385699905,0.07359717953445966,0.5232598007901257,-0.44966262125566603,145.70366393278823,143.325,140.94633606721175,1.2807142857142841,208121.6,-2.2861510666388662,142.016,0.9558399447657175
2025-12-04 19:00:00,140.62,140.68,137.79,139.59,632289,2025-12-04 19:59:59.999,87910871.0000,4176,316412,43958955.6000,0,32.10735586481121,-0.16010336723346086,0.3865871671854083,-0.5466905344188692,145.8942790207579,143.0725,140.2507209792421,1.4071428571428564,225876.85,-2.6433254289301105,141.6,1.4624465802243476
2025-12-04 20:00:00,139.6,140.29,139.2,140.26,140360,2025-12-04 20:59:59.999,19621455.1200,2712,88186,12344190.0600,0,31.76823176823177,-0.28793025296633346,0.25168368315505996,-0.5396139361213934,145.76962212279295,142.8355,139.90137787720704,1.4092857142857156,214187.8,-1.80621674600953,141.022,1.252764942042251
2025-12-04 21:00:00,140.27,140.3,138.54,138.65,138466,2025-12-04 21:59:59.999,19265542.4600,2861,13969,1957563.0300,0,28.674481514878323,-0.5132313144041518,0.09870068364321755,-0.6119319980473694,145.97589875247138,142.56300000000002,139.15010124752865,1.4250000000000032,168126.2,-3.6282755265169935,140.24,1.2728904116264108
2025-12-04 22:00:00,138.54,139.6,138.54,139.37,42776,2025-12-04 22:59:59.999,5957618.8400,2662,14476,2015542.0800,0,34.60514640638867,-0.626464552688418,-0.046332363623109614,-0.5801321890653084,145.6573272950871,142.256,138.8546727049129,1.4178571428571465,164896.15,-2.735710796287241,139.698,0.7719261622789354
2025-12-04 23:00:00,139.37,139.6,138.8,138.95,21864,2025-12-04 23:59:59.999,3039470.9000,2453,2628,366408.5800,0,26.923076923076906,-0.7415451290913495,-0.18537491671675765,-0.5561702123745919,145.4937033367644,141.974,138.45429666323557,1.382857142857144,161401.45,-2.83216783216784,139.36399999999998,0.6194997982330873
2025-12-05 00:00:00,138.96,139.51,138.8,139.44,50333,2025-12-05 00:59:59.999,7010656.1100,3521,31977,4456090.4200,0,31.78807947019874,-0.7841689980213857,-0.3051337329776833,-0.4790352650437024,145.2869063681999,141.7415,138.1960936318001,1.3771428571428572,161181.55,-2.3734509556815895,139.334,0.6093685256155333
2025-12-05 01:00:00,139.14,140.01,139.13,139.73,47313,2025-12-05 01:59:59.999,6613672.0800,2750,33710,4713905.9600,0,34.53169347209081,-0.7854934651543601,-0.4012056794130187,-0.3842877857413414,145.15374622950762,141.5685,137.98325377049238,1.3728571428571428,158130.65,-1.7231678154452221,139.228,0.42675519916094307
2025-12-05 02:00:00,139.72,140.04,139.26,139.73,42224,2025-12-05 02:59:59.999,5901192.9600,2814,22832,3193232.3500,0,35.0961538461538,-0.7775796605986613,-0.4764804756501473,-0.30109918494851406,144.85627430301105,141.3595,137.86272569698895,1.3571428571428572,151975.4,-1.3693795440107277,139.44400000000002,0.32137205854087203
2025-12-05 03:00:00,139.73,139.98,138.41,138.48,159802,2025-12-05 03:59:59.999,22217945.5400,3309,16929,2357391.1800,0,33.181818181818144,-0.8622331794157105,-0.55363101640326,-0.3086021630124506,144.70069854440356,141.1145,137.52830145559642,1.3850000000000011,154844.85,-3.262312259867283,139.266,0.5427983050921275
2025-12-05 04:00:00,138.47,139.0,138.08,138.43,48477,2025-12-05 04:59:59.999,6718312.4100,2570,20119,2794613.9300,0,34.62998102466801,-0.9227197462448657,-0.6274487623715812,-0.29527098387328454,144.57455144608122,140.89399999999998,137.21344855391874,1.347857142857143,152897.75,-2.897025813692477,139.16199999999998,0.6564068860173057
2025-12-05 05:00:00,138.43,138.61,137.86,137.96,50453,2025-12-05 05:59:59.999,6976454.8800,2587,20819,2883965.7700,0,22.77019937040916,-0.9970870593304255,-0.7013764217633501,-0.2957106375670754,144.2215564299523,140.5985,136.9754435700477,1.2664285714285708,149538.1,-2.899774774774778,138.86599999999999,0.8143893417838217
2025-12-05 06:00:00,137.96,138.88,137.96,138.81,129683,2025-12-05 06:59:59.999,17955232.5800,3589,60823,8420833.1400,0,30.84780388151168,-0.9761829649178821,-0.7563377303942567,-0.21984523452362548,143.8477692016672,140.37449999999998,136.90123079833276,1.242142857142856,152770.05,-1.2871568766889505,138.68200000000002,0.6595983626504758
2025-12-05 07:00:00,138.73,140.32,138.73,139.63,1537531,2025-12-05 07:59:59.999,214496188.7800,3686,1421002,198191122.4900,0,37.9072063178676,-0.883267415564319,-0.7817236674282693,-0.10154374813604972,143.46322775246995,140.206,136.94877224753003,1.2485714285714278,227922.6,0.02865534780427827,138.66199999999998,0.6202177037228186
2025-12-05 08:00:00,139.63,139.63,137.86,138.14,278205,2025-12-05 08:59:59.999,38615580.4300,3890,28164,3892850.8000,0,37.79527559055105,-0.9192650060643359,-0.8092319351554828,-0.11003307090885317,143.10631150275037,139.97150000000002,136.83668849724967,1.2492857142857108,233539.6,-1.5114786824468878,138.594,0.6623669677839062
2025-12-05 09:00:00,138.13,138.19,136.3,136.3,174576,2025-12-05 09:59:59.999,23928633.4200,3333,14053,1925688.1500,0,35.00455788514125,-1.0837729187801415,-0.8641401318804145,-0.21963278689972698,143.03519893009243,139.67749999999998,136.31980106990753,1.1778571428571374,234707.8,-1.694915254237284,138.168,1.2331950372959979
2025-12-05 10:00:00,136.3,137.84,136.25,137.66,215045,2025-12-05 10:59:59.999,29487430.3400,3117,197492,27079913.7700,0,38.85077186963976,-1.09182016756003,-0.9096761390163376,-0.1821440285436925,142.81256339435717,139.477,136.14143660564284,1.2135714285714232,236363.5,-1.2269498457343817,138.108,1.2529844372583059
2025-12-05 11:00:00,137.67,137.93,136.89,136.95,128251,2025-12-05 11:59:59.999,17635440.1800,3157,24183,3327748.9700,0,42.100371747211796,-1.1423207736689278,-0.9562050659468557,-0.1861157077220721,142.2043541117032,139.167,136.1296458882968,1.1621428571428518,211547.95,-1.4393666786613892,137.73600000000002,1.2684754629127553
2025-12-05 12:00:00,136.89,137.0,136.51,136.78,99208,2025-12-05 12:59:59.999,13564432.4000,3254,17533,2398181.1200,0,37.31635651322226,-1.1824301286126797,-1.0014500784800204,-0.18098005013265928,141.64381081666193,138.878,136.11218918333805,1.1214285714285666,211076.2,-1.9076305220883512,137.166,0.7311497794652234
2025-12-05 13:00:00,136.78,136.89,135.85,135.9,78563,2025-12-05 13:59:59.999,10712325.0700,3036,20261,2767300.8200,0,35.707591377694456,-1.2705792798807352,-1.0552759187601635,-0.2153033611205717,141.20647007962785,138.569,135.93152992037213,1.1385714285714243,206473.45,-2.7410005009661376,136.71800000000002,0.6687450934491513
2025-12-05 14:00:00,136.36,136.36,124.9,134.77,437180,2025-12-05 14:59:59.999,58105552.1000,4167,46022,6242159.8800,0,29.354553492484428,-1.4153049194225957,-1.12728171889265,-0.2880232005299457,141.23433900488624,138.2765,135.31866099511376,1.9064285714285691,222629.95,-3.54970299864022,136.41199999999998,1.1113820225343256
2025-12-05 15:00:00,134.7,136.62,134.67,135.5,1506081,2025-12-05 15:59:59.999,204322479.5600,4620,1352856,183569915.6200,0,31.999999999999915,-1.4543315040274933,-1.1926916759196189,-0.26163982810787445,141.2076731838105,138.072,134.9363268161895,1.9828571428571422,266319.55,-2.1519352975158794,135.98000000000002,0.9057869506747992
2025-12-05 16:00:00,134.85,135.52,131.43,132.13,389018,2025-12-05 16:59:59.999,51767546.4200,4258,56437,7509899.8200,0,24.86772486772476,-1.7371662184156378,-1.3015865844188228,-0.435579633996815,141.6103646164328,137.6655,133.7206353835672,2.219285714285714,278752.45,-4.551036625009037,135.016,1.7689629730475838
2025-12-05 17:00:00,132.33,132.48,131.13,132.09,293484,2025-12-05 17:59:59.999,38723698.8100,3639,204467,27018854.2400,0,27.03091301222132,-1.9421544850340808,-1.4297001645418745,-0.5124543204922063,141.9688479906399,137.3375,132.70615200936012,2.2035714285714283,286503.35,-4.254856480139174,134.078,1.841703016236305
2025-12-05 18:00:00,132.09,132.77,131.16,131.28,110319,2025-12-05 18:59:59.999,14560016.8800,3312,41600,5500022.3600,0,25.63053851397396,-2.145240397797437,-1.5728082111929873,-0.5724321866044497,142.18806111936846,136.933,131.67793888063153,2.2528571428571444,289880.5,-5.4246812189323546,133.154,1.8579370280002558
2025-12-05 19:00:00,131.3,132.64,130.74,132.43,218904,2025-12-05 19:59:59.999,28803988.5900,3479,131310,17310224.2400,0,31.986970684039008,-2.1881682166542475,-1.6958802122852397,-0.4922880043690079,142.1369684970915,136.60700000000003,131.07703150290857,2.335,299732.5,-5.15648499606101,132.686,1.6298251440000175
2025-12-05 20:00:00,132.64,132.73,132.0,132.43,106770,2025-12-05 20:59:59.999,14161188.2900,2521,90173,11966645.7600,0,27.99999999999993,-2.1968647332325872,-1.7960771164747094,-0.4007876167578779,141.9174847571716,136.25650000000002,130.59551524282844,2.3214285714285716,302554.35,-4.133487766034443,132.07200000000003,0.4709777064947381
2025-12-05 21:00:00,132.49,132.84,131.99,132.29,79373,2025-12-05 21:59:59.999,10515611.4900,3053,29913,3969005.8500,0,23.444283646888493,-2.1898108390049913,-1.8748238609807657,-0.3149869780242256,141.56219958975066,135.8845,130.20680041024934,2.268571428571428,304157.35,-2.942039618488642,132.10399999999998,0.4812275968967531
2025-12-05 22:00:00,132.33,132.73,131.98,132.73,23263,2025-12-05 22:59:59.999,3080727.9300,2718,12332,1633323.6200,0,28.817541111981143,-2.124229459322322,-1.924704980649077,-0.19952447867324508,141.07545365152032,135.5345,129.9935463484797,2.195714285714286,303209.3,-3.581287229405787,132.23200000000003,0.5558956736789253
2025-12-05 23:00:00,132.66,133.23,132.21,133.22,72599,2025-12-05 23:59:59.999,9635781.2400,3071,31807,4228234.6400,0,36.5148861646234,-2.0095519742795602,-1.9416743793751738,-0.06787759490438638,140.72238800103938,135.2715,129.82061199896063,2.133571428571429,298849.15,-2.723621759766331,132.62,0.37188707965553974
2025-12-06 00:00:00,133.22,133.55,132.83,133.39,29756,2025-12-06 00:59:59.999,3964312.4000,2514,14211,1896037.3600,0,29.13000977517099,-1.883242811077622,-1.9299880657156634,0.046745254638041356,140.31948401188066,135.01950000000002,129.71951598811938,2.0714285714285716,297913.1,-2.4784325193741883,132.81199999999998,0.48106132666699264
2025-12-06 01:00:00,133.39,133.71,132.83,133.42,232712,2025-12-06 01:59:59.999,31088236.3700,3398,213075,28470465.5700,0,31.518324607329802,-1.7604280215481367,-1.8960760568821584,0.1356480353340217,139.94916099636708,134.79250000000002,129.63583900363295,2.0599999999999983,307026.05,-1.824871228844752,133.01,0.48821101996419924
2025-12-06 02:00:00,133.43,133.43,132.85,133.33,36145,2025-12-06 02:59:59.999,4809827.9300,3290,16258,2164462.9300,0,31.78458289334742,-1.6513232374831546,-1.8471254930023575,0.19580225551920294,139.34834264752732,134.5185,129.68865735247266,2.06642857142857,302349.15,-1.0684870520145415,133.218,0.2833196075359993
2025-12-06 03:00:00,133.33,133.97,132.84,133.65,199312,2025-12-06 03:59:59.999,26628609.3000,3178,170220,22742640.6500,0,37.373737373737335,-1.5214967173469915,-1.7819997378712844,0.26050302052429286,138.41583662287778,134.2195,130.02316337712224,2.0728571428571416,235438.2,-1.365313653136527,133.402,0.15833508775453506
2025-12-06 04:00:00,133.65,133.65,133.05,133.14,88259,2025-12-06 04:59:59.999,11766590.9200,3558,11231,1498282.1600,0,40.16887816646546,-1.4431255495212554,-1.7142249002012788,0.27109935068002344,137.75837276666536,133.96949999999998,130.1806272333346,1.297142857142855,225940.9,0.7643986982517149,133.38600000000002,0.18338484128806418
2025-12-06 05:00:00,133.14,133.45,132.91,133.02,27011,2025-12-06 05:59:59.999,3597263.0100,3141,8998,1200060.9400,0,33.854166666666686,-1.3748504117715186,-1.6463500025153268,0.27149959074380825,137.45086605625326,133.8055,130.16013394374673,1.1964285714285674,218562.65,0.704065409947768,133.312,0.24549949086361897
2025-12-06 06:00:00,133.02,133.35,132.74,132.88,55223,2025-12-06 06:59:59.999,7341869.5700,3232,24074,3202938.0700,0,58.42696629213486,-1.3168587749388507,-1.5804517570000318,0.2635929820611811,136.74465752646572,133.56650000000002,130.38834247353432,0.9478571428571375,210571.55,1.2187690432662968,133.204,0.29904849107522663
2025-12-06 07:00:00,132.9,133.1,132.55,132.66,103554,2025-12-06 07:59:59.999,13754084.6000,3683,16021,2129714.4500,0,56.155507559395176,-1.2739666517800572,-1.5191547359560371,0.24518808417597993,136.1214468381513,133.352,130.58255316184872,0.8907142857142796,209336.7,0.1736766593672051,133.07,0.37013511048596265
2025-12-06 08:00:00,132.66,132.95,131.88,131.91,42264,2025-12-06 08:59:59.999,5594461.0300,2969,7145,949081.3700,0,56.892778993435414,-1.2856726333305062,-1.4724583154309312,0.186785682100425,135.42884729702678,133.1085,130.7881527029732,0.8521428571428495,206489.5,-0.39266027335196724,132.722,0.48777043782363777
2025-12-06 09:00:00,131.92,132.62,131.88,132.31,34498,2025-12-06 09:59:59.999,4565419.0900,2550,21118,2795880.5200,0,48.429319371727686,-1.2482836145072724,-1.4276233752461995,0.1793397607389271,134.8634402154733,132.929,130.9945597845267,0.7692857142857089,204286.25,0.015118300703008717,132.556,0.4496998999496928
2025-12-06 10:00:00,132.42,132.85,132.29,132.65,20712,2025-12-06 10:59:59.999,2745772.6900,2441,6347,842551.2600,0,52.64423076923076,-1.1776422622724851,-1.3776271526514567,0.1999848903789716,134.55435906454963,132.823,131.09164093545039,0.7571428571428527,183462.85,-0.06027273412188962,132.482,0.37917014652370135
2025-12-06 11:00:00,132.62,133.18,132.62,133.13,53316,2025-12-06 11:59:59.999,7089020.5000,2549,32285,4293331.0600,0,59.33333333333343,-1.0705854505526702,-1.3162188122316996,0.24563336167902938,133.90850166107515,132.7045,131.50049833892484,0.7364285714285675,110824.6,-0.06755742381024127,132.53199999999998,0.4538942608304051
2025-12-06 12:00:00,133.13,133.14,132.57,132.57,20438,2025-12-06 12:59:59.999,2714652.6800,2362,4378,582815.0300,0,48.2683982683983,-1.0191809917915293,-1.2568112481436655,0.2376302563521362,133.90204511426026,132.7265,131.5509548857397,0.7235714285714242,92395.6,-0.6147387360371791,132.51399999999998,0.4493105830211316
2025-12-06 13:00:00,132.57,133.14,132.57,132.87,32465,2025-12-06 13:59:59.999,4313641.0900,2515,14144,1881497.6400,0,46.049661399548576,-0.9433606210608048,-1.1941211227270934,0.2507605016662886,133.90328131275797,132.7655,131.62771868724204,0.6914285714285678,79344.65,-0.412232049168028,132.706,0.31029018678439024
2025-12-06 14:00:00,132.88,133.77,132.78,133.66,118822,2025-12-06 14:59:59.999,15858314.3100,2764,100570,13426528.1800,0,52.673267326732784,-0.810186705291045,-1.1173342392398837,0.30714753394883876,133.85341637783677,132.8845,131.91558362216324,0.7107142857142829,79769.8,0.2475061876546794,132.976,0.43986361524290934
2025-12-06 15:00:00,133.65,133.7,132.25,132.83,95466,2025-12-06 15:59:59.999,12689154.4000,3264,17382,2307438.0700,0,44.95726495726514,-0.7628260965792037,-1.0464326107077477,0.283606514128544,133.85014876080882,132.90449999999998,131.95885123919115,0.7514285714285681,73597.9,-0.6135428357650529,133.012,0.41306173874439733
2025-12-06 16:00:00,132.83,133.39,132.77,132.91,43204,2025-12-06 16:59:59.999,5754141.3500,2721,26296,3503365.2000,0,46.40410958904094,-0.710645265291248,-0.9792751416244478,0.2686298763331998,133.84743015591553,132.9285,132.0095698440845,0.7542857142857083,70419.6,-0.1727504882078938,132.96800000000002,0.40904767450086627
