open_time,open,high,low,close,volume,close_time,quote_asset_volume,number_of_trades,taker_buy_base_asset_volume,taker_buy_quote_asset_volume,ignore,rsi_14,macd,macd_signal,macd_hist,bb_upper,bb_middle,bb_lower,atr_14,volume_ma_20,roc_12,close_ma_5,close_std_5
2025-11-21 06:45:00,131.03,131.3,130.62,130.77,12083,2025-11-21 06:59:59.999,1583032.5900,945,8687,1138573.5400,0,26.16632860040535,-0.28524603585873365,-0.1553843690389837,-0.12986166681974995,133.87995201527528,132.2705,130.66104798472472,1.134285714285716,24856.35,-1.4246947082767876,131.33,0.5308483775994723
2025-11-21 07:00:00,130.84,131.3,130.63,130.64,9144,2025-11-21 07:14:59.999,1197247.4900,801,3124,409943.0400,0,20.464135021096638,-0.330617522575551,-0.19075725705246346,-0.13986026552308753,133.82049773866842,132.13600000000002,130.45150226133163,1.1100000000000014,24272.65,-1.574625178934682,131.05599999999998,0.4374699989713691
2025-11-21 07:15:00,130.64,131.16,129.43,129.54,172790,2025-11-21 07:29:59.999,22466012.5800,1510,8304,1079098.0300,0,19.169960474307928,-0.43558909091171927,-0.24008761763903635,-0.1955014732726829,133.89513638095923,131.946,129.99686361904077,1.1592857142857156,32230.45,-1.7594418322463379,130.61,0.624379692174567
2025-11-21 07:30:00,129.54,129.67,120.0,127.66,2212798,2025-11-21 07:44:59.999,278361452.6900,2398,1784137,223908953.0700,0,13.100436681222476,-0.6395589115193729,-0.32045628931685877,-0.3191026222025142,134.4115200584916,131.702,128.9924799415084,1.7749999999999997,141522.9,-3.192538105710175,129.928,1.3896654273601157
2025-11-21 07:45:00,127.66,127.69,126.07,127.29,507579,2025-11-21 07:59:59.999,64482518.2500,1267,438726,55730833.4300,0,14.12872841444242,-0.815865260865337,-0.42000820425295415,-0.3958570566123828,134.85240369381665,131.5,128.14759630618335,1.7985714285714292,165181.75,-3.9610683567224885,129.18,1.6333860535709013
2025-11-21 08:00:00,127.29,128.9,126.94,128.9,1706102,2025-11-21 08:14:59.999,218622993.6800,1529,1692913,216935055.2300,0,31.367628607277226,-0.8314702566786707,-0.5026126856455079,-0.3288575710331628,134.7844280191656,131.303,127.82157198083439,1.7957142857142867,247793.3,-2.856281558519852,128.80599999999998,1.3713788681469072
2025-11-21 08:15:00,128.84,128.99,128.16,128.27,43860,2025-11-21 08:29:59.999,5636665.8600,976,8741,1127274.5500,0,23.076923076923123,-0.8781101860861042,-0.5779398481126894,-0.30017033797341486,134.68187208658173,131.0605,127.43912791341825,1.7664285714285748,248653.25,-3.2143665585150463,128.33200000000002,0.9114658523498733
2025-11-21 08:30:00,128.27,128.99,127.49,127.5,126547,2025-11-21 08:44:59.999,16191840.3100,967,9380,1203789.8500,0,19.64912280701749,-0.9587675960875117,-0.6542900010500888,-0.3044775950374229,134.53441514789594,130.7635,126.99258485210403,1.817142857142862,254112.1,-3.3651659845384247,127.924,0.6564525877775631
2025-11-21 08:45:00,127.49,128.12,127.47,127.98,132026,2025-11-21 08:59:59.999,16879891.2900,829,122816,15705379.7300,0,24.35174746335963,-0.9761615273064592,-0.7187890656365942,-0.25737246166986505,134.38477922396504,130.5295,126.67422077603499,1.8114285714285774,260169.85,-3.0527990303764767,127.98800000000001,0.6396639742863919
2025-11-21 09:00:00,128.02,128.66,127.46,128.43,161230,2025-11-21 09:14:59.999,20692617.3800,988,158133,20295042.5000,0,29.89690721649488,-0.9459417852705485,-0.7642900188781893,-0.18165176639235925,134.1324987869094,130.3145,126.49650121309062,1.807142857142864,267781.25,-2.534719587159447,128.216,0.5207974654315028
2025-11-21 09:15:00,128.39,128.66,127.39,127.45,151223,2025-11-21 09:29:59.999,19323841.9300,1111,6095,782534.0000,0,26.34854771784238,-0.982548861544501,-0.8079958926625613,-0.17455296888193972,134.04330187035092,130.094,126.14469812964907,1.8521428571428626,273773.2,-2.7618829633020447,127.92600000000002,0.44252683534431475
2025-11-21 09:30:00,127.46,127.46,126.19,126.36,159748,2025-11-21 09:44:59.999,20263073.6300,1371,4575,580202.3400,0,24.213536701620598,-1.0794757605474388,-0.8623456916733949,-0.21713006887404385,134.00761509309032,129.8185,125.62938490690968,1.8614285714285757,278314.25,-3.564069297107534,127.54400000000001,0.7726124513621452
2025-11-21 09:45:00,126.32,126.57,125.45,125.45,112452,2025-11-21 09:59:59.999,14143615.7100,1334,8073,1017096.6700,0,23.738317757009398,-1.2097069011619652,-0.9318730187948325,-0.2778338823671327,133.8773787033232,129.464,125.05062129667682,1.8578571428571453,282192.6,-4.068211363462574,127.13399999999999,1.2175918856496175
2025-11-21 10:00:00,125.45,126.05,125.15,125.6,862375,2025-11-21 10:14:59.999,108475866.4100,1335,798305,100448055.2000,0,24.884366327474538,-1.2864150234916423,-1.002826391777119,-0.2835886317145233,133.57056182781386,129.1095,124.64843817218612,1.7907142857142873,323880.0,-3.8579301898346547,126.65799999999999,1.2683335523432908
2025-11-21 10:15:00,125.6,126.05,124.83,124.95,114265,2025-11-21 10:29:59.999,14316120.0900,993,6685,842339.0200,0,24.017857142857125,-1.3799466787892385,-1.078288713122322,-0.3016579656669165,133.25549246873453,128.73049999999998,124.20550753126544,1.8292857142857153,328840.55,-3.5433070866141647,125.96199999999999,0.9733807066095312
2025-11-21 10:30:00,124.95,126.18,124.83,125.73,49399,2025-11-21 10:44:59.999,6220498.2800,986,41791,5264469.1600,0,29.282700421940973,-1.378809887264012,-1.1384173390190468,-0.24039254824496514,132.86931218812157,128.42,123.97068781187839,1.8778571428571433,330013.85,-1.511828293905681,125.61800000000001,0.5093819784794444
2025-11-21 10:45:00,125.73,126.18,124.83,125.1,251264,2025-11-21 10:59:59.999,31448617.5100,1126,43172,5395208.7800,0,30.49209138840071,-1.4094212360040927,-1.1926357132844543,-0.21678552271963847,132.42202670159156,128.0745,123.72697329840845,1.8507142857142875,341753.4,-1.7204807918925382,125.36600000000001,0.3309531688919242
2025-11-21 11:00:00,125.1,125.92,124.81,125.92,951713,2025-11-21 11:14:59.999,119468778.1600,1089,894466,112316230.0000,0,41.5697674418605,-1.3552212442326805,-1.2251612635897333,-0.13005998064294721,131.86156963674495,127.782,123.70243036325503,1.239285714285717,388316.05,-2.311869666408071,125.46,0.41647328845871756
2025-11-21 11:15:00,125.92,125.99,125.63,125.63,24618,2025-11-21 11:29:59.999,3099706.1500,787,19871,2502774.6600,0,41.894531249999964,-1.319225341820399,-1.2439779873164862,-0.07524735450391273,131.3869005525981,127.50999999999999,123.63309944740188,1.1492857142857165,388964.0,-2.0581585717626996,125.46599999999998,0.4192016221338115
2025-11-21 11:30:00,125.72,125.99,124.63,124.8,134975,2025-11-21 11:44:59.999,16874859.2400,1101,5636,705532.1100,0,28.32980972515857,-1.339085281451105,-1.2630026071505716,-0.07608267430053339,130.88081205973393,127.19850000000001,123.51618794026611,1.106428571428573,394809.55,-2.1176470588235317,125.43599999999999,0.46789956187158044
2025-11-21 11:45:00,124.79,124.85,123.89,124.31,25492,2025-11-21 11:59:59.999,3167260.7300,1177,4579,569937.9600,0,28.755364806866964,-1.3766901703822327,-1.2857431425325305,-0.09094702784970221,130.3670987892743,126.87550000000002,123.38390121072572,1.115714285714286,395480.0,-2.8676355680575103,125.152,0.6430163294968354
2025-11-21 12:00:00,124.27,124.57,123.71,124.08,27718,2025-11-21 12:14:59.999,3435124.6400,938,9240,1146827.4600,0,30.523917995444222,-1.407960209053158,-1.3101891553826293,-0.09777105367052874,129.77240881144004,126.54749999999999,123.32259118855994,1.0699999999999992,396408.7,-3.387059098341515,124.94800000000001,0.8050279498250755
2025-11-21 12:15:00,124.08,124.18,121.74,121.87,318229,2025-11-21 12:29:59.999,39058396.5100,2047,21431,2623521.4600,0,20.932445290199823,-1.586172707084586,-1.3653905617393236,-0.2207821453452623,129.6997625545423,126.16399999999999,122.62823744545769,1.1978571428571425,403680.65,-4.378187524519419,124.138,1.4000964252505912
2025-11-21 12:30:00,121.87,126.06,121.73,126.06,3306819,2025-11-21 12:44:59.999,410460316.3300,1903,3296458,409177398.3100,0,41.68421052631577,-1.3845597949529207,-1.3692246693178833,-0.015335125635037361,129.54893654532896,126.08399999999999,122.61906345467104,1.4214285714285708,458381.7,-0.2374169040835685,124.224,1.5225077996514498
2025-11-21 12:45:00,126.07,126.86,125.97,126.28,740764,2025-11-21 12:59:59.999,93562912.0200,1292,722954,91309070.6100,0,45.66345441067457,-1.1938373416012382,-1.3341452938716891,0.1403079522704509,129.45357863867704,126.0335,122.61342136132295,1.394285714285714,470040.95,0.661618174571541,124.52000000000001,1.7839142356065005
2025-11-21 13:00:00,126.28,126.96,125.58,126.59,44633,2025-11-21 13:14:59.999,5636238.4800,1368,19766,2500085.2400,0,50.90479937057437,-1.0068110910474815,-1.2686756016995755,0.26186451065209404,129.07649797747004,125.918,122.75950202252996,1.402142857142857,386967.5,0.7882165605095615,124.976,1.9956527754094806
2025-11-21 13:15:00,126.63,127.36,126.31,126.31,681928,2025-11-21 13:29:59.999,86625843.6600,1308,611503,77713383.4700,0,53.55960264900662,-0.8705657396950102,-1.1890508547811742,0.31848511508616406,128.78705418324537,125.82000000000001,122.85294581675463,1.3971428571428572,418870.9,1.0884353741496595,125.422,1.9945350335352843
2025-11-21 13:30:00,126.31,127.68,126.3,127.68,41447,2025-11-21 13:44:59.999,5274289.4900,1084,33984,4326817.8800,0,57.81954887218049,-0.6473384235732169,-1.0807053483076663,0.4333669247344494,128.8185178276945,125.829,122.83948217230547,1.4314285714285728,414615.9,1.5509424958243878,126.58400000000002,0.640960217173969
2025-11-21 13:45:00,127.68,127.92,127.46,127.46,44599,2025-11-21 13:59:59.999,5694627.6800,984,26015,3323195.3300,0,59.75135975135969,-0.48225663236688376,-0.9610129358895183,0.47875630352263454,128.72196232463347,125.803,122.88403767536651,1.3771428571428592,410244.55,1.8864908073541162,126.864,0.6603256772227745
2025-11-21 14:00:00,127.46,127.7,126.55,126.96,171535,2025-11-21 14:14:59.999,21779327.5200,1250,16523,2098589.1100,0,54.88482922954721,-0.3864860141133448,-0.8461055015171514,0.45961948740380654,128.43625937530243,125.7295,123.02274062469759,1.3628571428571448,410759.8,0.825921219822103,127.0,0.5744127435909874
2025-11-21 14:15:00,126.96,127.14,126.17,126.43,45734,2025-11-21 14:29:59.999,5777762.5300,1106,5922,750157.0200,0,55.324259407526064,-0.34850151648143424,-0.7465832840814558,0.39808176760002156,128.28535957468046,125.67849999999999,123.0716404253195,1.335714285714287,405485.35,0.6367905754994917,126.968,0.6065228767323805
2025-11-21 14:30:00,126.37,128.84,126.33,128.48,1418732,2025-11-21 14:44:59.999,181300796.6300,1520,1410534,180250720.2300,0,59.32944606413991,-0.15422974412804535,-0.6281112233789714,0.47388147925092605,128.66597970028525,125.78450000000001,122.90302029971475,1.4357142857142873,468434.55,2.9487179487179427,127.402,0.7718289966046538
2025-11-21 14:45:00,128.46,129.15,127.76,128.71,200108,2025-11-21 14:59:59.999,25732317.0000,1200,168469,21682884.7200,0,61.273792093704294,0.017734739083621776,-0.49894085099451063,0.5166755900781324,129.1049198327112,125.94749999999999,122.79008016728878,1.509285714285716,472817.35,3.539538251146332,127.60799999999999,0.9752281784278811
2025-11-21 15:00:00,128.7,129.15,127.35,127.35,55932,2025-11-21 15:14:59.999,7149563.5900,1265,4880,624579.9400,0,58.98520084566594,0.045443258376081985,-0.3900632334963109,0.4355064918723929,129.24837009515232,126.035,122.82162990484767,1.5407142857142884,432495.2,2.6353965183752384,127.58600000000001,0.9806273502201341
2025-11-21 15:15:00,127.36,127.49,126.26,126.93,107918,2025-11-21 15:29:59.999,13724242.1700,1095,81544,10370921.0400,0,59.27762039660058,0.033611471001691484,-0.30532779723279513,0.3389392682344866,129.32857039365206,126.13400000000001,122.93942960634796,1.5600000000000023,432177.85,4.151965208829082,127.58,0.98549479958027
2025-11-21 15:30:00,126.91,127.23,125.29,125.85,184176,2025-11-21 15:44:59.999,23203385.8300,1419,7045,888371.9700,0,55.91182364729457,-0.06103328340293501,-0.256468665962182,0.19543538255924697,129.3318250842456,126.14000000000001,122.94817491575444,1.6371428571428592,438916.7,-0.1665873393622148,127.46400000000001,1.1713154997692798
2025-11-21 15:45:00,125.85,126.1,124.76,125.34,391992,2025-11-21 15:59:59.999,49291595.5700,1205,274368,34574663.2100,0,63.0746043707611,-0.1746503484666988,-0.2401049412391225,0.06545459277242369,129.3291327689565,126.152,122.9748672310435,1.5585714285714292,445953.1,-0.7443775736458645,126.83600000000001,1.322414458481045
2025-11-21 16:00:00,125.47,125.65,124.27,124.73,407683,2025-11-21 16:14:59.999,50915786.3700,1405,234843,29351016.5700,0,43.137254901960794,-0.3097558898464001,-0.2540351726559248,-0.05572071719047533,129.33188834382412,126.09250000000002,122.85311165617591,1.3478571428571442,418751.6,-1.4693103720673033,126.03999999999999,1.0897706180658613
2025-11-21 16:15:00,124.74,125.0,123.61,125.0,194735,2025-11-21 16:29:59.999,24207549.6600,1151,84832,10579345.1700,0,43.42915811088296,-0.39074716228678597,-0.28137763605428956,-0.1093695262324964,129.33142826746433,126.061,122.79057173253567,1.38357142857143,427257.45,-1.0371308684981413,125.57000000000001,0.8676692918385609
2025-11-21 16:30:00,124.64,126.06,124.62,125.2,1406307,2025-11-21 16:44:59.999,176450487.5600,1178,1396949,175278098.0700,0,42.78296988577362,-0.43393637446683897,-0.311889442185808,-0.12204693228103097,129.3237337394953,126.08099999999999,122.83826626050465,1.3878571428571445,490824.05,-1.9423558897243138,125.224,0.4183658685882572
2025-11-21 16:45:00,125.22,128.32,124.61,128.32,1886068,2025-11-21 16:59:59.999,239885551.6400,1704,1874364,238415268.1800,0,58.05934242181232,-0.2162121865437996,-0.29275396173236784,0.07654177518856825,129.55886913103345,126.28150000000001,123.00413086896657,1.5778571428571442,583852.85,0.6747214812490189,125.71799999999999,1.4725216466998474
2025-11-21 17:00:00,128.32,129.77,128.25,129.77,328747,2025-11-21 17:14:59.999,42423750.3000,1482,316568,40853539.1900,0,58.32669322709164,0.07150277251427894,-0.21990252556743767,0.2914052980817166,130.02172537895234,126.566,123.11027462104767,1.5878571428571442,598904.3,2.2132955261499814,126.604,2.2926033237347654
2025-11-21 17:15:00,129.64,129.99,129.37,129.99,75645,2025-11-21 17:29:59.999,9814114.2700,1056,51979,6749119.6200,0,60.07968127490046,0.31349132194993956,-0.11322365143362693,0.4267149733835665,129.9842319055196,126.97200000000001,123.95976809448041,1.5992857142857153,586775.1,2.815787392232858,127.65599999999999,2.4209357694907476
2025-11-21 17:30:00,129.99,130.2,129.34,129.99,295167,2025-11-21 17:44:59.999,38399438.8500,1045,287994,37469088.3000,0,62.57261410788388,0.49948739768974804,0.00931865454236321,0.49016874314738484,130.43245481779857,127.16850000000002,123.90454518220149,1.578571428571428,436192.5,1.175280199252817,128.654,2.052858982005299
2025-11-21 17:45:00,129.99,130.22,129.03,129.15,110042,2025-11-21 17:59:59.999,14242723.8600,1085,9030,1172097.8900,0,61.003236245954675,0.5729422931087811,0.12204345301414957,0.45089884009463155,130.66268633974698,127.31199999999998,123.96131366025298,1.5942857142857139,404656.4,0.3418537798150864,129.44400000000002,0.7162960281893949
2025-11-21 18:00:00,129.18,129.32,126.91,127.12,342979,2025-11-21 18:14:59.999,43910005.5000,1683,15206,1947353.0300,0,44.489465153970905,0.4630258401686973,0.19023996469117443,0.27278587547752287,130.67349009704185,127.3385,124.00350990295814,1.587142857142856,419573.7,-0.18060463290144468,129.204,1.2146933769474026
2025-11-21 18:15:00,127.05,127.92,126.7,127.92,792153,2025-11-21 18:29:59.999,101035407.9900,1266,766598,97794163.4600,0,46.940356312935684,0.4350828168515477,0.2392085547956217,0.195874262055926,130.7270756053218,127.41900000000001,124.11092439467822,1.5749999999999988,425084.95,0.779957456865985,128.834,1.279230237291106
2025-11-21 18:30:00,127.92,129.2,127.84,129.08,176652,2025-11-21 18:44:59.999,22739784.2000,1318,172468,22201787.6600,0,56.80566483084192,0.5002693155273761,0.2914207237223167,0.20884859180505938,130.87857472879773,127.489,124.09942527120229,1.5435714285714255,431845.2,2.5665474771553582,128.652,1.129632683663077
2025-11-21 18:45:00,129.12,129.9,128.89,129.55,812691,2025-11-21 18:59:59.999,105130733.8600,1037,802930,103866073.8300,0,60.26645768025079,0.5829392528179653,0.34972444453192114,0.23321480828604418,131.10595168537648,127.59349999999999,124.0810483146235,1.527857142857142,470249.8,3.3588638902186116,128.56400000000002,1.010163353126529
2025-11-21 19:00:00,129.55,129.9,128.82,128.82,68037,2025-11-21 19:14:59.999,8784097.4900,940,6099,792072.0600,0,61.966156325543885,0.5830907706267681,0.3963977193510263,0.18669305127574176,131.22671275007426,127.6865,124.14628724992573,1.4664285714285714,465074.9,3.2790828188887913,128.498,0.9723785271178217
2025-11-21 19:15:00,128.82,129.9,128.65,129.36,60494,2025-11-21 19:29:59.999,7799026.5700,944,10089,1303885.2500,0,66.15755627009644,0.6194538146429096,0.44100894575020066,0.17844486889270894,131.3967006194772,127.83300000000001,124.26929938052282,1.4600000000000009,465812.9,3.488000000000011,128.946,0.6369301374561235
2025-11-21 19:30:00,129.36,129.48,127.97,128.03,108504,2025-11-21 19:44:59.999,13937679.7800,1084,4963,641704.9700,0,62.53799392097257,0.5351988381291193,0.45984692670582306,0.07535191142329623,131.36266449950983,127.8105,124.25833550049018,1.4692857142857139,400301.5,2.260383386581468,128.96800000000002,0.5930177063122787
2025-11-21 19:45:00,127.97,128.09,127.74,128.05,8219,2025-11-21 19:59:59.999,1051756.2300,725,2384,305340.9300,0,61.81254841208362,0.4646772435644948,0.4608129901792957,0.003864253385199079,131.30666793533382,127.7775,124.24833206466617,1.395,390707.05,-0.21041147132168161,128.762,0.7114562530471178
2025-11-21 20:00:00,128.02,128.22,126.99,127.84,111510,2025-11-21 20:14:59.999,14202760.5700,1042,5919,755416.6600,0,60.2167182662538,0.38743382013366556,0.4461371549337329,-0.05870333480006734,131.32547077691706,127.80200000000002,124.27852922308297,1.3800000000000006,393485.95,-1.4872466671804012,128.42000000000002,0.6459489143885893
2025-11-21 20:15:00,127.85,128.22,126.3,126.3,187022,2025-11-21 20:29:59.999,23743384.0700,1359,5412,687532.6800,0,41.09347442680786,0.20003539886562294,0.3969168004026655,-0.1968814015370426,131.33778689475247,127.7705,124.20321310524754,1.2521428571428583,397441.15,-2.8386798984537363,127.91599999999998,1.087809726008984
2025-11-21 20:30:00,126.3,127.01,126.03,126.76,547943,2025-11-21 20:44:59.999,69369262.8400,1116,481278,60958336.2000,0,35.458937198067744,0.08752725614675683,0.33503888821503336,-0.24751163206827653,131.3024453319435,127.816,124.32955466805652,1.2135714285714292,415629.5,-2.4848065235787398,127.396,0.8112521186410934
2025-11-21 20:45:00,126.76,127.48,126.63,126.91,104381,2025-11-21 20:59:59.999,13267507.1300,1097,93034,11824672.8400,0,35.01945525291835,0.010318853950309403,0.2700948785606694,-0.25977602461036,131.21286024820108,127.8945,124.57613975179892,1.2300000000000009,401248.95,-1.7344173441734487,127.172,0.744291609518494
2025-11-21 21:00:00,127.48,127.48,126.74,127.3,41333,2025-11-21 21:14:59.999,5242246.9200,824,748,95333.0200,0,37.39456419868796,-0.01925375986832023,0.2122251488778605,-0.23147890874618074,131.00765619989605,128.023,125.03834380010393,1.221428571428574,382931.45,0.14159848961610494,127.022,0.58070646629739
2025-11-21 21:15:00,127.25,128.55,126.91,128.55,471001,2025-11-21 21:29:59.999,60158946.8300,1165,469037,59908662.4200,0,47.292418772563224,0.057283133936280706,0.18123674503404816,-0.12395361109776745,130.82920370294823,128.20049999999998,125.57179629705173,1.2535714285714323,396744.75,0.49249530956848786,127.16399999999999,0.8534811069962958
2025-11-21 21:30:00,128.55,129.0,128.06,128.9,77904,2025-11-21 21:44:59.999,10028403.3600,991,66071,8509819.6300,0,59.468085106382894,0.14445409267115394,0.173880214398996,-0.029426121727842064,130.6156614291345,128.3855,126.15533857086552,1.1485714285714326,330324.6,-0.1394484040904918,127.684,0.978381316256434
2025-11-21 21:45:00,128.9,129.08,128.69,128.78,6679,2025-11-21 21:59:59.999,861317.6500,749,3528,455220.2600,0,54.9311926605504,0.20154812487163554,0.17941379659129383,0.022134328280341703,130.64529540508508,128.4085,126.17170459491494,1.0892857142857193,236355.15,-0.5943651099961483,128.08800000000002,0.9165533263262463
2025-11-21 22:00:00,128.78,129.15,128.69,128.93,7874,2025-11-21 22:14:59.999,1015359.5100,703,3873,499885.4000,0,49.02723735408558,0.2559253207770098,0.19471610164473166,0.06120921913227814,130.52585931043865,128.3665,126.20714068956136,1.0250000000000068,220311.5,0.08539046731874991,128.49200000000002,0.6829128787771821
2025-11-21 22:15:00,128.93,129.15,127.73,127.8,123927,2025-11-21 22:29:59.999,15886499.3500,1174,1779,228447.6000,0,39.54599761051379,0.20561995055437876,0.19689687145132082,0.008723079103057946,130.28801322911528,128.257,126.22598677088473,1.0542857142857198,222725.6,-1.2059369202226473,128.59199999999998,0.46730075968240364
2025-11-21 22:30:00,127.8,127.84,126.76,127.07,131136,2025-11-21 22:44:59.999,16667575.1400,1130,18096,2299806.6300,0,39.54599761051385,0.10572126196866805,0.17866174938983068,-0.07294048742116263,130.0344388064361,128.111,126.18756119356388,1.0542857142857187,214524.05,-0.749824259939083,128.296,0.8291742880720145
2025-11-21 22:45:00,127.07,127.26,125.54,125.54,197711,2025-11-21 22:59:59.999,25010637.0400,1104,43045,5470632.8300,0,29.594017094017175,-0.09562522585150646,0.12380435394455998,-0.21942957979606642,130.10461058644776,127.93049999999998,125.75638941355218,1.0878571428571473,218907.5,-1.9601718078875476,127.624,1.38950710685468
2025-11-21 23:00:00,125.54,126.07,125.08,126.03,31663,2025-11-21 23:14:59.999,3970241.2100,1484,9233,1159925.7300,0,38.26291079812212,-0.21324661264098665,0.056394160237172315,-0.26964077287815896,130.18605490934948,127.876,125.56594509065053,1.0507142857142904,203341.7,-1.4158322903629554,127.074,1.3615175356930251
2025-11-21 23:15:00,126.03,127.84,126.01,127.84,108735,2025-11-21 23:29:59.999,13788719.7000,1615,106196,13466431.0800,0,48.98157129000967,-0.1587596065386947,0.01336340668269409,-0.1721230132213888,130.18201116424714,127.872,125.56198883575286,1.1564285714285754,169170.8,1.2193190815518655,126.856,1.0391486900340967
2025-11-21 23:30:00,127.85,128.65,127.42,128.56,140831,2025-11-21 23:44:59.999,18054418.8400,1417,136339,17478279.5800,0,53.327171903881684,-0.05689150375889085,-0.0006875754576866569,-0.056203928301204194,130.11001041470524,127.846,125.58198958529475,1.1564285714285754,167379.75,1.4200063111391583,127.008,1.246623439535612
2025-11-21 23:45:00,128.59,128.71,128.06,128.61,9281,2025-11-21 23:59:59.999,1192615.6500,1326,3128,402207.7000,0,62.37942122186501,0.02755138657131795,0.004960216964855887,0.022591169606462062,129.95028749699708,127.799,125.64771250300294,1.0657142857142898,127209.25,1.3395319517768633,127.316,1.4408782044293822
2025-11-22 00:00:00,128.62,129.16,128.32,129.16,28928,2025-11-22 00:14:59.999,3729675.0700,1459,23297,3004690.4100,0,62.738853503184664,0.13722691161224532,0.031413555957065804,0.10581335565517952,130.00627900169414,127.816,125.62572099830587,1.0557142857142898,125253.8,1.461115475255302,128.04000000000002,1.2175590334762898
2025-11-22 00:15:00,129.16,129.19,128.07,128.07,109391,2025-11-22 00:29:59.999,14059879.0000,1764,2537,326445.5600,0,55.59845559845558,0.13471763662461456,0.05207437212977196,0.0826432644948426,129.8230951138648,127.7515,125.67990488613519,1.075000000000004,127698.65,-0.3733955659276687,128.448,0.5143636845654599
2025-11-22 00:30:00,128.07,128.9,128.07,128.63,8394,2025-11-22 00:44:59.999,1079308.7700,1299,3899,501633.3300,0,56.315289648622965,0.17585090418299387,0.07682967857798771,0.09902122560500616,129.88717428880287,127.78150000000001,125.67582571119716,1.0814285714285756,122693.15,-0.20946470131885975,128.606,0.3863029898923468
2025-11-22 00:45:00,128.63,128.91,128.28,128.4,16975,2025-11-22 00:59:59.999,2184173.7000,1275,8414,1084366.8500,0,49.211356466876936,0.18774000214254727,0.09901174331783238,0.08872825882471488,129.9198330041703,127.799,125.6781669958297,1.009285714285717,123130.95,-0.29507687529119075,128.574,0.3975298730910201
2025-11-22 01:00:00,128.39,128.91,128.28,128.85,53789,2025-11-22 01:14:59.999,6919209.9900,1373,4211,542397.6300,0,49.73985431841825,0.2307864538383626,0.1253666854475379,0.1054197683908247,130.02191534266623,127.84949999999999,125.67708465733375,0.9871428571428597,120244.9,-0.06204917397038121,128.62199999999999,0.41697721760279294
2025-11-22 01:15:00,128.86,129.22,128.86,129.22,12184,2025-11-22 01:29:59.999,1572452.0300,1091,6746,871137.2600,0,52.23123732251521,0.29137757215139004,0.15856886281410865,0.1328087093372814,130.12143484080948,127.99550000000002,125.86956515919057,0.9857142857142875,111503.0,1.1111111111111125,128.634,0.43672645901040696
2025-11-22 01:30:00,129.19,129.79,128.86,129.19,87923,2025-11-22 01:44:59.999,11373577.6700,1414,17728,2297869.9000,0,51.33470225872686,0.3331363066361064,0.1934823516002123,0.1396539550358941,130.22329232738954,128.117,126.01070767261042,1.019285714285714,88502.0,1.6683717635948725,128.858,0.35464066320684445
2025-11-22 01:45:00,129.19,129.66,129.13,129.41,9878,2025-11-22 01:59:59.999,1278619.3500,920,5639,730565.5300,0,59.116647791619506,0.3795960149051041,0.23070508427970238,0.1488909306254017,130.34341406025342,128.24200000000002,126.14058593974661,0.9557142857142854,83776.85,3.08268281025967,129.014,0.39815825999193943
2025-11-22 02:00:00,129.46,129.66,128.45,128.52,132102,2025-11-22 02:14:59.999,17014754.3200,1440,3687,474939.0900,0,58.0645161290324,0.3407101749155288,0.2527061024156209,0.08800407249990788,130.35963086778227,128.303,126.24636913221771,0.9650000000000004,88315.3,1.9757200666508046,129.03799999999998,0.3529447548835525
2025-11-22 02:15:00,128.52,128.69,128.3,128.61,9798,2025-11-22 02:29:59.999,1258893.4800,1416,2525,324791.7700,0,70.3311258278147,0.3135371603750343,0.26487231401137595,0.048664846363658365,130.36432226007372,128.306,126.24767773992632,0.8699999999999994,65255.15,0.6023153942428114,128.98999999999998,0.39830892533284024
2025-11-22 02:30:00,128.6,128.69,127.45,127.47,100548,2025-11-22 02:44:59.999,12857651.6300,1790,2295,294569.7600,0,58.78048780487805,0.1977758471838058,0.25145302064244496,-0.05367717345863915,130.30525348605264,128.2345,126.16374651394737,0.8878571428571423,66387.35,-0.8478531425015583,128.64000000000001,0.7549172140041357
2025-11-22 02:45:00,127.47,127.85,127.28,127.85,13491,2025-11-22 02:59:59.999,1721016.2000,1350,5552,708946.7800,0,50.07385524372224,0.13512674267732905,0.22818776504468258,-0.09306102236735353,130.24892059143713,128.188,126.12707940856285,0.7978571428571419,66727.95,-0.5909338309618375,128.372,0.7486788363509004
2025-11-22 03:00:00,127.85,128.21,127.28,128.13,543101,2025-11-22 03:14:59.999,69592301.2900,1333,537480,68873294.9600,0,46.60347551342805,0.1068303835418476,0.20391628874016024,-0.09708590519831264,130.1791220647968,128.148,126.1168779352032,0.7764285714285707,93489.3,-0.7974605140910508,128.116,0.4731595925263641
2025-11-22 03:15:00,128.13,128.21,127.36,127.49,28229,2025-11-22 03:29:59.999,3600082.4600,1442,483,61921.6800,0,41.907514450866884,0.03240781304091911,0.1696145935958401,-0.137206780554921,130.17947337549833,128.1325,126.08552662450164,0.7907142857142853,88704.4,-0.4528773327086736,127.91000000000001,0.477493455452204
2025-11-22 03:30:00,127.45,128.21,127.0,127.18,79744,2025-11-22 03:44:59.999,10140976.7700,1693,5919,753971.6700,0,35.17964071856291,-0.050990610259077584,0.12549355282025493,-0.1764841630793325,130.17351209126434,128.138,126.10248790873567,0.817142857142857,86134.8,-1.1272642462877935,127.624,0.36943199644811037
2025-11-22 03:45:00,127.17,127.22,127.0,127.19,24625,2025-11-22 03:59:59.999,3131843.2000,1374,17051,2168784.0300,0,42.14285714285713,-0.11495239852327188,0.07740436254753716,-0.19235676107080904,129.9184055208974,128.22050000000002,126.52259447910262,0.7528571428571423,77480.5,-0.9423676012461122,127.56800000000001,0.41679731285077726
2025-11-22 04:00:00,127.19,127.27,126.3,126.31,189976,2025-11-22 04:14:59.999,24128399.2000,1377,3047,387573.3600,0,30.405405405405332,-0.23393392230222787,0.01513670557342783,-0.2490706278756557,129.8594045316083,128.2345,126.60959546839169,0.7628571428571413,85396.15,-1.9712844392704634,127.25999999999999,0.6564297372907375
2025-11-22 04:15:00,126.31,126.43,125.96,126.28,37625,2025-11-22 04:29:59.999,4749958.4000,1384,6255,790149.0300,0,31.46853146853134,-0.3268792378640768,-0.05326648311772579,-0.273612754746351,129.99665188160313,128.1565,126.31634811839686,0.7514285714285711,81840.65,-2.2751895991332596,126.88999999999999,0.5573598478537352
2025-11-22 04:30:00,126.27,126.49,125.64,125.94,33746,2025-11-22 04:44:59.999,4248846.5300,1400,14204,1790727.2900,0,24.06417112299461,-0.42308996466816495,-0.12723117943097337,-0.29585878523719156,130.10249656640093,128.0255,125.94850343359907,0.7671428571428568,76486.4,-2.5156745878163944,126.58,0.5710954386085529
2025-11-22 04:45:00,125.94,126.9,125.9,126.88,88790,2025-11-22 04:59:59.999,11253126.7000,1322,84928,10765002.5600,0,31.06796116504846,-0.4186781461710325,-0.18552057278097728,-0.23315757339005522,130.05719088648263,127.93900000000001,125.82080911351738,0.8121428571428565,80461.85,-1.955026659454448,126.52000000000001,0.5041329189801866
2025-11-22 05:00:00,126.9,127.08,126.39,126.65,46324,2025-11-22 05:14:59.999,5866970.2300,1479,10345,1313258.6200,0,30.094043887147294,-0.4287938812274774,-0.23417523447160754,-0.19461864675586987,129.92450649479147,127.8135,125.70249350520854,0.7950000000000007,81331.65,-1.4550264550264584,126.412,0.36272579174835173
2025-11-22 05:15:00,126.9,126.9,125.73,126.17,71275,2025-11-22 05:29:59.999,8990699.6300,1426,8143,1027004.8900,0,25.602409638554164,-0.4701157096005346,-0.2813633294984251,-0.18875238010210954,129.9485556990918,127.71850000000002,125.48844430090824,0.8407142857142864,79425.85,-1.8972086151932288,126.38400000000001,0.37766387171592614
2025-11-22 05:30:00,126.12,126.18,125.38,125.4,14044,2025-11-22 05:44:59.999,1765876.0300,1186,3199,402881.5300,0,26.073619631901735,-0.558546062929608,-0.3367998761856317,-0.22174618674397628,129.96948594214592,127.55699999999999,125.14451405785407,0.8114285714285724,79708.35,-1.6239115085902514,126.208,0.5858924816034332
2025-11-22 05:45:00,125.4,126.23,125.36,126.12,75817,2025-11-22 05:59:59.999,9522478.9900,1669,24241,3049970.4800,0,32.58741258741247,-0.5640373121708819,-0.38224736338331794,-0.181789948787564,129.90277405894358,127.44300000000001,124.98322594105645,0.845714285714288,82650.45,-1.3531482205709737,126.244,0.5706399915878971
2025-11-22 06:00:00,126.12,126.17,125.34,126.02,27323,2025-11-22 06:14:59.999,3435784.7200,1530,4659,587653.6700,0,38.134206219312524,-0.5698875957815943,-0.41977540986339346,-0.15011218591820086,129.74602793849945,127.3015,124.85697206150057,0.816428571428574,81327.15,-1.646765004292515,126.072,0.4472918510317465
2025-11-22 06:15:00,125.93,127.01,125.87,126.95,76397,2025-11-22 06:29:59.999,9666258.8900,1531,70165,8877858.3800,0,43.243243243243285,-0.4937991738749048,-0.43458016266582833,-0.059219011209076466,129.46233830747343,127.18799999999999,124.91366169252656,0.8571428571428602,84537.8,-0.42356263236331637,126.13200000000002,0.552059779371234
2025-11-22 06:30:00,126.97,127.82,126.87,127.56,99778,2025-11-22 06:44:59.999,12719688.0700,1758,68550,8736227.3000,0,45.92274678111592,-0.37990388557768995,-0.42364490724812226,0.04374102167043231,129.18736292828595,127.10650000000001,125.02563707171406,0.8585714285714303,85130.55,0.2987891177858118,126.41,0.8471127433815766
2025-11-22 06:45:00,127.69,128.06,127.55,127.99,11742,2025-11-22 06:59:59.999,1499474.1000,1257,4652,594615.1100,0,53.6873156342183,-0.2520425853338679,-0.3893244428650746,0.1372818575312067,128.86744432229776,127.0355,125.20355567770224,0.8342857142857157,85223.75,0.6289802657441601,126.928,0.866758328485824
2025-11-22 07:00:00,127.99,128.03,127.55,127.79,12192,2025-11-22 07:14:59.999,1558923.1200,1566,4772,610735.1300,0,54.572713643178425,-0.16494676410734144,-0.3444489071133221,0.17950214300598066,128.73287184617155,126.999,125.26512815382844,0.7821428571428584,79228.25,1.1717203705169852,127.26200000000001,0.7964734772731563
2025-11-22 07:15:00,127.8,128.18,127.56,127.62,16846,2025-11-22 07:29:59.999,2152739.9200,1641,7311,935014.8500,0,53.147877013177215,-0.1083894447180569,-0.29723701463409585,0.18884756991603896,128.54034849918756,126.94949999999999,125.3586515008124,0.8107142857142874,79580.65,1.061133987963259,127.582,0.3908580304914228
2025-11-22 07:30:00,127.61,127.88,127.35,127.81,9679,2025-11-22 07:44:59.999,1235738.4600,1292,2881,368131.5700,0,62.214983713355075,-0.04768777152577286,-0.24732716601228472,0.19963939448651186,128.58774416161722,126.9665,125.34525583838278,0.779285714285716,75037.2,1.4848340479593494,127.75399999999999,0.17008821240655195
2025-11-22 07:45:00,127.78,127.93,127.57,127.64,13411,2025-11-22 07:59:59.999,1712876.2300,1345,2308,295241.6100,0,60.828025477707016,-0.01314610364632074,-0.20049095353898191,0.18734484989266117,128.55572892440497,126.95599999999999,125.356271075595,0.7714285714285732,75033.2,0.5989911727616686,127.77000000000001,0.14983324063657835
2025-11-22 08:00:00,127.65,127.93,126.98,127.17,28085,2025-11-22 08:14:59.999,3576534.1300,1398,9299,1187076.4100,0,59.594383775351076,-0.02342349102883645,-0.16507746103688628,0.14165397000804983,128.4142899699869,126.90799999999999,125.40171003001306,0.778571428571431,49282.4,0.41058033951835454,127.606,0.2583215051048605
2025-11-22 08:15:00,127.17,127.18,126.1,126.2,51640,2025-11-22 08:29:59.999,6539288.4900,1470,7009,889149.5400,0,44.720496894409976,-0.10858153820599625,-0.15377827647069128,0.04519673826469503,128.3553239245846,126.84350000000002,125.33167607541543,0.7842857142857176,50452.95,0.023777443132282743,127.28800000000001,0.6527403771788615
2025-11-22 08:30:00,126.21,126.24,123.63,125.61,229789,2025-11-22 08:44:59.999,28899858.6900,1817,68210,8590637.6600,0,42.352941176470544,-0.22112547559531492,-0.1672477162956322,-0.05387775929968272,128.36379559932467,126.76499999999999,125.16620440067528,0.9214285714285749,57955.2,0.1674641148325309,126.88600000000001,0.9489099008860403
2025-11-22 08:45:00,125.61,125.96,124.0,125.81,98158,2025-11-22 08:59:59.999,12319729.3700,1617,21853,2750423.4000,0,47.23926380368099,-0.2908275189193432,-0.19196367682039817,-0.09886384209894505,128.33614633493445,126.696,125.05585366506553,0.9778571428571458,61631.85,-0.24579765302886317,126.48599999999999,0.8811526541976191
2025-11-22 09:00:00,125.71,126.59,125.71,126.56,12069,2025-11-22 09:14:59.999,1523523.0500,1396,7602,959643.2700,0,58.9230769230769,-0.282297659032821,-0.21003047326289662,-0.07226718576992439,128.34004786048453,126.7085,125.07695213951548,0.9835714285714313,52736.5,0.42850341215680554,126.27000000000001,0.6217314532814695
2025-11-22 09:15:00,126.55,126.61,125.59,126.04,36797,2025-11-22 09:29:59.999,4627787.8500,1341,7528,948429.8500,0,49.36507936507938,-0.3138767420499988,-0.23079972702032983,-0.083077015029669,128.34476256211903,126.69650000000001,125.04823743788099,0.9942857142857164,52695.1,-0.7168176447420217,126.04400000000001,0.3652807139714081
2025-11-22 09:30:00,126.04,127.18,125.58,126.7,613566,2025-11-22 09:44:59.999,77744171.1600,1529,608080,77049046.9100,0,54.956268221574405,-0.2823944077385505,-0.24111866316397904,-0.04127574457457148,128.34391277293403,126.7345,125.12508722706598,1.0492857142857173,81686.1,-0.6741925368454057,126.144,0.47162485091381173
2025-11-22 09:45:00,126.71,127.18,126.3,126.37,50529,2025-11-22 09:59:59.999,6392846.3400,1409,5679,720637.9300,0,45.367412140575084,-0.2808340795966302,-0.24906174645051235,-0.031772333146117854,128.32485434466008,126.70899999999999,125.09314565533991,1.0307142857142892,79773.05,-1.2657238846784828,126.296,0.36746428397804215
2025-11-22 10:00:00,126.37,127.07,126.33,127.0,37816,2025-11-22 10:14:59.999,4788939.0900,1516,30332,3841417.4300,0,45.54140127388532,-0.22615705570049727,-0.2444808083005079,0.018323752600010623,128.34723764882375,126.72649999999999,125.10576235117622,1.0157142857142898,79347.65,-0.6182017372251398,126.53400000000002,0.3592770518687867
2025-11-22 10:15:00,126.99,127.07,125.52,125.75,147350,2025-11-22 10:29:59.999,18562781.4100,1786,3648,461311.2000,0,34.22535211267605,-0.28045256559340714,-0.2516751597590896,-0.028777405834317538,128.36697017965827,126.70549999999999,125.0440298203417,1.0900000000000034,83151.4,-1.4652875724808059,126.372,0.49976994707515615
2025-11-22 10:30:00,125.75,126.06,125.51,125.97,14452,2025-11-22 10:44:59.999,1818028.4800,1363,5075,639070.5600,0,37.219101123595436,-0.30224652446193545,-0.2617894326996608,-0.04045709176227463,128.31897418209059,126.73400000000001,125.14902581790942,1.0950000000000029,83171.8,-1.4396369611141566,126.35799999999999,0.5122206555767781
2025-11-22 10:45:00,125.97,126.09,125.51,125.83,10595,2025-11-22 10:59:59.999,1334037.7500,1476,3376,425456.3100,0,37.37658674188992,-0.32704481991554246,-0.2748405101428392,-0.05220430977270324,128.333171524652,126.7195,125.105828475348,1.0921428571428595,79910.7,-1.4180507677843952,126.184,0.5147620809650634
2025-11-22 11:00:00,125.84,126.41,125.47,126.41,52908,2025-11-22 11:14:59.999,6674786.9500,1485,45790,5779096.2800,0,40.64171122994647,-0.29648038323189496,-0.2791684847606509,-0.017311898471244036,128.32629030939987,126.73899999999999,125.15170969060011,1.1214285714285737,81189.95,-0.5976252260753362,126.19199999999998,0.5186713795839161
2025-11-22 11:15:00,126.41,127.1,126.01,127.06,83921,2025-11-22 11:29:59.999,10630590.2000,1427,76145,9648665.2400,0,46.356783919598,-0.21730493306591825,-0.2667957744217031,0.049490841355784854,128.33562638023938,126.74449999999999,125.1533736197606,1.1735714285714292,81566.15,0.6814580031695716,126.204,0.5421992253770612
2025-11-22 11:30:00,127.05,127.1,126.74,126.89,10704,2025-11-22 11:44:59.999,1358346.7700,1334,2583,328207.8600,0,48.17232375979111,-0.16635735367506754,-0.24670809027237434,0.0803507365973068,128.2574172515167,126.71100000000001,125.16458274848331,1.1314285714285717,77112.45,1.019027147520103,126.43199999999999,0.5432494822818649
2025-11-22 11:45:00,126.88,127.1,126.68,126.68,16271,2025-11-22 11:59:59.999,2064959.3700,1277,5683,722290.8300,0,53.478260869565254,-0.1412970481871696,-0.225625881855332,0.0843288336681624,128.06998476373187,126.6455,125.22101523626813,1.0842857142857127,77338.9,0.6915189571576222,126.574,0.4815911128743286
2025-11-22 12:00:00,126.68,127.1,125.62,125.69,112449,2025-11-22 12:14:59.999,14179263.9300,1944,7400,934160.4300,0,50.54794520547944,-0.19902510865647116,-0.22030572721555955,0.021280618559088388,127.91860663402213,126.5405,125.16239336597786,1.0035714285714263,82351.75,-0.6874209860935561,126.546,0.5365910919867501
2025-11-22 12:15:00,125.69,125.91,125.57,125.74,32123,2025-11-22 12:29:59.999,4041455.3000,1498,23093,2906266.1900,0,49.51048951048945,-0.2379970183121003,-0.22384398543486783,-0.014153032877232463,127.76996077427762,126.44649999999999,125.12303922572235,0.8878571428571413,83115.6,-0.23801967629324927,126.41199999999999,0.6505920380695711
2025-11-22 12:30:00,125.74,125.9,125.5,125.5,10710,2025-11-22 12:44:59.999,1346625.1600,1371,3558,447809.8800,0,42.01807228915659,-0.2849632287623507,-0.23606783410036478,-0.04889539466198592,127.55271406767572,126.33099999999999,125.10928593232425,0.8535714285714268,83167.15,-0.9471191791633802,126.1,0.6360424514130172
2025-11-22 12:45:00,125.5,125.9,125.25,125.74,18253,2025-11-22 12:59:59.999,2293295.6600,1407,7343,923950.9200,0,47.64150943396217,-0.2993677263408898,-0.24872781254847012,-0.050639913792419694,127.3164560440651,126.23600000000002,125.15554395593493,0.827142857142856,83409.25,-0.4985360449473844,125.87,0.4634652090496705
2025-11-22 13:00:00,125.74,126.18,125.16,126.12,47428,2025-11-22 13:14:59.999,5959823.0100,1656,23433,2951317.3400,0,45.23026315789475,-0.2769288457640471,-0.25436801919158564,-0.022560826572461445,127.17090009487913,126.18350000000001,125.19609990512089,0.7857142857142847,84376.4,-0.6929133858267681,125.758,0.2252110121629099
2025-11-22 13:15:00,126.11,126.18,125.49,125.61,20871,2025-11-22 13:29:59.999,2625113.2800,1517,3805,479142.8400,0,43.92971246006386,-0.29687572012531405,-0.26286955937833145,-0.034006160746982594,127.1740392149319,126.154,125.1339607850681,0.7721428571428562,82837.95,-0.11133200795228673,125.742,0.23392306427422008
2025-11-22 13:30:00,125.61,125.78,125.24,125.66,14070,2025-11-22 13:44:59.999,1766318.6600,1402,7025,882543.3500,0,38.20422535211265,-0.30513185993521574,-0.2713220194897084,-0.03380984044550733,127.1711562809247,126.15650000000001,125.14184371907531,0.7578571428571428,72052.0,-0.24609033896959773,125.726,0.2368121618486672
2025-11-22 13:45:00,125.66,125.9,125.24,125.54,25533,2025-11-22 13:59:59.999,3209428.5700,1569,13480,1696357.9500,0,47.692307692307764,-0.31769556293787105,-0.280596728179341,-0.03709883475853004,127.18391255510117,126.14299999999999,125.1020874448988,0.6942857142857152,68420.75,-0.23046968131605503,125.734,0.22777181563889615
2025-11-22 14:00:00,125.51,126.48,125.46,126.48,238255,2025-11-22 14:14:59.999,30075221.4800,1603,231747,29255472.2400,0,54.83870967741941,-0.24893368488417877,-0.2742641195203085,0.025330434636129717,127.17376211352068,126.13899999999998,125.10423788647928,0.7278571428571448,79730.05,0.05537536587295894,125.88199999999999,0.4044996909757234
2025-11-22 14:15:00,126.48,127.05,126.47,126.85,154196,2025-11-22 14:29:59.999,19533244.5800,1396,147637,18701697.3600,0,59.272727272727266,-0.1627082623316909,-0.2519529480825848,0.08924468575089389,127.26032765557302,126.17949999999999,125.09867234442696,0.7278571428571448,85600.0,-0.16527624744215957,126.02799999999999,0.5975533448985678
2025-11-22 14:30:00,126.85,127.05,126.47,126.47,12942,2025-11-22 14:44:59.999,1639440.3400,1411,2476,314195.8900,0,50.56603773584908,-0.12361155982166849,-0.2262846704304014,0.10267311060873291,127.2302439010237,126.168,125.10575609897631,0.7021428571428591,55568.8,-0.33099535030341376,126.2,0.5703069349039016
2025-11-22 14:45:00,126.47,127.04,126.12,127.04,50473,2025-11-22 14:59:59.999,6392677.2200,1496,41589,5268136.1200,0,49.80842911877398,-0.04610195510137771,-0.1902481273645965,0.1441461722632188,127.33071537733949,126.20150000000001,125.07228462266053,0.6900000000000028,55566.0,0.2841806125670977,126.476,0.5775205624040688
2025-11-22 15:00:00,127.04,127.22,126.76,126.92,27542,2025-11-22 15:14:59.999,3499460.8900,1424,19825,2519991.7500,0,50.29013539651839,0.005577758197873095,-0.15108295025210244,0.15666070844997554,127.3153150680299,126.19750000000002,125.07968493197014,0.6971428571428595,55052.3,0.9785981382767157,126.752,0.26185874054448394
2025-11-22 15:15:00,126.92,127.4,126.66,127.25,132964,2025-11-22 15:29:59.999,16890434.1900,1878,86769,11034313.5700,0,55.38752362948954,0.07232854241640041,-0.10640065171840175,0.17872919413480215,127.46282724381463,126.27250000000001,125.08217275618539,0.720000000000004,54333.0,1.2008907268967752,126.90599999999999,0.2871062521080908
2025-11-22 15:30:00,127.24,127.4,126.16,126.3,78581,2025-11-22 15:44:59.999,9941218.2300,1648,2824,358426.0600,0,55.80952380952382,0.04801905744363921,-0.0755167098859935,0.12353576732963271,127.4707899002868,126.28899999999999,125.10721009971317,0.7028571428571482,57539.45,0.637450199203185,126.796,0.39790702431541625
2025-11-22 15:45:00,126.26,127.01,126.11,127.01,49128,2025-11-22 15:59:59.999,6217695.6300,1497,30461,3861499.6400,0,60.74450084602378,0.08506367976458762,-0.043400631955877234,0.12846431172046485,127.55093675731692,126.348,125.14506324268308,0.7428571428571483,59466.1,1.0100206775886833,126.904,0.35865024745503177
2025-11-22 16:00:00,127.01,127.88,126.81,127.88,92815,2025-11-22 16:14:59.999,11823719.8300,1686,83993,10700276.8800,0,68.19571865443424,0.18251906731082101,0.0017833078974624798,0.18073575941335854,127.80627853064895,126.42150000000001,125.03672146935106,0.7907142857142903,61461.45,1.3954963526799802,127.072,0.571725458589665
2025-11-22 16:15:00,127.88,127.93,127.55,127.58,26785,2025-11-22 16:29:59.999,3421410.0400,1413,12183,1557417.4600,0,63.93939393939397,0.23286153960485478,0.04799895423894099,0.1848625853659138,127.90059651217086,126.44750000000002,124.99440348782917,0.7714285714285763,58604.65,1.568346469230156,127.204,0.6031832225779908
2025-11-22 16:30:00,127.6,128.17,127.45,128.17,84798,2025-11-22 16:44:59.999,10831420.8400,1795,46308,5921475.6200,0,65.05139500734208,0.316715187735781,0.10174220093830902,0.21497298679747198,128.1478537772161,126.5115,124.8751462227839,0.750000000000003,62309.35,1.9974534458061366,127.38799999999999,0.7444931161532495
2025-11-22 16:45:00,128.17,128.34,128.04,128.11,25128,2025-11-22 16:59:59.999,3221557.7800,1290,14677,1882467.1800,0,69.65408805031475,0.3740168946747673,0.1561971396856007,0.2178197549891666,128.36852189038711,126.583,124.7974781096129,0.7221428571428602,62752.2,2.047156284849456,127.75,0.4741835087807246
2025-11-22 17:00:00,128.11,128.35,127.59,127.86,21180,2025-11-22 17:14:59.999,2708193.9100,1454,6937,888220.8800,0,66.76829268292695,0.39470617168223043,0.2038989460849267,0.19080722559730373,128.51192534069693,126.69149999999999,124.87107465930306,0.7378571428571448,58188.75,1.09108159392789,127.92,0.2342007685717847
2025-11-22 17:15:00,127.85,128.12,127.47,127.89,16932,2025-11-22 17:29:59.999,2164018.2900,1372,8067,1032175.2700,0,68.16074188562601,0.4088107893259547,0.24488131473313235,0.16392947459282237,128.63668618820373,126.799,124.96131381179629,0.7371428571428587,57429.2,0.8198659834450188,127.922,0.2338161671048746
2025-11-22 17:30:00,127.89,127.9,127.4,127.45,19917,2025-11-22 17:44:59.999,2542287.8200,1463,7076,904954.3300,0,58.1239530988275,0.3801030421331433,0.2719256602131345,0.10817738192000875,128.64893920233877,126.89650000000002,125.14406079766127,0.7000000000000008,57889.55,0.774887325057329,127.89599999999999,0.2833372548741379
2025-11-22 17:45:00,127.4,127.53,127.25,127.51,60711,2025-11-22 17:59:59.999,7734849.5300,1719,35063,4468938.2500,0,55.830388692579625,0.35806586192100553,0.28915370055470874,0.0689121613662968,128.66896149474636,126.98499999999999,125.30103850525362,0.6785714285714296,60012.45,0.3699622166246842,127.76399999999998,0.27745269867061284
2025-11-22 18:00:00,127.51,127.81,127.37,127.73,14228,2025-11-22 18:14:59.999,1813807.5600,1449,4282,546125.3200,0,61.45454545454553,0.35426953035333497,0.302176866514434,0.05209266383890099,128.72916083334917,127.0655,125.40183916665083,0.6685714285714296,58352.45,0.6381972896312655,127.68799999999999,0.20029977533587004
2025-11-22 18:15:00,127.73,127.94,127.36,127.84,15613,2025-11-22 18:29:59.999,1993503.1000,1394,6255,799734.5300,0,57.936507936507944,0.3560328320968438,0.312948059630916,0.04308477246592779,128.72480795762368,127.17699999999999,125.62919204237629,0.644285714285715,58089.55,0.4636542239685685,127.68400000000001,0.1961631973628093
2025-11-22 18:30:00,127.86,127.95,127.4,127.67,12846,2025-11-22 18:44:59.999,1639336.0200,1344,2570,328737.7200,0,57.367387033398856,0.3397957711684825,0.3183176019384293,0.02147816923005319,128.66309316577835,127.2775,125.89190683422164,0.6507142857142867,58028.35,1.0847189231987369,127.64000000000001,0.15968719422545619
2025-11-22 18:45:00,127.67,127.95,127.39,127.56,9996,2025-11-22 18:59:59.999,1276579.7300,1335,2432,311075.3100,0,53.1827515400411,0.3144272073427743,0.31753952301929833,-0.0031123156765240356,128.50017684622958,127.3785,126.25682315377043,0.6378571428571433,57251.5,0.4330367687583632,127.66199999999999,0.13217412757268196
2025-11-22 19:00:00,127.7,127.96,127.4,127.7,10556,2025-11-22 19:14:59.999,1348361.7800,1384,4810,614878.5000,0,67.241379310345,0.30213639444497176,0.31445889730443305,-0.012322502859461293,128.48558493164256,127.4395,126.39341506835743,0.5892857142857133,45866.55,-0.14075695964966578,127.7,0.1012422836546117
2025-11-22 19:15:00,127.72,127.96,127.15,127.16,14593,2025-11-22 19:29:59.999,1860068.6100,1290,2264,289677.2600,0,51.92802056555261,0.24598687933051622,0.3007644937096497,-0.05477761437913348,128.4731200425548,127.45500000000001,126.43687995744523,0.5828571428571406,38886.4,-0.32920520457752134,127.58599999999998,0.2582247083444907
2025-11-22 19:30:00,127.16,127.24,126.83,126.92,11112,2025-11-22 19:44:59.999,1412500.4400,1358,3684,468662.4000,0,35.27607361963189,0.18004657241358757,0.27662090945043727,-0.0965743370368497,128.42112961065473,127.4775,126.53387038934528,0.5357142857142837,38794.9,-0.9752672232191512,127.402,0.3451376536971724
2025-11-22 19:45:00,126.91,127.36,126.85,127.2,19718,2025-11-22 19:59:59.999,2508562.9800,1295,14415,1834460.3100,0,44.13580246913584,0.1486682587911332,0.25103037931857647,-0.10236212052744326,128.4161358889995,127.4855,126.55486411100051,0.5449999999999976,37257.15,-0.7103270626805173,127.30799999999999,0.31673332631661155
2025-11-22 20:00:00,127.2,127.42,127.03,127.35,13785,2025-11-22 20:14:59.999,1754201.3600,1332,3824,487070.5600,0,35.35714285714289,0.13435567187453046,0.22769543782976726,-0.0933397659552368,128.40180606543316,127.50699999999999,126.61219393456682,0.5214285714285702,36569.3,-0.3988737681839552,127.266,0.2875413013804843
2025-11-22 20:15:00,127.35,127.43,127.02,127.26,9901,2025-11-22 20:29:59.999,1259711.4900,1240,2090,266270.3300,0,34.98233215547687,0.11443151434295373,0.20504265313240458,-0.09061113878945085,128.40171238499187,127.50750000000001,126.61328761500815,0.529285714285713,30416.15,-0.4926108374384201,127.178,0.1609968943786703
2025-11-22 20:30:00,127.25,127.43,126.44,126.44,24961,2025-11-22 20:44:59.999,3164313.7300,1424,2795,356005.5000,0,29.11764705882345,0.03210436809501971,0.17045499612492762,-0.1383506280299079,128.37027850060892,127.51450000000003,126.65872149939113,0.5457142857142857,27735.15,-0.7924676343664222,127.03399999999999,0.3688902275739626
2025-11-22 20:45:00,126.44,127.43,126.11,126.37,62422,2025-11-22 20:59:59.999,7892750.9400,1474,2028,256770.0300,0,27.90697674418601,-0.03834685410292593,0.12869462607935692,-0.16704148018228285,128.45729552511725,127.4825,126.50770447488276,0.5935714285714287,28399.85,-0.8940475256842604,126.924,0.4774201503912068
2025-11-22 21:00:00,126.37,126.71,126.1,126.36,11271,2025-11-22 21:14:59.999,1425354.5000,1278,6020,761815.9300,0,31.893687707641092,-0.09390439778675841,0.08417482130613384,-0.17807921909289226,128.48256055395996,127.40650000000001,126.33043944604006,0.6014285714285715,24322.65,-1.0725749628121855,126.756,0.5031202639524217
2025-11-22 21:15:00,126.35,126.54,126.08,126.35,9521,2025-11-22 21:29:59.999,1202851.9300,1297,2346,296765.2600,0,30.405405405405176,-0.13715997087696508,0.039907862869514046,-0.1770678337464791,128.51573975713924,127.345,126.17426024286074,0.6142857142857149,23459.45,-1.1655193992490684,126.556,0.39513288903804356
2025-11-22 21:30:00,126.35,126.54,126.06,126.36,9052,2025-11-22 21:44:59.999,1142793.1000,1396,1637,207058.8500,0,25.09090909090901,-0.16868886763690227,-0.0018114832317692293,-0.16687738440513306,128.43649608156758,127.25449999999998,126.07250391843236,0.6171428571428582,19672.15,-1.02608286989896,126.376,0.03646916505133748
2025-11-22 21:45:00,126.07,126.56,126.06,126.56,9001,2025-11-22 21:59:59.999,1137934.4200,1346,2369,299787.5000,0,27.464788732394368,-0.1755142171560493,-0.03655203001662526,-0.13896218713942404,128.3256028125735,127.17700000000002,126.02839718742655,0.6114285714285727,18865.8,-0.783944810285356,126.4,0.08972179222208265
2025-11-22 22:00:00,126.56,126.86,126.06,126.86,29633,2025-11-22 22:14:59.999,3752202.5000,1503,21736,2753912.1300,0,36.36363636363632,-0.1549299537853983,-0.06022761477037988,-0.09470233901501843,128.23682407330318,127.127,126.01717592669681,0.6292857142857154,19288.45,-0.6577916992952259,126.498,0.22072607458011206
2025-11-22 22:15:00,126.86,127.29,126.86,127.29,33763,2025-11-22 22:29:59.999,4289149.1400,1501,23248,2953195.5600,0,45.89665653495448,-0.10273513979747406,-0.06872911977579872,-0.03400602002167534,128.15101687792296,127.09700000000001,126.04298312207708,0.6200000000000015,20130.0,0.10223340673168424,126.68400000000001,0.39690049130676786
2025-11-22 22:30:00,127.04,127.4,127.04,127.31,28547,2025-11-22 22:44:59.999,3634453.4100,1530,22441,2857728.9500,0,43.84858044164037,-0.05907555646764706,-0.06679840711416839,0.007722850646521326,128.13597474056203,127.09,126.04402525943799,0.605714285714288,20561.5,0.3072801764891274,126.876,0.426063375567015
2025-11-22 22:45:00,127.3,128.48,127.16,128.19,580527,2025-11-22 22:59:59.999,74362460.8900,1625,574230,73555989.4600,0,64.67236467236472,0.046003262613623974,-0.04423807316860991,0.09024133578223388,128.2671516913659,127.124,125.98084830863408,0.6421428571428598,46552.3,0.7783018867924487,127.242,0.6157678133838793
2025-11-22 23:00:00,128.19,128.48,127.69,127.89,10721,2025-11-22 23:14:59.999,1372860.5600,1378,2148,275953.8400,0,63.585434173669476,0.10387411394242463,-0.014615635746402993,0.11848974968882763,128.29507396696457,127.13200000000002,125.96892603303547,0.6692857142857166,46376.95,0.42402826855124165,127.50800000000001,0.5286019296214961
2025-11-22 23:15:00,127.87,128.48,127.28,127.63,60238,2025-11-22 23:29:59.999,7678010.9600,1586,2917,371842.6000,0,56.05633802816891,0.12729004850345405,0.013765501103568422,0.11352454739988563,128.2612188018838,127.1215,125.98178119811618,0.7185714285714297,48608.2,0.2907433600502832,127.662,0.3853829264505263
2025-11-22 23:30:00,127.63,127.97,127.27,127.58,12291,2025-11-22 23:44:59.999,1569461.5300,1383,5457,697546.7600,0,53.33333333333338,0.14019666584161428,0.0390517340511776,0.10114493179043668,128.24827966666496,127.117,125.98572033333505,0.7407142857142871,48580.45,0.9016134134767484,127.72,0.3337663853649351
2025-11-22 23:45:00,127.58,127.97,127.48,127.51,10128,2025-11-22 23:59:59.999,1292928.5900,1322,2241,286729.5700,0,53.644314868804656,0.1431269630000429,0.05986677984095068,0.08326018315909223,128.2418718855906,127.11449999999999,125.98712811440939,0.7464285714285717,48587.05,0.9021128432381108,127.75999999999999,0.2799999999992392
2025-11-23 00:00:00,127.51,127.97,127.49,127.96,10799,2025-11-23 00:14:59.999,1380257.5900,1216,2706,346264.0800,0,74.83660130718957,0.17968911722627467,0.08383124731801549,0.09585786990825919,128.28878558525687,127.12750000000001,125.96621441474315,0.7099999999999999,48599.2,1.2662234884457062,127.71399999999998,0.198821528008345
2025-11-23 00:15:00,127.96,128.48,127.73,128.3,24324,2025-11-23 00:29:59.999,3120064.4000,1521,20143,2584253.9500,0,78.97897897897897,0.23340943186306617,0.11374688422702563,0.11966254763604055,128.45890347242363,127.1845,125.91009652757637,0.6692857142857126,49085.75,1.543332014246155,127.796,0.33049962178431863
2025-11-23 00:30:00,128.3,128.48,127.91,127.99,8706,2025-11-23 00:44:59.999,1115272.6600,1265,1113,142997.0400,0,72.45179063360861,0.24810872857977984,0.14061925309757647,0.10748947548220336,128.55478396101984,127.23799999999999,125.92121603898015,0.6664285714285693,48965.45,1.2899651788540643,127.86800000000001,0.3244533864819076
2025-11-23 00:45:00,128.0,128.48,127.63,127.92,24083,2025-11-23 00:59:59.999,3077041.6800,1491,2371,304046.1400,0,71.27371273712741,0.2512137785119961,0.16273815818046042,0.08847562033153569,128.62532527542376,127.274,125.92267472457623,0.6942857142857112,49183.7,1.0745891276864725,127.93599999999999,0.28183328405207636
2025-11-23 01:00:00,127.92,128.41,127.63,128.39,6706,2025-11-23 01:14:59.999,859512.6100,1183,3539,453884.6100,0,74.4578313253011,0.2882765353519261,0.18784583361475357,0.10043070173717253,128.76672204119987,127.326,125.88527795880012,0.7157142857142824,48829.75,1.206053917704546,128.112,0.21649480363182083
2025-11-23 01:15:00,128.39,128.7,127.9,128.69,28759,2025-11-23 01:29:59.999,3697920.8700,1348,22874,2942112.7900,0,75.05882352941171,0.3379607187609537,0.2178688106439936,0.12009190811696008,128.9611243323224,127.3975,125.83387566767756,0.7371428571428525,49772.65,1.0998507345431623,128.25799999999998,0.3130015974393384
2025-11-23 01:30:00,128.69,129.4,128.36,129.4,54041,2025-11-23 01:44:59.999,6977522.5200,1524,49216,6355086.5500,0,77.25321888412017,0.4296738235573514,0.2602298132266652,0.16944401033068618,129.27867445290707,127.54549999999999,125.8123255470929,0.7542857142857093,51226.65,1.641662084675205,128.478,0.602552902241436
2025-11-23 01:45:00,129.4,129.55,129.2,129.35,19231,2025-11-23 01:59:59.999,2488102.4400,1280,8384,1085346.9800,0,74.06542056074744,0.4926436492144006,0.30671258042421234,0.18593106879018828,129.5124742919841,127.69449999999999,125.87652570801588,0.7485714285714248,49067.1,0.9049067789999193,128.75,0.633364034343253
2025-11-23 02:00:00,129.35,129.81,129.12,129.46,18549,2025-11-23 02:14:59.999,2403954.1700,1255,10003,1297822.0500,0,74.59954233409599,0.5451397354420777,0.35439801142778543,0.1907417240142923,129.71635747771614,127.84949999999999,125.98264252228385,0.7721428571428532,49431.0,1.227617483775125,129.058,0.486178979388807
2025-11-23 02:15:00,129.46,129.96,129.43,129.85,37680,2025-11-23 02:29:59.999,4891137.9900,1375,29395,3817253.3200,0,71.39175257731941,0.6111678302566759,0.4057519751935636,0.20541585506311227,129.9546210761039,128.0245,126.09437892389607,0.7157142857142824,50838.95,1.739402961686123,129.35,0.41838977042886777
2025-11-23 02:30:00,129.85,130.45,129.84,130.37,19041,2025-11-23 02:44:59.999,2478225.3600,1239,14275,1858170.4600,0,80.24390243902417,0.6974158372893839,0.4640847476127277,0.23333108967665622,130.25748875182998,128.225,126.19251124817002,0.7028571428571391,51338.4,2.1868631446935303,129.68599999999998,0.43026735874278776
2025-11-23 02:45:00,130.38,130.61,129.93,129.95,15911,2025-11-23 02:59:59.999,2074329.5600,1407,8814,1150363.4800,0,77.23004694835643,0.7235370380172412,0.5159752056936304,0.2075618323236108,130.40767214993224,128.3945,126.38132785006775,0.6657142857142831,51683.9,1.9135754058505083,129.796,0.4086318636615159
2025-11-23 03:00:00,129.93,130.54,129.71,129.73,33919,2025-11-23 03:14:59.999,4404039.7400,1423,5782,752442.4000,0,74.26636568848721,0.7182070761951138,0.5564215797939271,0.16178549640118667,130.49910173117047,128.538,126.57689826882955,0.6749999999999962,51898.2,1.3832447639887435,129.87199999999999,0.33334666639922156
2025-11-23 03:15:00,129.74,130.26,129.35,129.43,33151,2025-11-23 03:29:59.999,4299233.2800,1492,10338,1345231.1600,0,70.60085836909856,0.6819148652939475,0.5815202368939313,0.10039462840001623,130.5521775784623,128.645,126.73782242153771,0.7049999999999963,51867.6,0.880748246297736,129.86599999999999,0.34275355577947647
2025-11-23 03:30:00,129.44,129.82,129.35,129.73,9861,2025-11-23 03:44:59.999,1278201.6800,1278,5187,672546.0800,0,69.62305986696211,0.6696413061342241,0.5991444507419899,0.07049685539223427,130.62296299880944,128.76600000000002,126.9090370011906,0.7042857142857102,50933.3,1.359481209469486,129.842,0.34831020656805045
2025-11-23 03:45:00,129.73,129.83,129.51,129.83,12612,2025-11-23 03:59:59.999,1636033.3400,1192,3883,504066.2400,0,67.91569086651039,0.660371236031267,0.6113898077998453,0.04898142823142171,130.7423305997245,128.848,126.95366940027552,0.673571428571427,22537.55,1.4931207004377822,129.734,0.19256167842924232
2025-11-23 04:00:00,129.8,130.75,129.8,130.72,80846,2025-11-23 04:14:59.999,10529654.0400,1651,75706,9859945.6600,0,78.14432989690721,0.7165799006441489,0.6324278263687061,0.0841520742754428,131.00164705960415,128.9895,126.97735294039583,0.7007142857142838,26043.8,1.81478308279462,129.88799999999998,0.48869213212355317
2025-11-23 04:15:00,130.71,131.52,130.62,130.87,98151,2025-11-23 04:29:59.999,12875320.6300,1660,90973,11934322.5800,0,79.91886409736298,0.7644176851595716,0.6588257981268792,0.1055918870326924,131.223603177679,129.1515,127.079396822321,0.7042857142857132,27939.45,1.6939933172740749,130.116,0.6392808459506958
2025-11-23 04:30:00,130.87,131.52,130.51,130.59,44472,2025-11-23 04:44:59.999,5817234.2600,1919,10156,1331924.8900,0,73.20675105485232,0.7708499389865722,0.6812306262988179,0.08961931268775425,131.33029043907996,129.302,127.27370956092003,0.720714285714286,29548.5,0.9196290571870152,130.348,0.5290746639175007
2025-11-23 04:45:00,130.59,130.83,130.59,130.63,29860,2025-11-23 04:59:59.999,3902702.8800,1439,14707,1922595.5500,0,71.6517857142856,0.7702957219333655,0.6990436454257275,0.07125207650763798,131.38328439457658,129.458,127.53271560542342,0.6807142857142878,30535.1,0.989563200618478,130.528,0.4047468344525909
2025-11-23 05:00:00,130.63,130.83,130.43,130.69,17840,2025-11-23 05:14:59.999,2331416.5600,1312,8287,1084187.8900,0,66.84073107049593,0.7658695314429451,0.712408822629171,0.05346070881377407,131.45873936796022,129.59449999999998,127.73026063203974,0.6350000000000031,30887.15,0.9501004171172482,130.7,0.10770329613981232
2025-11-23 05:15:00,130.7,130.83,130.4,130.45,27491,2025-11-23 05:29:59.999,3588750.5900,1483,14887,1944470.0100,0,63.68159203980089,0.734528563475692,0.7168327707984753,0.01769579267721666,131.49867060507987,129.702,127.90532939492013,0.6407142857142877,31045.5,0.46207162110126637,130.64600000000002,0.15323185047302346
2025-11-23 05:30:00,130.44,130.6,130.14,130.19,13377,2025-11-23 05:44:59.999,1743276.3900,1437,3041,396841.1600,0,58.752997601918366,0.6808622396271744,0.7096386645642152,-0.0287764249370408,131.42760286938932,129.81199999999998,128.19639713061065,0.624285714285717,31279.05,-0.13806857405845427,130.51,0.19949937343110347
2025-11-23 05:45:00,130.19,130.67,130.19,130.46,21245,2025-11-23 05:59:59.999,2773621.8000,1485,10489,1370045.9100,0,57.53086419753101,0.6525953198929528,0.6982299956299628,-0.045634675737009966,131.3090541671966,129.939,128.5689458328034,0.6207142857142876,31137.15,0.39245863793768326,130.48399999999998,0.19488458122541663
2025-11-23 06:00:00,130.46,130.7,130.27,130.3,15012,2025-11-23 06:14:59.999,1958602.3200,1468,3539,462321.0200,0,49.05149051490525,0.610248357478298,0.6806336679996299,-0.0703853105213319,131.2010960379624,130.0345,128.86790396203762,0.6078571428571442,31552.45,0.4393740846373404,130.418,0.18886503117151143
2025-11-23 06:15:00,130.3,130.32,129.63,129.72,64348,2025-11-23 06:29:59.999,8373786.2000,1807,3175,413218.3800,0,47.01298701298714,0.5238483384687811,0.6492766020934602,-0.12542826362467907,131.0810064797462,130.086,129.09099352025382,0.6085714285714293,33331.9,0.2240593370934034,130.22400000000002,0.3031996042204693
2025-11-23 06:30:00,129.72,130.13,129.29,129.38,44941,2025-11-23 06:44:59.999,5817454.0300,1615,3764,488298.8000,0,45.59193954659956,0.42306372935027525,0.6040340275448233,-0.18097029819454802,131.0829452574376,130.08499999999998,129.08705474256237,0.6092857142857164,32876.9,-0.26979110460186106,130.01,0.44721359549939305
2025-11-23 06:45:00,129.38,129.43,129.13,129.28,24329,2025-11-23 06:59:59.999,3146103.3000,1362,6631,858239.8900,0,48.01061007957553,0.3313029823272018,0.549487818501299,-0.21818483617409723,131.09072638428498,130.0815,129.07227361571503,0.5657142857142888,33131.8,-0.4236309019487109,129.828,0.5326537336765089
2025-11-23 07:00:00,129.28,129.43,128.8,128.98,11345,2025-11-23 07:14:59.999,1464310.5500,1280,1658,214582.3000,0,40.05305039787808,0.23170350437857223,0.48593095567675365,-0.2542274512981814,131.14847493820417,130.0575,128.96652506179583,0.5771428571428601,32771.6,-1.3310893512851967,129.532,0.5041031640443954
2025-11-23 07:15:00,128.98,129.43,128.04,128.13,84814,2025-11-23 07:29:59.999,10886702.5100,1574,6545,844002.7200,0,31.194690265486585,0.0832229662446764,0.4053893577903382,-0.3221663915456618,131.36152877668061,129.97150000000002,128.58147122331943,0.653571428571431,35128.3,-2.093680751891197,129.098,0.6021793752692333
2025-11-23 07:30:00,128.13,128.86,128.03,128.81,58130,2025-11-23 07:44:59.999,7472082.8300,1392,50533,6497191.2700,0,27.842227378190444,0.02018866147358267,0.3283492185269871,-0.30816055705340445,131.36222339841538,129.89350000000002,128.42477660158465,0.6450000000000041,37082.75,-1.3630446435408539,128.916,0.495207027413459
2025-11-23 07:45:00,128.81,129.05,116.0,128.79,138730,2025-11-23 07:59:59.999,17783996.2700,1776,27486,3540899.2000,0,25.119617224880443,-0.031022701531099983,0.2564748345153697,-0.28749753604646966,131.3842648729162,129.8355,128.2867351270838,1.5128571428571473,43223.7,-1.408558524075636,128.798,0.4218649072863155
2025-11-23 08:00:00,128.79,129.34,128.7,129.3,22971,2025-11-23 08:14:59.999,2964538.8900,1367,18671,2409397.1100,0,35.374149659864216,-0.030108270619990662,0.1991582134882976,-0.22926648410828826,131.3807653571006,129.814,128.24723464289937,1.4864285714285757,42676.3,-1.0635855842068915,128.802,0.4276330202401299
2025-11-23 08:15:00,129.3,129.36,129.05,129.14,18762,2025-11-23 08:29:59.999,2423771.2000,1376,4042,522552.5300,0,33.554083885209934,-0.041812254098744006,0.1509641199708893,-0.1927763740696333,131.38646632140174,129.79950000000002,128.2125336785983,1.491428571428575,41956.85,-1.0042161747796108,128.834,0.4496998999329354
2025-11-23 08:30:00,129.14,129.28,128.8,128.86,43502,2025-11-23 08:44:59.999,5607832.8900,1400,7521,969821.1700,0,30.73684210526355,-0.07284173013457007,0.10620294994979741,-0.17904468008436747,131.39773720571586,129.756,128.11426279428414,1.4971428571428598,43638.9,-1.0215838390045195,128.98,0.22770595073400524
2025-11-23 08:45:00,128.86,129.63,128.79,129.58,248348,2025-11-23 08:59:59.999,32167717.1700,1313,243613,31556555.4000,0,41.68260038240948,-0.0388865729059944,0.07718504537863904,-0.11607161828463344,131.38667119587322,129.74349999999998,128.10032880412675,1.5264285714285737,55425.7,-0.6745362563237739,129.13400000000001,0.3240061727801835
2025-11-23 09:00:00,129.58,129.69,129.37,129.69,45586,2025-11-23 09:14:59.999,5903120.3900,1441,10351,1341152.9700,0,45.078740157480354,-0.0030654492354074137,0.06113494645582975,-0.06420039569123717,131.26956107563814,129.69199999999998,128.11443892436182,1.5164285714285728,53662.7,-0.4681504221028501,129.31400000000002,0.33493282908613126
2025-11-23 09:15:00,129.68,129.72,129.47,129.57,9336,2025-11-23 09:29:59.999,1210063.1700,1148,3063,397262.7600,0,40.973630831642915,0.01546181834436311,0.05200032083353642,-0.03653850248917331,131.10412523076704,129.627,128.14987476923298,1.500000000000002,49221.95,-0.11563367252544379,129.368,0.3533694950043546
2025-11-23 09:30:00,129.57,130.37,129.53,130.37,96516,2025-11-23 09:44:59.999,12551197.1100,1443,91734,11930864.5100,0,50.62836624775577,0.09361894249380498,0.060324045165590146,0.033294897328214834,131.0659568051643,129.61599999999999,128.16604319483568,1.5292857142857181,51824.15,0.7651878188282649,129.61399999999998,0.5359384292991107
2025-11-23 09:45:00,130.36,130.38,129.62,130.0,11952,2025-11-23 09:59:59.999,1552296.8700,1220,1146,149269.5200,0,52.611940298507456,0.12427060538357182,0.07311335720918648,0.05115724817438534,130.9675321379986,129.5845,128.20146786200138,1.5342857142857176,50928.75,0.5569306930693061,129.842,0.3425930530521192
2025-11-23 10:00:00,130.01,130.05,129.62,129.8,10292,2025-11-23 10:14:59.999,1336368.2300,1218,2173,282445.4900,0,54.02298850574726,0.13091483622318378,0.08467365301198594,0.04624118321119784,130.82721649919105,129.54000000000002,128.252783500809,1.5050000000000037,50551.35,0.6357574817801377,129.88600000000002,0.31341665558736503
2025-11-23 10:15:00,129.79,130.05,129.56,129.72,12893,2025-11-23 10:29:59.999,1674006.9200,1258,3990,518840.1100,0,54.23076923076918,0.12824675699607724,0.09338827380880421,0.034858483187273026,130.72161372729795,129.50349999999997,128.285386272702,1.518571428571432,49821.45,1.2409271833294337,129.892,0.308982200133872
2025-11-23 10:30:00,129.74,130.05,129.44,129.78,18746,2025-11-23 10:44:59.999,2430349.0400,1406,12395,1607285.2000,0,58.06451612903231,0.12948120469528135,0.10060685998609965,0.028874344709181696,130.66575503536632,129.483,128.3002449646337,1.5171428571428618,50089.9,0.7530471236705216,129.93400000000003,0.2654806960958945
2025-11-23 10:45:00,129.78,130.0,129.7,129.88,25775,2025-11-23 10:59:59.999,3347459.7400,1363,20426,2653007.5400,0,70.78384798099745,0.13695000308342742,0.10787548860556523,0.02907451447786219,130.5619692186491,129.454,128.34603078135092,1.4392857142857187,50316.4,0.8463390014752724,129.83599999999998,0.10807404868687548
2025-11-23 11:00:00,129.88,130.0,129.25,129.28,12782,2025-11-23 11:14:59.999,1655632.2200,1327,1099,142836.5200,0,55.69007263922513,0.09337769507212101,0.10497592989887637,-0.011598234826755358,130.43853901550435,129.403,128.36746098449564,1.433571428571432,50204.9,-0.015467904099002498,129.692,0.2373183515862083
2025-11-23 11:15:00,129.28,130.0,129.06,129.32,75770,2025-11-23 11:29:59.999,9792958.3900,1445,26998,3491834.4600,0,56.3855421686747,0.0613665967731265,0.0962540632737264,-0.0348874665005999,130.40815929442576,129.383,128.35784070557426,0.5685714285714312,50776.0,0.13938361468174604,129.596,0.2765501762783932
2025-11-23 11:30:00,129.32,129.69,129.3,129.68,30665,2025-11-23 11:44:59.999,3972295.1600,1386,26141,3386357.6200,0,54.749999999999936,0.06430529023188569,0.08986430866535827,-0.02555901843347258,130.43171786846273,129.398,128.36428213153727,0.5507142857142863,50062.2,0.6363495266180297,129.588,0.27261694738150727
2025-11-23 11:45:00,129.68,129.83,129.44,129.67,13582,2025-11-23 11:59:59.999,1760562.8000,1310,2829,367044.8400,0,56.883116883116905,0.0650771407844104,0.0849068750891687,-0.019829734304758304,130.4565456147224,129.4175,128.3784543852776,0.5564285714285729,49524.85,0.06945516283375133,129.56599999999997,0.2572547375649569
2025-11-23 12:00:00,129.66,130.46,129.61,130.46,59903,2025-11-23 12:14:59.999,7795283.7400,1566,55440,7215096.4800,0,68.34862385321077,0.12796018922679764,0.09351753791669451,0.03444265131010313,130.607324453275,129.4915,128.375675546725,0.5828571428571446,51952.75,0.5937234944868611,129.682,0.4738354144632802
2025-11-23 12:15:00,130.46,131.1,130.42,130.96,51266,2025-11-23 12:29:59.999,6704672.7700,1395,39920,5219845.2600,0,66.66666666666643,0.21565533841248907,0.11794509801585344,0.09771024039663563,130.73957556166954,129.63299999999998,128.52642443833042,0.5714285714285735,50275.35,1.0727791927143744,130.018,0.671803542711334
2025-11-23 12:30:00,130.96,131.5,130.7,130.73,17867,2025-11-23 12:44:59.999,2340490.4800,1490,5723,750752.2300,0,62.206572769952736,0.26355717530731226,0.14706751347414523,0.11648966183316703,130.86762151190308,129.72899999999998,128.5903784880969,0.6057142857142891,48262.2,0.2761371481168867,130.3,0.5973692325517086
2025-11-23 12:45:00,130.73,130.94,130.65,130.78,47198,2025-11-23 12:59:59.999,6170826.3800,1373,4172,545973.9800,0,64.43914081145564,0.30207220785402455,0.17806845235012111,0.12400375550390344,130.96941883562056,129.8285,128.68758116437942,0.6085714285714313,43685.6,0.6000000000000009,130.52,0.5077893263936981
2025-11-23 13:00:00,130.69,131.22,130.49,130.5,32400,2025-11-23 13:14:59.999,4244993.0000,1314,23264,3049171.8200,0,51.771117166212434,0.3064692027327567,0.20374860242664825,0.10272060030610844,131.0385713936649,129.8885,128.73842860633508,0.6007142857142875,44157.05,0.5392912172573101,130.686,0.20707486568707015
2025-11-23 13:15:00,130.5,130.99,130.39,130.95,14117,2025-11-23 13:29:59.999,1843567.8500,1342,4908,641910.2300,0,62.66666666666632,0.3423190507346874,0.2314626920882561,0.11085635864643129,131.16535931363674,129.97899999999998,128.79264068636323,0.5892857142857183,43924.8,0.9481961147085953,130.78400000000002,0.18849403173388354
2025-11-23 13:30:00,130.96,131.16,130.71,131.14,11401,2025-11-23 13:44:59.999,1493165.0200,1258,4716,618298.5300,0,67.91443850267315,0.38166216168480105,0.2615025860075651,0.12015957567723595,131.2647032137247,130.09300000000002,128.92129678627535,0.5907142857142885,42319.75,1.0479272615194832,130.82,0.24052026941462074
2025-11-23 13:45:00,131.14,131.57,130.72,131.49,14942,2025-11-23 13:59:59.999,1962956.0600,1310,7192,945370.2300,0,72.06982543640868,0.4360573376806087,0.2964135363421738,0.1396438013384349,131.48848016179195,130.18849999999998,128.888519838208,0.6164285714285731,30649.45,1.2396057899599735,130.97199999999998,0.37305495573606756
2025-11-23 14:00:00,131.5,132.45,131.4,131.57,616123,2025-11-23 14:14:59.999,81214624.8700,1648,582057,76726239.3000,0,72.20843672456533,0.4800870927400922,0.33314824762175754,0.14693884511833466,131.69750046494323,130.2825,128.86749953505677,0.6478571428571424,59176.3,1.771349009900984,131.13,0.4337626078849944
2025-11-23 14:15:00,131.57,131.68,130.85,130.98,124151,2025-11-23 14:29:59.999,16278800.4200,1720,11920,1565450.5500,0,62.16814159292011,0.46204673488239223,0.35892794507388454,0.1031187898085077,131.7590036684837,130.353,128.94699633151632,0.6857142857142853,64917.05,1.2836374884008634,131.226,0.2881492668725133
2025-11-23 14:30:00,130.95,131.16,130.73,131.02,39196,2025-11-23 14:44:59.999,5130823.5600,1525,11620,1523205.4300,0,71.96969696969657,0.44583794468317706,0.3763099449957431,0.06952799968743395,131.82285832253777,130.3855,128.94814167746225,0.6628571428571429,62051.05,1.033312769895129,131.24,0.2726719640871771
2025-11-23 14:45:00,130.99,131.17,130.48,130.68,48940,2025-11-23 14:59:59.999,6402294.7200,1317,15716,2061320.0400,0,65.96244131455376,0.400935468833552,0.3812350497633049,0.01970041907024711,131.85061991479628,130.41950000000003,128.98838008520377,0.6450000000000001,63900.45,0.7789002853397234,131.148,0.3737244974565906
2025-11-23 15:00:00,130.67,131.18,130.39,131.14,29602,2025-11-23 15:14:59.999,3872660.6100,1277,17419,2282582.4100,0,66.74311926605455,0.39788155768823685,0.38456435134829137,0.013317206339945487,131.92096707507488,130.4865,129.05203292492513,0.673571428571431,64865.95,0.5212325617047205,131.07799999999997,0.32298606780974065
2025-11-23 15:15:00,131.14,131.28,130.39,131.05,18070,2025-11-23 15:29:59.999,2369555.8000,1214,10130,1329446.5900,0,65.54054054054072,0.3837751423518512,0.38440650954900335,-0.0006313671971521773,131.96091895699783,130.553,129.14508104300216,0.7092857142857169,65124.8,0.06872327428222617,130.974,0.17458522274016103
2025-11-23 15:30:00,131.05,132.45,130.93,132.45,178546,2025-11-23 15:44:59.999,23551511.8800,1446,172410,22745365.4900,0,69.70297029702958,0.4800305127507727,0.4035313101893573,0.0764992025614154,132.27992431656847,130.6865,129.09307568343152,0.7571428571428588,73114.8,1.3156888242943465,131.26799999999997,0.6834251970765509
2025-11-23 15:45:00,132.45,132.93,132.09,132.82,68363,2025-11-23 15:59:59.999,9057772.7000,1760,46868,6213253.7700,0,68.90243902439013,0.5794895006599461,0.43872294828347513,0.14076655237647095,132.64163687185692,130.8335,129.02536312814306,0.7685714285714299,75244.2,1.5598715399908183,131.628,0.9443886911642811
2025-11-23 16:00:00,132.93,133.19,132.31,132.34,31929,2025-11-23 16:14:59.999,4238459.0200,1313,11108,1477335.3800,0,65.57059961315306,0.6125187420517477,0.4734821070371296,0.1390366350146181,132.7586503441033,130.9865,129.2143496558967,0.7742857142857146,76201.55,1.4099616858237574,131.96,0.8100308636088286
2025-11-23 16:15:00,132.37,133.19,131.86,131.97,52775,2025-11-23 16:29:59.999,6967511.5400,1407,3682,487273.4000,0,60.837887067395336,0.6019004128631593,0.4991657682023356,0.10273464466082372,132.7577659028094,131.119,129.4802340971906,0.8485714285714282,75051.8,0.7789232531500652,132.12600000000003,0.6735206010203366
2025-11-23 16:30:00,131.97,132.74,131.84,132.71,31692,2025-11-23 16:44:59.999,4197021.5300,1445,23974,3175161.2800,0,68.57142857142875,0.645753283922545,0.5284832713463775,0.11727001257616754,132.9093632131997,131.2705,129.6316367868003,0.8607142857142865,75103.15,1.1971938386457386,132.458,0.334170615103547
2025-11-23 16:45:00,132.73,132.74,131.84,132.72,26609,2025-11-23 16:59:59.999,3518460.4900,1265,4699,623422.4200,0,66.06170598911092,0.6735496554399845,0.557496548165099,0.11605310727488549,133.00128821329022,131.423,129.84471178670978,0.8821428571428568,75754.5,0.9354323522701267,132.512,0.35379372521098157
2025-11-23 17:00:00,131.81,132.72,131.18,131.36,109018,2025-11-23 17:14:59.999,14337682.6800,1464,5712,751173.8600,0,51.64670658682656,0.5791616317005719,0.5618295648721936,0.01733206682837829,132.9806359008107,131.46800000000002,129.95536409918932,0.9599999999999999,78210.25,-0.15961085353802504,132.22,0.5715330261662577
2025-11-23 17:15:00,131.36,131.46,130.73,131.46,67181,2025-11-23 17:29:59.999,8797643.2300,1636,16662,2185201.7900,0,49.76671850699843,0.506587976248511,0.5507812471474571,-0.04419327089894609,132.98669340896996,131.493,129.99930659103003,0.951428571428573,79006.0,0.3664681630783465,132.044,0.6547747704354644
2025-11-23 17:30:00,131.46,131.76,131.12,131.73,38119,2025-11-23 17:44:59.999,5014701.8300,1443,24178,3182191.3000,0,51.2084592145015,0.4654936538110235,0.5337237284801705,-0.06823007466914699,132.99553462681806,131.54299999999998,130.0904653731819,0.9221428571428589,80018.6,0.5419019996946874,131.996,0.6701716198100544
2025-11-23 17:45:00,131.73,131.76,130.91,131.3,12365,2025-11-23 17:59:59.999,1621894.9500,1218,4129,542159.1300,0,52.47678018575871,0.3936904821445921,0.5057170792130548,-0.11202659706846263,132.98211004525493,131.56900000000002,130.1558899547451,0.923571428571429,78276.95,0.47444138353229603,131.714,0.5859863479629186
2025-11-23 18:00:00,131.31,131.84,131.29,131.77,39844,2025-11-23 18:14:59.999,5243485.7800,1248,31666,4166817.4100,0,55.44267053701026,0.37044081214952485,0.4786618258003488,-0.10822101365082393,132.95455382484593,131.6325,130.31044617515406,0.9321428571428579,78649.15,0.4804026231508494,131.524,0.21454603235433536
2025-11-23 18:15:00,131.78,132.4,131.56,132.16,85861,2025-11-23 18:29:59.999,11348629.6200,1168,80559,10649103.5300,0,60.662824207492946,0.3791148220591367,0.45875242505210634,-0.07963760299296962,132.99412663730942,131.69299999999998,130.39187336269055,0.9428571428571441,82236.35,0.8470049599389432,131.68400000000003,0.3292871087651821
2025-11-23 18:30:00,132.13,132.79,131.56,132.61,24211,2025-11-23 18:44:59.999,3210726.7100,1293,20524,2722379.6300,0,60.606060606060964,0.4174877377587336,0.45049948759343184,-0.033011749834698234,133.1017275579763,131.7665,130.43127244202373,0.9742857142857133,82876.85,0.1208003020007739,131.914,0.49409513253912324
2025-11-23 18:45:00,132.61,132.79,132.05,132.1,22726,2025-11-23 18:59:59.999,3004704.9200,1403,2383,315899.3900,0,57.14285714285709,0.4021105323246559,0.4408216965396766,-0.038711164215020744,133.13350132415724,131.797,130.46049867584276,0.9635714285714252,83266.05,-0.5420870350850767,131.988,0.48730893691663607
2025-11-23 19:00:00,132.1,132.29,131.96,132.25,10657,2025-11-23 19:14:59.999,1408176.9300,1331,4890,646416.3500,0,48.36065573770501,0.3974462199844595,0.43214660122863324,-0.03470038124417374,133.17774500380122,131.831,130.48425499619876,0.8785714285714253,52992.75,-0.06800664953906861,132.178,0.30194370335999543
2025-11-23 19:15:00,132.25,132.9,131.95,132.64,364882,2025-11-23 19:29:59.999,48440337.3600,1528,358283,47565878.3800,0,48.52941176470582,0.420373653626541,0.4297920117082148,-0.009418358081673794,133.24442771120317,131.91400000000002,130.58357228879686,0.8864285714285691,65029.3,0.5076911419261859,132.352,0.25508822003118786
2025-11-23 19:30:00,132.64,132.91,132.51,132.86,8982,2025-11-23 19:44:59.999,1192853.7300,1168,3589,476781.7900,0,54.436860068259485,0.45109601723694936,0.4340528128139617,0.01704320442298768,133.33059169478568,132.006,130.68140830521432,0.8521428571428556,63518.6,0.11302840780649964,132.492,0.3096288100268344
2025-11-23 19:45:00,132.86,132.9,132.29,132.3,79370,2025-11-23 19:59:59.999,10528820.8100,1572,5256,697229.8500,0,52.72727272727284,0.4253531851719856,0.43231288728556655,-0.0069597021135809345,133.25958329296807,132.087,130.9144167070319,0.8007142857142863,65040.1,-0.31645569620252223,132.43,0.31112698371991254
2025-11-23 20:00:00,132.3,132.6,132.08,132.41,29173,2025-11-23 20:14:59.999,3858719.1300,1467,3684,487757.4400,0,47.23247232472312,0.4091118986684137,0.427672689562136,-0.018560790893722312,133.2418916755566,132.1505,131.0591083244434,0.7735714285714275,65018.65,0.7993300852618627,132.49200000000002,0.25469589709814905
2025-11-23 20:15:00,132.41,132.67,132.08,132.58,8787,2025-11-23 20:29:59.999,1163391.0600,1306,2500,331448.4900,0,48.745519713261764,0.4052862536852615,0.4231954023867612,-0.017909148701499678,133.20186517286433,132.22700000000003,131.25213482713573,0.7514285714285681,64554.5,0.8519701810436668,132.55800000000002,0.2161480973744814
2025-11-23 20:30:00,132.58,132.67,132.18,132.59,9505,2025-11-23 20:44:59.999,1259167.3500,1407,2371,314491.7900,0,64.53900709219849,0.39846802751517885,0.4182499274124447,-0.019781899897265864,133.21757885724614,132.23399999999998,131.25042114275382,0.6764285714285673,56102.45,0.6528505275943322,132.548,0.21253235047543284
2025-11-23 20:45:00,132.59,132.7,132.19,132.57,12697,2025-11-23 20:59:59.999,1683869.5900,1197,7080,939323.8100,0,63.373493975903415,0.38698972464763415,0.4119978868594826,-0.025008162211848428,133.1797500497758,132.22150000000002,131.26324995022424,0.6607142857142796,53319.15,0.9672505712109533,132.49,0.12942179105015625
2025-11-23 21:00:00,132.57,132.7,131.53,131.69,9030,2025-11-23 21:14:59.999,1191805.0700,1172,804,106618.0000,0,49.57983193277319,0.3033871828698409,0.3902757460615543,-0.0868885631917134,133.17404394772413,132.18900000000002,131.2039560522759,0.6985714285714225,52174.2,-0.060711846399038094,132.368,0.38616058835498057
2025-11-23 21:15:00,131.68,132.64,131.53,132.6,269041,2025-11-23 21:29:59.999,35617387.6000,1450,265246,35116791.7500,0,62.40458015267151,0.3070218046856894,0.3736249577863814,-0.06660315310069198,133.21629061422018,132.22050000000002,131.22470938577985,0.7171428571428505,62987.5,0.3329297820823227,132.406,0.4004122875220679
2025-11-23 21:30:00,132.6,132.66,132.42,132.47,39719,2025-11-23 21:44:59.999,5264495.8500,1396,4402,583862.1400,0,57.142857142856975,0.2960002485129962,0.3581000159317044,-0.06209976741870815,133.18505193625896,132.20850000000002,131.23194806374107,0.6949999999999932,63388.85,-0.10557273207149895,132.384,0.39138216617349714
2025-11-23 21:45:00,132.47,133.3,132.42,133.11,76317,2025-11-23 21:59:59.999,10141388.9400,1730,60913,8098044.9100,0,59.22330097087384,0.33504603496558616,0.35348921973848074,-0.018443184772894583,133.261473448339,132.228,131.19452655166103,0.6978571428571375,65874.25,0.7645722937168958,132.488,0.5107053945266633
2025-11-23 22:00:00,133.11,133.3,132.47,132.65,17401,2025-11-23 22:14:59.999,2307280.9100,1326,1311,174194.3100,0,50.38759689922472,0.32512411799498864,0.34781619938978237,-0.02269208139479373,133.25656758880802,132.2925,131.32843241119195,0.6692857142857106,61293.4,0.3024574669187189,132.504,0.5151504634557087
2025-11-23 22:15:00,132.65,132.83,132.35,132.81,9740,2025-11-23 22:29:59.999,1291728.9600,1201,4463,592208.9400,0,57.38045738045742,0.3264089509240762,0.34353474969664116,-0.017125798772564982,133.26593365622125,132.35999999999999,131.45406634377872,0.6507142857142847,58421.35,0.1281664656212424,132.728,0.24580480060115545
2025-11-23 22:30:00,132.81,132.83,132.28,132.34,18076,2025-11-23 22:44:59.999,2393662.6900,1328,2284,302580.1800,0,50.87719298245617,0.28620294881449126,0.3320683895202112,-0.04586544070571996,133.2468441265979,132.39050000000003,131.53415587340217,0.6664285714285724,57419.2,-0.3913894324853306,132.67600000000002,0.3009651142550945
2025-11-23 22:45:00,132.34,132.65,132.32,132.59,21674,2025-11-23 22:59:59.999,2871595.2300,1292,10966,1453600.6800,0,49.498997995992156,0.2713839676769112,0.3199315051515512,-0.04854753747464002,133.14335425396243,132.45499999999998,131.76664574603754,0.6221428571428577,57884.65,0.21919879062735603,132.7,0.2847806173154657
2025-11-23 23:00:00,132.58,132.69,131.4,131.4,47964,2025-11-23 23:14:59.999,6313254.1400,1445,5105,676809.6000,0,37.75167785234894,0.1617521851511583,0.28829564115147266,-0.12654345600031436,133.21619697217693,132.4365,131.65680302782306,0.6857142857142853,58290.65,-0.7627822672003557,132.358,0.5615781334762129
2025-11-23 23:15:00,131.4,131.47,130.81,131.16,32637,2025-11-23 23:29:59.999,4283017.9200,1324,4823,632866.3400,0,39.8936170212765,0.054869709561785385,0.2416104548335352,-0.1867407452717498,133.34793040364522,132.3865,131.4250695963548,0.6892857142857126,55629.45,-1.0710514406396259,132.06,0.7361046121297398
2025-11-23 23:30:00,131.16,131.28,130.58,130.87,11057,2025-11-23 23:44:59.999,1447437.8300,1122,2695,353672.4400,0,36.76975945017194,-0.05262932069919657,0.18276249972698883,-0.2353918204261854,133.46831361352383,132.29950000000002,131.1306863864762,0.702142857142856,54971.75,-1.297232068783467,131.672,0.7530405035578909
2025-11-23 23:45:00,130.87,131.28,130.57,130.57,44261,2025-11-23 23:59:59.999,5784832.4600,1028,1813,237043.4500,0,33.109243697478874,-0.16018406723873113,0.11417318633384484,-0.27435725357257595,133.62400865920185,132.223,130.82199134079818,0.710714285714287,56048.5,-1.5086369465188203,131.31799999999998,0.7761894098728497
2025-11-24 00:00:00,130.57,130.72,130.0,130.0,13814,2025-11-24 00:14:59.999,1799605.8600,903,4633,604105.2200,0,30.10752688172046,-0.2880952325470787,0.03371950255766011,-0.3218147351047388,133.8279825518153,132.1105,130.3930174481847,0.7271428571428596,56206.35,-1.2833168805528117,130.8,0.5448394258851095
2025-11-24 00:15:00,130.0,130.44,129.35,130.44,90253,2025-11-24 00:29:59.999,11706752.8100,1108,17251,2247226.5400,0,34.632034632034674,-0.34992768136098107,-0.04300993422606815,-0.30691774713491293,133.85178660808197,132.0005,130.149213391918,0.768571428571432,42474.9,-1.6289592760180969,130.608,0.4395110920088704
2025-11-24 00:30:00,130.44,131.31,130.07,131.12,52916,2025-11-24 00:44:59.999,6935168.7500,839,47885,6278815.8300,0,45.765230312035726,-0.3401391135672043,-0.1024357700942954,-0.2377033434729089,133.75824531119025,131.91350000000003,130.0687546888098,0.7735714285714336,44671.6,-1.0190986638484143,130.6,0.4271416626821063
2025-11-24 00:45:00,131.13,131.58,130.77,130.77,127455,2025-11-24 00:59:59.999,16761948.4600,670,123273,16214158.5500,0,35.170178282009886,-0.3565140064431489,-0.15325141736406614,-0.20326258907908276,133.7402282823501,131.83700000000002,129.93377171764993,0.7521428571428633,47075.85,-1.7579445571332004,130.57999999999998,0.41346100178715334
2025-11-24 01:00:00,130.76,131.58,130.3,130.79,58060,2025-11-24 01:14:59.999,7576654.5800,943,7444,972529.9400,0,36.13861386138609,-0.3636850591929317,-0.1953381457298393,-0.1683469134630924,133.69412063064914,131.75600000000003,129.81787936935092,0.8264285714285771,48520.2,-1.4021862042970326,130.624,0.4237098063519835
2025-11-24 01:15:00,130.78,131.04,130.43,131.03,13600,2025-11-24 01:29:59.999,1778112.7100,938,6124,801451.3000,0,31.625441696112958,-0.3460135471447643,-0.2254732260128243,-0.12054032113193999,133.60178967082314,131.67849999999999,129.75521032917683,0.8071428571428599,48760.85,-1.3402605225510136,130.83,0.2652357441953015
2025-11-24 01:30:00,131.03,131.04,130.09,130.16,31415,2025-11-24 01:44:59.999,4095514.4000,1107,2320,303880.2400,0,29.48929159802296,-0.39762688045630057,-0.2599039569015196,-0.137722923554781,133.54381019144822,131.55700000000002,129.57018980855182,0.8157142857142868,49856.35,-1.6472721777240493,130.774,0.37500666660585547
2025-11-24 01:45:00,130.11,131.46,129.93,131.42,226443,2025-11-24 01:59:59.999,29580565.8500,1354,195335,25535282.3300,0,40.306834030683284,-0.33302049625831387,-0.2745272647728784,-0.05849323148543545,133.42859550662595,131.49949999999998,129.570404493374,0.8907142857142857,60543.65,-0.8824194886492314,130.834,0.45883548249762657
2025-11-24 02:00:00,131.42,133.54,131.38,133.54,944471,2025-11-24 02:14:59.999,124991816.5000,1543,933665,123554667.4500,0,56.80272108843531,-0.10949104432833678,-0.24152002068397008,0.1320289763556333,133.7260803516664,131.59199999999998,129.45791964833356,1.0057142857142847,107315.7,1.6286149162861387,131.38799999999998,1.2870392379406388
2025-11-24 02:15:00,133.54,134.18,133.35,133.46,20476,2025-11-24 02:29:59.999,2736301.5000,876,10169,1359412.5600,0,55.02890173410408,0.060504862960357286,-0.1811150439551046,0.2416199069154619,133.88604887833026,131.635,129.38395112166972,1.0414285714285703,94887.45,1.753583409576099,131.922,1.511264371312577
2025-11-24 02:30:00,133.42,133.51,132.81,132.94,11209,2025-11-24 02:44:59.999,1492946.7600,790,4817,641846.8700,0,59.649122807017505,0.1515215440286397,-0.11458772635835575,0.26610927038699544,133.955594503475,131.6585,129.361405496525,0.9992857142857129,93461.95,1.5817223198593973,132.304,1.4702652821850792
2025-11-24 02:45:00,132.94,133.22,132.94,133.22,12614,2025-11-24 02:59:59.999,1677797.3900,822,4396,585186.1200,0,62.84289276807985,0.2434403506278784,-0.042982110961108905,0.2864224615889873,133.97620468953684,131.66400000000002,129.3517953104632,0.9721428571428561,90276.8,2.029562686681478,132.916,0.8683777979651045
2025-11-24 03:00:00,133.23,133.56,132.94,133.0,22770,2025-11-24 03:14:59.999,3032148.2000,812,2835,378336.2100,0,63.396226415094326,0.29513240308693867,0.02464079184850063,0.270491611238438,134.03013700674967,131.6815,129.33286299325033,0.9664285714285715,90545.25,2.307692307692308,133.232,0.26743223440471253
2025-11-24 03:15:00,133.01,134.17,133.0,133.84,376188,2025-11-24 03:29:59.999,50283438.2200,1071,367754,49158228.0200,0,69.25795053003544,0.3992770891570103,0.0995680513102026,0.2997090378468077,134.2265293102454,131.733,129.2394706897546,0.9992857142857129,108867.65,2.606562404170504,133.292,0.3684019543904392
2025-11-24 03:30:00,133.84,134.17,133.35,133.44,9659,2025-11-24 03:44:59.999,1292225.2400,985,1050,140797.4400,0,70.67307692307692,0.4444129305074114,0.1685370271496444,0.275875903357767,134.3843099320301,131.78799999999998,129.19169006796986,1.0064285714285697,108446.8,1.769371568029281,133.288,0.3662239751828046
2025-11-24 03:45:00,133.48,134.11,133.25,133.45,7525,2025-11-24 03:59:59.999,1003808.4800,747,417,55914.1100,0,69.07477820025346,0.47550895514913805,0.22993141274954318,0.24557754239959487,134.51039427561733,131.83100000000002,129.1516057243827,0.989999999999999,107739.35,2.0493997094134575,133.39,0.3120897306844519
2025-11-24 04:00:00,133.45,134.11,132.84,132.85,68319,2025-11-24 04:14:59.999,9092947.4800,1158,3511,469113.6100,0,61.07554417413569,0.44658978408838834,0.2732630870173122,0.17332669707107612,134.6121005320286,131.9035,129.19489946797142,0.9921428571428562,108757.1,1.5750439636057822,133.316,0.39525940848851443
2025-11-24 04:15:00,132.84,132.85,130.72,130.97,129933,2025-11-24 04:29:59.999,17119635.3600,1596,5307,697482.0700,0,51.07066381156311,0.2688714616589607,0.27238476194564193,-0.0035133002866812313,134.61488530484206,131.89399999999998,129.1731146951579,1.08642857142857,113621.9,-0.045791040219798726,132.91,1.1406796219792323
2025-11-24 04:30:00,130.97,131.49,130.72,131.43,7700,2025-11-24 04:44:59.999,1011292.4800,913,2898,380700.0200,0,53.27198364008187,0.16326455420625052,0.25056072039776367,-0.08729616619151315,134.60984084741878,131.922,129.2341591525812,1.0499999999999992,113454.05,0.9757221880762218,132.428,1.1584990289157266
2025-11-24 04:45:00,131.43,131.58,131.14,131.32,42329,2025-11-24 04:59:59.999,5555388.4000,892,7075,929201.4900,0,51.502590673575085,0.06988860615490466,0.21442629754919185,-0.14453769139428718,134.58819569418597,131.9595,129.330804305814,1.037857142857145,113357.45,-0.07609191903819383,132.004,1.0808700199370382
2025-11-24 05:00:00,131.32,133.05,131.14,133.05,460480,2025-11-24 05:14:59.999,60810303.8300,1459,456654,60305241.6200,0,63.74881065651765,0.13394005874002346,0.19832904978735819,-0.06438899104733473,134.61282596881836,132.11200000000002,129.6111740311817,1.1064285714285762,135690.75,-0.3669312565523294,131.924,0.9545051073717256
2025-11-24 05:15:00,133.05,133.75,132.82,133.58,100198,2025-11-24 05:29:59.999,13360015.6900,1266,92272,12304250.3700,0,61.04294478527616,0.2248756405770962,0.2036383679453058,0.0212372726317904,134.72164969498624,132.269,129.81635030501377,1.0635714285714337,136188.0,0.08991458114791288,132.07,1.1643238381132208
2025-11-24 05:30:00,133.75,133.75,132.74,133.02,26038,2025-11-24 05:44:59.999,3466263.8000,1081,6295,841205.4600,0,46.83698296836995,0.24888641677063106,0.2126879777103709,0.03619843906026016,134.77611329052266,132.36399999999998,129.9518867094773,0.9814285714285761,134844.1,0.06017752369490936,132.48000000000002,1.0337552901913762
2025-11-24 05:45:00,133.02,133.63,132.53,132.87,56432,2025-11-24 05:59:59.999,7497805.5000,1351,12773,1703210.3400,0,46.44149577804584,0.25289615405384325,0.2207296129790654,0.032166541074777844,134.76918672010964,132.469,130.16881327989034,1.0007142857142892,131292.95,-0.2627233148175907,132.768,0.8528598947064079
2025-11-24 06:00:00,132.86,132.93,131.34,131.34,92785,2025-11-24 06:14:59.999,12268285.1300,1126,5872,776207.8600,0,41.39784946236566,0.13110439661565465,0.20280456970638328,-0.07170017309072862,134.72417544645472,132.4965,130.26882455354527,1.0642857142857187,133029.2,-1.248120300751877,132.772,0.8443755088813417
2025-11-24 06:15:00,131.34,131.66,131.19,131.42,31829,2025-11-24 06:29:59.999,4179479.6800,856,3824,502902.1000,0,40.10989010989007,0.04057120321942875,0.17035789640899238,-0.12978669318956362,134.69594109046443,132.51600000000002,130.3360589095356,1.077857142857147,133940.65,-1.8081291093843512,132.446,1.0088508313911906
2025-11-24 06:30:00,131.42,131.42,130.78,130.91,76379,2025-11-24 06:44:59.999,10002236.8300,977,3287,431277.8800,0,38.871139510117146,-0.07150547198313006,0.12198522273056789,-0.19349069471369795,134.58343673741206,132.55349999999999,130.5235632625879,1.0792857142857173,136188.85,-1.8959832134292576,131.91199999999998,0.9641939638883901
2025-11-24 06:45:00,130.87,131.08,130.75,131.08,9779,2025-11-24 06:59:59.999,1280022.5400,775,4830,632595.3800,0,34.17431192660561,-0.14493870216253413,0.06860043775194748,-0.2135391399144816,134.61159822215222,132.5365,130.46140177784775,1.019285714285719,125355.65,-1.7759460472086745,131.524,0.7795062539831741
2025-11-24 07:00:00,131.08,131.08,130.52,130.52,17205,2025-11-24 07:14:59.999,2248193.9100,874,3951,516904.2900,0,33.55855855855867,-0.24549250127932964,0.005781849945692032,-0.2512743512250217,134.58869839276792,132.3855,130.1823016072321,1.0007142857142912,78992.35,-1.7538577342867776,131.054,0.36135854770432435
2025-11-24 07:15:00,130.52,130.8,130.3,130.48,8933,2025-11-24 07:29:59.999,1165495.1700,947,2363,308653.2300,0,33.33333333333344,-0.32466721567226386,-0.06030796317789917,-0.2643592524943647,134.53474899022126,132.2365,129.93825100977875,0.9750000000000044,78415.2,-0.3741314804917226,130.882,0.394360241402473
2025-11-24 07:30:00,130.46,130.98,130.32,130.98,10447,2025-11-24 07:44:59.999,1366554.3500,783,7313,957098.9600,0,39.38706015891037,-0.3431127358884112,-0.1168689177200016,-0.22624381816840958,134.47723807628685,132.1385,129.79976192371313,0.9314285714285749,78377.1,-0.34238758274367875,130.794,0.2754632461854744
2025-11-24 07:45:00,131.0,131.03,130.19,130.2,64978,2025-11-24 07:59:59.999,8475804.2500,1056,4681,613161.2700,0,45.00648508430607,-0.41587645986314214,-0.17667042614862974,-0.2392060337145124,134.42030972496724,131.9875,129.55469027503278,0.8392857142857183,80995.3,-0.8528784648187668,130.652,0.3681304116737414
2025-11-24 08:00:00,130.19,130.2,129.61,129.92,75035,2025-11-24 08:14:59.999,9749873.7900,1675,7446,967592.7800,0,39.973439575033154,-0.49048192497238574,-0.239432725913381,-0.25104919905900475,134.3835569653081,131.83350000000002,129.28344303469194,0.826428571428573,83608.55,-2.352499060503588,130.42,0.39547439866461415
2025-11-24 08:15:00,129.93,130.13,129.79,129.89,22225,2025-11-24 08:29:59.999,2889352.2600,1456,7601,988949.1500,0,40.4026845637584,-0.5457371249869141,-0.3006936057280877,-0.2450435192588264,134.14322240946566,131.63600000000002,129.12877759053438,0.8192857142857142,65910.4,-2.7623895792783544,130.294,0.45197345054678995
2025-11-24 08:30:00,129.88,130.06,129.75,130.01,28206,2025-11-24 08:44:59.999,3663593.7200,1482,5054,657303.0600,0,23.972602739726,-0.5732363600413919,-0.35520215659074855,-0.21803420345064334,133.92087709260062,131.4645,129.00812290739935,0.7049999999999983,66837.75,-2.2628176214103286,130.2,0.45249309386906256
2025-11-24 08:45:00,130.02,130.54,129.8,130.48,59283,2025-11-24 08:59:59.999,7711534.4900,1611,21230,2767282.0200,0,23.183391003460144,-0.5507558591871202,-0.39431289711002293,-0.1564429620770973,133.62143887818632,131.31599999999997,129.01056112181362,0.6914285714285678,69425.65,-1.798750658538432,130.09999999999997,0.24443813123001984
2025-11-24 09:00:00,130.46,130.54,129.64,129.69,40925,2025-11-24 09:14:59.999,5319148.6600,1468,7977,1038738.4600,0,22.296173044925112,-0.5898864541381101,-0.43342760851564044,-0.1564588456224697,133.4538965683654,131.158,128.86210343163458,0.683571428571426,68055.95,-1.2562814070351802,129.998,0.2937175513980262
2025-11-24 09:15:00,129.69,129.69,128.45,128.63,244294,2025-11-24 09:29:59.999,31524799.3800,1845,16630,2142319.0200,0,19.364161849710996,-0.6983803794780101,-0.48641816270811444,-0.21196221676989568,133.60058796026163,131.041,128.48141203973836,0.6935714285714271,73774.0,-2.1229645411657225,129.73999999999998,0.6851277253179273
2025-11-24 09:30:00,128.63,129.17,128.45,128.88,89375,2025-11-24 09:44:59.999,11529276.5000,1258,83564,10781161.3900,0,28.19148936170211,-0.7554809719301261,-0.5402307245525169,-0.21525024737760923,133.64009629729478,130.9135,128.18690370270522,0.6314285714285697,77857.75,-1.5506836758078077,129.53799999999998,0.7730911977246735
2025-11-24 09:45:00,128.88,129.17,128.8,128.82,13772,2025-11-24 09:59:59.999,1775783.7400,1272,3049,393648.1700,0,26.86832740213542,-0.7963947583590709,-0.5914635313138277,-0.20493122704524325,133.66190088250482,130.7885,127.91509911749519,0.6242857142857109,76429.9,-1.7241379310344973,129.3,0.7746289434299715
2025-11-24 10:00:00,128.81,129.27,128.79,129.01,16233,2025-11-24 10:14:59.999,2093824.5300,1158,5999,774523.7300,0,32.07547169811329,-0.8042173003379958,-0.6340142851186613,-0.17020301521933445,133.35666643999303,130.5865,127.81633356000697,0.6128571428571418,54217.55,-1.1569108182654146,129.006,0.40611574704695746
2025-11-24 10:15:00,129.01,129.27,128.91,129.07,10276,2025-11-24 10:29:59.999,1326426.9200,1129,2448,316376.1500,0,30.63583815028892,-0.7963948782379191,-0.6664904037425129,-0.1299044744954062,132.82216703169354,130.361,127.89983296830644,0.614999999999999,49721.45,-1.080625383200488,128.882,0.17253985046804318
2025-11-24 10:30:00,129.07,129.28,128.74,129.02,15737,2025-11-24 10:44:59.999,2029234.1200,1304,4472,577802.3800,0,33.974358974359006,-0.7851790788347728,-0.6902281387609649,-0.09495094007380789,132.34709866392657,130.161,127.97490133607343,0.6135714285714268,49206.4,-1.4964116659031756,128.95999999999998,0.10511898020587053
2025-11-24 10:45:00,129.03,129.29,128.73,129.17,12290,2025-11-24 10:59:59.999,1586939.4600,1284,4867,629132.7800,0,36.32567849686835,-0.7554780499141316,-0.7032781209915983,-0.052199928922533334,131.79167908131265,129.976,128.16032091868735,0.6178571428571412,46999.3,-0.7910906298003081,129.01799999999997,0.1275539101694347
2025-11-24 11:00:00,129.13,129.2,128.78,128.97,19565,2025-11-24 11:14:59.999,2524645.2800,1414,9125,1178697.1200,0,27.616926503340622,-0.7395529924984032,-0.7105330952929593,-0.029019897205443956,131.6064831632305,129.85750000000002,128.10851683676952,0.6007142857142834,43338.3,-0.7312192118226514,129.048,0.07694153624348138
2025-11-24 11:15:00,128.96,129.19,128.88,128.96,27513,2025-11-24 11:29:59.999,3550001.7700,1418,11262,1454758.9500,0,33.33333333333333,-0.7194458621299589,-0.7123156486603592,-0.007130213469599633,131.36264036637886,129.7345,128.10635963362114,0.5628571428571405,43122.5,-0.715990453460604,129.038,0.08584870412246938
2025-11-24 11:30:00,129.19,129.58,128.88,129.58,11809,2025-11-24 11:44:59.999,1526350.2600,1410,5698,737114.9800,0,45.81280788177365,-0.6460349097093001,-0.6990595008701475,0.053024591160847345,131.19977708973346,129.668,128.13622291026655,0.5707142857142864,39894.0,-0.33074378893929574,129.14000000000001,0.2599038283663768
2025-11-24 11:45:00,129.58,129.8,129.04,129.56,73458,2025-11-24 11:59:59.999,9523782.3200,1616,19112,2478974.9800,0,45.92592592592608,-0.5827524266479429,-0.6757980860257066,0.09304565937776366,130.9721235642624,129.592,128.21187643573762,0.6007142857142875,43077.95,-0.7050889025137856,129.248,0.3057286378465209
2025-11-24 12:00:00,129.54,129.64,129.0,129.07,14952,2025-11-24 12:14:59.999,1934131.0000,1245,3072,398194.5300,0,39.366515837104,-0.5656193994439889,-0.6537623487093631,0.08814294926537425,130.84564955098577,129.51950000000002,128.19335044901428,0.6242857142857149,42965.3,-0.47806307348292437,129.228,0.3152300747065429
2025-11-24 12:15:00,129.07,129.52,129.0,129.52,22389,2025-11-24 12:29:59.999,2895992.6200,1338,18001,2328617.9700,0,39.090909090909264,-0.5098528465130698,-0.6249804482701045,0.11512760175703463,130.71839551328628,129.47150000000002,128.22460448671376,0.6085714285714313,43638.1,0.6919070201352833,129.33800000000002,0.29819456735406347
2025-11-24 12:30:00,129.52,129.84,129.31,129.84,38969,2025-11-24 12:44:59.999,5050348.7400,1564,31085,4029805.0500,0,51.90839694656496,-0.4348237483877142,-0.5869491082936265,0.15212535990591225,130.45881241544544,129.4145,128.37018758455457,0.5821428571428596,45064.2,0.7448789571694662,129.51399999999998,0.2783522947623366
2025-11-24 12:45:00,129.37,129.67,129.31,129.45,10237,2025-11-24 12:59:59.999,1325615.1700,1275,3153,408655.7900,0,62.57668711656435,-0.4021961216695331,-0.5499985109688078,0.1478023892992747,130.35425932560122,129.377,128.3997406743988,0.5314285714285732,42327.15,0.48905449464368533,129.488,0.2767128475504191
2025-11-24 13:00:00,129.46,130.32,129.38,130.15,239336,2025-11-24 13:14:59.999,31105564.1000,1249,231104,30037178.1000,0,67.11590296495967,-0.3162092788374764,-0.5032406645425416,0.18703138570506517,130.3975594891444,129.38849999999996,128.37944051085552,0.5471428571428589,50542.2,0.883652430044194,129.606,0.4091821110452422
2025-11-24 13:15:00,130.15,130.32,129.56,129.95,23597,2025-11-24 13:29:59.999,3066281.6900,1281,5403,704079.3600,0,64.67532467532453,-0.2611915611901736,-0.45483084387206796,0.19363928268189434,130.407172450309,129.3915,128.37582754969102,0.5750000000000028,50610.8,0.6818005733322968,129.782,0.29405781744310805
2025-11-24 13:30:00,129.94,130.33,129.84,130.26,17239,2025-11-24 13:44:59.999,2242196.8700,1186,8036,1046510.0300,0,65.74307304785884,-0.19038062501434183,-0.4019408001005228,0.21156017508618097,130.4571836447052,129.404,128.3508163552948,0.575714285714288,50062.45,0.961091303673834,129.93,0.31472209963613906
2025-11-24 13:45:00,130.26,130.27,129.64,129.65,63056,2025-11-24 13:59:59.999,8186248.9700,1392,4224,550160.3900,0,56.415929203539946,-0.18139336020379915,-0.3578313121211781,0.17643795191737893,130.29574279009486,129.3625,128.42925720990516,0.595000000000003,50251.1,0.3716033134628925,129.892,0.33885099970250077
2025-11-24 14:00:00,129.66,129.73,129.36,129.62,16293,2025-11-24 14:14:59.999,2111096.0200,1255,4962,643445.4300,0,56.666666666666565,-0.17467805745818055,-0.3212006611885786,0.14652260373039805,130.2875846615603,129.35899999999998,128.43041533843967,0.5828571428571446,49019.5,0.5039931767077659,129.926,0.28814926687287556
2025-11-24 14:15:00,129.62,129.65,129.33,129.33,53715,2025-11-24 14:29:59.999,6957717.3000,1504,5194,673314.9000,0,51.72413793103475,-0.19056005037859336,-0.29507253902658154,0.10451248864798818,130.25736916541555,129.394,128.53063083458446,0.5657142857142868,39490.55,0.2869106699751896,129.762,0.3544996473896594
2025-11-24 14:30:00,129.36,130.92,129.32,129.38,1008848,2025-11-24 14:44:59.999,131048090.2600,1928,935144,121466089.8900,0,54.56570155901996,-0.19684297873075707,-0.27542662696741665,0.07858364823665959,130.24797273144205,129.41899999999998,128.59002726855792,0.6500000000000016,85464.2,-0.15434480629728126,129.648,0.37022965845460715
2025-11-24 14:45:00,129.38,130.44,128.97,130.44,245831,2025-11-24 14:59:59.999,31902638.6800,1620,170453,22163748.9200,0,63.35740072202145,-0.11496387155710863,-0.24333407588535505,0.12837020432824642,130.39637867937768,129.5,128.60362132062232,0.7328571428571442,97067.15,0.6792219820932351,129.684,0.44567925686463017
2025-11-24 15:00:00,130.35,131.27,130.34,131.12,417993,2025-11-24 15:14:59.999,54586896.7100,1500,411699,53763088.0100,0,63.7499999999998,0.004741569921321798,-0.19371894672401968,0.19846051664534148,130.7273682725941,129.60549999999998,128.48363172740585,0.7492857142857149,117155.15,1.588285426512754,129.978,0.7783443967803363
2025-11-24 15:15:00,131.13,131.27,130.05,130.53,76853,2025-11-24 15:29:59.999,10017727.8300,1460,6709,877431.7300,0,57.86061588330626,0.05140832241968951,-0.14469349289527786,0.19610181531496737,130.84285254201893,129.6785,128.5141474579811,0.7821428571428564,120484.0,0.7798023471278497,130.16,0.7800961479197978
2025-11-24 15:30:00,130.54,131.87,130.42,131.63,98360,2025-11-24 15:44:59.999,12906283.0100,1847,91843,12052725.7400,0,68.87905604719757,0.17513403081647994,-0.08072798815292628,0.2558620189694062,131.22126059918153,129.80900000000003,128.39673940081852,0.8400000000000014,124615.15,1.3786198398028282,130.61999999999998,0.8438305517100143
2025-11-24 15:45:00,131.87,132.44,131.61,131.89,68311,2025-11-24 15:59:59.999,9019011.2900,1455,47439,6264844.2700,0,67.98179059180558,0.2908150384684234,-0.006419382828656331,0.2972344212970797,131.60100025425893,129.945,128.28899974574105,0.8621428571428567,127416.2,1.8848976438779437,131.12199999999999,0.6448798337668438
2025-11-24 16:00:00,131.88,132.69,131.7,132.31,300214,2025-11-24 16:14:59.999,39765165.7200,1193,287797,38126166.2300,0,68.46038863976075,0.4116384485834601,0.077192183453767,0.3344462651296931,132.0099723252378,130.112,128.21402767476218,0.8950000000000001,141448.65,1.6596235113330744,131.496,0.6910716315977065
2025-11-24 16:15:00,132.34,133.2,132.19,132.96,63791,2025-11-24 16:29:59.999,8478407.3300,1378,45412,6036271.7000,0,75.25179856115115,0.553461479886181,0.17244604274024983,0.38101543714593117,132.51701438114418,130.31199999999998,128.1069856188558,0.9292857142857136,143262.55,2.3162754905733123,131.864,0.8993219668167206
2025-11-24 16:30:00,132.96,134.07,132.62,134.07,442607,2025-11-24 16:44:59.999,59074980.8400,1992,429907,57382960.4400,0,76.63043478260866,0.7468161456657469,0.2873200633253493,0.4594960823403976,133.2769822856378,130.5365,127.79601771436218,0.9657142857142844,164802.45,2.924919391985262,132.57199999999997,0.9766882818991061
2025-11-24 16:45:00,134.07,134.18,133.45,133.67,62412,2025-11-24 16:59:59.999,8343335.3400,1428,8544,1144429.8800,0,74.60317460317468,0.8578852867105695,0.4014331080023934,0.4564521787081761,133.77495305115758,130.74200000000002,127.70904694884244,0.9635714285714292,164250.15,3.1006556112610735,132.98000000000002,0.9085152722981568
2025-11-24 17:00:00,133.67,134.12,133.63,133.82,27853,2025-11-24 17:14:59.999,3729795.2000,1306,17769,2379919.3400,0,74.05405405405415,0.9470946104725897,0.5105654084964327,0.43652920197615697,134.19932984185903,130.9795,127.75967015814099,0.9635714285714292,164895.2,3.2402407035951155,133.36599999999999,0.7200902721179933
2025-11-24 17:15:00,133.82,136.05,133.65,136.05,272686,2025-11-24 17:29:59.999,36822776.2500,1762,262301,35422118.6400,0,85.47671840354766,1.184086592217767,0.6452696452406996,0.5388169469770674,135.16380084613246,131.30599999999998,127.44819915386752,1.0899999999999994,177410.05,5.196010206448618,134.11399999999998,1.158158020305924
2025-11-24 17:30:00,136.05,136.53,136.0,136.26,95844,2025-11-24 17:44:59.999,13054737.7300,1396,89154,12143269.9400,0,86.0869565217391,1.3730223432463617,0.7908201848418321,0.5822021584045296,136.00456529302943,131.627,127.24943470697058,1.1014285714285725,180253.8,5.317668882362031,134.77399999999997,1.2709169917814807
2025-11-24 17:45:00,136.29,136.5,136.23,136.49,118828,2025-11-24 17:59:59.999,16219027.3000,1359,111969,15283465.3600,0,89.16849015317278,1.5237495288870093,0.9374060536508677,0.5863434752361416,136.73529178866752,131.97899999999998,127.22270821133246,1.0978571428571453,185683.35,4.638147807421046,135.25799999999998,1.390924153215713
2025-11-24 18:00:00,136.5,137.75,136.46,137.57,275528,2025-11-24 18:14:59.999,37769452.4300,1979,253881,34801630.8500,0,90.26548672566365,1.7106298079058035,1.092050804501855,0.6185790034039484,137.6338821453846,132.35,127.06611785461538,1.0757142857142878,187492.95,4.91915802318486,136.03799999999998,1.3711564462156565
2025-11-24 18:15:00,137.57,137.7,136.79,136.91,17954,2025-11-24 18:29:59.999,2461682.8900,1015,6312,865942.6700,0,83.1115660184237,1.7849020514914287,1.23062105389977,0.5542809975916587,138.22741835715289,132.698,127.16858164284714,1.0357142857142878,187210.8,4.887765264690106,136.656,0.6023952191034335
2025-11-24 18:30:00,136.9,137.3,136.5,137.07,208269,2025-11-24 18:44:59.999,28557294.8900,986,151093,20740146.4000,0,82.1621621621621,1.8355153243691689,1.3515999079936498,0.48391541637551905,138.77078079893965,133.0385,127.30621920106033,1.0264285714285737,196762.3,4.13279647496771,136.86,0.5117616632756528
2025-11-24 18:45:00,137.09,137.46,136.5,137.31,14892,2025-11-24 18:59:59.999,2044421.5400,862,10122,1390316.1200,0,88.08988764044942,1.8733973435824964,1.4559593951114194,0.41743794847107707,139.2236857043157,133.42149999999998,127.61931429568426,1.007857142857146,194354.1,4.109485177041487,137.07,0.4091454509079278
2025-11-24 19:00:00,137.32,137.59,137.21,137.29,18563,2025-11-24 19:14:59.999,2552409.8800,876,13470,1852692.0800,0,86.18925831202034,1.880132289193142,1.540793973927764,0.33933831526537794,139.5629766182956,133.805,128.0470233817044,0.9314285714285729,194467.6,3.763887839165588,137.22999999999996,0.2517935662375926
2025-11-24 19:15:00,137.26,137.6,136.79,137.01,9923,2025-11-24 19:29:59.999,1360820.8600,737,3663,503380.6300,0,82.65306122448969,1.841646764652296,1.6009645320726706,0.2406822325796254,139.70987292868918,134.189,128.6681270713108,0.9300000000000027,192278.0,3.046028880866413,137.118,0.17584083711883836
2025-11-24 19:30:00,137.01,137.6,136.72,136.95,20076,2025-11-24 19:44:59.999,2748073.1100,859,4938,677415.3000,0,81.01604278074849,1.7857205358564556,1.6379157328294278,0.1478048030270278,139.72627535447032,134.5675,129.40872464552967,0.9221428571428589,142839.4,2.1481315730588464,137.126,0.1645600194417015
2025-11-24 19:45:00,136.96,137.2,136.72,137.19,6306,2025-11-24 19:59:59.999,863841.0700,645,2447,335502.5100,0,79.91513437057975,1.740698897502341,1.6584723657640106,0.08222653173833039,139.80343584057255,134.905,130.00656415942746,0.884285714285716,130863.15,2.6333507892571335,137.15,0.16309506429886958
2025-11-24 20:00:00,137.2,138.64,136.71,138.64,665596,2025-11-24 20:14:59.999,91750100.0900,1468,661450,91179590.8000,0,80.83670715249647,1.8012580253159456,1.6870294976743976,0.114228527641548,140.1101043083627,135.281,130.4518956916373,0.9185714285714296,143243.3,3.6018532356897275,137.416,0.697696208961064
2025-11-24 20:15:00,138.64,138.97,138.46,138.81,30160,2025-11-24 20:29:59.999,4183233.8500,949,14801,2054894.4400,0,85.79387186629519,1.841738732003904,1.7179713445402989,0.12376738746360516,140.21920624035388,135.695,131.1707937596461,0.9028571428571419,140908.65,2.0286659316427715,137.72,0.9236341266966291
2025-11-24 20:30:00,138.79,139.06,138.61,138.8,24253,2025-11-24 20:44:59.999,3367195.5600,817,8223,1143042.2600,0,85.36931818181822,1.851668189015811,1.7447107134354012,0.10695747558040991,140.35212781043265,136.05349999999999,131.75487218956732,0.8999999999999976,137203.3,1.8640833700279031,138.07799999999997,0.9265365616092236
2025-11-24 20:45:00,138.83,139.06,138.7,138.93,8719,2025-11-24 20:59:59.999,1210753.5600,714,2489,345941.9200,0,79.14979757085017,1.8487164167144101,1.7655118540912031,0.08320456262320697,140.41162412767113,136.40550000000002,132.3993758723289,0.7542857142857124,134223.7,1.787676752875667,138.474,0.7251413655271833
2025-11-24 21:00:00,138.87,139.06,138.48,138.65,41751,2025-11-24 21:14:59.999,5786726.5100,930,4182,580802.9100,0,73.85229540918169,1.8029995989088548,1.7730094030547334,0.029990195854121326,140.34952647531335,136.7225,133.09547352468664,0.7578571428571418,121300.55,0.785054881151423,138.76600000000002,0.12177848742128021
2025-11-24 21:15:00,138.48,138.7,138.42,138.44,8604,2025-11-24 21:29:59.999,1192220.3700,745,2745,380694.6400,0,69.53907815631248,1.7298824385323428,1.7643840101502555,-0.034501571617912674,140.2337715932422,136.9965,133.75922840675779,0.7585714285714269,118541.2,1.1175224600102265,138.72600000000003,0.18822858443555804
2025-11-24 21:30:00,138.46,138.7,138.14,138.14,8415,2025-11-24 21:44:59.999,1164110.1300,747,1087,150589.7600,0,56.769596199524806,1.628951530105951,1.7372975141413944,-0.10834598403544349,140.16273699917951,137.2,134.23726300082046,0.7064285714285704,96831.6,0.7806230393229687,138.592,0.31156058800594955
2025-11-24 21:45:00,138.14,138.93,138.02,138.92,353256,2025-11-24 21:59:59.999,49003957.4700,893,337839,46874506.9000,0,73.21016166281723,1.5935332795712043,1.7085446672273565,-0.11501138765615226,140.0094889343242,137.46249999999998,134.91551106567576,0.7064285714285704,111373.8,1.17252931323282,138.616,0.3353058305467018
2025-11-24 22:00:00,138.91,139.47,138.65,139.11,111011,2025-11-24 22:14:59.999,15453181.0300,1023,105731,14719050.1000,0,73.3944954128439,1.5627807097269226,1.67939187572727,-0.11661116600034727,139.71968240266366,137.727,135.73431759733634,0.7078571428571406,115531.7,1.3256610095418615,138.652,0.3836274234183732
2025-11-24 22:15:00,139.22,139.47,138.81,138.97,5008,2025-11-24 22:29:59.999,696149.4800,656,1495,208139.3100,0,69.48356807511698,1.5097092580286642,1.6454553521875488,-0.1357460941588846,139.77411435465206,137.873,135.97188564534792,0.6864285714285684,102147.8,1.4305525144150122,138.716,0.40905989781281044
2025-11-24 22:30:00,138.96,139.16,138.59,138.74,45704,2025-11-24 22:44:59.999,6341723.4500,877,3974,552154.1500,0,66.21923937360178,1.4325768185724428,1.602879645464528,-0.1703028268920852,139.77464006776304,137.997,136.21935993223698,0.6999999999999967,99640.8,1.3070463672873462,138.776,0.3793810749083745
2025-11-24 22:45:00,138.74,138.92,138.54,138.92,9124,2025-11-24 22:59:59.999,1265238.2700,688,3962,549769.8400,0,71.85354691075494,1.3701787327469503,1.5563394629210126,-0.1861607301740622,139.79154670082693,138.11849999999998,136.44545329917304,0.6692857142857106,94155.6,1.2610248560390624,138.932,0.13255187663193033
2025-11-24 23:00:00,138.54,139.02,138.52,138.91,14365,2025-11-24 23:14:59.999,1994672.7500,735,8406,1168332.7000,0,72.68518518518516,1.3048790503167425,1.5060473804001586,-0.20116833008341617,139.87331983323563,138.1855,136.49768016676435,0.6421428571428537,81097.45,0.19474899019042866,138.93,0.13285330255076896
2025-11-24 23:15:00,138.9,138.97,138.52,138.77,6135,2025-11-24 23:29:59.999,851223.9800,675,2339,324835.2800,0,68.72037914691958,1.227679822768124,1.450373868873752,-0.22269404610562793,139.87278287788791,138.27849999999998,136.68421712211205,0.6399999999999965,80506.5,-0.02881636769684608,138.862,0.10084641787706276
2025-11-24 23:30:00,138.71,138.73,138.46,138.71,8451,2025-11-24 23:44:59.999,1171180.0400,672,2578,357492.6800,0,51.23674911660815,1.1484191194435027,1.3899829189877022,-0.2415637995441995,139.85888474434805,138.3605,136.86211525565196,0.5242857142857125,70515.6,-0.06484149855908027,138.81,0.09823441351495393
2025-11-24 23:45:00,138.72,138.72,138.25,138.72,5630,2025-11-24 23:59:59.999,779181.7600,729,258,35785.4000,0,48.31460674157296,1.074030601232522,1.3267924554366664,-0.2527618542041443,139.85195446054297,138.431,137.01004553945705,0.5214285714285702,70052.5,-0.1511552580436248,138.80599999999998,0.10212737144677266
2025-11-25 00:00:00,138.38,138.72,138.02,138.09,9959,2025-11-25 00:14:59.999,1377191.1400,803,2215,307176.1000,0,39.20972644376885,0.9532529234178924,1.2520845490329116,-0.2988316256150192,139.7986952725801,138.47099999999998,137.14330472741986,0.539285714285713,69622.3,-0.4038946988820788,138.64000000000001,0.3176476034831825
2025-11-25 00:15:00,138.08,138.72,137.6,137.61,75963,2025-11-25 00:29:59.999,10467818.8000,1132,3763,518875.4100,0,31.868131868131897,0.8094726581965688,1.163562170865643,-0.3540895126690742,139.71165271650852,138.501,137.29034728349149,0.5935714285714268,72924.3,-0.5995377058653453,138.38000000000002,0.5132250968128588
2025-11-25 00:30:00,137.6,138.69,137.6,138.69,79994,2025-11-25 00:44:59.999,11054458.4900,1019,77301,10682522.8900,0,50.45045045045036,0.7737533887701886,1.085600414446552,-0.31184702567636347,139.55489628246363,138.58800000000002,137.6211037175364,0.6299999999999975,75920.2,0.39814680758651466,138.364,0.49907915203759506
2025-11-25 00:45:00,138.69,138.77,138.32,138.36,27373,2025-11-25 00:59:59.999,3790261.5700,830,7533,1044527.3500,0,49.12280701754403,0.7106257174102382,1.0106054750392892,-0.29997975762905105,139.367589088583,138.6465,137.925410911417,0.6421428571428558,76973.55,-0.40310970342641367,138.294,0.4615517305769192
2025-11-25 01:00:00,138.36,138.7,138.02,138.68,41413,2025-11-25 01:14:59.999,5731328.0200,717,38408,5316283.8200,0,55.89519650655053,0.6785954823856741,0.9442034765085662,-0.26560799412289204,139.36973505183067,138.64849999999998,137.9272649481693,0.6507142857142826,45764.4,-0.30910790022285006,138.286,0.45258148437441303
2025-11-25 01:15:00,138.7,138.7,138.01,138.17,5242,2025-11-25 01:29:59.999,725311.1800,790,2183,302121.0400,0,41.29930394431543,0.6050835263705494,0.8763794864809629,-0.27129596011041346,139.36388209771795,138.6165,137.86911790228206,0.634999999999997,44518.5,-0.5756638123336054,138.302,0.44527519580429176
2025-11-25 01:30:00,138.12,138.65,138.01,138.3,6733,2025-11-25 01:44:59.999,931927.8700,757,2267,314271.0700,0,40.47058823529396,0.550963520645098,0.81129629331379,-0.26033277266869204,139.34644928375482,138.5915,137.83655071624517,0.6221428571428557,43642.5,-0.3171399740521823,138.44,0.23398717913291459
2025-11-25 01:45:00,138.3,138.65,137.79,137.79,16728,2025-11-25 01:59:59.999,2307952.9200,739,2210,306173.0000,0,37.22943722943701,0.4615992595138039,0.741356886553793,-0.2797576270399891,139.3514384438512,138.5345,137.7175615561488,0.6364285714285712,44042.95,-0.813417794414048,138.26000000000002,0.32287768581702936
2025-11-25 02:00:00,137.79,138.65,137.76,138.02,8088,2025-11-25 02:14:59.999,1115694.1400,777,2688,371238.0300,0,42.20779220779219,0.4046717129349986,0.6740198518300341,-0.2693481388950355,139.34924495644302,138.50300000000001,137.656755043557,0.6592857142857156,42359.8,-0.6407026132027833,138.192,0.33221980675232676
2025-11-25 02:15:00,138.01,138.2,137.34,137.39,59623,2025-11-25 02:29:59.999,8202089.2900,936,3457,476804.1700,0,34.91124260355035,0.305202305069173,0.600256342477862,-0.29505403740868896,139.4325810342758,138.4505,137.4684189657242,0.6935714285714292,44910.75,-0.9944512502702485,137.934,0.3583713158143911
2025-11-25 02:30:00,137.36,137.49,137.21,137.49,29386,2025-11-25 02:44:59.999,4034630.6700,836,4452,611659.9700,0,36.24031007751964,0.23176955184018766,0.5265589843503271,-0.29478943251013945,139.48287656808319,138.41799999999998,137.35312343191677,0.6778571428571435,45959.3,-0.879532838295724,137.798,0.3750599951988074
2025-11-25 02:45:00,137.49,138.12,137.2,138.09,104856,2025-11-25 02:59:59.999,14463961.0100,959,99812,13769067.7000,0,43.95017793594307,0.21945876738055858,0.46513894095637337,-0.2456801735758148,139.42354647259762,138.37650000000002,137.32945352740242,0.7114285714285741,33539.3,-0.45415224913494484,137.75600000000003,0.31109484084202327
2025-11-25 03:00:00,138.08,138.29,137.98,138.15,23704,2025-11-25 03:14:59.999,3274912.2500,734,19656,2715898.7000,0,45.017793594306085,0.2120989360531098,0.41453093997572066,-0.20243200392261085,139.3205372446267,138.32850000000002,137.33646275537333,0.7114285714285741,29173.95,0.04344992396263471,137.828,0.3589150317255173
2025-11-25 03:15:00,138.14,138.45,138.11,138.38,31228,2025-11-25 03:29:59.999,4320104.6900,966,27656,3826242.3100,0,47.08904109589041,0.22226318289284563,0.3760773885591457,-0.15381420566630005,139.24472500731628,138.299,137.35327499268374,0.7021428571428581,30484.95,0.5595523581134959,137.9,0.4350861983544533
2025-11-25 03:30:00,138.45,138.45,137.41,137.48,58853,2025-11-25 03:44:59.999,8098827.0300,2076,3099,427904.7200,0,45.00818330605559,0.15589883858902454,0.3320416785651215,-0.17614283997609698,139.2249154080104,138.23600000000002,137.24708459198965,0.7264285714285725,31142.4,-0.8724493474655765,137.918,0.40984143274994816
2025-11-25 03:45:00,137.41,137.69,137.3,137.69,13932,2025-11-25 03:59:59.999,1916205.4500,1164,10204,1403983.0200,0,50.68493150684916,0.11887949375170592,0.2894092416024384,-0.1705297478507325,139.13694152248354,138.1745,137.21205847751645,0.6742857142857142,31382.8,-0.4842440011564151,137.958,0.3649246497546229
2025-11-25 04:00:00,137.59,138.12,137.3,138.12,7126,2025-11-25 04:14:59.999,982269.8500,1385,4504,621014.7800,0,44.5086705202314,0.12282297578795465,0.2560919884395417,-0.13326901265158703,139.03303293808452,138.13500000000002,137.23696706191552,0.6549999999999991,31020.85,-0.4038073262186344,137.964,0.36787226043632976
2025-11-25 04:15:00,138.12,138.24,137.3,138.02,101395,2025-11-25 04:29:59.999,14012697.8400,1100,96330,13313741.5900,0,46.572580645161345,0.1165356984569712,0.22818073044302759,-0.11164503198605638,138.94510653731274,138.09750000000003,137.2498934626873,0.6899999999999977,35783.85,-0.10856191647968247,137.93800000000002,0.35583704135254524
2025-11-25 04:30:00,138.05,138.37,138.02,138.31,17156,2025-11-25 04:44:59.999,2371833.1700,988,10724,1483029.8200,0,46.24746450304264,0.13341562991038813,0.2092277103364997,-0.07581208042611157,138.8820364798183,138.07750000000001,137.27296352018172,0.6664285714285703,36219.1,0.007230657989870502,137.924,0.33485817893330766
2025-11-25 04:45:00,138.35,138.75,138.23,138.48,6893,2025-11-25 04:59:59.999,954218.0100,1041,3622,501658.4800,0,53.37690631808275,0.15868149495327089,0.19911846725985394,-0.04043697230658305,138.83613132013238,138.0655,137.2948686798676,0.654285714285714,36282.25,0.5007620291748296,138.124,0.30021658847994986
2025-11-25 05:00:00,138.23,138.75,138.13,138.21,22141,2025-11-25 05:14:59.999,3059508.8000,867,2134,295168.5000,0,49.04862579281181,0.15512989069961236,0.19032075194780565,-0.03519086124819329,138.84479847168208,138.07150000000001,137.29820152831795,0.6528571428571419,36891.35,0.13766120852050262,138.228,0.17711578133680686
2025-11-25 05:15:00,138.22,138.37,138.0,138.0,11149,2025-11-25 05:29:59.999,1540645.9000,836,1940,268422.2700,0,52.370203160270954,0.13382729601997312,0.17902206076223917,-0.04519476474226605,138.8343891096936,138.091,137.3476108903064,0.6178571428571412,33650.65,0.4439915568818791,138.204,0.20181674855805803
2025-11-25 05:30:00,138.0,138.52,138.0,138.52,14784,2025-11-25 05:44:59.999,2046471.6100,828,11663,1614652.7600,0,55.29661016949149,0.1570936130542293,0.17463637122063722,-0.017542758166407907,138.80050527779215,138.0825,137.36449472220787,0.5914285714285695,30390.15,0.7491453923921748,138.30400000000003,0.2114946807807575
2025-11-25 05:45:00,138.52,138.66,138.34,138.53,11843,2025-11-25 05:59:59.999,1641289.2400,814,8416,1166550.5200,0,63.902439024390446,0.1743296892143178,0.17457503481937334,-0.00024534560505554137,138.82664579576863,138.09099999999998,137.35535420423133,0.5528571428571415,29613.65,0.31863277572597415,138.348,0.2346699810341305
2025-11-25 06:00:00,138.53,138.66,138.28,138.28,5543,2025-11-25 06:14:59.999,767578.6400,690,1291,178999.1900,0,59.29411764705879,0.16590405441993994,0.17284083873948666,-0.006936784319546724,138.7594582317266,138.071,137.3825417682734,0.5599999999999982,27820.15,0.09410061527325042,138.308,0.2233159197158936
2025-11-25 06:15:00,138.28,138.66,138.0,138.0,7402,2025-11-25 06:29:59.999,1023580.2200,1082,2147,297639.7200,0,48.85496183206102,0.1350759467671594,0.16528786034502121,-0.03021191357786182,138.7500088516104,138.0625,137.3749911483896,0.5414285714285683,27928.15,-0.2746061569590949,138.266,0.2626404386200874
2025-11-25 06:30:00,138.0,138.66,137.47,137.52,61140,2025-11-25 06:44:59.999,8416325.3800,1157,3209,443029.6100,0,42.758620689655174,0.07109294565151458,0.1464488774063199,-0.07535593175480532,138.74207388001702,138.02349999999998,137.30492611998295,0.6042857142857108,30648.5,0.02909514111144928,138.17,0.4229657196494043
2025-11-25 06:45:00,137.53,138.13,137.47,138.1,11382,2025-11-25 06:59:59.999,1567755.2100,792,7501,1033607.4700,0,47.021276595744645,0.06642144397233096,0.1304433907195221,-0.06402194674719114,138.7496972114099,138.039,137.32830278859007,0.6271428571428552,30381.2,0.2977703536930762,138.08599999999998,0.37507332616240285
2025-11-25 07:00:00,138.1,138.13,137.54,137.86,15853,2025-11-25 07:14:59.999,2185512.1200,891,9400,1296113.5500,0,54.702970297030085,0.04285919685645467,0.11292655194690861,-0.07006735509045393,138.7461856586271,138.031,137.3158143413729,0.5949999999999989,30769.45,-0.1882421083116065,137.952,0.285867101987114
2025-11-25 07:15:00,137.86,137.97,136.75,136.84,143826,2025-11-25 07:29:59.999,19726088.3000,1263,3116,428043.4600,0,41.2371134020618,-0.05745719842644803,0.07884980187223728,-0.1363070002986853,138.85228302973672,138.0035,137.15471697026328,0.654285714285714,34979.6,-0.8549485581799788,137.66400000000002,0.5101764400660442
2025-11-25 07:30:00,136.84,136.94,136.7,136.79,11772,2025-11-25 07:44:59.999,1610958.3100,737,4935,675716.6400,0,35.12304250559251,-0.13938648591673086,0.03520254431444364,-0.1745890302311745,138.9532740857629,137.9685,136.9837259142371,0.6128571428571438,34098.9,-1.09898055093631,137.422,0.5914558309784663
2025-11-25 07:45:00,136.77,136.94,136.36,136.36,37465,2025-11-25 07:59:59.999,5112484.9100,962,1811,247648.0800,0,32.7083333333331,-0.23628964294283605,-0.019095893137012317,-0.21719374980582373,139.09849366710043,137.882,136.66550633289958,0.5871428571428571,30729.35,-1.5309069901790702,137.19,0.7497332859079862
2025-11-25 08:00:00,136.36,136.44,136.1,136.16,52910,2025-11-25 08:14:59.999,7209323.0400,1033,8507,1159441.9100,0,27.17622080679375,-0.3254725763058275,-0.08037122977077538,-0.2451013465350521,139.21334627148477,137.7825,136.35165372851523,0.586428571428572,32189.65,-1.4832501266189215,136.802,0.6573583497593453
2025-11-25 08:15:00,136.16,136.52,136.08,136.38,52962,2025-11-25 08:29:59.999,7216839.9300,900,8203,1119264.5800,0,27.94117647058812,-0.37408629815652716,-0.13911424344792575,-0.2349720547086014,139.21356602009354,137.68249999999998,136.15143397990641,0.5807142857142854,33276.35,-1.173913043478264,136.506,0.2954318872401392
2025-11-25 08:30:00,136.36,136.52,136.0,136.25,10230,2025-11-25 08:44:59.999,1393404.6700,794,2931,399801.9300,0,28.787878787878583,-0.41828125062465915,-0.19494764488327246,-0.2233336057413867,139.27979981977808,137.621,135.96220018022194,0.5735714285714286,30845.2,-1.6387525267109515,136.388,0.24159884105319204
2025-11-25 08:45:00,136.31,136.36,135.35,135.39,100397,2025-11-25 08:59:59.999,13637549.0100,961,30375,4141848.7500,0,25.237191650853674,-0.5167441763404668,-0.25930695117471136,-0.2574372251657554,139.4406306597034,137.50600000000003,135.57136934029666,0.6192857142857154,35168.45,-2.2666570417960115,136.108,0.4110596063811173
2025-11-25 09:00:00,136.36,136.36,135.03,135.03,48260,2025-11-25 09:14:59.999,6524894.5900,980,7991,1081719.7300,0,15.851272015655198,-0.6167166204045031,-0.3307888850206698,-0.28592773538383337,139.55458181275114,137.3515,135.14841818724884,0.6771428571428585,37225.15,-2.3503037315591553,135.842,0.5959614081449788
2025-11-25 09:15:00,135.03,135.36,134.84,135.13,24636,2025-11-25 09:29:59.999,3327618.7000,772,18743,2532387.6300,0,17.307692307691994,-0.680037291732134,-0.40063856636296274,-0.27939872536917126,139.596671635666,137.207,134.81732836433397,0.691428571428574,33387.2,-2.0797101449275397,135.636,0.6352794660604941
2025-11-25 09:30:00,135.14,135.69,134.84,135.69,484973,2025-11-25 09:44:59.999,65758944.1400,911,477691,64776745.5800,0,26.4972776769508,-0.6772254269120879,-0.4559559384727878,-0.22126948843930005,139.49811217089797,137.076,134.65388782910202,0.7250000000000024,56778.05,-1.3307155322862219,135.498,0.4920569072760546
2025-11-25 09:45:00,135.69,136.17,134.85,136.17,53982,2025-11-25 09:59:59.999,7337384.1300,798,48741,6626367.9600,0,33.97548161120817,-0.6290141319458087,-0.49056757716739197,-0.13844655477841672,139.32021876111756,136.9605,134.60078123888243,0.7721428571428594,59132.5,-1.3975380159304902,135.48200000000003,0.461865781367342
2025-11-25 10:00:00,136.17,136.21,135.89,135.94,19888,2025-11-25 10:14:59.999,2707156.1100,755,13275,1807798.2400,0,35.53113553113529,-0.6024210759813684,-0.5129382769301873,-0.08948279905118106,139.1717782010768,136.847,134.52222179892323,0.7100000000000039,59019.85,-1.3927172493834439,135.59199999999998,0.4985178030904119
2025-11-25 10:15:00,135.94,136.4,135.86,136.39,23185,2025-11-25 10:29:59.999,3159795.0400,723,20052,2733392.4000,0,33.95872420262644,-0.5388234272801355,-0.5181153070001769,-0.02070812027995861,139.0339657776079,136.7665,134.4990342223921,0.701428571428575,59621.65,-0.32885121309559856,135.86399999999998,0.4860864120690445
2025-11-25 10:30:00,136.38,136.52,136.28,136.51,19412,2025-11-25 10:44:59.999,2647282.2800,738,6172,842255.8400,0,37.044145873320275,-0.4732831221463414,-0.5091488700294098,0.0358657478830684,138.77915080289623,136.666,134.55284919710377,0.6764285714285754,59853.05,-0.2046933255354932,136.14,0.3327160951896153
2025-11-25 10:45:00,136.52,136.67,136.45,136.54,8976,2025-11-25 10:59:59.999,1225704.8600,682,4209,574994.8200,0,46.445497630331595,-0.4141471779857113,-0.49014853162067007,0.07600135363495875,138.48889187636323,136.5665,134.64410812363676,0.605000000000004,59709.7,0.13200352009385333,136.31,0.25288337232460173
2025-11-25 11:00:00,136.53,136.67,136.0,136.0,9822,2025-11-25 11:14:59.999,1339282.9600,745,2989,408484.2000,0,41.61358811040339,-0.4061728949198482,-0.47335340428050576,0.06718050936065756,138.21042790702788,136.4525,134.6945720929721,0.6357142857142881,59923.65,-0.11750881316098458,136.27599999999998,0.2857096428163677
2025-11-25 11:15:00,136.0,136.68,135.92,136.68,12724,2025-11-25 11:29:59.999,1734286.5600,865,5255,718046.0500,0,53.225806451612854,-0.34105147206287256,-0.4468930178369792,0.10584154577410665,137.99233508361888,136.3865,134.78066491638114,0.6485714285714336,60189.75,0.2199736031676282,136.424,0.258514989890888
2025-11-25 11:30:00,136.09,136.68,135.92,136.51,16601,2025-11-25 11:44:59.999,2264767.8300,869,8605,1175966.2400,0,53.549695740365074,-0.2997050413679858,-0.4174554225431805,0.11775038117519471,137.85280273150715,136.33599999999998,134.81919726849281,0.6785714285714347,57962.8,0.19082568807338782,136.448,0.2601345805507032
2025-11-25 11:45:00,136.47,136.68,136.22,136.22,8153,2025-11-25 11:59:59.999,1112520.8100,787,1617,221003.4800,0,48.40000000000003,-0.28702957525237593,-0.3913702530850196,0.10434067783264367,137.51134048353853,136.24200000000002,134.9726595164615,0.6800000000000068,57801.35,0.6130437993943516,136.39000000000001,0.2747726332775476
2025-11-25 12:00:00,136.67,136.68,136.21,136.67,19683,2025-11-25 12:14:59.999,2688663.8300,722,15053,2057227.8900,0,53.947368421052545,-0.23793022629854477,-0.36068224772772467,0.1227520214291799,137.22352934889227,136.1825,135.14147065110774,0.6764285714285775,57992.85,1.214544915944595,136.416,0.29770791054031814
2025-11-25 12:15:00,136.67,136.72,136.25,136.48,15234,2025-11-25 12:29:59.999,2080472.0400,746,11073,1512525.7500,0,61.72043010752705,-0.2119073149951305,-0.33092726118120586,0.11901994618607536,137.16948703840416,136.1645,135.15951296159585,0.6378571428571475,51563.25,0.9990379634426066,136.512,0.18673510649661684
2025-11-25 12:30:00,136.43,136.73,135.74,136.73,88630,2025-11-25 12:44:59.999,12094875.0000,1129,56318,7699746.3100,0,68.72246696035245,-0.1691610760537685,-0.29857402415571843,0.12941294810194992,137.1589551830018,136.1615,135.16404481699817,0.6135714285714309,55406.15,0.7664529442110635,136.522,0.19892209529940055
2025-11-25 12:45:00,136.73,136.74,135.93,136.74,19800,2025-11-25 12:59:59.999,2700098.6500,871,9105,1244945.5200,0,68.08988764044963,-0.1329449506603737,-0.2654482094566495,0.13250325879627578,137.2079029599418,136.1805,135.15309704005819,0.634285714285716,54522.9,0.4185944040537722,136.56799999999998,0.2208393080914579
2025-11-25 13:00:00,136.21,136.74,135.69,136.3,108808,2025-11-25 13:14:59.999,14809425.4000,1097,92860,12640999.5200,0,57.04387990762143,-0.1381551663702396,-0.23998960083936752,0.1018344344691279,137.2162217413103,136.1875,135.1587782586897,0.6485714285714315,57317.8,0.2648227159040854,136.584,0.19007893096899608
2025-11-25 13:15:00,136.33,136.65,136.15,136.45,24480,2025-11-25 13:29:59.999,3339758.0500,878,14043,1916908.1600,0,53.500000000000036,-0.12869701438944503,-0.21773108354938303,0.089034069159938,137.22295063121015,136.19099999999997,135.1590493687898,0.5900000000000034,55893.7,0.04399149497763933,136.54,0.19065675964495093
2025-11-25 13:30:00,136.6,136.71,135.51,135.51,36845,2025-11-25 13:44:59.999,5007845.7900,1116,2811,384169.9000,0,45.435244161358725,-0.1948059036991765,-0.21314604757934175,0.01834014388016525,137.2292018170373,136.15399999999997,135.07879818296263,0.6528571428571459,57224.45,-0.7325470661490001,136.346,0.5036169179031753
2025-11-25 13:45:00,135.51,135.8,134.85,135.11,49121,2025-11-25 13:59:59.999,6657237.5200,1136,30041,4074676.2300,0,36.266094420601064,-0.27628943915610193,-0.22577472589469377,-0.05051471326140816,137.26330339904575,136.14,135.01669660095422,0.682142857142862,54660.65,-1.0473121429617536,136.022,0.6837177780329056
2025-11-25 14:00:00,135.11,135.8,135.1,135.65,10647,2025-11-25 14:14:59.999,1442869.6800,818,6962,943488.2800,0,41.53543307086621,-0.2939042952644684,-0.23940063976864873,-0.05450365549581965,137.19516898276362,136.171,135.14683101723637,0.7150000000000054,52780.0,-0.2573529411764664,135.804,0.5601606912290671
2025-11-25 14:15:00,135.65,135.99,135.38,135.98,6124,2025-11-25 14:29:59.999,831256.5600,650,3578,485975.0200,0,44.79553903345717,-0.2780309854317977,-0.24712670890127858,-0.030904276530519137,137.11950975944103,136.2135,135.307490240559,0.7428571428571493,51854.4,-0.5121451565701032,135.73999999999998,0.5048762224528046
2025-11-25 14:30:00,135.84,135.99,134.53,134.54,103012,2025-11-25 14:44:59.999,13898563.9800,1052,3236,438797.5100,0,38.37579617834378,-0.37729798216770405,-0.2731609635545637,-0.10413701861314034,137.31308162837755,136.156,134.99891837162247,0.7992857142857223,32756.35,-1.4431177203135295,135.358,0.553597326581471
2025-11-25 14:45:00,134.54,134.6,133.15,134.38,275070,2025-11-25 14:59:59.999,36845564.4200,1868,72268,9695300.0900,0,30.034722222221887,-0.4635351108676957,-0.3112357930171901,-0.1522993178505056,137.46974848682675,136.0665,134.66325151317324,0.8485714285714343,43810.75,-1.3507561297900479,135.132,0.6899057906686326
2025-11-25 15:00:00,134.38,134.47,133.58,133.97,18990,2025-11-25 15:14:59.999,2548775.1200,726,12915,1735196.8000,0,28.8333333333331,-0.5585239141412615,-0.36069341724200443,-0.19783049689925702,137.65625789997688,135.968,134.2797421000231,0.8578571428571463,43765.85,-1.9755615716689756,134.904,0.865118488993308
2025-11-25 15:15:00,134.01,134.47,133.52,134.08,20066,2025-11-25 15:29:59.999,2683734.1700,971,4221,565516.8900,0,31.615120274914005,-0.6178054675420128,-0.4121158273020062,-0.20568964024000663,137.72519437189274,135.8525,133.97980562810724,0.8928571428571449,43609.9,-1.7584994138335122,134.58999999999997,0.8098147936398724
2025-11-25 15:30:00,134.09,134.99,133.52,134.99,427717,2025-11-25 15:44:59.999,57577346.4600,1025,422728,56905572.4500,0,36.6242038216561,-0.5846180182971352,-0.446616265501032,-0.13800175279610322,137.6601836811203,135.7765,133.8928163188797,0.9642857142857163,64025.15,-1.272580999049207,134.392,0.40468506273145327
2025-11-25 15:45:00,134.99,135.22,134.57,134.77,82905,2025-11-25 15:59:59.999,11178087.1000,1103,22255,3005360.5800,0,36.45007923930274,-0.5695039994494664,-0.47119381229071894,-0.09831018715874745,137.58690383892036,135.68800000000002,133.78909616107967,0.9771428571428596,67721.6,-1.4406903612695616,134.43800000000002,0.43745856946454964
2025-11-25 16:00:00,134.81,134.98,134.55,134.79,10364,2025-11-25 16:14:59.999,1397166.9000,929,5837,787401.0700,0,34.046052631578775,-0.5495770160280529,-0.48687045303818577,-0.0627065629898671,137.56133039587056,135.6275,133.69366960412944,0.9371428571428595,67748.7,-1.107850330154086,134.51999999999998,0.4616275555011635
2025-11-25 16:15:00,134.78,136.17,122.85,136.17,191701,2025-11-25 16:29:59.999,25784452.9400,1594,113776,15401135.4200,0,46.174496644295104,-0.41761625105658595,-0.4730196126418658,0.055403361585279864,137.49030862776112,135.602,133.71369137223888,1.8307142857142875,76697.55,-0.20520337119824197,134.96,0.7590125163645346
2025-11-25 16:30:00,136.14,136.6,128.28,136.46,140775,2025-11-25 16:44:59.999,19188350.9100,1183,88943,12138987.9800,0,51.09589041095889,-0.2863351246423633,-0.4356827150419653,0.149347590399602,137.48287295409153,135.5995,133.71612704590848,2.3500000000000005,82906.25,0.7010552726736161,135.436,0.8134986170843113
2025-11-25 16:45:00,136.46,136.6,135.9,135.99,7180,2025-11-25 16:59:59.999,977952.8100,733,2109,288015.7700,0,46.98162729658804,-0.21770934041879286,-0.39208804011733084,0.17437869969853798,137.45818265361638,135.588,133.7178173463836,2.364285714285714,82857.6,0.651321145733103,135.63600000000002,0.7992371362731583
2025-11-25 17:00:00,136.0,136.7,135.65,136.7,73379,2025-11-25 17:14:59.999,9981464.8100,964,21057,2877055.5900,0,58.051420838971644,-0.1048235055949931,-0.3346351332128633,0.22981162761787022,137.46338113985618,135.5895,133.7156188601438,2.3535714285714255,85542.4,0.7740508661997663,136.022,0.740317499454245
2025-11-25 17:15:00,136.7,136.9,136.58,136.6,16485,2025-11-25 17:29:59.999,2254151.2500,847,10656,1457732.9600,0,60.50775740479543,-0.023162825825949085,-0.2723406717354805,0.2491778459095314,137.48211183355752,135.59550000000002,133.7088881664425,2.308571428571424,85604.95,0.4559494043241687,136.384,0.29720363389137117
2025-11-25 17:30:00,136.6,137.81,136.45,137.66,268208,2025-11-25 17:44:59.999,36853866.6500,1076,258854,35571977.1300,0,63.20630749014456,0.12563870762073748,-0.19274479586423687,0.31838350348497435,137.6856561663618,135.642,133.59834383363818,2.355714285714281,94583.85,2.319012932956745,136.682,0.6106717612582753
2025-11-25 17:45:00,137.61,137.82,136.87,136.87,25734,2025-11-25 17:59:59.999,3530156.9600,749,4419,608987.6800,0,55.51425030978946,0.1777693824564892,-0.11864196020009166,0.29641134265658087,137.7076288398107,135.64849999999998,133.58937116018927,2.3799999999999932,94880.55,1.8529543086768931,136.764,0.6008577202618778
2025-11-25 18:00:00,136.87,137.82,136.78,136.88,55902,2025-11-25 18:14:59.999,7659231.9500,922,39287,5385672.0800,0,67.62048192771098,0.21738436265596306,-0.051436695628880695,0.26882105828484376,137.79088466371712,135.67749999999998,133.56411533628284,2.349999999999992,92235.25,2.1721280883779928,136.94199999999998,0.41835391715429193
2025-11-25 18:15:00,136.88,137.52,136.87,137.15,24161,2025-11-25 18:29:59.999,3318103.4000,782,20618,2831792.7900,0,70.51851851851868,0.2674828871694217,0.0123472209307798,0.2551356662386419,137.9015817589485,135.7125,133.5234182410515,2.2928571428571365,92219.3,2.2896778042959376,137.03199999999998,0.4013352713111016
2025-11-25 18:30:00,137.09,137.53,136.56,136.63,45491,2025-11-25 18:44:59.999,6219692.4000,1028,1224,167913.1100,0,69.38775510204083,0.26220414840170747,0.06231860642496535,0.19988554197674213,137.9927895968194,135.76850000000002,133.54421040318064,2.298571428571423,92651.6,1.2149048077635278,137.03799999999998,0.39340818496614477
2025-11-25 18:45:00,136.64,136.9,136.31,136.31,11499,2025-11-25 18:59:59.999,1571041.8200,875,2071,283340.1900,0,65.77086280056578,0.2295532374195659,0.09576553262388549,0.13378770479568042,138.04271508012326,135.82850000000002,133.61428491987678,2.2728571428571382,90770.5,1.1426875417377695,136.768,0.3153093718846707
2025-11-25 19:00:00,136.31,136.9,135.16,135.34,78110,2025-11-25 19:14:59.999,10596588.6300,1202,2271,307951.6800,0,52.45441795231414,0.12397713066809501,0.1014078522327274,0.022569278435367615,138.03679571193345,135.81300000000002,133.58920428806658,2.2921428571428533,94143.65,0.40804213962460967,136.462,0.6996927897286308
2025-11-25 19:15:00,135.33,135.36,134.17,134.44,106167,2025-11-25 19:29:59.999,14278973.1800,989,2279,306674.6900,0,47.88732394366188,-0.031946908874175506,0.07473690001134682,-0.10668380888552233,138.04062601144398,135.736,133.431373988556,2.3307142857142833,99145.8,-1.2704707351105162,135.974,1.0818179144375992
2025-11-25 19:30:00,134.44,135.6,134.16,135.6,100320,2025-11-25 19:44:59.999,13556182.3700,1085,97079,13120168.2900,0,54.52513966480449,-0.061209938044015644,0.047547532400274324,-0.10875747044428996,138.02556597676298,135.78900000000002,133.55243402323705,2.4028571428571417,99011.2,-0.630221310274083,135.66400000000002,0.8599011571093755
2025-11-25 19:45:00,135.61,136.56,135.49,136.56,46691,2025-11-25 19:59:59.999,6363134.9600,935,44612,6080342.9400,0,52.28604923798368,-0.006858067017049052,0.03666641251680965,-0.043524479533858705,138.0565628747393,135.898,133.73943712526068,1.527857142857142,87592.25,0.4191484667990243,135.65,0.840595027345538
2025-11-25 20:00:00,136.56,136.65,136.49,136.6,27507,2025-11-25 20:14:59.999,3757728.1700,667,23641,3229892.5500,0,50.84541062801925,0.038994345519967055,0.03713199911744114,0.0018623464025259162,138.00630736755335,136.0295,134.05269263244668,0.9449999999999993,88018.1,-0.07315288953913264,135.708,0.9050524846648726
2025-11-25 20:15:00,136.6,137.44,136.6,137.31,49421,2025-11-25 20:29:59.999,6772051.1100,897,45579,6246341.8100,0,57.74647887323941,0.13111239698889676,0.055928078691732275,0.07518431829716449,138.01939475180083,136.191,134.36260524819917,0.9550000000000003,89485.85,0.5197657393850718,136.102,1.1103242769561468
2025-11-25 20:30:00,137.31,137.72,137.28,137.43,9292,2025-11-25 20:44:59.999,1277170.0900,634,6625,910809.5100,0,54.60277427490553,0.21136315073817968,0.08701509310102176,0.12434805763715792,138.1295566037777,136.313,134.49644339622228,0.9114285714285728,68564.6,-0.16707830887693575,136.7,0.732222643735093
2025-11-25 20:45:00,137.48,137.72,137.35,137.72,17462,2025-11-25 20:59:59.999,2402799.5400,732,14440,1987173.1500,0,56.89655172413795,0.29496287916580854,0.12860465031397914,0.1663582288518294,138.22793018919432,136.4605,134.69306981080567,0.9150000000000021,65292.45,0.6210272521370602,137.124,0.518681019508693
2025-11-25 21:00:00,137.72,137.91,137.43,137.46,20967,2025-11-25 21:14:59.999,2883573.4600,826,5061,696962.5300,0,48.633879781420845,0.3363591008208857,0.17015554041536046,0.16620356040552525,138.22850169454324,136.594,134.95949830545675,0.8521428571428576,65822.6,0.42372881355933123,137.304,0.4209869356626831
2025-11-25 21:15:00,137.51,137.81,137.32,137.32,6911,2025-11-25 21:29:59.999,950051.7700,664,1414,194584.0500,0,53.37331334332824,0.3537907947008705,0.2068825912724625,0.146908203428408,138.30401037101336,136.6515,134.99898962898664,0.8192857142857163,56583.1,0.12395187750637074,137.448,0.1657407614279449
2025-11-25 21:30:00,137.31,137.56,136.97,137.39,58048,2025-11-25 21:44:59.999,7960672.1200,937,2594,355970.2400,0,53.789004457652226,0.36900034637662316,0.23930614229329467,0.1296942040833285,138.3798986764623,136.698,135.01610132353773,0.7871428571428599,52446.75,0.556246797921387,137.464,0.15241391012214772
2025-11-25 21:45:00,137.37,137.49,136.97,137.13,23188,2025-11-25 21:59:59.999,3183260.1700,818,1636,224757.9200,0,49.851190476190396,0.355970788898901,0.26263907161441596,0.09333171728448503,138.41296958895072,136.755,135.09703041104927,0.7778571428571459,53247.15,0.6015699508473282,137.404,0.21524404753371862
2025-11-25 22:00:00,137.13,137.38,135.99,136.08,64250,2025-11-25 22:14:59.999,8750660.4300,884,904,123522.6300,0,46.20689655172424,0.25794511521809227,0.26170028033515125,-0.0037551651170589784,138.40925993621823,136.724,135.03874006378174,0.807857142857145,52790.7,0.5467710950199565,137.076,0.5702017186913326
2025-11-25 22:15:00,136.08,137.2,136.0,137.15,46093,2025-11-25 22:29:59.999,6309722.8400,945,43034,5891352.1300,0,55.25000000000004,0.26356095361381904,0.2620724149908848,0.0014885386229342434,138.44616376108908,136.7515,135.0568362389109,0.8514285714285725,54271.1,2.0157691163344302,137.014,0.5336946692618552
2025-11-25 22:30:00,137.08,138.43,136.97,138.26,197571,2025-11-25 22:44:59.999,27247289.3700,1346,190693,26301292.3600,0,67.93611793611795,0.35350429191686317,0.28035879037608047,0.0731455015407827,138.56290423616375,136.7815,135.00009576383624,0.8314285714285725,50739.25,1.9616519174041274,137.202,0.7780552679589
2025-11-25 22:45:00,138.43,139.08,137.9,138.95,1178762,2025-11-25 22:59:59.999,163566256.7700,1128,1171445,162555867.0000,0,78.4363177805802,0.4749869154657915,0.3192844153940227,0.15570250007176883,138.91433918067526,136.8855,134.85666081932476,0.8307142857142854,108390.65,1.7501464557703474,137.51399999999998,1.112982479645889
2025-11-25 23:00:00,138.96,139.74,137.9,139.74,63758,2025-11-25 23:14:59.999,8872036.3100,1073,51153,7121358.5200,0,77.38095238095256,0.62777259584783,0.3809820514847842,0.24679054436304576,139.42547418908674,137.0285,134.63152581091327,0.8592857142857143,108783.45,2.2986822840410066,138.036,1.4491480255650009
2025-11-25 23:15:00,139.74,140.32,139.41,139.46,68812,2025-11-25 23:29:59.999,9636613.0800,1085,59831,8381780.4600,0,71.07558139534898,0.7179861904964753,0.4483828792871225,0.26960331120935277,139.77665645308875,137.144,134.51134354691126,0.8478571428571432,111016.0,1.5658000145655857,138.712,1.0388792037572285
2025-11-25 23:30:00,139.46,140.32,139.05,139.21,23419,2025-11-25 23:44:59.999,3260326.8200,878,2767,385978.2900,0,68.40620592383655,0.7605411584918897,0.510814535128076,0.2497266233638138,140.04857087536962,137.273,134.49742912463037,0.9271428571428564,109912.4,1.2952048315506084,139.124,0.5649159229473433
2025-11-25 23:45:00,139.22,139.22,138.82,138.9,23365,2025-11-25 23:59:59.999,3245024.6100,824,1107,153818.1200,0,61.88340807174896,0.7604854649441961,0.5607487210913,0.19973674385289608,140.23008498406227,137.40249999999997,134.57491501593768,0.8957142857142851,110505.7,0.8568109207086891,139.252,0.3529447548831095
2025-11-26 00:00:00,138.9,139.3,138.82,139.3,5378,2025-11-26 00:14:59.999,747453.5600,472,3769,524017.5100,0,63.41463414634156,0.7836841612821388,0.6053358091294678,0.17834835215267097,140.37405538500192,137.6005,134.8269446149981,0.8985714285714295,106869.1,1.338571220718757,139.322,0.3101934880031004
2025-11-26 00:15:00,139.3,139.67,138.82,139.22,234296,2025-11-26 00:29:59.999,32700352.3500,734,231609,32326698.9200,0,61.094674556213036,0.7865471380565339,0.6415780749148811,0.1449690631416528,140.26877301232474,137.8395,135.41022698767523,0.932857142857143,113275.55,1.3836294785901586,139.21800000000002,0.20400980368471383
2025-11-26 00:30:00,139.22,139.67,138.8,139.31,13482,2025-11-26 00:44:59.999,1875669.7300,809,1743,243132.9000,0,64.03641881638842,0.7870061980585774,0.6706636995436204,0.11634249851495704,140.29565026623803,138.025,135.75434973376198,0.9607142857142849,108933.65,1.397481621660977,139.18800000000002,0.16724233913533684
2025-11-26 00:45:00,139.31,139.5,138.99,138.99,5919,2025-11-26 00:59:59.999,823948.1600,712,2609,363471.3800,0,62.33382570162497,0.7528700633244796,0.6871049722997923,0.0657650910246873,140.34602411120613,138.1465,135.94697588879387,0.9621428571428551,106895.05,1.3563771603587937,139.144,0.18769656363245893
2025-11-26 01:00:00,138.99,139.07,138.54,138.81,68249,2025-11-26 01:14:59.999,9465724.0400,1005,2666,369800.8800,0,60.31976744186059,0.7031865382385263,0.6903212854875391,0.012865252750987155,140.3488095918148,138.257,136.1651904081852,0.9578571428571406,108932.15,2.0061728395061653,139.12600000000003,0.21870070873095981
2025-11-26 01:15:00,138.81,139.28,138.61,139.28,20788,2025-11-26 01:29:59.999,2890275.5800,997,16968,2360005.7100,0,65.16220028208748,0.6937400551855433,0.69100503942714,0.002735015758403292,140.44507789743787,138.3555,136.26592210256214,0.9685714285714246,107500.5,1.5530441122858152,139.122,0.21487205495229117
2025-11-26 01:30:00,139.28,140.28,139.26,140.24,71739,2025-11-26 01:44:59.999,10027796.5900,1181,69224,9676205.8400,0,79.71428571428557,0.7550142914809328,0.7038068898378986,0.05120740164303417,140.69839486874668,138.496,136.29360513125334,0.942142857142855,110622.85,1.432084478518746,139.32600000000002,0.5515704850692522
2025-11-26 01:45:00,140.25,140.3,139.73,139.94,9299,2025-11-26 01:59:59.999,1302581.0200,735,4420,620070.6500,0,72.39165329052946,0.7704853963678886,0.7171425911438967,0.05334280522399193,140.86772275354755,138.607,136.34627724645244,0.8971428571428574,110214.7,0.7124865059373942,139.452,0.6152804238715807
2025-11-26 02:00:00,139.94,140.3,139.7,139.84,11529,2025-11-26 02:14:59.999,1612334.4100,769,2031,284723.8600,0,65.13409961685821,0.7658489640557491,0.7268838657262673,0.038965098329481807,140.98306283287934,138.726,136.46893716712066,0.835714285714287,109742.8,0.07156147130384594,139.622,0.5715942616924022
2025-11-26 02:15:00,139.95,140.03,139.53,139.53,40343,2025-11-26 02:29:59.999,5632287.3800,950,3750,524215.1700,0,55.99173553719013,0.7287594633660888,0.7272589852542317,0.001500478111857051,141.0188914936521,138.8365,136.6541085063479,0.7871428571428579,111414.4,0.050193603900755175,139.766,0.37159117319947277
2025-11-26 02:30:00,139.53,139.53,139.03,139.32,82612,2025-11-26 02:44:59.999,11503935.1400,1084,5174,719968.1000,0,45.07042253521114,0.6746436498529533,0.7167359181739761,-0.04209226832102275,141.01442764770178,138.933,136.8515723522982,0.691428571428572,112642.6,0.07901731197470384,139.774,0.3587199464760277
2025-11-26 02:45:00,139.32,139.42,139.0,139.19,10314,2025-11-26 02:59:59.999,1435739.8000,827,4481,624439.5500,0,46.71532846715319,0.6141866033699444,0.6962260552131698,-0.08203945184322547,140.9378926861049,139.036,137.1341073138951,0.6564285714285713,111998.9,0.20878329733620737,139.564,0.32331099579142364
2025-11-26 03:00:00,139.19,139.25,138.93,139.07,6505,2025-11-26 03:14:59.999,904760.9300,816,1386,192937.6900,0,48.241206030150586,0.5502480444061177,0.6670304530517595,-0.11678240864564171,140.4831006197618,139.1855,137.88789938023817,0.5885714285714292,109111.65,-0.16511127063892186,139.39000000000001,0.303891427979702
2025-11-26 03:15:00,139.09,139.61,138.91,139.55,19669,2025-11-26 03:29:59.999,2738354.8100,964,9478,1321091.8200,0,57.83132530120477,0.5321736971335724,0.6400591018681221,-0.10788540473454966,140.18801971797606,139.3055,138.42298028202393,0.6100000000000014,107790.45,0.2370349087774835,139.332,0.20957099035769958
2025-11-26 03:30:00,139.55,139.61,138.49,138.49,17355,2025-11-26 03:44:59.999,2407422.6000,772,1240,172828.6600,0,41.58004158004165,0.4273898216677594,0.5975252458280496,-0.17013542416029015,140.1465617105218,139.317,138.4874382894782,0.6557142857142862,98779.65,-0.5886153183547435,139.124,0.39658542585347717
2025-11-26 03:45:00,138.49,138.54,138.04,138.11,23407,2025-11-26 03:59:59.999,3237741.2600,926,1833,253582.2200,0,39.13894324853252,0.31011026314990886,0.5400422492924214,-0.22993198614251253,140.2543338229772,139.275,138.2956661770228,0.6307142857142866,41011.9,-0.6331390747535761,138.882,0.57577773489363
2025-11-26 04:00:00,138.05,138.38,137.81,137.89,15446,2025-11-26 04:14:59.999,2131220.0100,770,1196,165311.3400,0,36.45038167938933,0.1971406915117484,0.4714619377362868,-0.2743212462245384,140.3144824250012,139.1825,138.05051757499882,0.6092857142857164,38596.3,-0.6627764570276031,138.622,0.6850693395555686
2025-11-26 04:15:00,137.91,138.36,137.81,138.33,9630,2025-11-26 04:29:59.999,1330027.0500,815,4910,678425.6400,0,43.8432835820897,0.1414848653962224,0.4054665232682739,-0.2639816578720515,140.31121417117936,139.126,137.94078582882065,0.6121428571428608,35637.2,-0.6820792647903422,138.474,0.6427129997121772
2025-11-26 04:30:00,138.33,138.4,137.81,138.2,12440,2025-11-26 04:44:59.999,1719235.9300,1340,6862,948520.8800,0,44.25612052730697,0.08589713991659664,0.3415526465979385,-0.25565550668134185,140.3297051372488,139.07549999999998,137.82129486275116,0.6164285714285752,35088.25,-1.4546491728465634,138.204,0.226450877673005
2025-11-26 04:45:00,138.2,138.27,137.79,137.97,28322,2025-11-26 04:59:59.999,3911054.3500,1454,18145,2507534.0900,0,37.080867850098876,0.02301904001183175,0.27784592528071717,-0.2548268852688854,140.37612012514276,139.02900000000002,137.6818798748573,0.6028571428571488,35336.1,-1.4077461769329704,138.1,0.17606816861322075
2025-11-26 05:00:00,137.98,138.51,137.78,138.4,14648,2025-11-26 05:14:59.999,2023327.7100,1250,9811,1355431.7600,0,29.735682819383698,0.0077952404851657775,0.2238357883216069,-0.2160405478364411,140.35295503750947,138.984,137.61504496249054,0.5821428571428616,35799.6,-1.0297482837528589,138.158,0.2219684662262826
2025-11-26 05:15:00,138.39,138.64,137.77,138.54,131411,2025-11-26 05:29:59.999,18209116.1400,1518,123014,17046861.9800,0,34.01826484018288,0.006947018742238242,0.18045803440573316,-0.17351101566349492,140.3280229926989,138.95,137.5719770073011,0.6035714285714298,30655.35,-0.7095248333691745,138.288,0.21603240497416648
2025-11-26 05:30:00,138.54,138.82,138.52,138.72,24292,2025-11-26 05:44:59.999,3370248.6500,1394,17837,2474933.2600,0,37.443946188341016,0.020562263601846098,0.14847888024495576,-0.12791661664310966,140.29131573869705,138.9205,137.54968426130296,0.5821428571428555,31195.85,-0.43066322136089175,138.36599999999999,0.29202739597333915
2025-11-26 05:45:00,138.73,139.16,138.7,138.93,10770,2025-11-26 05:59:59.999,1495875.9600,1383,4606,639896.2300,0,43.1192660550461,0.04774728719726795,0.1283325616354182,-0.08058527443815025,140.28793788621954,138.9175,137.54706211378044,0.5792857142857132,31438.4,-0.18679502837846892,138.512,0.3623120202243664
2025-11-26 06:00:00,138.93,139.13,138.81,138.93,11699,2025-11-26 06:14:59.999,1625808.9500,1320,5409,751862.0900,0,45.30120481927738,0.06850196622843896,0.11636644255402236,-0.0478644763255834,140.29300663417106,138.92350000000002,137.55399336582897,0.5664285714285698,28610.9,-0.10066872797870595,138.704,0.23543576618513481
2025-11-26 06:15:00,138.94,138.94,138.47,138.7,90270,2025-11-26 06:29:59.999,12512376.2600,1676,4326,599855.5900,0,44.2352941176471,0.06563452710781803,0.1062200594647815,-0.040585532356963466,140.25676552786413,138.8945,137.53223447213585,0.5699999999999993,32085.0,-0.6091006807596006,138.76399999999998,0.1668232597667969
2025-11-26 06:30:00,138.65,139.09,138.38,139.09,30378,2025-11-26 06:44:59.999,4213712.7900,1443,19462,2702514.2300,0,50.2212389380532,0.09375109728844677,0.10372626702951457,-0.009975169741067796,140.04892495858832,138.83700000000002,137.62507504141172,0.5978571428571432,30016.95,0.43324427756516304,138.874,0.16349311911907638
2025-11-26 06:45:00,139.09,139.68,138.8,139.54,13292,2025-11-26 06:59:59.999,1852256.6600,1388,8562,1193864.4300,0,49.88864142538954,0.15060879646367198,0.11310277291634607,0.037506023547325906,139.96373174029355,138.817,137.67026825970646,0.6107142857142845,30216.6,1.0354065599883993,139.038,0.313161300290089
2025-11-26 07:00:00,139.54,139.62,139.16,139.29,13435,2025-11-26 07:14:59.999,1873136.3500,1296,3684,514320.4000,0,60.8695652173908,0.173496067367779,0.12518143180663266,0.048314635561146346,139.8565465880358,138.7895,137.7224534119642,0.5635714285714276,30311.9,1.0153020523605816,139.10999999999999,0.3233419242836033
2025-11-26 07:15:00,139.29,139.73,139.29,139.69,13010,2025-11-26 07:29:59.999,1816384.2400,1370,7099,991421.5700,0,71.35135135135054,0.2213593586189404,0.14441701716909422,0.07694234144984619,139.89001761396707,138.7975,137.70498238603295,0.5592857142857132,28945.25,0.9831562206318117,139.262,0.3894483277657239
2025-11-26 07:30:00,139.69,139.74,139.37,139.4,11951,2025-11-26 07:44:59.999,1667712.4000,1349,1998,279040.3800,0,70.02652519893888,0.23320257132431266,0.16217412800013792,0.07102844332417474,139.90262430580214,138.8015,137.70037569419787,0.5449999999999997,25412.2,0.868306801736626,139.402,0.23015212360437412
2025-11-26 07:45:00,139.41,139.83,139.31,139.83,29760,2025-11-26 07:59:59.999,4153153.6500,1623,15561,2172807.0900,0,69.94680851063805,0.274125856819154,0.18456447376394117,0.08956138305521286,140.01632934658554,138.83350000000002,137.6506706534145,0.5428571428571425,26384.5,1.3481191563383443,139.55,0.21691011963413345
2025-11-26 08:00:00,139.8,139.84,139.1,139.12,54654,2025-11-26 08:14:59.999,7612446.5000,1768,4343,606177.5500,0,60.59907834101393,0.2464261419582101,0.19693680740279498,0.049489334555415126,140.02114311815592,138.83599999999998,137.65085688184405,0.5535714285714286,28791.95,0.5202312138728316,139.466,0.29056840846802606
2025-11-26 08:15:00,139.13,139.15,138.23,138.26,145641,2025-11-26 08:29:59.999,20197528.4500,1806,4280,593130.1800,0,52.917505030180976,0.1533118224294583,0.18821181040812768,-0.03489998797866939,139.93320972005506,138.7715,137.60979027994495,0.5849999999999999,35090.55,-0.20210769452865684,139.26000000000002,0.6222941426685015
2025-11-26 08:30:00,138.27,138.42,137.98,138.16,51460,2025-11-26 08:44:59.999,7108819.8000,1397,6401,884927.7100,0,47.4137931034482,0.07063465673107316,0.1646963796727168,-0.09406172294164364,139.94262921734057,138.755,137.56737078265942,0.5642857142857147,36795.8,-0.40369088811995546,138.954,0.7255894155783554
2025-11-26 08:45:00,138.16,138.31,137.91,138.25,20822,2025-11-26 08:59:59.999,2875029.4700,1009,2210,305604.2200,0,46.84095860566462,0.012233633386415477,0.13420383041545655,-0.12197019702904108,139.9351845998177,138.762,137.5888154001823,0.5307142857142882,36666.55,-0.48945512128410484,138.724,0.7311155859364485
2025-11-26 09:00:00,138.25,138.36,137.08,137.49,57757,2025-11-26 09:14:59.999,7963141.6000,964,2441,335977.0500,0,38.10444874274681,-0.09428834938660202,0.08850539445504482,-0.18279374384164684,139.98908671035502,138.742,137.49491328964496,0.6007142857142895,38782.1,-1.0364931980133865,138.256,0.5793358266143317
2025-11-26 09:15:00,137.49,137.53,136.6,136.7,57177,2025-11-26 09:29:59.999,7833473.7500,957,9304,1274979.4600,0,30.60869565217395,-0.2396911752129256,0.022866080521450723,-0.2625572557343763,140.19977494893132,138.6605,137.1212250510687,0.634285714285718,41159.45,-1.4419610670511898,137.772,0.6793158322891009
2025-11-26 09:30:00,136.7,137.01,136.14,136.55,79255,2025-11-26 09:44:59.999,10805492.4100,998,5720,780500.8900,0,29.830508474576433,-0.362845056698319,-0.05427614692250325,-0.30856890977581575,140.3762751970144,138.578,136.7797248029856,0.6735714285714332,44500.2,-1.8261557265080104,137.43,0.7931267237953978
2025-11-26 09:45:00,136.59,136.69,136.3,136.62,11302,2025-11-26 09:59:59.999,1543351.6100,758,7685,1049879.6300,0,31.881533101045463,-0.4496141084980252,-0.13334373923760767,-0.3162703692604175,140.49642388680869,138.5105,136.52457611319133,0.6678571428571465,43649.2,-2.0925899383689175,137.122,0.7357105409046625
2025-11-26 10:00:00,136.63,137.18,136.62,137.07,41963,2025-11-26 10:14:59.999,5745858.9500,798,38196,5229832.1800,0,32.58620689655159,-0.47657431593657407,-0.20198985457740098,-0.2745844613591731,140.53195442579513,138.44400000000002,136.3560455742049,0.6571428571428604,45014.95,-1.5937971139349552,136.88600000000002,0.3927212752042945
2025-11-26 10:15:00,137.07,137.24,136.88,137.02,10609,2025-11-26 10:29:59.999,1454609.4200,702,5413,742778.4400,0,26.66666666666673,-0.4962545432352954,-0.2608427923089799,-0.2354117509263155,140.54978680997883,138.368,136.18621319002116,0.6200000000000045,38974.85,-1.911375187916091,136.792,0.23763417262259162
2025-11-26 10:30:00,137.02,137.24,136.65,137.13,6996,2025-11-26 10:44:59.999,957595.6700,624,1606,220345.0100,0,29.467680608364915,-0.49724327353217745,-0.3081228885536194,-0.18912038497855804,140.53130158448215,138.2885,136.04569841551785,0.6292857142857186,38110.05,-1.628407460545201,136.878,0.27142218037234145
2025-11-26 10:45:00,137.13,137.25,137.09,137.2,15501,2025-11-26 10:59:59.999,2126945.6200,683,9904,1359240.6900,0,24.746450304259298,-0.48676728418035964,-0.34385176767896747,-0.14291551650139217,140.47388398517455,138.202,135.93011601482544,0.6092857142857184,38346.6,-1.8808553243224084,137.00799999999998,0.22709029040924633
2025-11-26 11:00:00,137.2,137.25,137.2,137.2,5807,2025-11-26 11:14:59.999,796812.5800,676,1807,248010.7500,0,26.293103448275474,-0.4730123946975482,-0.3696838930826837,-0.10332850161486451,140.40236386035045,138.1155,135.82863613964955,0.5864285714285761,38052.0,-1.3801035077630937,137.124,0.07956129711253966
2025-11-26 11:15:00,137.2,137.25,136.85,136.85,6206,2025-11-26 11:29:59.999,850823.1900,675,1595,218913.5300,0,17.324561403508184,-0.48476554516315673,-0.39270022349877837,-0.09206532166437836,140.35943993694147,138.023,135.68656006305852,0.5778571428571472,33848.8,-1.0198177347027315,137.07999999999998,0.14815532389421904
2025-11-26 11:30:00,136.85,137.25,136.59,136.76,6907,2025-11-26 11:44:59.999,944916.2900,669,1182,162192.1600,0,20.050761421319166,-0.4956289474349376,-0.4132859682860102,-0.08234297914892735,140.25127044101134,137.9065,135.56172955898865,0.5721428571428605,32675.25,-1.0133178922987882,137.02799999999996,0.2080144225724934
2025-11-26 11:45:00,136.76,136.94,136.59,136.75,8436,2025-11-26 11:59:59.999,1153155.6100,641,4620,631674.9500,0,25.5663430420707,-0.49928968770561255,-0.4304867121699308,-0.06880297553568177,140.03323824640347,137.767,135.50076175359652,0.5314285714285732,32432.45,-1.0849909584086799,136.952,0.22971721746119844
2025-11-26 12:00:00,136.75,136.81,135.92,135.93,82214,2025-11-26 12:14:59.999,11205437.5100,873,3679,503170.9300,0,20.734908136482446,-0.5618809834993783,-0.45676556643582034,-0.10511541706355798,139.88791056595403,137.599,135.31008943404595,0.5635714285714316,35871.4,-1.1346279729434883,136.698,0.46676546572977684
2025-11-26 12:15:00,135.92,136.81,135.58,135.97,44666,2025-11-26 12:29:59.999,6062436.4900,944,4169,567367.5200,0,19.68085106382901,-0.601325662728101,-0.48567758569427644,-0.11564807703382451,139.58822993339712,137.41299999999998,135.23777006660285,0.6228571428571448,37454.2,-0.5340160936356911,136.452,0.4601304162927793
2025-11-26 12:30:00,135.97,136.81,135.77,135.82,6831,2025-11-26 12:44:59.999,929206.9100,699,1817,247857.8500,0,23.49206349206257,-0.6373427115514403,-0.5160106108657093,-0.12133210068573097,139.3075872806602,137.23399999999998,135.16041271933977,0.605714285714287,37198.2,-0.5346027096301853,136.246,0.46789956186945203
2025-11-26 12:45:00,135.82,135.92,135.54,135.65,43215,2025-11-26 12:59:59.999,5861431.7000,769,2256,306081.3800,0,29.249011857706932,-0.6718592858540262,-0.5471803458633727,-0.12467893999065349,138.82090762861463,137.025,135.22909237138538,0.566428571428572,37870.95,-0.7099985360854918,136.02400000000003,0.424358339139787
2025-11-26 13:00:00,135.65,135.95,135.5,135.71,9644,2025-11-26 13:14:59.999,1309113.4200,772,5590,759346.5000,0,32.78688524590096,-0.6864593450842165,-0.5750361457075415,-0.111423199376675,138.4491552176405,136.8545,135.2598447823595,0.5364285714285708,35620.45,-0.9921937696067594,135.816,0.1374045122888874
2025-11-26 13:15:00,135.7,136.15,135.5,136.02,13308,2025-11-26 13:29:59.999,1809183.4000,622,7317,995701.2600,0,38.80597014925351,-0.6653458946795752,-0.5930980955019483,-0.07224779917762691,138.2327472419353,136.7425,135.2522527580647,0.5550000000000007,29003.8,-0.7298204641658151,135.834,0.16009372254201296
2025-11-26 13:30:00,136.02,136.63,135.62,136.58,43756,2025-11-26 13:44:59.999,5956166.8500,989,23365,3186508.9400,0,41.21863799283169,-0.5965493635114854,-0.5937883491038557,-0.0027610144076296583,137.99658151130384,136.6635,135.33041848869615,0.5871428571428571,28618.6,-0.40107926784801495,135.956,0.3762047314926342
2025-11-26 13:45:00,136.63,136.64,136.33,136.64,8983,2025-11-26 13:59:59.999,1226332.6200,600,3664,500550.4900,0,43.21428571428511,-0.5310643392229792,-0.5812435471276804,0.050179207904701206,137.68755706768837,136.583,135.47844293231162,0.5835714285714256,28026.65,-0.4081632653061241,136.12,0.46930800120768423
2025-11-26 14:00:00,136.64,136.82,136.18,136.8,9167,2025-11-26 14:14:59.999,1251425.5400,595,3840,524954.8400,0,44.210526315789686,-0.46094286048727895,-0.5571834097996001,0.09624054931232118,137.57405299588046,136.54850000000002,135.52294700411957,0.587142857142853,25597.15,-0.29154518950435665,136.35000000000002,0.46314144707391536
2025-11-26 14:15:00,136.82,137.04,136.17,136.96,332974,2025-11-26 14:29:59.999,45603305.1000,706,328640,45012245.6500,0,45.918367346939064,-0.3879879371417587,-0.5233443152680318,0.1353563781262731,137.60162701653078,136.5615,135.5213729834692,0.6378571428571392,39387.0,0.08037997807819777,136.6,0.356370593621167
2025-11-26 14:30:00,136.97,137.01,136.09,136.98,280085,2025-11-26 14:44:59.999,38295830.7300,703,261855,35813192.4600,0,46.28378378378375,-0.3248125648665905,-0.48363796518774355,0.15882540032115305,137.63976965572166,136.58300000000003,135.5262303442784,0.6999999999999947,49428.5,0.16086575021936156,136.792,0.18143869487527853
2025-11-26 14:45:00,136.98,137.85,135.84,135.97,328290,2025-11-26 14:59:59.999,44970584.8300,1526,191463,26304514.2200,0,37.8453038674032,-0.35218442345595236,-0.45734725684138533,0.10516283338543297,137.6418916755522,136.5505,135.4591083244478,0.8149999999999936,65277.9,-0.5703839122486297,136.67000000000002,0.4147288270640889
2025-11-26 15:00:00,135.97,136.67,135.84,136.67,192246,2025-11-26 15:14:59.999,26231160.8100,834,187590,25597647.5900,0,48.9361702127659,-0.31377565826582554,-0.42863293712627343,0.11485727886044789,137.59616460606637,136.53050000000002,135.46483539393367,0.82714285714285,72792.05,0.5443978518354893,136.676,0.41440318531348086
2025-11-26 15:15:00,136.48,137.06,136.16,137.06,129256,2025-11-26 15:29:59.999,17684924.8800,758,124357,17016567.2500,0,53.362255965292896,-0.24899641877763656,-0.3927056334565461,0.1437092146789095,137.60217530734744,136.5325,135.46282469265256,0.866428571428565,78724.4,0.8016474222254935,136.728,0.44874268796047756
2025-11-26 15:30:00,137.06,137.19,136.35,136.35,26600,2025-11-26 15:44:59.999,3640617.3100,865,12697,1740648.0600,0,54.66666666666655,-0.2520440639788717,-0.36457331956101124,0.11252925558213955,137.5277406316721,136.49349999999998,135.45925936832788,0.8628571428571357,79704.6,0.390222353114417,136.606,0.4528023851504186
2025-11-26 15:45:00,137.19,137.2,135.82,136.6,108695,2025-11-26 15:59:59.999,14796087.4200,1112,24325,3316056.9300,0,56.68789808917195,-0.23161650322222727,-0.3379819562932545,0.10636545307102724,137.44491197958618,136.4635,135.48208802041384,0.8735714285714218,84364.3,0.7003317360855058,136.53,0.4035467754769644
2025-11-26 16:00:00,136.54,137.36,136.34,137.36,144802,2025-11-26 16:14:59.999,19870193.7700,656,142521,19558578.0600,0,64.47368421052653,-0.15234571911693706,-0.30085470885799104,0.14850898974105398,137.48041343324417,136.4715,135.46258656675582,0.8721428571428517,91314.05,1.215827868248475,136.808,0.4000874904293528
2025-11-26 16:15:00,137.36,137.82,136.34,137.67,406984,2025-11-26 16:29:59.999,55945707.9900,1003,397934,54700442.6400,0,68.4981684981684,-0.06377350115278091,-0.253438467316949,0.18966496616416811,137.64522610151067,136.5125,135.3797738984893,0.9507142857142797,111352.95,1.2130569033965426,137.00799999999998,0.5395090360672383
2025-11-26 16:30:00,137.72,137.81,136.87,136.87,46803,2025-11-26 16:44:59.999,6422498.4700,846,5571,767253.6200,0,59.35483870967745,-0.057470213560861794,-0.21424481656573158,0.15677460300486978,137.65683781941868,136.51799999999997,135.37916218058126,0.9857142857142804,113347.75,0.21232977009810516,136.96999999999997,0.5416179465251966
2025-11-26 16:45:00,136.87,137.77,136.36,136.95,79119,2025-11-26 16:59:59.999,10812059.3300,1128,30364,4153548.6100,0,57.78894472361799,-0.04549504278585914,-0.1804948618097571,0.13499981902389796,137.67886420617012,136.528,135.37713579382986,1.039999999999994,116881.9,0.2268735362997675,137.09,0.4234973435551452
2025-11-26 17:00:00,137.01,137.36,136.93,137.1,24523,2025-11-26 17:14:59.999,3363456.3900,774,19932,2734096.0400,0,54.67625899280564,-0.023628512488812703,-0.14912159194556823,0.12549307945675553,137.7282857666099,136.5865,135.4447142333901,0.9985714285714238,113997.35,0.21929824561402259,137.19,0.32687918257108556
2025-11-26 17:15:00,137.09,138.34,136.83,138.34,699356,2025-11-26 17:29:59.999,96355629.6800,1168,694124,95638303.4400,0,62.61127596439186,0.09269003418253874,-0.10075926671994682,0.19344930090248558,138.05105075371236,136.705,135.35894924628766,1.0842857142857107,146731.85,1.0075934579439219,137.38600000000002,0.6182475232449345
2025-11-26 17:30:00,138.34,139.66,138.3,139.66,281361,2025-11-26 17:44:59.999,39200612.3400,1388,270752,37726232.2000,0,68.10126582278484,0.2880656472819396,-0.022994283919569522,0.31105993120150915,138.7218472178271,136.897,135.07215278217288,1.1357142857142821,160458.35,1.956489998539938,137.784,1.2069921292199106
2025-11-26 17:45:00,139.66,140.83,139.55,140.66,750917,2025-11-26 17:59:59.999,105233095.4200,1234,730069,102304228.2500,0,71.16704805491996,0.517626989199897,0.08512997070432383,0.4324970184955732,139.53906302116425,137.14749999999998,134.7559369788357,1.164999999999996,195843.45,3.4492902846216063,138.54199999999997,1.6117133740213978
2025-11-26 18:00:00,140.69,142.33,140.62,142.33,809005,2025-11-26 18:14:59.999,114280081.8000,1451,799710,112968926.0700,0,75.74590952839283,0.8248032315664204,0.23306462287674323,0.5917386086896772,140.71541389736223,137.4785,134.24158610263777,1.221428571428569,235811.5,4.141362405794999,139.618,2.025838098170821
2025-11-26 18:15:00,142.33,144.12,142.05,143.96,753540,2025-11-26 18:29:59.999,107505478.9400,1644,736835,105115814.2500,0,86.28519527702096,1.186097401721753,0.4236711786457452,0.7624262230760077,142.1428570028136,137.8755,133.60814299718638,1.2257142857142835,272823.1,5.034291551145488,140.99,2.208891124524144
2025-11-26 18:30:00,143.96,144.14,142.95,143.12,65322,2025-11-26 18:44:59.999,9358078.6300,1037,5513,792367.7000,0,78.92376681614356,1.388637308234081,0.6166644045634124,0.7719729036706686,143.01885317379498,138.20250000000001,133.38614682620505,1.2514285714285702,273901.4,4.9651631829849725,141.946,1.765043908802937
2025-11-26 18:45:00,144.14,144.53,142.93,144.53,24186,2025-11-26 18:59:59.999,3479361.6700,909,14839,2138211.7700,0,80.6902218570255,1.6439761260630235,0.8221267488633347,0.8218493771996888,144.11577598938752,138.597,133.0782240106125,1.3014285714285694,274661.55,5.805270863836022,142.92000000000002,1.5140508577994198
2025-11-26 19:00:00,144.53,144.58,143.75,143.75,10487,2025-11-26 19:14:59.999,1512987.2200,844,2221,320854.3100,0,80.22875816993471,1.763070913523734,1.0103155817954146,0.7527553317283193,144.8486340556728,138.9445,133.04036594432722,1.3007142857142842,274727.55,4.652009318578906,143.538,0.8427751776148021
2025-11-26 19:15:00,143.77,144.12,143.7,144.09,23999,2025-11-26 19:29:59.999,3453071.9700,914,12042,1733970.5800,0,80.37307380373082,1.863409326337404,1.1809343307038125,0.6824749956335916,145.55148006577232,139.301,133.05051993422765,1.2321428571428572,259278.8,4.6633253432120405,143.89000000000001,0.5164784603485069
2025-11-26 19:30:00,144.09,144.43,144.09,144.35,28673,2025-11-26 19:44:59.999,4136665.2300,881,22001,3174294.8100,0,79.54353338968727,1.9415273497516807,1.3330529345133864,0.6084744152382944,146.20627684940618,139.6695,133.13272315059382,1.183571428571428,246708.2,5.465039818806159,143.968,0.5575123317057883
2025-11-26 19:45:00,144.34,144.44,143.97,143.97,11978,2025-11-26 19:59:59.999,1727808.4700,645,3335,481508.9400,0,76.47058823529422,1.9502918712329347,1.4565007218572963,0.4937911493756384,146.63211974326725,140.0695,133.50688025673276,1.1114285714285717,230892.6,5.125958378970434,144.138,0.30809089568528836
2025-11-26 20:00:00,143.97,144.16,142.78,143.52,87523,2025-11-26 20:14:59.999,12524683.0500,911,3508,503758.3100,0,78.78787878787885,1.899035677279727,1.5450077129417825,0.3540279643379445,146.94251331906685,140.41199999999998,133.8814866809331,1.1428571428571428,225656.45,4.682713347921237,143.93599999999998,0.31777350425107337
2025-11-26 20:15:00,143.52,143.54,142.78,143.3,11145,2025-11-26 20:29:59.999,1596069.4700,789,948,136057.2000,0,77.15996578272038,1.8196864007946658,1.5999434505123593,0.2197429502823065,147.17599079843893,140.724,134.27200920156105,1.096428571428571,219750.9,3.5853693797889314,143.846,0.42817052678101764
2025-11-26 20:30:00,143.3,143.54,142.72,142.72,24225,2025-11-26 20:44:59.999,3460596.1100,718,2010,288152.2900,0,73.1848184818482,1.690513191003845,1.6180573986106566,0.07245579239318833,147.20789024248162,141.04250000000002,134.8771097575184,1.124285714285713,219632.15,2.1910353716167856,143.57200000000003,0.6257555433264063
2025-11-26 20:45:00,142.72,143.01,142.57,142.97,33638,2025-11-26 20:59:59.999,4799620.1100,846,4788,684263.1000,0,70.79964061096135,1.5899870216121315,1.6124433232109516,-0.022456301598820172,147.21011653247805,141.36100000000002,135.51188346752198,1.047857142857142,215879.3,1.6422579269159692,143.296,0.4854173462120098
2025-11-26 21:00:00,142.97,143.23,142.88,143.04,4606,2025-11-26 21:14:59.999,658710.6100,711,1420,203205.4900,0,67.10526315789473,1.498691737654383,1.5896930060996382,-0.09100126844525525,147.22137309028784,141.645,136.06862690971218,0.9757142857142854,208869.5,0.49884072226514403,143.10999999999999,0.30854497241627815
2025-11-26 21:15:00,143.04,143.65,142.87,143.65,36653,2025-11-26 21:29:59.999,5261472.1800,703,34367,4934634.8300,0,65.75342465753428,1.4587459540674672,1.5635035956932042,-0.10475764162573697,147.25807426210233,141.94400000000002,136.6299257378977,0.9399999999999997,190352.95,-0.21533759377605047,143.13600000000002,0.353878510231097
2025-11-26 21:30:00,143.65,143.97,142.87,143.83,187335,2025-11-26 21:44:59.999,26941982.1600,860,184313,26507243.1600,0,59.375,1.4251844888177345,1.5358397743181105,-0.11065528550037596,147.09389699356635,142.292,137.49010300643366,0.8964285714285702,197379.55,0.4960871995528283,143.24200000000002,0.47420459719773805
2025-11-26 21:45:00,143.87,144.1,143.46,143.46,18413,2025-11-26 21:59:59.999,2651785.0000,732,15382,2215957.4300,0,46.29080118694362,1.3531328053449556,1.4992983805234796,-0.14616557517852402,146.72743084843603,142.6175,138.50756915156398,0.7942857142857126,194344.25,-0.7403307271846629,143.39,0.3758324094640952
2025-11-26 22:00:00,143.46,144.1,143.32,143.63,11921,2025-11-26 22:14:59.999,1713011.9500,618,4632,667469.8500,0,54.20098846787472,1.2948229928765898,1.458403302994102,-0.16358031011751217,146.1454825513024,142.94400000000002,139.74251744869764,0.7649999999999986,193714.15,-0.08347826086956837,143.522,0.29961642145198303
2025-11-26 22:15:00,143.62,144.1,143.03,143.29,53873,2025-11-26 22:29:59.999,7721239.4200,906,6233,897712.4100,0,37.59999999999991,1.2072603421634653,1.4081747108279747,-0.2009143686645094,145.54825311883425,143.1915,140.83474688116573,0.7271428571428556,161440.0,-0.5552085502116811,143.57199999999997,0.20498780452439286
2025-11-26 22:30:00,143.35,144.1,142.96,142.99,10651,2025-11-26 22:44:59.999,1524449.3100,743,1130,162510.6400,0,41.59292035398237,1.100967549243876,1.3467332785111552,-0.24576572926727924,145.0374435168509,143.358,141.6785564831491,0.7492857142857109,147904.5,-0.9421544856252063,143.44,0.321558703821894
2025-11-26 22:45:00,142.96,143.13,142.77,143.0,13776,2025-11-26 22:59:59.999,1970116.6500,715,7393,1057901.4900,0,36.99284009546526,1.0059408020933063,1.2785747832275856,-0.2726339811342793,144.59634317953615,143.475,142.35365682046384,0.7449999999999944,111047.45,-0.6737514760019441,143.27400000000003,0.2816558183376872
2025-11-26 23:00:00,142.93,143.29,142.76,143.22,5025,2025-11-26 23:14:59.999,718726.8000,662,2243,321073.4800,0,36.385542168674675,0.9375757916238285,1.2103749849068342,-0.2727991932830056,144.5128563520115,143.51950000000002,142.52614364798853,0.7585714285714228,70848.45,-0.2090301003344561,143.226,0.26178235235292346
2025-11-26 23:15:00,143.22,143.29,142.69,142.69,6813,2025-11-26 23:29:59.999,974527.5200,698,3815,546067.7000,0,35.11627906976737,0.8310496347987453,1.1345099148852165,-0.3034602800864712,144.4922361039524,143.45600000000002,142.41976389604764,0.7678571428571368,33512.1,-0.42568039078856496,143.038,0.23530830840255604
2025-11-26 23:30:00,142.68,143.15,142.48,142.7,6768,2025-11-26 23:44:59.999,965675.3700,805,1149,164450.5900,0,39.37823834196859,0.7389160403084531,1.055391139969864,-0.31647509966141074,144.51596448161024,143.435,142.35403551838976,0.7171428571428525,30584.4,-0.014013452914805375,142.92000000000002,0.22505554870560063
2025-11-26 23:45:00,142.7,143.15,142.67,142.95,5542,2025-11-26 23:59:59.999,792001.2600,698,594,85004.9800,0,45.5012853470434,0.6782539245077146,0.979963696877434,-0.3017097723697194,144.32517544985845,143.356,142.38682455014154,0.6971428571428545,29652.2,-0.01398894873051006,142.91199999999998,0.2226432123447105
2025-11-27 00:00:00,143.15,143.15,142.21,142.21,92842,2025-11-27 00:14:59.999,13245289.7400,1178,2296,327918.1400,0,43.703703703703745,0.563965897319008,0.8967641369657489,-0.3327982396467408,144.35517059886976,143.279,142.20282940113023,0.7057142857142834,33769.95,-0.5802572706935012,142.754,0.37367097827238394
2025-11-27 00:15:00,142.24,142.75,142.23,142.56,15395,2025-11-27 00:29:59.999,2195582.9400,715,12923,1843091.9700,0,45.0602409638554,0.4959172618028731,0.8165947619331738,-0.3206775001303007,144.253151426987,143.2025,142.15184857301298,0.7128571428571401,33339.75,-0.7587887225896299,142.622,0.2701295985317666
2025-11-27 00:30:00,142.56,143.03,142.54,142.98,12064,2025-11-27 00:44:59.999,1722268.2600,803,6821,974628.9300,0,49.3333333333333,0.47045559851468965,0.7473669292494771,-0.27691133073478746,144.03805868462203,143.134,142.22994131537794,0.7228571428571412,32509.3,-0.5909754571369135,142.68,0.31567388235801175
2025-11-27 00:45:00,142.98,143.33,142.81,142.81,35590,2025-11-27 00:59:59.999,5091193.0600,992,26338,3768165.2300,0,39.65517241379285,0.4315844309981287,0.6842104295992075,-0.2526259986010788,143.89948169696763,143.076,142.25251830303236,0.7042857142857132,33689.9,-0.45308796877178703,142.702,0.32120087173449374
2025-11-27 01:00:00,142.8,143.39,142.7,142.77,6078,2025-11-27 01:14:59.999,869388.2300,821,2071,296823.8600,0,36.47959183673433,0.39302058828857867,0.6259724613370818,-0.23295187304850318,143.84498098485025,143.03850000000003,142.2320190151498,0.6749999999999992,29617.65,-0.5987607045881677,142.666,0.29551649700646115
2025-11-27 01:15:00,142.7,142.87,142.14,142.28,7071,2025-11-27 01:29:59.999,1007620.2800,755,2368,337895.1000,0,35.39603960395998,0.31923956521657715,0.5646258821129809,-0.24538631689640378,143.85131954741954,142.9875,142.1236804525805,0.6814285714285729,29413.95,-0.7048642612882902,142.68,0.26897955313180194
2025-11-27 01:30:00,142.28,142.55,142.09,142.55,5824,2025-11-27 01:44:59.999,828806.2800,784,2367,337227.3600,0,36.9565217391304,0.27933432417481185,0.5075675705253471,-0.2282332463505352,143.85712959119093,142.97899999999998,142.10087040880904,0.6585714285714305,28493.9,-0.30771382614168663,142.678,0.27012959853185525
2025-11-27 01:45:00,142.55,143.21,142.09,143.21,54115,2025-11-27 01:59:59.999,7726462.2000,1074,50400,7196849.7700,0,49.103139013453074,0.2975358096927607,0.4655612183588298,-0.16802540866606908,143.87515049920302,142.991,142.106849500797,0.6621428571428599,29517.75,0.14685314685315243,142.724,0.3439185950236154
2025-11-27 02:00:00,143.21,143.26,142.73,143.09,12683,2025-11-27 02:14:59.999,1814712.9300,774,7496,1073051.7800,0,51.168224299065365,0.2988328617687728,0.4322155470408184,-0.1333826852720456,143.8785162056077,142.99349999999998,142.10848379439227,0.6185714285714324,29921.6,-0.0907694456081521,142.78000000000003,0.3820994634948568
2025-11-27 02:15:00,143.2,143.55,143.05,143.55,20194,2025-11-27 02:29:59.999,2896059.7100,826,17702,2539141.5100,0,55.813953488372256,0.3331387246571751,0.4124001825640897,-0.07926145790691463,143.8589088573338,142.9885,142.11809114266617,0.6285714285714334,29098.65,0.60270516504311,142.936,0.5135951713199597
2025-11-27 02:30:00,143.55,143.94,143.41,143.84,7277,2025-11-27 02:44:59.999,1044851.2000,784,5089,730855.8400,0,56.45833333333344,0.3793539878927277,0.4057909436298174,-0.026436955737089707,143.86145328632534,142.989,142.11654671367467,0.6285714285714334,20095.75,0.798878766643318,143.248,0.4886921321275946
2025-11-27 02:45:00,143.94,143.95,143.02,143.02,5791,2025-11-27 02:59:59.999,831313.5000,795,2065,297216.4800,0,53.241650294695646,0.34582629968247147,0.39379801484034826,-0.04797171515787679,143.81117758170396,142.967,142.12282241829607,0.6521428571428609,19464.65,0.04896817068906724,143.342,0.3449202806497278
2025-11-27 03:00:00,143.02,143.43,142.94,143.29,17350,2025-11-27 03:14:59.999,2481632.5100,854,2136,305838.7400,0,55.51401869158887,0.3371555889800675,0.3824695296682922,-0.045313940688224696,143.75052614275927,142.95,142.1494738572407,0.6392857142857176,19736.1,0.7594402643977104,143.358,0.33907226368946725
2025-11-27 03:15:00,143.29,143.55,143.23,143.23,14708,2025-11-27 03:29:59.999,2109947.5200,723,10001,1435074.2300,0,52.713178294573694,0.3217337433986245,0.37032237241435867,-0.048588629015734186,143.74259577145486,142.947,142.15140422854515,0.6278571428571463,17777.85,0.4699775533108778,143.386,0.3164332473105856
2025-11-27 03:30:00,143.23,143.55,142.62,142.64,27229,2025-11-27 03:44:59.999,3888727.7100,866,2862,409128.7600,0,54.29141716566848,0.2589190923772833,0.34804171640694365,-0.08912262402966037,143.73642985410856,142.92950000000002,142.12257014589147,0.6271428571428613,18606.75,-0.23779549587355114,143.204,0.43718417172100127
2025-11-27 03:45:00,142.63,142.87,142.34,142.46,8423,2025-11-27 03:59:59.999,1200015.6800,712,2298,327739.9600,0,48.966942148760374,0.19239571516823162,0.31691251615920124,-0.12451680099096962,143.73522223206032,142.9025,142.06977776793968,0.6264285714285762,18339.1,-0.24508087668930348,142.928,0.36492464976094574
2025-11-27 04:00:00,142.42,142.85,142.27,142.85,21701,2025-11-27 04:14:59.999,3089863.8700,725,4095,584216.8100,0,48.64864864864868,0.16919482743844583,0.28736897841505016,-0.11817415097660433,143.70335533065503,142.884,142.06464466934494,0.6328571428571459,19172.9,0.056034180850307536,142.894,0.3621187650524642
2025-11-27 04:15:00,142.79,142.87,142.26,142.42,5327,2025-11-27 04:29:59.999,759527.9800,600,2549,363782.1200,0,46.15384615384598,0.11478735326338096,0.2528526533847163,-0.13806530012133533,143.71191422302869,142.8705,142.0290857769713,0.6392857142857176,19098.6,0.09839752600505085,142.72,0.33203915432218495
2025-11-27 04:30:00,142.42,142.8,142.26,142.71,4818,2025-11-27 04:44:59.999,686784.1800,659,1659,236698.3600,0,49.43609022556389,0.09398619995511126,0.22107936269879527,-0.127093162743684,143.71199940545648,142.871,142.03000059454354,0.6285714285714334,19001.1,0.11224131883549392,142.616,0.1781291666261128
2025-11-27 04:45:00,142.71,142.84,142.5,142.77,13691,2025-11-27 04:59:59.999,1954653.6200,787,10180,1453617.7800,0,55.01022494887536,0.08140425705028065,0.19314434156909235,-0.1117400845188117,143.70329223909243,142.86200000000002,142.0207077609076,0.6007142857142895,19408.55,-0.30724111444731356,142.642,0.19149412524392315
2025-11-27 05:00:00,142.75,143.0,142.7,142.97,16191,2025-11-27 05:14:59.999,2313603.9500,771,12471,1782531.2800,0,54.356846473028945,0.08657334158866092,0.17183014157300608,-0.08525679998434516,143.68399785175535,142.9,142.11600214824466,0.5892857142857183,15576.0,-0.08386330281641244,142.744,0.20562101060693355
2025-11-27 05:15:00,142.97,143.33,142.68,143.04,11037,2025-11-27 05:29:59.999,1577541.7500,763,5671,811346.4600,0,47.99054373522438,0.09522064894392201,0.15650824304718927,-0.06128759410326726,143.69342630711668,142.924,142.15457369288333,0.5557142857142898,15358.1,-0.35527690700105835,142.78199999999998,0.2440696621930862
2025-11-27 05:30:00,143.33,143.33,142.58,142.64,10176,2025-11-27 05:44:59.999,1453013.6700,755,2822,403599.7500,0,45.01108647450088,0.06900163733973841,0.1390069219056991,-0.0700052845659607,143.68617905514589,142.907,142.12782094485414,0.5714285714285755,15263.7,-0.8342602892102454,142.826,0.1715517414749332
2025-11-27 05:45:00,142.59,142.68,142.49,142.68,15549,2025-11-27 05:59:59.999,2216637.9600,740,2503,356990.0200,0,39.364303178483986,0.05086421642661776,0.12137838080988284,-0.07051416438326508,143.68523528891103,142.90050000000002,142.115764711089,0.5492857142857182,14261.65,-0.2377289889525964,142.82,0.17705931210494816
2025-11-27 06:00:00,142.69,143.43,142.54,143.43,10930,2025-11-27 06:14:59.999,1562098.3500,840,9572,1368120.6000,0,45.49450549450552,0.09590339700548611,0.11628338404900349,-0.020379987043517372,143.74999507684015,142.93349999999998,142.1170049231598,0.5750000000000048,14504.25,0.09770395701026924,142.952,0.3193274181826401
2025-11-27 06:15:00,143.43,143.55,142.87,143.55,9557,2025-11-27 06:29:59.999,1369581.0300,728,5534,794129.7800,0,56.883116883116905,0.13967023766406328,0.12096075477201547,0.01870948289204781,143.7968710422238,142.997,142.19712895777621,0.557142857142864,14628.55,0.22341688193815656,143.06799999999998,0.41769606175219826
2025-11-27 06:30:00,143.55,143.62,143.46,143.6,12992,2025-11-27 06:44:59.999,1865273.8400,669,8509,1221826.2900,0,54.269972451790665,0.17635741780782155,0.1320400873791767,0.04431733042864486,143.8635470696197,143.0495,142.2354529303803,0.5335714285714346,14986.95,0.6730229949523331,143.18,0.4789050010214912
2025-11-27 06:45:00,143.6,143.87,143.49,143.87,13839,2025-11-27 06:59:59.999,1987421.3500,752,9238,1327023.6400,0,58.33333333333351,0.22462962540978992,0.15055799498529934,0.07407163042449058,143.9737882456419,143.08249999999998,142.19121175435805,0.537857142857147,12973.15,0.9897515091955612,143.426,0.4470234893197606
2025-11-27 07:00:00,143.87,143.88,143.48,143.67,8571,2025-11-27 07:14:59.999,1231302.4900,712,1677,241282.4900,0,64.927536231884,0.24393543335537515,0.1692334826593145,0.07470195069606064,144.0407504053089,143.1115,142.18224959469111,0.5000000000000041,12767.55,0.574028701435067,143.62400000000002,0.16303373885117092
2025-11-27 07:15:00,143.68,144.09,143.58,143.93,17439,2025-11-27 07:29:59.999,2509682.8200,801,9894,1424175.7300,0,70.82152974504213,0.2770219161235161,0.19079116935215484,0.08623074677136128,144.11159444793387,143.1305,142.14940555206616,0.4985714285714319,12629.8,1.0602443477039878,143.724,0.16757088053680758
2025-11-27 07:30:00,143.93,143.94,143.62,143.65,42075,2025-11-27 07:44:59.999,6050411.8400,951,2768,397908.8500,0,61.69590643274846,0.2774512468834871,0.20812318485842132,0.06932806202506578,144.0765136397596,143.12099999999998,142.16548636024035,0.480000000000004,14369.7,0.6586784387919541,143.74399999999997,0.1462190138248093
2025-11-27 07:45:00,143.65,143.88,143.59,143.68,14004,2025-11-27 07:59:59.999,2012840.8400,701,9056,1302104.9200,0,70.86092715231774,0.27701894195885757,0.22190233627850864,0.05511660568034893,144.13993049823276,143.154,142.16806950176723,0.45714285714285957,14780.35,0.6373888071723727,143.76000000000002,0.13000000001504777
2025-11-27 08:00:00,143.66,143.88,143.08,143.08,8621,2025-11-27 08:14:59.999,1236509.2600,749,1711,245936.1600,0,55.55555555555556,0.2256600826366082,0.22265388555012855,0.003006197086479645,144.12780365446218,143.1435,142.1591963455378,0.4757142857142855,14343.9,0.07693921801777551,143.602,0.31348046191712187
2025-11-27 08:15:00,143.06,143.88,142.3,142.38,90842,2025-11-27 08:29:59.999,12962531.1900,1332,9240,1320852.2400,0,45.08816120906789,0.12700957937687463,0.20352502431547775,-0.07651544493860313,144.14138252073502,143.101,142.06061747926498,0.5642857142857126,18150.6,-0.46140939597315195,143.344,0.6222780728931041
2025-11-27 08:30:00,142.37,142.57,142.09,142.19,9478,2025-11-27 08:44:59.999,1349258.5000,754,3645,519563.3600,0,40.1515151515153,0.033115201274512174,0.16944305970728465,-0.13632785843277248,144.17861052075332,143.07850000000002,141.97838947924672,0.577142857142854,17263.05,-0.3154795288838956,142.996,0.6949316513177742
2025-11-27 08:45:00,142.2,142.57,142.17,142.46,29866,2025-11-27 08:59:59.999,4250468.2600,855,20973,2985384.0000,0,43.02884615384648,-0.019287689845867817,0.13169690979665416,-0.15098459964252198,144.17861052075332,143.07850000000002,141.97838947924672,0.5592857142857112,18335.2,-0.15419119708438384,142.758,0.6140195436653724
2025-11-27 09:00:00,142.46,142.5,142.21,142.24,123072,2025-11-27 09:14:59.999,17535400.8400,809,119606,17042109.9700,0,44.97487437185967,-0.07767414083937751,0.08982269966944781,-0.16749684050882532,144.2070304477989,143.048,141.8889695522011,0.5264285714285677,23403.75,-0.8296730112249863,142.47,0.35763109484882205
2025-11-27 09:15:00,142.21,142.71,142.15,142.15,5587,2025-11-27 09:29:59.999,795880.8300,716,2512,358158.5400,0,43.42431761786609,-0.12971282306119747,0.04591559512331875,-0.17562841818451622,144.23004391936703,143.0345,141.83895608063298,0.5528571428571395,23416.75,-0.975269940787186,142.284,0.131263094594751
2025-11-27 09:30:00,142.15,142.82,142.14,142.61,8743,2025-11-27 09:44:59.999,1246472.0300,717,3454,493068.6200,0,39.03743315508049,-0.13231050488101914,0.010270375122451162,-0.1425808800034703,144.231576711791,143.0295,141.82742328820902,0.5378571428571389,23613.0,-0.6894150417827163,142.32999999999998,0.19710403345095245
2025-11-27 09:45:00,142.82,142.82,141.57,141.65,87315,2025-11-27 09:59:59.999,12399304.4900,1284,5482,782066.7100,0,29.25764192139762,-0.20941911023976445,-0.03366752194999197,-0.17575158828977247,144.32192247010073,142.9735,141.62507752989927,0.5785714285714241,27294.2,-1.5430597066796403,142.222,0.3673826343235825
2025-11-27 10:00:00,141.62,141.81,141.45,141.5,17790,2025-11-27 10:14:59.999,2518778.4300,884,5219,739431.6800,0,27.564102564103067,-0.27941110463490304,-0.0828162384869742,-0.19659486614792884,144.40086290968307,142.9,141.39913709031694,0.5928571428571396,27374.15,-1.510405791048923,142.03,0.45282446930610737
2025-11-27 10:15:00,141.45,142.03,141.45,141.91,19531,2025-11-27 10:29:59.999,2771265.9000,873,13343,1893626.3300,0,29.668049792531363,-0.2983574124415611,-0.1259244732778916,-0.1724329391636695,144.40598486307763,142.8435,141.28101513692238,0.6071428571428551,27798.85,-1.403460015285215,141.964,0.43838339384869024
2025-11-27 10:30:00,142.03,142.03,141.5,141.96,12886,2025-11-27 10:44:59.999,1827692.3000,776,4800,681566.9400,0,31.69164882227031,-0.30581269733343674,-0.16190211808900065,-0.1439105792444361,144.41950130760966,142.8095,141.19949869239036,0.6164285714285691,27934.35,-1.1764705882352926,141.926,0.4262980178258635
2025-11-27 10:45:00,141.96,142.2,141.75,142.2,22699,2025-11-27 10:59:59.999,3224390.9200,846,18089,2570264.5500,0,31.397849462365528,-0.2890233883759947,-0.1873263721463995,-0.10169701622959523,144.41778577218693,142.7855,141.1532142278131,0.6121428571428547,28291.85,-1.0300668151447787,141.844,0.27409852243705374
2025-11-27 11:00:00,142.2,142.21,141.96,141.99,5890,2025-11-27 11:14:59.999,837111.1800,671,2374,337586.4400,0,31.877729257642002,-0.28932779431104905,-0.20772665657932946,-0.08160113773171959,144.3531055366363,142.7135,141.07389446336373,0.6071428571428551,28039.85,-0.7618115739446487,141.912,0.2554799405085359
2025-11-27 11:15:00,141.99,142.21,141.73,141.78,4959,2025-11-27 11:29:59.999,703693.9200,773,719,102201.6600,0,30.042016806722714,-0.30302124290051324,-0.22678557384356626,-0.07623566905694698,144.2655711457263,142.625,140.9844288542737,0.6207142857142856,27809.95,-0.42140750105351477,141.96800000000002,0.152545075313165
2025-11-27 11:30:00,141.77,142.06,141.7,142.06,7744,2025-11-27 11:44:59.999,1098100.1100,758,5079,720387.4200,0,38.513513513513466,-0.2879603123890888,-0.23902052155267078,-0.04893979083641803,144.13972332956274,142.548,140.95627667043726,0.5892857142857163,27547.55,-0.09142696392151027,141.998,0.1530359434980205
2025-11-27 11:45:00,142.06,142.09,141.69,141.98,11767,2025-11-27 11:59:59.999,1669349.3100,776,2866,407177.5400,0,44.76439790575912,-0.27926060543694575,-0.24706853832952583,-0.032192067107419925,143.93538038439823,142.45350000000002,140.9716196156018,0.5050000000000036,27443.95,-0.33693668398148124,142.002,0.15205262247765955
2025-11-27 12:00:00,141.96,142.02,141.74,141.95,7577,2025-11-27 12:14:59.999,1075104.4600,764,3346,474975.4300,0,46.721311475409735,-0.2716553010677387,-0.25198589087716844,-0.01966941019057028,143.74831402382847,142.3675,140.98668597617154,0.4907142857142901,27394.25,-0.20388076490440132,141.952,0.10425929216277377
2025-11-27 12:15:00,141.97,142.02,141.35,141.52,81232,2025-11-27 12:29:59.999,11498278.4200,1062,4470,632856.0700,0,37.696335078534034,-0.2969029366637699,-0.2609693000344887,-0.035933636629281174,143.46467855060868,142.247,141.02932144939135,0.5100000000000051,30583.9,-0.4431938093563105,141.858,0.2147556751338125
2025-11-27 12:30:00,141.52,141.71,141.2,141.2,16888,2025-11-27 12:44:59.999,2390783.3100,853,11016,1560958.9300,0,36.73469387755081,-0.33882740402066247,-0.2765409208317235,-0.06228648318893898,143.23622649039908,142.1245,141.01277350960095,0.5257142857142928,29324.55,-0.9887104691115804,141.74200000000002,0.3688088936048923
2025-11-27 12:45:00,141.2,141.3,141.01,141.07,6751,2025-11-27 12:59:59.999,953197.8700,739,2581,364617.6200,0,36.363636363636225,-0.3781832983427478,-0.29686939633392834,-0.08131390200881944,142.93683782161972,141.994,141.05116217838028,0.5064285714285798,28961.9,-0.4094599364631221,141.544,0.4178875446838081
2025-11-27 13:00:00,141.07,141.34,141.0,141.09,48952,2025-11-27 13:14:59.999,6908803.1400,956,7789,1100446.1600,0,28.40909090909082,-0.4031124657079772,-0.31811801020873814,-0.08499445549923906,142.77257145134465,141.8945,141.01642854865534,0.48214285714286526,30978.45,-0.289752650176676,141.366,0.3728672686113397
2025-11-27 13:15:00,141.09,141.28,140.93,141.24,9191,2025-11-27 13:29:59.999,1296721.3700,653,4118,581462.6400,0,42.43542435424363,-0.4060841784219633,-0.33571124385138323,-0.07037293457058008,142.73074659174648,141.8375,140.94425340825353,0.4178571428571506,26895.9,-0.4721302233810073,141.224,0.1803607496145952
2025-11-27 13:30:00,141.2,141.29,140.75,141.29,6986,2025-11-27 13:44:59.999,985185.8100,749,1574,222343.2400,0,45.9770114942527,-0.39979609945518746,-0.3485282149721441,-0.05126788448304337,142.70151624094316,141.7925,140.88348375905682,0.4307142857142919,26771.3,-0.4719639335024063,141.178,0.09523654761429287
2025-11-27 13:45:00,140.92,141.33,140.84,141.19,13761,2025-11-27 13:59:59.999,1943857.3400,664,9854,1392363.8800,0,34.34782608695643,-0.3982906689318497,-0.35848070576408525,-0.03980996316776447,142.61891779631236,141.72899999999998,140.8390822036876,0.4242857142857202,25966.05,-0.7102672292545646,141.17600000000002,0.09476286193170635
2025-11-27 14:00:00,141.19,141.33,141.0,141.08,22158,2025-11-27 14:14:59.999,3127906.3900,800,3171,447774.6600,0,31.355932203389585,-0.40134720434596716,-0.3670540054804617,-0.03429319886550547,142.57182768957162,141.671,140.77017231042836,0.41000000000000675,20920.35,-0.6408902035354578,141.178,0.09203260292683264
2025-11-27 14:15:00,141.08,141.57,140.96,141.55,30963,2025-11-27 14:29:59.999,4376115.8100,880,25011,3535927.4200,0,37.45173745173776,-0.36167529101692253,-0.3659782625877539,0.004302971570831371,142.5142010077773,141.64100000000002,140.76779899222274,0.4214285714285779,22189.15,-0.1622231626463463,141.27,0.17478558293402327
2025-11-27 14:30:00,141.55,141.61,141.04,141.23,12472,2025-11-27 14:44:59.999,1763476.0200,771,6346,898136.0100,0,35.925925925925654,-0.3519987174284154,-0.36318235355588624,0.011183636127470864,142.33378737189815,141.57199999999997,140.8102126281018,0.44428571428572233,22375.6,-0.5842601717584207,141.26799999999997,0.1752712184061732
2025-11-27 14:45:00,141.23,141.4,141.03,141.18,8320,2025-11-27 14:59:59.999,1174709.4300,1102,1652,233395.6500,0,38.18897637795283,-0.34439457894822567,-0.35942479863435417,0.015030219686128499,142.3289256598229,141.54850000000002,140.76807434017715,0.4364285714285785,18425.85,-0.5634596422031153,141.246,0.1786896751397833
2025-11-27 15:00:00,141.18,141.61,141.03,141.11,12954,2025-11-27 15:14:59.999,1831121.5200,1149,6181,875039.7300,0,29.613733905579494,-0.3400962416323807,-0.3555590872339595,0.01546284560157879,142.33364179672472,141.52900000000002,140.72435820327533,0.4521428571428641,18184.05,-0.5917576611482741,141.23,0.18828170384172743
2025-11-27 15:15:00,141.11,141.61,141.02,141.47,25753,2025-11-27 15:29:59.999,3642692.5700,1369,9336,1322045.5800,0,40.22988505747127,-0.3041349090729,-0.34527425160174763,0.041139342528847656,142.29159107685376,141.507,140.72240892314625,0.4657142857142925,18495.15,-0.03533069530809169,141.30800000000002,0.19136352839981588
2025-11-27 15:30:00,141.47,141.94,141.45,141.9,41214,2025-11-27 15:44:59.999,5838859.2000,1202,33602,4760512.8600,0,49.16943521594712,-0.23819215667933236,-0.3238578326172646,0.08566567593793223,142.28172678194352,141.504,140.72627321805646,0.4807142857142931,19911.55,0.4957507082153096,141.378,0.3216675302260145
2025-11-27 15:45:00,141.9,142.02,141.8,142.02,17730,2025-11-27 15:59:59.999,2516825.8800,910,14874,2111712.7200,0,59.259259259259295,-0.17424051697861387,-0.29393436948953444,0.11969385251092057,142.24238843559965,141.495,140.74761156440036,0.4485714285714347,19663.1,0.6734245410080223,141.536,0.4121043557181568
2025-11-27 16:00:00,142.02,142.07,141.57,141.88,46544,2025-11-27 16:14:59.999,6601856.1500,914,14365,2040181.5300,0,63.49206349206373,-0.13331840021049857,-0.26181117563372724,0.12849277542322868,142.223041517488,141.4895,140.75595848251197,0.44785714285714767,21695.8,0.5599262881848409,141.676,0.37845739522703054
2025-11-27 16:15:00,141.88,142.09,141.56,141.65,23190,2025-11-27 16:29:59.999,3287445.4500,820,15527,2202128.5500,0,61.06870229007668,-0.11808519305361642,-0.23306597911770507,0.11498078606408865,142.2079566230107,141.483,140.75804337698932,0.4650000000000034,22607.35,0.29028603794958696,141.78400000000002,0.22074872593550998
2025-11-27 16:30:00,141.65,142.03,141.54,141.77,8822,2025-11-27 16:44:59.999,1251166.9100,799,3136,444922.3900,0,62.50000000000026,-0.09523199436310392,-0.20549918216678484,0.11026718780368092,142.15546969977214,141.4685,140.78153030022787,0.47571428571428953,22661.25,0.3397268030292435,141.844,0.14010710189785647
2025-11-27 16:45:00,141.77,142.08,141.52,142.08,9803,2025-11-27 16:59:59.999,1388653.2800,834,4685,664067.4300,0,64.58333333333357,-0.05151245699173046,-0.17470183713177398,0.12318938014004352,142.1773921867092,141.4735,140.7696078132908,0.4907142857142901,22563.05,0.630356257525331,141.88000000000002,0.17649362595361884
2025-11-27 17:00:00,142.08,142.11,141.5,141.88,12522,2025-11-27 17:14:59.999,1776625.9200,884,2633,374067.4300,0,59.73597359735979,-0.03262663760403939,-0.14628679722622706,0.11366015962218767,142.16455021415584,141.46999999999997,140.7754497858441,0.49571428571429166,22810.3,0.5670541536716635,141.852,0.1589654050484719
2025-11-27 17:15:00,141.88,142.12,141.78,141.84,11117,2025-11-27 17:29:59.999,1577811.6200,868,5475,777406.9400,0,60.94276094276104,-0.02064912511960415,-0.12115926280490248,0.10051013768529833,142.1998745282535,141.486,140.77212547174648,0.48500000000000554,19304.55,0.20487460261391172,141.844,0.15820872290179272
2025-11-27 17:30:00,141.78,141.92,141.5,141.5,35019,2025-11-27 17:44:59.999,4962843.0100,1070,8770,1243282.5700,0,56.56249999999977,-0.038152223599098534,-0.10455785496374169,0.06640563136464316,142.2020638532257,141.501,140.79993614677431,0.49142857142857516,20211.1,0.19117751186009366,141.814,0.20995237555737423
2025-11-27 17:45:00,141.5,141.92,141.38,141.54,6914,2025-11-27 17:59:59.999,978233.3000,804,2066,292514.5100,0,49.8194945848372,-0.048239811027798396,-0.09329424617655303,0.04505443514875464,142.19560200023588,141.5245,140.8533979997641,0.48642857142857565,20219.25,0.2549936251593605,141.76799999999997,0.24437675831006153
2025-11-27 18:00:00,141.51,141.86,141.38,141.77,6671,2025-11-27 18:14:59.999,944469.7000,769,4058,574734.6500,0,60.074626865671995,-0.03724587170808036,-0.08208457128285851,0.04483869957477815,142.20537996119387,141.5585,140.91162003880615,0.480000000000004,18105.2,0.4677202182694328,141.70600000000002,0.1748713813122721
2025-11-27 18:15:00,141.77,142.08,141.37,141.98,7798,2025-11-27 18:29:59.999,1105923.1400,760,4102,582506.3400,0,64.0845070422532,-0.011455795355487908,-0.0679588160973844,0.05650302074189649,142.25027919137457,141.5955,140.9407208086254,0.5042857142857186,18035.55,0.36050045946136344,141.72600000000003,0.20317480159233173
2025-11-27 18:30:00,141.98,142.78,141.37,142.74,190457,2025-11-27 18:44:59.999,27123530.5500,1011,187481,26700189.6200,0,73.0878186968836,0.06950743592196318,-0.04046556569351487,0.10997300161547804,142.48207616350265,141.668,140.85392383649736,0.5635714285714316,27209.1,0.5919661733615246,141.906,0.5045592135738798
2025-11-27 18:45:00,142.74,142.95,142.69,142.85,17181,2025-11-27 18:59:59.999,2454672.0800,1091,12465,1781100.5400,0,71.0365853658534,0.14092298822285443,-0.004187854910241003,0.14511084313309544,142.6889462446631,141.751,140.8130537553369,0.5400000000000021,27380.1,0.5844247289114096,142.176,0.5873925433665298
2025-11-27 19:00:00,142.84,142.95,142.39,142.43,10289,2025-11-27 19:14:59.999,1467439.0300,1172,1006,143730.6400,0,58.10397553516819,0.16176511053012632,0.029002738177832475,0.13276237235229385,142.7473878466002,141.8185,140.8896121533998,0.5450000000000017,26786.65,0.38765153650973455,142.35399999999998,0.4694997337622321
2025-11-27 19:15:00,142.42,142.95,142.21,142.39,27582,2025-11-27 19:29:59.999,3936387.8500,1006,23327,3330773.3800,0,55.79937304075193,0.17306004840017408,0.05781420022230081,0.11524584817787327,142.81390884254085,141.8605,140.90709115745915,0.5821428571428575,26617.6,0.5224144016943033,142.478,0.34098387059061536
2025-11-27 19:30:00,142.39,142.72,142.2,142.72,7147,2025-11-27 19:44:59.999,1017703.0200,968,4204,599013.2600,0,62.42603550295854,0.20626195073822373,0.08750375032548542,0.11875820041273831,142.91349508509808,141.935,140.95650491490193,0.5835714285714297,26351.35,0.670099456866748,142.62600000000003,0.20378910668416997
2025-11-27 19:45:00,142.72,142.76,142.48,142.62,10130,2025-11-27 19:59:59.999,1445317.4200,773,5281,753801.5500,0,64.92307692307676,0.22194706566702394,0.11439241339379315,0.10755465227323079,142.96324484861788,142.007,141.05075515138213,0.5657142857142868,26441.85,0.38006756756756194,142.602,0.19382982227485718
2025-11-27 20:00:00,142.63,142.78,142.55,142.76,4965,2025-11-27 20:14:59.999,708534.2200,796,1906,272072.0300,0,65.13761467889874,0.2428747532532043,0.1400888813656754,0.10278587188752888,143.00368010432268,142.0895,141.1753198956773,0.5471428571428569,26042.4,0.6202424584155593,142.584,0.16742162346328202
2025-11-27 20:15:00,142.76,142.78,142.53,142.59,7570,2025-11-27 20:29:59.999,1080187.3100,764,2964,423199.9200,0,58.1469648562299,0.24294203266401837,0.160659511625344,0.08228252103867437,143.03682603756678,142.1455,141.2541739624332,0.5249999999999996,25133.25,0.5287648054145516,142.61599999999999,0.14432601984091376
2025-11-27 20:30:00,142.61,142.79,142.46,142.55,5520,2025-11-27 20:44:59.999,787295.0300,796,1216,173609.1300,0,61.279461279461664,0.2370352910894269,0.1759346675181606,0.061100623571266305,143.07898425711008,142.178,141.27701574288992,0.5049999999999975,23348.55,0.7420494699646724,142.648,0.08871302048265087
2025-11-27 20:45:00,142.55,142.79,142.45,142.45,5135,2025-11-27 20:59:59.999,732107.0400,755,249,35539.6600,0,60.066006600659826,0.22172903725075344,0.18509354146467918,0.03663549578607425,143.10511929957937,142.1995,141.29388070042063,0.5049999999999975,22718.8,0.6429277942631034,142.594,0.11282730167425883
2025-11-27 21:00:00,142.45,142.79,141.77,141.98,61220,2025-11-27 21:14:59.999,8690623.4500,1034,5343,758631.8300,0,57.5949367088606,0.1697172539042242,0.1820182839525882,-0.012301030048363998,143.10377397615613,142.2045,141.30522602384386,0.5478571428571399,23452.6,0.14812724836000532,142.46599999999998,0.2938196725934895
2025-11-27 21:15:00,141.77,142.37,141.77,142.33,4472,2025-11-27 21:29:59.999,635953.8100,709,2034,289258.1300,0,61.38328530259387,0.1549534093574323,0.17660530903355703,-0.021651899676124742,143.1001330883435,142.2385,141.37686691165646,0.5521428571428544,22516.7,0.24651359346388418,142.38,0.2451530134484287
2025-11-27 21:30:00,142.33,142.37,142.02,142.05,5666,2025-11-27 21:44:59.999,805384.5900,776,1505,214010.3000,0,53.977272727272734,0.11928426152897487,0.1651410995326406,-0.045856838003665745,143.09086620561533,142.2525,141.41413379438467,0.5428571428571384,22358.9,-0.4833963850357277,142.272,0.24843510219515777
2025-11-27 21:45:00,142.07,142.28,141.75,141.85,6782,2025-11-27 21:59:59.999,962899.3300,720,1824,259500.6700,0,48.14814814814824,0.0740245672299693,0.14691779307210637,-0.07289322584213706,143.09548414723488,142.24099999999999,141.3865158527651,0.529999999999995,22207.85,-0.7000350017500876,142.132,0.2498399487723165
2025-11-27 22:00:00,141.75,142.28,141.51,141.72,19315,2025-11-27 22:14:59.999,2736244.2400,782,1811,257668.0300,0,32.29166666666663,0.027350737597089392,0.12300438197710298,-0.09565364438001359,143.10454068056276,142.233,141.36145931943724,0.4842857142857103,22547.5,-0.4984904865548044,141.98600000000002,0.2300652081527843
2025-11-27 22:15:00,141.57,142.28,141.51,141.86,4242,2025-11-27 22:29:59.999,601256.9200,853,723,102501.0200,0,32.98969072165012,0.0016393242083836412,0.09873137042335911,-0.09709204621497547,143.1036859687218,142.234,141.3643140312782,0.5207142857142831,22203.75,-0.37221715008074496,141.96200000000002,0.23700210970022004
2025-11-27 22:30:00,141.87,142.28,140.88,140.89,66164,2025-11-27 22:44:59.999,9338357.8000,1062,1305,184882.5000,0,27.745664739884702,-0.09590254467687487,0.05980458740331231,-0.1557071320801872,143.21310179747013,142.20350000000002,141.1938982025299,0.5807142857142834,23761.0,-1.2822309417040445,141.674,0.4537951079529369
2025-11-27 22:45:00,140.89,140.97,140.54,140.73,10545,2025-11-27 22:59:59.999,1483474.4700,920,2613,367783.2400,0,26.815642458101053,-0.18399486309490953,0.011044697303667932,-0.19503956039857748,143.33637300570095,142.163,140.98962699429907,0.558571428571428,23942.55,-1.3251998317206666,141.41,0.5533985905310128
2025-11-27 23:00:00,140.72,141.12,140.67,141.12,7688,2025-11-27 23:14:59.999,1083694.6500,793,4282,603930.7200,0,28.021978021978526,-0.21980514261792905,-0.03512527068065148,-0.18467987193727758,143.38304225686986,142.1305,140.87795774313017,0.5535714285714286,23993.4,-1.148781171196404,141.26399999999998,0.5022250491577936
2025-11-27 23:15:00,141.12,141.29,140.83,140.84,6510,2025-11-27 23:29:59.999,917954.1600,813,1092,154112.4600,0,26.701570680628734,-0.26769290984972827,-0.08163879851446686,-0.1860541113352614,143.4522755819004,142.07350000000002,140.69472441809964,0.5664285714285698,23929.0,-1.2272950417280315,141.088,0.4543897005889877
2025-11-27 23:30:00,140.84,141.03,140.48,140.93,6913,2025-11-27 23:44:59.999,972446.5300,725,1679,236601.6700,0,25.7294429708231,-0.2949816971698169,-0.12430737824553688,-0.17067431892428003,143.41418794969437,141.983,140.55181205030564,0.5892857142857143,14751.8,-1.1364433532094034,140.902,0.14307340773577684
2025-11-27 23:45:00,140.93,140.94,140.48,140.84,8919,2025-11-27 23:59:59.999,1254711.6800,686,1771,249595.3300,0,26.28726287262944,-0.3201796735924063,-0.16348183731491078,-0.1566978362774955,143.33940190399937,141.8825,140.4255980960006,0.6042857142857149,14338.7,-1.13022113022112,140.892,0.145842380675562
2025-11-28 00:00:00,140.84,140.94,140.44,140.5,47274,2025-11-28 00:14:59.999,6647932.6600,1161,8060,1135585.3800,0,24.31077694235654,-0.36339541382560014,-0.20346455261704868,-0.15993086120855146,143.3424791577158,141.786,140.22952084228422,0.6164285714285731,16187.95,-1.0424003380757783,140.846,0.22467754672208748
2025-11-28 00:15:00,140.5,140.58,140.43,140.58,8996,2025-11-28 00:29:59.999,1263864.2100,757,3411,479479.1800,0,26.448362720403978,-0.3867308751043197,-0.24011781711450295,-0.14661305798981675,143.31338002937687,141.69549999999998,140.0776199706231,0.6028571428571448,15258.65,-1.2295369914986298,140.738,0.18660117899122444
2025-11-28 00:30:00,140.58,140.83,140.43,140.67,5620,2025-11-28 00:44:59.999,790128.6900,968,3964,557310.7100,0,31.754874651811008,-0.3934269672730579,-0.270779647146214,-0.12264732012684393,143.19728505144786,141.59300000000002,139.98871494855217,0.5585714285714322,15182.3,-0.9714889123548214,140.704,0.1786896751378518
2025-11-28 00:45:00,140.67,140.86,140.43,140.86,7129,2025-11-28 00:59:59.999,1003169.8200,1170,3738,526172.2200,0,28.571428571429152,-0.3790329999719688,-0.29243031771136496,-0.08660268226060386,143.06454784269923,141.50500000000002,139.94545215730082,0.5464285714285759,15032.25,-0.697920338385605,140.69,0.15811388301111715
2025-11-28 01:00:00,140.86,140.89,139.97,140.0,51798,2025-11-28 01:14:59.999,7266055.2700,1622,3530,496511.1600,0,24.438902743142663,-0.4320401993802534,-0.32035229404514265,-0.11168790533511075,142.94727445983443,141.36700000000002,139.7867255401656,0.5871428571428611,17373.9,-1.2136607394863104,140.52200000000002,0.3211230293837924
2025-11-28 01:15:00,140.0,140.2,139.26,139.51,26271,2025-11-28 01:29:59.999,3665759.4200,1341,1714,240108.5700,0,22.790697674419164,-0.5077348405191628,-0.3578288033399467,-0.14990603717921613,142.88886081572088,141.21300000000002,139.53713918427917,0.6164285714285752,18308.95,-1.6565628084026662,140.324,0.5568033764268641
2025-11-28 01:30:00,139.51,140.2,139.22,139.68,9428,2025-11-28 01:44:59.999,1316896.2900,1199,1397,195834.2300,0,26.497695852535287,-0.5476923532004321,-0.39580151331204383,-0.15189083988838825,142.7547983493437,141.0695,139.3842016506563,0.6314285714285737,18504.35,-0.8588260344949817,140.144,0.5973524922523568
2025-11-28 01:45:00,139.68,140.2,138.76,138.95,73436,2025-11-28 01:59:59.999,10205558.9600,1465,7758,1078370.7800,0,20.486815415821965,-0.6309902066891766,-0.44283925198747043,-0.18815095470170617,142.69888617642388,140.89450000000002,139.09011382357616,0.6792857142857157,21919.4,-1.2648333688623614,139.8,0.7043791592598634
2025-11-28 02:00:00,138.95,139.26,138.76,139.19,12283,2025-11-28 02:14:59.999,1708522.6400,1311,5955,828941.2600,0,29.761904761905384,-0.6699159869816356,-0.48825459898630347,-0.1816613879953321,142.63581169487134,140.75500000000002,138.8741883051287,0.615000000000001,19472.55,-1.3676303854875331,139.466,0.41088927948919873
2025-11-28 02:15:00,139.19,139.27,138.66,138.66,14160,2025-11-28 02:29:59.999,1968066.6300,1255,4742,660210.0400,0,27.35229759299841,-0.7350582252508673,-0.5376153242392163,-0.19744290101165096,142.5202029424417,140.5715,138.62279705755827,0.6278571428571443,19956.95,-1.547855722806026,139.19799999999998,0.4125166663284993
2025-11-28 02:30:00,138.66,139.0,138.56,138.9,13957,2025-11-28 02:44:59.999,1936917.9500,1312,6772,940264.8700,0,24.886877828054878,-0.7585735603592241,-0.5818069714632179,-0.17676658889600616,142.3687340645583,140.41400000000002,138.45926593544172,0.6271428571428572,20371.5,-1.440431419853829,139.07600000000002,0.3865617673782639
2025-11-28 02:45:00,138.89,139.45,138.73,139.38,31976,2025-11-28 02:59:59.999,4449754.9800,1514,19318,2689273.6500,0,34.19913419913442,-0.7300619447277654,-0.6114579661161275,-0.11860397861163796,142.1740406189262,140.2905,138.40695938107382,0.6457142857142871,21631.2,-1.0366373189434877,139.016,0.27718225051131473
2025-11-28 03:00:00,139.38,139.54,139.27,139.31,17819,2025-11-28 03:14:59.999,2484625.1400,1303,9915,1382938.7500,0,32.39130434782635,-0.7049880356748588,-0.6301639800278738,-0.07482405564698502,141.97520883760185,140.17000000000002,138.36479116239818,0.6257142857142851,21556.4,-0.8469750889679699,139.088,0.301446512666211
2025-11-28 03:15:00,139.31,139.54,139.11,139.4,9740,2025-11-28 03:29:59.999,1357332.5700,1285,2949,411461.2100,0,34.347826086956815,-0.6701296962667698,-0.638157123275653,-0.03197257299111678,141.695822227176,140.04699999999997,138.39817777282394,0.6235714285714258,21831.3,-0.839379712619154,139.13,0.3322649545147381
2025-11-28 03:30:00,139.41,139.55,139.11,139.3,7025,2025-11-28 03:44:59.999,979056.8800,1176,2310,321949.4800,0,36.238532110092095,-0.6431594338100979,-0.639157585382542,-0.00400184842755591,141.598410304413,139.9675,138.336589695587,0.6192857142857113,18874.35,-0.9739105708395366,139.258,0.2047437422703378
2025-11-28 03:45:00,139.3,139.62,139.11,139.59,8144,2025-11-28 03:59:59.999,1135522.6300,1265,5680,791972.2400,0,39.16849015317288,-0.5915655309302394,-0.6296391744920815,0.03807364356184206,141.50855770266304,139.9105,138.312442297337,0.644999999999996,18754.3,-0.9016044299304347,139.39600000000002,0.11674759097754571
2025-11-28 04:00:00,139.58,139.9,139.49,139.9,14331,2025-11-28 04:14:59.999,2001334.1400,1255,10123,1414095.4400,0,41.96242171190011,-0.5196721251875545,-0.6076457646311761,0.08797363944362169,141.34287449034366,139.8495,138.35612550965635,0.6457142857142811,19086.45,-0.07142857142856737,139.5,0.2520912533175543
2025-11-28 04:15:00,139.9,140.06,139.49,139.71,10475,2025-11-28 04:29:59.999,1465091.7800,1202,4206,588729.6800,0,37.995824634655584,-0.47257988849241883,-0.5806325894034247,0.10805270091100583,141.21225258313137,139.79299999999998,138.37374741686858,0.6557142857142801,19284.7,0.14335889900366788,139.58,0.23989581071652083
2025-11-28 04:30:00,139.71,140.1,139.48,139.79,11499,2025-11-28 04:44:59.999,1608791.2200,1207,3749,525149.9100,0,47.38154613466325,-0.42391696927555245,-0.5492894653778503,0.12537249610229784,141.05070068636377,139.73600000000002,138.42129931363627,0.6342857142857099,19514.0,0.07875143184420477,139.65800000000002,0.2299347733585685
2025-11-28 04:45:00,139.79,140.1,139.76,139.96,7386,2025-11-28 04:59:59.999,1033364.5900,1118,842,117964.2000,0,56.097560975609944,-0.36739853434178826,-0.5129112791706378,0.14551274482884957,140.9061897883337,139.692,138.4778102116663,0.5914285714285674,19437.35,0.7268801727240154,139.79000000000002,0.14781745498979698
2025-11-28 05:00:00,139.96,140.23,139.76,140.11,14023,2025-11-28 05:14:59.999,1964327.1300,1197,8693,1218344.8600,0,55.858310626703066,-0.30696501940121834,-0.47172202721675394,0.1647570078155356,140.84382179047037,139.67249999999999,138.5011782095296,0.5549999999999967,17774.8,0.6609670234930785,139.894,0.15469324484224187
2025-11-28 05:15:00,140.11,140.28,139.99,140.25,9642,2025-11-28 05:29:59.999,1351412.5100,1251,3250,455847.4800,0,71.1038961038964,-0.24495055590756465,-0.42636773295491603,0.18141717704735139,140.78191296288333,139.656,138.5300870371167,0.47285714285713915,17807.1,1.146689744699267,139.964,0.2224410034142344
2025-11-28 05:30:00,140.25,140.36,139.96,140.36,12367,2025-11-28 05:44:59.999,1733509.5700,1181,4957,695484.7800,0,69.83050847457662,-0.1847973374335652,-0.3780536538506459,0.1932563164170807,140.71499816927636,139.6405,138.56600183072365,0.46571428571428236,18144.45,1.0511159107271475,140.094,0.22678183348791375
2025-11-28 05:45:00,140.36,140.41,139.96,140.27,10604,2025-11-28 05:59:59.999,1487400.9600,1118,5632,790266.6600,0,82.07171314741075,-0.14274228207719375,-0.3309913794959555,0.18824909741876172,140.57080041784428,139.611,138.6511995821557,0.4542857142857092,18318.2,0.6385421150810839,140.19,0.15668439616084767
2025-11-28 06:00:00,140.27,140.27,139.84,139.9,30413,2025-11-28 06:14:59.999,4255546.4200,1251,7949,1112669.3200,0,68.93939393939404,-0.13768214147515323,-0.29232953189179506,0.15464739041664183,140.55828036560968,139.60600000000002,138.65371963439037,0.45357142857142413,17248.95,0.42351589979183357,140.178,0.1793599732389326
2025-11-28 06:15:00,139.89,140.05,139.46,139.47,10157,2025-11-28 06:29:59.999,1419436.3100,1131,2418,338416.8100,0,51.7374517374518,-0.16645061090119384,-0.26715374769367484,0.100703136792481,140.5572967726951,139.60399999999998,138.65070322730486,0.4442857142857101,16443.25,0.050215208034428395,140.05,0.3685783498797314
2025-11-28 06:30:00,139.47,140.05,139.19,139.51,7817,2025-11-28 06:44:59.999,1090077.6300,1166,1589,222024.0400,0,53.90624999999977,-0.18390225377456204,-0.25050344890985227,0.06660119513529023,140.54897508453604,139.59550000000002,138.642024915464,0.48642857142856954,16362.7,0.1507537688442064,139.902,0.4139685978426764
2025-11-28 06:45:00,139.51,140.05,139.37,139.37,36090,2025-11-28 06:59:59.999,5032863.5200,1370,3189,445365.1400,0,49.42528735632181,-0.20664753233606348,-0.2417322655950945,0.035084733259031026,140.52767679836765,139.6165,138.70532320163235,0.5042857142857144,14495.4,-0.15760441292356103,139.704,0.3750733261637112
2025-11-28 07:00:00,139.37,139.66,139.29,139.64,40259,2025-11-28 07:14:59.999,5610812.3900,1256,15091,2104132.7600,0,56.11510791366867,-0.20057448810547385,-0.23350071009717038,0.032926221991696536,140.5277815432195,139.63899999999998,138.75021845678046,0.49928571428571494,15894.2,-0.1858470335954391,139.578,0.20437710243396653
2025-11-28 07:15:00,139.63,139.89,139.29,139.89,9112,2025-11-28 07:29:59.999,1272561.7500,1093,5521,771299.9600,0,55.47445255474425,-0.17358763592361015,-0.22151809526245836,0.04793045933884821,140.46567559043598,139.7005,138.93532440956403,0.5057142857142866,15641.8,0.12883830792354045,139.576,0.20044949488411856
2025-11-28 07:30:00,139.89,139.9,139.11,139.18,8309,2025-11-28 07:44:59.999,1159171.9200,1257,1128,157776.4300,0,38.535031847133624,-0.2071040607278576,-0.2186352883555382,0.011531227627680607,140.42639812990126,139.7145,139.00260187009872,0.5328571428571435,15359.4,-0.43636883897273426,139.51799999999997,0.26901672810292215
2025-11-28 07:45:00,139.19,139.9,138.91,138.91,21009,2025-11-28 07:59:59.999,2922686.4900,1430,1229,171864.7800,0,37.5776397515525,-0.2525416692129454,-0.22541656452701966,-0.027125104685925744,140.47660469501565,139.69099999999997,138.9053953049843,0.5628571428571446,14811.05,-0.7502143469562813,139.398,0.38310572953038186
2025-11-28 08:00:00,138.99,139.9,138.9,139.9,10163,2025-11-28 08:14:59.999,1416089.4100,1265,3164,442213.8100,0,51.33171912832947,-0.20628860840540142,-0.22159097330269603,0.015302364897294612,140.49001043903115,139.7205,138.95098956096882,0.5900000000000014,14428.25,-0.14988223538648773,139.504,0.4421877429318711
2025-11-28 08:15:00,139.51,139.9,139.37,139.74,6423,2025-11-28 08:29:59.999,897054.1900,987,664,92882.7000,0,47.33009708737864,-0.18046312078232063,-0.21336540279862096,0.03290228201630033,140.492075516774,139.7375,138.98292448322601,0.6035714285714298,14262.4,-0.36363636363635715,139.524,0.4520287601460963
2025-11-28 08:30:00,139.74,140.13,139.37,139.99,7512,2025-11-28 08:44:59.999,1050555.7400,1179,4793,670255.4300,0,48.57819905213264,-0.13822989690916643,-0.19833830162073005,0.06010840471156362,140.50514319703365,139.772,139.03885680296634,0.6242857142857149,14286.75,-0.2636078654887465,139.544,0.4739514743085556
2025-11-28 08:45:00,139.37,141.28,139.36,141.28,1204182,2025-11-28 08:59:59.999,169267384.7000,1602,1195889,168101019.1200,0,59.590316573556855,-0.0006599363599946173,-0.15880262856858296,0.15814269220858834,140.84605120076495,139.8565,138.86694879923508,0.740714285714286,74088.65,0.7200399230056255,139.964,0.8511345369563711
2025-11-28 09:00:00,141.28,142.3,140.84,142.3,55958,2025-11-28 09:14:59.999,7927030.8900,1212,44420,6297351.5100,0,65.44585987261152,0.18849783827380406,-0.08934253520010554,0.2778403734739096,141.45134557621188,139.9765,138.5016544237881,0.816428571428572,76170.0,1.7155110793423916,140.642,1.1118992760142734
2025-11-28 09:15:00,142.3,142.3,141.85,141.88,17349,2025-11-28 09:29:59.999,2464380.2700,1048,7104,1010824.5500,0,62.17851739788191,0.3010459769381839,-0.011264832772447634,0.3123108097106315,141.7801261403111,140.08499999999998,138.38987385968886,0.816428571428574,76513.7,1.7279701727970147,141.038,1.133940033688602
2025-11-28 09:30:00,142.3,142.3,141.37,141.43,157916,2025-11-28 09:44:59.999,22384446.8700,1241,1901,270215.8500,0,61.434977578475404,0.3498965587756686,0.06096744553717563,0.28892911323849296,141.95799619441468,140.16699999999997,138.37600380558527,0.8521428571428596,83834.55,1.3762454304351057,141.376,0.8719116927775777
2025-11-28 09:45:00,141.43,141.67,141.37,141.58,22219,2025-11-28 09:59:59.999,3145584.9300,1245,16819,2381524.9000,0,66.45865834633403,0.3961481934486244,0.1280035951194654,0.268144598329159,142.14308616662515,140.24800000000002,138.35291383337488,0.8314285714285725,84576.2,1.5857071105689946,141.69400000000002,0.4049444406369693
2025-11-28 10:00:00,141.58,141.7,141.37,141.64,5496,2025-11-28 10:14:59.999,778177.2100,686,3090,437562.1100,0,66.56298600311052,0.4326570446202993,0.18893428501963222,0.24372275960066708,142.31714410427506,140.3245,138.33185589572494,0.7935714285714275,84149.85,1.4322543683758238,141.76600000000002,0.3396763165175188
2025-11-28 10:15:00,141.63,142.01,141.36,141.84,16892,2025-11-28 10:29:59.999,2395460.9100,791,9187,1303421.3500,0,69.02927580893687,0.4722846967392229,0.2456043673635504,0.2266803293756725,142.50789513446563,140.404,138.30010486553437,0.7914285714285683,84512.35,1.3939523911644986,141.67399999999998,0.18676188048623446
2025-11-28 10:30:00,141.84,142.01,141.68,141.79,6929,2025-11-28 10:44:59.999,982935.6300,623,2280,323678.5200,0,67.14513556618822,0.493961236755581,0.29527574124195655,0.19868549551362447,142.6684117869283,140.4755,138.28258821307173,0.7885714285714239,84240.45,1.8752694352636767,141.656,0.16501515082780727
2025-11-28 10:45:00,142.01,142.13,141.67,141.97,6395,2025-11-28 10:59:59.999,907460.6900,642,2984,423842.7900,0,66.77419354838716,0.5196740674036846,0.3401554064743022,0.1795186609293824,142.84955381509621,140.5605,138.27144618490377,0.7785714285714249,84030.0,2.2028651644949986,141.76399999999998,0.1566205606007947
2025-11-28 11:00:00,141.95,142.13,140.76,140.76,93829,2025-11-28 11:14:59.999,13241977.3600,971,2120,300926.1900,0,61.7910447761192,0.43737301942252316,0.3595989290639464,0.07777409035857674,142.87253434132026,140.6035,138.33446565867973,0.8199999999999973,87200.8,0.6147248034310115,141.6,0.4842003717497865
2025-11-28 11:15:00,140.77,140.77,140.0,140.46,70504,2025-11-28 11:29:59.999,9905239.8400,1142,12261,1721884.0000,0,61.51560178306097,0.3439762095293304,0.35647438515702323,-0.012498175627692842,142.8602712374728,140.653,138.44572876252718,0.8042857142857116,90218.15,0.5152425933877192,141.36399999999998,0.699521264867786
2025-11-28 11:30:00,140.46,140.56,140.31,140.41,6066,2025-11-28 11:44:59.999,852045.6900,722,2996,420983.7600,0,54.40414507772011,0.2628935099317289,0.3377582101119644,-0.0748647001802355,142.84297307061635,140.698,138.55302692938366,0.750714285714283,90130.6,0.3000214301021412,141.07800000000003,0.7469738951273615
2025-11-28 11:45:00,140.41,140.9,140.41,140.9,9397,2025-11-28 11:59:59.999,1322097.8500,656,5252,739108.3900,0,59.47712418300647,0.23545955999136936,0.3172984800878454,-0.08183892009647603,142.82720014729912,140.77450000000002,138.7217998527009,0.7478571428571408,88795.95,-0.2689694224235528,140.9,0.6320996756852859
2025-11-28 12:00:00,140.9,141.32,140.65,141.0,6043,2025-11-28 12:14:59.999,851727.9200,602,1670,235703.8500,0,58.45896147403674,0.21925963271627325,0.297690710613531,-0.07843107789725773,142.82589289310158,140.84250000000003,138.85910710689848,0.7414285714285691,87085.15,-0.9135628952916454,140.706,0.2622594135605339
2025-11-28 12:15:00,140.98,141.32,140.9,141.01,4771,2025-11-28 12:29:59.999,673264.2600,580,1522,215028.9800,0,47.12153518123658,0.20486641752677315,0.2791258519961794,-0.07425943446940625,142.83125668955952,140.89849999999998,138.96574331044044,0.6342857142857119,86868.1,-0.6131942486608434,140.756,0.29669850016675076
2025-11-28 12:30:00,141.02,141.32,140.87,140.87,7397,2025-11-28 12:44:59.999,1042858.8400,612,1193,168297.3000,0,31.233595800524853,0.18008693078255078,0.2593180677534537,-0.0792311369709029,142.73910933599942,140.983,139.2268906640006,0.5621428571428534,86822.5,-0.3959555964081186,140.83800000000002,0.2469210400134869
2025-11-28 12:45:00,140.87,140.99,140.72,140.72,6315,2025-11-28 12:59:59.999,889724.5900,679,2567,361852.8000,0,33.61581920903956,0.14665471831020227,0.23678539786480338,-0.0901306795546011,142.5429542488481,141.07350000000002,139.60404575115194,0.54928571428571,86087.8,-0.607430428026567,140.9,0.11768602296555258
2025-11-28 13:00:00,140.72,140.99,140.5,140.58,5948,2025-11-28 13:14:59.999,837161.2700,603,1746,246166.3700,0,36.84210526315793,0.10762201944089611,0.21095272218002192,-0.10333070273912581,142.49161856808232,141.10750000000002,139.72338143191772,0.5178571428571388,85877.05,-0.748376164925144,140.83599999999998,0.18528356646324307
2025-11-28 13:15:00,140.59,141.07,140.52,141.06,23581,2025-11-28 13:29:59.999,3320438.6800,728,21569,3037255.2900,0,42.69662921348295,0.11410498164366345,0.19158317407275022,-0.07747819242908677,142.39996732742736,141.1735,139.94703267257262,0.5357142857142817,86734.95,-0.5499153976311345,140.848,0.1999249859356237
2025-11-28 13:30:00,141.07,141.92,141.04,141.9,65814,2025-11-28 13:44:59.999,9307893.9900,916,64214,9081391.2300,0,52.99539170506934,0.1848924308720825,0.1902450254326167,-0.005352594560534191,142.4012804190446,141.269,140.1367195809554,0.5749999999999967,89650.05,0.07757951900699178,141.026,0.5200769173897871
2025-11-28 13:45:00,141.92,142.76,141.89,142.43,980763,2025-11-28 13:59:59.999,139534364.5400,919,976442,138919234.9000,0,56.316916488222745,0.28052484914655906,0.20830099017540524,0.07222385897115383,142.5722468696092,141.32649999999998,140.08075313039078,0.5907142857142844,78479.1,0.32401211523561874,141.33800000000002,0.7971950827759805
2025-11-28 14:00:00,142.39,142.76,142.07,142.24,17371,2025-11-28 14:14:59.999,2472005.3900,870,5829,829708.3100,0,54.677754677754876,0.3370969734453979,0.2340601868294038,0.10303678661599411,142.5596276547876,141.32350000000002,140.08737234521246,0.6164285714285711,76549.75,1.0514350667803483,141.642,0.7924140331939632
2025-11-28 14:15:00,142.24,143.2,142.04,143.2,273274,2025-11-28 14:29:59.999,39044757.0800,1060,267366,38203475.2800,0,61.00178890876566,0.45415949848356263,0.2780800491602356,0.17607944932332703,142.86794121324985,141.3895,139.91105878675015,0.6664285714285703,89346.0,1.950733304855461,142.166,0.7807560438470015
2025-11-28 14:30:00,143.2,143.21,142.16,142.23,53316,2025-11-28 14:44:59.999,7595884.2600,865,6249,893485.4300,0,63.7383177570095,0.46332062780425076,0.31512816488903866,0.1481924629152121,142.9550918609834,141.42950000000002,139.90390813901664,0.6435714285714279,84116.0,1.2962039740759157,142.4,0.48615841040140895
2025-11-28 14:45:00,142.17,142.59,141.71,141.71,182861,2025-11-28 14:59:59.999,26020073.6300,858,134082,19098947.0000,0,61.220825852782895,0.4237366621403851,0.33684986433930797,0.08688679780107711,142.9653947891357,141.43599999999998,139.90660521086426,0.6514285714285697,92148.1,0.5748757984386105,142.362,0.5395090360725731
2025-11-28 15:00:00,142.52,142.72,141.71,142.26,18228,2025-11-28 15:14:59.999,2598381.7900,832,13925,1985926.2700,0,65.23887973640876,0.4317693196727532,0.35583375540599704,0.07593556426675618,143.03836347096322,141.467,139.8956365290368,0.7057142857142834,92784.7,0.8936170212765894,142.32799999999997,0.5395090360725192
2025-11-28 15:15:00,142.26,143.03,142.1,142.68,85563,2025-11-28 15:29:59.999,12229520.2600,805,80667,11532901.4900,0,64.83333333333356,0.466646537743145,0.3779963118734267,0.08865022586971832,143.16496720028016,141.509,139.8530327997198,0.7371428571428547,96218.25,1.184313169278786,142.416,0.5571624538714459
2025-11-28 15:30:00,142.65,143.35,141.93,141.93,218925,2025-11-28 15:44:59.999,31295887.9200,1202,180819,25876968.1500,0,56.99248120300766,0.42882502440522785,0.38816205437978696,0.04066297002544089,143.17814066159576,141.516,139.85385933840422,0.7907142857142831,106818.05,0.7524668133740343,142.16199999999998,0.3676547293366718
2025-11-28 15:45:00,141.97,141.99,141.31,141.57,70470,2025-11-28 15:59:59.999,9977165.9300,864,4934,698619.4700,0,54.00000000000006,0.36558794102762704,0.383647231709355,-0.018059290681727957,143.14471113935565,141.496,139.84728886064437,0.8092857142857132,110021.8,0.6040363843092627,142.03,0.4470458589489451
2025-11-28 16:00:00,141.59,141.61,140.66,140.85,29174,2025-11-28 16:14:59.999,4110164.9500,1047,2809,397673.5700,0,49.868073878627904,0.25444107580554487,0.357806000528593,-0.10336492472304815,143.14122480773574,141.5005,139.85977519226424,0.8450000000000009,106789.05,0.19206145966708052,141.858,0.6966850077352856
2025-11-28 16:15:00,140.85,141.13,139.41,139.41,142844,2025-11-28 16:29:59.999,19996828.0600,1365,2211,310312.5100,0,42.615558060879316,0.04958879022348128,0.29616255846757067,-0.2465737682440894,143.2844336146552,141.448,139.61156638534482,0.9485714285714286,110406.05,-1.169715014887286,141.28799999999998,1.2397661069742691
2025-11-28 16:30:00,139.43,139.46,138.91,139.3,52499,2025-11-28 16:44:59.999,7313193.7900,957,4226,589002.2600,0,42.76018099547507,-0.12024805791315885,0.21288043519142474,-0.3331284931045836,143.41834225498636,141.39249999999998,139.3666577450136,0.9528571428571431,112727.7,-1.832276250880898,140.612,1.2121963537319052
2025-11-28 16:45:00,139.33,139.52,139.16,139.23,7275,2025-11-28 16:59:59.999,1013791.2800,703,3143,438417.8000,0,39.14590747330951,-0.2575248129157899,0.11879938556998179,-0.3763241984857717,143.54688339849207,141.309,139.07111660150792,0.9392857142857167,112621.6,-2.2467176858807956,140.07199999999997,1.071503616419454
2025-11-28 17:00:00,139.23,139.53,138.0,138.0,112124,2025-11-28 17:14:59.999,15533715.1800,1221,4084,565657.5000,0,27.891156462584902,-0.4602627285113954,0.002986962753706325,-0.4632496912651017,143.8419904760771,141.159,138.4760095239229,0.9857142857142885,117925.65,-2.9808773903262153,139.358,1.011518660232577
2025-11-28 17:15:00,138.0,138.23,136.95,136.95,105109,2025-11-28 17:29:59.999,14436504.7800,962,8087,1109997.0900,0,20.66381156316899,-0.6976185002343414,-0.13713412984390325,-0.5604843703904381,144.2346993570116,140.956,137.67730064298837,1.0150000000000026,122942.55,-4.3645251396648055,138.578,1.0750674397438211
2025-11-28 17:30:00,137.09,137.37,136.95,137.2,12614,2025-11-28 17:44:59.999,1731949.7000,665,7928,1089035.9500,0,23.19148936170194,-0.8556879111257274,-0.2808448861002681,-0.5748430250254593,144.4571359528789,140.7725,137.08786404712112,0.9957142857142897,123203.4,-3.5365253462701274,138.136,1.1014672033231683
2025-11-28 17:45:00,137.2,137.69,137.09,137.41,31368,2025-11-28 17:59:59.999,4312642.7000,802,27432,3772014.2200,0,16.531791907514517,-0.9530279007286424,-0.415281489025943,-0.5377464117026994,144.58706664847472,140.607,136.62693335152528,0.9557142857142894,124456.05,-3.034365958647951,137.75799999999998,0.9097637055828756
2025-11-28 18:00:00,137.4,137.69,136.07,137.2,369289,2025-11-28 18:14:59.999,50516070.1600,1156,212170,29022384.8300,0,18.12420785804821,-1.035182845281014,-0.5392617602769573,-0.4959210850040566,144.69995211017897,140.438,136.176047889821,0.9964285714285747,142623.1,-3.556867707015326,137.352,0.39720271901786736
2025-11-28 18:15:00,137.19,137.32,136.07,136.93,94507,2025-11-28 18:29:59.999,12940936.9300,950,73490,10062649.4800,0,18.717277486911044,-1.1092907608672817,-0.6532675603950222,-0.4560232004722595,144.75852888507484,140.2315,135.70447111492518,1.0228571428571465,146169.4,-4.02999719652369,137.138,0.2001749234914507
2025-11-28 18:30:00,136.94,137.08,136.58,137.08,7957,2025-11-28 18:44:59.999,1089756.7200,643,4921,674322.6600,0,14.22651933701691,-1.1427452159748555,-0.7511630915109889,-0.39158212446386653,144.6546498350929,139.9905,135.3263501649071,0.9864285714285757,143276.55,-3.41717748185725,137.164,0.17672011768571338
2025-11-28 18:45:00,137.08,137.37,136.77,136.77,30174,2025-11-28 18:59:59.999,4139099.8800,778,27730,3804211.6500,0,8.555399719495256,-1.180662578626368,-0.8370629889340647,-0.3435995896923033,144.4348354016811,139.7075,134.9801645983189,0.9628571428571462,95747.1,-3.3905488450942878,137.07800000000003,0.24590648628025094
2025-11-28 19:00:00,137.09,137.45,136.77,137.26,6112,2025-11-28 19:14:59.999,838198.1900,840,2957,406080.0900,0,16.011644832605427,-1.157826750747887,-0.9012157412968292,-0.25661100945105775,144.1486521690036,139.45850000000002,134.76834783099642,0.9100000000000027,95184.15,-2.5488107916222957,137.048,0.20017492349104582
2025-11-28 19:15:00,137.26,137.26,137.0,137.26,4749,2025-11-28 19:29:59.999,651673.8200,601,4049,555765.7400,0,16.897081413210373,-1.1267408257633633,-0.9463207581901362,-0.18042006757322715,143.5995805476419,139.1615,134.7234194523581,0.8800000000000016,81757.9,-1.5422136145183312,137.06,0.2129553943779478
2025-11-28 19:30:00,137.26,137.84,137.0,137.69,83882,2025-11-28 19:44:59.999,11560265.6600,707,82122,11318098.0300,0,24.598070739549854,-1.0552434107383135,-0.9681052886997717,-0.08713812203854177,143.1716215403099,138.9345,134.69737845969013,0.8721428571428577,83286.2,-1.1557788944723715,137.212,0.33387123265554525
2025-11-28 19:45:00,137.69,137.84,137.0,137.48,8751,2025-11-28 19:59:59.999,1203132.6600,649,759,104535.6900,0,30.66132264529054,-1.003953488302841,-0.9752749286203857,-0.02867855968245525,142.7958942250458,138.723,134.65010577495423,0.8092857142857152,74580.7,-1.256913021618904,137.292,0.34215493565791716
2025-11-28 20:00:00,137.48,137.84,136.85,136.99,24408,2025-11-28 20:14:59.999,3343180.0700,669,2018,277175.8800,0,28.491620111731848,-0.9914163298328731,-0.9785032088628831,-0.012913120969989977,142.24032405386797,138.4595,134.67867594613202,0.8407142857142864,74889.7,-0.7318840579710079,137.336,0.2633059057354225
2025-11-28 20:15:00,136.97,137.57,136.92,137.55,4969,2025-11-28 20:29:59.999,681685.9800,654,2527,346944.1400,0,35.665529010239055,-0.92562321331269,-0.9679272097528446,0.04230399644015459,141.4343666654076,138.203,134.9716333345924,0.8614285714285715,70860.0,0.4381161007667198,137.394,0.27409852242442884
2025-11-28 20:30:00,137.47,137.67,136.91,137.46,11473,2025-11-28 20:44:59.999,1578776.6900,635,8397,1155947.3600,0,44.279661016949234,-0.8707069742919202,-0.9484831626606599,0.07777618836873967,140.7040741337902,137.9795,135.25492586620982,0.8064285714285708,60487.4,0.18950437317785668,137.43400000000003,0.2640643860790859
2025-11-28 20:45:00,137.42,137.79,137.39,137.79,7845,2025-11-28 20:59:59.999,1079735.8100,623,3861,531706.4600,0,60.500000000000114,-0.7914340579731629,-0.9170733417231606,0.12563928374999767,139.92741834191034,137.7905,135.65358165808968,0.7435714285714283,57356.15,0.2765446474055713,137.454,0.29074043405649025
2025-11-28 21:00:00,137.79,137.91,137.37,137.61,19370,2025-11-28 21:14:59.999,2667129.9400,793,9880,1362391.6700,0,55.21628498727774,-0.7346654305670484,-0.8805917594919381,0.14592632892488977,139.20715065632967,137.6285,136.04984934367033,0.7521428571428552,56865.95,0.29883381924200075,137.48,0.29933259093423265
2025-11-28 21:15:00,137.61,137.91,137.33,137.52,5438,2025-11-28 21:29:59.999,747879.7000,532,1234,170173.7300,0,51.44356955380598,-0.6889958172936588,-0.8422725710522821,0.15327675375862337,138.87148231665395,137.53400000000002,136.1965176833461,0.750714285714283,49995.65,0.4308770904841915,137.586,0.12621410379026135
2025-11-28 21:30:00,137.52,137.91,137.33,137.78,5169,2025-11-28 21:44:59.999,712098.4700,506,2427,334707.5700,0,57.51295336787595,-0.624622236326843,-0.7987425041071944,0.1741202677803514,138.51663069451163,137.458,136.39936930548836,0.6764285714285673,47629.15,0.5106507149109926,137.632,0.14956603891142764
2025-11-28 21:45:00,137.78,137.91,137.33,137.36,4312,2025-11-28 21:59:59.999,593085.2200,587,525,72363.2400,0,55.36159600997523,-0.600573165924601,-0.7591086364706758,0.15853547054607486,138.0163144715003,137.3645,136.7126855284997,0.6285714285714233,47481.0,0.4313811508371744,137.61200000000002,0.1815764301764418
2025-11-28 22:00:00,137.36,137.91,137.05,137.16,20949,2025-11-28 22:14:59.999,2874638.5300,632,3215,443184.2900,0,50.98522167487666,-0.5908415789607488,-0.7254552249686905,0.13461364600794168,137.90663679003111,137.3225,136.73836320996887,0.6542857142857079,42922.25,-0.07285443683519913,137.48600000000002,0.23723406162567165
2025-11-28 22:15:00,137.05,137.4,136.56,137.02,53891,2025-11-28 22:29:59.999,7371239.8600,778,1669,228311.4200,0,53.213367609254554,-0.5876519700408096,-0.6978945739831144,0.11024260394230478,137.90151441519689,137.326,136.7504855848031,0.6714285714285657,40361.35,-0.17485064840447376,137.368,0.29886451779228246
2025-11-28 22:30:00,137.02,137.45,136.86,137.45,9498,2025-11-28 22:44:59.999,1303818.8600,741,8344,1145605.6000,0,52.4804177545692,-0.544154105843802,-0.6671464803552519,0.12299237451144995,137.91335101044066,137.3385,136.76364898955936,0.664999999999994,40205.55,-0.17430459728375997,137.35399999999998,0.29151329299911627
2025-11-28 22:45:00,137.45,137.73,137.39,137.69,45083,2025-11-28 22:59:59.999,6201035.8400,761,43395,5968802.0700,0,55.28255528255544,-0.48472809707584474,-0.6306628036993706,0.1459347066235258,137.94795206178907,137.35250000000002,136.75704793821097,0.6707142857142807,40891.3,0.15274949083503636,137.33599999999998,0.2596728711189508
2025-11-28 23:00:00,137.69,138.02,137.68,137.84,29682,2025-11-28 23:14:59.999,4090798.4700,736,26999,3720859.6800,0,51.97889182058059,-0.42067947941345096,-0.5886661388421867,0.1679866594287357,138.01329918976302,137.3845,136.755700810237,0.634999999999995,23910.95,0.620483246952328,137.432,0.34535488992529734
2025-11-28 23:15:00,137.84,138.02,137.66,137.66,3873,2025-11-28 23:29:59.999,533734.1800,511,947,130704.9400,0,52.393617021276725,-0.38006384472743093,-0.5469456800192355,0.16688183529180456,138.0228882568036,137.421,136.81911174319637,0.6007142857142814,19379.25,0.0799709196655654,137.53199999999998,0.31822947694309045
2025-11-28 23:30:00,137.66,138.02,137.42,137.58,5538,2025-11-28 23:44:59.999,762215.6200,677,1537,212022.1900,0,58.80597014925395,-0.3502930329964613,-0.5076151506146807,0.15732211761821935,138.02950664091662,137.446,136.86249335908337,0.5728571428571395,19258.3,0.08729812309035687,137.644,0.14363147285903205
2025-11-28 23:45:00,137.58,138.02,137.23,137.27,6489,2025-11-28 23:59:59.999,891187.0000,643,16,2208.3200,0,45.48387096774182,-0.34770572428422497,-0.4756332653485895,0.12792754106436455,137.96916082796628,137.471,136.97283917203373,0.5828571428571406,18074.05,-0.37738587705927995,137.608,0.21111608180239028
2025-11-29 00:00:00,137.29,138.02,137.2,137.33,8922,2025-11-29 00:14:59.999,1227956.5200,613,4084,563670.0800,0,47.88273615635182,-0.33692984738104315,-0.44789258175508023,0.11096273437403709,137.96737449026259,137.47449999999998,136.98162550973737,0.5871428571428571,18214.55,-0.20347358476854963,137.536,0.23607202289867943
2025-11-29 00:15:00,137.33,138.02,137.12,137.56,9572,2025-11-29 00:29:59.999,1314076.1300,549,729,100602.3500,0,46.127946127946224,-0.30629997405372933,-0.4195740602148101,0.11327408616108076,137.97306026130096,137.4895,137.00593973869903,0.6228571428571428,18455.7,0.029086678301332197,137.48000000000002,0.1698528775010393
2025-11-29 00:30:00,137.56,138.02,137.11,137.74,8461,2025-11-29 00:44:59.999,1166388.5400,514,5679,783760.1200,0,52.18855218855213,-0.26445263769693383,-0.38854977571123483,0.124097138014301,137.98041742284758,137.49200000000002,137.00358257715246,0.6492857142857146,14684.65,-0.029031789809836,137.496,0.19320973059193886
2025-11-29 00:45:00,138.02,138.02,137.4,137.56,7158,2025-11-29 00:59:59.999,985179.0400,549,256,35332.8000,0,50.65359477124171,-0.24301153214446458,-0.3594421269978808,0.11643059485341622,137.98531315986259,137.496,137.00668684013743,0.6521428571428588,14605.0,0.14560279557366673,137.49200000000002,0.19123284235560184
2025-11-29 01:00:00,137.56,138.02,137.49,137.66,5872,2025-11-29 01:14:59.999,808860.7500,596,1909,263479.7500,0,47.93103448275853,-0.21546637500631505,-0.3306469765995677,0.11518060159325266,137.96131258117003,137.5295,137.09768741883,0.6485714285714315,13678.2,0.3645377661125693,137.57,0.153948043168877
2025-11-29 01:15:00,137.64,138.02,137.39,137.44,6226,2025-11-29 01:29:59.999,856228.8100,583,1063,146400.6800,0,51.48148148148119,-0.20897981172134905,-0.306313543623924,0.09733373190257494,137.95751197396672,137.524,137.09048802603328,0.6521428571428629,13741.05,0.30652459494963324,137.592,0.11366617788754436
2025-11-29 01:30:00,137.46,137.74,137.26,137.32,3392,2025-11-29 01:44:59.999,466015.6000,513,316,43424.4800,0,53.053435114503785,-0.2110888597263454,-0.2872686068444083,0.07617974711806291,137.9592954478078,137.517,137.0747045521922,0.6250000000000081,13337.0,-0.09457984721716658,137.544,0.16816658406320423
2025-11-29 01:45:00,137.33,137.44,137.24,137.35,4635,2025-11-29 01:59:59.999,636640.9900,624,2231,306553.0500,0,56.57370517928258,-0.20794251432025135,-0.27140338833957695,0.0634608740193256,137.9236821911933,137.495,137.0663178088067,0.5792857142857214,13176.5,-0.24693151281865305,137.466,0.14310835054378074
2025-11-29 02:00:00,137.35,137.54,137.22,137.53,9379,2025-11-29 02:14:59.999,1287945.3200,613,4919,675800.4800,0,51.76991150442504,-0.18874873926625924,-0.2548724585249134,0.06612371925865418,137.91664625786652,137.49099999999999,137.06535374213345,0.5600000000000084,12676.95,-0.22489843296575907,137.45999999999998,0.13874436923836553
2025-11-29 02:15:00,137.54,137.6,137.22,137.32,6610,2025-11-29 02:29:59.999,908921.5700,553,3953,543834.3000,0,41.70403587443943,-0.1883120352864296,-0.24156037387721666,0.053248338590787064,137.91312571269557,137.481,137.04887428730441,0.5628571428571506,12735.55,-0.2469853261659185,137.392,0.09148770406586726
2025-11-29 02:30:00,137.3,137.6,136.92,136.93,5911,2025-11-29 02:44:59.999,810658.0700,623,613,84346.7000,0,31.57894736842111,-0.21693499330470445,-0.23663529776271422,0.01970030445800977,137.91202096601629,137.4385,136.96497903398372,0.5871428571428652,12772.65,-0.4724523913359541,137.29,0.21943108256370625
2025-11-29 02:45:00,136.93,137.6,136.91,137.15,7626,2025-11-29 02:59:59.999,1047528.1700,519,4395,604719.5700,0,39.84063745019934,-0.21933833655771195,-0.23317590552171377,0.013837568964001817,137.9178807588471,137.428,136.9381192411529,0.6107142857142926,12938.35,-0.08741895534348695,137.256,0.2266715685634749
2025-11-29 03:00:00,137.15,137.6,137.04,137.14,19771,2025-11-29 03:14:59.999,2713214.5300,599,9292,1275746.9600,0,40.98360655737661,-0.21951943641053617,-0.23044461169947827,0.010925175288942102,137.91926009384662,137.427,136.93473990615337,0.6078571428571483,12879.45,-0.13835287264255888,137.214,0.2243434866336916
2025-11-29 03:15:00,137.14,137.27,137.04,137.04,7479,2025-11-29 03:29:59.999,1025682.0700,606,2584,354569.0200,0,44.843049327353896,-0.22513688573783952,-0.2293830665071505,0.004246180769310992,137.91684827050204,137.42800000000003,136.939151729498,0.5678571428571482,10558.85,-0.37801686536784695,137.116,0.14467204289291352
2025-11-29 03:30:00,137.04,137.27,137.03,137.05,5508,2025-11-29 03:44:59.999,755147.1400,579,1425,195609.3000,0,43.57798165137622,-0.2261746379374472,-0.22874138079320988,0.0025667428557626937,137.9249790792817,137.408,136.89102092071826,0.5264285714285758,10359.35,-0.5009438071729327,137.06199999999998,0.08927485645312949
2025-11-29 03:45:00,137.05,137.27,136.8,136.8,6591,2025-11-29 03:59:59.999,903004.6800,694,2361,324094.4700,0,32.72727272727329,-0.2443532228466836,-0.23186374920390465,-0.012489473642778942,137.92919565929165,137.3635,136.79780434070832,0.4957142857142896,8434.75,-0.5524861878452972,137.036,0.14117365191382272
2025-11-29 04:00:00,136.8,137.27,136.79,136.87,5811,2025-11-29 04:14:59.999,796014.0300,556,1568,215218.5000,0,29.1866028708136,-0.25022700620465343,-0.23553640060405442,-0.01469060560059901,137.87498120268688,137.315,136.7550187973131,0.46500000000000546,7241.2,-0.5738776696207991,136.98,0.14017845766949388
2025-11-29 04:15:00,136.87,137.27,136.82,137.15,7204,2025-11-29 04:29:59.999,987734.3700,548,4032,553417.4900,0,40.639269406392884,-0.22964120107252484,-0.2343573606977485,0.004716159625223676,137.82942104685446,137.2895,136.74957895314554,0.4528571428571492,7407.75,-0.2110011641443481,136.982,0.1430734077129721
2025-11-29 04:30:00,137.15,137.27,136.82,137.11,4784,2025-11-29 04:44:59.999,655891.0800,556,927,127249.2900,0,37.08920187793482,-0.21408661071464508,-0.23030321070112783,0.016216599986482755,137.79345266686582,137.26600000000002,136.73854733313422,0.4471428571428646,7370.05,-0.15292746868626533,136.996,0.1532318504574813
2025-11-29 04:45:00,137.11,137.41,137.03,137.41,10986,2025-11-29 04:59:59.999,1506758.0600,601,3231,443783.8400,0,49.321266968325766,-0.17552860846029716,-0.2193482902529617,0.043819681792664544,137.80437755434107,137.273,136.74162244565892,0.4292857142857197,7594.9,0.04368401892974319,137.068,0.243146046636024
2025-11-29 05:00:00,137.41,137.47,137.03,137.32,5679,2025-11-29 05:14:59.999,779536.7500,613,1519,208732.7400,0,50.0,-0.15049850859193725,-0.20557833392075683,0.05507982532881958,137.80367050488286,137.2725,136.74132949511716,0.42642857142857543,7432.75,-0.15269395768196609,137.172,0.20861447695422103
2025-11-29 05:15:00,137.3,137.47,137.03,137.43,4045,2025-11-29 05:29:59.999,555828.1900,587,2386,327884.1600,0,51.76991150442504,-0.12039801999321753,-0.188542271135249,0.06814425114203146,137.78540857054182,137.26600000000002,136.74659142945822,0.4435714285714332,7156.4,0.08010486454996625,137.284,0.14724129853763848
2025-11-29 05:30:00,137.43,137.49,137.31,137.36,5496,2025-11-29 05:44:59.999,755306.1000,533,3062,420942.1900,0,46.04651162790728,-0.10102700448143764,-0.17103921780448675,0.0700122133230491,137.71904370894265,137.247,136.77495629105738,0.43357142857143416,7008.15,0.3140290659461088,137.326,0.12817956153424365
2025-11-29 05:45:00,137.35,137.49,137.1,137.14,4878,2025-11-29 05:59:59.999,669489.3100,559,1646,225943.5000,0,45.83333333333322,-0.10224883558211673,-0.15728114136001276,0.05503230577789603,137.67628178311475,137.226,136.77571821688525,0.43428571428572127,6894.15,-0.007291286912154084,137.332,0.11562871613540775
2025-11-29 06:00:00,137.14,137.5,137.1,137.5,6458,2025-11-29 06:14:59.999,886765.8200,613,5370,737480.1300,0,63.38028169014036,-0.07332293304753534,-0.14048949969751728,0.06716656664998194,137.64065327334376,137.21800000000002,136.79534672665628,0.4142857142857212,6923.45,0.2625054688639446,137.35,0.13601470506952013
2025-11-29 06:15:00,137.5,137.51,136.72,136.72,3965,2025-11-29 06:29:59.999,543633.4800,588,771,106005.0200,0,42.00743494423795,-0.11204682213812589,-0.134800964185639,0.02275414204751311,137.64569681564217,137.182,136.7183031843578,0.4214285714285779,6810.4,-0.23350846468183978,137.23,0.3154362059037851
2025-11-29 06:30:00,136.72,137.51,136.46,136.92,17542,2025-11-29 06:44:59.999,2398969.1300,672,4055,556739.6600,0,46.1805555555556,-0.1251547486662048,-0.13287172108175216,0.007716972415547363,137.63504611992235,137.16199999999998,136.6889538800776,0.45642857142857657,7517.9,-0.09485589201023266,137.128,0.3170488921204853
2025-11-29 06:45:00,136.92,137.12,136.43,137.04,11799,2025-11-29 06:59:59.999,1612616.3300,578,2928,401143.4100,0,50.0,-0.12442557715780822,-0.13118249229696338,0.006756915139155162,137.61389029109003,137.1465,136.67910970890998,0.48928571428571793,7876.1,0.17543859649121393,137.064,0.2896204412584356
2025-11-29 07:00:00,137.03,137.13,136.41,137.12,11572,2025-11-29 07:14:59.999,1585576.7900,544,8977,1230478.5000,0,51.178451178451056,-0.11605456726198327,-0.12815690728996737,0.012102340027984104,137.5571258211694,137.12600000000003,136.69487417883067,0.5235714285714315,7985.75,0.1826550741579601,137.06,0.28844410202797616
2025-11-29 07:15:00,137.12,137.43,136.99,137.42,5058,2025-11-29 07:29:59.999,694720.4300,539,3953,542954.0100,0,60.26490066225122,-0.08424190062268622,-0.11937390595651114,0.03513200533382492,137.57376166809198,137.131,136.68823833190802,0.5214285714285742,7908.15,0.19686474662776654,137.044,0.25861167799366924
2025-11-29 07:30:00,137.43,137.46,136.41,137.39,72798,2025-11-29 07:44:59.999,10005096.4400,649,67331,9254488.8100,0,58.72483221476474,-0.06075058743661543,-0.107649242252532,0.04689865481591657,137.60057291500465,137.15400000000002,136.7074270849954,0.5621428571428595,11252.5,0.2042155933192128,137.178,0.21936271331952942
2025-11-29 07:45:00,137.39,137.46,136.98,137.22,5834,2025-11-29 07:59:59.999,800300.8100,591,1231,169172.8400,0,51.21951219512183,-0.05521465160779826,-0.09716232412358525,0.04194767251578699,137.60503711988937,137.1575,136.70996288011062,0.5642857142857167,11162.9,-0.13827232370278564,137.238,0.1655898547465958
2025-11-29 08:00:00,137.2,137.46,137.03,137.32,4121,2025-11-29 08:14:59.999,565491.6100,605,537,73805.1100,0,53.58361774743992,-0.04227094517088403,-0.08618404833304501,0.043913103162160974,137.6197583787305,137.1665,136.71324162126953,0.5628571428571446,10380.4,0.0,137.294,0.1240161279636028
2025-11-29 08:15:00,137.32,137.46,137.05,137.05,4874,2025-11-29 08:29:59.999,668937.8700,582,684,94017.8300,0,43.79310344827613,-0.05318660599473901,-0.07958455986538382,0.026397953870644808,137.61969252955004,137.16699999999997,136.7143074704499,0.5650000000000018,10250.15,-0.2765044022411376,137.27999999999997,0.14983324062124395
2025-11-29 08:30:00,137.05,137.46,136.76,136.76,8783,2025-11-29 08:44:59.999,1204321.7000,597,3216,442067.6800,0,40.9677419354839,-0.08426654987675875,-0.08052095786765881,-0.003745592009099935,137.63833622971114,137.1525,136.66666377028886,0.5835714285714317,10413.9,-0.43680838672104155,137.148,0.2517339865708854
2025-11-29 08:45:00,136.76,137.46,136.74,136.93,6092,2025-11-29 08:59:59.999,834319.7100,517,1542,211950.1700,0,42.088607594936775,-0.09409537713614213,-0.08323584172135548,-0.010859535414786653,137.62817172256842,137.159,136.68982827743156,0.6035714285714319,10388.95,-0.15312819017061363,137.05599999999998,0.2236738697182405
2025-11-29 09:00:00,136.92,137.46,136.74,137.03,3371,2025-11-29 09:14:59.999,461582.1400,642,600,82239.4700,0,44.827586206896406,-0.09274650530647932,-0.08513797443838025,-0.007608530868099067,137.62062168331508,137.167,136.71337831668492,0.6421428571428598,10266.95,-0.34181818181818097,137.01799999999997,0.2041323100214043
2025-11-29 09:15:00,137.03,137.46,136.65,136.65,6306,2025-11-29 09:29:59.999,862887.6900,752,1344,184436.3900,0,42.68656716417938,-0.12094614697491579,-0.09229960894568737,-0.028646538029228424,137.65126572527714,137.142,136.63273427472285,0.6721428571428589,10222.05,-0.051199531889989165,136.88400000000001,0.17401149385737902
2025-11-29 09:30:00,136.65,137.46,136.62,136.71,8498,2025-11-29 09:44:59.999,1162715.9300,724,2081,285637.3000,0,37.04918032786891,-0.13687525486923846,-0.1012147381303976,-0.03566051673884087,137.66673943553437,137.12199999999999,136.5772605644656,0.7035714285714302,10407.75,-0.15337423312881943,136.816,0.15868207206352913
2025-11-29 09:45:00,136.72,137.46,136.58,136.61,10105,2025-11-29 09:59:59.999,1381017.8700,814,2484,339810.2200,0,47.679324894515055,-0.15577270116972386,-0.11212633073826285,-0.04364637043146101,137.65447753345492,137.082,136.50952246654506,0.7100000000000019,10363.7,-0.3137769994162131,136.786,0.18406520582209018
2025-11-29 10:00:00,136.62,137.46,136.54,136.68,7320,2025-11-29 10:14:59.999,1000109.6800,708,2093,286180.4300,0,44.64285714285753,-0.1632191596539201,-0.12234489652139431,-0.040874263132525776,137.63780591139303,137.05,136.462194088607,0.70071428571429,10445.75,-0.3208868144690765,136.73600000000002,0.16846364591286092
2025-11-29 10:15:00,136.68,137.46,136.54,136.91,5615,2025-11-29 10:29:59.999,768039.5400,616,1851,253560.0300,0,47.23404255319155,-0.14884565379790615,-0.12764504797669668,-0.021200605821209473,137.58649070167306,137.024,136.46150929832694,0.7171428571428626,10524.25,-0.37112501819239624,136.71200000000002,0.11670475566239248
2025-11-29 10:30:00,136.9,137.46,136.8,136.82,8498,2025-11-29 10:44:59.999,1165543.0900,557,4558,626384.5300,0,43.64406779660981,-0.14306760044860312,-0.13072955847107798,-0.012338041977525138,137.54318678123423,136.99699999999999,136.45081321876575,0.7128571428571482,10674.35,-0.4148773564305941,136.746,0.11886967651284278
2025-11-29 10:45:00,136.82,137.46,136.8,136.84,3487,2025-11-29 10:59:59.999,477522.9000,610,413,56765.7400,0,36.05769230769258,-0.13531479397326507,-0.1316466055715154,-0.003668188401749678,137.52812896105254,136.982,136.43587103894745,0.7285714285714339,10604.8,-0.2769275615799413,136.772,0.12316655387850625
2025-11-29 11:00:00,136.84,137.46,136.62,136.88,15342,2025-11-29 11:14:59.999,2098578.1500,725,3597,493216.2500,0,37.79904306220103,-0.12450772572080382,-0.13021882960137307,0.0057111038805692516,137.44080769587922,136.951,136.46119230412077,0.7135714285714333,11049.0,-0.3204194581998236,136.826,0.0887693640530919
2025-11-29 11:15:00,136.88,136.9,136.62,136.9,8330,2025-11-29 11:29:59.999,1139558.5100,524,6585,901033.0800,0,41.75257731958779,-0.11302631639799188,-0.12678032696069683,0.01375401056270495,137.43841844709567,136.96,136.48158155290434,0.6992857142857177,11267.25,-0.10944910616563712,136.86999999999998,0.03872983339051913
2025-11-29 11:30:00,136.9,137.22,136.62,137.22,5771,2025-11-29 11:44:59.999,790376.0800,631,4276,585936.1000,0,47.68518518518532,-0.07721579551659374,-0.11686742067187621,0.03965162515528246,137.4667637430133,136.975,136.4832362569867,0.7114285714285741,10678.7,0.33635565954958174,136.932,0.16407315439933212
2025-11-29 11:45:00,137.22,137.28,136.62,137.27,4939,2025-11-29 11:59:59.999,677658.2300,558,2553,350448.8200,0,55.6701030927834,-0.04429056353811234,-0.10235204924512344,0.0580614857070111,137.49513180768068,136.9865,136.47786819231933,0.7292857142857169,10335.7,0.24830205214343343,137.022,0.2054750593008283
2025-11-29 12:00:00,137.25,137.34,137.07,137.12,44225,2025-11-29 12:14:59.999,6069696.7900,858,11244,1543726.0000,0,60.00000000000032,-0.02995551781665995,-0.08787274295943075,0.0579172251427708,137.49513180768065,136.98649999999998,136.4778681923193,0.6985714285714307,11968.35,0.06567904838356814,137.07800000000003,0.18005554697026038
2025-11-29 12:15:00,137.07,137.14,136.85,136.85,5333,2025-11-29 12:29:59.999,730552.8900,603,903,123829.3700,0,47.89473684210493,-0.039921444754895674,-0.07828248331852374,0.03836103856362806,137.42666439568697,136.95800000000003,136.48933560431308,0.6678571428571445,11982.1,0.14635931211122474,137.072,0.18860010603059404
2025-11-29 12:30:00,136.85,137.14,136.83,137.14,4256,2025-11-29 12:44:59.999,582879.9200,574,994,136231.1000,0,52.63157894736806,-0.024140658797648484,-0.06745411841434869,0.0433134596167002,137.3775562828777,136.94549999999998,136.51344371712227,0.6385714285714285,8555.0,0.3145344159168886,137.12,0.16263455965697854
2025-11-29 12:45:00,137.01,137.14,136.83,136.88,12915,2025-11-29 12:59:59.999,1768605.7000,723,5524,756659.2400,0,55.83756345177639,-0.032242428673924906,-0.06041178046626393,0.028169351792339023,137.34141135788315,136.9285,136.51558864211688,0.6028571428571406,8909.05,0.19764292511527834,137.052,0.1804716044000353
2025-11-29 13:00:00,136.89,136.97,136.67,136.67,5220,2025-11-29 13:14:59.999,714278.4500,635,1103,151056.9900,0,49.05660377358442,-0.05497467084282448,-0.05932435854157605,0.004349687698751568,137.28051062540317,136.89600000000002,136.51148937459686,0.5642857142857126,8964.0,-0.007316359379586864,136.93200000000002,0.197914122776896
2025-11-29 13:15:00,136.67,136.97,136.63,136.88,6985,2025-11-29 13:29:59.999,955780.1700,635,3116,426789.4400,0,56.05381165919237,-0.055406203358671746,-0.05854072750499519,0.003134524146323446,137.26513112047766,136.8875,136.50986887952232,0.5257142857142847,9069.55,-0.02191220509824055,136.88399999999996,0.16772000475339371
2025-11-29 13:30:00,136.88,136.97,136.66,136.68,5864,2025-11-29 13:44:59.999,802339.5200,628,1817,248866.8100,0,50.0,-0.07106730486415813,-0.06104604297682779,-0.010021261887330345,137.26844155399922,136.8835,136.49855844600077,0.4821428571428551,8923.6,-0.10232422160501853,136.85,0.1918332609179874
2025-11-29 13:45:00,136.7,136.98,136.66,136.82,4060,2025-11-29 13:59:59.999,555508.9000,567,979,134094.6000,0,48.017621145374385,-0.07135942365206915,-0.06310871911187607,-0.008250704540193082,137.26328731588882,136.878,136.49271268411115,0.4392857142857106,8822.0,-0.014615609470922416,136.786,0.10430723845610845
2025-11-29 14:00:00,136.98,136.98,136.53,136.72,4132,2025-11-29 14:14:59.999,564839.9200,602,530,72585.5000,0,47.80701754385977,-0.07875228682036095,-0.06623743265357304,-0.012514854166787909,137.24698187965737,136.8625,136.47801812034265,0.42428571428571005,8860.05,-0.11689070718877602,136.754,0.09208691543479479
2025-11-29 14:15:00,136.7,136.78,136.53,136.69,8100,2025-11-29 14:29:59.999,1106781.6600,533,3329,455141.4200,0,46.72489082969419,-0.08604011651831911,-0.07019796942652226,-0.01584214709179685,137.244720157825,136.86450000000002,136.48427984217506,0.394999999999996,8949.75,-0.15339663988313218,136.75799999999998,0.0878635305135208
2025-11-29 14:30:00,136.53,136.76,136.5,136.55,6439,2025-11-29 14:44:59.999,879706.7100,650,2168,296488.3300,0,43.096234309623725,-0.10193753162050712,-0.07654588186531924,-0.025391649755187873,137.2566197189206,136.8565,136.45638028107942,0.3535714285714237,8846.8,-0.4882670164698932,136.692,0.09679876029274488
2025-11-29 14:45:00,136.55,136.76,136.5,136.5,10004,2025-11-29 14:59:59.999,1367216.2500,653,3915,535414.8600,0,41.73553719008249,-0.11721969408952759,-0.08468064431016092,-0.03253904977936667,137.2680523127551,136.851,136.4339476872449,0.35214285714285154,8841.75,-0.5609382967873608,136.656,0.13011533343216897
2025-11-29 15:00:00,136.5,136.78,136.5,136.78,6307,2025-11-29 15:14:59.999,862331.9700,553,3768,515345.9100,0,40.756302521008436,-0.10552087899725393,-0.08884869124757953,-0.016672187749674397,137.26677077741041,136.856,136.44522922258957,0.3292857142857092,8791.1,-0.24795799299883564,136.648,0.1181947545120125
2025-11-29 15:15:00,136.78,137.43,136.76,137.17,53976,2025-11-29 15:29:59.999,7401434.3300,1005,50725,6955665.1100,0,48.161764705881914,-0.06404151242642797,-0.08388725548334923,0.01984574305692126,137.30277898810533,136.869,136.43522101189467,0.32999999999999624,11209.15,0.23383266350017773,136.738,0.265838296703606
2025-11-29 15:30:00,137.15,137.45,137.0,137.08,6447,2025-11-29 15:44:59.999,884931.5500,594,3733,512837.1400,0,49.248120300752014,-0.03799310257832644,-0.07470842490234468,0.03671532232401824,137.3250801281883,136.882,136.43891987181172,0.3428571428571376,11106.6,-0.04375091147730338,136.81599999999997,0.3028696088985851
2025-11-29 15:45:00,137.12,137.49,137.05,137.49,9126,2025-11-29 15:59:59.999,1253985.5900,579,6523,896610.4500,0,61.428571428572,0.015554718272198897,-0.056655796267435964,0.07221051453963487,137.43346557029648,136.9145,136.39553442970353,0.3535714285714237,11388.55,0.44564582115722795,137.004,0.3787215335766422
2025-11-29 16:00:00,137.49,137.52,137.19,137.3,64493,2025-11-29 16:14:59.999,8858513.8300,1212,6317,867610.7500,0,52.96296296296351,0.04217418226312475,-0.036889800561323814,0.07906398282444857,137.48185538848034,136.9355,136.38914461151964,0.3549999999999979,13846.1,0.46096436672278035,137.16400000000002,0.26425366600080397
2025-11-29 16:15:00,137.29,137.66,136.99,137.11,14534,2025-11-29 16:29:59.999,1997003.7600,1108,8800,1210486.9000,0,54.37262357414493,0.04739257505073624,-0.0200333254389118,0.06742590048964804,137.49752992951704,136.946,136.39447007048295,0.38071428571428456,14156.3,0.1680303915838824,137.23,0.1680773631247084
2025-11-29 16:30:00,137.11,137.66,137.03,137.33,15992,2025-11-29 16:44:59.999,2196637.6300,1198,5825,801737.8000,0,62.5000000000008,0.06849083065296213,-0.002328494220537009,0.07081932487349914,137.51656264207506,136.9515,136.38643735792496,0.40428571428571203,14667.35,0.4755633596722313,137.262,0.16902662510681152
2025-11-29 16:45:00,137.33,137.71,137.12,137.59,7134,2025-11-29 16:59:59.999,980917.2300,1265,1509,207761.5600,0,63.19702602230541,0.10498102144498489,0.019133408912567377,0.08584761253241752,137.58611900526847,136.96750000000003,136.3488809947316,0.4221428571428549,14777.1,0.5627832188276642,137.36399999999998,0.18487833836103665
2025-11-29 17:00:00,137.6,137.81,137.11,137.16,8373,2025-11-29 17:14:59.999,1151162.6900,1276,2977,410029.4100,0,58.2191780821918,0.09807184304619909,0.03492109573929373,0.06315074730690537,137.5904491885267,136.9695,136.34855081147333,0.44999999999999674,12984.5,0.3218256290228187,137.298,0.18753666306898212
2025-11-29 17:15:00,137.16,137.81,136.91,136.95,8382,2025-11-29 17:29:59.999,1149743.3100,1123,1628,224054.0100,0,52.173913043478215,0.07478890449391429,0.04289465749021785,0.03189424700369644,137.59300328680172,136.97449999999998,136.35599671319824,0.49142857142856905,13136.95,0.19021142731728063,137.228,0.24355697484358232
2025-11-29 17:30:00,136.95,137.81,136.5,136.74,54612,2025-11-29 17:44:59.999,7465724.1000,1572,4855,664026.9600,0,50.322580645161466,0.03894285401000275,0.04210429679417483,-0.003161442784172082,137.57633006647643,136.9545,136.33266993352356,0.5528571428571415,15654.75,0.13914317099963217,137.154,0.3294389169403946
2025-11-29 17:45:00,136.74,136.86,136.12,136.14,80136,2025-11-29 17:59:59.999,10936017.1300,1412,3128,427213.6100,0,42.50681198910058,-0.0374486995487473,0.026193697525590403,-0.0636423970743377,137.63819776130714,136.9175,136.19680223869284,0.5878571428571421,19015.8,-0.26373626373627373,136.916,0.5357518082046568
2025-11-29 18:00:00,136.14,136.32,135.78,135.93,21713,2025-11-29 18:14:59.999,2952545.6100,1245,3144,427925.1800,0,41.7112299465239,-0.11362500276939613,-0.0017700425334069131,-0.11185496023598922,137.72076249031295,136.8805,136.04023750968707,0.6078571428571422,19840.45,-0.6214358824389489,136.584,0.5279488611543045
2025-11-29 18:15:00,135.93,136.01,135.21,135.28,17459,2025-11-29 18:29:59.999,2367436.9700,1194,2988,406359.3400,0,35.94470046082934,-0.223864271642924,-0.04618888835531035,-0.17767538328761365,137.90430156492567,136.8005,135.69669843507432,0.6464285714285702,20364.15,-1.3778523000656022,136.208,0.666460801543235
2025-11-29 18:30:00,135.21,136.01,134.76,135.71,78325,2025-11-29 18:44:59.999,10592406.3500,1656,26814,3636019.1200,0,38.084632516703735,-0.2733809151005744,-0.09162729370436318,-0.1817536213962112,137.9585540317676,136.752,135.54544596823243,0.7157142857142844,23987.2,-0.9994163991829621,135.96,0.5400462943057164
2025-11-29 18:45:00,135.71,135.84,135.52,135.61,11893,2025-11-29 18:59:59.999,1614039.0800,993,6791,922177.3400,0,31.42857142857156,-0.3170377620819522,-0.136709387379881,-0.18032837470207122,138.00067852909694,136.69150000000002,135.3823214709031,0.6907142857142828,24378.85,-1.3673721725216346,135.734,0.3260828115571945
2025-11-29 19:00:00,135.61,136.01,135.41,135.91,12817,2025-11-29 19:14:59.999,1738930.7600,1017,5005,680204.0000,0,36.734693877550754,-0.3236972545934975,-0.17410696082260432,-0.1495902937708932,138.0057872235331,136.651,135.29621277646692,0.701428571428569,24813.1,-1.0123816460306005,135.68800000000002,0.2649905658565772
2025-11-29 19:15:00,135.91,136.13,135.41,136.11,9540,2025-11-29 19:29:59.999,1296621.9000,1086,5074,690174.3900,0,33.571428571428584,-0.3092715321498929,-0.20113987508806205,-0.10813165706183084,137.99793757508192,136.622,135.2460624249181,0.721428571428569,24885.1,-0.7293414047115454,135.724,0.31381523225145674
2025-11-29 19:30:00,136.02,136.14,135.64,135.69,8010,2025-11-29 19:44:59.999,1088650.3500,1094,2626,357491.3400,0,31.82844243792313,-0.32794913955561356,-0.22650172798157236,-0.10144741157404119,138.0167745961971,136.579,135.1412254038029,0.7335714285714252,24963.65,-1.1942037428093022,135.80599999999998,0.20268201694560162
2025-11-29 19:45:00,135.69,136.14,135.57,135.63,8913,2025-11-29 19:59:59.999,1209998.9100,1051,1866,253969.2600,0,32.790697674418425,-0.34363160530588743,-0.24992770344643542,-0.09370390185945202,138.0346713500592,136.5355,135.03632864994083,0.7264285714285685,24909.1,-1.424522130968826,135.79000000000002,0.21494185258603485
2025-11-29 20:00:00,135.63,136.14,135.37,135.37,7459,2025-11-29 20:14:59.999,1011352.1600,1078,1044,142126.2700,0,27.41935483870961,-0.37274314849707935,-0.2744907924565642,-0.09825235604051513,138.0461321726424,136.465,134.88386782735762,0.7364285714285675,24966.7,-1.3050452026829922,135.74200000000002,0.28163806559670657
2025-11-29 20:15:00,135.37,136.14,135.34,135.67,9724,2025-11-29 20:29:59.999,1317157.3800,1151,2854,386969.4800,0,28.082191780821702,-0.3673719285073105,-0.2930670196667135,-0.07430490884059698,137.97262939106736,136.39,134.80737060893262,0.7514285714285661,22754.1,-0.9346476816356343,135.69400000000002,0.2658571044621404
2025-11-29 20:30:00,135.67,135.79,135.34,135.75,7278,2025-11-29 20:44:59.999,987296.8100,1064,4081,553800.4100,0,32.50620347394546,-0.3525953666520252,-0.30497268906377584,-0.04762267758824934,137.89578998262738,136.3235,134.7512100173726,0.7335714285714232,22795.65,-0.7240017551557767,135.622,0.14737706739142437
2025-11-29 20:45:00,135.75,136.23,135.34,136.17,154850,2025-11-29 20:59:59.999,21080614.8900,1067,151617,20641656.5600,0,40.80188679245278,-0.303495833954571,-0.3046773180419349,0.0011814840873638488,137.7313545954123,136.2575,134.78364540458767,0.7328571428571361,30081.85,0.022036139268401013,135.71800000000002,0.29003448069672627
2025-11-29 21:00:00,136.16,136.23,135.34,135.79,18168,2025-11-29 21:14:59.999,2469100.5700,1253,2424,329494.6600,0,39.229024943310456,-0.29188228743711875,-0.30211831192097166,0.010236024483852912,137.5839475175991,136.182,134.78005248240086,0.702857142857135,27765.6,-0.10299418818510613,135.75,0.2867054237245272
2025-11-29 21:15:00,135.79,136.09,135.72,136.05,15736,2025-11-29 21:29:59.999,2140133.8200,1181,8134,1106552.9500,0,48.8943488943492,-0.25871632036574965,-0.29343791360992727,0.03472159324417762,137.46166492017718,136.129,134.7963350798228,0.6764285714285633,27825.7,0.5691898285038515,135.886,0.21326040418520953
2025-11-29 21:30:00,136.05,136.14,135.99,136.0,6348,2025-11-29 21:44:59.999,863650.3600,1083,4532,616577.7800,0,50.895140664961545,-0.23377185818316093,-0.281504702524574,0.04773284434141306,137.26965193305196,136.0625,134.85534806694804,0.6485714285714194,27343.5,0.2136909586618466,135.952,0.17782013382438264
2025-11-29 21:45:00,136.0,136.4,135.98,136.38,9301,2025-11-29 21:59:59.999,1267569.7400,1108,7229,985421.4600,0,65.10989010988997,-0.18125101905798147,-0.26145396583125546,0.080202946773274,136.98780664272448,136.002,135.01619335727554,0.6214285714285646,27451.85,0.5678047341641337,136.078,0.21764650236904812
2025-11-29 22:00:00,136.38,136.4,135.59,135.59,9350,2025-11-29 22:14:59.999,1272432.3700,1179,643,87647.6000,0,48.49999999999994,-0.20105661781676076,-0.24937449622835653,0.048317878411595766,136.759739074351,135.9235,135.087260925649,0.5899999999999933,27500.7,-0.23544993010079698,135.962,0.29659737017265714
2025-11-29 22:15:00,135.59,136.33,135.54,135.54,13403,2025-11-29 22:29:59.999,1818562.9800,1201,6914,938299.3800,0,49.11392405063264,-0.21827118530222833,-0.2431538340431309,0.02488264874090257,136.55121124838143,135.853,135.15478875161858,0.6235714285714238,27751.75,-0.418778928807598,135.912,0.34924203640637735
2025-11-29 22:30:00,135.54,135.86,135.45,135.85,13488,2025-11-29 22:44:59.999,1829583.5800,1137,8340,1131808.8900,0,49.242424242424214,-0.20454161640563484,-0.23543139051563172,0.03088977410999688,136.36843514661888,135.8085,135.24856485338114,0.6099999999999974,25695.55,0.11791583757093124,135.87199999999999,0.3408372045320497
2025-11-29 22:45:00,135.85,135.87,135.41,135.75,13574,2025-11-29 22:59:59.999,1840659.8500,1326,2538,344679.4200,0,45.33678756476668,-0.19943108104328644,-0.22823132862116272,0.028800247577876276,136.32706280204587,135.789,135.2509371979541,0.5914285714285695,22367.45,0.08847600088476336,135.82199999999997,0.3356635219876593
2025-11-29 23:00:00,135.74,135.87,135.49,135.52,11396,2025-11-29 23:14:59.999,1546676.7700,1165,4514,613289.3500,0,47.683923705722236,-0.21150195982158948,-0.22488545486124809,0.013383495039658605,136.3151173490788,135.76850000000002,135.22188265092123,0.5828571428571406,21851.6,0.11080741670976264,135.65,0.14370107860744982
2025-11-29 23:15:00,135.52,136.0,135.32,135.91,83308,2025-11-29 23:29:59.999,11306230.6000,1526,16576,2252887.7200,0,53.500000000000036,-0.18743781117413505,-0.2173959261238255,0.029958114949690445,136.2985874784652,135.8,135.30141252153481,0.5907142857142844,25144.05,0.17689983047100252,135.714,0.17756688878567883
2025-11-29 23:30:00,135.91,136.04,135.89,135.96,8137,2025-11-29 23:44:59.999,1106248.9300,1148,2847,387137.4200,0,57.78364116094993,-0.16245948603813076,-0.20640863810668655,0.04394915206855579,136.3141131870991,135.8125,135.3108868129009,0.5464285714285718,21634.65,0.15469613259669093,135.798,0.17398275774665828
2025-11-29 23:45:00,135.96,136.09,135.85,135.86,6260,2025-11-29 23:59:59.999,851216.9300,1124,1206,164090.2200,0,52.64623955431791,-0.14901539100520722,-0.19492998868639072,0.0459145976811835,136.31774739978817,135.825,135.3322526002118,0.5064285714285737,21353.0,-0.22765660571342725,135.8,0.17478558290984803
2025-11-30 00:00:00,135.88,136.27,135.83,136.26,8571,2025-11-30 00:14:59.999,1165545.8400,1237,2765,376444.1400,0,56.52173913043471,-0.10487525511325657,-0.17691904197176392,0.07204378685850735,136.37148612060003,135.8425,135.31351387939998,0.5057142857142887,21140.7,0.3461226894469393,135.902,0.2642347441069411
2025-11-30 00:15:00,136.26,136.35,135.83,136.0,8365,2025-11-30 00:29:59.999,1138950.8300,1168,4827,657392.9200,0,47.73333333333348,-0.0898381087008886,-0.15950285531758887,0.06966474661670027,136.35647747025567,135.837,135.3175225297443,0.47928571428571687,21081.95,-0.0367511944138268,135.998,0.15562776099842282
2025-11-30 00:30:00,136.0,136.07,135.72,136.05,7321,2025-11-30 00:44:59.999,995202.3900,1167,3369,458188.9000,0,53.80116959064357,-0.07304446853504487,-0.14221117796108007,0.0691667094260352,136.3779672426071,135.85500000000002,135.33203275739294,0.4407142857142889,21047.5,0.0367647058823613,136.026,0.14825653440377165
2025-11-30 00:45:00,135.97,136.04,135.82,135.92,32787,2025-11-30 00:59:59.999,4455927.0900,1184,16564,2251633.1300,0,48.02431610942213,-0.069425012923233,-0.12765394495351065,0.05822893203027765,136.38218026354593,135.86950000000002,135.3568197364541,0.4307142857142899,22241.2,-0.3372928581903563,136.01799999999997,0.15368799560605675
2025-11-30 01:00:00,135.92,136.35,135.83,136.24,31665,2025-11-30 01:14:59.999,4311025.9200,1251,27178,3700301.1800,0,53.37078651685406,-0.040271023336515555,-0.11017736063011163,0.06990633729359608,136.3938807708646,135.913,135.43211922913542,0.4571428571428616,23451.5,0.47938638542665807,136.094,0.14993331849027905
2025-11-30 01:15:00,136.24,136.36,135.97,136.08,63850,2025-11-30 01:29:59.999,8697600.7900,1382,3153,429481.9000,0,45.508982035928405,-0.029734182226263783,-0.09408872494934206,0.06435454272307828,136.40564070159547,135.9335,135.46135929840455,0.4550000000000044,26157.8,0.3984063745020071,136.058,0.11840608089731697
2025-11-30 01:30:00,136.08,136.52,135.97,136.36,7401,2025-11-30 01:44:59.999,1008937.2600,1176,3833,522677.8300,0,63.60424028268563,0.0011962110336298792,-0.07503173775274768,0.07622794878637756,136.46420627323855,135.964,135.46379372676145,0.43642857142857644,26163.95,0.37541405962460017,136.13,0.17175564035441723
2025-11-30 01:45:00,136.37,136.52,135.97,136.26,7255,2025-11-30 01:59:59.999,988980.4200,1056,1351,184436.8000,0,62.49999999999988,0.01743858511434837,-0.05653767317932847,0.07397625829367685,136.47804158964374,135.9685,135.45895841035627,0.41928571428571865,18784.2,0.37569060773479995,136.172,0.17297398646504694
2025-11-30 02:00:00,136.29,136.62,135.96,136.59,8016,2025-11-30 02:14:59.999,1093595.8700,1090,2544,347420.4700,0,62.758620689655174,0.05629014788286213,-0.033972108966890346,0.09026225684975248,136.5807816752152,136.0085,135.4362183247848,0.4371428571428595,18276.6,0.7895513577331709,136.306,0.18782971009342392
2025-11-30 02:15:00,136.59,136.7,136.46,136.53,17223,2025-11-30 02:29:59.999,2351488.3500,1252,2820,385247.9900,0,63.636363636363455,0.0813015985090999,-0.010917367471692288,0.0922189659807922,136.65054019627215,136.0325,135.41445980372785,0.4214285714285718,18350.95,0.4561842395703073,136.36399999999998,0.2062280291179003
2025-11-30 02:30:00,136.53,136.53,135.87,135.87,8687,2025-11-30 02:44:59.999,1184164.4000,1186,2363,322585.1100,0,55.319148936170045,0.04732137779163281,0.0007303815809727349,0.046590996210660075,136.64819983251087,136.026,135.40380016748915,0.4414285714285719,18467.9,-0.06619593998235027,136.322,0.28490349242120805
2025-11-30 02:45:00,135.87,136.53,135.83,135.88,11196,2025-11-30 02:59:59.999,1521314.9100,1240,218,29742.4400,0,49.48453608247422,0.020957143579465765,0.004775733980671343,0.01618140959879442,136.6031680129226,136.001,135.39883198707741,0.44285714285714206,18562.65,0.01472103636094642,136.226,0.343700450965198
2025-11-30 03:00:00,135.88,136.53,135.51,135.59,13158,2025-11-30 03:14:59.999,1786651.9700,1220,395,53887.5000,0,44.12698412698412,-0.023071326456602037,-0.000793678106783335,-0.022277648349818702,136.6031680129226,136.001,135.39883198707741,0.5049999999999996,18753.05,-0.49170703067663846,136.092,0.44330576354645346
2025-11-30 03:15:00,135.58,136.53,135.25,135.64,60281,2025-11-30 03:29:59.999,8165322.5500,1460,14812,2008650.8300,0,46.45161290322539,-0.05331504142552035,-0.011297950770530741,-0.04201709065498961,136.59353364965028,136.00600000000003,135.41846635034977,0.5792857142857132,21096.95,-0.2647058823529512,135.902,0.3747932763447821
2025-11-30 03:30:00,135.64,136.13,135.61,136.13,31926,2025-11-30 03:44:59.999,4340799.4700,1421,27097,3685107.5500,0,47.96238244514117,-0.03731436179802472,-0.01650123297602954,-0.02081312882199518,136.60522150552075,136.02,135.43477849447927,0.5849999999999979,22018.85,0.05880191106209782,135.822,0.21649480361696688
2025-11-30 03:45:00,136.07,136.4,136.07,136.35,16069,2025-11-30 03:59:59.999,2189896.2100,1155,10293,1402680.4400,0,55.55555555555535,-0.0068031243486075255,-0.014561611250545137,0.007758486901937612,136.63845023936446,136.05,135.46154976063556,0.5714285714285714,22143.6,0.31636256621542586,135.918,0.32321819254687373
2025-11-30 04:00:00,136.36,136.79,136.21,136.58,15461,2025-11-30 04:14:59.999,2111475.4400,1333,11099,1516571.3700,0,57.95795795795781,0.03552679814711723,-0.00454392937101266,0.040070727518129894,136.68131333703016,136.103,135.52468666296986,0.5878571428571421,22346.85,0.24955960070464134,136.058,0.43493677700723793
2025-11-30 04:15:00,136.58,136.59,136.21,136.41,7186,2025-11-30 04:29:59.999,980647.8300,1089,3016,411733.8400,0,57.2700296735905,0.054725149981067034,0.007309886499403282,0.04741526348166375,136.71435717514115,136.128,135.54164282485883,0.5985714285714262,18540.75,0.2425044091710641,136.222,0.36300137739910343
2025-11-30 04:30:00,136.41,136.55,136.19,136.23,8405,2025-11-30 04:44:59.999,1145858.9500,1081,1742,237866.1000,0,49.8452012383898,0.05478397093381204,0.01680470338628504,0.03797926754752701,136.723991020936,136.1415,135.559008979064,0.5871428571428571,18554.15,-0.09533587562336746,136.34,0.17233687937812234
2025-11-30 04:45:00,136.23,136.55,136.19,136.31,6137,2025-11-30 04:59:59.999,836503.1300,1028,512,69907.9400,0,53.65079365079342,0.06058750335057539,0.025561263379143117,0.03502623997143227,136.73536586121833,136.164,135.59263413878165,0.5849999999999999,18548.0,0.036694554528116374,136.376,0.1314534137777899
2025-11-30 05:00:00,136.28,136.55,135.9,135.94,8041,2025-11-30 05:14:59.999,1094211.4500,1255,874,119252.2500,0,43.518518518518405,0.03492830506340283,0.027434671715995063,0.007493633347407769,136.72593097384004,136.148,135.57006902615996,0.5921428571428565,18521.5,-0.4758767113258699,136.294,0.23712865704872566
2025-11-30 05:15:00,135.93,136.55,135.6,135.67,31442,2025-11-30 05:29:59.999,4269149.1700,1399,3116,425230.7200,0,41.34897360703822,-0.007111560319032151,0.02052542530898962,-0.02763698562802177,136.74497242892411,136.13150000000002,135.51802757107592,0.6207142857142856,19675.35,-0.6298981908738106,136.11200000000002,0.30285309969274327
2025-11-30 05:30:00,135.67,135.97,135.51,135.8,60994,2025-11-30 05:44:59.999,8272020.4200,1543,13234,1795227.3500,0,37.69470404984462,-0.029597362993911247,0.010500867648409443,-0.04009823064232069,136.74941840742355,136.11899999999997,135.4885815925764,0.6064285714285721,22359.0,-0.05151983513652254,135.98999999999998,0.2743173344747684
2025-11-30 05:45:00,135.79,135.87,135.7,135.7,18292,2025-11-30 05:59:59.999,2484596.3900,1209,12734,1729855.3200,0,37.230769230769376,-0.05485436095293039,-0.0025701780718585276,-0.05228418288107187,136.7603350769574,136.108,135.4556649230426,0.6014285714285746,21634.25,-0.13246982631734386,135.88400000000001,0.26044193209466343
2025-11-30 06:00:00,135.7,135.89,135.5,135.62,12073,2025-11-30 06:14:59.999,1639431.1800,1306,7802,1059748.1900,0,45.318352059925225,-0.08039925267635795,-0.018135992992758417,-0.062263259683599526,136.76107755792796,136.077,135.39292244207203,0.5821428571428596,20654.65,0.022125525481231017,135.746,0.1268069398456057
2025-11-30 06:15:00,135.62,136.05,135.5,136.05,8092,2025-11-30 06:29:59.999,1098819.5300,1144,5052,686406.2700,0,52.75080906148886,-0.06519483163145878,-0.02754776072049849,-0.03764707091096029,136.759681416383,136.0755,135.39131858361702,0.5714285714285755,17866.75,0.30227071660279053,135.76799999999997,0.1707922714675285
2025-11-30 06:30:00,136.05,136.35,135.5,136.29,155358,2025-11-30 06:44:59.999,21150821.1500,1225,150903,20544414.4700,0,61.513157894736366,-0.03339427575147624,-0.028717063726694046,-0.004677212024782197,136.75074807356333,136.072,135.39325192643668,0.5592857142857172,25264.6,0.11753470946888753,135.892,0.27508180600178195
2025-11-30 06:45:00,136.27,136.35,135.9,136.25,33331,2025-11-30 06:59:59.999,4541881.0300,1261,3812,519697.4900,0,60.06600660066001,-0.01128963196228483,-0.025231577373812205,0.013941945411527375,136.74967945148654,136.07150000000001,135.3933205485135,0.500000000000002,26568.4,-0.07334066740006917,135.98200000000003,0.3089822001237703
2025-11-30 07:00:00,136.25,136.36,136.15,136.34,7709,2025-11-30 07:14:59.999,1050510.3400,1107,2616,356656.9800,0,53.99239543726239,0.013336965102894283,-0.01751786887847091,0.030854833981365192,136.7054119592413,136.059,135.4125880407587,0.47785714285714675,26553.05,-0.1757211890467192,136.10999999999999,0.29521178837149425
2025-11-30 07:15:00,136.32,136.37,136.14,136.33,10459,2025-11-30 07:29:59.999,1425758.8100,1084,5217,711397.0700,0,49.58677685950452,0.031681598528876975,-0.0076779753970013295,0.039359573925878306,136.6704380605945,136.049,135.4275619394055,0.47071428571429,26214.85,-0.05864672677954994,136.252,0.11840608089826228
2025-11-30 07:30:00,136.31,136.4,136.14,136.24,9431,2025-11-30 07:44:59.999,1285659.9800,1180,3688,502969.2600,0,42.54385964912292,0.038513643537498865,0.001560348389898712,0.03695329514760015,136.68853055268315,136.0675,135.44646944731684,0.44785714285714967,26252.05,0.007340527049856366,136.29000000000002,0.045276925621527866
2025-11-30 07:45:00,136.24,136.52,136.24,136.44,23235,2025-11-30 07:59:59.999,3170376.8100,1182,18095,2469203.3400,0,50.649350649350666,0.059381899387119574,0.013124658589342888,0.04625724079777668,136.73125814666435,136.0955,135.45974185333563,0.44071428571429294,26854.0,0.09537084586603731,136.32000000000002,0.08093207024275618
2025-11-30 08:00:00,136.44,136.59,136.37,136.54,7174,2025-11-30 08:14:59.999,978936.1000,1091,1304,178058.6900,0,56.9506726457399,0.083032163663745,0.027106159604223315,0.05592600405952168,136.76145648274553,136.143,135.52454351725447,0.4307142857142919,26554.8,0.4413711931734547,136.37800000000001,0.1149782587877245
2025-11-30 08:15:00,136.55,136.79,136.37,136.53,84243,2025-11-30 08:29:59.999,11509347.6900,1401,41580,5681732.8100,0,55.092592592592574,0.09981761671619438,0.04164845102661753,0.05816916568957685,136.78114618205709,136.1875,135.59385381794291,0.4350000000000043,27752.9,0.633891059187745,136.416,0.12973048983916377
2025-11-30 08:30:00,136.53,136.58,136.09,136.56,61702,2025-11-30 08:44:59.999,8405813.0000,1232,4376,596727.0700,0,67.03296703296724,0.11422425239302925,0.056163611299899885,0.05806064109312936,136.82461778982994,136.209,135.59338221017006,0.4235714285714331,29241.7,0.5596465390279756,136.462,0.1323631368394273
2025-11-30 08:45:00,136.56,136.81,136.09,136.73,25800,2025-11-30 08:59:59.999,3526008.4300,1112,21542,2944171.1900,0,80.81395348837269,0.13777105524647482,0.07248510008921487,0.06528595515725995,136.8840680324136,136.228,135.5719319675864,0.4071428571428604,29728.25,0.7590272660280039,136.56,0.10559356038182355
2025-11-30 09:00:00,136.73,136.92,136.66,136.85,26192,2025-11-30 09:14:59.999,3580756.1500,1196,6465,884303.1400,0,80.70175438596529,0.16422201411745618,0.09083248289486315,0.07338953122259304,136.93793528433034,136.2415,135.54506471566967,0.3928571428571449,30264.8,0.9069458781890501,136.642,0.14202112516884743
2025-11-30 09:15:00,136.81,136.88,136.48,136.59,6885,2025-11-30 09:29:59.999,940697.0800,1031,589,80595.9700,0,73.79679144385169,0.16233348315745388,0.1051326829473813,0.05720080021007258,136.96062156112603,136.25050000000002,135.540378438874,0.4092857142857156,30249.75,0.3969128996692333,136.652,0.1346105493423121
2025-11-30 09:30:00,136.59,136.88,136.43,136.72,7637,2025-11-30 09:44:59.999,1042845.3400,1151,1041,142344.2200,0,78.64583333333422,0.16937428103031493,0.11798100256396804,0.05139327846634689,137.01531287837767,136.275,135.53468712162234,0.41357142857143003,30211.35,0.31550370533421884,136.69,0.11726039397125868
2025-11-30 09:45:00,136.73,136.88,136.61,136.74,7919,2025-11-30 09:59:59.999,1082666.8200,1108,1477,202135.4900,0,72.84768211920623,0.17455582601868969,0.12929596725491238,0.045259858763777305,137.06551235360496,136.2965,135.52748764639506,0.3935714285714279,30300.45,0.35963302752294246,136.72600000000003,0.09235799908155609
2025-11-30 10:00:00,136.74,136.88,136.54,136.61,5899,2025-11-30 10:14:59.999,806045.6800,1043,1341,183259.6800,0,61.42857142857262,0.1662558304851416,0.13668793990095823,0.029567890584183354,137.09196422073555,136.32999999999998,135.56803577926442,0.35714285714285715,30193.35,0.1980343259498388,136.702,0.10568822069801441
2025-11-30 10:15:00,136.61,136.84,136.54,136.84,19174,2025-11-30 10:29:59.999,2621752.6600,1072,15866,2169839.3900,0,68.55345911949759,0.17620590999038654,0.1445915339188439,0.03161437607154263,137.11598376722492,136.3885,135.66101623277507,0.34642857142857303,29579.95,0.3740922760947633,136.7,0.10222524147347548
2025-11-30 10:30:00,136.84,136.85,136.53,136.56,9483,2025-11-30 10:44:59.999,1296423.7100,1171,1438,196772.8100,0,56.17977528089904,0.1596573294319228,0.1476046930214597,0.012052636410463086,137.10209798073686,136.4265,135.75090201926315,0.35428571428571487,27004.4,0.23487962419259625,136.69400000000002,0.1108151613918474
2025-11-30 10:45:00,136.59,136.68,136.52,136.61,7533,2025-11-30 10:59:59.999,1029013.3900,1075,3613,493600.7800,0,57.69230769230787,0.14886106455639947,0.14785596732844766,0.0010050972279518067,137.05824945292025,136.472,135.88575054707977,0.3492857142857133,26466.45,0.12459689240693046,136.672,0.11519548599779107
2025-11-30 11:00:00,136.6,136.75,136.52,136.6,9081,2025-11-30 11:14:59.999,1240835.0400,1116,3546,484667.9400,0,60.344827586206584,0.13790830928860487,0.1458664357204791,-0.00795812643187424,136.95019263249273,136.52100000000002,136.0918073675073,0.34714285714285403,26316.85,0.043943166837558424,136.644,0.11148990983144774
2025-11-30 11:15:00,136.59,136.75,136.35,136.37,6329,2025-11-30 11:29:59.999,863958.3700,1020,634,86599.6300,0,48.022598870056676,0.10940790776211884,0.13857473012880706,-0.029166822366688216,136.91279949860848,136.53699999999998,136.16120050139148,0.35571428571428293,26228.7,-0.11719036109279761,136.596,0.16742162343661002
2025-11-30 11:30:00,136.37,136.47,136.2,136.43,40448,2025-11-30 11:44:59.999,5512356.8800,1199,3234,440938.4400,0,46.82080924855532,0.09061804436944954,0.12898339297693556,-0.03836534860748603,136.9053658300869,136.544,136.18263416991311,0.3592857142857123,20483.2,-0.09519625073227551,136.514,0.10784247768862926
2025-11-30 11:45:00,136.42,136.49,136.2,136.37,7457,2025-11-30 11:59:59.999,1017108.2600,1045,1897,258912.2100,0,45.50561797752819,0.0700776323737955,0.11720224085630755,-0.047124608482512056,136.89439878964984,136.55,136.20560121035018,0.3500000000000004,19189.5,-0.2632926204929315,136.476,0.12033287162684739
2025-11-30 12:00:00,136.37,136.69,136.19,136.19,8727,2025-11-30 12:14:59.999,1190299.4600,1082,3074,419751.5200,0,40.41450777202064,0.03882713713647945,0.10152722011234193,-0.06270008297586248,136.91178807753167,136.54250000000002,136.17321192246837,0.3507142857142855,19240.4,-0.48227986846912435,136.392,0.14703741018471927
2025-11-30 12:15:00,136.69,136.91,136.19,136.91,10495,2025-11-30 12:29:59.999,1435799.0400,1067,5788,791984.5800,0,53.62903225806463,0.07133655383503879,0.09548908685688132,-0.02415253302184253,136.9610625076478,136.5715,136.18193749235218,0.3507142857142855,19242.2,0.23427776557580585,136.454,0.27033312781442354
2025-11-30 12:30:00,136.92,137.31,136.84,137.31,30291,2025-11-30 12:44:59.999,4147275.8700,1256,7972,1092446.7900,0,58.333333333333414,0.12790277428163677,0.10197182434183243,0.02593094993980434,137.1060295975099,136.625,136.1439704024901,0.36571428571428605,20285.2,0.4315389116442389,136.642,0.4586065852059143
2025-11-30 12:45:00,137.32,137.49,136.84,137.49,14118,2025-11-30 12:59:59.999,1937980.7100,1234,5931,815179.2000,0,66.79104477611929,0.18512243105001858,0.11860194568346967,0.0665204853665489,137.2858584469671,136.6775,136.06914155303292,0.3835714285714289,19829.35,0.5484861781483106,136.85399999999998,0.5680492936309072
2025-11-30 13:00:00,137.48,137.68,137.34,137.54,19138,2025-11-30 13:14:59.999,2631302.1800,1240,9304,1279656.6800,0,65.76923076923049,0.2318315931215409,0.14124787517108392,0.09058371795045697,137.44318517041646,136.72750000000002,136.01181482958359,0.3757142857142871,20427.55,0.6807700753971,137.08800000000002,0.5597499441669873
2025-11-30 13:15:00,137.54,139.01,137.54,139.01,112070,2025-11-30 13:29:59.999,15507788.2100,1770,106405,14722681.2100,0,78.0246913580244,0.3830500922587987,0.1896083185886269,0.19344177367017182,138.09087632872598,136.8515,135.612123671274,0.461428571428574,21818.9,1.5857936275942615,137.652,0.7985111145098948
2025-11-30 13:30:00,139.01,139.97,138.87,138.96,597643,2025-11-30 13:44:59.999,83326347.4600,1611,568513,79271774.1200,0,79.59697732997475,0.49317227714118417,0.2503211102991384,0.24285116684204577,138.51858928738886,136.9715,135.42441071261112,0.5157142857142877,48615.95,1.757469244288229,138.06199999999998,0.8470950359885773
2025-11-30 13:45:00,138.96,139.2,138.85,139.19,36843,2025-11-30 13:59:59.999,5121838.0400,1536,16893,2350351.7500,0,79.59697732997475,0.5921777236770254,0.31869243297471583,0.27348529070230954,138.9258006594381,137.09449999999998,135.26319934056187,0.519285714285715,49168.1,1.8885879511016643,138.43800000000002,0.8470950359889313
2025-11-30 14:00:00,139.2,139.28,139.02,139.24,78564,2025-11-30 14:14:59.999,10931718.7500,1459,22146,3082653.8900,0,85.8288770053476,0.6669862333711762,0.38835119305400795,0.2786350403171683,139.27556200361084,137.214,135.15243799638915,0.5150000000000006,51786.7,1.932650073206453,138.788,0.7075097172460927
2025-11-30 14:15:00,139.24,139.29,138.62,138.75,17645,2025-11-30 14:29:59.999,2450579.5200,1151,2515,350265.5600,0,75.5980861244017,0.6789075873096806,0.4464624719051425,0.2324451154045381,139.47040552870828,137.322,135.17359447129172,0.5514285714285714,52324.7,1.745251888245212,139.03000000000003,0.19583156027058696
2025-11-30 14:30:00,138.71,139.29,138.19,138.27,23428,2025-11-30 14:44:59.999,3244273.9700,1127,3110,432317.7100,0,67.9569892473121,0.6422202425343357,0.4856140260309812,0.15660621650335455,139.56820055684457,137.39950000000002,135.23079944315546,0.6135714285714288,53114.25,1.3486769772044296,138.882,0.3940431448430236
2025-11-30 14:45:00,138.27,138.41,138.13,138.41,33629,2025-11-30 14:59:59.999,4649148.1400,1135,10775,1490848.3600,0,72.36842105263162,0.6173259383082268,0.5119564084864303,0.10536952982179648,139.67327611813644,137.483,135.29272388186357,0.6049999999999999,54399.75,1.4959301899244644,138.772,0.440817422520489
2025-11-30 15:00:00,138.41,138.45,137.6,137.73,22277,2025-11-30 15:14:59.999,3069616.5100,1117,3965,547270.0100,0,62.54826254826244,0.5365417861275716,0.5168734840146586,0.01966830211291304,139.6922535969147,137.53900000000002,135.38574640308534,0.6464285714285702,55218.65,1.1307731845216182,138.48,0.5616938667968108
2025-11-30 15:15:00,137.72,138.28,137.6,138.24,10912,2025-11-30 15:29:59.999,1505130.9800,1039,6686,922564.5500,0,66.60746003552404,0.5078186835800125,0.5150625239277293,-0.007243840347716857,139.75759464473006,137.60899999999998,135.4604053552699,0.674285714285712,54805.55,0.9714410926886368,138.28,0.36810324638181263
2025-11-30 15:30:00,138.24,138.28,137.6,138.08,11995,2025-11-30 15:44:59.999,1655588.7700,1255,6287,867995.6300,0,66.84491978609643,0.4667641880390079,0.5054028567499851,-0.03863866871097721,139.7843282133489,137.685,135.5856717866511,0.6871428571428554,54931.15,0.5607748889374483,138.14600000000002,0.2604419321012041
2025-11-30 15:45:00,138.04,138.31,137.97,138.29,16886,2025-11-30 15:59:59.999,2332051.0700,1218,8428,1164581.1100,0,63.52941176470593,0.4460318717258076,0.4935286597451496,-0.047496788019341984,139.82113008718528,137.769,135.71686991281473,0.6599999999999986,55398.8,0.5818604989453654,138.15,0.2629638758396559
2025-11-30 16:00:00,137.97,138.75,137.96,138.75,14853,2025-11-30 16:14:59.999,2055883.3600,1291,9780,1354555.8400,0,63.953488372093084,0.4614007763610175,0.4871030830683232,-0.025702306707305667,139.89577840159598,137.87650000000002,135.85722159840407,0.6828571428571409,55687.4,0.8797440744510746,138.21800000000002,0.3694184619056381
2025-11-30 16:15:00,138.75,139.39,137.96,139.35,294111,2025-11-30 16:29:59.999,40844465.2600,1424,286769,39826039.3400,0,66.66666666666666,0.5160470603189822,0.49289187851845495,0.023155181800527225,140.0163049152341,138.02550000000002,136.03469508476596,0.7385714285714248,70076.5,0.24458672037983126,138.542,0.5158197359516733
2025-11-30 16:30:00,139.34,139.64,139.17,139.59,12422,2025-11-30 16:44:59.999,1731152.9400,1165,5368,748711.4000,0,67.76429809358768,0.5721255214220093,0.508738607099166,0.06338691432284338,140.14247153467778,138.1835,136.22452846532224,0.7478571428571387,68675.2,0.45336787564766506,138.81199999999998,0.653238088293767
2025-11-30 16:45:00,139.59,139.73,139.17,139.49,12983,2025-11-30 16:59:59.999,1812193.3000,1229,4217,589003.9600,0,55.45454545454569,0.6015644807315255,0.5273037818256379,0.0742606989058876,140.18397368045413,138.3395,136.49502631954584,0.6828571428571389,68951.5,0.21553272505209523,139.094,0.555229682202015
2025-11-30 17:00:00,139.48,139.68,138.62,138.69,49468,2025-11-30 17:14:59.999,6869588.4000,1518,3628,504767.6800,0,47.37864077669893,0.5539560929457537,0.5326342440496611,0.021321848896092566,140.01028510115103,138.4645,136.91871489884895,0.6799999999999967,70988.55,-0.39500143636886764,139.174,0.4236507995959348
2025-11-30 17:15:00,138.69,138.91,138.55,138.71,23844,2025-11-30 17:29:59.999,3306035.7500,1406,6901,957568.6700,0,45.141700404858426,0.5119386256725988,0.5284951203742486,-0.01655649470164977,139.91806305703824,138.55450000000002,137.1909369429618,0.6807142857142817,71656.0,-0.028828828828823094,139.166,0.43391243356034775
2025-11-30 17:30:00,138.71,138.8,138.4,138.67,45596,2025-11-30 17:44:59.999,6317758.4700,1456,14656,2032530.4300,0,44.21906693711949,0.4699940159779885,0.5167948994949966,-0.04680088351700806,139.8539967358947,138.6225,137.3910032641053,0.6907142857142828,72421.25,0.28928907210528476,139.03,0.46711882856299525
2025-11-30 17:45:00,138.67,138.82,138.51,138.52,97752,2025-11-30 17:59:59.999,13567270.3500,1204,91625,12718319.1100,0,47.494553376906424,0.41980956090696964,0.49739783177739116,-0.07758827087042153,139.78648228844247,138.674,137.56151771155754,0.6649999999999981,76602.95,0.07947402644318592,138.81599999999997,0.38416142440091755
2025-11-30 18:00:00,138.52,138.82,138.52,138.52,29800,2025-11-30 18:14:59.999,4128109.9000,1169,700,97172.6800,0,53.041362530413615,0.37570710111165795,0.4730596856442446,-0.09735258453258666,139.70370007217895,138.723,137.74229992782108,0.6078571428571402,77136.05,0.573586001597343,138.62199999999999,0.09418067741020891
2025-11-30 18:15:00,138.52,138.82,137.96,138.12,8263,2025-11-30 18:29:59.999,1142887.2200,1284,1025,142215.3700,0,46.68192219679646,0.30496349755566143,0.43944044802652793,-0.1344769504708665,139.6848017230869,138.6785,137.67219827691312,0.6492857142857105,71945.7,-0.08680555555555884,138.50799999999998,0.23338808880760958
2025-11-30 18:30:00,138.11,138.82,137.91,138.02,11849,2025-11-30 18:44:59.999,1636041.4200,1240,971,134544.0200,0,53.82585751978917,0.2380850218630144,0.39916936279382526,-0.16108434093081087,139.66974294895059,138.63150000000002,137.59325705104945,0.6535714285714249,42656.0,-0.04345307068366329,138.37,0.28284271246941756
2025-11-30 18:45:00,138.02,138.56,138.02,138.56,24019,2025-11-30 18:59:59.999,3324071.0800,1560,20955,2900307.4000,0,54.18848167539259,0.22605105917659785,0.36454570207037984,-0.138494642893782,139.6045789901055,138.6,137.5954210098945,0.6435714285714239,42014.8,0.1952418829995012,138.348,0.2567489045683101
2025-11-30 19:00:00,138.56,138.57,138.35,138.35,12903,2025-11-30 19:14:59.999,1787176.5200,1289,6753,935718.6100,0,53.48837209302302,0.19729452363395694,0.3310954663830953,-0.13380094274913834,139.51870681497488,138.5555,137.5922931850251,0.6107142857142804,38731.75,-0.2882882882882924,138.31400000000002,0.2389142105379593
2025-11-30 19:15:00,138.35,138.57,137.95,137.95,41127,2025-11-30 19:29:59.999,5685350.1900,1402,1222,168996.6700,0,45.812807881773395,0.14060727187111866,0.29299782748069997,-0.1523905556095813,139.51061385225032,138.5155,137.5203861477497,0.6307142857142806,39905.85,-1.0046645138141412,138.2,0.25169425896673153
2025-11-30 19:30:00,137.95,138.24,137.46,137.58,13623,2025-11-30 19:44:59.999,1874943.7000,1354,1112,153708.6000,0,35.264483627204186,0.06507615129484634,0.24741349224352924,-0.1823373409486829,139.55654441538542,138.481,137.40545558461457,0.6299999999999955,39415.6,-1.4399312271652631,138.092,0.3785102376378444
2025-11-30 19:45:00,137.57,138.24,137.41,137.59,9557,2025-11-30 19:59:59.999,1314736.4500,1353,3598,495235.0200,0,23.964497041420216,0.0059554596604982635,0.19912188572692305,-0.19316642606642478,139.5870786693498,138.44,137.2929213306502,0.5871428571428551,38212.0,-1.3621048103806763,138.006,0.4424138334145258
2025-11-30 20:00:00,137.58,137.82,137.5,137.76,28697,2025-11-30 20:14:59.999,3951772.9300,1263,23972,3301304.9000,0,22.35649546827753,-0.026870785462278945,0.15392335148908265,-0.1807941369513616,139.58474146733082,138.4415,137.29825853266917,0.576428571428569,38533.0,-0.6705602422669311,137.846,0.31957784653556537
2025-11-30 20:15:00,137.76,137.82,137.17,137.19,6782,2025-11-30 20:29:59.999,932266.4800,1239,108,14882.3500,0,19.5767195767192,-0.09775321927114078,0.10358803733703796,-0.20134125660817875,139.66045006317634,138.389,137.11754993682368,0.5828571428571406,38326.5,-1.095811405089763,137.61399999999998,0.2809448344354861
2025-11-30 20:30:00,137.19,137.82,136.85,137.03,25960,2025-11-30 20:44:59.999,3556303.3300,1505,4675,641280.2600,0,23.566878980891417,-0.16493742559694624,0.04988294475024112,-0.21482037034718737,139.74138283834168,138.3365,136.93161716165832,0.576428571428569,39024.75,-1.1826638782721473,137.43,0.30602287495500174
2025-11-30 20:45:00,137.03,137.3,137.02,137.24,11761,2025-11-30 20:59:59.999,1613856.5900,1369,3343,458766.0700,0,27.927927927927655,-0.19894285875139417,0.00011778404991404926,-0.19906064280130822,139.77220485290295,138.284,136.79579514709704,0.5707142857142843,38768.5,-0.9240542881894319,137.36200000000002,0.30210925175444125
2025-11-30 21:00:00,137.24,137.27,136.91,137.07,52300,2025-11-30 21:14:59.999,7173768.2000,1620,2258,309777.8600,0,26.87861271676276,-0.2368793906102553,-0.047281650882119844,-0.18959773972813548,139.765119803719,138.2,136.634880196281,0.5678571428571421,40640.85,-1.046780248339602,137.25799999999998,0.2933768906977651
2025-11-30 21:15:00,137.07,137.27,136.69,136.9,9683,2025-11-30 21:29:59.999,1325949.3600,1333,2782,381616.0000,0,26.724137931034164,-0.2774635179571021,-0.09331802429711632,-0.18414549365998578,139.6471446128089,138.07750000000001,136.50785538719114,0.5871428571428571,26419.45,-0.883289892846799,137.086,0.13464768841410893
2025-11-30 21:30:00,136.89,137.18,136.86,136.96,23403,2025-11-30 21:44:59.999,3206898.5000,1360,18227,2497757.9000,0,27.966101694914997,-0.301311896727924,-0.13491679878327786,-0.16639509794464616,139.41986209452506,137.94599999999997,136.47213790547488,0.5885714285714292,26968.5,-0.7680046370091307,137.04,0.12942179103691406
2025-11-30 21:45:00,136.95,137.18,136.8,136.99,6460,2025-11-30 21:59:59.999,884756.1900,1319,526,72086.9200,0,32.17665615141941,-0.31416960776797964,-0.17076736058021824,-0.1434022471877614,139.16152464199033,137.821,136.48047535800967,0.5542857142857157,26642.35,-1.1330831408775932,137.03199999999998,0.13141537198970218
2025-11-30 22:00:00,136.99,137.67,136.8,137.64,33871,2025-11-30 22:14:59.999,4654843.7000,1495,32166,4420747.4200,0,44.89247311827917,-0.26881118071653987,-0.1903761246074826,-0.07843505610905727,139.04651284895695,137.7685,136.49048715104303,0.5514285714285714,25862.5,-0.5131911817853329,137.112,0.30144651266069633
2025-11-30 22:15:00,137.64,137.69,137.53,137.57,9735,2025-11-30 22:29:59.999,1339530.5000,1147,4950,681186.4700,0,34.76923076923036,-0.23579462185043099,-0.1994598240560723,-0.03633479779435869,138.91204855882597,137.7115,136.51095144117403,0.5242857142857146,25157.05,-0.2754621239579525,137.21200000000002,0.36106786065147173
2025-11-30 22:30:00,137.57,137.64,137.14,137.39,7256,2025-11-30 22:44:59.999,996802.4600,1269,1609,221141.1900,0,35.09316770186297,-0.2215988036863621,-0.20388761998213026,-0.01771118370423183,138.7666138411563,137.64749999999998,136.52838615884366,0.5442857142857146,23240.05,-0.13810146823668132,137.31,0.31929610081484944
2025-11-30 22:45:00,137.39,137.67,137.15,137.67,20221,2025-11-30 22:59:59.999,2779273.8300,1372,8574,1180106.4100,0,45.48387096774182,-0.1856151990998569,-0.20023313580567564,0.014617936705818735,138.64646657727116,137.605,136.56353342272882,0.5371428571428558,19363.5,0.05814376044769538,137.452,0.280214203772341
2025-11-30 23:00:00,137.67,137.68,136.74,136.9,24883,2025-11-30 23:14:59.999,3405909.2400,1431,1675,229503.5700,0,40.285714285714036,-0.21673214480443903,-0.20353293760542834,-0.013199207199010687,138.51667633989308,137.524,136.53132366010692,0.548571428571427,19117.65,-0.6242740998838453,137.434,0.3176948221103736
2025-11-30 23:15:00,136.9,136.93,135.61,135.69,85393,2025-11-30 23:29:59.999,11610267.7800,1656,3512,480531.5000,0,29.787234042552967,-0.33516585275188504,-0.22985952063471973,-0.10530633211716531,138.65013144017794,137.4025,136.15486855982206,0.5835714285714256,22974.15,-1.0933741526350318,137.044,0.8127607273947116
2025-11-30 23:30:00,135.69,135.69,135.01,135.08,35869,2025-11-30 23:44:59.999,4855312.0400,1481,4576,618934.5100,0,23.929961089494157,-0.472797209659376,-0.278447058439651,-0.194350151219725,138.84323556063995,137.2555,135.66776443936007,0.6092857142857123,24175.15,-1.4230460483105807,136.546,1.1161227531031055
2025-11-30 23:45:00,135.09,135.24,133.29,133.38,101094,2025-11-30 23:59:59.999,13581458.2300,1745,4093,550648.4200,0,19.617224880382665,-0.7108525780665502,-0.3649281623650309,-0.3459244157015193,139.24198459193695,136.99650000000003,134.7510154080631,0.702142857142856,28028.9,-2.81259108131741,135.744,1.6641904939018648
2025-12-01 00:00:00,133.38,133.61,130.7,130.84,446237,2025-12-01 00:14:59.999,58814891.3100,1986,156623,20619912.5000,0,14.219653179190672,-1.0918833928805327,-0.5103192084681314,-0.5815641844124013,140.0912033915813,136.621,133.15079660841872,0.8407142857142864,49695.6,-4.54512292988983,134.378,2.349897870119346
2025-12-01 00:15:00,130.83,131.11,129.66,129.98,86716,2025-12-01 00:29:59.999,11288035.4900,1310,10864,1417000.9000,0,10.967741935483701,-1.4465726820609746,-0.6975699031867001,-0.7490027788742745,140.7265700891989,136.2225,131.7184299108011,0.9242857142857162,51975.05,-5.054784514243985,132.994,2.524515795155491
2025-12-01 00:30:00,129.98,130.3,128.68,128.68,183156,2025-12-01 00:44:59.999,23676651.9500,1400,8231,1064083.9500,0,9.77948226270361,-1.811681695725838,-0.9203922616945277,-0.8912894340313102,141.34899842832587,135.7775,130.20600157167414,1.0142857142857156,60451.7,-6.045560747663552,131.592,2.598407204421129
2025-12-01 00:45:00,128.68,129.47,127.66,127.72,82599,2025-12-01 00:59:59.999,10603756.2900,1427,7388,949311.9300,0,9.090909090908951,-2.1536710175917335,-1.167048012873969,-0.9866230047177644,141.84087473692958,135.284,128.7271252630704,1.1021428571428575,64103.8,-6.76691729323309,130.12,2.1794035881372515
2025-12-01 01:00:00,127.72,129.02,127.72,128.33,38022,2025-12-01 01:14:59.999,4886128.5500,1405,32109,4127467.5100,0,13.338997451146938,-2.348407141360269,-1.4033198385712293,-0.9450873027890399,141.95018612071803,134.8125,127.67481387928197,1.172142857142859,64570.05,-6.764022086602714,129.11,1.2723207142792692
2025-12-01 01:15:00,128.3,129.02,128.1,128.1,31590,2025-12-01 01:29:59.999,4056575.7100,1283,5795,747061.2700,0,12.865497076023331,-2.4925632823029957,-1.621168527317583,-0.8713947549854126,141.99819729698382,134.358,126.7178027030162,1.210714285714289,65810.45,-6.883768263429527,128.562,0.8661524115208266
2025-12-01 01:30:00,128.1,129.02,128.03,128.22,41734,2025-12-01 01:44:59.999,5353389.4200,1172,8827,1137073.3300,0,8.82867132867149,-2.5675281986279117,-1.810440461579649,-0.7570877370482627,141.91650750422377,133.9175,125.9184924957762,1.2192857142857199,66599.15,-6.674430453453664,128.20999999999998,0.349141804977376
2025-12-01 01:45:00,128.22,129.02,127.71,127.87,84385,2025-12-01 01:59:59.999,10794508.6000,1371,15202,1947720.8900,0,8.617747440273178,-2.624922042487867,-1.9733367777612927,-0.6515852647265745,141.72156696621573,133.449,125.1764330337843,1.3014285714285785,70230.35,-7.118471707706823,128.048,0.2505394180216539
2025-12-01 02:00:00,127.87,128.55,127.71,128.24,11639,2025-12-01 02:14:59.999,1492481.2500,1089,7341,942115.4200,0,11.586901763224361,-2.6104594182472454,-2.1007613058584833,-0.5096981123887621,141.40789566737294,133.0075,124.60710433262703,1.325714285714294,68197.3,-6.325785244704162,128.152,0.1776794866684889
2025-12-01 02:15:00,128.22,128.53,127.86,127.86,10757,2025-12-01 02:29:59.999,1378343.9200,1050,2129,273633.2400,0,9.159034138218317,-2.599692867423414,-2.2005476181714694,-0.3991452492519447,141.04637057714888,132.5555,124.06462942285113,1.336428571428581,68251.0,-5.770506301127569,128.058,0.18417383088441364
2025-12-01 02:30:00,128.53,128.53,127.72,128.11,19810,2025-12-01 02:44:59.999,2533535.9100,1046,990,127244.7000,0,11.749347258485898,-2.5416883860950747,-2.2687757717561907,-0.27291261433888403,140.55970499444345,132.113,123.66629500555655,1.3271428571428672,68071.35,-5.159905241338465,128.06,0.1847971860788033
2025-12-01 02:45:00,128.11,128.53,127.48,127.5,55797,2025-12-01 02:59:59.999,7121039.1700,1339,3868,494603.4100,0,12.396694214876291,-2.515939138489159,-2.3182084451027847,-0.1977306933863745,139.99741021605078,131.6385,123.2795897839492,1.3078571428571533,70538.2,-4.408457040035984,127.91599999999998,0.2832490070281665
2025-12-01 03:00:00,127.5,127.52,126.72,126.89,91845,2025-12-01 03:14:59.999,11685216.5600,1577,19549,2487756.5300,0,12.396694214876277,-2.5157545241143,-2.3577176609050876,-0.15803686320921218,139.21390304326832,131.101,122.98809695673168,1.316428571428581,73436.9,-3.0189544481809865,127.72,0.543000920793113
2025-12-01 03:15:00,126.93,127.27,126.65,126.95,8287,2025-12-01 03:29:59.999,1051449.5200,1082,1757,223261.9800,0,15.24324324324354,-2.4821539912096284,-2.382604926965996,-0.0995490642436323,138.28034574963706,130.57,122.85965425036292,1.221428571428579,73364.5,-2.331127865825502,127.46200000000002,0.5406200144110538
2025-12-01 03:30:00,126.89,127.11,126.62,127.11,12396,2025-12-01 03:44:59.999,1571292.3700,1072,2694,341948.0300,0,22.852983988355433,-2.414778599432907,-2.3890396614593783,-0.025738937973528664,137.2019974811078,130.05599999999998,122.91000251889214,1.048571428571434,73621.5,-1.220080820640354,127.31200000000001,0.5054898614033744
2025-12-01 03:45:00,127.11,127.15,126.61,126.91,9074,2025-12-01 03:59:59.999,1151981.6000,1155,2956,375772.0500,0,25.281803542673416,-2.3504271830900905,-2.381317165785521,0.03088998269543053,135.82080672649727,129.518,123.21519327350273,0.9835714285714333,73064.15,-0.6341998120889463,127.072,0.2544012578217122
2025-12-01 04:00:00,126.88,127.15,126.61,126.61,11061,2025-12-01 04:14:59.999,1402903.0700,1176,1328,168815.7100,0,30.13435700575839,-2.2971555357207336,-2.3644848397725635,0.06732930405182991,134.38111158097067,129.00349999999997,123.62588841902928,0.9064285714285764,72373.05,-1.3402945531052857,126.894,0.18077610456314067
2025-12-01 04:15:00,126.61,127.15,126.53,126.73,14904,2025-12-01 04:29:59.999,1889141.6900,1095,5451,691984.1800,0,38.67276887871879,-2.219667429824881,-2.335521357783027,0.11585392795814631,132.99952129418378,128.5555,124.11147870581621,0.8214285714285765,68848.6,-1.069476971116308,126.86200000000001,0.19524343774114283
2025-12-01 04:30:00,126.73,126.8,126.5,126.68,22022,2025-12-01 04:44:59.999,2789266.7600,1081,10094,1279194.6700,0,28.346456692913648,-2.1376506240110302,-2.295947211028628,0.15829658701759763,131.4195826645153,128.1355,124.85141733548471,0.7500000000000041,68156.25,-1.2010606769614662,126.80799999999999,0.2020396000315417
2025-12-01 04:45:00,126.68,126.77,126.3,126.3,12015,2025-12-01 04:59:59.999,1521858.6500,1113,3898,494149.4600,0,27.272727272727607,-2.0793451422593137,-2.252626797274765,0.17328165501545145,130.0566589880829,127.78149999999998,125.50634101191707,0.7178571428571457,63702.3,-1.2278094940173672,126.646,0.22300224209788969
2025-12-01 05:00:00,126.3,126.77,126.02,126.02,27825,2025-12-01 05:14:59.999,3513155.4300,1128,5198,658875.7000,0,23.30097087378668,-2.0323041506617017,-2.2085622679521526,0.17625811729045093,129.44199497971906,127.5405,125.63900502028093,0.700714285714288,42781.7,-1.731129132875868,126.468,0.3011145960933288
2025-12-01 05:15:00,126.02,126.77,125.83,126.39,67477,2025-12-01 05:29:59.999,8506568.9400,1283,56726,7152509.4500,0,32.1256038647345,-1.942772842137515,-2.155404382789225,0.21263154065171008,128.9439738834838,127.36100000000002,125.77802611651624,0.6742857142857152,41819.75,-1.1496949788831525,126.424,0.29108418023037447
2025-12-01 05:30:00,126.39,126.39,125.87,125.91,12472,2025-12-01 05:44:59.999,1573255.9400,1180,2868,362469.2300,0,22.588235294117865,-1.8887779668876874,-2.1020790996089174,0.21330113272122997,128.80427615024252,127.2225,125.64072384975746,0.6514285714285707,33285.55,-1.7172742174693754,126.25999999999999,0.30618621781550565
2025-12-01 05:45:00,125.91,126.39,125.86,126.05,13959,2025-12-01 05:59:59.999,1760902.1800,1142,4079,515544.8100,0,27.431421446384277,-1.813781663294364,-2.0444196123460068,0.2306379490516428,128.78520009016054,127.13900000000001,125.49279990983946,0.6414285714285707,29853.55,-1.1372549019607865,126.13399999999999,0.20206434613753793
2025-12-01 06:00:00,126.05,126.41,125.98,126.41,14074,2025-12-01 06:14:59.999,1777765.4500,1107,6749,853073.8600,0,29.368932038834913,-1.7056360503560342,-1.9766628999480123,0.2710268495919781,128.61920597104583,127.043,125.4667940289542,0.6142857142857129,28656.15,-0.37828040034676014,126.15599999999999,0.2288667734294802
2025-12-01 06:15:00,126.41,126.45,126.15,126.29,14006,2025-12-01 06:29:59.999,1768910.2300,1056,3971,502104.1600,0,33.33333333333346,-1.6110417832350663,-1.903538676605423,0.29249689337035667,128.4802761616162,126.95250000000001,125.42472383838384,0.5607142857142843,27776.95,-0.5198897203623447,126.21,0.22045407680534038
2025-12-01 06:30:00,126.27,126.69,126.15,126.63,27509,2025-12-01 06:44:59.999,3480279.8300,1116,21330,2699139.4900,0,46.13095238095231,-1.4914475080464484,-1.8211204428936283,0.32967293484717985,128.28408543514058,126.873,125.46191456485941,0.5421428571428554,27065.7,-0.37762567854614426,126.258,0.285867101955019
2025-12-01 06:45:00,126.64,126.7,126.43,126.61,8892,2025-12-01 06:59:59.999,1125413.3900,1051,2093,265127.1700,0,44.879518072289095,-1.3823471783910009,-1.733365789993103,0.3510186116021021,128.14407172536704,126.80999999999999,125.47592827463292,0.5171428571428558,23291.05,-0.23638799149003006,126.398,0.24066574326304915
2025-12-01 07:00:00,126.61,126.66,126.34,126.47,41259,2025-12-01 07:14:59.999,5215897.9800,1224,3757,475469.5800,0,40.30303030303028,-1.2922845591066476,-1.6451495438158117,0.35286498470916405,127.8793432763697,126.72150000000002,125.56365672363034,0.5049999999999985,24772.05,-0.11057578390332562,126.482,0.14184498574314316
2025-12-01 07:15:00,126.48,126.67,126.3,126.64,15097,2025-12-01 07:29:59.999,1909004.6000,1108,5246,664151.4000,0,45.87155963302757,-1.1934345347772535,-1.5548065420081003,0.36137200723084684,127.68687789285931,126.6605,125.63412210714068,0.4928571428571412,24989.05,-0.07101712301744134,126.52799999999999,0.14973309580896468
2025-12-01 07:30:00,126.65,126.99,126.3,126.99,61267,2025-12-01 07:44:59.999,7772595.1100,1140,58366,7405089.1300,0,55.722891566265005,-1.0744673130402163,-1.4587386962145237,0.3842713831743074,127.39239459621186,126.6045,125.81660540378815,0.5035714285714263,27061.9,0.24471108304388067,126.668,0.1926655132106771
2025-12-01 07:45:00,126.97,127.3,126.97,127.3,30048,2025-12-01 07:59:59.999,3820471.5400,1194,26092,3317702.1600,0,58.11965811965805,-0.9442853893084617,-1.3558480348333115,0.4115626455248498,127.33838666369553,126.5945,125.85061333630446,0.48285714285714015,25774.45,0.7917656373713382,126.80199999999999,0.33789051478388793
2025-12-01 08:00:00,127.26,127.44,126.96,127.11,17683,2025-12-01 08:14:59.999,2250769.5900,1109,10848,1381741.5400,0,55.89041095890403,-0.8466866127173915,-1.2540157504101277,0.40732913769273615,127.37388792286384,126.6055,125.83711207713617,0.4957142857142835,22066.35,0.8649420726868778,126.902,0.34083720451421
2025-12-01 08:15:00,127.11,127.44,126.99,127.35,24354,2025-12-01 08:29:59.999,3101955.0800,1137,16048,2045150.4000,0,64.95726495726501,-0.7414261853287485,-1.1514978373938518,0.4100716520651033,127.45038850921475,126.62549999999999,125.80061149078523,0.4942857142857124,22869.7,0.7595537621647233,127.078,0.28455227987368004
2025-12-01 08:30:00,127.32,127.63,127.1,127.63,19238,2025-12-01 08:44:59.999,2453314.5300,1055,14729,1878713.1500,0,72.93447293447308,-0.6281717059179357,-1.0468326110986685,0.41866090518073285,127.56834298145023,126.65150000000001,125.7346570185498,0.47857142857142676,23211.8,1.3660551187356038,127.276,0.24531612254719365
2025-12-01 08:45:00,127.6,127.66,127.51,127.64,15019,2025-12-01 08:59:59.999,1916430.1400,1096,6011,767326.4900,0,69.84126984126999,-0.5314831912124305,-0.943762727121421,0.41227953590899047,127.7012303733488,126.68799999999999,125.67476962665117,0.4221428571428549,23509.05,1.261404204680685,127.40599999999999,0.22744230033521715
2025-12-01 09:00:00,127.6,127.72,127.1,127.1,22535,2025-12-01 09:14:59.999,2873087.5900,1150,8092,1033380.9300,0,68.53582554517142,-0.4927502159734587,-0.8535602248918286,0.3608100089183699,127.74136498526174,126.7125,125.68363501473827,0.4292857142857126,24082.75,0.5458428921762501,127.36599999999999,0.2651980391739683
2025-12-01 09:15:00,127.13,127.72,126.89,127.11,33424,2025-12-01 09:29:59.999,4246458.5300,1267,3774,480965.4500,0,67.20779220779232,-0.4559907599774249,-0.7740463319089479,0.318055571931523,127.77564709591016,126.73150000000001,125.68735290408986,0.45071428571428385,25008.75,0.6492992319265128,127.36599999999999,0.2651980391739683
2025-12-01 09:30:00,127.12,127.34,127.07,127.27,10251,2025-12-01 09:44:59.999,1304125.4400,1151,5070,645297.0700,0,64.93055555555564,-0.4092306077300947,-0.7010831870731773,0.2918525793430826,127.83201329295534,126.761,125.68998670704465,0.43928571428571367,24420.2,0.5054094606333417,127.35,0.2687936010802605
2025-12-01 09:45:00,127.28,127.34,126.82,126.94,9369,2025-12-01 09:59:59.999,1190446.7500,1024,2312,294410.0800,0,60.51779935275071,-0.39425635046816865,-0.6397178197521756,0.24546146928400692,127.84407664100482,126.793,125.7419233589952,0.45500000000000035,24287.9,0.2606429192006937,127.21199999999999,0.2662141994362651
2025-12-01 10:00:00,126.93,127.41,126.93,127.25,17168,2025-12-01 10:14:59.999,2185604.6900,1086,9033,1150536.6800,0,60.13071895424844,-0.3533020879356741,-0.5824346733888753,0.22913258545320125,127.85799861668413,126.8545,125.85100138331588,0.4507142857142859,23755.05,0.6167470546374643,127.13400000000001,0.13352902299266325
2025-12-01 10:15:00,127.25,127.41,127.13,127.29,12711,2025-12-01 10:29:59.999,1617236.7800,1155,2504,319032.0000,0,61.038961038961105,-0.3139982972001292,-0.5287473981511261,0.21474910095099697,127.89598804360881,126.89949999999999,125.90301195639117,0.45142857142857196,21016.75,0.5132659507264732,127.172,0.14771594355868148
2025-12-01 10:30:00,127.3,127.41,127.16,127.17,8578,2025-12-01 10:44:59.999,1091804.6500,1061,2130,271383.3000,0,61.437908496732014,-0.28919905035945703,-0.48083772859279234,0.1916386782333353,127.84881407050864,126.9625,126.07618592949137,0.44642857142857245,20822.05,0.14174344436570346,127.184,0.1438054240334807
2025-12-01 10:45:00,127.17,127.41,126.91,127.11,13746,2025-12-01 10:59:59.999,1746772.3400,1081,4871,619573.0500,0,57.96610169491519,-0.27126005012404164,-0.4389221928990422,0.16766214277500058,127.79203684631625,127.0155,126.23896315368376,0.4557142857142864,20811.4,-0.1492537313432818,127.152,0.1375499908447931
2025-12-01 11:00:00,127.02,127.25,126.85,127.0,8678,2025-12-01 11:14:59.999,1102094.9800,1009,2597,330282.2200,0,50.18450184501854,-0.26288892401227315,-0.40371553912168845,0.1408266151094153,127.76764135386672,127.045,126.32235864613328,0.4350000000000013,20541.6,-0.0865392180001569,127.16400000000002,0.1152388822464877
2025-12-01 11:15:00,126.88,127.25,126.87,127.25,10490,2025-12-01 11:29:59.999,1333080.9800,1099,3131,398307.7000,0,49.05660377358497,-0.23339144430633496,-0.3696507201586178,0.1362592758522828,127.72652314791952,127.093,126.45947685208048,0.4385714285714296,20365.8,-0.07852375343540975,127.16400000000002,0.1152388822464877
2025-12-01 11:30:00,127.09,127.25,127.0,127.03,21430,2025-12-01 11:44:59.999,2723435.3900,1039,17163,2181315.5100,0,48.5074626865672,-0.22517100927397848,-0.34075477798168996,0.11558376870771148,127.7091313878512,127.11299999999999,126.51686861214877,0.42214285714285793,20061.85,-0.4701089085638129,127.112,0.10207840115001496
2025-12-01 11:45:00,127.05,127.17,126.97,127.06,14997,2025-12-01 11:59:59.999,1905121.0500,1042,2067,262840.3900,0,44.12955465587066,-0.2137712837155874,-0.31535807912846947,0.10158679541288207,127.68374024699351,127.13550000000001,126.5872597530065,0.4042857142857151,20367.1,-0.4544030084612961,127.09,0.09823441342681662
2025-12-01 12:00:00,127.07,127.17,126.61,126.62,16258,2025-12-01 12:14:59.999,2063741.3600,1035,5799,737445.5800,0,30.79847908745282,-0.23750344991670147,-0.2997871532861159,0.06228370336941441,127.65587014874734,127.143,126.63012985125266,0.4064285714285723,19117.05,-0.37765538945711236,126.992,0.2297172174243023
2025-12-01 12:15:00,126.64,127.17,126.38,126.47,14087,2025-12-01 12:29:59.999,1786169.2400,1041,5276,670898.3900,0,28.880866425992934,-0.2653562473686435,-0.2929009721026214,0.0275447247339779,127.68660506246768,127.1345,126.58239493753233,0.45214285714285907,19066.55,-0.5035009047281886,126.88600000000001,0.3268485887701
2025-12-01 12:30:00,126.48,127.17,125.76,126.05,55493,2025-12-01 12:44:59.999,6997858.6100,1248,6092,769880.7500,0,30.18867924528321,-0.31765851035954995,-0.29785247975400714,-0.019806030605542813,127.82148336421875,127.0875,126.35351663578126,0.5085714285714299,18777.85,-0.958591969827924,126.646,0.4200357127443417
2025-12-01 12:45:00,126.05,126.78,125.59,126.56,582104,2025-12-01 12:59:59.999,73429183.4800,1297,558728,70488731.2900,0,41.269841269841365,-0.31433226614606724,-0.30114843703241917,-0.013183829113648071,127.81341615046094,127.05050000000001,126.28758384953909,0.5342857142857156,46380.65,-0.2993540255238659,126.55199999999999,0.3610678606308059
2025-12-01 13:00:00,126.56,127.55,126.49,127.55,186991,2025-12-01 13:14:59.999,23799014.8000,1157,179214,22812038.2900,0,53.51758793969849,-0.22916974129337575,-0.2867526978846105,0.057582956591234746,127.86734854565434,127.07249999999999,126.27765145434564,0.5907142857142864,54846.05,0.23575638506876,126.65,0.5503180898177438
2025-12-01 13:15:00,127.55,127.57,127.03,127.08,12497,2025-12-01 13:29:59.999,1592023.3300,790,5812,741389.6700,0,51.69902912621358,-0.197328221921083,-0.268867802691905,0.07153958077082201,127.84310257116515,127.05900000000001,126.27489742883488,0.5921428571428565,54253.2,-0.1649776101814816,126.742,0.5816098348384303
2025-12-01 13:30:00,127.05,127.57,126.27,126.27,89360,2025-12-01 13:44:59.999,11301237.3800,747,2591,327925.0000,0,39.39393939393939,-0.23474779253345446,-0.26204380066021493,0.027296008126760474,127.80202663983924,126.99100000000001,126.17997336016079,0.6507142857142857,57759.3,-0.7077140835102663,126.702,0.6111219190805783
2025-12-01 13:45:00,126.31,126.5,126.19,126.41,25104,2025-12-01 13:59:59.999,3170907.7900,764,12459,1574519.5500,0,40.677966101694835,-0.25022184024935257,-0.25967940857804245,0.00945756832868988,127.719582607275,126.9295,126.13941739272501,0.6528571428571429,58263.55,-0.5507041145464581,126.774,0.5310649677589684
2025-12-01 14:00:00,126.45,126.72,126.27,126.27,38087,2025-12-01 14:14:59.999,4822363.1000,774,34297,4343012.5900,0,40.506329113924004,-0.27066194213215056,-0.26187591528886406,-0.008786026843286499,127.72610814526564,126.888,126.04989185473437,0.6671428571428574,59041.15,-0.5748031496063024,126.71599999999998,0.5743518085466017
2025-12-01 14:15:00,126.27,126.72,126.05,126.46,10736,2025-12-01 14:29:59.999,1357671.4600,672,5826,738106.8500,0,43.326488706365446,-0.2684351052354117,-0.26318775327817356,-0.005247351957238133,127.70765454491766,126.8555,126.00334545508235,0.6792857142857146,57906.75,-0.6208251473477455,126.498,0.3361101009794867
2025-12-01 14:30:00,126.44,126.8,125.61,126.55,66697,2025-12-01 14:44:59.999,8405903.0200,833,8917,1129173.4300,0,45.36082474226802,-0.25645185575523044,-0.26184057377358494,0.005388718018354499,127.65865935379128,126.81949999999999,125.9803406462087,0.7357142857142855,60729.05,-0.3778634968117799,126.39200000000001,0.1221474517961305
2025-12-01 14:45:00,126.55,126.8,125.87,126.21,63969,2025-12-01 14:59:59.999,8077013.8700,805,8300,1051666.2100,0,39.47368421052627,-0.27126324883195707,-0.26372510878525934,-0.007538140046697728,127.6626195349801,126.78299999999999,125.90338046501988,0.7749999999999996,63459.05,-0.6689752872658654,126.38,0.13892443982349256
2025-12-01 15:00:00,126.2,126.8,125.58,125.9,59754,2025-12-01 15:14:59.999,7516477.8700,959,5877,740392.8800,0,38.76739562624259,-0.30450564228144117,-0.27188121548449573,-0.03262442679694544,127.64972582641444,126.71549999999999,125.78127417358554,0.8442857142857138,65588.35,-0.5686305480966662,126.27799999999999,0.25232915008006107
2025-12-01 15:15:00,125.9,125.95,124.43,124.57,158771,2025-12-01 15:29:59.999,19836917.6000,1475,14586,1825212.6900,0,30.331753554502342,-0.4331769688611473,-0.3041403661598261,-0.12903660270132122,127.8812312359045,126.57950000000001,125.27776876409553,0.9385714285714276,72891.35,-1.5023325689886975,125.93799999999999,0.8052763500685025
2025-12-01 15:30:00,124.5,124.56,123.31,123.33,179680,2025-12-01 15:44:59.999,22251457.5300,1167,6708,830191.0700,0,26.928471248246836,-0.6279687265078024,-0.3689060382294214,-0.259062688278381,128.30814545072008,126.3875,124.46685454927992,0.9885714285714268,81446.45,-2.157873859579531,125.31199999999998,1.3382525919940396
2025-12-01 15:45:00,123.44,125.54,123.3,125.05,2172684,2025-12-01 15:59:59.999,270528214.4400,1272,2163909,269435897.5700,0,41.83908045977011,-0.6362190354730473,-0.4223686376781467,-0.21385039779490056,128.26210594233567,126.28449999999998,124.30689405766431,1.0921428571428555,189393.35,-1.193109987357779,125.01199999999999,1.1456090083350163
2025-12-01 16:00:00,125.54,125.55,124.19,124.21,106216,2025-12-01 16:14:59.999,13237672.5700,963,6350,793646.6600,0,39.912280701754376,-0.7024411403834421,-0.47838313821920586,-0.22405800216423621,128.29609763902877,126.14499999999998,123.99390236097119,1.0885714285714272,194270.25,-2.618580948647592,124.612,0.9562531045585055
2025-12-01 16:15:00,124.22,124.28,123.82,123.96,41118,2025-12-01 16:29:59.999,5100763.3700,828,5205,646479.7800,0,35.32731376975164,-0.7662625486137102,-0.5359590202981067,-0.23030352831560352,128.27425789113883,125.98049999999998,123.68674210886113,1.0364285714285708,195801.65,-2.45514636449481,124.224,0.6463590333376892
2025-12-01 16:30:00,123.98,124.49,123.73,124.22,130351,2025-12-01 16:44:59.999,16182664.4600,797,89644,11142462.3400,0,29.520295202952056,-0.7867919989523671,-0.5861256160289589,-0.20066638292340822,128.20618280203277,125.84,123.47381719796724,1.0149999999999986,201247.7,-1.6235051872970596,124.154,0.6178430221157591
2025-12-01 16:45:00,124.22,124.49,123.41,123.48,59432,2025-12-01 16:59:59.999,7346881.6400,801,4903,607355.6700,0,28.571428571428626,-0.8529413745857539,-0.6394887677403179,-0.213452606845436,128.175579801667,125.66100000000002,123.14642019833302,1.0535714285714275,203469.45,-2.3178546001107447,124.184,0.5695875700690589
2025-12-01 17:00:00,123.49,124.19,123.37,123.89,237051,2025-12-01 17:14:59.999,29419467.4700,887,230422,28601124.0400,0,35.12500000000003,-0.8623411261551013,-0.6840592394232746,-0.17828188673182666,128.11512662608757,125.52449999999999,122.9338733739124,1.019285714285713,214509.1,-1.8848499247643904,123.952,0.30210925172335645
2025-12-01 17:15:00,123.89,124.6,123.37,124.52,66829,2025-12-01 17:29:59.999,8311661.4300,777,64621,8038477.7300,0,38.86925795053003,-0.8096219443230694,-0.7091717804032337,-0.10045016391983574,128.01457435692893,125.42699999999999,122.83942564307107,1.0849999999999977,217146.2,-1.5340819231377494,124.01399999999998,0.38791751697614096
2025-12-01 17:30:00,124.6,124.6,124.01,124.6,16818,2025-12-01 17:44:59.999,2088640.7300,703,5310,660367.9800,0,40.09489916963225,-0.7527095147472664,-0.7178793272720403,-0.03483018747522615,127.94981947125963,125.35449999999999,122.75918052874034,1.0949999999999969,215212.45,-1.5408929276965648,124.14200000000001,0.46381030602727563
2025-12-01 17:45:00,124.6,124.81,124.4,124.4,6457,2025-12-01 17:59:59.999,804964.5200,668,3360,419208.2700,0,37.796208530805735,-0.7154965341423463,-0.7174027686461015,0.0019062345037552664,127.81017560966355,125.2465,122.68282439033645,1.076428571428568,186430.1,-1.4341177402741367,124.178,0.47814223822746194
2025-12-01 18:00:00,124.49,124.9,124.18,124.9,24240,2025-12-01 18:14:59.999,3023449.4800,684,19013,2373245.0800,0,40.67796610169494,-0.6383012184645054,-0.7015824586097824,0.06328124014527703,127.43923366115159,125.114,122.78876633884842,1.0428571428571394,178292.55,-0.7942811755361397,124.46199999999999,0.3692153842644939
2025-12-01 18:15:00,124.91,125.05,124.89,125.0,24544,2025-12-01 18:29:59.999,3068072.0100,686,18858,2357520.5200,0,42.973286875725904,-0.5625692620962042,-0.6737798193070669,0.1112105572108627,127.14311731362561,125.00999999999999,122.87688268637437,0.9878571428571397,178894.9,0.3451874448101524,124.684,0.2554995107194885
2025-12-01 18:30:00,125.0,125.05,123.91,123.94,96712,2025-12-01 18:44:59.999,12009835.5900,1053,3728,466050.8700,0,39.52991452991447,-0.5813824670829177,-0.6553003488622371,0.07391788177931935,126.99108031023844,124.89349999999999,122.79591968976153,0.9821428571428541,179262.5,0.4946079623773611,124.56800000000001,0.4244054664795597
2025-12-01 18:45:00,123.95,124.47,123.75,124.46,142452,2025-12-01 18:59:59.999,17708685.7100,857,112644,14016364.9500,0,49.356725146198826,-0.5480152348977612,-0.6338433260693419,0.08582809117158074,126.77469068884218,124.796,122.81730931115783,0.9249999999999972,185129.9,-0.47181127548980684,124.53999999999999,0.4263801120803988
2025-12-01 19:00:00,124.47,124.51,123.73,124.13,9034,2025-12-01 19:14:59.999,1121318.4500,614,4145,515385.6700,0,55.23560209424084,-0.5419524149817789,-0.6154651438518294,0.07351272887005045,126.56062636847302,124.689,122.81737363152696,0.8907142857142836,183677.25,-0.06440705257225529,124.48599999999999,0.46398275827622987
2025-12-01 19:15:00,124.14,124.22,123.47,123.47,21014,2025-12-01 19:29:59.999,2598828.9600,796,2508,311242.7400,0,37.993920972644325,-0.5836758191503861,-0.6091072789115408,0.025431459761154684,126.28918839331182,124.5395,122.78981160668819,0.7842857142857115,184191.15,-0.3952888028396216,124.2,0.5729310604053636
2025-12-01 19:30:00,123.47,124.22,123.25,123.66,52403,2025-12-01 19:44:59.999,6466358.0800,938,4762,588367.1400,0,45.362563237774026,-0.5945568244773796,-0.6061971880247086,0.011640363547329002,125.90674350372633,124.39500000000001,122.88325649627369,0.7564285714285687,183476.45,-0.45081307357913564,123.93199999999999,0.3890629768775679
2025-12-01 19:45:00,123.66,123.94,123.63,123.8,7949,2025-12-01 19:59:59.999,984263.8300,748,3563,441340.5900,0,48.62542955326463,-0.585138161135518,-0.6019853826468705,0.01684722151135254,125.54148107824777,124.27450000000002,123.00751892175226,0.7457142857142826,180675.45,0.2591512795594373,123.904,0.3933573438704251
2025-12-01 20:00:00,123.76,125.0,123.75,124.74,83600,2025-12-01 20:14:59.999,10418786.8200,1068,81679,10179973.9400,0,54.0,-0.496104870356163,-0.580809280188729,0.084704409832566,125.25593861366859,124.2165,123.1770613863314,0.7807142857142831,181867.75,0.6860925014125387,123.96,0.49824692671091736
2025-12-01 20:15:00,124.74,125.0,124.21,124.24,18499,2025-12-01 20:29:59.999,2307976.9000,692,10905,1363080.8900,0,56.07028753993607,-0.4605818662372059,-0.5567637973984244,0.09618193116121854,125.2262040425025,124.2,123.1737959574975,0.759999999999998,174854.15,-0.2248634757468689,123.982,0.5099215625730139
2025-12-01 20:30:00,124.25,125.0,124.16,125.0,11938,2025-12-01 20:44:59.999,1486166.9000,758,5055,630587.9300,0,58.39636913767022,-0.36687487593049184,-0.5187860131048379,0.151911137174346,125.28306358898637,124.2835,123.28393641101364,0.7614285714285701,166467.05,0.32102728731942676,124.28800000000001,0.580103439032497
2025-12-01 20:45:00,124.63,125.0,124.27,124.27,28644,2025-12-01 20:59:59.999,3566801.9800,596,5733,716583.0800,0,48.1371087928465,-0.34751042624937156,-0.4845308957337446,0.13702046948437302,125.17674065111176,124.24450000000002,123.31225934888828,0.7257142857142854,59265.05,-0.10450160771704957,124.41,0.4684015371211948
2025-12-01 21:00:00,124.33,125.0,124.21,124.33,16840,2025-12-01 21:14:59.999,2093420.5700,656,1531,190797.9600,0,47.98206278026908,-0.32359229129977507,-0.4523431748469507,0.12875088354717562,125.18335018823524,124.25050000000002,123.3176498117648,0.740000000000001,54796.25,-0.4563650920736648,124.516,0.3375351833181907
2025-12-01 21:15:00,124.31,125.39,124.3,125.35,98220,2025-12-01 21:29:59.999,12253245.4200,959,96267,12009436.8600,0,56.32490013315573,-0.21979782897403766,-0.4058341056723681,0.18603627669833045,125.36240612350561,124.32000000000001,123.27759387649441,0.78857142857143,57651.35,0.2799999999999954,124.638,0.5066260948449207
2025-12-01 21:30:00,125.35,126.04,125.26,126.04,53404,2025-12-01 21:44:59.999,6709430.4600,803,51091,6419015.2300,0,57.4025974025974,-0.08092982767638546,-0.34085325007317163,0.2599234223967862,125.70423584367835,124.41099999999999,123.11776415632163,0.7928571428571445,53804.0,1.6943682426980866,124.998,0.7392360921778119
2025-12-01 21:45:00,126.04,126.04,125.52,125.89,53715,2025-12-01 21:59:59.999,6752408.8400,762,2847,358101.6300,0,55.74193548387097,0.01682635371267338,-0.26931732931600266,0.28614368302867604,125.90603954012762,124.53149999999998,123.15696045987234,0.8185714285714312,53518.15,1.1489635224168464,125.176,0.8401071360121725
2025-12-01 22:00:00,125.89,126.51,125.52,126.09,357823,2025-12-01 22:14:59.999,45154857.3200,825,354899,44786042.2800,0,65.6023222060958,0.10917861715184074,-0.19361814002243397,0.3027967571742747,126.14586942551581,124.6415,123.13713057448417,0.807857142857146,59556.75,1.5789897687907906,125.54,0.737427962569286
2025-12-01 22:15:00,126.09,126.56,126.05,126.46,9527,2025-12-01 22:29:59.999,1203905.9200,545,3516,444824.9500,0,64.8367952522255,0.2098058478559892,-0.11293334244674932,0.32273919030273857,126.44630591773105,124.7385,123.03069408226895,0.7928571428571465,56691.65,2.4216408844253623,125.96599999999998,0.4031500960928681
2025-12-01 22:30:00,126.46,126.71,126.26,126.68,5647,2025-12-01 22:44:59.999,714492.7700,574,3203,405605.5000,0,69.23076923076925,0.30380375398766546,-0.029585923159866346,0.3333896771475318,126.75576532674687,124.8425,122.92923467325313,0.769285714285717,56133.1,2.4421801714378217,126.232,0.32660373540434345
2025-12-01 22:45:00,126.68,127.19,126.5,126.89,25836,2025-12-01 22:59:59.999,3280746.6300,811,24017,3049856.8300,0,77.66990291262128,0.3907388228487889,0.05447902604186474,0.3362597968069242,127.07334230236735,124.96700000000001,122.86065769763267,0.7650000000000026,57102.05,2.495961227786756,126.402,0.4117887807848976
2025-12-01 23:00:00,126.89,127.2,126.63,126.63,9731,2025-12-01 23:14:59.999,1236339.1400,642,6191,787378.4800,0,73.75999999999988,0.4336567392174828,0.13031456867698837,0.30334217054049445,127.2865368747998,125.05349999999999,122.82046312520018,0.7364285714285747,56376.6,1.5151515151515158,126.55,0.2994160983990715
2025-12-01 23:15:00,126.62,127.08,126.57,127.06,4464,2025-12-01 23:29:59.999,566527.2600,669,2357,299349.7100,0,74.92354740061153,0.49664192452952705,0.20358003984749615,0.29306188468203087,127.56248617487493,125.15650000000001,122.75051382512508,0.7507142857142891,55372.6,2.269800386349008,126.744,0.23394443780693194
2025-12-01 23:30:00,127.06,127.22,126.87,126.89,8916,2025-12-01 23:44:59.999,1133323.7600,645,5533,703572.3800,0,68.6308492201039,0.5267683013463085,0.26821769214725866,0.2585506091990498,127.75721185816829,125.304,122.85078814183171,0.6864285714285744,50982.8,1.5120000000000005,126.83,0.17507141394563228
2025-12-01 23:45:00,126.87,127.22,126.6,126.63,4806,2025-12-01 23:59:59.999,609131.7100,625,543,69080.3500,0,71.6094032549727,0.5236277897201802,0.319299711661843,0.2043280780583372,127.90024575617629,125.4125,122.9247542438237,0.6742857142857172,44100.5,1.8990906896274238,126.82000000000001,0.18681541687159917
2025-12-02 00:00:00,126.61,127.21,126.53,126.69,13427,2025-12-02 00:14:59.999,1699910.3400,443,564,71743.7100,0,67.49482401656297,0.5199863314408049,0.3594370356176354,0.16054929582316946,128.01379718137002,125.5405,123.06720281862995,0.6628571428571449,44320.15,1.898174213785892,126.78,0.18947295316443533
2025-12-02 00:15:00,126.71,127.21,126.52,126.92,3613,2025-12-02 00:29:59.999,457683.7200,350,1165,147747.2800,0,80.6004618937642,0.5295551452510665,0.3934606575443217,0.13609448770674482,128.05608029379323,125.713,123.36991970620674,0.6600000000000017,43450.1,1.252493019545279,126.83800000000001,0.17598295366578773
2025-12-02 00:30:00,126.92,127.38,126.52,126.8,83472,2025-12-02 00:44:59.999,10623733.3200,570,81053,10317223.8300,0,78.13211845102477,0.5214446131052597,0.41905744865650935,0.10238716444875035,128.04891329747167,125.87,123.69108670252834,0.6650000000000011,45003.55,0.6029831799428681,126.78599999999999,0.12501999832370858
2025-12-02 00:45:00,126.8,127.35,126.68,127.28,9518,2025-12-02 00:59:59.999,1209040.4200,636,4414,561222.9100,0,75.06493506493482,0.5474384171151598,0.4447336423482395,0.10270477476692036,128.07787522258778,126.04399999999998,124.01012477741219,0.635,45082.0,1.1041385336404803,126.864,0.2575461123390727
2025-12-02 01:00:00,127.11,127.97,127.1,127.83,758931,2025-12-02 01:14:59.999,96856413.5100,856,755569,96427971.2300,0,74.12398921832849,0.6054399625119515,0.4768749063809819,0.12856505613096963,128.2840924312956,126.19850000000001,124.11290756870443,0.6414285714285717,78848.55,1.3799666904591916,127.104,0.46252567494281155
2025-12-02 01:15:00,127.83,127.97,127.08,127.23,21578,2025-12-02 01:29:59.999,2747307.4300,661,1693,215715.3200,0,66.10576923076917,0.5961199201588556,0.5007239091365567,0.09539601102229889,128.26426390886658,126.348,124.43173609113342,0.6678571428571425,79002.5,0.6088881859876721,127.21200000000002,0.4005870691640626
2025-12-02 01:30:00,127.23,127.41,126.77,126.98,55666,2025-12-02 01:44:59.999,7066383.5000,758,1573,200049.4400,0,60.57007125890731,0.5620814833277024,0.5129954239747858,0.049086059352916545,128.27247009086287,126.44699999999997,124.62152990913707,0.6428571428571418,81188.9,0.23681717713924627,127.224,0.3904228476683586
2025-12-02 01:45:00,126.96,127.05,126.76,126.91,5826,2025-12-02 01:59:59.999,739266.7800,520,2443,310166.7000,0,55.75447570332478,0.5234236597895574,0.5150810711377402,0.008342588651817251,128.0976683917873,126.579,125.0603316082127,0.6271428571428552,80048.0,0.015761683347778405,127.24600000000001,0.3626706494624314
2025-12-02 02:00:00,126.94,127.26,126.75,127.26,5793,2025-12-02 02:14:59.999,735311.0500,565,2832,359797.6900,0,57.1782178217821,0.5150914771339075,0.5150831523369737,8.324796933800727e-06,127.84298731301071,126.72549999999998,125.60801268698926,0.6314285714285707,79495.65,0.4975124378109529,127.242,0.36231202020012565
2025-12-02 02:15:00,127.26,127.96,126.73,127.92,483823,2025-12-02 02:29:59.999,61689426.6800,932,481579,61402971.7200,0,61.46993318485515,0.5553429981058287,0.5231351214907447,0.03220787661508395,127.89386638817979,126.854,125.81413361182021,0.6699999999999987,98775.8,0.6768455847631036,127.25999999999999,0.39918667310109796
2025-12-02 02:30:00,127.92,127.96,127.46,127.47,7371,2025-12-02 02:44:59.999,941359.5300,584,2206,282278.9600,0,58.97435897435894,0.5446529590028888,0.5274386889931735,0.017214270009715316,127.92559420609035,126.92550000000001,125.92540579390968,0.6649999999999981,96474.15,0.4570888170856634,127.30799999999999,0.4089865523236553
2025-12-02 02:45:00,127.49,127.96,126.89,126.89,24101,2025-12-02 02:59:59.999,3064263.0600,861,1809,231413.5300,0,48.24016563146997,0.4838028946458479,0.5187115301237084,-0.034908635477860495,127.84967871230968,126.97550000000001,126.10132128769034,0.7049999999999973,94993.45,0.2053225933822989,127.29,0.428544046722814
2025-12-02 03:00:00,126.9,126.95,126.61,126.94,65533,2025-12-02 03:14:59.999,8306170.6200,864,3224,408882.8800,0,50.530785562632666,0.43460352348694187,0.5018899287963551,-0.06728640530941321,127.78726759426202,127.018,126.24873240573798,0.7042857142857122,80378.95,0.19733207040808273,127.296,0.4220544988287337
2025-12-02 03:15:00,126.95,126.95,126.1,126.17,7319,2025-12-02 03:29:59.999,925714.8200,645,1690,214277.1700,0,45.59386973180083,0.3296797594908156,0.4674478949352472,-0.13776813544443156,127.82613440751271,127.0035,126.1808655924873,0.720714285714284,80268.55,-0.5909234163252443,127.078,0.6598257345551667
2025-12-02 03:30:00,126.1,127.21,126.01,127.21,197817,2025-12-02 03:44:59.999,25087693.5500,994,175701,22299022.6600,0,54.19354838709674,0.3266804599554973,0.4392944079392972,-0.11261394798379987,127.8428442590536,127.03000000000002,126.21715574094642,0.7578571428571408,89877.05,0.32334384858043896,126.936,0.4871139496884305
2025-12-02 03:45:00,127.21,127.39,127.11,127.21,15258,2025-12-02 03:59:59.999,1942274.7800,703,9958,1267996.8000,0,52.42881072026795,0.3206077271576788,0.4155570717829736,-0.09494934462529475,127.85983820970853,127.04599999999998,126.23216179029143,0.7285714285714268,89348.15,-0.05499685732244452,126.88399999999999,0.4258873090161172
2025-12-02 04:00:00,127.22,127.67,127.2,127.41,12819,2025-12-02 04:14:59.999,1633833.1200,571,3809,485470.0100,0,55.04132231404959,0.3281506547131414,0.3980757883690072,-0.06992513365586578,127.8896051663312,127.08500000000001,126.28039483366882,0.7007142857142838,89502.55,-0.32856137057029,126.98800000000001,0.4868469985335613
2025-12-02 04:15:00,127.4,127.51,127.27,127.3,36823,2025-12-02 04:29:59.999,4688810.0000,679,4503,574023.1500,0,50.176056338028125,0.32154581841369634,0.38276979437794506,-0.06122397596424872,127.90717476997088,127.09700000000001,126.28682523002914,0.6699999999999997,91120.5,0.05501847048651512,127.05999999999999,0.5042816673063172
2025-12-02 04:30:00,127.3,127.31,127.08,127.21,63896,2025-12-02 04:44:59.999,8126851.2700,840,8521,1083806.6400,0,44.06130268199229,0.30552726212880543,0.3673212879281172,-0.06179402579931176,127.91858837602184,127.11299999999999,126.30741162397813,0.6242857142857139,93869.5,0.18113088675381145,127.26799999999999,0.08843076377333509
2025-12-02 04:45:00,127.21,127.24,126.86,126.86,4529,2025-12-02 04:59:59.999,575776.1600,602,1386,176340.7500,0,46.277665995975816,0.26157509111210686,0.3461720485649152,-0.08459695745280832,127.90730131242825,127.12449999999998,126.34169868757172,0.5878571428571421,93855.65,-0.03939799858166981,127.19800000000001,0.2060825077036744
2025-12-02 05:00:00,126.98,127.24,126.57,126.72,8419,2025-12-02 05:14:59.999,1068809.4200,675,2731,347478.0800,0,47.325102880658385,0.21299062560201776,0.31953576397233574,-0.10654513837031798,127.90540328052093,127.126,126.34659671947908,0.5899999999999993,93605.25,-0.42432814710042926,127.1,0.29588849247866106
2025-12-02 05:15:00,126.71,127.24,126.61,126.75,6526,2025-12-02 05:29:59.999,828118.9400,546,1907,242631.2400,0,48.34024896265564,0.17489179221830398,0.2906069696215294,-0.1157151774032254,127.90996118948796,127.11749999999999,126.32503881051203,0.6142857142857139,93750.9,-0.9146341463414648,126.968,0.2690167280692886
2025-12-02 05:30:00,126.75,127.24,126.6,126.6,4405,2025-12-02 05:44:59.999,558215.6600,536,439,55847.0400,0,42.857142857142726,0.13108339806049685,0.2587022553093229,-0.12761885724882605,127.92158327519361,127.1075,126.29341672480639,0.6235714285714279,89797.55,-0.6825135325959085,126.828,0.23274449506036593
2025-12-02 05:45:00,126.6,127.24,126.6,126.65,7401,2025-12-02 05:59:59.999,938036.4400,569,2808,356155.4500,0,34.16458852867838,0.09925535821534481,0.22681287589052726,-0.12755751767518245,127.9104780909126,127.076,126.24152190908738,0.5814285714285715,89691.7,-0.1891402001733745,126.71600000000001,0.09964938525020516
2025-12-02 06:00:00,126.65,127.24,126.42,126.68,19279,2025-12-02 06:14:59.999,2439686.2100,660,1328,168282.1100,0,38.99721448467979,0.07558090696099384,0.19656648210462058,-0.12098557514362673,127.79035422676249,127.01849999999999,126.24664577323749,0.6042857142857139,52709.1,-0.2048211753584299,126.67999999999999,0.058736700457994354
2025-12-02 06:15:00,126.68,127.04,126.41,127.02,10298,2025-12-02 06:29:59.999,1305670.4700,749,2397,304147.8700,0,51.940298507462614,0.08329373396161088,0.17391193247601866,-0.09061819851440778,127.77342660963646,127.008,126.24257339036353,0.5728571428571436,52145.1,0.6736942220813144,126.74000000000001,0.1656804151997994
2025-12-02 06:30:00,126.41,127.44,126.41,127.43,251087,2025-12-02 06:44:59.999,31920726.0300,784,248157,31548308.6700,0,56.60377358490577,0.12109388350383199,0.16334832268158134,-0.04225443917774935,127.81858161479738,127.0305,126.24241838520263,0.6221428571428577,61916.15,0.17294237874381974,126.876,0.35118371257928926
2025-12-02 06:45:00,127.43,127.71,127.27,127.6,4133,2025-12-02 06:59:59.999,526645.6600,548,1025,130732.9200,0,72.99035369774909,0.16289065156679783,0.16325678845862465,-0.00036613689182682374,127.89039942484165,127.06499999999998,126.23960057515832,0.5928571428571426,61831.5,0.30657967140948084,127.076,0.4304997096180802
2025-12-02 07:00:00,127.62,127.72,127.27,127.38,4316,2025-12-02 07:14:59.999,550563.5300,564,1856,237031.4900,0,53.71179039301313,0.1762312459002402,0.16585167994694777,0.010379565953292424,127.90407673242498,127.071,126.23792326757501,0.5392857142857151,61757.65,-0.023546032493525732,127.22200000000001,0.36935078175287206
2025-12-02 07:15:00,127.38,127.72,127.27,127.44,4087,2025-12-02 07:29:59.999,520998.1300,502,666,85060.9200,0,54.89361702127667,0.18946126999738055,0.17057359795703433,0.01888767204034622,127.80099567219374,127.047,126.29300432780626,0.5514285714285724,37770.85,0.1099764336213673,127.374,0.21442947554305983
2025-12-02 07:30:00,127.46,127.72,127.27,127.27,5108,2025-12-02 07:44:59.999,650569.2800,577,982,125421.0400,0,46.98275862068965,0.18410631713904024,0.17328014179343554,0.010826175345604705,127.77245116836899,127.03699999999999,126.301548831631,0.5500000000000013,37657.7,0.047166103293768004,127.424,0.11928956359104216
2025-12-02 07:45:00,127.27,127.72,127.21,127.21,4700,2025-12-02 07:59:59.999,598293.8000,613,529,67563.8800,0,48.017621145374385,0.17302643877836488,0.17322940119042143,-0.00020296241205655652,127.78890903328184,127.053,126.31709096671815,0.5692857142857152,36687.65,0.27589468705659337,127.38,0.15247950675969696
2025-12-02 08:00:00,127.22,127.72,126.43,126.44,42666,2025-12-02 08:14:59.999,5401235.6700,830,1520,193166.0200,0,36.949152542372964,0.10094930970628013,0.1587733828935932,-0.05782407318731306,127.81244348359206,127.02799999999999,126.24355651640792,0.6450000000000001,35544.3,-0.22095959595959686,127.148,0.4059187110510666
2025-12-02 08:15:00,126.43,126.58,126.2,126.23,5715,2025-12-02 08:29:59.999,722705.6100,588,2643,334530.7900,0,38.790035587188704,0.02657606829988879,0.1323339199748523,-0.10575785167496352,127.80197068003677,127.03099999999999,126.26002931996321,0.6450000000000001,35464.1,-0.41025641025640713,126.918,0.5439393348352743
2025-12-02 08:30:00,126.23,126.58,126.07,126.07,4596,2025-12-02 08:44:59.999,580441.1500,590,1215,153742.5900,0,38.515901060070625,-0.04475995922136633,0.09691514413560856,-0.1416751033569749,127.85058187836417,126.97399999999998,126.09741812163578,0.6335714285714289,25803.05,-0.41864139020537217,126.644,0.5600714239993568
2025-12-02 08:45:00,126.07,126.42,126.0,126.06,9262,2025-12-02 08:59:59.999,1168315.6600,593,3259,411419.4800,0,37.72241992882567,-0.1009376450659687,0.057344586295293105,-0.1582822313612618,127.8749477582352,126.91650000000001,125.95805224176483,0.6185714285714293,25503.25,-0.4658507698381393,126.402,0.47725255366559965
2025-12-02 09:00:00,126.09,126.85,126.0,126.85,283349,2025-12-02 09:14:59.999,35927688.1100,698,280338,35547765.0800,0,53.62318840579711,-0.08078127192351303,0.029719414651531873,-0.1105006865750449,127.81854300975972,126.8885,125.95845699024026,0.6335714285714289,39029.75,0.1341964003788976,126.33,0.3290136774972098
2025-12-02 09:15:00,126.78,126.98,126.78,126.97,10186,2025-12-02 09:29:59.999,1292505.6500,661,7078,898387.9700,0,54.545454545454476,-0.054496007815643566,0.012876330158096782,-0.06737233797374034,127.78281455735936,126.872,125.96118544264064,0.6021428571428576,37697.9,-0.03936387970398139,126.436,0.4399772721179887
2025-12-02 09:30:00,126.98,126.99,126.45,126.5,8556,2025-12-02 09:44:59.999,1084746.7600,617,2257,286502.1300,0,47.727272727272634,-0.07077398029163362,-0.0038537319318493026,-0.06692024835978432,127.74719146661833,126.8365,125.92580853338167,0.5821428571428575,34930.9,-0.7298124460488165,126.49000000000001,0.424676347328719
2025-12-02 09:45:00,126.45,127.0,126.43,126.68,4966,2025-12-02 09:59:59.999,629098.5400,537,1158,147047.1200,0,45.52631578947382,-0.06836186208575157,-0.016755357962629763,-0.0516065041231218,127.74076770157491,126.82750000000001,125.91423229842512,0.5778571428571421,34952.75,-0.7210031347962285,126.61200000000001,0.35590729127208376
2025-12-02 10:00:00,126.68,127.01,126.43,127.01,7255,2025-12-02 10:14:59.999,919973.6400,604,4023,510382.0200,0,44.354838709677374,-0.039368187000377475,-0.021277923770179306,-0.01809026323019817,127.75728770282923,126.84200000000001,125.9267122971708,0.5457142857142847,34894.55,-0.29046946145390984,126.80199999999999,0.21206131184376487
2025-12-02 10:15:00,126.91,127.01,126.8,126.8,6335,2025-12-02 10:29:59.999,803818.2900,554,2310,293232.3100,0,39.361702127659626,-0.03295584114147232,-0.023613507244437913,-0.009342333897034406,127.75900245316518,126.84450000000001,125.92999754683484,0.529285714285714,34885.0,-0.5021971123666044,126.792,0.21040437253271277
2025-12-02 10:30:00,126.84,127.32,126.8,127.32,6154,2025-12-02 10:44:59.999,781637.9800,682,4541,577046.6300,0,49.261083743842335,0.013925123176932175,-0.016105781160163896,0.03003090433709607,127.81102277327419,126.88049999999998,125.94997722672578,0.5342857142857136,34972.45,0.03928655614048649,126.86200000000001,0.31610124957200514
2025-12-02 10:45:00,127.32,128.32,126.8,128.23,1532805,2025-12-02 10:59:59.999,195746918.8600,1338,1527677,195092191.8900,0,58.04480651731153,0.12308912515658221,0.011733200103185336,0.11135592505339688,128.0603221807754,126.9595,125.85867781922464,0.6107142857142845,111242.65,0.8018237559940226,127.208,0.6207817651811941
2025-12-02 11:00:00,128.31,128.35,127.96,128.02,8702,2025-12-02 11:14:59.999,1115447.8400,647,4751,609251.2300,0,57.57575757575776,0.19046161530980044,0.04747888314450837,0.14298273216529206,128.215294612867,127.02649999999998,125.83770538713296,0.6064285714285701,110713.8,1.249604555520415,127.476,0.6250839943414622
2025-12-02 11:15:00,128.02,128.25,127.76,127.99,47317,2025-12-02 11:29:59.999,6049091.6200,844,2811,359612.5900,0,57.926829268292714,0.23868266468556953,0.08571963945272061,0.15296302523284894,128.33941998352586,127.075,125.81058001647416,0.6049999999999979,112564.75,1.394280282024868,127.672,0.5953738321274838
2025-12-02 11:30:00,127.99,128.12,127.76,128.07,5913,2025-12-02 11:44:59.999,756940.5500,559,2879,368795.4300,0,69.26713947990544,0.2801244251402579,0.12460059659022811,0.15552382855002983,128.43979445250727,127.107,125.77420554749273,0.538571428571427,100306.05,1.5864202427222973,127.926,0.35118371258151065
2025-12-02 11:45:00,128.08,128.31,127.76,128.22,6534,2025-12-02 11:59:59.999,837102.3200,640,1832,234919.0000,0,73.86091127098314,0.32136655170573647,0.1639537876133298,0.15741276409240668,128.54580680492836,127.138,125.73019319507166,0.5507142857142843,100426.1,1.7134697762969986,128.106,0.11238327270012856
2025-12-02 12:00:00,128.16,128.54,128.14,128.45,31327,2025-12-02 12:14:59.999,4022594.2000,882,27344,3511501.8100,0,78.06603773584914,0.36836404059087613,0.20483583820883908,0.16352820238203705,128.7146307785031,127.19149999999999,125.66836922149687,0.5428571428571415,101776.65,1.2613322822230937,128.14999999999998,0.1896048522133735
2025-12-02 12:15:00,128.44,128.56,128.37,128.55,13043,2025-12-02 12:29:59.999,1675023.8300,602,3517,451964.1400,0,78.75288683602774,0.40896476218931355,0.245661623004934,0.16330313918437955,128.88483040057724,127.247,125.60916959942276,0.5264285714285697,102224.45,1.244388438213761,128.256,0.24016660880108734
2025-12-02 12:30:00,128.55,128.82,128.36,128.73,11973,2025-12-02 12:44:59.999,1540135.5400,597,7337,944588.0800,0,75.26881720430103,0.4504728516217966,0.28662386872830653,0.1638489828934901,129.08718628571617,127.32000000000001,125.55281371428384,0.49857142857142583,102567.7,1.7628458498023636,128.404,0.2622594135264421
2025-12-02 12:45:00,128.82,128.83,128.36,128.76,4102,2025-12-02 12:59:59.999,527662.9600,530,910,117221.0000,0,74.65564738292002,0.48025300315300967,0.32534969561324717,0.1549033075397625,129.27677057518042,127.3975,125.51822942481957,0.5178571428571398,102537.8,1.6419324281654435,128.542,0.2208393080577788
2025-12-02 13:00:00,128.79,129.34,128.34,129.27,46846,2025-12-02 13:14:59.999,6037978.5800,894,38095,4913211.9300,0,87.73841961852858,0.5387958226927907,0.3680389210291559,0.17075690166363477,129.5371243836742,127.53899999999999,125.54087561632576,0.5507142857142833,102746.8,1.7793874498071058,128.752,0.3165754254261549
2025-12-02 13:15:00,129.34,130.81,129.2,130.56,334399,2025-12-02 13:29:59.999,43366379.1500,1408,325322,42188002.9800,0,90.58577405857734,0.6814285636690585,0.4307168495571365,0.25071171411192195,130.06975309083137,127.75549999999998,125.4412469091686,0.624999999999999,119181.0,2.9652996845425905,129.174,0.8197743591893855
2025-12-02 13:30:00,130.81,130.82,130.39,130.46,10228,2025-12-02 13:44:59.999,1335758.1200,627,3800,496898.6000,0,87.91208791208797,0.777435086500418,0.5000604969457928,0.27737458955462524,130.44373929045003,127.975,125.50626070954996,0.6142857142857139,119462.6,2.46622683003457,129.55599999999998,0.8976246431470966
2025-12-02 13:45:00,130.46,130.76,130.42,130.5,13852,2025-12-02 13:59:59.999,1807850.0100,676,4217,550783.3500,0,92.23744292237464,0.8469850962799512,0.5694454168126245,0.2775396794673267,130.73813194835452,128.19699999999997,125.65586805164543,0.6235714285714279,119692.1,1.7702565702253845,129.91,0.8374365647531056
2025-12-02 14:00:00,130.54,130.9,130.4,130.9,9972,2025-12-02 14:14:59.999,1302307.5100,649,3726,487351.4000,0,92.01877934272324,0.923732424782088,0.6403028184065173,0.2834296063755707,131.12729436638168,128.3995,125.6717056336183,0.6221428571428567,106023.25,2.249648492423055,130.338,0.6218681532174807
2025-12-02 14:15:00,130.87,131.69,130.4,131.58,75961,2025-12-02 14:29:59.999,9973232.3600,887,66919,8788045.2600,0,91.56327543424345,1.02758024711531,0.7177583041482759,0.309821942967034,131.61605883539175,128.63,125.64394116460825,0.605714285714285,109312.0,2.804906633330743,130.8,0.46946778375818476
2025-12-02 14:30:00,131.59,132.19,131.3,132.19,648746,2025-12-02 14:44:59.999,85669229.8400,1050,639086,84398919.9000,0,97.06546275395013,1.1458931535346153,0.8033852740255439,0.34250787950907136,132.12210592802066,128.9145,125.70689407197935,0.6414285714285697,141321.5,3.2169907082064535,131.12600000000003,0.7457747649171953
2025-12-02 14:45:00,132.17,133.1,131.32,132.94,730455,2025-12-02 14:59:59.999,96749277.7800,1034,723542,95833856.4600,0,98.05825242718457,1.2853588989795242,0.89977999901634,0.3855788999631842,132.72558293362596,129.2275,125.72941706637401,0.7335714285714273,177595.95,3.681172983933863,131.622,0.9800102040224101
2025-12-02 15:00:00,132.88,135.04,132.86,135.04,2084816,2025-12-02 15:14:59.999,280239737.8100,1560,2070931,278381129.3700,0,98.60529986053007,1.5475003360206756,1.0293240664172072,0.5181762696034684,133.82843805764512,129.629,125.42956194235487,0.8635714285714258,281474.0,5.1304009342156505,132.53,1.5924195427051981
2025-12-02 15:15:00,135.04,136.48,134.66,135.49,912989,2025-12-02 15:29:59.999,123802482.0100,1221,829426,112473076.5600,0,98.66131191432405,1.7711439082207505,1.177688034777916,0.5934558734428346,134.79502595837053,130.0635,125.33197404162946,0.9542857142857112,326806.7,5.398677557370671,133.448,1.7345229891791314
2025-12-02 15:30:00,135.49,138.62,135.42,138.44,1881991,2025-12-02 15:44:59.999,257453110.8500,1187,1869813,255794546.4500,0,99.01864573110899,2.1615068903350902,1.374451805889351,0.7870550844457394,136.47380287098812,130.61950000000002,124.76519712901192,1.154285714285712,420598.55,7.542919288433161,134.82,2.452192896163169
2025-12-02 15:45:00,138.44,139.07,137.84,137.84,184325,2025-12-02 15:59:59.999,25587405.5000,876,148537,20647324.7100,0,93.45182413470542,2.394851028569036,1.5785316504252882,0.8163193781437479,137.6631250579515,131.1,124.53687494204847,1.2285714285714258,353174.55,7.051879465672579,135.95,2.228901074519654
2025-12-02 16:00:00,137.84,138.74,137.8,138.68,117345,2025-12-02 16:14:59.999,16241438.0600,768,107700,14911073.9200,0,93.83259911894282,2.617387307486581,1.786302781837547,0.831084525649034,138.8425349145562,131.633,124.42346508544381,1.2628571428571413,358606.7,7.279337820066524,137.098,1.7084554427893661
2025-12-02 16:15:00,138.74,138.74,137.45,137.96,110863,2025-12-02 16:29:59.999,15279630.8900,953,44343,6119989.3200,0,88.20598006644528,2.7044754199434635,1.9699373094587305,0.734538110484733,139.65244695885355,132.13150000000002,124.61055304114649,1.3214285714285714,361784.0,5.66789215686275,137.68200000000002,1.2725643402191849
2025-12-02 16:30:00,137.45,139.39,137.45,138.97,224135,2025-12-02 16:44:59.999,31030132.0700,1285,217388,30092381.6400,0,88.67623604465716,2.822456414945975,2.1404411305561797,0.6820152843897955,140.53057510719538,132.6765,124.82242489280463,1.3885714285714283,372695.1,6.523072206040157,138.37800000000001,0.476885730546188
2025-12-02 16:45:00,138.97,139.46,138.59,139.4,325390,2025-12-02 16:59:59.999,45361960.8500,801,319308,44518115.1100,0,87.84246575342475,2.917028916273324,2.2957586876996086,0.6212702285737155,141.34146005548038,133.2355,125.12953994451962,1.335714285714285,388637.9,6.819923371647514,138.57,0.6644546636143538
2025-12-02 17:00:00,139.4,139.85,138.59,139.48,136133,2025-12-02 17:14:59.999,19000707.1100,833,124972,17443892.8400,0,88.6792452830189,2.9642634524554694,2.429459640650781,0.5348038118046885,142.02191948639197,133.787,125.55208051360805,1.394999999999998,393878.2,6.554621848739483,138.898,0.617106149701453
2025-12-02 17:15:00,139.48,140.32,139.33,140.32,294538,2025-12-02 17:29:59.999,41277835.8100,919,289055,40513273.3900,0,89.4060995184591,3.0344983346214462,2.550467379444914,0.4840309551765323,142.71618399315503,134.3755,126.03481600684495,1.441428571428568,407952.95,6.642346861225095,139.226,0.8602209018617492
2025-12-02 17:30:00,140.32,140.64,139.56,139.56,84971,2025-12-02 17:44:59.999,11921791.2300,966,51851,7283480.1700,0,83.77535101404064,2.994317705724484,2.639237444700828,0.35508026102365564,143.11951848359217,134.917,126.71448151640783,1.4828571428571382,411602.85,5.575308268401546,139.546,0.48906032347791784
2025-12-02 17:45:00,139.56,140.64,139.27,139.44,56705,2025-12-02 17:59:59.999,7906113.4300,1043,6435,898999.7500,0,82.05546492659057,2.9191412277485256,2.695218201310368,0.22392302643815754,143.35079320182274,135.451,127.55120679817725,1.4885714285714227,414233.0,4.889423800210622,139.64,0.3847076812340347
2025-12-02 18:00:00,139.44,139.83,139.31,139.6,7421,2025-12-02 18:14:59.999,1036079.7500,727,4111,574303.9200,0,81.37171888230318,2.8397392438329234,2.7241224098148793,0.11561683401804412,143.50834980552315,135.96750000000003,128.4266501944769,1.462142857142853,412261.75,3.3767772511848357,139.68,0.36331804249242355
2025-12-02 18:15:00,139.62,139.99,139.42,139.72,36017,2025-12-02 18:29:59.999,5036271.3900,785,30169,4218781.4500,0,80.3220035778176,2.754740661063323,2.730246060064568,0.024494600998755,143.6911494620403,136.4255,129.1598505379597,1.375714285714283,397342.65,3.1220016237360615,139.728,0.3457166469821714
2025-12-02 18:30:00,139.99,140.11,139.61,139.77,21103,2025-12-02 18:44:59.999,2950289.8900,700,7144,1000680.5800,0,75.90361445783144,2.6607418778556564,2.716345223622786,-0.055603345767129664,143.72767478422412,136.89100000000002,130.05432521577592,1.2557142857142847,397886.4,0.9607049985553399,139.618,0.131224997620259
2025-12-02 18:45:00,139.74,140.11,139.6,139.81,11784,2025-12-02 18:59:59.999,1648616.8100,673,5714,800084.8600,0,74.7706422018349,2.5599651459652364,2.6850692080912766,-0.1251040621260402,143.6033089537975,137.3565,131.10969104620253,1.1621428571428578,397783.0,1.4291932675565866,139.66799999999998,0.14989996664612182
2025-12-02 19:00:00,139.69,139.97,139.63,139.97,7659,2025-12-02 19:14:59.999,1070650.7000,579,4695,656569.0000,0,62.90050590219229,2.4645991577779967,2.6409751980286207,-0.17637604025062403,143.36144741675835,137.81,132.25855258324165,0.9578571428571426,397667.35,0.930199019325059,139.774,0.1350185172510006
2025-12-02 19:15:00,139.97,140.14,139.59,139.95,8863,2025-12-02 19:29:59.999,1240011.8300,699,1459,204391.2000,0,69.71962616822418,2.360200173781976,2.584820193179292,-0.22462001939731557,143.0111892897286,138.2285,133.4458107102714,0.9092857142857136,394312.45,1.4424470861119023,139.844,0.11081516142097819
2025-12-02 19:30:00,139.98,140.5,139.87,140.11,11900,2025-12-02 19:44:59.999,1666696.0500,654,5393,756110.9900,0,65.31049250535334,2.2642727626878525,2.520710707081004,-0.2564379443931517,142.5337951309707,138.6245,134.71520486902932,0.8871428571428562,362470.15,0.8203209325753866,139.92199999999997,0.1360882066928287
2025-12-02 19:45:00,140.11,140.5,139.87,140.21,40841,2025-12-02 19:59:59.999,5723938.4400,856,4034,565757.4400,0,77.7777777777777,2.1712894888940184,2.450826463443607,-0.2795369745495888,141.89533808436852,138.988,136.08066191563148,0.8399999999999973,327989.45,0.5810616929698724,140.01,0.15427248620864034
2025-12-02 20:00:00,140.04,140.25,139.92,139.92,6909,2025-12-02 20:14:59.999,967979.3100,689,2208,309606.5600,0,64.26426426426391,2.0505614027148624,2.3707734512978584,-0.320212048582996,141.4910692074807,139.23200000000003,136.97293079251935,0.7249999999999984,224094.1,0.31545741324920973,140.032,0.123369364110487
2025-12-02 20:15:00,139.91,140.25,138.57,138.65,79258,2025-12-02 20:29:59.999,11008908.8500,944,1761,245815.0800,0,41.00719424460436,1.8312951083840119,2.262877782715089,-0.43158267433107733,140.8466002232949,139.39,137.93339977670507,0.7828571428571414,182407.55,-1.1901368301026136,139.768,0.6360974768073292
2025-12-02 20:30:00,138.67,138.93,138.34,138.34,13705,2025-12-02 20:44:59.999,1901269.5600,685,8085,1122576.1400,0,37.045454545454795,1.6139064719894236,2.133083520569956,-0.5191770485805325,140.85594670552769,139.385,137.9140532944723,0.7349999999999994,88993.25,-0.8741759816566342,139.446,0.8812093962278151
2025-12-02 20:45:00,138.34,139.14,138.34,138.71,150108,2025-12-02 20:59:59.999,20879123.5800,621,146102,20323604.7300,0,29.51653944020393,1.4547113127402156,1.997409079004008,-0.5426977662637924,140.7510378315065,139.4285,138.10596216849353,0.721428571428571,87282.4,-0.5235226620768716,139.166,0.8388861662942028
2025-12-02 21:00:00,138.71,139.14,138.48,138.91,7780,2025-12-02 21:14:59.999,1080300.6900,490,3467,482359.2400,0,40.356083086053424,1.3293622698783736,1.8637997171788812,-0.5344374473005076,140.73892263048126,139.44,138.14107736951874,0.691428571428572,81804.15,-0.49426934097421044,138.906,0.602602688343995
2025-12-02 21:15:00,138.91,139.14,138.55,138.67,6809,2025-12-02 21:29:59.999,944373.1100,540,773,107514.9200,0,38.96848137535814,1.196859603592003,1.7304116944615056,-0.5335520908695026,140.63549047181994,139.47549999999998,138.31550952818003,0.6357142857142861,76601.45,-0.7515030060120321,138.656,0.2046460358742978
2025-12-02 21:30:00,138.66,139.14,138.55,138.87,4112,2025-12-02 21:44:59.999,570707.0200,544,748,104055.8000,0,39.66005665722411,1.095361963583116,1.6034017482858276,-0.5080397847027116,140.64048380554578,139.4705,138.3005161944542,0.6407142857142836,65600.3,-0.6439150032195791,138.7,0.22561028345163703
2025-12-02 21:45:00,138.87,139.21,138.65,139.09,4860,2025-12-02 21:59:59.999,675253.9100,531,2161,300659.0500,0,41.32231404958696,1.0209081206863289,1.4869030227659281,-0.46599490207959926,140.63706776899744,139.45499999999998,138.27293223100253,0.6399999999999965,49573.8,-0.5149846219869816,138.85,0.16852299546158445
2025-12-02 22:00:00,139.08,139.46,138.64,139.41,5147,2025-12-02 22:14:59.999,715972.3300,605,2192,305431.3600,0,45.384615384615245,0.9764681227394192,1.3848160427606264,-0.40834792002120723,140.6336706172957,139.45149999999998,138.26932938270426,0.6628571428571409,43024.5,-0.4000857326569996,138.99,0.2782085548640589
2025-12-02 22:15:00,139.35,139.52,138.64,139.33,67163,2025-12-02 22:29:59.999,9367844.1000,561,63182,8814060.4400,0,43.908629441624534,0.9241408522939594,1.2926810046672932,-0.3685401523733338,140.51173870797427,139.402,138.2922612920257,0.6892857142857126,31655.75,-0.44301536262949354,139.07399999999998,0.3096449579755401
2025-12-02 22:30:00,139.5,139.79,139.08,139.79,7004,2025-12-02 22:44:59.999,975969.2700,623,3727,519833.5000,0,47.87735849056596,0.9093073400954381,1.2160062717529223,-0.3066989316574842,140.53483895527089,139.4135,138.2921610447291,0.7157142857142824,27757.4,-0.22839197773179756,139.298,0.3471599055190522
2025-12-02 22:45:00,139.69,139.88,139.08,139.87,9505,2025-12-02 22:59:59.999,1328715.3000,609,5660,791539.9000,0,49.06976744186065,0.8937049320755648,1.1515460038174508,-0.257841071741886,140.57481531282255,139.435,138.29518468717745,0.7335714285714252,25397.4,-0.24249340275301576,139.498,0.32637401857423276
2025-12-02 23:00:00,139.88,139.88,139.33,139.33,9315,2025-12-02 23:14:59.999,1301223.1900,623,4490,628010.8900,0,41.666666666666615,0.8282192285605845,1.0868806487660776,-0.2586614202054931,140.5594811301634,139.42149999999998,138.28351886983657,0.7278571428571387,25492.1,-0.42166952544309255,139.546,0.26283074401668094
2025-12-02 23:15:00,139.33,139.88,139.16,139.17,12627,2025-12-02 23:29:59.999,1757863.9400,607,1252,174748.5100,0,39.029535864978705,0.7547108371620936,1.0204466864452808,-0.26573584928318716,140.52818461319953,139.394,138.25981538680048,0.7342857142857103,24322.6,0.3750450775333442,139.498,0.3113197712968042
2025-12-02 23:30:00,139.17,139.27,138.8,138.83,5468,2025-12-02 23:44:59.999,760661.1400,681,1716,238978.8600,0,38.62212943632585,0.6613955921956176,0.9486364675953481,-0.28724087539973053,140.49341959801527,139.347,138.20058040198475,0.7442857142857093,23540.85,0.3541997976001222,139.398,0.4346492839061725
2025-12-02 23:45:00,138.84,138.88,138.49,138.66,8690,2025-12-02 23:59:59.999,1205648.6500,720,2813,390554.8200,0,50.13550135501343,0.567186832268078,0.8723465405298941,-0.30515970826181615,140.45336787094988,139.2895,138.12563212905013,0.6521428571428507,23386.15,-0.03604642779901331,139.172,0.4720381340525629
2025-12-03 00:00:00,138.61,138.88,138.22,138.26,6132,2025-12-03 00:14:59.999,849217.4700,676,1074,149145.7000,0,48.94179894179877,0.45500405076052175,0.7888780425760197,-0.33387399181549793,140.40793040539296,139.204,138.00006959460706,0.6571428571428503,23309.8,-0.46792887481103285,138.85,0.42349734355644786
2025-12-03 00:15:00,138.26,138.88,137.81,137.84,21330,2025-12-03 00:29:59.999,2941198.3400,818,999,137932.8300,0,38.64229765013044,0.3284220532744655,0.696786844715709,-0.36836479144124346,140.39353139566836,139.0985,137.80346860433164,0.6764285714285653,23933.15,-0.5985433042474827,138.552,0.5155288546715249
2025-12-03 00:30:00,137.84,138.38,137.8,138.38,14333,2025-12-03 00:44:59.999,1980164.8100,756,12266,1695121.9200,0,43.64508393285368,0.26858234523521674,0.6111459448196106,-0.34256359958439386,140.25251941582152,139.012,137.77148058417848,0.6707142857142786,24054.8,-0.3528479873262829,138.394,0.3827270567894487
2025-12-03 00:45:00,138.38,138.63,138.14,138.14,27705,2025-12-03 00:59:59.999,3836587.6900,719,11244,1557766.7600,0,43.64508393285368,0.19949331648385282,0.528815419152459,-0.3293221026686062,140.07113358031802,138.9085,137.745866419682,0.6635714285714239,23398.0,-0.6830110000719082,138.256,0.3021258016100509
2025-12-03 01:00:00,138.14,138.63,137.95,138.23,4005,2025-12-03 01:14:59.999,553810.5500,615,969,134286.4800,0,42.11822660098498,0.15026979462470536,0.45310629424690824,-0.3028364996222029,139.9208932203365,138.82399999999998,137.72710677966347,0.6699999999999976,23252.8,-0.8464242163402962,138.17,0.20346989948981256
2025-12-03 01:15:00,138.23,138.63,138.07,138.43,10083,2025-12-03 01:29:59.999,1392821.0900,621,1462,202194.5900,0,41.83168316831686,0.1259462969330798,0.38767429478414256,-0.26172799785106277,139.9215903804188,138.81300000000002,137.70440961958124,0.6699999999999976,19794.05,-0.6459484676666947,138.204,0.234158066268164
2025-12-03 01:30:00,138.42,138.64,138.07,138.43,4060,2025-12-03 01:44:59.999,562202.3100,588,2184,302632.4200,0,36.82795698924745,0.10545414008711873,0.3312302638447378,-0.22577612375761907,139.9187122506723,138.8175,137.7162877493277,0.6521428571428528,19311.8,-0.9728879032834861,138.322,0.13065221007934927
2025-12-03 01:45:00,138.43,138.98,138.07,138.81,22632,2025-12-03 01:59:59.999,3139224.2600,763,18925,2625705.1900,0,43.5323383084576,0.1185106651783201,0.2886863441114543,-0.17017567893313418,139.9225645913951,138.8225,137.7224354086049,0.6542857142857079,12938.0,-0.7578465718166885,138.40800000000002,0.2579147145835984
2025-12-03 02:00:00,138.81,139.55,138.79,139.55,84192,2025-12-03 02:14:59.999,11741747.8600,640,82516,11508851.5600,0,47.209302325581646,0.18642092654405928,0.2682332605979753,-0.08181233405391602,140.00151397228177,138.8545,137.70748602771823,0.6578571428571394,16758.6,0.15789851431852353,138.69,0.5245950819433294
2025-12-03 02:15:00,139.55,140.16,138.78,140.14,302101,2025-12-03 02:29:59.999,42172930.7500,764,291784,40736478.3100,0,52.806652806652615,0.2845680438358045,0.27150021724554113,0.013067826590263343,140.2061335075553,138.928,137.6498664924447,0.6992857142857117,31523.2,0.6969892936696119,139.072,0.752010638222381
2025-12-03 02:30:00,140.13,140.16,139.8,139.92,14653,2025-12-03 02:44:59.999,2050792.5200,791,7423,1039320.7200,0,56.57015590200417,0.3406711352314744,0.2853344008427278,0.05533673438874659,140.3327141686406,138.9805,137.62828583135942,0.6857142857142833,32050.25,0.7851328963480335,139.36999999999998,0.728868986855683
2025-12-03 02:45:00,139.94,139.97,139.59,139.97,58659,2025-12-03 02:59:59.999,8197823.2700,889,3236,452413.2400,0,59.13242009132434,0.3847328605673397,0.3052140927876502,0.07951876777968947,140.44715097246345,139.0245,137.60184902753653,0.6614285714285687,34740.2,0.9447569594692069,139.678,0.5308201201918071
2025-12-03 03:00:00,139.97,140.09,139.88,140.0,6888,2025-12-03 03:14:59.999,964274.8900,624,3537,495303.5500,0,64.37346437346415,0.41726289767584035,0.32762385376528824,0.08963904391055211,140.53363580155408,139.054,137.57436419844592,0.6428571428571408,34827.25,1.2584984811225295,139.916,0.2202952564191228
2025-12-03 03:15:00,139.96,140.41,139.88,140.39,21438,2025-12-03 03:29:59.999,3006993.8000,657,15050,2112563.7100,0,70.16317016317008,0.46910537236001915,0.35592015748423445,0.1131852148757847,140.69986699480378,139.10700000000003,137.51413300519627,0.6528571428571419,32541.0,1.8499709808473468,140.084,0.18955210365754052
2025-12-03 03:30:00,140.41,140.41,140.0,140.41,19640,2025-12-03 03:44:59.999,2754073.4400,642,7372,1035086.5000,0,77.49360613810751,0.5059722072566046,0.3859305674387085,0.12004163981789612,140.80904883546336,139.13799999999998,137.4669511645366,0.634999999999999,33172.8,1.466974996386762,140.138,0.24097717734481428
2025-12-03 03:45:00,140.18,140.44,140.09,140.33,4575,2025-12-03 03:59:59.999,641948.9300,565,1385,194475.6600,0,84.87394957983213,0.5227086481897629,0.4132861835889194,0.10942246460084354,140.88625390960541,139.161,137.4357460903946,0.5835714285714276,32926.3,1.5853481974808359,140.21999999999997,0.21679483388952467
2025-12-03 04:00:00,140.26,140.44,140.24,140.35,7243,2025-12-03 04:14:59.999,1016225.9100,605,1522,213683.3100,0,82.29508196721328,0.531459892246346,0.4369209253204047,0.09453896692594133,141.0167609551517,139.212,137.40723904484827,0.5564285714285708,32822.7,1.5336757577949829,140.296,0.16846364593374355
2025-12-03 04:15:00,140.35,141.34,140.24,140.91,705700,2025-12-03 04:29:59.999,99495669.6900,986,702169,99000062.4800,0,91.09792284866514,0.5769321217237575,0.46492316460107525,0.11200895712268227,141.25652690375486,139.299,137.34147309624515,0.5999999999999984,67476.35,1.7915191793686267,140.478,0.24355697485708472
2025-12-03 04:30:00,140.99,141.62,140.87,141.62,35330,2025-12-03 04:44:59.999,4997367.3100,813,32585,4609728.3700,0,92.48120300751918,0.6626219639442752,0.5044629244697153,0.1581590394745599,141.63799539667087,139.4385,137.23900460332914,0.6049999999999979,68969.45,2.304413783139491,140.724,0.5547792353737275
2025-12-03 04:45:00,141.63,142.26,141.59,142.2,60672,2025-12-03 04:59:59.999,8606516.6100,968,54958,7795597.7600,0,93.1350114416479,0.7684744390293474,0.5572652273816417,0.21120921164770567,142.10220972635202,139.6155,137.12879027364798,0.6128571428571397,71568.55,2.4421871623081812,141.08200000000002,0.8170495701010515
2025-12-03 05:00:00,142.21,143.0,142.05,142.61,411470,2025-12-03 05:14:59.999,58716305.8700,1076,406443,57999452.1800,0,93.72384937238526,0.8753562991212789,0.6208834417295692,0.25447285739170966,142.56896783606373,139.833,137.09703216393626,0.6399999999999965,91835.45,2.192762450734505,141.538,0.9219381758029708
2025-12-03 05:15:00,142.61,143.01,142.21,142.36,13274,2025-12-03 05:29:59.999,1891594.2000,859,5768,823248.6200,0,88.172043010753,0.9291770578927867,0.6825421649622128,0.24663489293057395,142.84801529500362,140.059,137.26998470499638,0.6321428571428527,91432.65,1.5841301555587468,141.94,0.68121215491461
2025-12-03 05:30:00,142.37,143.04,142.17,142.6,189447,2025-12-03 05:44:59.999,27089980.6500,811,182794,26143076.2100,0,86.74698795180748,0.9799007058431926,0.7420138731384088,0.23788683270478372,143.16084216466874,140.27,137.37915783533128,0.6399999999999945,100188.35,1.9153802172670147,142.27800000000002,0.4061034351046714
2025-12-03 05:45:00,142.6,143.05,142.16,142.97,12433,2025-12-03 05:59:59.999,1775275.0000,613,5876,840440.7800,0,86.00508905852453,1.0379901655668107,0.8012091316240894,0.23678103394272132,143.45955038162595,140.5115,137.56344961837408,0.6049999999999959,99424.75,2.1433164249482033,142.548,0.29201027379897754
2025-12-03 06:00:00,142.98,143.22,142.7,143.14,7371,2025-12-03 06:14:59.999,1054094.6700,730,3767,539226.9200,0,91.49484536082508,1.085234156340988,0.8580141365674692,0.2272200197735188,143.72279163124662,140.757,137.7912083687534,0.6164285714285691,99593.05,2.242857142857133,142.736,0.31373555744350856
2025-12-03 06:15:00,143.14,143.68,143.1,143.44,97056,2025-12-03 06:29:59.999,13921776.2700,998,89942,12901676.6200,0,92.00968523002453,1.1338129621459245,0.9131739016831603,0.22063906046276427,143.99199237506377,141.0075,138.0230076249362,0.6307142857142846,103941.7,2.1725194102144108,142.902,0.42885895117696277
2025-12-03 06:30:00,143.66,143.79,143.18,143.33,17762,2025-12-03 06:44:59.999,2548438.4000,820,5973,858647.4900,0,89.54869358669895,1.1501774058717729,0.9605746025208829,0.18960280335088997,144.1492922367904,141.2525,138.3557077632096,0.6592857142857115,104626.8,2.0796239584075322,143.096,0.33049962179231973
2025-12-03 06:45:00,143.33,143.79,142.3,142.3,83345,2025-12-03 06:59:59.999,11893235.2800,667,4023,573518.1500,0,69.69072164948493,1.067725874251039,0.9820048568669142,0.08572101738412474,144.11739695759647,141.427,138.73660304240352,0.7278571428571387,107662.45,1.4038338202807659,143.036,0.44903229283069007
2025-12-03 07:00:00,142.3,142.48,142.3,142.3,6911,2025-12-03 07:14:59.999,984023.5900,92,3540,504330.2600,0,69.56521739130469,0.9909592796849438,0.9837957414305201,0.007163538254423729,144.12913786301135,141.5645,138.99986213698867,0.7114285714285659,103798.4,1.389383683648035,142.902,0.5599285668767117
2025-12-03 07:15:00,142.3,142.48,142.25,142.48,6471,2025-12-03 07:29:59.999,921090.3700,102,2141,305049.6500,0,71.8052738336714,0.933880502977189,0.973812693739854,-0.039932190762664965,144.18529312243842,141.6815,139.17770687756158,0.702857142857137,89016.9,1.1141863600879947,142.77,0.5675385449504187
2025-12-03 07:30:00,142.48,142.48,142.24,142.48,3536,2025-12-03 07:44:59.999,503078.8400,131,456,64970.8800,0,71.69042769857444,0.8785181508218045,0.9547537851562442,-0.0762356343344397,144.19298241466603,141.8095,139.426017585334,0.7057142857142793,88461.05,0.6072588617426812,142.578,0.4299069666848694
2025-12-03 07:45:00,142.48,142.48,141.95,142.0,26834,2025-12-03 07:59:59.999,3812981.1700,188,1380,196044.0000,0,61.28364389233968,0.7868408874428496,0.9211712056135652,-0.1343303181707156,144.13200877980464,141.911,139.68999122019537,0.664999999999994,86869.8,-0.1406469760900061,142.31199999999998,0.19626512681529767
2025-12-03 08:00:00,142.0,142.0,141.84,142.0,2614,2025-12-03 08:14:59.999,371029.4400,139,905,128509.5200,0,54.61165048543689,0.7060471239699666,0.8781463892848457,-0.17209926531487907,144.04166906266735,142.01100000000002,139.9803309373327,0.6228571428571367,86656.1,-0.42773999018302616,142.252,0.24149534157773275
2025-12-03 08:15:00,142.0,142.0,137.9,140.72,12462,2025-12-03 08:29:59.999,1750569.4100,262,4402,624159.8800,0,34.64730290456431,0.5325927836539393,0.8090356681586645,-0.2764428845047252,144.00744019047633,142.02749999999997,140.04755980952362,0.8678571428571372,86207.3,-1.1520089912896985,141.936,0.7208883408707087
2025-12-03 08:30:00,140.72,142.0,136.25,141.31,19502,2025-12-03 08:44:59.999,2743902.5600,471,14290,2024668.5000,0,36.999999999999744,0.4376916021111583,0.7347668549491633,-0.29707525283800496,143.9350830959832,142.0725,140.20991690401678,1.2107142857142807,86200.4,-0.9046283309957869,141.702,0.6893620239054454
2025-12-03 08:45:00,141.31,142.0,139.5,141.27,3839,2025-12-03 08:59:59.999,541878.4900,183,1841,261326.7100,0,38.622129436325494,0.35516000287265115,0.6588454845338609,-0.3036854816612098,143.8388814677225,142.11950000000002,140.40011853227753,1.3321428571428535,86163.6,-1.1890606420927388,141.45999999999998,0.5452980836227865
2025-12-03 09:00:00,142.0,142.29,140.0,142.29,52480,2025-12-03 09:14:59.999,7448590.1500,659,20460,2906089.4400,0,47.217235188509825,0.3678186074251357,0.600640109112116,-0.23282150168698024,143.72102335518068,142.21650000000002,140.71197664481937,1.433571428571424,88425.45,-0.5938242280284997,141.518,0.6264742612452348
2025-12-03 09:15:00,142.29,142.29,141.64,141.76,5764,2025-12-03 09:29:59.999,817618.9500,651,1273,180541.1800,0,39.44153577661412,0.33126545022349774,0.5467651773343923,-0.2154997271108946,143.65201868350704,142.259,140.86598131649293,1.4164285714285663,53428.65,-1.1712214166201944,141.47,0.5883451368055094
2025-12-03 09:30:00,141.76,142.07,141.62,142.04,8596,2025-12-03 09:44:59.999,1218875.2400,629,4108,582671.3100,0,40.58219178082188,0.32118801423675336,0.5016497447148646,-0.1804617304781112,143.64483660096602,142.28,140.915163399034,1.4114285714285646,52091.95,-0.9000209307193332,141.73399999999998,0.44679973142680673
2025-12-03 09:45:00,142.04,142.2,141.89,142.04,19416,2025-12-03 09:59:59.999,2758640.9900,671,15184,2157636.1300,0,37.36462093862796,0.3096323249111208,0.4632462607541158,-0.153613935842995,143.6406812707934,142.272,140.90331872920657,1.3921428571428496,50029.15,-0.18271257905834104,141.88,0.38916577445000544
2025-12-03 10:00:00,142.04,142.2,141.74,141.79,10032,2025-12-03 10:14:59.999,1423731.5100,608,2787,396311.1300,0,36.443661971830686,0.2771071287168638,0.4260184343466655,-0.14891130562980165,143.60616161728444,142.231,140.85583838271555,1.3814285714285635,29957.25,-0.35839775122980977,141.98399999999998,0.21663333077674402
2025-12-03 10:15:00,141.79,142.2,141.73,142.1,30425,2025-12-03 10:29:59.999,4319445.9100,711,20214,2871506.9200,0,47.983870967741744,0.27319585387843404,0.3954539182530192,-0.12225806437458514,143.59294267821946,142.218,140.84305732178052,1.308571428571422,30814.8,-0.266704098820884,141.94599999999997,0.15836666316928563
2025-12-03 10:30:00,141.93,142.1,141.28,141.29,22836,2025-12-03 10:44:59.999,3235526.2800,693,15455,2190816.0200,0,41.24783362218348,0.20240273708049017,0.3568436820185134,-0.15444094493802324,143.57481649448874,142.1525,140.73018350551126,1.3542857142857088,22484.25,-0.8352049410443556,141.852,0.3361101010134081
2025-12-03 10:45:00,141.29,141.6,141.21,141.25,6040,2025-12-03 10:59:59.999,854023.6500,534,2015,285161.7800,0,39.0763765541741,0.14144057734327475,0.3137630610834657,-0.17232248374019093,143.48868919459818,142.0665,140.6443108054018,1.3657142857142799,22164.6,-0.528169014084507,141.69400000000002,0.4043884271378489
2025-12-03 11:00:00,141.27,141.52,127.42,140.94,119302,2025-12-03 11:14:59.999,16776239.9100,921,3343,472628.7900,0,37.037037037037045,0.06733699832014395,0.26447784853080136,-0.19714085021065741,143.3693772435113,141.95649999999998,140.54362275648865,2.355714285714282,27761.15,-0.7464788732394382,141.474,0.4639288738618467
2025-12-03 11:15:00,140.94,141.33,140.88,141.33,6316,2025-12-03 11:29:59.999,891556.6600,573,3325,469922.0700,0,44.27350427350437,0.03962237659757761,0.2195067541441566,-0.179884377546579,143.10346535826486,141.851,140.59853464173514,2.3499999999999974,23224.15,0.433484934621954,141.382,0.4299651148670022
2025-12-03 11:30:00,141.33,141.33,140.86,141.33,11522,2025-12-03 11:44:59.999,1625146.1700,618,3045,430337.8300,0,44.27350427350437,0.01745710457447558,0.17909682423022039,-0.1616397196557448,142.81080931749221,141.751,140.6911906825078,2.3721428571428547,22912.15,0.01415328002265249,141.228,0.16437761405489998
2025-12-03 11:45:00,141.33,141.33,140.84,141.33,10743,2025-12-03 11:59:59.999,1517068.7200,644,8159,1152953.8000,0,56.67396061269162,-0.00010779065240740238,0.14325590125369483,-0.14336369190610224,142.74516611700423,141.70250000000001,140.6598338829958,2.114285714285713,19282.05,0.04247186239116746,141.23600000000002,0.16905620367911242
2025-12-03 12:00:00,141.33,141.86,140.81,141.6,382571,2025-12-03 12:14:59.999,54190183.5700,816,377871,53526122.5000,0,53.41176470588228,0.007670229219968405,0.11613876684694954,-0.10846853762698114,142.6720134983617,141.6675,140.66298650163827,1.778571428571428,38065.05,-0.48492515285684007,141.306,0.23564804264514902
2025-12-03 12:15:00,141.6,141.86,141.36,141.36,9411,2025-12-03 12:29:59.999,1331680.0900,830,2873,406828.1000,0,51.011235955056236,-0.0054685897315494,0.09181729553124976,-0.09728588526279916,142.5478596924549,141.6115,140.67514030754512,1.635714285714285,38212.05,-0.2821670428893745,141.39000000000001,0.1181101181212126
2025-12-03 12:30:00,141.36,141.66,141.15,141.41,8536,2025-12-03 12:44:59.999,1207152.6000,728,4207,595675.7100,0,37.35632183908038,-0.011711612104022606,0.07111151400419528,-0.08282312610821789,142.4032617159148,141.558,140.7127382840852,1.5085714285714278,38462.05,-0.4435370318220188,141.406,0.11326958992876085
2025-12-03 12:45:00,141.39,141.88,141.12,141.86,17487,2025-12-03 12:59:59.999,2475694.7200,737,12168,1724353.0000,0,51.470588235294464,0.019428032613888035,0.060774817726133835,-0.0413467851122458,142.38306528082185,141.551,140.71893471917812,1.5164285714285697,37994.7,-0.12672486623484822,141.512,0.22106560112957893
2025-12-03 13:00:00,141.85,142.0,141.76,141.87,9587,2025-12-03 13:14:59.999,1360475.1200,680,4874,691943.3800,0,47.284345047923495,0.044401508873079365,0.05750015595552294,-0.013098647082443578,142.3637287772313,141.5445,140.7252712227687,1.5014285714285711,38343.35,0.056421468368723124,141.62,0.24093567606922933
2025-12-03 13:15:00,141.86,142.27,141.86,141.86,19358,2025-12-03 13:29:59.999,2749663.7200,779,13673,1942591.0900,0,47.13375796178374,0.06266390185254522,0.058532905134927406,0.004130996717617817,142.3331391114776,141.60150000000002,140.86986088852242,1.5085714285714278,38688.15,-0.1688951442645888,141.672,0.2626214005046276
2025-12-03 13:30:00,141.86,142.02,141.6,141.73,18032,2025-12-03 13:44:59.999,2555091.9000,899,2983,422833.9300,0,49.00662251655625,0.06588755559025117,0.06000383522599216,0.005883720364259007,142.34293481020802,141.6225,140.90206518979198,1.5057142857142876,38614.65,0.3114162361101265,141.746,0.19654516021291393
2025-12-03 13:45:00,141.73,141.87,141.61,141.8,8893,2025-12-03 13:59:59.999,1260673.8400,919,4490,636860.7600,0,44.604316546762895,0.07324640047775688,0.06265234827634511,0.010594052201411769,142.3536581851257,141.64900000000003,140.94434181487435,1.490714285714287,38867.35,0.38938053097345937,141.824,0.05941380313721884
2025-12-03 14:00:00,141.82,141.87,138.76,139.94,289773,2025-12-03 14:14:59.999,40660154.1900,1627,39206,5483321.4400,0,32.375979112271665,-0.07019890794919093,0.036082097031237895,-0.10628100498042882,142.51475506674822,141.5315,140.54824493325177,1.654285714285717,50732.0,-0.7095217823187172,141.44,0.8403868157001908
2025-12-03 14:15:00,139.94,140.81,139.9,140.78,16895,2025-12-03 14:29:59.999,2370650.5900,827,11542,1620799.3200,0,44.92440604751623,-0.11477629879138362,0.005910417866713582,-0.1206867166580972,142.5142869016889,141.48250000000002,140.45071309831113,1.691428571428575,51288.55,-0.38916012170099157,141.222,0.842330101564946
2025-12-03 14:30:00,140.76,143.0,140.13,143.0,1414336,2025-12-03 14:44:59.999,199994020.4600,1583,1399459,197896478.3200,0,65.74923547400607,0.02870040409626995,0.010468415112624857,0.018231988983645094,142.74468762097038,141.53050000000002,140.31631237902965,0.8892857142857176,121575.55,1.1816316422557047,141.45,1.1545994976625982
2025-12-03 14:45:00,143.0,143.06,141.1,141.22,109615,2025-12-03 14:59:59.999,15529996.6800,1462,24714,3501944.3200,0,49.3064312736443,-0.001210445824767703,0.008132642925146346,-0.009343088749914049,142.6865045947992,141.4895,140.29249540520078,0.9971428571428598,126085.5,-0.07783202434020635,141.348,1.1461762517181138
2025-12-03 15:00:00,141.22,141.9,140.59,140.64,89352,2025-12-03 15:14:59.999,12597384.7500,1023,10799,1529502.6900,0,45.94594594594581,-0.07089888441447556,-0.007673662542778041,-0.06322522187169752,142.6777185624421,141.43200000000002,140.18628143755794,1.05714285714286,130051.5,-0.6779661016949209,141.116,1.1492084232210722
2025-12-03 15:15:00,140.64,140.94,140.28,140.72,47003,2025-12-03 15:29:59.999,6603420.8100,796,4092,576079.5500,0,46.449359720605294,-0.11830835756123292,-0.029800601546469022,-0.0885077560147639,142.60579989496227,141.363,140.12020010503772,1.0692857142857162,130880.4,-0.4527447651386635,141.272,0.9918265977490612
2025-12-03 15:30:00,140.94,141.2,140.28,140.93,7072,2025-12-03 15:44:59.999,996398.5000,623,3984,561526.4400,0,46.07268464243855,-0.13735215153593572,-0.051310911544362375,-0.08604123999157334,142.60259168336793,141.345,140.08740831663206,1.0600000000000003,130092.2,-0.339438512127848,141.302,0.9753563451388004
2025-12-03 15:45:00,140.93,141.18,140.82,140.94,14004,2025-12-03 15:59:59.999,1975371.3500,676,9930,1401021.6200,0,47.46987951807221,-0.14990951545871667,-0.07103063232723325,-0.07887888313148342,142.59960111490236,141.3295,140.05939888509764,1.0500000000000012,130490.4,-0.6485267164810488,140.89000000000001,0.22605309111347002
2025-12-03 16:00:00,140.92,141.2,140.06,140.16,51457,2025-12-03 16:14:59.999,7226301.6500,721,1418,199941.1500,0,43.07862679955711,-0.2202617576722048,-0.10087685739622758,-0.11938490027597722,142.65532850280772,141.2905,139.9256714971923,1.0950000000000009,127098.15,-1.205328822161139,140.678,0.3176790833556207
2025-12-03 16:15:00,140.21,140.39,139.91,140.28,19270,2025-12-03 16:29:59.999,2698355.0500,687,2683,376167.3900,0,40.919540229885065,-0.26329828068651295,-0.13336114205428468,-0.12993713863222828,142.67528691783576,141.238,139.80071308216424,1.0750000000000008,127745.85,-1.1137741435217907,140.606,0.3656227564055179
2025-12-03 16:30:00,140.28,141.42,139.91,141.28,322100,2025-12-03 16:44:59.999,45363253.9000,864,318540,44861296.2400,0,46.95562435500517,-0.2142437242938513,-0.14953765850219802,-0.06470606579165328,142.67228698563028,141.2355,139.79871301436972,1.1657142857142853,143274.75,-0.3175051153601839,140.718,0.47782842109037876
2025-12-03 16:45:00,141.42,141.52,140.66,140.66,28773,2025-12-03 16:59:59.999,4060960.8800,732,7645,1081234.5000,0,44.17475728155337,-0.2228278328261979,-0.16419569336699802,-0.05863213945919987,142.66058763696537,141.202,139.74341236303462,1.1978571428571436,144176.25,-0.8039492242595309,140.66400000000002,0.46290387771291036
2025-12-03 17:00:00,140.66,141.52,140.65,141.13,9485,2025-12-03 17:14:59.999,1337738.7600,580,3835,542565.8200,0,47.18045112781959,-0.18952104796889557,-0.16926076428737755,-0.020260283681518026,142.6251844125258,141.1785,139.73181558747422,1.23,125521.95,0.8503644419036714,140.702,0.4977147777610175
2025-12-03 17:15:00,141.12,141.52,140.6,140.85,13605,2025-12-03 17:29:59.999,1916102.1900,658,2623,371098.5900,0,45.62211981566815,-0.18360238692150688,-0.17212908881420344,-0.011473298107303437,142.6041860847607,141.153,139.70181391523928,1.277142857142859,125731.65,0.04972297201306519,140.84,0.394905051881949
2025-12-03 17:30:00,140.85,141.58,140.56,141.55,90920,2025-12-03 17:44:59.999,12867419.9700,635,86822,12290316.7100,0,58.30753353973171,-0.12103246858612238,-0.16190976476858723,0.040877296182464856,142.61774158419365,141.16000000000003,139.7022584158064,1.1278571428571442,129850.85,-1.013986013986006,141.094,0.3506137475944496
2025-12-03 17:45:00,141.48,141.95,140.56,141.84,21454,2025-12-03 17:59:59.999,3040997.7000,747,19555,2771797.7000,0,55.79868708971552,-0.04749726227106521,-0.13902726426908282,0.09153000199801761,142.61474578462216,141.159,139.70325421537783,1.1621428571428578,130049.2,0.43903129868290935,141.20600000000002,0.4875756351607109
2025-12-03 18:00:00,141.84,142.0,141.76,141.99,7664,2025-12-03 18:14:59.999,1087661.7300,509,5168,733614.9500,0,42.857142857142975,0.02262288241757915,-0.10669723493175043,0.12932011734932958,142.63401327426664,141.16500000000002,139.6959867257334,0.9742857142857153,129953.05,0.9598976109215179,141.472,0.4779330497075098
2025-12-03 18:15:00,141.98,142.02,141.13,141.24,18536,2025-12-03 18:29:59.999,2619177.1300,662,6924,978512.7600,0,50.165562913907365,0.01747344726007327,-0.08186309849338569,0.09933654575345896,142.56698584118064,141.134,139.70101415881933,0.8978571428571444,129911.95,0.36952814098920567,141.494,0.46046715409760525
2025-12-03 18:30:00,141.26,141.75,141.12,141.75,11300,2025-12-03 18:44:59.999,1598957.7800,586,9857,1395018.4000,0,59.29648241206037,0.05392362259522088,-0.054705754275664376,0.10862937687088525,142.56976387199867,141.135,139.7002361280013,0.8492857142857153,129575.35,0.5818491449655808,141.67400000000004,0.2902240513861483
2025-12-03 18:45:00,141.75,141.84,140.81,141.09,6488,2025-12-03 18:59:59.999,917859.0700,627,1951,276509.1800,0,52.824427480916064,0.02921736540659481,-0.03792113033921254,0.06713849574580735,142.4997026169068,141.09949999999998,139.69929738309315,0.8757142857142871,129455.1,0.1064282673478116,141.58200000000002,0.39378928375828687
2025-12-03 19:00:00,141.1,141.84,140.79,141.25,7737,2025-12-03 19:14:59.999,1094373.2200,520,3360,476581.3900,0,52.46153846153841,0.022291182533365372,-0.025878667764696953,0.048169850298062325,142.4550509985729,141.16500000000002,139.87494900142715,0.8850000000000031,115353.3,0.777682648401829,141.464,0.38546076324666245
2025-12-03 19:15:00,141.25,141.84,140.79,141.0,6615,2025-12-03 19:29:59.999,933183.8900,581,3535,498778.7100,0,50.445103857566785,-0.003332364532923293,-0.02136940711834222,0.01803704258541893,142.45594078809296,141.176,139.89605921190702,0.9342857142857172,114839.3,0.5132591958939255,141.266,0.2902240513851651
2025-12-03 19:30:00,141.0,141.27,140.78,141.27,16876,2025-12-03 19:44:59.999,2379410.6000,598,5618,792487.1500,0,58.90850722311405,-0.001831355943465951,-0.017461796883366968,0.015630440939901017,142.04248920299463,141.0895,140.13651079700534,0.8878571428571475,44966.3,-0.007078142695350302,141.272,0.289862036152421
2025-12-03 19:45:00,141.27,141.39,141.05,141.21,7125,2025-12-03 19:59:59.999,1006350.9600,588,3586,506652.7100,0,57.53646677471641,-0.005420806695980218,-0.015053598845889618,0.0096327921499094,142.04171136622807,141.089,140.13628863377193,0.8778571428571463,39841.8,0.39101379212285753,141.164,0.1152388823369973
2025-12-03 20:00:00,141.21,141.27,140.79,140.96,5529,2025-12-03 20:14:59.999,779915.7200,556,1021,144215.5400,0,47.04797047970487,-0.02811429880466676,-0.017665738837645047,-0.010448559967021712,142.03647308347306,141.105,140.17352691652692,0.8042857142857197,35650.65,-0.12045631687096117,141.138,0.14652644813222312
2025-12-03 20:15:00,141.05,141.27,140.9,141.2,9743,2025-12-03 20:29:59.999,1373532.9000,558,383,54087.5300,0,55.35714285714278,-0.026428410299473626,-0.019418273130010766,-0.00701013716946286,142.04328200185662,141.129,140.21471799814336,0.7692857142857191,33787.65,0.24849130280439782,141.12800000000001,0.13845576911862878
2025-12-03 20:30:00,141.13,141.27,140.9,141.23,2854,2025-12-03 20:44:59.999,402911.0500,530,1181,166779.2600,0,51.08695652173906,-0.022413216623903054,-0.020017261828789226,-0.0023959547951138277,142.05437065902504,141.144,140.23362934097497,0.7335714285714333,33576.75,-0.22606852702226884,141.17400000000004,0.12259690045956018
2025-12-03 20:45:00,141.2,141.77,141.08,141.66,10231,2025-12-03 20:59:59.999,1447970.0200,688,8579,1214158.7300,0,58.526315789473706,0.015290005960935105,-0.012955808270844358,0.028245814231779465,142.11306512435482,141.18,140.2469348756452,0.7171428571428606,33388.1,-0.12690355329949718,141.252,0.2533179819957406
2025-12-03 21:00:00,141.66,142.3,141.28,142.22,167238,2025-12-03 21:14:59.999,23783832.1400,851,160959,22895496.3100,0,57.26681127982635,0.08932768740535835,0.007500890864396188,0.08182679654096216,142.19657251316644,141.283,140.36942748683353,0.7171428571428606,39177.15,0.16198323825620803,141.454,0.49697082409600546
2025-12-03 21:15:00,142.21,142.44,142.17,142.43,12365,2025-12-03 21:29:59.999,1760252.6700,640,10489,1493261.8700,0,56.51214128035324,0.16306857529025365,0.03861442774956769,0.12445414754068596,142.31307020840939,141.3905,140.46792979159062,0.6371428571428623,38831.9,0.8425375247805138,141.748,0.5622010316631028
2025-12-03 21:30:00,142.43,143.0,142.39,143.0,48769,2025-12-03 21:44:59.999,6957153.2300,913,47014,6706687.4200,0,60.20202020202014,0.2644545293278213,0.08378244806521844,0.18067208126260287,142.64388619414757,141.4765,140.3091138058524,0.6635714285714341,25165.35,0.8818342151675485,142.108,0.6861996793962474
2025-12-03 21:45:00,143.01,146.0,142.75,145.53,2246202,2025-12-03 21:59:59.999,323182382.2000,1324,2240054,322302328.5700,0,81.87221396731053,0.5426976040942577,0.1755654792710263,0.36713212482323143,143.82521157830834,141.72,139.61478842169166,0.8321428571428616,136036.8,3.1469274930895157,142.968,1.5103542630802271
2025-12-03 22:00:00,145.53,145.7,143.87,144.57,96099,2025-12-03 22:14:59.999,13881714.7400,1074,24626,3551337.3000,0,69.63788300835648,0.6779285304315295,0.276038089503127,0.4018904409284024,144.33004580932973,141.892,139.45395419067026,0.9178571428571465,140367.5,2.3504424778761015,143.55,1.4393227574124503
2025-12-03 22:15:00,144.54,144.59,143.64,143.64,45432,2025-12-03 22:29:59.999,6545681.6500,676,9283,1341024.5900,0,67.11409395973139,0.7019649709472731,0.3612234657919563,0.34074150515531676,144.53685657719936,142.0315,139.52614342280063,0.9121428571428619,141958.85,1.8723404255319054,143.834,1.2371863238840601
2025-12-03 22:30:00,143.63,144.47,143.12,143.9,178531,2025-12-03 22:44:59.999,25681409.7200,858,128557,18512537.0500,0,67.54966887417214,0.7335380799445375,0.4356863886224726,0.29785169132206485,144.7767138352508,142.149,139.5212861647492,0.9335714285714322,146339.4,1.8616833014794332,144.128,0.9648160446458979
2025-12-03 22:45:00,143.96,144.64,143.88,144.34,5614,2025-12-03 22:59:59.999,809293.3100,608,2290,330503.9700,0,71.57622739018079,0.7850151530342089,0.5055521415048199,0.279463011529389,145.07214525035303,142.274,139.47585474964697,0.9128571428571449,145547.4,2.216556901069326,144.39600000000002,0.7309103912289964
2025-12-03 23:00:00,144.35,145.27,143.88,145.19,193687,2025-12-03 23:14:59.999,28095468.5600,971,191212,27736512.3500,0,73.55769230769218,0.8842064193804333,0.5812829970799426,0.30292342230049074,145.51538998026763,142.434,139.35261001973237,0.9771428571428596,154848.55,3.000851305334839,144.328,0.6037963232799877
2025-12-03 23:15:00,145.15,145.33,144.81,144.89,14902,2025-12-03 23:29:59.999,2161595.2800,750,5541,804590.6000,0,71.49532710280354,0.9279123241316825,0.6506088624902906,0.27730346164139186,145.82967206772514,142.6165,139.40332793227486,0.990000000000005,154666.85,2.6133144475920664,144.392,0.65097619004578
2025-12-03 23:30:00,144.89,145.31,144.54,145.17,54255,2025-12-03 23:44:59.999,7863125.3300,785,36107,5237071.5600,0,74.50523864959234,0.9739165250150279,0.7152703949952381,0.25864613001978976,146.1662563890888,142.7875,139.4087436109112,1.0107142857142901,156814.6,2.7897755434397777,144.698,0.5627343956138999
2025-12-03 23:45:00,145.17,145.32,144.64,144.64,14340,2025-12-03 23:59:59.999,2081856.7100,575,9551,1387947.0400,0,69.36936936936925,0.9565817362482676,0.7635326632458441,0.19304907300242347,146.3412670136312,142.965,139.5887329863688,1.0328571428571476,157207.2,2.1036284060426302,144.846,0.3618425071866942
2025-12-04 00:00:00,144.65,145.32,143.87,143.98,100334,2025-12-04 00:14:59.999,14472368.9100,754,1741,251957.7500,0,64.45846477392212,0.8794495600207597,0.7867160426008274,0.0927335174199323,146.4058019805872,143.1015,139.79719801941278,1.1100000000000034,161837.05,1.2375193362396224,144.77399999999997,0.49792569727526165
2025-12-04 00:15:00,143.98,144.36,143.87,144.13,7496,2025-12-04 00:29:59.999,1079851.1700,595,4152,598415.5100,0,63.38028169014078,0.8209619625773428,0.7935652265961306,0.027396735981212172,146.43734518249252,143.25799999999998,140.07865481750744,1.09571428571429,161881.1,1.1935687706241582,144.56199999999998,0.5021653114331486
2025-12-04 00:30:00,144.05,144.34,143.75,144.34,8518,2025-12-04 00:44:59.999,1225267.6000,578,1478,212951.0400,0,61.936936936936895,0.782534791217671,0.7913591395204388,-0.008824348302767793,146.4812661491538,143.4115,140.34173385084617,1.0650000000000037,161463.2,0.9370629370629395,144.452,0.47166725560144007
2025-12-04 00:45:00,144.34,145.19,143.75,145.0,257793,2025-12-04 00:59:59.999,37290427.5200,789,256248,37066569.5000,0,63.77277599142541,0.7961598302809421,0.7923192776725395,0.0038405526084025476,146.56463858865658,143.601,140.63736141134342,1.1485714285714315,173996.6,-0.3641860784717935,144.41799999999998,0.40892542108133806
2025-12-04 01:00:00,145.0,146.14,144.75,146.14,739294,2025-12-04 01:14:59.999,107766562.7900,948,736622,107378905.0100,0,65.85858585858574,0.8887018428771682,0.8115957907134653,0.07710605216370292,146.75645881796606,143.85999999999999,140.9635411820339,1.2042857142857153,210684.85,1.0859791104655137,144.71800000000002,0.885279616848234
2025-12-04 01:15:00,146.14,146.55,145.18,145.19,228634,2025-12-04 01:29:59.999,33411144.4400,988,196018,28670111.4100,0,47.95673076923076,0.8752951365878516,0.8243356598883426,0.050959476699509065,146.7249631275208,144.0595,141.39403687247923,1.0700000000000014,221629.4,1.0790866054024029,144.95999999999998,0.7937568897384645
2025-12-04 01:30:00,145.19,145.56,145.1,145.33,13550,2025-12-04 01:44:59.999,1968073.5200,620,4974,722916.1300,0,55.06666666666678,0.8659845246907025,0.8326654328488146,0.03331909184188797,146.62714325657862,144.2645,141.90185674342138,0.9721428571428602,222164.2,0.9937456567060505,145.2,0.6481126445361163
2025-12-04 01:45:00,145.3,145.58,144.1,144.1,78220,2025-12-04 01:59:59.999,11303798.3600,1029,1174,170201.3100,0,52.948717948717984,0.7507014581081535,0.8162726379006825,-0.06557117979252902,146.41061020085974,144.38649999999998,142.36238979914023,1.0100000000000031,225563.65,-0.16627407510046355,145.152,0.7312797002567072
2025-12-04 02:00:00,144.11,144.82,144.03,144.82,9094,2025-12-04 02:14:59.999,1312203.1900,648,4887,706087.8400,0,55.56900726392242,0.7092608622601801,0.7948702827725821,-0.08560942051240195,146.27071627423845,144.5165,142.76228372576156,0.970000000000003,217656.45,-0.25483848749914223,145.11599999999999,0.7449362388872576
2025-12-04 02:15:00,144.82,145.5,144.03,145.37,81540,2025-12-04 02:29:59.999,11842776.4200,686,79789,11588356.7300,0,56.15292712066904,0.7125850579660948,0.7784132378112847,-0.06582817984518985,146.15451554934265,144.6635,143.17248445065735,1.0207142857142892,221115.2,0.33128580302299554,144.962,0.5284600268774332
2025-12-04 02:30:00,145.37,145.84,145.16,145.65,5277,2025-12-04 02:44:59.999,767288.9000,590,1897,276165.5100,0,52.948717948717984,0.729405039696104,0.7686115981882486,-0.039206558492144605,146.12698143447133,144.796,143.46501856552865,0.970000000000003,218940.6,0.3306468278570078,145.054,0.6115799211938022
2025-12-04 02:45:00,145.63,145.84,145.16,145.51,11466,2025-12-04 02:59:59.999,1668920.0300,607,3406,496726.0900,0,54.05759162303665,0.723102688747332,0.7595098163000654,-0.036407127552733454,146.12368752017767,144.79500000000002,143.46631247982236,0.9814285714285741,107203.8,0.6014933628318616,145.09,0.6366710296593203
2025-12-04 03:00:00,145.51,145.84,145.13,145.13,6544,2025-12-04 03:14:59.999,952167.1100,548,2641,384983.5700,0,49.741602067183514,0.6796110726051552,0.7435300675610834,-0.06391899495592823,146.1553204924855,144.82299999999998,143.49067950751447,0.9771428571428596,102726.05,0.7987220447284384,145.296,0.3281463088436621
2025-12-04 03:15:00,145.16,145.84,144.67,144.68,66740,2025-12-04 03:29:59.999,9669360.1200,1007,699,101765.6000,0,50.261096605744264,0.6018941531478106,0.715202884678429,-0.11330873153061838,146.08882388385317,144.875,143.66117611614683,1.0121428571428603,103791.45,0.3815999444945614,145.268,0.380683595664005
2025-12-04 03:30:00,144.68,144.74,144.35,144.59,13932,2025-12-04 03:44:59.999,2014378.3000,606,1913,276855.0800,0,54.30183356840628,0.5269661489787438,0.677555537538492,-0.15058938855974813,146.04322186320874,144.90949999999998,143.77577813679122,0.9364285714285765,95561.5,0.1732021615629763,145.11200000000002,0.4762562335628405
2025-12-04 03:45:00,144.56,144.83,144.35,144.59,4542,2025-12-04 03:59:59.999,656990.7300,514,1703,246625.8600,0,53.31412103746402,0.4622565599690347,0.6344957420246006,-0.17223918205556588,146.0345996111344,144.922,143.80940038886558,0.9357142857142914,95507.9,-0.2827586206896528,144.9,0.40792156109620886
2025-12-04 04:00:00,144.62,144.83,144.33,144.5,8297,2025-12-04 04:14:59.999,1198127.5900,557,1662,240195.8800,0,51.173020527859215,0.3991107958164548,0.5874187527829714,-0.1883079569665166,146.00787352792048,144.8875,143.7671264720795,0.9292857142857197,86238.4,-1.1222115779389534,144.698,0.24973986467299555
2025-12-04 04:15:00,144.33,144.69,144.13,144.24,9981,2025-12-04 04:29:59.999,1440519.4800,544,3100,448391.5800,0,44.08099688473529,0.32434860685569333,0.5348047235975159,-0.21045611674182252,146.01217441707757,144.85500000000002,143.69782558292246,0.8664285714285772,85992.35,-0.6543150354707546,144.52,0.16896745250679304
2025-12-04 04:30:00,144.23,144.69,144.0,144.0,9811,2025-12-04 04:44:59.999,1414301.8400,636,955,138080.3100,0,30.61594202898577,0.24293266271999414,0.4764303114220115,-0.23349764870201734,146.00383329456722,144.7965,143.5891667054328,0.816428571428578,83770.15,-0.9151586045551588,144.38400000000001,0.25812787529913583
2025-12-04 04:45:00,144.0,144.69,143.71,144.09,26642,2025-12-04 04:59:59.999,3831960.7100,807,2711,390585.0800,0,38.197424892704056,0.18355626588754603,0.4178555023151184,-0.2342992364275724,146.01575410143047,144.76899999999998,143.52224589856948,0.7885714285714341,84385.25,-0.006939625260229636,144.28400000000002,0.25520579931950316
2025-12-04 05:00:00,144.09,144.1,143.7,143.98,9556,2025-12-04 05:14:59.999,1374308.6500,622,2286,329114.6700,0,35.42116630669538,0.12616955878644376,0.35951831360938347,-0.2333487548229397,146.0157541014305,144.769,143.5222458985695,0.7842857142857197,79846.35,-0.58003038254385,144.16199999999998,0.21498837179284172
2025-12-04 05:15:00,144.05,144.05,143.45,143.45,10634,2025-12-04 05:29:59.999,1527230.8800,826,1277,183734.9500,0,41.73027989821883,0.037491431470385805,0.29511293718158393,-0.25762150571119813,146.08771267418754,144.735,143.38228732581248,0.7214285714285771,80003.25,-1.320767696223441,143.952,0.29878085615689204
2025-12-04 05:30:00,143.87,143.89,143.27,143.27,26903,2025-12-04 05:44:59.999,3857489.1400,659,581,83575.5400,0,27.138643067846957,-0.046771960945022784,0.22673595755626258,-0.27350791850128536,146.1770833222006,144.6815,143.1859166777994,0.7092857142857188,80922.5,-1.6340542396155135,143.75799999999998,0.3711738137390162
2025-12-04 05:45:00,143.27,143.3,142.98,143.19,61238,2025-12-04 05:59:59.999,8764439.2600,848,3282,469737.9700,0,12.67123287671241,-0.11863904091782729,0.1576609578614446,-0.2762999987792719,146.21865443117665,144.59099999999998,142.9633455688233,0.6271428571428633,71094.75,-1.594392137997384,143.596,0.41349727932036084
2025-12-04 06:00:00,143.2,143.37,143.1,143.37,6252,2025-12-04 06:14:59.999,895358.0900,599,3961,567374.2200,0,9.574468085106673,-0.15923417148434282,0.0942819319922871,-0.2535161034766299,145.99432223016623,144.45250000000001,142.9106777698338,0.5978571428571493,34442.65,-1.2127058499276449,143.452,0.3111591232876432
2025-12-04 06:15:00,143.37,143.82,143.09,143.82,6275,2025-12-04 06:29:59.999,899330.8300,591,2169,311309.3300,0,23.00319488817891,-0.1533274028799667,0.04476006501783633,-0.19808746789780304,145.90950802580758,144.384,142.8584919741924,0.6014285714285766,23324.7,-0.5944152612662522,143.42000000000002,0.24433583446783208
2025-12-04 06:30:00,143.82,144.14,143.08,144.04,146776,2025-12-04 06:44:59.999,21143707.8800,693,142726,20562880.5200,0,31.649831649831583,-0.1294024143394381,0.009927569146381435,-0.13932998348581954,145.78448033037392,144.3195,142.8545196696261,0.6264285714285742,29986.0,-0.3803859188049044,143.53799999999998,0.3717122543113971
2025-12-04 06:45:00,144.04,144.14,143.89,143.91,6026,2025-12-04 06:59:59.999,868198.0300,535,2178,313936.9200,0,35.47169811320738,-0.11955346417988721,-0.015968637518872304,-0.10358482666101491,145.7834135089589,144.31,142.83658649104112,0.5607142857142874,26376.3,-0.47029531779514955,143.666,0.36651057284264904
2025-12-04 07:00:00,144.14,144.14,142.62,142.85,83712,2025-12-04 07:14:59.999,11972575.2900,1000,2840,408649.9300,0,25.96685082872918,-0.19503302215537133,-0.05178151444617212,-0.1432515077091992,145.80024031529243,144.2115,142.62275968470757,0.6414285714285707,30107.2,-1.1418685121107306,143.59799999999998,0.4882315024712647
2025-12-04 07:15:00,142.62,143.04,142.6,142.93,8157,2025-12-04 07:29:59.999,1165442.8700,626,3892,556501.8600,0,27.567567567567707,-0.24556506305179937,-0.09053822416729759,-0.15502683888450178,145.6784019710625,144.0895,142.50059802893747,0.6385714285714263,26438.05,-0.9082085413200236,143.51,0.5720576894031045
2025-12-04 07:30:00,142.93,143.35,142.91,143.35,4216,2025-12-04 07:44:59.999,603183.0500,630,3420,489378.7900,0,35.732009925558245,-0.24885295762246074,-0.12220117085833024,-0.1266517867641305,145.41373188576932,143.97449999999998,142.53526811423063,0.6342857142857119,26385.0,-0.45138888888889284,143.416,0.5464247432218666
2025-12-04 07:45:00,143.35,143.46,142.89,143.38,6328,2025-12-04 07:59:59.999,906556.7800,621,3248,465803.3100,0,38.684210526315645,-0.24619984986304644,-0.1470009066592735,-0.09919894320377293,145.1335699776717,143.868,142.6024300223283,0.634999999999999,26128.1,-0.4927475883128655,143.28400000000002,0.42400471696065817
2025-12-04 08:00:00,143.46,143.75,142.6,143.07,67222,2025-12-04 08:14:59.999,9645870.4800,881,58006,8326771.7100,0,37.98449612403093,-0.26604485261722743,-0.1708096958508643,-0.09523515676636313,144.92937469098905,143.76500000000001,142.60062530901098,0.6678571428571425,29162.0,-0.6320322266981502,143.11599999999999,0.24079036526538586
2025-12-04 08:15:00,143.06,143.76,142.93,142.99,6694,2025-12-04 08:29:59.999,958000.0700,713,1179,169153.1400,0,35.75129533678758,-0.28494284790761526,-0.19363632626221453,-0.09130652164540073,144.81005463974702,143.6805,142.55094536025297,0.6571428571428564,26159.7,-0.3206692227256741,143.144,0.20803845799437387
2025-12-04 08:30:00,142.99,143.29,142.73,143.19,6865,2025-12-04 08:44:59.999,980968.8700,668,2193,313636.1200,0,40.0,-0.28054734167747597,-0.21101852934526688,-0.06952881233220909,144.674345556641,143.6105,142.54665444335902,0.6685714285714275,25806.35,-0.05583862636980003,143.196,0.1702351315232993
2025-12-04 08:45:00,143.19,143.24,142.73,142.84,6638,2025-12-04 08:59:59.999,949305.4100,629,1601,229326.4000,0,41.90981432360753,-0.30182667620738357,-0.2291801587176902,-0.07264651748969336,144.53420251496908,143.523,142.5117974850309,0.6621428571428558,25911.15,-0.2444304769886126,143.094,0.20427922068728102
2025-12-04 09:00:00,142.87,143.59,142.73,143.49,90525,2025-12-04 09:14:59.999,12992207.9900,658,88219,12662177.7300,0,52.59433962264151,-0.26320704740652445,-0.23598553645545708,-0.027221510951067368,144.37309337162608,143.4725,142.5719066283739,0.6792857142857157,30022.55,0.08369951872777048,143.11599999999999,0.244703902716405
2025-12-04 09:15:00,143.51,143.6,143.36,143.52,8412,2025-12-04 09:29:59.999,1207191.0300,551,2482,356410.5300,0,53.937947494033594,-0.22755683056931275,-0.23429979527822822,0.006742964708915472,144.2623781609937,143.43649999999997,142.61062183900623,0.673571428571427,29944.1,-0.20859407592823181,143.206,0.30004999584199155
2025-12-04 09:30:00,143.53,143.95,143.44,143.94,7877,2025-12-04 09:44:59.999,1132366.6900,622,5812,835827.7300,0,56.4334085778781,-0.16352823526301563,-0.2201454832751857,0.05661724801217008,144.2511545403364,143.43349999999998,142.61584545966357,0.6907142857142828,29847.4,-0.06942515967786331,143.39600000000002,0.4097926304914066
2025-12-04 09:45:00,143.92,144.02,143.7,143.87,10832,2025-12-04 09:59:59.999,1559242.6300,591,8229,1184838.0500,0,50.617283950617434,-0.11708385734195303,-0.1995331580885392,0.08244930074658616,144.20826479671328,143.4225,142.63673520328675,0.6614285714285708,29056.9,-0.02779514974636373,143.53199999999998,0.4363141070436183
2025-12-04 10:00:00,143.86,144.06,143.69,143.7,9586,2025-12-04 10:14:59.999,1378958.6600,662,4759,685010.9900,0,45.74999999999993,-0.09292277655094949,-0.17821108178102127,0.08528830523007178,144.1617463076341,143.4085,142.6552536923659,0.6121428571428587,29058.4,0.5950297514875704,143.704,0.2018167485753408
2025-12-04 10:15:00,143.7,143.7,143.46,143.62,41422,2025-12-04 10:29:59.999,5947750.9800,725,4607,661646.4600,0,46.329113924050695,-0.07931597220982667,-0.15843205986678235,0.07911608765695569,144.1760326253068,143.41699999999997,142.65796737469316,0.6114285714285715,30597.8,0.4827537955642607,143.73000000000002,0.1737814719858278
2025-12-04 10:30:00,143.63,143.66,143.5,143.59,7494,2025-12-04 10:44:59.999,1075933.0400,671,1395,200394.7600,0,62.671232876712665,-0.07014464718801605,-0.1407745773310291,0.07062993014301305,144.1924762738168,143.433,142.6735237261832,0.5142857142857155,29627.35,0.167422392745036,143.744,0.15436968616144317
2025-12-04 10:45:00,143.58,143.67,143.27,143.29,6542,2025-12-04 10:59:59.999,938459.3000,608,1606,230633.2400,0,55.73248407643297,-0.08609139086397022,-0.12983794003761734,0.04374654917364712,144.19203755313862,143.43800000000002,142.68396244686141,0.5114285714285712,26892.55,-0.06277026084530857,143.61399999999998,0.21125813595074236
2025-12-04 11:00:00,143.27,143.67,143.03,143.25,6364,2025-12-04 11:14:59.999,911989.9100,567,1863,267614.3200,0,48.188405797101524,-0.10079506307886277,-0.12402936464586642,0.02323430156700365,144.19021396783293,143.432,142.67378603216704,0.5257142857142847,26898.15,0.1258125393164233,143.49,0.20530465168911424
2025-12-04 11:15:00,143.27,143.67,142.99,143.26,12215,2025-12-04 11:29:59.999,1749614.0200,608,3318,476690.6800,0,47.810218978102064,-0.11036865170214583,-0.12129722205712232,0.010928570354976491,144.14300074778555,143.404,142.66499925221444,0.5335714285714245,27195.15,0.18882439331420503,143.402,0.18619881848458533
2025-12-04 11:30:00,143.27,143.67,142.74,142.84,6484,2025-12-04 11:44:59.999,926851.5100,625,1819,260176.3600,0,45.964912280701846,-0.15011583764115244,-0.12706094517392835,-0.023054892467224086,144.06008291196395,143.344,142.62791708803604,0.5178571428571368,20180.55,-0.2444304769886126,143.246,0.2670767679990423
2025-12-04 11:45:00,142.84,143.05,142.73,143.0,9417,2025-12-04 11:59:59.999,1345109.0900,603,3906,558336.3000,0,50.17064846416366,-0.1667825407256771,-0.13500526428427811,-0.031777276441398994,143.97785805609846,143.2985,142.61914194390152,0.48142857142856804,20350.1,0.11201344161299116,143.128,0.1986705816285642
2025-12-04 12:00:00,143.05,143.35,142.73,143.07,7797,2025-12-04 12:14:59.999,1115596.4900,680,4085,585029.8300,0,47.85714285714274,-0.17235579766398246,-0.14247537096021898,-0.02988042670376348,143.96498615944805,143.3095,142.65401384055198,0.4857142857142825,16554.35,-0.2927033242734796,143.084,0.1770028248491125
2025-12-04 12:15:00,143.06,143.12,142.35,142.46,87900,2025-12-04 12:29:59.999,12532454.1600,1040,5286,753548.1800,0,43.79084967320257,-0.22341910953684874,-0.15866411867554495,-0.06475499086130379,144.02690698327092,143.286,142.54509301672908,0.5042857142857103,20541.5,-0.7385730211817184,142.92600000000002,0.30096511426462647
2025-12-04 12:30:00,142.48,143.03,142.43,143.03,21254,2025-12-04 12:44:59.999,3033907.3000,838,18951,2705700.0200,0,42.28187919463056,-0.21540980562485856,-0.17001325606540768,-0.04539654955945088,144.01886580905054,143.26999999999998,142.52113419094943,0.48571428571428044,21393.4,-0.6322078643879371,142.88000000000002,0.2504995010059917
2025-12-04 12:45:00,143.03,143.08,142.77,142.83,48914,2025-12-04 12:59:59.999,6989084.4500,838,3729,533303.2300,0,39.04761904761881,-0.22263431332200412,-0.180537467516727,-0.04209684580527712,144.01439786614196,143.2425,142.47060213385805,0.490714285714282,23522.7,-0.7228748175436103,142.87800000000001,0.2509382394220686
2025-12-04 13:00:00,142.83,142.98,142.26,142.26,25598,2025-12-04 13:14:59.999,3645921.2600,833,3002,429014.3900,0,24.545454545454092,-0.2712274824486087,-0.19867547050310339,-0.07255201194550534,144.08849754353975,143.202,142.31550245646025,0.5057142857142826,21441.5,-1.0020876826722325,142.73000000000002,0.35686131760674666
2025-12-04 13:15:00,142.27,142.92,142.24,142.8,19743,2025-12-04 13:29:59.999,2813954.6200,953,9995,1426246.0600,0,35.80901856763927,-0.2631312191437871,-0.21156662023124015,-0.05156459891254697,144.0925321631487,143.19250000000002,142.29246783685136,0.5314285714285651,22093.95,-0.5709511210137816,142.676,0.30988707621316447
2025-12-04 13:30:00,142.8,142.92,142.21,142.23,49411,2025-12-04 13:44:59.999,7036748.8600,1025,3771,538561.8400,0,32.37410071942442,-0.2992594320059254,-0.2291051825861772,-0.07015424941974821,144.14219154602915,143.14450000000002,142.1468084539709,0.5557142857142777,24221.25,-0.9471411658193563,142.63000000000002,0.3625603398110079
2025-12-04 13:45:00,142.22,142.23,141.8,142.18,56460,2025-12-04 13:59:59.999,8017694.2800,904,5226,742217.2600,0,32.60869565217388,-0.32814325197475114,-0.24891279646389203,-0.07923045551085911,144.19183669214118,143.1115,142.03116330785883,0.5692857142857061,26712.35,-0.7746528020098997,142.45999999999998,0.3254996159807287
2025-12-04 14:00:00,142.16,142.57,141.8,142.53,31236,2025-12-04 14:14:59.999,4447183.8500,763,29095,4142610.7100,0,38.11659192825104,-0.31911327329535766,-0.2629528918301852,-0.05616038146517244,144.1582390941116,143.06350000000003,141.96876090588847,0.6128571428571336,23747.9,-0.5026178010471196,142.4,0.26162950904571514
2025-12-04 14:15:00,142.57,142.91,142.42,142.88,39402,2025-12-04 14:29:59.999,5618904.2400,855,24773,3534652.6100,0,45.45454545454546,-0.2804816572554216,-0.2664586449152325,-0.0140230123401891,144.1073061848373,143.0315,141.95569381516268,0.6192857142857073,25297.4,-0.2652519893899173,142.52400000000003,0.3192647803997436
2025-12-04 14:30:00,142.88,142.97,142.41,142.71,17427,2025-12-04 14:44:59.999,2486973.9600,705,7576,1082703.0700,0,44.181034482758655,-0.2605796030103704,-0.2652828365342601,0.004703233523889683,143.96470175375003,142.97,141.97529824624996,0.6135714285714228,25774.9,-0.09101092131055408,142.506,0.30187745858819526
2025-12-04 14:45:00,142.72,142.97,141.53,141.67,93866,2025-12-04 14:59:59.999,13321135.0200,1062,2331,332049.9500,0,35.97883597883592,-0.3249802203054628,-0.27722231328850067,-0.04775790701696214,143.92006951111114,142.85999999999999,141.79993048888883,0.6678571428571384,29926.6,-0.9300699300699388,142.394,0.4807598152960556
2025-12-04 15:00:00,141.66,142.97,141.51,142.97,68538,2025-12-04 15:14:59.999,9770636.8300,976,61535,8774495.0000,0,50.992366412213705,-0.26802936239928954,-0.27538372311065845,0.0073543607113689125,143.80947053439914,142.8235,141.83752946560085,0.7057142857142834,32874.2,-0.0698958551757841,142.552,0.520979846062921
2025-12-04 15:15:00,142.97,143.05,142.27,142.44,16993,2025-12-04 15:29:59.999,2428220.5100,745,11831,1691997.6100,0,45.95375722543352,-0.26263448099248876,-0.2728338746870245,0.010199393694535763,143.6890989172941,142.7645,141.8399010827059,0.7385714285714248,31652.75,-0.014039028499235036,142.53400000000002,0.5234787483783048
2025-12-04 15:30:00,142.44,143.4,142.26,143.25,526233,2025-12-04 15:44:59.999,75362215.2700,884,521339,74662857.5900,0,51.1749347258486,-0.19079935190174524,-0.2564269701299687,0.06562761822822344,143.6191801682706,142.7475,141.87581983172942,0.7757142857142826,57589.7,0.15381388519890854,142.608,0.6044997932206749
2025-12-04 15:45:00,143.25,143.28,142.75,143.15,12798,2025-12-04 15:59:59.999,1830023.6700,850,4884,698943.6300,0,54.825174825174784,-0.14032112424487764,-0.23320580095295046,0.09288467670807282,143.59593402339854,142.7405,141.88506597660145,0.7585714285714248,57902.5,0.22404256808793188,142.696,0.6531309210288423
2025-12-04 16:00:00,143.21,143.25,142.4,142.82,23117,2025-12-04 16:14:59.999,3297384.4300,856,6263,894707.7600,0,48.480463096960875,-0.12549834047672448,-0.2116643088577053,0.08616596838098081,143.54149684047928,142.719,141.8965031595207,0.7764285714285677,58740.15,0.3936454379305513,142.926,0.3180094338291747
2025-12-04 16:15:00,142.82,143.57,142.82,142.99,14851,2025-12-04 16:29:59.999,2129163.0500,865,12253,1757259.4500,0,51.162790697674374,-0.0988936142711907,-0.18911016994040236,0.09021655566921166,143.4989594474223,142.70549999999997,141.91204055257765,0.8078571428571389,58871.95,0.1330532212885138,142.93,0.31882597134543345
2025-12-04 16:30:00,142.99,143.01,142.44,143.0,6926,2025-12-04 16:44:59.999,988976.7900,712,1807,258396.6000,0,55.854430379746866,-0.07612474201019381,-0.16651308435436066,0.09038834234416684,143.51584590254782,142.7135,141.9111540974522,0.7971428571428528,58894.05,0.5413766434648177,143.042,0.16483324908688876
2025-12-04 16:45:00,142.56,143.0,142.31,142.56,63749,2025-12-04 16:59:59.999,9081355.4900,914,23989,3419296.3100,0,48.07073954983916,-0.09251807864887951,-0.15171408321326443,0.059196004564384924,143.48484800220237,142.6915,141.8981519977976,0.7978571428571399,61610.65,0.26726684484456004,142.904,0.22501111084636316
2025-12-04 17:00:00,142.56,142.62,142.11,142.25,5965,2025-12-04 17:14:59.999,849498.9500,731,1649,235123.7900,0,50.16778523489942,-0.12903686856640206,-0.14717864028389196,0.018141771717489902,143.44623798912423,142.6505,141.85476201087576,0.7835714285714265,61519.05,-0.1964498702027651,142.724,0.31926478040024475
2025-12-04 17:15:00,142.25,142.62,142.0,142.03,5728,2025-12-04 17:29:59.999,814797.3800,637,1644,234408.3100,0,48.77650897226749,-0.17372780803378873,-0.15248847383387132,-0.021239334199917415,143.46844593253607,142.629,141.7895540674639,0.7971428571428569,57410.45,-0.5949048152295593,142.56599999999997,0.43454573982925054
2025-12-04 17:30:00,142.03,142.62,141.12,141.34,78451,2025-12-04 17:44:59.999,11096236.5400,1201,2950,417765.7400,0,40.803709428129885,-0.2618050078098406,-0.1743517806290652,-0.08745322718077542,143.53976193324016,142.54450000000003,141.5492380667599,0.8492857142857153,60270.3,-0.9599887884521088,142.236,0.619297989665066
2025-12-04 17:45:00,141.34,142.09,141.12,142.08,80474,2025-12-04 17:59:59.999,11426406.4000,891,75469,10718523.0800,0,44.169096209912695,-0.2687964890268404,-0.19324072230862027,-0.07555576671822012,143.51342357932444,142.507,141.50057642067557,0.8835714285714289,61848.3,0.28940495517754294,142.05200000000002,0.4487426879659275
2025-12-04 18:00:00,142.09,142.1,141.44,141.85,4470,2025-12-04 18:14:59.999,634120.2800,653,1688,239755.9700,0,43.78612716763002,-0.2895585157464211,-0.21250428099618046,-0.07705423475024065,143.53012273883826,142.4865,141.44287726116175,0.8907142857142857,60791.9,-0.7833811289081658,141.91,0.34907019351793417
2025-12-04 18:15:00,141.86,142.11,141.51,142.0,8254,2025-12-04 18:29:59.999,1171263.9000,611,3786,537907.8400,0,52.736318407960276,-0.290559436786026,-0.22811531215414957,-0.06244412463187646,143.50079996728653,142.4465,141.39220003271345,0.8307142857142874,60217.45,-0.30890199382195854,141.85999999999999,0.30306764921806234
2025-12-04 18:30:00,142.0,142.11,140.68,140.9,69397,2025-12-04 18:44:59.999,9796524.1000,900,4580,649814.5600,0,32.24699828473432,-0.37578170327819294,-0.25764859037895826,-0.11813311289923467,143.63959057674333,142.38,141.12040942325666,0.8285714285714302,61216.75,-1.6404886561954584,141.63400000000001,0.5011786108785666
2025-12-04 18:45:00,140.9,141.04,140.35,140.62,31929,2025-12-04 18:59:59.999,4489895.9100,926,6884,968255.7800,0,33.69175627240162,-0.4606050550509053,-0.2982398833133477,-0.1623651717375576,143.7868086887116,142.302,140.81719131128838,0.8221428571428585,59990.2,-1.767376877401328,141.49,0.6787488489875441
2025-12-04 19:00:00,140.62,140.68,139.05,139.05,156149,2025-12-04 19:14:59.999,21843711.1500,1170,8395,1175334.0500,0,16.87697160883306,-0.6470552018238322,-0.36800294701544467,-0.2790522548083876,144.19987278617057,142.12800000000001,140.05612721382946,0.8571428571428571,66235.85,-2.6396863184427826,140.884,1.1844956732723166
2025-12-04 19:15:00,139.11,139.15,137.79,138.58,180858,2025-12-04 19:29:59.999,25034747.4800,1231,23019,3185841.1900,0,15.946348733234217,-0.8232534056849659,-0.459053038749349,-0.36420036693561686,144.48771183875036,141.913,139.33828816124966,0.9164285714285724,73308.65,-3.0841317574655545,140.23,1.4007854939282085
2025-12-04 19:30:00,138.58,139.59,138.57,139.57,266824,2025-12-04 19:44:59.999,37056932.4200,1031,264441,36725168.8700,0,27.951153324287674,-0.8729442673347307,-0.5418312844664254,-0.33111298286830537,144.50324282833986,141.756,139.00875717166014,0.9285714285714306,85778.5,-2.3986013986014036,139.744,0.99630818525136
2025-12-04 19:45:00,139.58,139.81,139.39,139.59,28458,2025-12-04 19:59:59.999,3975479.9500,744,20557,2872611.4900,0,26.454293628808813,-0.9003323296832946,-0.6135314935097993,-0.2868008361734953,144.56540712098428,141.652,138.7385928790157,0.9050000000000031,82508.1,-2.0833333333333326,139.482,0.7607036216545863
2025-12-04 20:00:00,139.6,139.82,139.34,139.53,41164,2025-12-04 20:14:59.999,5743450.2400,753,2234,311905.0700,0,26.134800550206364,-0.9163163405867749,-0.6740884629251945,-0.24222787766158038,144.47092662986478,141.48000000000002,138.48907337013526,0.8985714285714315,81139.4,-1.912126537785588,139.26399999999998,0.4428092139940505
2025-12-04 20:15:00,139.51,139.6,139.2,139.32,11319,2025-12-04 20:29:59.999,1576431.1000,643,2034,283492.1100,0,26.98863636363636,-0.9351492113449069,-0.7263006126091371,-0.20884859873576977,144.42744731921286,141.324,138.22055268078716,0.8778571428571463,80855.7,-1.9080475955784044,139.318,0.42634493077568686
2025-12-04 20:30:00,139.32,139.72,139.29,139.72,7975,2025-12-04 20:44:59.999,1113285.9800,654,5257,734107.9500,0,32.25806451612908,-0.907338506538963,-0.7625081913951024,-0.14483031514386058,144.19067614551042,141.1475,138.1043238544896,0.8721428571428618,54942.8,-1.1461723503608352,139.546,0.14501724034931804
2025-12-04 20:45:00,139.72,140.29,139.48,140.26,79902,2025-12-04 20:59:59.999,11188287.8000,662,78661,11014684.9300,0,38.120805369127474,-0.8321325297646638,-0.7764330590690147,-0.05569947069564907,143.91755223607584,141.003,138.08844776392414,0.8857142857142902,58298.0,-1.2809684684684834,139.68400000000003,0.35288808424027956
2025-12-04 21:00:00,140.27,140.29,140.0,140.12,4294,2025-12-04 21:14:59.999,602040.8600,580,1362,191070.0100,0,41.15942028985509,-0.7748955675652098,-0.7761255607682538,0.0012299932030439553,143.67637544348187,140.868,138.05962455651812,0.7992857142857182,57356.85,-1.219598167077892,139.79000000000002,0.3947150871185013
2025-12-04 21:15:00,140.11,140.29,139.68,139.68,7024,2025-12-04 21:29:59.999,983940.8300,628,2669,374433.2000,0,31.818181818181756,-0.7563207901432349,-0.7721646066432502,0.015843816500015206,143.37098172877683,140.70250000000001,138.0340182712232,0.7735714285714315,56965.5,-1.6338028169014036,139.82,0.3752332607845677
2025-12-04 21:30:00,139.68,140.3,139.43,139.43,13512,2025-12-04 21:44:59.999,1891621.3800,559,8375,1174800.2800,0,31.722054380664687,-0.753091881449194,-0.768350061604439,0.015258180155244938,143.01724476810008,140.524,138.03075523189992,0.788571428571432,57294.8,-1.043293115684882,139.842,0.34017642481373944
2025-12-04 21:45:00,139.43,139.45,138.54,138.65,113636,2025-12-04 21:59:59.999,15787939.3900,1094,1563,217259.5400,0,26.89655172413788,-0.8042020882393217,-0.7755204669314156,-0.02868162130790608,142.76201402837353,140.32850000000002,137.8949859716265,0.8107142857142874,59789.15,-1.4009387000426672,139.628,0.6402889972494298
2025-12-04 22:00:00,138.54,139.16,138.54,139.03,8228,2025-12-04 22:14:59.999,1142790.6100,609,5739,797552.5400,0,35.681470137825315,-0.8047676110721795,-0.7813698957595685,-0.023397715312611034,142.4892495671599,140.16750000000002,137.84575043284013,0.7528571428571443,59902.3,-0.014383315354196497,139.382,0.5690957740119418
2025-12-04 22:15:00,139.08,139.23,138.54,139.15,4964,2025-12-04 22:29:59.999,690183.1800,726,1749,243407.6600,0,38.461538461538424,-0.7864668940771651,-0.7823892954230879,-0.004077598654077197,142.21230669242811,140.0235,137.8346933075719,0.7528571428571443,59864.1,0.41131476403520933,139.18800000000002,0.39258120178875755
2025-12-04 22:30:00,139.16,139.57,138.94,139.55,12250,2025-12-04 22:44:59.999,1708187.9200,687,5121,714056.6300,0,54.80769230769232,-0.7312573078949924,-0.7721628979174688,0.0409055900224764,142.04100485848053,139.934,137.82699514151946,0.6814285714285729,56554.05,-0.014329727018687262,139.162,0.3542880184226667
2025-12-04 22:45:00,139.55,139.6,139.34,139.37,17334,2025-12-04 22:59:59.999,2416457.1300,640,1867,260525.2500,0,58.04480651731153,-0.6940274918503064,-0.7565358167040365,0.06250832485373004,141.65849745330272,139.7985,137.93850254669726,0.6028571428571426,53397.05,-0.15760441292356103,139.15,0.3438022687502767
2025-12-04 23:00:00,139.37,139.6,139.02,139.04,4956,2025-12-04 23:14:59.999,690303.0500,579,1382,192924.8800,0,43.76470588235297,-0.6832744736745724,-0.7418835480981437,0.05860907442357133,141.27403282925823,139.658,138.04196717074174,0.5714285714285694,53421.35,-0.35117895793020076,139.228,0.22609732417253997
2025-12-04 23:15:00,139.03,139.6,138.97,138.98,3618,2025-12-04 23:29:59.999,503096.7900,610,281,39209.1200,0,42.89044289044276,-0.6718494654323308,-0.7278767315649812,0.05602726613265041,140.71431280557448,139.507,138.29968719442553,0.586428571428568,53189.55,-0.24404249210451004,139.21800000000002,0.2378444870035166
2025-12-04 23:30:00,139.04,139.6,138.81,138.9,8871,2025-12-04 23:44:59.999,1232227.9900,641,287,39960.2600,0,42.691415313225114,-0.6616236103658366,-0.7146261073251524,0.053002496959315804,140.4484180615514,139.40699999999998,138.36558193844857,0.6085714285714252,50163.25,-0.5868880618379568,139.168,0.27851391347268434
2025-12-04 23:45:00,138.9,139.6,138.8,138.95,4419,2025-12-04 23:59:59.999,613843.0700,623,678,94314.3200,0,45.54216867469872,-0.6420834263637119,-0.7001175711328643,0.058034144769152474,140.21198244361386,139.32350000000002,138.43501755638619,0.6371428571428522,48787.75,-0.93397975188935,139.048,0.1870026737713665
2025-12-05 00:00:00,138.96,139.12,138.8,138.9,10705,2025-12-05 00:14:59.999,1488196.9700,600,6191,860798.5000,0,39.21052631578944,-0.6234455793379539,-0.6847831727738823,0.061337593435928484,140.21665239511174,139.31599999999997,138.4153476048882,0.6292857142857083,41515.55,-0.8706822723379951,138.954,0.05899152479346973
2025-12-05 00:15:00,138.9,139.46,138.88,139.46,22691,2025-12-05 00:29:59.999,3162387.7500,897,19152,2670263.4100,0,39.52879581151846,-0.5570661199378719,-0.6592397622066803,0.10217364226880843,140.19267482752835,139.35999999999999,138.52732517247162,0.6128571428571377,33607.2,-0.1575028636884299,139.038,0.2383694611262545
2025-12-05 00:30:00,139.45,139.51,139.22,139.51,11236,2025-12-05 00:44:59.999,1565993.7900,1196,5301,739188.2300,0,41.82305630026782,-0.4947224851379133,-0.626336306792927,0.13161382165501367,140.18691692671106,139.35700000000003,138.527083073289,0.6128571428571377,20827.8,0.05737646130673749,139.144,0.31245799717373385
2025-12-05 00:45:00,139.49,139.51,139.14,139.44,5701,2025-12-05 00:59:59.999,794077.6000,828,1333,185840.2800,0,46.428571428571246,-0.4458239395238479,-0.5902338333391112,0.14440989381526326,140.17323922801324,139.3495,138.52576077198677,0.5957142857142819,19689.95,0.5697800216372103,139.252,0.3001166439870126
2025-12-05 01:00:00,139.14,139.61,139.13,139.34,4507,2025-12-05 01:14:59.999,628301.2200,725,2124,296333.8500,0,48.598130841121424,-0.4104097064698067,-0.5542690079652502,0.14385930149544357,140.15934505293424,139.33999999999997,138.5206549470657,0.5678571428571401,17857.1,0.2229734589656925,139.32999999999998,0.24819347291613744
2025-12-05 01:15:00,139.34,139.84,139.33,139.84,18362,2025-12-05 01:29:59.999,2565643.7500,680,15947,2228793.1900,0,70.30716723549519,-0.3381004389035809,-0.5110352941529164,0.1729348552493355,140.21513330425756,139.366,138.51686669574246,0.539285714285711,18209.25,0.4958677685950397,139.518,0.19031552747615602
2025-12-05 01:30:00,139.84,139.92,139.66,139.82,8316,2025-12-05 01:44:59.999,1162840.8200,638,3331,465941.4600,0,65.36964980544752,-0.2791903239853184,-0.46466630011939675,0.18547597613407835,140.2300300527672,139.371,138.5119699472328,0.5135714285714243,18226.3,0.19347903977067846,139.58999999999997,0.2273763400151009
2025-12-05 01:45:00,139.85,140.01,139.69,139.73,16128,2025-12-05 01:59:59.999,2256886.2900,707,12308,1722837.4600,0,61.41732283464552,-0.23703350661077138,-0.4191397414176717,0.1821062348069003,140.11633240611954,139.3445,138.57266759388048,0.4871428571428526,15037.6,0.2583052306809107,139.634,0.22930329260336715
2025-12-05 02:00:00,139.72,140.01,139.26,139.52,6363,2025-12-05 02:14:59.999,888026.5000,583,1532,214476.1400,0,49.361702127659534,-0.21805556129896786,-0.3789229053939309,0.16086734409496306,140.00138388659417,139.3145,138.62761611340585,0.4957142857142815,15141.05,0.34522439585732034,139.65,0.21470910553298667
2025-12-05 02:15:00,139.46,140.01,139.38,139.65,9113,2025-12-05 02:29:59.999,1272694.3800,774,5231,730890.5600,0,56.086956521739346,-0.19033146669514167,-0.3412046176541731,0.15087315095903142,139.9966465691843,139.31300000000002,138.62935343081574,0.5221428571428532,15245.5,0.48208375305800544,139.712,0.1314153720037711
2025-12-05 02:30:00,139.66,140.04,139.57,140.01,16618,2025-12-05 02:44:59.999,2324591.5500,739,14126,1976171.9700,0,70.81545064377771,-0.13772334167282452,-0.3005083624579034,0.1627850207850789,140.0924833530041,139.342,138.59151664699593,0.5142857142857115,15400.8,0.7991360691144601,139.746,0.1842009771932548
2025-12-05 02:45:00,140.04,140.04,139.68,139.73,10130,2025-12-05 02:59:59.999,1415880.5300,718,1943,271693.6800,0,64.70588235294177,-0.11727283526877841,-0.2638612570200784,0.1465884217513,140.0901378597939,139.39600000000002,138.70186214020612,0.49499999999999644,10225.5,0.5613530046779426,139.728,0.17949930361680325
2025-12-05 03:00:00,139.73,139.98,139.67,139.85,9973,2025-12-05 03:14:59.999,1394200.6500,707,5514,771185.9500,0,68.3397683397687,-0.09034126660154129,-0.22915725893637098,0.1388159923348297,140.13695789345473,139.43699999999998,138.73704210654523,0.46071428571428286,10312.75,0.6839452843772416,139.752,0.18766992300035965
2025-12-05 03:15:00,139.87,139.98,138.93,138.95,72178,2025-12-05 03:29:59.999,10051687.7000,1006,1284,179663.5800,0,50.0,-0.14000637643093228,-0.21132708243528325,0.07132070600435098,140.1495714315293,139.427,138.7044285684707,0.4785714285714257,13673.45,-0.3656962569912658,139.638,0.407823491229672
2025-12-05 03:30:00,138.94,138.98,138.64,138.64,47582,2025-12-05 03:44:59.999,6604263.0200,813,1964,272640.9000,0,46.486486486486186,-0.20205161773392888,-0.20947198949501242,0.0074203717610835385,140.18187556972327,139.38150000000002,138.58112443027676,0.4799999999999979,15440.05,-0.6236112106659054,139.43599999999998,0.6035561282916395
2025-12-05 03:45:00,138.64,138.84,138.41,138.48,30069,2025-12-05 03:59:59.999,4167794.1700,783,8167,1133900.7500,0,35.15151515151467,-0.2611235119999833,-0.2198022939960066,-0.0413212180039767,140.23328707805825,139.33700000000002,138.44071292194178,0.46928571428571175,16076.8,-0.6884681583476822,139.12999999999997,0.627176211281835
2025-12-05 04:00:00,138.47,139.0,138.41,138.92,15127,2025-12-05 04:14:59.999,2101390.6300,566,12980,1803723.3400,0,42.00542005420043,-0.2693294290232586,-0.229707721001457,-0.03962170802180162,140.23721015337705,139.331,138.42478984662293,0.490714285714284,16585.35,-0.3014209846418946,138.968,0.5306316990131112
2025-12-05 04:15:00,138.93,139.0,138.62,138.62,6111,2025-12-05 04:29:59.999,848993.6600,563,3507,487470.7400,0,39.54081632653059,-0.2966209089813958,-0.2430903585974448,-0.05353055038395102,140.26186303153307,139.31300000000002,138.36413696846697,0.49142857142856905,16710.0,-0.872425629290617,138.72199999999998,0.20425474289984713
2025-12-05 04:30:00,138.62,139.0,138.13,138.13,21979,2025-12-05 04:44:59.999,3040535.2700,760,1414,196530.7600,0,35.96287703016223,-0.35371114645306534,-0.26521451616856895,-0.08849663028449639,140.34819455618376,139.2745,138.20080544381622,0.5192857142857109,17365.4,-1.208696896009153,138.558,0.2876108481903563
2025-12-05 04:45:00,138.13,139.0,138.08,138.43,5260,2025-12-05 04:59:59.999,727392.8500,681,2218,306889.0900,0,32.84671532846713,-0.37047744479752964,-0.2862671018943611,-0.08421034290316853,140.37896380792634,139.24849999999998,138.11803619207362,0.548571428571425,17407.45,-0.9303657052887591,138.51600000000002,0.28797569341299906
2025-12-05 05:00:00,138.43,138.61,138.36,138.36,14250,2025-12-05 05:14:59.999,1972968.5100,628,4712,652954.2100,0,32.45192307692318,-0.384975513930101,-0.30600878430150913,-0.07896672962859186,140.41125052669386,139.22150000000002,138.03174947330618,0.5478571428571399,17584.7,-0.8314220183486213,138.49200000000002,0.2965973701782461
2025-12-05 05:15:00,138.36,138.61,137.95,138.05,4131,2025-12-05 05:29:59.999,571317.5400,623,912,126409.4400,0,30.821917808219283,-0.41667655938803705,-0.32814233931881476,-0.08853422006922229,140.44387765529382,139.151,137.8581223447062,0.5721428571428565,16656.7,-1.145721446473322,138.31799999999998,0.23058620946694097
2025-12-05 05:30:00,138.07,138.61,137.87,138.0,20292,2025-12-05 05:44:59.999,2807733.2200,686,13444,1863059.6000,0,31.990521327014093,-0.4407537139845772,-0.35066461425196727,-0.09008909973260992,140.45365246272158,139.07549999999998,137.69734753727838,0.5714285714285714,17109.5,-1.435611742018421,138.19400000000002,0.1908664454431603
2025-12-05 05:45:00,138.01,138.01,137.86,137.96,11780,2025-12-05 05:59:59.999,1624435.6100,650,1751,241542.5200,0,29.539951573849876,-0.45778563038942366,-0.3720888174794586,-0.08569681290996506,140.45416760061423,139.0015,137.54883239938576,0.5371428571428558,17413.45,-1.2667286910470064,138.16,0.21828879952037167
2025-12-05 06:00:00,137.96,138.47,137.96,138.46,37262,2025-12-05 06:14:59.999,5151078.5800,834,30994,4285181.0400,0,31.850117096018977,-0.42602675429193937,-0.3828764048419548,-0.04315034944998458,140.42027134234294,138.9575,137.49472865765708,0.5399999999999981,19051.2,-0.993922059349293,138.166,0.22777181563146898
2025-12-05 06:15:00,138.43,138.61,138.37,138.56,11935,2025-12-05 06:29:59.999,1653102.8100,796,9024,1249961.5800,0,35.696821515892594,-0.38831223023504435,-0.38396356992057273,-0.00434866031447162,140.30479690262126,138.8935,137.48220309737872,0.5314285714285713,18729.85,-0.2806765023389611,138.206,0.2815670435191724
2025-12-05 06:30:00,138.56,138.84,138.31,138.67,73577,2025-12-05 06:44:59.999,10192205.9800,1086,17867,2477709.9800,0,35.539215686274375,-0.34556367457525994,-0.3762835908515102,0.03071991627625026,140.18048424859384,138.83599999999998,137.49151575140613,0.5471428571428569,21992.9,0.021638776687825403,138.33,0.3283291031820827
2025-12-05 06:45:00,138.67,138.88,138.59,138.81,6909,2025-12-05 06:59:59.999,958845.2100,873,2938,407980.5400,0,47.89156626506044,-0.296965077695603,-0.3604198882203288,0.06345481052472579,140.0669536116461,138.79,137.51304638835387,0.49285714285714327,21531.95,0.23830155979203677,138.49200000000002,0.3246074552388559
2025-12-05 07:00:00,138.73,140.17,138.73,140.05,1411516,2025-12-05 07:14:59.999,196857620.6300,1115,1406779,196198239.1900,0,66.58823529411794,-0.15658765760250049,-0.31965344209676316,0.16306578449426268,140.17653521625505,138.8165,137.45646478374493,0.5714285714285714,91789.6,0.8134177944140685,138.91000000000003,0.6504229393228761
2025-12-05 07:15:00,140.04,140.3,139.98,140.22,13163,2025-12-05 07:29:59.999,1845219.8400,778,8827,1237685.5600,0,70.42253521126776,-0.03125962012097716,-0.261974677701606,0.23071505758062882,140.29920624034344,138.845,137.39079375965656,0.5635714285714296,91992.1,1.1542345981820765,139.262,0.8040957654396903
2025-12-05 07:30:00,140.22,140.32,139.63,139.7,101116,2025-12-05 07:44:59.999,14154283.4300,1029,3434,481056.9200,0,58.98617511520738,0.025806615741970518,-0.20441841901289068,0.2302250347548612,140.23728998133925,138.8295,137.42171001866075,0.5707142857142864,96217.0,1.1366104394411012,139.49,0.7115827429037636
2025-12-05 07:45:00,139.71,139.73,139.6,139.63,11736,2025-12-05 07:59:59.999,1639064.8800,764,1962,274140.8200,0,62.28710462287089,0.06463849152359558,-0.15060703690559343,0.215245528429189,140.21947557042606,138.8245,137.42952442957395,0.5528571428571435,96297.3,0.8668641190493308,139.682,0.5450412828389897
2025-12-05 08:00:00,139.63,139.63,138.12,138.32,219887,2025-12-05 08:14:59.999,30563934.9000,1388,3549,491665.0400,0,51.926977687626746,-0.010175719662015581,-0.12252077345687787,0.11234505379486229,140.07219747294306,138.748,137.42380252705692,0.5985714285714282,106793.0,-0.02891008962129261,139.584,0.7474824412644095
2025-12-05 08:15:00,138.32,138.47,138.14,138.38,10668,2025-12-05 08:29:59.999,1476208.0000,763,7206,997454.3200,0,49.46695095948815,-0.06388855498224189,-0.1107943297619507,0.04690577477970881,140.04991307395446,138.7195,137.38908692604556,0.5564285714285729,103717.5,0.23904382470118368,139.25,0.8528774824076495
2025-12-05 08:30:00,138.39,138.47,137.86,138.0,26717,2025-12-05 08:44:59.999,3686092.0200,846,2586,357150.6100,0,46.39999999999987,-0.13555657633017404,-0.11574677907559536,-0.01980979725457868,140.05620088231277,138.6875,137.31879911768723,0.5821428571428575,102674.25,0.0,138.80599999999998,0.7977342916016745
2025-12-05 08:45:00,138.0,138.19,137.87,138.14,20933,2025-12-05 08:59:59.999,2889345.5100,893,14823,2046580.8300,0,50.93167701863329,-0.1789938400491735,-0.12839619127031102,-0.0505976487788625,140.05836431916154,138.6705,137.28263568083847,0.5578571428571409,102217.45,0.13047260075382602,138.494,0.6525181989773836
2025-12-05 09:00:00,138.13,138.19,137.48,137.83,10210,2025-12-05 09:14:59.999,1405896.0700,805,1577,217807.2500,0,48.33005893909637,-0.23571541316175626,-0.14986003564860007,-0.0858553775131562,140.04753064933337,138.61599999999999,137.1844693506666,0.5557142857142837,101971.6,-0.4550050556117257,138.134,0.22667156856574744
2025-12-05 09:15:00,137.82,138.19,136.62,136.76,149731,2025-12-05 09:29:59.999,20522560.0100,1180,5329,730197.3400,0,40.19607843137237,-0.3628253019176668,-0.19245308890241344,-0.17037221301525338,140.17771066002555,138.523,136.86828933997444,0.6571428571428564,109152.6,-1.29907621247114,137.82199999999997,0.6269130721204607
2025-12-05 09:30:00,136.77,136.82,136.5,136.58,8220,2025-12-05 09:44:59.999,1123980.7800,670,4758,650877.6700,0,33.79310344827577,-0.47263703468178164,-0.24848987805828715,-0.2241471566234945,140.30964902272555,138.44549999999998,136.5813509772744,0.6435714285714279,108464.65,-1.5071753082858406,137.46200000000002,0.7340435954320964
2025-12-05 09:45:00,136.58,136.82,136.3,136.3,6415,2025-12-05 09:59:59.999,876196.5600,678,2389,326805.8900,0,31.10367892976585,-0.5756218733467335,-0.31391627711597647,-0.26170559623075706,140.4357433394578,138.339,136.2422566605422,0.6635714285714259,108522.4,-1.8082270729774446,137.12199999999999,0.812108367149535
2025-12-05 10:00:00,136.3,136.97,136.25,136.97,10758,2025-12-05 10:14:59.999,1469644.6200,704,5635,771148.8800,0,37.003058103975555,-0.5963009136301309,-0.3703932044188074,-0.22590770921132353,140.4536387559505,138.2695,136.0853612440495,0.6771428571428544,108347.8,-2.1992145662263565,136.888,0.5811798344694039
2025-12-05 10:15:00,136.83,137.61,136.25,137.61,176961,2025-12-05 10:29:59.999,24255554.6600,1059,174752,23952901.1400,0,41.47727272727276,-0.5546528578563823,-0.40724513510632243,-0.14740772275005987,140.44973690106286,138.2475,136.04526309893714,0.7535714285714273,116989.3,-1.8613607188703358,136.844,0.4937914539497433
2025-12-05 10:30:00,137.55,137.83,137.5,137.83,15810,2025-12-05 10:44:59.999,2175610.8400,727,9554,1315052.4200,0,31.561461794019806,-0.49815192688998877,-0.4254264934630558,-0.072725433426933,140.44656498384003,138.239,136.03143501615997,0.6742857142857142,116765.2,-1.3385826771653373,137.05800000000002,0.6541177264026442
2025-12-05 10:45:00,137.83,137.84,137.5,137.66,11516,2025-12-05 10:59:59.999,1586620.2200,627,7551,1040811.3300,0,28.73754152823912,-0.4617691242594617,-0.432695019622337,-0.02907410463712473,140.44359123784986,138.224,136.00440876215012,0.6757142857142843,116752.0,-1.4108715892000279,137.274,0.6348464381206924
2025-12-05 11:00:00,137.67,137.93,137.54,137.79,11914,2025-12-05 11:14:59.999,1642082.3700,683,8881,1224357.9700,0,33.03730017761983,-0.4176313828906757,-0.42968229227600474,0.012050909385329045,140.41531199678414,138.1905,135.96568800321583,0.654285714285714,115484.6,-0.3831694621168314,137.57199999999997,0.34845372719351114
2025-12-05 11:15:00,137.79,137.81,137.33,137.4,90851,2025-12-05 11:29:59.999,12497653.0000,1081,5013,689907.5300,0,31.260504201680632,-0.4094023105033102,-0.4256262959214659,0.016223985418155673,140.3771462621285,138.1325,135.8878537378715,0.6792857142857136,119430.4,-0.7081948258418773,137.65800000000002,0.1702057578203565
2025-12-05 11:30:00,137.33,137.42,136.96,136.98,7338,2025-12-05 11:44:59.999,1007183.3200,650,2860,392919.1100,0,36.758893280632314,-0.4317937516755421,-0.42685978707228117,-0.004933964603260954,140.3343033827288,138.048,135.7616966172712,0.6042857142857129,116118.45,-0.7391304347826161,137.532,0.35138298193706835
2025-12-05 11:45:00,136.98,137.42,136.89,136.95,18148,2025-12-05 11:59:59.999,2488521.4900,743,7429,1020564.3600,0,35.78528827037759,-0.44680933946946766,-0.4308496975517185,-0.01595964191774918,140.26201903808527,137.95499999999998,135.6479809619147,0.6185714285714263,116680.4,-0.8614449109598943,137.356,0.38370561631891825
2025-12-05 12:00:00,136.89,136.9,136.57,136.68,70171,2025-12-05 12:14:59.999,9595410.2800,935,5278,721944.7300,0,36.5853658536585,-0.4750203060946774,-0.4396838192603103,-0.035336486834367076,139.9361562760698,137.7865,135.63684372393018,0.6021428571428556,49613.15,-0.8343611695567044,137.16,0.4362911871609884
2025-12-05 12:15:00,136.68,136.85,136.57,136.71,5849,2025-12-05 12:29:59.999,799832.6000,712,3326,455054.9100,0,35.13513513513527,-0.4893164160592107,-0.44961033862009037,-0.03970607743912036,139.47877548520736,137.61100000000002,135.74322451479267,0.5992857142857133,49247.45,-0.036560397777115346,136.94400000000002,0.288842517635434
2025-12-05 12:30:00,136.72,137.0,136.56,136.7,6528,2025-12-05 12:44:59.999,892770.4000,787,3721,509169.5000,0,37.47228381374702,-0.4957385373584202,-0.4588359783677564,-0.0369025589906638,139.0888355018357,137.46099999999998,135.83316449816428,0.5799999999999983,44518.05,0.08786059452333879,136.804,0.14774978847271408
2025-12-05 12:45:00,136.69,136.85,136.51,136.78,16660,2025-12-05 12:59:59.999,2276419.1200,820,5208,712011.9800,0,50.284090909091056,-0.4887389054719051,-0.4648165637885862,-0.023922341683318915,138.6113837616109,137.31850000000003,136.02561623838915,0.49214285714285616,44764.25,0.3521643433602272,136.76399999999998,0.11058933037893712
2025-12-05 13:00:00,136.78,136.89,136.4,136.59,8973,2025-12-05 13:14:59.999,1227037.8000,661,4430,606301.9300,0,50.14164305948996,-0.49284188441583865,-0.47042162791403674,-0.022420256501801905,138.4732150244123,137.232,135.9907849755877,0.5042857142857124,34218.55,-0.2774330145287256,136.692,0.06833739820578634
2025-12-05 13:15:00,136.59,136.69,136.45,136.68,8697,2025-12-05 13:29:59.999,1187613.0600,702,2683,366694.3900,0,55.6886227544909,-0.48326055014783265,-0.4729894123607959,-0.010271137787036755,138.2858100899788,137.147,136.00818991002117,0.4842857142857144,34120.0,-0.6758229779812562,136.69199999999998,0.06833739820578634
2025-12-05 13:30:00,136.68,136.69,136.0,136.02,36209,2025-12-05 13:44:59.999,4938909.6200,934,6101,833200.3200,0,35.73573573573607,-0.5228961366883027,-0.4829707572262973,-0.03992537946200542,138.21839984170322,137.048,135.8776001582968,0.48214285714285715,34594.6,-1.313211927737069,136.554,0.3060718869698576
2025-12-05 13:45:00,136.0,136.68,135.85,135.9,24684,2025-12-05 13:59:59.999,3358764.5900,739,7047,961104.1800,0,19.572953736654995,-0.5575633781466252,-0.4978892814103629,-0.05967409673626223,138.09506314254514,136.936,135.77693685745487,0.44428571428571423,34782.15,-1.2785122766235586,136.394,0.40407920014894166
2025-12-05 14:00:00,136.36,136.36,135.77,135.78,26336,2025-12-05 14:14:59.999,3586207.1400,784,20274,2762509.9300,0,12.177121771218012,-0.587942973270458,-0.515900019782382,-0.07204295348807599,138.02188723087727,136.83350000000002,135.64511276912276,0.46285714285714213,35588.45,-1.4587415632484149,136.19400000000002,0.4126499727282801
2025-12-05 14:15:00,135.81,136.36,135.28,135.57,62300,2025-12-05 14:29:59.999,8439370.4100,1070,10244,1387816.9400,0,12.000000000000341,-0.6217965822903011,-0.5370793322839659,-0.08471725000633523,138.09017308091805,136.774,135.45782691908195,0.5157142857142857,31216.9,-1.3318777292576511,135.99,0.4199999999908098
2025-12-05 14:30:00,135.57,135.91,134.6,134.62,124339,2025-12-05 14:44:59.999,16786879.7300,1331,8137,1099818.5300,0,5.602240896358978,-0.7170175399863012,-0.573066973824433,-0.1439505661618683,138.3071752301838,136.676,135.0448247698162,0.5814285714285704,37022.85,-1.722879252445602,135.57800000000003,0.5607316648732447
2025-12-05 14:45:00,134.62,134.98,124.9,134.77,224205,2025-12-05 14:59:59.999,29293094.8200,982,7367,992014.4800,0,10.510510510511068,-0.7714839023978755,-0.6127503595391215,-0.15873354285875396,138.43556530097928,136.5995,134.76343469902073,1.2671428571428558,47912.35,-1.5918218327856726,135.32800000000003,0.5921739609194674
2025-12-05 15:00:00,134.7,136.62,134.67,135.7,1340770,2025-12-05 15:14:59.999,181924694.6900,1388,1325344,179827943.2300,0,33.33333333333333,-0.731177104829726,-0.6364357085972424,-0.09474139623248357,138.40565124808353,136.536,134.66634875191647,1.3735714285714298,114412.95,-0.7170032191981403,135.28799999999998,0.5490628379256534
2025-12-05 15:15:00,135.71,136.62,135.29,135.88,64138,2025-12-05 15:29:59.999,8701548.2400,1111,14424,1962575.5200,0,36.59147869674197,-0.6769062280474998,-0.6445298124872939,-0.03237641556020587,138.26934932863526,136.4495,134.62965067136474,1.4307142857142878,108771.8,-0.60712457025822,135.308,0.5727739519138508
2025-12-05 15:30:00,135.88,136.4,135.56,135.62,20618,2025-12-05 15:44:59.999,2804093.0300,1165,9949,1354537.4200,0,36.683417085427166,-0.6474130199925412,-0.6451064539883434,-0.002306566004197763,138.07222820193624,136.339,134.60577179806376,1.4635714285714312,109012.2,-0.7900512070226658,135.318,0.578895500061135
2025-12-05 15:45:00,135.62,135.65,134.71,135.5,80555,2025-12-05 15:59:59.999,10892143.6000,956,3139,424859.4500,0,35.135135135135116,-0.6265005291233479,-0.6413852690153443,0.014884739891996457,137.88502093794042,136.231,134.57697906205956,1.5107142857142881,112464.15,-0.9358093288492477,135.494,0.42764471233883905
2025-12-05 16:00:00,134.85,135.52,133.51,133.6,134937,2025-12-05 16:14:59.999,18108366.4000,1102,7243,975020.3800,0,23.99328859060411,-0.7545434433525884,-0.6640169038827932,-0.09052653946979516,137.8914200658369,136.0215,134.1515799341631,1.6228571428571468,118615.3,-2.189032872098989,135.26,0.9381897462618771
2025-12-05 16:15:00,133.57,134.06,133.34,133.37,28695,2025-12-05 16:29:59.999,3839330.8500,886,21264,2847451.2100,0,22.09492635024546,-0.8646107585652487,-0.7041356748192844,-0.1604750837459643,137.91897217954758,135.82,133.7210278204524,1.6500000000000037,115507.5,-2.4217149546385737,134.794,1.2055621095530638
2025-12-05 16:30:00,133.4,133.4,131.47,131.66,197632,2025-12-05 16:44:59.999,26160419.3900,1350,5684,752764.1100,0,17.693315858453403,-1.077402976939112,-0.77878913524325,-0.298613841695862,138.28672102683672,135.554,132.8212789731633,1.7528571428571484,125022.2,-3.2054109689751606,133.95,1.6503332996666042
2025-12-05 16:45:00,131.66,132.33,131.43,132.13,27754,2025-12-05 16:59:59.999,3659429.7800,920,22246,2934664.1200,0,21.59800249687879,-1.1943495528509231,-0.8619012187647846,-0.3324483340861385,138.35948961057778,135.31300000000002,132.26651038942225,1.8000000000000054,125502.5,-2.774098601913179,133.252,1.4984892391963138
2025-12-05 17:00:00,132.33,132.47,131.93,131.97,22858,2025-12-05 17:14:59.999,3023488.9900,909,14253,1886864.3900,0,23.035952063914678,-1.2851270746866703,-0.9465463899491618,-0.33858068473750846,138.39517118703068,135.0775,131.7598288129693,1.7892857142857193,123136.85,-2.8060097216084863,132.546,0.8774565516228239
2025-12-05 17:15:00,131.97,132.48,131.66,131.73,10667,2025-12-05 17:29:59.999,1408552.7500,841,5417,716153.6200,0,22.67365661861062,-1.3607490410857679,-1.0293869201764831,-0.33136212090928474,138.3702407257466,134.8285,131.28675927425337,1.788571428571432,123377.75,-2.832485063067053,132.172,0.6955717072920115
2025-12-05 17:30:00,131.67,131.88,131.13,131.78,84277,2025-12-05 17:44:59.999,11072518.3200,964,15164,1996880.9200,0,23.544973544973544,-1.400501304890355,-1.1036097971192576,-0.2968915077710974,138.25785676750064,134.5825,130.90714323249938,1.8000000000000032,127265.2,-2.109641955132969,131.85399999999998,0.1924318060626357
2025-12-05 17:45:00,131.74,132.48,131.67,132.09,175682,2025-12-05 17:59:59.999,23219138.7500,925,169633,22418955.3100,0,27.284595300261145,-1.3909567673595689,-1.16107919116732,-0.2298775761922489,138.0314743324594,134.348,130.66452566754063,1.7807142857142881,135216.3,-1.9885731245826272,131.94,0.17972200751351677
2025-12-05 18:00:00,132.09,132.76,131.7,132.49,27630,2025-12-05 18:14:59.999,3656050.2500,881,15470,2051149.6900,0,35.02109704641356,-1.3357186622586994,-1.196007085385596,-0.13971157687310343,137.7568045267955,134.143,130.5291954732045,1.7628571428571453,136149.15,-2.365512159174635,132.012,0.3040065788512223
2025-12-05 18:15:00,132.49,132.77,131.83,132.04,35649,2025-12-05 18:29:59.999,4712081.3900,762,3810,504937.6800,0,31.578947368420998,-1.313116515387577,-1.2194289713859923,-0.09368754400158474,137.43364195111894,133.911,130.38835804888106,1.1100000000000034,137496.75,-2.826022961436564,132.026,0.30319960419639463
2025-12-05 18:30:00,132.04,132.77,131.34,131.35,20769,2025-12-05 18:44:59.999,2737095.0600,683,10195,1345931.9800,0,19.665271966527428,-1.3354867249285576,-1.2426405220945054,-0.0928462028340522,137.23050243678264,133.67749999999998,130.12449756321732,1.0728571428571456,136724.75,-3.148503170623809,131.95,0.4207730979812139
2025-12-05 18:45:00,131.39,132.14,131.16,131.28,26271,2025-12-05 18:59:59.999,3454790.1800,986,12125,1598003.0100,0,17.422096317280634,-1.3433780660227228,-1.262788030880149,-0.0805900351425739,136.99182917334386,133.4465,129.9011708266561,1.047857142857144,136804.1,-3.1143911439114382,131.85,0.5191820489813973
2025-12-05 19:00:00,131.3,132.14,130.74,131.41,96571,2025-12-05 19:14:59.999,12654970.7000,1136,24304,3187641.4600,0,19.62481962481972,-1.3238812185492463,-1.2750066684139685,-0.04887455013527786,136.70580087804976,133.228,129.75019912195026,1.0878571428571422,140315.85,-1.6392215568862258,131.714,0.5295564181315006
2025-12-05 19:15:00,131.41,132.18,131.22,132.18,85751,2025-12-05 19:29:59.999,11308361.1200,915,82139,10831939.1900,0,28.100263852242918,-1.2320944438216088,-1.2664242234954965,0.03432977967388773,136.38274759987263,133.0585,129.7342524001274,1.0892857142857142,141488.4,-0.8922546299767545,131.652,0.4235209557792166
2025-12-05 19:30:00,132.18,132.43,132.11,132.35,22344,2025-12-05 19:44:59.999,2956022.3100,808,20255,2679710.7000,0,39.31623931623935,-1.1325795126951448,-1.2396552813354262,0.10707576864028145,136.1990339337661,132.945,129.6909660662339,0.9685714285714268,136388.65,0.5240771684642243,131.714,0.5086550894115329
2025-12-05 19:45:00,132.31,132.64,132.25,132.43,14238,2025-12-05 19:59:59.999,1884634.4600,620,4612,610932.8900,0,41.75438596491237,-1.0353233186479542,-1.1987888887979319,0.16346557014997765,135.97216150649797,132.828,129.68383849350204,0.9449999999999973,125890.3,0.22704911829259924,131.93,0.5435531252643618
2025-12-05 20:00:00,132.64,132.64,132.02,132.32,6915,2025-12-05 20:14:59.999,914592.2700,635,1386,183763.7000,0,58.048780487804734,-0.9561018182560304,-1.1502514746895516,0.19414965643352122,135.50211837693402,132.65900000000002,129.81588162306602,0.8514285714285664,59197.55,0.26521179055845595,132.138,0.41685728971080027
2025-12-05 20:15:00,132.32,132.72,132.01,132.35,82347,2025-12-05 20:29:59.999,10927615.6100,605,79229,10514811.2500,0,53.00546448087427,-0.880744781558576,-1.0963501360633565,0.21560535450478047,134.8883426688721,132.48250000000002,130.07665733112793,0.8378571428571381,60108.0,0.47065968268428193,132.326,0.0912688335927298
2025-12-05 20:30:00,132.36,132.73,132.0,132.17,13825,2025-12-05 20:44:59.999,1831615.1000,635,8278,1098540.8800,0,52.71739130434762,-0.8260263649829938,-1.042285381847284,0.21625901686429017,134.21024929112434,132.31,130.40975070887566,0.8514285714285664,59768.35,0.2959477917741587,132.32399999999998,0.09528903391983187
2025-12-05 20:45:00,132.17,132.53,132.0,132.43,3683,2025-12-05 20:59:59.999,487365.3100,646,1280,169529.9300,0,59.459459459459495,-0.7530016640763506,-0.9844286382930972,0.23142697421674663,133.32800869889078,132.1565,130.9849913011092,0.8307142857142813,55924.75,0.25740025740026,132.34,0.10677078245196918
2025-12-05 21:00:00,132.49,132.62,132.2,132.62,8886,2025-12-05 21:14:59.999,1177975.4100,612,6363,843695.5000,0,60.93749999999987,-0.6720506686187377,-0.9219530443582254,0.2499023757394877,133.09181648739943,132.1075,131.12318351260055,0.8071428571428539,49622.2,0.09812061287644007,132.378,0.16483324902907334
2025-12-05 21:15:00,132.62,132.83,132.62,132.75,34872,2025-12-05 21:29:59.999,4629023.5500,833,20312,2696077.1700,0,59.01639344262278,-0.5905984565808069,-0.8556821268027418,0.2650836702219349,132.9227741872455,132.07649999999998,131.23022581275447,0.7642857142857115,49931.05,0.5377158436837383,132.464,0.2273323557825638
2025-12-05 21:30:00,132.73,132.84,132.35,132.35,5552,2025-12-05 21:44:59.999,736835.4400,745,1722,228718.7300,0,48.0874316939889,-0.5519609861056836,-0.7949378986633302,0.24297691255764664,132.94190058940384,132.11100000000002,131.2800994105962,0.7235714285714262,40327.05,0.7613247049866769,132.464,0.2273323557825638
2025-12-05 21:45:00,132.35,132.84,131.99,132.29,30063,2025-12-05 21:59:59.999,3971777.0900,863,1516,200514.4500,0,53.82262996941892,-0.5201856347522096,-0.7399874458811062,0.21980181112889663,132.9537429481413,132.119,131.2842570518587,0.7171428571428545,40442.5,0.7693479585618456,132.488,0.192145777954388
2025-12-05 22:00:00,132.33,132.36,131.99,132.13,6589,2025-12-05 22:14:59.999,871256.7000,551,3752,496293.6000,0,64.23357664233558,-0.5021259077971933,-0.6924151382643237,0.1902892304671303,132.95879197804186,132.127,131.29520802195816,0.6414285714285687,39629.05,0.5479035081044051,132.428,0.25223005369221607
2025-12-05 22:15:00,132.14,132.6,131.98,132.6,6924,2025-12-05 22:29:59.999,916620.1400,768,4868,644606.2300,0,71.01910828025437,-0.44476143901133014,-0.642884398413725,0.19812295940239488,133.0058625119154,132.1705,131.3351374880846,0.615714285714284,39441.9,0.3177485247389828,132.424,0.24855582870970588
2025-12-05 22:30:00,132.6,132.65,132.42,132.6,5279,2025-12-05 22:44:59.999,699853.9500,706,2338,310105.1700,0,69.76744186046477,-0.39474926045821235,-0.5932573708226225,0.19850811036441018,133.04665583165996,132.2115,131.37634416834004,0.5321428571428584,35492.0,0.18889308651303363,132.394,0.20452383720610334
2025-12-05 22:45:00,132.6,132.73,132.48,132.73,4471,2025-12-05 22:59:59.999,592997.1400,693,1374,182318.6200,0,61.60337552742564,-0.34069699224184546,-0.5427452951064672,0.20204830286462172,133.10759733857012,132.24349999999998,131.37940266142985,0.4814285714285721,26931.45,0.22653477308765607,132.46999999999997,0.2496998197549573
2025-12-05 23:00:00,132.66,132.73,132.21,132.43,23211,2025-12-05 23:14:59.999,3070522.4200,775,1575,208605.4200,0,51.600000000000236,-0.31839738617784974,-0.4978757133207437,0.17947832714289397,133.10140466493272,132.2405,131.37959533506728,0.49571428571428555,26710.5,0.0831318016928761,132.498,0.2316678656734957
2025-12-05 23:15:00,132.43,132.75,132.43,132.75,9267,2025-12-05 23:29:59.999,1227924.2800,702,6938,919417.0100,0,55.83941605839402,-0.27177065907724796,-0.4526547024720446,0.18088404339479663,133.16032906473467,132.276,131.39167093526535,0.49071428571428605,25391.4,0.30222893842085813,132.622,0.1283354977625128
2025-12-05 23:30:00,132.75,133.04,132.44,132.97,13601,2025-12-05 23:44:59.999,1807661.3100,771,5517,733412.3200,0,61.40350877192994,-0.21459278845335916,-0.4050423196683075,0.19044953121494834,133.1787593449728,132.35700000000003,131.53524065502725,0.48928571428571593,25033.0,0.6052810774003264,132.696,0.19944924162827649
2025-12-05 23:45:00,132.97,133.23,132.92,133.22,26520,2025-12-05 23:59:59.999,3529673.2300,823,17777,2366799.8900,0,64.16938110749196,-0.1474067896631368,-0.3535152136672734,0.2061084240041366,133.1944522089112,132.454,131.7135477910888,0.4607142857142869,25045.45,0.5965415691308555,132.82,0.29478805943649394
2025-12-06 00:00:00,133.22,133.23,132.96,133.08,4471,2025-12-06 00:14:59.999,595023.4500,508,942,125502.6600,0,65.01650165016557,-0.10425642833558868,-0.30366345660093647,0.19940702826534779,133.14737919424755,132.5375,131.92762080575244,0.4278571428571435,20440.45,0.346855677876646,132.89000000000001,0.30927334186196914
2025-12-06 00:15:00,133.08,133.23,132.84,133.03,5646,2025-12-06 00:29:59.999,750869.0200,662,1124,149723.4700,0,60.638297872340466,-0.07324966173041503,-0.25758069762683217,0.18433103589641714,133.20330190369907,132.57999999999998,131.9566980963009,0.4178571428571424,16435.2,0.21092278719397448,133.01,0.17219175353862284
2025-12-06 00:30:00,133.02,133.54,132.84,133.54,8855,2025-12-06 00:44:59.999,1179765.7400,688,5737,765030.0800,0,64.64968152866241,-0.00743809630779424,-0.20755217736302456,0.20011408105523032,133.38547798753825,132.6395,131.89352201246174,0.4378571428571405,15760.75,0.8991310918020384,133.16799999999998,0.22753021774483825
2025-12-06 00:45:00,133.39,133.55,132.83,133.39,10784,2025-12-06 00:59:59.999,1438654.1900,656,6408,855781.1500,0,60.126582278480896,0.032242624137950315,-0.15959321706282958,0.1918358412007799,133.49751299534535,132.6875,131.87748700465465,0.47428571428571126,15588.05,0.8315065386650498,133.252,0.21323695736710027
2025-12-06 01:00:00,133.39,133.55,132.83,133.55,5835,2025-12-06 01:14:59.999,777856.9700,651,2119,282989.9500,0,70.54794520547983,0.07572760312950777,-0.11252905302436211,0.18825665615386988,133.62556986991268,132.749,131.8724301300873,0.490714285714282,15534.05,1.0746991599182745,133.318,0.24893774319558107
2025-12-06 01:15:00,133.55,133.7,132.83,133.66,209867,2025-12-06 01:29:59.999,28041576.0800,813,206914,27647731.8200,0,73.06397306397336,0.11770896726099522,-0.06648144896729064,0.18419041622828586,133.7587005808294,132.8145,131.8702994191706,0.4921428571428521,21910.05,0.7993966817496246,133.434,0.24541801072361283
2025-12-06 01:30:00,133.66,133.71,133.21,133.36,7874,2025-12-06 01:44:59.999,1050428.8800,983,1103,147480.3300,0,69.77491961414847,0.12532731275135234,-0.028119696623562028,0.15344700937491437,133.79693353811953,132.874,131.95106646188046,0.5014285714285661,21612.5,0.5731523378582348,133.5,0.12389511688384718
2025-12-06 01:45:00,133.37,133.71,133.18,133.42,9136,2025-12-06 01:59:59.999,1218374.4400,951,2939,392263.4700,0,65.18518518518545,0.1346541952551661,0.004435081752183605,0.1302191135029825,133.85234251681806,132.92350000000002,131.99465748318198,0.4949999999999944,21885.15,0.5198523318013997,133.47600000000003,0.12581732785120145
2025-12-06 02:00:00,133.43,133.43,132.85,133.04,8736,2025-12-06 02:14:59.999,1162774.4700,755,854,113947.5000,0,57.142857142857274,0.11011367077517775,0.02557079955678244,0.08454287121839531,133.86338891717196,132.9445,132.02561108282805,0.519999999999994,21877.65,0.46062070527824905,133.406,0.2353295561281748
2025-12-06 02:15:00,133.04,133.43,132.85,132.88,12252,2025-12-06 02:29:59.999,1629800.0600,785,7656,1018652.1500,0,52.41157556270112,0.07686837472076036,0.03583031458957803,0.04103806013118233,133.86592651415944,132.951,132.03607348584055,0.5435714285714235,20746.65,0.09792843691148433,133.272,0.3113197712758148
2025-12-06 02:30:00,132.89,133.19,132.85,133.14,8436,2025-12-06 02:44:59.999,1121899.1800,840,3345,445195.6900,0,61.56351791530935,0.07068623821407982,0.04280149931447839,0.027884738899601434,133.86342551077655,132.9905,132.11757448922344,0.5307142857142821,20890.85,0.12784838685416824,133.168,0.22387496507431673
2025-12-06 02:45:00,133.14,133.33,132.85,133.33,6721,2025-12-06 02:59:59.999,895354.2200,910,4403,586667.5900,0,59.86394557823161,0.08019383795144108,0.05027996704187094,0.029913870909570144,133.8619959940149,133.0425,132.22300400598508,0.5421428571428554,19723.75,0.08257018465696865,133.16199999999998,0.21776133721809934
2025-12-06 03:00:00,133.33,133.97,132.84,133.88,166060,2025-12-06 03:14:59.999,22181253.9900,865,158538,21177969.8400,0,63.91437308868516,0.13060356608809798,0.06634468685111636,0.06425887923698162,133.91211588857004,133.13000000000002,132.34788411143,0.5799999999999983,27697.3,0.6011421701232212,133.254,0.38610879294207556
2025-12-06 03:15:00,133.9,133.95,133.5,133.55,13223,2025-12-06 03:29:59.999,1767156.8700,783,734,98297.8700,0,54.92537313432864,0.1422852212824921,0.08153279373739152,0.06075242754510059,133.9392120605278,133.17749999999998,132.41578793947215,0.5899999999999973,28012.25,0.3908892730963017,133.356,0.38279237190332993
2025-12-06 03:30:00,133.55,133.95,133.48,133.75,8099,2025-12-06 03:44:59.999,1083476.6200,696,3819,511515.3400,0,59.824046920821104,0.16577044718940215,0.09838032442779365,0.0673901227616085,133.9867138313255,133.23499999999999,132.48328616867448,0.6042857142857129,28153.25,0.15725625280815334,133.53,0.30141333744163284
2025-12-06 03:45:00,133.75,133.96,133.61,133.65,11930,2025-12-06 03:59:59.999,1596721.8200,834,7129,954857.6000,0,58.959537572254604,0.17430422307441518,0.11356510415711797,0.060739118917297205,134.0149840812813,133.281,132.5470159187187,0.6014285714285705,28526.2,0.19491716020692657,133.632,0.2083746625381723
2025-12-06 04:00:00,133.65,133.65,133.11,133.22,67612,2025-12-06 04:14:59.999,9014467.1900,1006,2286,305162.5000,0,45.266272189349124,0.1447018626074339,0.11979245584718116,0.02490940676025273,133.93733316860397,133.32049999999998,132.703666831396,0.5899999999999993,30746.25,-0.2470984649943935,133.60999999999999,0.2498999799677035
2025-12-06 04:15:00,133.22,133.36,133.11,133.22,7449,2025-12-06 04:29:59.999,992734.2300,925,2901,386809.6500,0,47.36842105263172,0.11986010597252061,0.11980598587224907,5.412010027154579e-05,133.90235849641746,133.344,132.78564150358253,0.5564285714285708,30655.35,-0.3291934759838379,133.478,0.2459064862658355
2025-12-06 04:30:00,133.22,133.45,133.14,133.23,8922,2025-12-06 04:44:59.999,1189886.1900,914,5287,705336.2600,0,44.80519480519428,0.09982898489420222,0.11581058567663971,-0.01598160078243749,133.8902363946945,133.357,132.8237636053055,0.5271428571428568,30421.4,-0.09748050389923806,133.414,0.263495730491951
2025-12-06 04:45:00,133.22,133.45,133.05,133.14,4276,2025-12-06 04:59:59.999,569503.3100,713,757,100973.7500,0,41.50326797385582,0.07581794718447554,0.10781205797820687,-0.03199411079373132,133.89173536125722,133.353,132.8142646387428,0.49357142857142833,29309.2,-0.2098635886673671,133.292,0.2033961651242436
2025-12-06 05:00:00,133.14,133.45,133.14,133.23,7860,2025-12-06 05:14:59.999,1047764.6100,733,3286,438486.0000,0,47.719298245613565,0.06332134559215774,0.09891391550099704,-0.0355925699088393,133.88727669292192,133.3605,132.8337233070781,0.4799999999999999,29478.65,0.1428141912206838,133.208,0.038340578856892626
2025-12-06 05:15:00,133.22,133.45,132.91,133.0,6223,2025-12-06 05:29:59.999,828267.1300,836,1113,148450.0300,0,43.04635761589414,0.03446137174523756,0.08602340674984515,-0.0515620350046076,133.88989398287026,133.35899999999998,132.8281060171297,0.480714285714285,29507.5,0.09030704394943148,133.164,0.09914635639798075
2025-12-06 05:30:00,133.0,133.45,132.91,133.0,6035,2025-12-06 05:44:59.999,802954.2200,863,1836,244493.8300,0,49.24242424242438,0.011457558939326873,0.0711102371877415,-0.05965267824841462,133.87882239972168,133.332,132.7851776002783,0.47785714285714065,29366.5,-0.10515247108306021,133.11999999999998,0.11554220002626145
2025-12-06 05:45:00,132.99,133.45,132.98,133.02,6893,2025-12-06 05:59:59.999,918277.0500,709,2763,368631.0800,0,52.80000000000033,-0.005100500198551572,0.05586808971048288,-0.06096858990903445,133.87684620559986,133.3135,132.75015379440015,0.4699999999999968,29171.95,-0.23250581264531783,133.07799999999997,0.10305338415998579
2025-12-06 06:00:00,133.02,133.35,132.8,132.95,8043,2025-12-06 06:14:59.999,1069263.0400,731,4258,566300.5300,0,45.887445887445935,-0.023599258780052423,0.03997462001237581,-0.06357387879242823,133.8576180879773,133.28349999999998,132.70938191202265,0.4849999999999954,29282.35,-0.6946519270988997,133.04000000000002,0.10931605548477723
2025-12-06 06:15:00,132.95,133.06,132.75,133.06,16510,2025-12-06 06:29:59.999,2193566.6000,866,6080,808475.7800,0,43.94618834080692,-0.02904872195611574,0.0261699516186775,-0.05521867357479324,133.80712061871748,133.25349999999997,132.69987938128247,0.4728571428571371,19614.5,-0.36690378135530444,133.006,0.0397492136611994
2025-12-06 06:30:00,133.06,133.13,132.74,132.88,20384,2025-12-06 06:44:59.999,2712331.6400,912,12460,1658539.2100,0,23.118279569892664,-0.047346179180038916,0.01146672545893421,-0.058812904638973124,133.80487081864032,133.22949999999997,132.65412918135962,0.4199999999999936,20240.0,-0.6504672897196296,132.98200000000003,0.06942621973458206
2025-12-06 06:45:00,132.88,133.13,132.83,132.88,10286,2025-12-06 06:59:59.999,1366708.2900,723,1276,169622.5500,0,28.104575163398593,-0.06114223621668202,-0.0030550668761890397,-0.05808716934049298,133.79076685673462,133.20250000000001,132.6142331432654,0.4092857142857075,20297.5,-0.5761316872428061,132.958,0.08136338234479411
2025-12-06 07:00:00,132.9,133.04,132.85,133.01,8771,2025-12-06 07:14:59.999,1166051.0500,816,3725,495337.0300,0,24.657534246575665,-0.06088396482124381,-0.014620846465199998,-0.04626311835604381,133.79116144088826,133.20099999999996,132.61083855911167,0.3892857142857074,20299.25,-0.15763398889056293,132.956,0.07956129703933039
2025-12-06 07:15:00,133.0,133.1,132.77,132.77,39722,2025-12-06 07:29:59.999,5279925.6900,1054,2985,397155.3300,0,22.500000000000526,-0.07913308022574483,-0.027523293217308974,-0.05160978700843586,133.80013037860533,133.1955,132.5908696213947,0.38785714285713524,21672.75,-0.33778711905118497,132.92000000000002,0.11554220002451275
2025-12-06 07:30:00,132.77,132.9,132.55,132.9,44749,2025-12-06 07:44:59.999,5937993.9800,934,4507,598578.6200,0,37.69230769230806,-0.08215864836057563,-0.038450364245962314,-0.04370828411461331,133.802132617783,133.18349999999998,132.56486738221696,0.37428571428570684,23488.4,-0.2476919612699723,132.88799999999998,0.0852642949096385
2025-12-06 07:45:00,132.9,132.95,132.66,132.66,10312,2025-12-06 07:59:59.999,1370113.8800,879,4804,638643.4700,0,31.818181818181984,-0.10273812597779397,-0.051307916592328646,-0.051430209385465324,133.80662614533122,133.15,132.4933738546688,0.3771428571428491,23667.95,-0.360522757999091,132.844,0.13352902301127959
2025-12-06 08:00:00,132.66,132.95,132.56,132.57,5408,2025-12-06 08:14:59.999,717359.2600,679,275,36558.8500,0,29.629629629630145,-0.12487033065249875,-0.06602039940436269,-0.05884993124813606,133.69419276127712,133.0845,132.47480723872286,0.3828571428571337,15635.35,-0.495383922539966,132.78199999999998,0.1773978578963622
2025-12-06 08:15:00,132.56,132.95,132.3,132.3,9343,2025-12-06 08:29:59.999,1238574.3200,759,2585,343659.4700,0,26.66666666666751,-0.1623258148773914,-0.08528148249896844,-0.07704433237842295,133.68474072091115,133.022,132.35925927908883,0.40071428571427653,15441.35,-0.5263157894736757,132.64000000000001,0.22660538384142104
2025-12-06 08:30:00,132.3,132.95,132.14,132.81,19768,2025-12-06 08:44:59.999,2615155.7600,776,2705,359599.1600,0,40.54054054054082,-0.14913765220597952,-0.09805271644037067,-0.05108493576560885,133.5475474009301,132.975,132.40245259906987,0.43642857142856223,16024.8,-0.14285714285714116,132.648,0.23295922386961856
2025-12-06 08:45:00,132.81,132.95,131.88,131.91,7745,2025-12-06 08:59:59.999,1023371.6900,755,1580,209263.8900,0,31.14186851211076,-0.20890034353513443,-0.12022224185932344,-0.08867810167581099,133.55042298459708,132.88799999999998,132.22557701540288,0.4742857142857052,15815.55,-0.8344609833107905,132.45,0.35433035431008414
2025-12-06 09:00:00,131.92,132.38,131.88,132.3,7001,2025-12-06 09:14:59.999,925139.5900,576,3720,491930.3200,0,39.329268292683196,-0.2222312231401702,-0.14062403811549282,-0.08160718502467737,133.534443423489,132.842,132.14955657651103,0.4714285714285629,12785.0,-0.4889056036103628,132.37800000000001,0.33714981830835183
2025-12-06 09:15:00,132.33,132.38,131.98,132.38,8873,2025-12-06 09:29:59.999,1173581.3700,669,5062,669865.2700,0,40.419161676646496,-0.2237613285499549,-0.15725149620238524,-0.06650983234756966,133.49778597231122,132.8,132.1022140276888,0.46642857142856337,12856.2,-0.5110476476777445,132.34,0.3203903868490323
2025-12-06 09:30:00,132.38,132.61,132.27,132.56,13597,2025-12-06 09:44:59.999,1800494.3700,668,10348,1370468.5100,0,44.3478260869567,-0.20805116807554214,-0.16741143057701663,-0.04063973749852551,133.44131849411266,132.7665,132.09168150588735,0.45142857142856485,13089.95,-0.24081878386513636,132.392,0.3331215993978602
2025-12-06 09:45:00,132.57,132.62,132.31,132.31,5027,2025-12-06 09:59:59.999,666203.7600,637,1988,263616.4200,0,39.55431754874644,-0.21331470425002408,-0.17659208531161813,-0.03672261893840595,133.40517025732083,132.725,132.04482974267916,0.45142857142856485,13127.5,-0.4289584587597781,132.292,0.23763417259553776
2025-12-06 10:00:00,132.42,132.62,132.31,132.61,4446,2025-12-06 10:14:59.999,588962.4500,553,944,125193.2800,0,46.36118598382772,-0.19107599664599206,-0.17948886757849294,-0.011587129067499119,133.33249823805286,132.69400000000002,132.05550176194717,0.4457142857142803,12956.8,-0.30072926847603737,132.43200000000002,0.14411800715202921
2025-12-06 10:15:00,132.61,132.84,132.3,132.42,6663,2025-12-06 10:29:59.999,883222.4500,652,3093,410556.9400,0,44.10256410256401,-0.18663169870384877,-0.18091743380356412,-0.005714264900284649,133.29763858477335,132.66500000000002,132.0323614152267,0.4628571428571381,12978.8,-0.26361376817053755,132.45600000000002,0.12541929670319968
2025-12-06 10:30:00,132.42,132.85,132.29,132.68,4356,2025-12-06 10:44:59.999,577568.1000,569,1393,185008.7800,0,45.90570719603,-0.16028210118560082,-0.17679036727997147,0.016508266094370644,133.26184152669248,132.649,132.03615847330752,0.4892857142857098,12894.85,-0.16553799849510825,132.51600000000002,0.14943225885214836
2025-12-06 10:45:00,132.68,132.85,132.53,132.65,5247,2025-12-06 10:59:59.999,696019.6900,667,917,121792.2600,0,48.42931937172771,-0.14020441536720796,-0.16947317689741878,0.029268761530210824,133.21800050391636,132.6305,132.04299949608367,0.48857142857142477,12812.55,-0.007538067239552922,132.53400000000002,0.16102794784041272
2025-12-06 11:00:00,132.62,132.99,132.62,132.96,21161,2025-12-06 11:14:59.999,2812241.2300,674,18287,2430611.4600,0,50.75000000000002,-0.09814691889562255,-0.15520792529705954,0.05706100640143699,133.2196612822837,132.63100000000003,132.04233871771635,0.48999999999999694,13468.45,0.2941842045711811,132.66400000000002,0.19398453542995778
2025-12-06 11:15:00,132.96,132.99,132.8,132.99,14491,2025-12-06 11:29:59.999,1926225.9300,599,2134,283673.4800,0,54.35356200527715,-0.06168424309714737,-0.1365031888570771,0.07481894575992973,133.2061690718654,132.6275,132.0488309281346,0.48285714285714015,13367.5,0.5215419501133769,132.74,0.2371708244834093
2025-12-06 11:30:00,132.99,133.08,132.8,133.05,10624,2025-12-06 11:44:59.999,1413399.9500,643,7050,938122.6900,0,56.38297872340441,-0.027627340484684737,-0.11472801918259863,0.0871006786979139,133.23492535339898,132.63600000000002,132.03707464660107,0.47499999999999837,12879.5,0.18070928393946922,132.866,0.18662797214352678
2025-12-06 11:45:00,133.05,133.18,133.03,133.13,7040,2025-12-06 11:59:59.999,937153.3900,633,4814,640923.4300,0,61.62464985994359,0.0057520258411329905,-0.0906320101778523,0.09638403601898529,133.27849665830098,132.6485,132.01850334169904,0.43928571428571467,12717.2,0.92487301948298,132.95600000000002,0.1829754081470912
2025-12-06 12:00:00,133.13,133.14,132.71,132.72,4546,2025-12-06 12:14:59.999,604204.8700,651,608,80946.5000,0,48.70317002881841,-0.0008681518333730764,-0.07267923850895645,0.07181108667558338,133.2419265883631,132.634,132.02607341163687,0.41214285714285587,12505.95,0.31746031746030795,132.97000000000003,0.15411035003082585
2025-12-06 12:15:00,132.72,133.14,132.65,132.67,5663,2025-12-06 12:29:59.999,752078.2300,628,1124,149642.6600,0,64.50381679389261,-0.010033611244097074,-0.060150113055984576,0.0501165018118875,133.2338540493783,132.629,132.0241459506217,0.3707142857142835,10803.0,0.21906632421815386,132.912,0.20498780448237125
2025-12-06 12:30:00,132.67,133.14,132.65,132.75,4719,2025-12-06 12:44:59.999,626678.4600,543,890,118435.3600,0,59.74025974025924,-0.01071841720695943,-0.05026377388617955,0.03954535667922012,133.21583377118898,132.62150000000003,132.02716622881107,0.36999999999999644,8801.5,0.14333132166565912,132.864,0.2101903898526295
2025-12-06 12:45:00,132.75,133.14,132.57,132.57,5510,2025-12-06 12:59:59.999,731691.1200,540,1756,233790.5100,0,53.94190871369277,-0.025491773249598282,-0.045309373758863306,0.019817600509265024,133.2114692458044,132.617,132.02253075419557,0.3821428571428527,8561.4,0.1965082004383576,132.76799999999997,0.21358838916522715
2025-12-06 13:00:00,132.57,133.14,132.57,132.79,6367,2025-12-06 13:14:59.999,845758.9400,576,2209,294097.6400,0,54.693877551020066,-0.019225977861367483,-0.040092694579364145,0.020866716717996663,133.2269323834931,132.62800000000001,132.02906761650692,0.39857142857142336,8609.35,0.13573636980618234,132.7,0.08485281366019719
2025-12-06 13:15:00,132.75,133.14,132.65,132.93,4846,2025-12-06 13:29:59.999,644261.1500,621,2630,349830.0600,0,63.247863247862846,-0.0029296882795506463,-0.032660093319401444,0.029730405039850798,133.25203158920618,132.6595,132.06696841079383,0.4114285714285647,8384.5,0.3851381966470468,132.742,0.13461054931224298
2025-12-06 13:30:00,132.94,133.11,132.65,133.08,8380,2025-12-06 13:44:59.999,1114132.1800,609,5885,782628.9000,0,60.73059360730551,0.02183725869514319,-0.021760622916492514,0.043597881611635705,133.2916947210793,132.673,132.0543052789207,0.4221428571428508,7815.1,0.3014772384684999,132.824,0.1923018460294214
2025-12-06 13:45:00,133.07,133.08,132.62,132.87,12872,2025-12-06 13:59:59.999,1709488.8200,709,3420,454941.0400,0,60.180995475113214,0.024240567479381525,-0.012560384837317706,0.036800952316699234,133.22961628592915,132.721,132.21238371407085,0.4164285714285662,8071.45,0.16584998115341038,132.848,0.1882020190815585
2025-12-06 14:00:00,132.88,133.04,132.79,132.79,9953,2025-12-06 14:14:59.999,1322848.9400,701,3916,520890.2400,0,52.70935960591088,0.019465489547002335,-0.006155209960453697,0.025620699507456032,133.2143833319109,132.7455,132.27661666808908,0.3942857142857089,8219.05,-0.12785800240675083,132.892,0.12049896259499437
2025-12-06 14:15:00,132.83,133.58,132.78,133.18,72994,2025-12-06 14:29:59.999,9742570.0400,613,70757,9444914.6100,0,61.0878661087863,0.04661361379319828,0.004398554790276702,0.04221505900292158,133.259563064866,132.7855,132.31143693513403,0.4285714285714245,11425.1,0.14286788480336696,132.97000000000003,0.15827191787124956
2025-12-06 14:30:00,133.12,133.58,132.78,133.58,9986,2025-12-06 14:44:59.999,1333181.4500,571,4950,661202.2400,0,62.499999999999716,0.09926113434170247,0.023371070700561863,0.0758900636411406,133.41612873779738,132.8365,132.25687126220262,0.4592857142857107,11244.55,0.39834648628335295,133.1,0.310724958744766
2025-12-06 14:45:00,133.58,133.77,133.5,133.66,25889,2025-12-06 14:59:59.999,3459713.8800,879,20947,2799521.0900,0,63.24110671936704,0.14575977711513133,0.047848811983475764,0.09791096513165556,133.53740018114138,132.904,132.2705998188586,0.4649999999999973,12287.65,0.3981071133478563,133.21599999999998,0.3975298730752146
2025-12-06 15:00:00,133.65,133.7,132.87,132.91,33119,2025-12-06 15:14:59.999,4417185.7500,871,3085,411670.4800,0,47.82608695652154,0.12070019778244045,0.06241908914326871,0.05828110863917174,133.5371091710731,132.919,132.30089082892692,0.5042857142857103,13721.3,0.1431585292344769,133.224,0.3891400775905981
2025-12-06 15:15:00,132.88,133.45,132.26,132.37,43429,2025-12-06 15:29:59.999,5764563.9900,958,1767,234480.8700,0,39.673913043478564,0.056614200324872854,0.061258111379589544,-0.00464391105471669,133.54344833162114,132.91649999999998,132.28955166837883,0.5785714285714241,15559.6,-0.22612497173436572,133.14000000000001,0.5271147882454381
2025-12-06 15:30:00,132.37,132.57,132.25,132.55,9635,2025-12-06 15:44:59.999,1276357.2300,754,5987,793478.4700,0,47.5362318840582,0.020118171543884955,0.053030123412448636,-0.03291195186856368,133.54983550517335,132.91,132.27016449482664,0.5707142857142823,15823.55,-0.1506591337099726,133.01399999999998,0.5870519568034469
2025-12-06 15:45:00,132.55,132.97,132.25,132.83,9283,2025-12-06 15:59:59.999,1231047.4300,681,6543,867808.2500,0,52.173913043478564,0.01363133222491797,0.0451503651749425,-0.031519032950024534,133.54841576920393,132.919,132.2895842307961,0.5871428571428551,16025.35,0.1961228030474612,132.864,0.49485351366482905
2025-12-06 16:00:00,132.83,133.26,132.77,133.17,13609,2025-12-06 16:14:59.999,1811866.0500,805,11201,1491583.8600,0,55.329949238578486,0.03551621501233626,0.043223535142421256,-0.007707320130084995,133.56872568290112,132.9295,132.29027431709886,0.5871428571428551,15647.75,0.2861661269673887,132.76600000000002,0.31285779515016043
2025-12-06 16:15:00,133.17,133.29,133.07,133.07,7157,2025-12-06 16:29:59.999,953318.2500,697,2482,330770.6800,0,56.476683937823815,0.044280539532252305,0.04343493602038747,0.0008456035118648356,133.575315681031,132.9335,132.29168431896903,0.5621428571428554,15281.05,0.10531858873090075,132.798,0.33840803770934064
2025-12-06 16:30:00,133.07,133.34,132.9,133.33,11341,2025-12-06 16:44:59.999,1510690.1600,705,8739,1164313.8100,0,56.92307692307713,0.07138329475975524,0.04902460776826103,0.022358686991494216,133.6118358377051,132.9475,132.2831641622949,0.5528571428571415,15316.9,0.18785692816351066,132.99,0.30561413577695506
2025-12-06 16:45:00,133.31,133.39,132.87,132.91,11097,2025-12-06 16:59:59.999,1478266.8900,514,3874,516696.8500,0,49.760765550239114,0.05829988880111614,0.050879663974832054,0.007420224826284086,133.59537543747012,132.9365,132.27762456252987,0.5549999999999987,15519.75,0.030104613532017793,133.062,0.2002997753040437
